o universal_adapter
v -11.667262077331543 11.667262077331543 -1.8034344791762046e-23
v -12.405356407165527 10.879205703735352 3.646255126742193e-24
v -10.879205703735352 12.405356407165527 -1.8113579558804255e-23
v -15.624346733093262 5.303750991821289 3.814801570029904e-24
v -15.937776565551758 4.270514011383057 1.0518915068236685e-23
v -16.18295669555664 3.2189903259277344 3.874844534539444e-24
v -16.358840942382812 2.153682231903076 -6.274646182921336e-24
v -16.464672088623047 1.0791516304016113 -3.716352320704001e-25
v -16.5 2.0206671876515188e-15 4.203877176094415e-39
v -14.289419174194336 8.25 -7.73540358694624e-24
v -13.71924877166748 9.166909217834473 1.544567879861757e-23
v -13.090330123901367 10.044563293457031 2.1541266966689125e-24
v -14.798399925231934 7.297763347625732 -1.276353357706531e-23
v -15.244011878967285 6.314276695251465 -7.535402892784652e-24
v -5.303750991821289 15.624346733093262 3.8700824967989866e-23
v -10.044563293457031 13.090330123901367 2.179013996051187e-23
v -9.166909217834473 13.71924877166748 2.5332780968366453e-24
v -8.25 14.289419174194336 -2.018662555391274e-23
v -7.297763347625732 14.798399925231934 5.121183391410216e-23
v -6.314276695251465 15.244011878967285 -2.1461099766056945e-23
v -4.270514011383057 15.937776565551758 -3.6713283606398285e-23
v -3.2189903259277344 16.18295669555664 3.393083550960808e-23
v -2.153682231903076 16.358840942382812 4.2102131289482335e-23
v -1.0791516304016113 16.464672088623047 -2.1059558521246777e-23
v -2.0250000953674316 3.5074028968811035 1.0113586305005324e-24
v -16.464672088623047 -1.0791516304016113 3.716352320704001e-25
v -16.358840942382812 -2.153682231903076 6.274646182921336e-24
v -16.18295669555664 -3.2189903259277344 -3.874844534539444e-24
v -15.937776565551758 -4.270514011383057 -1.0518915068236685e-23
v -15.624346733093262 -5.303750991821289 -3.814801570029904e-24
v -15.244011878967285 -6.314276695251465 7.535402892784652e-24
v -14.798399925231934 -7.297763347625732 1.276353357706531e-23
v -14.289419174194336 -8.25 7.73540358694624e-24
v -13.71924877166748 -9.166909217834473 -1.544567879861757e-23
v -13.090330123901367 -10.044563293457031 -2.1541266966689125e-24
v -12.405356407165527 -10.879205703735352 -3.646255126742193e-24
v -11.667262077331543 -11.667262077331543 1.8034344791762046e-23
v -10.879205703735352 -12.405356407165527 1.8113579558804255e-23
v -4.050000190734863 -4.959819422097685e-16 1.1368061817804365e-39
v -2.0250000953674316 -3.5074028968811035 -1.0113586305005324e-24
v -10.044563293457031 -13.090330123901367 -2.179013996051187e-23
v -9.166909217834473 -13.71924877166748 -2.5332780968366453e-24
v -8.25 -14.289419174194336 2.018662555391274e-23
v -7.297763347625732 -14.798399925231934 -5.121183391410216e-23
v -6.314276695251465 -15.244011878967285 2.1461099766056945e-23
v -5.303750991821289 -15.624346733093262 -3.8700824967989866e-23
v -4.270514011383057 -15.937776565551758 3.6713283606398285e-23
v -3.2189903259277344 -16.18295669555664 -3.393083550960808e-23
v -2.153682231903076 -16.358840942382812 -4.2102131289482335e-23
v -1.0791516304016113 -16.464672088623047 2.1059558521246777e-23
v -3.0310008873563965e-15 -16.5 1.547080717389248e-23
v -13.366279602050781 10.256306648254395 3.299999952316284
v -13.504253387451172 10.362177848815918 3.4000000953674316
v -11.667262077331543 11.667262077331543 3.0999999046325684
v -12.405356407165527 10.879205703735352 3.0999999046325684
v -10.879205703735352 12.405356407165527 3.0999999046325684
v -10.256306648254395 13.366279602050781 3.299999952316284
v -10.362177848815918 13.504253387451172 3.4000000953674316
v -11.790237426757812 11.790237426757812 3.200000047683716
v -11.913211822509766 11.913211822509766 3.299999952316284
v -12.536111831665039 10.993874549865723 3.200000047683716
v -12.666866302490234 11.108543395996094 3.299999952316284
v -12.036187171936035 12.036187171936035 3.4000000953674316
v -12.79762077331543 11.223212242126465 3.4000000953674316
v -10.993874549865723 12.536111831665039 3.200000047683716
v -11.108543395996094 12.666866302490234 3.299999952316284
v -11.223212242126465 12.79762077331543 3.4000000953674316
v -13.642228126525879 10.468050003051758 3.5
v -13.780202865600586 10.573921203613281 3.5999999046325684
v -12.928376197814941 11.337881088256836 3.5
v -13.059130668640137 11.452549934387207 3.5999999046325684
v -13.189885139465332 11.567218780517578 3.700000047683716
v -13.320639610290527 11.68188762664795 3.799999952316284
v -13.918177604675293 10.679792404174805 3.700000047683716
v -14.056151390075684 10.785664558410645 3.799999952316284
v -12.897012710571289 12.897012710571289 4.099999904632568
v -13.019988059997559 13.019988059997559 4.199999809265137
v -14.19412612915039 10.891535758972168 3.9000000953674316
v -14.332100868225098 10.997406959533691 4
v -14.470075607299805 11.103279113769531 4.099999904632568
v -14.608049392700195 11.209150314331055 4.199999809265137
v -13.582149505615234 11.911225318908691 4
v -13.451395034790039 11.79655647277832 3.9000000953674316
v -13.71290397644043 12.025894165039062 4.099999904632568
v -13.843659400939941 12.140563011169434 4.199999809265137
v -11.567218780517578 13.189885139465332 3.700000047683716
v -11.68188762664795 13.320639610290527 3.799999952316284
v -11.337881088256836 12.928376197814941 3.5
v -11.452549934387207 13.059130668640137 3.5999999046325684
v -10.468050003051758 13.642228126525879 3.5
v -10.573921203613281 13.780202865600586 3.5999999046325684
v -10.679792404174805 13.918177604675293 3.700000047683716
v -10.785664558410645 14.056151390075684 3.799999952316284
v -12.282136917114258 12.282136917114258 3.5999999046325684
v -12.159162521362305 12.159162521362305 3.5
v -12.405112266540527 12.405112266540527 3.700000047683716
v -12.528087615966797 12.528087615966797 3.799999952316284
v -11.79655647277832 13.451395034790039 3.9000000953674316
v -11.911225318908691 13.582149505615234 4
v -12.025894165039062 13.71290397644043 4.099999904632568
v -12.140563011169434 13.843659400939941 4.199999809265137
v -10.891535758972168 14.19412612915039 3.9000000953674316
v -10.997406959533691 14.332100868225098 4
v -11.103279113769531 14.470075607299805 4.099999904632568
v -11.209150314331055 14.608049392700195 4.199999809265137
v -12.651062965393066 12.651062965393066 3.9000000953674316
v -12.77403736114502 12.77403736114502 4
v -15.624346733093262 5.303750991821289 3.0999999046325684
v -15.565361976623535 6.447383880615234 3.299999952316284
v -15.40468692779541 6.38083028793335 3.200000047683716
v -15.789031028747559 5.359653472900391 3.200000047683716
v -15.953714370727539 5.415555953979492 3.299999952316284
v -15.726036071777344 6.513937950134277 3.4000000953674316
v -16.118396759033203 5.471458911895752 3.4000000953674316
v -15.937776565551758 4.270514011383057 3.0999999046325684
v -16.18295669555664 3.2189903259277344 3.0999999046325684
v -16.358840942382812 2.153682231903076 3.0999999046325684
v -16.464672088623047 1.0791516304016113 3.0999999046325684
v -16.5 2.2104874828894443e-15 3.0999999046325684
v -16.694671630859375 3.3207767009735107 3.4000000953674316
v -16.105762481689453 4.315526008605957 3.200000047683716
v -16.27375030517578 4.360538005828857 3.299999952316284
v -16.35352897644043 3.2529191970825195 3.200000047683716
v -16.524099349975586 3.2868478298187256 3.299999952316284
v -16.44173812866211 4.405550003051758 3.4000000953674316
v -16.703691482543945 2.199082612991333 3.299999952316284
v -16.673913955688477 2.231721116569452e-15 3.200000047683716
v -16.81175422668457 1.101900577545166 3.299999952316284
v -16.84782600402832 2.25282578948324e-15 3.299999952316284
v -16.876115798950195 2.221782684326172 3.4000000953674316
v -16.985294342041016 1.1132750511169434 3.4000000953674316
v -17.021739959716797 2.273801289872572e-15 3.4000000953674316
v -16.531265258789062 2.176382303237915 3.200000047683716
v -16.638212203979492 1.0905261039733887 3.200000047683716
v -15.734267234802246 7.759282112121582 3.700000047683716
v -15.89024543762207 7.8362016677856445 3.799999952316284
v -16.777132034301758 5.695068836212158 3.799999952316284
v -16.047386169433594 6.647045135498047 3.5999999046325684
v -15.422311782836914 7.605442523956299 3.5
v -15.886711120605469 6.580491542816162 3.5
v -15.578289985656738 7.6823625564575195 3.5999999046325684
v -16.2830810546875 5.5273613929748535 3.5
v -16.447765350341797 5.583263874053955 3.5999999046325684
v -16.20806121826172 6.713598728179932 3.700000047683716
v -16.36873435974121 6.780152320861816 3.799999952316284
v -16.61244773864746 5.639166355133057 3.700000047683716
v -15.644937515258789 9.032608985900879 4
v -16.046222686767578 7.913121700286865 3.9000000953674316
v -16.20220184326172 7.990041255950928 4
v -15.49432373046875 8.94565200805664 3.9000000953674316
v -15.795550346374512 9.1195650100708 4.099999904632568
v -15.946163177490234 9.206521987915039 4.199999809265137
v -16.358179092407227 8.066961288452148 4.099999904632568
v -16.514156341552734 8.143880844116211 4.199999809265137
v -16.69008445739746 6.913259506225586 4
v -16.941814422607422 5.75097131729126 3.9000000953674316
v -17.10649871826172 5.806873798370361 4
v -16.850759506225586 6.979813098907471 4.099999904632568
v -17.01143455505371 7.0463666915893555 4.199999809265137
v -17.43586540222168 5.9186787605285645 4.199999809265137
v -17.271183013916016 5.862776279449463 4.099999904632568
v -16.529409408569336 6.846705913543701 3.9000000953674316
v -18.059242248535156 3.5922067165374756 4.199999809265137
v -18.026538848876953 1.1815217733383179 4
v -18.065217971801758 2.3969435750191125e-15 4
v -18.083091735839844 2.3806841373443604 4.099999904632568
v -18.255517959594727 2.4033844470977783 4.199999809265137
v -18.2000789642334 1.1928962469100952 4.099999904632568
v -18.2391300201416 2.417015291253724e-15 4.099999904632568
v -18.373619079589844 1.2042707204818726 4.199999809265137
v -18.413043975830078 2.436958258480353e-15 4.199999809265137
v -16.777711868286133 4.495573997497559 3.5999999046325684
v -16.86524200439453 3.354705333709717 3.5
v -17.03581428527832 3.388634204864502 3.5999999046325684
v -16.94569969177246 4.540585994720459 3.700000047683716
v -17.113685607910156 4.585597991943359 3.799999952316284
v -17.376956939697266 3.456491708755493 3.799999952316284
v -17.206384658813477 3.422562837600708 3.700000047683716
v -16.609724044799805 4.450562000274658 3.5
v -17.048540115356445 2.24448299407959 3.5
v -17.220966339111328 2.2671830654144287 3.5999999046325684
v -17.33237648010254 1.1360238790512085 3.5999999046325684
v -17.369565963745117 2.3153649848361036e-15 3.5999999046325684
v -17.15883445739746 1.1246495246887207 3.5
v -17.19565200805664 2.2946474059792107e-15 3.5
v -17.393390655517578 2.2898833751678467 3.700000047683716
v -17.56581687927246 2.3125836849212646 3.799999952316284
v -17.505916595458984 1.1473983526229858 3.700000047683716
v -17.54347801208496 2.3359531794103034e-15 3.700000047683716
v -17.67945671081543 1.1587728261947632 3.799999952316284
v -17.717391967773438 2.356412413218284e-15 3.799999952316284
v -17.44965934753418 4.67562198638916 4
v -17.281673431396484 4.63060998916626 3.9000000953674316
v -17.547527313232422 3.490420341491699 3.9000000953674316
v -17.71809959411621 3.5243492126464844 4
v -17.617647171020508 4.7206339836120605 4.099999904632568
v -17.785634994506836 4.765645980834961 4.199999809265137
v -17.888669967651367 3.5582778453826904 4.099999904632568
v -17.73824119567871 2.3352837562561035 3.9000000953674316
v -17.910667419433594 2.3579840660095215 4
v -17.852996826171875 1.1701472997665405 3.9000000953674316
v -17.89130401611328 2.376742474501808e-15 3.9000000953674316
v -14.289419174194336 8.25 3.0999999046325684
v -13.71924877166748 9.166909217834473 3.0999999046325684
v -13.090330123901367 10.044563293457031 3.0999999046325684
v -14.798399925231934 7.297763347625732 3.0999999046325684
v -15.244011878967285 6.314276695251465 3.0999999046325684
v -14.440032005310059 8.336956977844238 3.200000047683716
v -14.590645790100098 8.42391300201416 3.299999952316284
v -14.153059005737305 9.456771850585938 3.4000000953674316
v -14.74125862121582 8.510869979858398 3.4000000953674316
v -13.863851547241211 9.263529777526855 3.200000047683716
v -14.008455276489258 9.360151290893555 3.299999952316284
v -13.228304862976074 10.150434494018555 3.200000047683716
v -14.954378128051758 7.374683380126953 3.200000047683716
v -15.110356330871582 7.451602935791016 3.299999952316284
v -15.26633358001709 7.528522968292236 3.4000000953674316
v -14.297661781311035 9.55339241027832 3.5
v -14.442265510559082 9.65001392364502 3.5999999046325684
v -14.891871452331543 8.59782600402832 3.5
v -15.042484283447266 8.684782981872559 3.5999999046325684
v -14.586869239807129 9.746634483337402 3.700000047683716
v -14.73147201538086 9.843255043029785 3.799999952316284
v -15.193098068237305 8.77173900604248 3.700000047683716
v -15.343710899353027 8.858695983886719 3.799999952316284
v -14.876075744628906 9.939876556396484 3.9000000953674316
v -15.020679473876953 10.036497116088867 4
v -15.165282249450684 10.13311767578125 4.099999904632568
v -15.30988597869873 10.22973918914795 4.199999809265137
v -15.454489707946777 10.326359748840332 4.300000190734863
v -15.599092483520508 10.422981262207031 4.400000095367432
v -15.743696212768555 10.519601821899414 4.5
v -16.03290367126465 10.712843894958496 4.699999809265137
v -15.888299942016602 10.616222381591797 4.599999904632568
v -15.435896873474121 11.844379425048828 4.800000190734863
v -16.177507400512695 10.809464454650879 4.800000190734863
v -16.75592041015625 11.195947647094727 5.199999809265137
v -15.573870658874512 11.950251579284668 4.900000095367432
v -15.711845397949219 12.056122779846191 5
v -16.32210922241211 10.906085014343262 4.900000095367432
v -16.466712951660156 11.002706527709961 5
v -15.849820137023926 12.161993980407715 5.099999904632568
v -15.987794876098633 12.267866134643555 5.199999809265137
v -16.611316680908203 11.099327087402344 5.099999904632568
v -15.412715911865234 13.516589164733887 5.400000095367432
v -15.412715911865234 13.516589164733887 5.5
v -15.412715911865234 13.516589164733887 5.599999904632568
v -16.900524139404297 11.292569160461426 5.300000190734863
v -17.04512596130371 11.389189720153809 5.400000095367432
v -17.04512596130371 11.389189720153809 5.5
v -17.04512596130371 11.389189720153809 5.599999904632568
v -16.125768661499023 12.373737335205078 5.300000190734863
v -16.263744354248047 12.479609489440918 5.400000095367432
v -16.263744354248047 12.479609489440918 5.5
v -16.263744354248047 12.479609489440918 5.599999904632568
v -10.326359748840332 15.454489707946777 4.300000190734863
v -10.422981262207031 15.599092483520508 4.400000095367432
v -10.519601821899414 15.743696212768555 4.5
v -11.844379425048828 15.435896873474121 4.800000190734863
v -10.616222381591797 15.888299942016602 4.599999904632568
v -10.712843894958496 16.03290367126465 4.699999809265137
v -10.809464454650879 16.177507400512695 4.800000190734863
v -13.142963409423828 13.142963409423828 4.300000190734863
v -13.265937805175781 13.265937805175781 4.400000095367432
v -13.38891315460205 13.38891315460205 4.5
v -14.746024131774902 11.315022468566895 4.300000190734863
v -14.105168342590332 12.369900703430176 4.400000095367432
v -14.235922813415527 12.484569549560547 4.5
v -14.88399887084961 11.420893669128418 4.400000095367432
v -15.021973609924316 11.526764869689941 4.5
v -13.974413871765137 12.255231857299805 4.300000190734863
v -14.62818717956543 12.82857608795166 4.800000190734863
v -13.51188850402832 13.51188850402832 4.599999904632568
v -13.63486385345459 13.63486385345459 4.699999809265137
v -12.82857608795166 14.62818717956543 4.800000190734863
v -13.757838249206543 13.757838249206543 4.800000190734863
v -15.159947395324707 11.632637023925781 4.599999904632568
v -15.297922134399414 11.738508224487305 4.699999809265137
v -14.366678237915039 12.599238395690918 4.599999904632568
v -14.497432708740234 12.713907241821289 4.699999809265137
v -12.255231857299805 13.974413871765137 4.300000190734863
v -12.369900703430176 14.105168342590332 4.400000095367432
v -12.484569549560547 14.235922813415527 4.5
v -11.315022468566895 14.746024131774902 4.300000190734863
v -11.420893669128418 14.88399887084961 4.400000095367432
v -11.526764869689941 15.021973609924316 4.5
v -12.599238395690918 14.366678237915039 4.599999904632568
v -12.713907241821289 14.497432708740234 4.699999809265137
v -11.632637023925781 15.159947395324707 4.599999904632568
v -11.738508224487305 15.297922134399414 4.699999809265137
v -13.516589164733887 15.412715911865234 5.400000095367432
v -13.516589164733887 15.412715911865234 5.5
v -13.516589164733887 15.412715911865234 5.599999904632568
v -11.950251579284668 15.573870658874512 4.900000095367432
v -12.056122779846191 15.711845397949219 5
v -12.267866134643555 15.987794876098633 5.199999809265137
v -12.161993980407715 15.849820137023926 5.099999904632568
v -10.906085014343262 16.32210922241211 4.900000095367432
v -11.002706527709961 16.466712951660156 5
v -11.195947647094727 16.75592041015625 5.199999809265137
v -11.099327087402344 16.611316680908203 5.099999904632568
v -12.373737335205078 16.125768661499023 5.300000190734863
v -12.479609489440918 16.263744354248047 5.400000095367432
v -12.479609489440918 16.263744354248047 5.5
v -12.479609489440918 16.263744354248047 5.599999904632568
v -11.292569160461426 16.900524139404297 5.300000190734863
v -11.389189720153809 17.04512596130371 5.400000095367432
v -11.389189720153809 17.04512596130371 5.5
v -11.389189720153809 17.04512596130371 5.599999904632568
v -14.758942604064941 12.943244934082031 4.900000095367432
v -14.889697074890137 13.057913780212402 5
v -14.126763343811035 14.126763343811035 5.099999904632568
v -14.249738693237305 14.249738693237305 5.199999809265137
v -15.020451545715332 13.172582626342773 5.099999904632568
v -15.151206016540527 13.287251472473145 5.199999809265137
v -12.943244934082031 14.758942604064941 4.900000095367432
v -13.057913780212402 14.889697074890137 5
v -13.880813598632812 13.880813598632812 4.900000095367432
v -14.003788948059082 14.003788948059082 5
v -13.172582626342773 15.020451545715332 5.099999904632568
v -13.287251472473145 15.151206016540527 5.199999809265137
v -14.372714042663574 14.372714042663574 5.300000190734863
v -14.495689392089844 14.495689392089844 5.400000095367432
v -15.281961441040039 13.401920318603516 5.300000190734863
v -14.495689392089844 14.495689392089844 5.5
v -14.495689392089844 14.495689392089844 5.599999904632568
v -13.401920318603516 15.281961441040039 5.300000190734863
v -18.0945987701416 6.142288684844971 4.599999904632568
v -18.2592830657959 6.198191165924072 4.699999809265137
v -17.975482940673828 7.445688724517822 4.800000190734863
v -18.423967361450195 6.254094123840332 4.800000190734863
v -16.670135498046875 8.220800399780273 4.300000190734863
v -16.826112747192383 8.297720909118652 4.400000095367432
v -16.98208999633789 8.374640464782715 4.5
v -16.096776962280273 9.293478012084961 4.300000190734863
v -16.24738883972168 9.3804349899292 4.400000095367432
v -16.39800262451172 9.467391014099121 4.5
v -17.172109603881836 7.112920761108398 4.300000190734863
v -17.600549697875977 5.974581241607666 4.300000190734863
v -17.332782745361328 7.179474353790283 4.400000095367432
v -17.493457794189453 7.246027946472168 4.5
v -17.76523208618164 6.030483722686768 4.400000095367432
v -17.929916381835938 6.086386203765869 4.5
v -16.699228286743164 9.641304016113281 4.699999809265137
v -17.13806915283203 8.451560020446777 4.599999904632568
v -17.29404640197754 8.52847957611084 4.699999809265137
v -16.849842071533203 9.72826099395752 4.800000190734863
v -17.450023651123047 8.605400085449219 4.800000190734863
v -16.548616409301758 9.55434799194336 4.599999904632568
v -17.654132843017578 7.312581539154053 4.599999904632568
v -17.814807891845703 7.3791351318359375 4.699999809265137
v -17.95362091064453 4.810657978057861 4.300000190734863
v -18.229812622070312 3.6261353492736816 4.300000190734863
v -18.12160873413086 4.855669975280762 4.400000095367432
v -18.289594650268555 4.900681972503662 4.5
v -18.4003849029541 3.660064220428467 4.400000095367432
v -18.570955276489258 3.693992853164673 4.5
v -18.427942276000977 2.426084518432617 4.300000190734863
v -18.586956024169922 2.4567722649407623e-15 4.300000190734863
v -18.547161102294922 1.2156450748443604 4.300000190734863
v -18.60036849975586 2.448784828186035 4.400000095367432
v -18.77279281616211 2.471485137939453 4.5
v -18.720701217651367 1.2270195484161377 4.400000095367432
v -18.7608699798584 2.4764568871184786e-15 4.400000095367432
v -18.894241333007812 1.238394021987915 4.5
v -18.934782028198242 2.4960125485299755e-15 4.5
v -18.62557029724121 4.990705966949463 4.699999809265137
v -18.457582473754883 4.9456939697265625 4.599999904632568
v -18.741527557373047 3.727921724319458 4.599999904632568
v -18.912097930908203 3.761850357055664 4.699999809265137
v -18.793556213378906 5.035717964172363 4.800000190734863
v -19.082670211791992 3.795779228210449 4.800000190734863
v -19.241323471069336 1.2611429691314697 4.699999809265137
v -19.282608032226562 2.534736565537837e-15 4.699999809265137
v -19.290067672729492 2.539585590362549 4.800000190734863
v -19.41486358642578 1.272517442703247 4.800000190734863
v -19.45652198791504 2.553904709375965e-15 4.800000190734863
v -18.945219039916992 2.494185209274292 4.599999904632568
v -19.117643356323242 2.51688551902771 4.699999809265137
v -19.06778335571289 1.2497684955596924 4.599999904632568
v -19.10869598388672 2.515439037417016e-15 4.599999904632568
v -18.618181228637695 7.711903095245361 5.199999809265137
v -18.07393455505371 8.913078308105469 5.199999809265137
v -19.297517776489258 5.1707539558410645 5.099999904632568
v -19.465505599975586 5.215765953063965 5.199999809265137
v -18.13615608215332 7.512242317199707 4.900000095367432
v -18.296831130981445 7.578795909881592 5
v -18.58864974975586 6.309996604919434 4.900000095367432
v -18.753334045410156 6.365899085998535 5
v -19.129531860351562 5.125741958618164 5
v -18.91801643371582 6.421801567077637 5.099999904632568
v -19.082700729370117 6.477704048156738 5.199999809265137
v -18.45750617980957 7.645349502563477 5.099999904632568
v -18.22991371154785 8.989998817443848 5.300000190734863
v -18.38589096069336 9.06691837310791 5.400000095367432
v -18.77885627746582 7.778457164764404 5.300000190734863
v -18.939529418945312 7.845010757446289 5.400000095367432
v -18.38589096069336 9.06691837310791 5.5
v -18.38589096069336 9.06691837310791 5.599999904632568
v -18.939529418945312 7.845010757446289 5.5
v -18.939529418945312 7.845010757446289 5.599999904632568
v -19.247385025024414 6.53360652923584 5.300000190734863
v -19.412067413330078 6.589509010314941 5.400000095367432
v -19.633493423461914 5.260777950286865 5.300000190734863
v -19.80147933959961 5.305789947509766 5.400000095367432
v -19.412067413330078 6.589509010314941 5.5
v -19.412067413330078 6.589509010314941 5.599999904632568
v -19.80147933959961 5.305789947509766 5.5
v -19.80147933959961 5.305789947509766 5.599999904632568
v -17.000455856323242 9.815217018127441 4.900000095367432
v -17.15106773376465 9.90217399597168 5
v -17.606000900268555 8.682319641113281 4.900000095367432
v -17.761980056762695 8.759239196777344 5
v -17.301681518554688 9.989130020141602 5.099999904632568
v -17.452295303344727 10.07608699798584 5.199999809265137
v -17.917957305908203 8.836158752441406 5.099999904632568
v -17.602907180786133 10.163043975830078 5.300000190734863
v -17.753520965576172 10.25 5.400000095367432
v -17.753520965576172 10.25 5.5
v -17.753520965576172 10.25 5.599999904632568
v -19.423812866210938 3.8636367321014404 5
v -19.25324058532715 3.8297078609466553 4.900000095367432
v -19.634918212890625 2.5849859714508057 5
v -19.594383239746094 3.8975653648376465 5.099999904632568
v -19.764955520629883 3.9314942359924316 5.199999809265137
v -19.979768753051758 2.6303863525390625 5.199999809265137
v -19.807344436645508 2.6076862812042236 5.099999904632568
v -18.961544036865234 5.080729961395264 4.900000095367432
v -19.462493896484375 2.562285900115967 4.900000095367432
v -19.588403701782227 1.2838919162750244 4.900000095367432
v -19.761945724487305 1.2952662706375122 5
v -19.630434036254883 2.5729441042061105e-15 4.900000095367432
v -19.80434799194336 2.5918543265117996e-15 5
v -19.93548583984375 1.3066407442092896 5.099999904632568
v -20.109025955200195 1.318015217781067 5.199999809265137
v -19.978260040283203 2.610635588051269e-15 5.099999904632568
v -20.15217399597168 2.6292876770662825e-15 5.199999809265137
v -19.935527801513672 3.9654228687286377 5.300000190734863
v -20.106098175048828 3.999351739883423 5.400000095367432
v -20.15219497680664 2.6530866622924805 5.300000190734863
v -20.32461929321289 2.6757869720458984 5.400000095367432
v -20.106098175048828 3.999351739883423 5.5
v -20.106098175048828 3.999351739883423 5.599999904632568
v -20.32461929321289 2.6757869720458984 5.5
v -20.32461929321289 2.6757869720458984 5.599999904632568
v -20.282567977905273 1.3293896913528442 5.300000190734863
v -20.45610809326172 1.3407641649246216 5.400000095367432
v -20.326087951660156 2.6478105935568395e-15 5.300000190734863
v -20.5 2.6662043375229403e-15 5.400000095367432
v -20.45610809326172 1.3407641649246216 5.5
v -20.45610809326172 1.3407641649246216 5.599999904632568
v -20.5 2.664720124041114e-15 5.5
v -20.5 2.6632356988010508e-15 5.599999904632568
v -5.303750991821289 15.624346733093262 3.0999999046325684
v -6.447383880615234 15.565361976623535 3.299999952316284
v -6.513937950134277 15.726036071777344 3.4000000953674316
v -6.38083028793335 15.40468692779541 3.200000047683716
v -5.359653472900391 15.789031028747559 3.200000047683716
v -5.415555953979492 15.953714370727539 3.299999952316284
v -5.471458911895752 16.118396759033203 3.4000000953674316
v -10.044563293457031 13.090330123901367 3.0999999046325684
v -9.166909217834473 13.71924877166748 3.0999999046325684
v -8.25 14.289419174194336 3.0999999046325684
v -10.150434494018555 13.228304862976074 3.200000047683716
v -9.263529777526855 13.863851547241211 3.200000047683716
v -9.360151290893555 14.008455276489258 3.299999952316284
v -9.456771850585938 14.153059005737305 3.4000000953674316
v -8.336956977844238 14.440032005310059 3.200000047683716
v -8.42391300201416 14.590645790100098 3.299999952316284
v -8.510869979858398 14.74125862121582 3.4000000953674316
v -7.297763347625732 14.798399925231934 3.0999999046325684
v -6.314276695251465 15.244011878967285 3.0999999046325684
v -7.374683380126953 14.954378128051758 3.200000047683716
v -7.451602935791016 15.110356330871582 3.299999952316284
v -7.528522968292236 15.26633358001709 3.4000000953674316
v -7.759282112121582 15.734267234802246 3.700000047683716
v -7.8362016677856445 15.89024543762207 3.799999952316284
v -9.032608985900879 15.644937515258789 4
v -9.1195650100708 15.795550346374512 4.099999904632568
v -9.206521987915039 15.946163177490234 4.199999809265137
v -8.94565200805664 15.49432373046875 3.9000000953674316
v -7.913121700286865 16.046222686767578 3.9000000953674316
v -7.990041255950928 16.20220184326172 4
v -8.066961288452148 16.358179092407227 4.099999904632568
v -8.143880844116211 16.514156341552734 4.199999809265137
v -7.605442523956299 15.422311782836914 3.5
v -7.6823625564575195 15.578289985656738 3.5999999046325684
v -6.580491542816162 15.886711120605469 3.5
v -6.647045135498047 16.047386169433594 3.5999999046325684
v -6.713598728179932 16.20806121826172 3.700000047683716
v -6.780152320861816 16.36873435974121 3.799999952316284
v -5.5273613929748535 16.2830810546875 3.5
v -5.583263874053955 16.447765350341797 3.5999999046325684
v -5.695068836212158 16.777132034301758 3.799999952316284
v -5.639166355133057 16.61244773864746 3.700000047683716
v -6.913259506225586 16.69008445739746 4
v -6.846705913543701 16.529409408569336 3.9000000953674316
v -6.979813098907471 16.850759506225586 4.099999904632568
v -7.0463666915893555 17.01143455505371 4.199999809265137
v -5.806873798370361 17.10649871826172 4
v -5.75097131729126 16.941814422607422 3.9000000953674316
v -5.862776279449463 17.271183013916016 4.099999904632568
v -5.9186787605285645 17.43586540222168 4.199999809265137
v -9.65001392364502 14.442265510559082 3.5999999046325684
v -9.55339241027832 14.297661781311035 3.5
v -9.746634483337402 14.586869239807129 3.700000047683716
v -9.843255043029785 14.73147201538086 3.799999952316284
v -8.59782600402832 14.891871452331543 3.5
v -8.684782981872559 15.042484283447266 3.5999999046325684
v -8.77173900604248 15.193098068237305 3.700000047683716
v -8.858695983886719 15.343710899353027 3.799999952316284
v -9.939876556396484 14.876075744628906 3.9000000953674316
v -10.036497116088867 15.020679473876953 4
v -10.13311767578125 15.165282249450684 4.099999904632568
v -10.22973918914795 15.30988597869873 4.199999809265137
v -4.270514011383057 15.937776565551758 3.0999999046325684
v -3.2189903259277344 16.18295669555664 3.0999999046325684
v -4.315526008605957 16.105762481689453 3.200000047683716
v -4.360538005828857 16.27375030517578 3.299999952316284
v -4.405550003051758 16.44173812866211 3.4000000953674316
v -3.2529191970825195 16.35352897644043 3.200000047683716
v -3.2868478298187256 16.524099349975586 3.299999952316284
v -3.3207767009735107 16.694671630859375 3.4000000953674316
v -2.153682231903076 16.358840942382812 3.0999999046325684
v -1.0791516304016113 16.464672088623047 3.0999999046325684
v -2.199082612991333 16.703691482543945 3.299999952316284
v -2.176382303237915 16.531265258789062 3.200000047683716
v -2.221782684326172 16.876115798950195 3.4000000953674316
v -1.101900577545166 16.81175422668457 3.299999952316284
v -1.0905261039733887 16.638212203979492 3.200000047683716
v -1.1132750511169434 16.985294342041016 3.4000000953674316
v -4.495573997497559 16.777711868286133 3.5999999046325684
v -4.450562000274658 16.609724044799805 3.5
v -4.540585994720459 16.94569969177246 3.700000047683716
v -4.585597991943359 17.113685607910156 3.799999952316284
v -3.354705333709717 16.86524200439453 3.5
v -3.388634204864502 17.03581428527832 3.5999999046325684
v -3.422562837600708 17.206384658813477 3.700000047683716
v -3.456491708755493 17.376956939697266 3.799999952316284
v -3.5922067165374756 18.059242248535156 4.199999809265137
v -4.63060998916626 17.281673431396484 3.9000000953674316
v -4.67562198638916 17.44965934753418 4
v -4.7206339836120605 17.617647171020508 4.099999904632568
v -4.765645980834961 17.785634994506836 4.199999809265137
v -3.490420341491699 17.547527313232422 3.9000000953674316
v -3.5243492126464844 17.71809959411621 4
v -3.5582778453826904 17.888669967651367 4.099999904632568
v -2.24448299407959 17.048540115356445 3.5
v -2.2671830654144287 17.220966339111328 3.5999999046325684
v -2.2898833751678467 17.393390655517578 3.700000047683716
v -2.3125836849212646 17.56581687927246 3.799999952316284
v -1.1246495246887207 17.15883445739746 3.5
v -1.1360238790512085 17.33237648010254 3.5999999046325684
v -1.1473983526229858 17.505916595458984 3.700000047683716
v -1.1587728261947632 17.67945671081543 3.799999952316284
v -2.3806841373443604 18.083091735839844 4.099999904632568
v -2.4033844470977783 18.255517959594727 4.199999809265137
v -1.1815217733383179 18.026538848876953 4
v -1.1928962469100952 18.2000789642334 4.099999904632568
v -1.2042707204818726 18.373619079589844 4.199999809265137
v -2.3352837562561035 17.73824119567871 3.9000000953674316
v -2.3579840660095215 17.910667419433594 4
v -1.1701472997665405 17.852996826171875 3.9000000953674316
v -2.835003137588501 2.1044366359710693 3.140000104904175
v -2.0250000953674316 3.5074028968811035 3.0999999046325684
v -2.0250000953674316 3.5074028968811035 3.140000104904175
v -2.0250000953674316 3.5074028968811035 3.200000047683716
v -2.0250000953674316 3.5074028968811035 3.299999952316284
v -2.0250000953674316 3.5074028968811035 3.4000000953674316
v -2.0250000953674316 3.5074028968811035 3.5
v -2.0250000953674316 3.5074028968811035 3.5999999046325684
v -2.0250000953674316 3.5074028968811035 3.700000047683716
v -2.0250000953674316 3.5074028968811035 3.799999952316284
v -2.0250000953674316 3.5074028968811035 3.9000000953674316
v -2.0250000953674316 3.5074028968811035 4
v -2.0250000953674316 3.5074028968811035 4.099999904632568
v -2.0250000953674316 3.5074028968811035 4.199999809265137
v -9.293478012084961 16.096776962280273 4.300000190734863
v -9.3804349899292 16.24738883972168 4.400000095367432
v -9.467391014099121 16.39800262451172 4.5
v -8.220800399780273 16.670135498046875 4.300000190734863
v -8.374640464782715 16.98208999633789 4.5
v -8.297720909118652 16.826112747192383 4.400000095367432
v -9.641304016113281 16.699228286743164 4.699999809265137
v -9.55434799194336 16.548616409301758 4.599999904632568
v -9.72826099395752 16.849842071533203 4.800000190734863
v -8.451560020446777 17.13806915283203 4.599999904632568
v -8.52847957611084 17.29404640197754 4.699999809265137
v -8.605400085449219 17.450023651123047 4.800000190734863
v -7.112920761108398 17.172109603881836 4.300000190734863
v -7.179474353790283 17.332782745361328 4.400000095367432
v -7.246027946472168 17.493457794189453 4.5
v -5.974581241607666 17.600549697875977 4.300000190734863
v -6.030483722686768 17.76523208618164 4.400000095367432
v -6.086386203765869 17.929916381835938 4.5
v -7.445688724517822 17.975482940673828 4.800000190734863
v -6.142288684844971 18.0945987701416 4.599999904632568
v -6.198191165924072 18.2592830657959 4.699999809265137
v -6.254094123840332 18.423967361450195 4.800000190734863
v -7.312581539154053 17.654132843017578 4.599999904632568
v -7.3791351318359375 17.814807891845703 4.699999809265137
v -8.913078308105469 18.07393455505371 5.199999809265137
v -7.711903095245361 18.618181228637695 5.199999809265137
v -9.815217018127441 17.000455856323242 4.900000095367432
v -9.90217399597168 17.15106773376465 5
v -9.989130020141602 17.301681518554688 5.099999904632568
v -10.07608699798584 17.452295303344727 5.199999809265137
v -8.682319641113281 17.606000900268555 4.900000095367432
v -8.759239196777344 17.761980056762695 5
v -8.836158752441406 17.917957305908203 5.099999904632568
v -8.989998817443848 18.22991371154785 5.300000190734863
v -9.06691837310791 18.38589096069336 5.400000095367432
v -9.06691837310791 18.38589096069336 5.5
v -9.06691837310791 18.38589096069336 5.599999904632568
v -7.778457164764404 18.77885627746582 5.300000190734863
v -7.845010757446289 18.939529418945312 5.400000095367432
v -7.845010757446289 18.939529418945312 5.5
v -7.845010757446289 18.939529418945312 5.599999904632568
v -10.163043975830078 17.602907180786133 5.300000190734863
v -10.25 17.753520965576172 5.400000095367432
v -10.25 17.753520965576172 5.5
v -10.25 17.753520965576172 5.599999904632568
v -7.512242317199707 18.13615608215332 4.900000095367432
v -7.578795909881592 18.296831130981445 5
v -7.645349502563477 18.45750617980957 5.099999904632568
v -6.421801567077637 18.91801643371582 5.099999904632568
v -6.477704048156738 19.082700729370117 5.199999809265137
v -6.309996604919434 18.58864974975586 4.900000095367432
v -6.365899085998535 18.753334045410156 5
v -5.125741958618164 19.129531860351562 5
v -5.1707539558410645 19.297517776489258 5.099999904632568
v -5.215765953063965 19.465505599975586 5.199999809265137
v -6.53360652923584 19.247385025024414 5.300000190734863
v -6.589509010314941 19.412067413330078 5.400000095367432
v -6.589509010314941 19.412067413330078 5.5
v -6.589509010314941 19.412067413330078 5.599999904632568
v -5.260777950286865 19.633493423461914 5.300000190734863
v -5.305789947509766 19.80147933959961 5.400000095367432
v -5.305789947509766 19.80147933959961 5.5
v -5.305789947509766 19.80147933959961 5.599999904632568
v -4.810657978057861 17.95362091064453 4.300000190734863
v -4.855669975280762 18.12160873413086 4.400000095367432
v -4.900681972503662 18.289594650268555 4.5
v -3.6261353492736816 18.229812622070312 4.300000190734863
v -3.660064220428467 18.4003849029541 4.400000095367432
v -3.693992853164673 18.570955276489258 4.5
v -4.9456939697265625 18.457582473754883 4.599999904632568
v -4.990705966949463 18.62557029724121 4.699999809265137
v -5.035717964172363 18.793556213378906 4.800000190734863
v -3.727921724319458 18.741527557373047 4.599999904632568
v -3.761850357055664 18.912097930908203 4.699999809265137
v -3.795779228210449 19.082670211791992 4.800000190734863
v -2.426084518432617 18.427942276000977 4.300000190734863
v -2.448784828186035 18.60036849975586 4.400000095367432
v -2.471485137939453 18.77279281616211 4.5
v -1.2156450748443604 18.547161102294922 4.300000190734863
v -1.2270195484161377 18.720701217651367 4.400000095367432
v -1.238394021987915 18.894241333007812 4.5
v -2.494185209274292 18.945219039916992 4.599999904632568
v -2.51688551902771 19.117643356323242 4.699999809265137
v -2.539585590362549 19.290067672729492 4.800000190734863
v -1.2611429691314697 19.241323471069336 4.699999809265137
v -1.2497684955596924 19.06778335571289 4.599999904632568
v -1.272517442703247 19.41486358642578 4.800000190734863
v -3.8636367321014404 19.423812866210938 5
v -5.080729961395264 18.961544036865234 4.900000095367432
v -3.8975653648376465 19.594383239746094 5.099999904632568
v -3.9314942359924316 19.764955520629883 5.199999809265137
v -3.8297078609466553 19.25324058532715 4.900000095367432
v -2.5849859714508057 19.634918212890625 5
v -2.6076862812042236 19.807344436645508 5.099999904632568
v -2.6303863525390625 19.979768753051758 5.199999809265137
v -3.9654228687286377 19.935527801513672 5.300000190734863
v -3.999351739883423 20.106098175048828 5.400000095367432
v -3.999351739883423 20.106098175048828 5.5
v -3.999351739883423 20.106098175048828 5.599999904632568
v -2.6530866622924805 20.15219497680664 5.300000190734863
v -2.6757869720458984 20.32461929321289 5.400000095367432
v -2.6757869720458984 20.32461929321289 5.5
v -2.6757869720458984 20.32461929321289 5.599999904632568
v -2.562285900115967 19.462493896484375 4.900000095367432
v -1.2838919162750244 19.588403701782227 4.900000095367432
v -1.2952662706375122 19.761945724487305 5
v -1.3066407442092896 19.93548583984375 5.099999904632568
v -1.318015217781067 20.109025955200195 5.199999809265137
v -1.3293896913528442 20.282567977905273 5.300000190734863
v -1.3407641649246216 20.45610809326172 5.400000095367432
v -1.3407641649246216 20.45610809326172 5.5
v -1.3407641649246216 20.45610809326172 5.599999904632568
v -2.0250000953674316 3.5074028968811035 4.300000190734863
v -2.0250000953674316 3.5074028968811035 4.400000095367432
v -2.0250000953674316 3.5074028968811035 4.5
v -2.0250000953674316 3.5074028968811035 4.599999904632568
v -2.0250000953674316 3.5074028968811035 4.699999809265137
v -2.0250000953674316 3.5074028968811035 4.800000190734863
v -2.0250000953674316 3.5074028968811035 4.900000095367432
v -2.0250000953674316 3.5074028968811035 5
v -2.0250000953674316 3.5074028968811035 5.099999904632568
v -2.0250000953674316 3.5074028968811035 5.199999809265137
v -2.0250000953674316 3.5074028968811035 5.300000190734863
v -2.0250000953674316 3.5074028968811035 5.400000095367432
v -2.0250000953674316 3.5074028968811035 5.5
v -2.0250000953674316 3.5074028968811035 5.599999904632568
v -16.464672088623047 -1.0791516304016113 3.0999999046325684
v -16.358840942382812 -2.153682231903076 3.0999999046325684
v -16.18295669555664 -3.2189903259277344 3.0999999046325684
v -15.937776565551758 -4.270514011383057 3.0999999046325684
v -16.81175422668457 -1.101900577545166 3.299999952316284
v -16.703691482543945 -2.199082612991333 3.299999952316284
v -16.985294342041016 -1.1132750511169434 3.4000000953674316
v -16.876115798950195 -2.221782684326172 3.4000000953674316
v -16.638212203979492 -1.0905261039733887 3.200000047683716
v -16.531265258789062 -2.176382303237915 3.200000047683716
v -16.694671630859375 -3.3207767009735107 3.4000000953674316
v -16.35352897644043 -3.2529191970825195 3.200000047683716
v -16.524099349975586 -3.2868478298187256 3.299999952316284
v -16.105762481689453 -4.315526008605957 3.200000047683716
v -16.27375030517578 -4.360538005828857 3.299999952316284
v -16.44173812866211 -4.405550003051758 3.4000000953674316
v -15.624346733093262 -5.303750991821289 3.0999999046325684
v -15.789031028747559 -5.359653472900391 3.200000047683716
v -15.40468692779541 -6.38083028793335 3.200000047683716
v -15.953714370727539 -5.415555953979492 3.299999952316284
v -15.565361976623535 -6.447383880615234 3.299999952316284
v -16.118396759033203 -5.471458911895752 3.4000000953674316
v -15.726036071777344 -6.513937950134277 3.4000000953674316
v -18.026538848876953 -1.1815217733383179 4
v -18.2000789642334 -1.1928962469100952 4.099999904632568
v -18.373619079589844 -1.2042707204818726 4.199999809265137
v -18.083091735839844 -2.3806841373443604 4.099999904632568
v -18.255517959594727 -2.4033844470977783 4.199999809265137
v -18.059242248535156 -3.5922067165374756 4.199999809265137
v -17.33237648010254 -1.1360238790512085 3.5999999046325684
v -17.15883445739746 -1.1246495246887207 3.5
v -17.048540115356445 -2.24448299407959 3.5
v -17.220966339111328 -2.2671830654144287 3.5999999046325684
v -17.505916595458984 -1.1473983526229858 3.700000047683716
v -17.67945671081543 -1.1587728261947632 3.799999952316284
v -17.393390655517578 -2.2898833751678467 3.700000047683716
v -17.56581687927246 -2.3125836849212646 3.799999952316284
v -16.86524200439453 -3.354705333709717 3.5
v -17.03581428527832 -3.388634204864502 3.5999999046325684
v -16.777711868286133 -4.495573997497559 3.5999999046325684
v -17.376956939697266 -3.456491708755493 3.799999952316284
v -17.206384658813477 -3.422562837600708 3.700000047683716
v -16.94569969177246 -4.540585994720459 3.700000047683716
v -17.113685607910156 -4.585597991943359 3.799999952316284
v -16.609724044799805 -4.450562000274658 3.5
v -17.852996826171875 -1.1701472997665405 3.9000000953674316
v -17.73824119567871 -2.3352837562561035 3.9000000953674316
v -17.910667419433594 -2.3579840660095215 4
v -17.547527313232422 -3.490420341491699 3.9000000953674316
v -17.71809959411621 -3.5243492126464844 4
v -17.44965934753418 -4.67562198638916 4
v -17.281673431396484 -4.63060998916626 3.9000000953674316
v -17.888669967651367 -3.5582778453826904 4.099999904632568
v -17.617647171020508 -4.7206339836120605 4.099999904632568
v -17.785634994506836 -4.765645980834961 4.199999809265137
v -16.777132034301758 -5.695068836212158 3.799999952316284
v -16.2830810546875 -5.5273613929748535 3.5
v -16.447765350341797 -5.583263874053955 3.5999999046325684
v -16.047386169433594 -6.647045135498047 3.5999999046325684
v -15.886711120605469 -6.580491542816162 3.5
v -15.422311782836914 -7.605442523956299 3.5
v -15.578289985656738 -7.6823625564575195 3.5999999046325684
v -16.61244773864746 -5.639166355133057 3.700000047683716
v -16.20806121826172 -6.713598728179932 3.700000047683716
v -16.36873435974121 -6.780152320861816 3.799999952316284
v -15.734267234802246 -7.759282112121582 3.700000047683716
v -15.89024543762207 -7.8362016677856445 3.799999952316284
v -16.941814422607422 -5.75097131729126 3.9000000953674316
v -17.10649871826172 -5.806873798370361 4
v -16.69008445739746 -6.913259506225586 4
v -17.43586540222168 -5.9186787605285645 4.199999809265137
v -17.271183013916016 -5.862776279449463 4.099999904632568
v -16.850759506225586 -6.979813098907471 4.099999904632568
v -17.01143455505371 -7.0463666915893555 4.199999809265137
v -16.529409408569336 -6.846705913543701 3.9000000953674316
v -16.046222686767578 -7.913121700286865 3.9000000953674316
v -16.20220184326172 -7.990041255950928 4
v -15.49432373046875 -8.94565200805664 3.9000000953674316
v -15.644937515258789 -9.032608985900879 4
v -16.358179092407227 -8.066961288452148 4.099999904632568
v -16.514156341552734 -8.143880844116211 4.199999809265137
v -15.795550346374512 -9.1195650100708 4.099999904632568
v -15.946163177490234 -9.206521987915039 4.199999809265137
v -15.244011878967285 -6.314276695251465 3.0999999046325684
v -14.798399925231934 -7.297763347625732 3.0999999046325684
v -14.289419174194336 -8.25 3.0999999046325684
v -13.71924877166748 -9.166909217834473 3.0999999046325684
v -13.090330123901367 -10.044563293457031 3.0999999046325684
v -14.954378128051758 -7.374683380126953 3.200000047683716
v -15.110356330871582 -7.451602935791016 3.299999952316284
v -15.26633358001709 -7.528522968292236 3.4000000953674316
v -14.440032005310059 -8.336956977844238 3.200000047683716
v -14.590645790100098 -8.42391300201416 3.299999952316284
v -14.74125862121582 -8.510869979858398 3.4000000953674316
v -14.153059005737305 -9.456771850585938 3.4000000953674316
v -13.863851547241211 -9.263529777526855 3.200000047683716
v -14.008455276489258 -9.360151290893555 3.299999952316284
v -13.228304862976074 -10.150434494018555 3.200000047683716
v -14.891871452331543 -8.59782600402832 3.5
v -15.042484283447266 -8.684782981872559 3.5999999046325684
v -14.297661781311035 -9.55339241027832 3.5
v -14.442265510559082 -9.65001392364502 3.5999999046325684
v -15.193098068237305 -8.77173900604248 3.700000047683716
v -15.343710899353027 -8.858695983886719 3.799999952316284
v -14.586869239807129 -9.746634483337402 3.700000047683716
v -14.73147201538086 -9.843255043029785 3.799999952316284
v -14.876075744628906 -9.939876556396484 3.9000000953674316
v -15.020679473876953 -10.036497116088867 4
v -15.165282249450684 -10.13311767578125 4.099999904632568
v -15.30988597869873 -10.22973918914795 4.199999809265137
v -13.366279602050781 -10.256306648254395 3.299999952316284
v -13.504253387451172 -10.362177848815918 3.4000000953674316
v -12.405356407165527 -10.879205703735352 3.0999999046325684
v -11.667262077331543 -11.667262077331543 3.0999999046325684
v -10.879205703735352 -12.405356407165527 3.0999999046325684
v -12.536111831665039 -10.993874549865723 3.200000047683716
v -12.666866302490234 -11.108543395996094 3.299999952316284
v -11.790237426757812 -11.790237426757812 3.200000047683716
v -11.913211822509766 -11.913211822509766 3.299999952316284
v -12.79762077331543 -11.223212242126465 3.4000000953674316
v -12.036187171936035 -12.036187171936035 3.4000000953674316
v -10.993874549865723 -12.536111831665039 3.200000047683716
v -11.108543395996094 -12.666866302490234 3.299999952316284
v -11.223212242126465 -12.79762077331543 3.4000000953674316
v -10.256306648254395 -13.366279602050781 3.299999952316284
v -10.362177848815918 -13.504253387451172 3.4000000953674316
v -13.642228126525879 -10.468050003051758 3.5
v -13.780202865600586 -10.573921203613281 3.5999999046325684
v -12.928376197814941 -11.337881088256836 3.5
v -13.059130668640137 -11.452549934387207 3.5999999046325684
v -13.918177604675293 -10.679792404174805 3.700000047683716
v -14.056151390075684 -10.785664558410645 3.799999952316284
v -13.189885139465332 -11.567218780517578 3.700000047683716
v -13.320639610290527 -11.68188762664795 3.799999952316284
v -14.19412612915039 -10.891535758972168 3.9000000953674316
v -14.332100868225098 -10.997406959533691 4
v -14.470075607299805 -11.103279113769531 4.099999904632568
v -14.608049392700195 -11.209150314331055 4.199999809265137
v -13.582149505615234 -11.911225318908691 4
v -13.451395034790039 -11.79655647277832 3.9000000953674316
v -13.71290397644043 -12.025894165039062 4.099999904632568
v -13.843659400939941 -12.140563011169434 4.199999809265137
v -12.897012710571289 -12.897012710571289 4.099999904632568
v -13.019988059997559 -13.019988059997559 4.199999809265137
v -12.282136917114258 -12.282136917114258 3.5999999046325684
v -12.159162521362305 -12.159162521362305 3.5
v -12.405112266540527 -12.405112266540527 3.700000047683716
v -12.528087615966797 -12.528087615966797 3.799999952316284
v -11.567218780517578 -13.189885139465332 3.700000047683716
v -11.68188762664795 -13.320639610290527 3.799999952316284
v -11.337881088256836 -12.928376197814941 3.5
v -11.452549934387207 -13.059130668640137 3.5999999046325684
v -10.468050003051758 -13.642228126525879 3.5
v -10.573921203613281 -13.780202865600586 3.5999999046325684
v -10.679792404174805 -13.918177604675293 3.700000047683716
v -10.785664558410645 -14.056151390075684 3.799999952316284
v -12.651062965393066 -12.651062965393066 3.9000000953674316
v -12.77403736114502 -12.77403736114502 4
v -11.79655647277832 -13.451395034790039 3.9000000953674316
v -11.911225318908691 -13.582149505615234 4
v -12.025894165039062 -13.71290397644043 4.099999904632568
v -12.140563011169434 -13.843659400939941 4.199999809265137
v -10.891535758972168 -14.19412612915039 3.9000000953674316
v -10.997406959533691 -14.332100868225098 4
v -11.103279113769531 -14.470075607299805 4.099999904632568
v -11.209150314331055 -14.608049392700195 4.199999809265137
v -18.547161102294922 -1.2156450748443604 4.300000190734863
v -18.427942276000977 -2.426084518432617 4.300000190734863
v -18.720701217651367 -1.2270195484161377 4.400000095367432
v -18.894241333007812 -1.238394021987915 4.5
v -18.60036849975586 -2.448784828186035 4.400000095367432
v -18.77279281616211 -2.471485137939453 4.5
v -18.229812622070312 -3.6261353492736816 4.300000190734863
v -17.95362091064453 -4.810657978057861 4.300000190734863
v -18.4003849029541 -3.660064220428467 4.400000095367432
v -18.570955276489258 -3.693992853164673 4.5
v -18.12160873413086 -4.855669975280762 4.400000095367432
v -18.289594650268555 -4.900681972503662 4.5
v -19.241323471069336 -1.2611429691314697 4.699999809265137
v -19.41486358642578 -1.272517442703247 4.800000190734863
v -19.290067672729492 -2.539585590362549 4.800000190734863
v -19.06778335571289 -1.2497684955596924 4.599999904632568
v -18.945219039916992 -2.494185209274292 4.599999904632568
v -19.117643356323242 -2.51688551902771 4.699999809265137
v -18.741527557373047 -3.727921724319458 4.599999904632568
v -18.912097930908203 -3.761850357055664 4.699999809265137
v -18.62557029724121 -4.990705966949463 4.699999809265137
v -18.457582473754883 -4.9456939697265625 4.599999904632568
v -19.082670211791992 -3.795779228210449 4.800000190734863
v -18.793556213378906 -5.035717964172363 4.800000190734863
v -18.0945987701416 -6.142288684844971 4.599999904632568
v -18.2592830657959 -6.198191165924072 4.699999809265137
v -18.423967361450195 -6.254094123840332 4.800000190734863
v -17.975482940673828 -7.445688724517822 4.800000190734863
v -17.600549697875977 -5.974581241607666 4.300000190734863
v -17.172109603881836 -7.112920761108398 4.300000190734863
v -17.76523208618164 -6.030483722686768 4.400000095367432
v -17.929916381835938 -6.086386203765869 4.5
v -17.332782745361328 -7.179474353790283 4.400000095367432
v -17.493457794189453 -7.246027946472168 4.5
v -16.670135498046875 -8.220800399780273 4.300000190734863
v -16.826112747192383 -8.297720909118652 4.400000095367432
v -16.98208999633789 -8.374640464782715 4.5
v -16.096776962280273 -9.293478012084961 4.300000190734863
v -16.24738883972168 -9.3804349899292 4.400000095367432
v -16.39800262451172 -9.467391014099121 4.5
v -17.654132843017578 -7.312581539154053 4.599999904632568
v -17.814807891845703 -7.3791351318359375 4.699999809265137
v -17.13806915283203 -8.451560020446777 4.599999904632568
v -17.29404640197754 -8.52847957611084 4.699999809265137
v -16.699228286743164 -9.641304016113281 4.699999809265137
v -17.450023651123047 -8.605400085449219 4.800000190734863
v -16.849842071533203 -9.72826099395752 4.800000190734863
v -16.548616409301758 -9.55434799194336 4.599999904632568
v -19.588403701782227 -1.2838919162750244 4.900000095367432
v -19.462493896484375 -2.562285900115967 4.900000095367432
v -19.761945724487305 -1.2952662706375122 5
v -19.93548583984375 -1.3066407442092896 5.099999904632568
v -20.109025955200195 -1.318015217781067 5.199999809265137
v -19.25324058532715 -3.8297078609466553 4.900000095367432
v -19.634918212890625 -2.5849859714508057 5
v -19.423812866210938 -3.8636367321014404 5
v -19.979768753051758 -2.6303863525390625 5.199999809265137
v -19.807344436645508 -2.6076862812042236 5.099999904632568
v -19.594383239746094 -3.8975653648376465 5.099999904632568
v -19.764955520629883 -3.9314942359924316 5.199999809265137
v -18.961544036865234 -5.080729961395264 4.900000095367432
v -20.282567977905273 -1.3293896913528442 5.300000190734863
v -20.45610809326172 -1.3407641649246216 5.400000095367432
v -20.45610809326172 -1.3407641649246216 5.5
v -20.45610809326172 -1.3407641649246216 5.599999904632568
v -20.15219497680664 -2.6530866622924805 5.300000190734863
v -20.32461929321289 -2.6757869720458984 5.400000095367432
v -19.935527801513672 -3.9654228687286377 5.300000190734863
v -20.106098175048828 -3.999351739883423 5.400000095367432
v -20.32461929321289 -2.6757869720458984 5.5
v -20.32461929321289 -2.6757869720458984 5.599999904632568
v -20.106098175048828 -3.999351739883423 5.5
v -20.106098175048828 -3.999351739883423 5.599999904632568
v -19.297517776489258 -5.1707539558410645 5.099999904632568
v -19.465505599975586 -5.215765953063965 5.199999809265137
v -18.58864974975586 -6.309996604919434 4.900000095367432
v -19.129531860351562 -5.125741958618164 5
v -18.753334045410156 -6.365899085998535 5
v -18.13615608215332 -7.512242317199707 4.900000095367432
v -18.296831130981445 -7.578795909881592 5
v -18.91801643371582 -6.421801567077637 5.099999904632568
v -19.082700729370117 -6.477704048156738 5.199999809265137
v -18.45750617980957 -7.645349502563477 5.099999904632568
v -18.618181228637695 -7.711903095245361 5.199999809265137
v -18.07393455505371 -8.913078308105469 5.199999809265137
v -19.633493423461914 -5.260777950286865 5.300000190734863
v -19.80147933959961 -5.305789947509766 5.400000095367432
v -19.247385025024414 -6.53360652923584 5.300000190734863
v -19.412067413330078 -6.589509010314941 5.400000095367432
v -19.80147933959961 -5.305789947509766 5.5
v -19.80147933959961 -5.305789947509766 5.599999904632568
v -19.412067413330078 -6.589509010314941 5.5
v -19.412067413330078 -6.589509010314941 5.599999904632568
v -18.77885627746582 -7.778457164764404 5.300000190734863
v -18.939529418945312 -7.845010757446289 5.400000095367432
v -18.22991371154785 -8.989998817443848 5.300000190734863
v -18.38589096069336 -9.06691837310791 5.400000095367432
v -18.939529418945312 -7.845010757446289 5.5
v -18.939529418945312 -7.845010757446289 5.599999904632568
v -18.38589096069336 -9.06691837310791 5.5
v -18.38589096069336 -9.06691837310791 5.599999904632568
v -17.606000900268555 -8.682319641113281 4.900000095367432
v -17.761980056762695 -8.759239196777344 5
v -17.000455856323242 -9.815217018127441 4.900000095367432
v -17.15106773376465 -9.90217399597168 5
v -17.917957305908203 -8.836158752441406 5.099999904632568
v -17.301681518554688 -9.989130020141602 5.099999904632568
v -17.452295303344727 -10.07608699798584 5.199999809265137
v -17.602907180786133 -10.163043975830078 5.300000190734863
v -15.454489707946777 -10.326359748840332 4.300000190734863
v -15.599092483520508 -10.422981262207031 4.400000095367432
v -15.743696212768555 -10.519601821899414 4.5
v -16.03290367126465 -10.712843894958496 4.699999809265137
v -15.888299942016602 -10.616222381591797 4.599999904632568
v -16.177507400512695 -10.809464454650879 4.800000190734863
v -15.435896873474121 -11.844379425048828 4.800000190734863
v -16.75592041015625 -11.195947647094727 5.199999809265137
v -16.32210922241211 -10.906085014343262 4.900000095367432
v -16.466712951660156 -11.002706527709961 5
v -15.573870658874512 -11.950251579284668 4.900000095367432
v -15.711845397949219 -12.056122779846191 5
v -16.611316680908203 -11.099327087402344 5.099999904632568
v -15.849820137023926 -12.161993980407715 5.099999904632568
v -15.987794876098633 -12.267866134643555 5.199999809265137
v -17.753520965576172 -10.25 5.400000095367432
v -16.900524139404297 -11.292569160461426 5.300000190734863
v -17.04512596130371 -11.389189720153809 5.400000095367432
v -17.753520965576172 -10.25 5.5
v -17.753520965576172 -10.25 5.599999904632568
v -17.04512596130371 -11.389189720153809 5.5
v -17.04512596130371 -11.389189720153809 5.599999904632568
v -16.125768661499023 -12.373737335205078 5.300000190734863
v -16.263744354248047 -12.479609489440918 5.400000095367432
v -16.263744354248047 -12.479609489440918 5.5
v -16.263744354248047 -12.479609489440918 5.599999904632568
v -15.412715911865234 -13.516589164733887 5.400000095367432
v -15.412715911865234 -13.516589164733887 5.5
v -15.412715911865234 -13.516589164733887 5.599999904632568
v -14.746024131774902 -11.315022468566895 4.300000190734863
v -14.88399887084961 -11.420893669128418 4.400000095367432
v -15.021973609924316 -11.526764869689941 4.5
v -14.105168342590332 -12.369900703430176 4.400000095367432
v -14.235922813415527 -12.484569549560547 4.5
v -13.974413871765137 -12.255231857299805 4.300000190734863
v -13.142963409423828 -13.142963409423828 4.300000190734863
v -13.265937805175781 -13.265937805175781 4.400000095367432
v -13.38891315460205 -13.38891315460205 4.5
v -15.159947395324707 -11.632637023925781 4.599999904632568
v -15.297922134399414 -11.738508224487305 4.699999809265137
v -14.366678237915039 -12.599238395690918 4.599999904632568
v -14.497432708740234 -12.713907241821289 4.699999809265137
v -14.62818717956543 -12.82857608795166 4.800000190734863
v -13.51188850402832 -13.51188850402832 4.599999904632568
v -13.63486385345459 -13.63486385345459 4.699999809265137
v -13.757838249206543 -13.757838249206543 4.800000190734863
v -12.82857608795166 -14.62818717956543 4.800000190734863
v -12.255231857299805 -13.974413871765137 4.300000190734863
v -12.369900703430176 -14.105168342590332 4.400000095367432
v -12.484569549560547 -14.235922813415527 4.5
v -11.315022468566895 -14.746024131774902 4.300000190734863
v -11.420893669128418 -14.88399887084961 4.400000095367432
v -11.526764869689941 -15.021973609924316 4.5
v -12.599238395690918 -14.366678237915039 4.599999904632568
v -12.713907241821289 -14.497432708740234 4.699999809265137
v -11.632637023925781 -15.159947395324707 4.599999904632568
v -11.738508224487305 -15.297922134399414 4.699999809265137
v -10.326359748840332 -15.454489707946777 4.300000190734863
v -10.422981262207031 -15.599092483520508 4.400000095367432
v -10.519601821899414 -15.743696212768555 4.5
v -11.844379425048828 -15.435896873474121 4.800000190734863
v -10.616222381591797 -15.888299942016602 4.599999904632568
v -10.712843894958496 -16.03290367126465 4.699999809265137
v -10.809464454650879 -16.177507400512695 4.800000190734863
v -14.758942604064941 -12.943244934082031 4.900000095367432
v -14.889697074890137 -13.057913780212402 5
v -15.020451545715332 -13.172582626342773 5.099999904632568
v -15.151206016540527 -13.287251472473145 5.199999809265137
v -14.126763343811035 -14.126763343811035 5.099999904632568
v -14.249738693237305 -14.249738693237305 5.199999809265137
v -13.880813598632812 -13.880813598632812 4.900000095367432
v -14.003788948059082 -14.003788948059082 5
v -12.943244934082031 -14.758942604064941 4.900000095367432
v -13.057913780212402 -14.889697074890137 5
v -13.172582626342773 -15.020451545715332 5.099999904632568
v -13.287251472473145 -15.151206016540527 5.199999809265137
v -15.281961441040039 -13.401920318603516 5.300000190734863
v -14.372714042663574 -14.372714042663574 5.300000190734863
v -14.495689392089844 -14.495689392089844 5.400000095367432
v -14.495689392089844 -14.495689392089844 5.5
v -14.495689392089844 -14.495689392089844 5.599999904632568
v -13.401920318603516 -15.281961441040039 5.300000190734863
v -13.516589164733887 -15.412715911865234 5.400000095367432
v -13.516589164733887 -15.412715911865234 5.5
v -13.516589164733887 -15.412715911865234 5.599999904632568
v -11.950251579284668 -15.573870658874512 4.900000095367432
v -12.056122779846191 -15.711845397949219 5
v -12.267866134643555 -15.987794876098633 5.199999809265137
v -12.161993980407715 -15.849820137023926 5.099999904632568
v -10.906085014343262 -16.32210922241211 4.900000095367432
v -11.002706527709961 -16.466712951660156 5
v -11.099327087402344 -16.611316680908203 5.099999904632568
v -11.195947647094727 -16.75592041015625 5.199999809265137
v -12.373737335205078 -16.125768661499023 5.300000190734863
v -12.479609489440918 -16.263744354248047 5.400000095367432
v -12.479609489440918 -16.263744354248047 5.5
v -12.479609489440918 -16.263744354248047 5.599999904632568
v -11.292569160461426 -16.900524139404297 5.300000190734863
v -11.389189720153809 -17.04512596130371 5.400000095367432
v -11.389189720153809 -17.04512596130371 5.5
v -11.389189720153809 -17.04512596130371 5.599999904632568
v -4.050000190734863 -4.959819422097685e-16 3.0999999046325684
v -4.050000190734863 -4.010718475303649e-16 3.140000104904175
v -4.050000190734863 -3.0616169991140216e-16 3.200000047683716
v -4.050000190734863 -3.0616167344162256e-16 3.299999952316284
v -4.050000190734863 -3.0616169991140216e-16 3.4000000953674316
v -2.0250000953674316 -3.5074028968811035 3.0999999046325684
v -2.0250000953674316 -3.5074028968811035 3.200000047683716
v -2.0250000953674316 -3.5074028968811035 3.299999952316284
v -2.0250000953674316 -3.5074028968811035 3.4000000953674316
v -4.050000190734863 -3.0616167344162256e-16 3.5
v -4.050000190734863 -3.0616169991140216e-16 3.5999999046325684
v -4.050000190734863 -3.0616169991140216e-16 3.700000047683716
v -4.050000190734863 -3.0616167344162256e-16 3.799999952316284
v -4.050000190734863 -3.0616167344162256e-16 3.9000000953674316
v -4.050000190734863 -3.0616169991140216e-16 4
v -4.050000190734863 -3.0616167344162256e-16 4.099999904632568
v -4.050000190734863 -3.0616169991140216e-16 4.199999809265137
v -2.0250000953674316 -3.5074028968811035 3.5
v -2.0250000953674316 -3.5074028968811035 3.5999999046325684
v -2.0250000953674316 -3.5074028968811035 3.700000047683716
v -2.0250000953674316 -3.5074028968811035 3.799999952316284
v -2.0250000953674316 -3.5074028968811035 3.9000000953674316
v -2.0250000953674316 -3.5074028968811035 4
v -2.0250000953674316 -3.5074028968811035 4.099999904632568
v -2.0250000953674316 -3.5074028968811035 4.199999809265137
v -10.044563293457031 -13.090330123901367 3.0999999046325684
v -9.166909217834473 -13.71924877166748 3.0999999046325684
v -8.25 -14.289419174194336 3.0999999046325684
v -10.150434494018555 -13.228304862976074 3.200000047683716
v -9.263529777526855 -13.863851547241211 3.200000047683716
v -9.360151290893555 -14.008455276489258 3.299999952316284
v -9.456771850585938 -14.153059005737305 3.4000000953674316
v -8.336956977844238 -14.440032005310059 3.200000047683716
v -8.42391300201416 -14.590645790100098 3.299999952316284
v -8.510869979858398 -14.74125862121582 3.4000000953674316
v -7.297763347625732 -14.798399925231934 3.0999999046325684
v -6.314276695251465 -15.244011878967285 3.0999999046325684
v -7.374683380126953 -14.954378128051758 3.200000047683716
v -7.451602935791016 -15.110356330871582 3.299999952316284
v -7.528522968292236 -15.26633358001709 3.4000000953674316
v -5.303750991821289 -15.624346733093262 3.0999999046325684
v -6.447383880615234 -15.565361976623535 3.299999952316284
v -6.513937950134277 -15.726036071777344 3.4000000953674316
v -6.38083028793335 -15.40468692779541 3.200000047683716
v -5.359653472900391 -15.789031028747559 3.200000047683716
v -5.415555953979492 -15.953714370727539 3.299999952316284
v -5.471458911895752 -16.118396759033203 3.4000000953674316
v -9.65001392364502 -14.442265510559082 3.5999999046325684
v -9.55339241027832 -14.297661781311035 3.5
v -9.746634483337402 -14.586869239807129 3.700000047683716
v -9.843255043029785 -14.73147201538086 3.799999952316284
v -8.59782600402832 -14.891871452331543 3.5
v -8.684782981872559 -15.042484283447266 3.5999999046325684
v -8.77173900604248 -15.193098068237305 3.700000047683716
v -8.858695983886719 -15.343710899353027 3.799999952316284
v -9.939876556396484 -14.876075744628906 3.9000000953674316
v -10.036497116088867 -15.020679473876953 4
v -10.13311767578125 -15.165282249450684 4.099999904632568
v -10.22973918914795 -15.30988597869873 4.199999809265137
v -7.759282112121582 -15.734267234802246 3.700000047683716
v -7.8362016677856445 -15.89024543762207 3.799999952316284
v -9.032608985900879 -15.644937515258789 4
v -9.1195650100708 -15.795550346374512 4.099999904632568
v -9.206521987915039 -15.946163177490234 4.199999809265137
v -8.94565200805664 -15.49432373046875 3.9000000953674316
v -7.913121700286865 -16.046222686767578 3.9000000953674316
v -7.990041255950928 -16.20220184326172 4
v -8.066961288452148 -16.358179092407227 4.099999904632568
v -8.143880844116211 -16.514156341552734 4.199999809265137
v -7.605442523956299 -15.422311782836914 3.5
v -7.6823625564575195 -15.578289985656738 3.5999999046325684
v -6.580491542816162 -15.886711120605469 3.5
v -6.647045135498047 -16.047386169433594 3.5999999046325684
v -6.713598728179932 -16.20806121826172 3.700000047683716
v -6.780152320861816 -16.36873435974121 3.799999952316284
v -5.5273613929748535 -16.2830810546875 3.5
v -5.583263874053955 -16.447765350341797 3.5999999046325684
v -5.639166355133057 -16.61244773864746 3.700000047683716
v -5.695068836212158 -16.777132034301758 3.799999952316284
v -6.846705913543701 -16.529409408569336 3.9000000953674316
v -6.913259506225586 -16.69008445739746 4
v -6.979813098907471 -16.850759506225586 4.099999904632568
v -7.0463666915893555 -17.01143455505371 4.199999809265137
v -5.806873798370361 -17.10649871826172 4
v -5.75097131729126 -16.941814422607422 3.9000000953674316
v -5.862776279449463 -17.271183013916016 4.099999904632568
v -5.9186787605285645 -17.43586540222168 4.199999809265137
v -4.270514011383057 -15.937776565551758 3.0999999046325684
v -3.2189903259277344 -16.18295669555664 3.0999999046325684
v -4.315526008605957 -16.105762481689453 3.200000047683716
v -4.360538005828857 -16.27375030517578 3.299999952316284
v -4.405550003051758 -16.44173812866211 3.4000000953674316
v -3.2529191970825195 -16.35352897644043 3.200000047683716
v -3.2868478298187256 -16.524099349975586 3.299999952316284
v -3.3207767009735107 -16.694671630859375 3.4000000953674316
v -2.153682231903076 -16.358840942382812 3.0999999046325684
v -1.0791516304016113 -16.464672088623047 3.0999999046325684
v -3.0310008873563965e-15 -16.5 3.0999999046325684
v -2.176382303237915 -16.531265258789062 3.200000047683716
v -2.199082612991333 -16.703691482543945 3.299999952316284
v -2.221782684326172 -16.876115798950195 3.4000000953674316
v -1.0905261039733887 -16.638212203979492 3.200000047683716
v -1.101900577545166 -16.81175422668457 3.299999952316284
v -3.06294821726975e-15 -16.673913955688477 3.200000047683716
v -3.0948955471831038e-15 -16.84782600402832 3.299999952316284
v -1.1132750511169434 -16.985294342041016 3.4000000953674316
v -3.1268428770964574e-15 -17.021739959716797 3.4000000953674316
v -4.450562000274658 -16.609724044799805 3.5
v -4.495573997497559 -16.777711868286133 3.5999999046325684
v -4.540585994720459 -16.94569969177246 3.700000047683716
v -4.585597991943359 -17.113685607910156 3.799999952316284
v -3.354705333709717 -16.86524200439453 3.5
v -3.388634204864502 -17.03581428527832 3.5999999046325684
v -3.422562837600708 -17.206384658813477 3.700000047683716
v -3.456491708755493 -17.376956939697266 3.799999952316284
v -4.63060998916626 -17.281673431396484 3.9000000953674316
v -4.67562198638916 -17.44965934753418 4
v -4.7206339836120605 -17.617647171020508 4.099999904632568
v -4.765645980834961 -17.785634994506836 4.199999809265137
v -3.490420341491699 -17.547527313232422 3.9000000953674316
v -3.5243492126464844 -17.71809959411621 4
v -3.5582778453826904 -17.888669967651367 4.099999904632568
v -3.5922067165374756 -18.059242248535156 4.199999809265137
v -2.24448299407959 -17.048540115356445 3.5
v -2.2671830654144287 -17.220966339111328 3.5999999046325684
v -2.2898833751678467 -17.393390655517578 3.700000047683716
v -2.3125836849212646 -17.56581687927246 3.799999952316284
v -1.1246495246887207 -17.15883445739746 3.5
v -1.1360238790512085 -17.33237648010254 3.5999999046325684
v -3.158790207009811e-15 -17.19565200805664 3.5
v -3.190737325164928e-15 -17.369565963745117 3.5999999046325684
v -1.1473983526229858 -17.505916595458984 3.700000047683716
v -1.1587728261947632 -17.67945671081543 3.799999952316284
v -3.2226846550782815e-15 -17.54347801208496 3.700000047683716
v -3.254631984991635e-15 -17.717391967773438 3.799999952316284
v -2.3352837562561035 -17.73824119567871 3.9000000953674316
v -2.3579840660095215 -17.910667419433594 4
v -1.1701472997665405 -17.852996826171875 3.9000000953674316
v -3.2865793149049888e-15 -17.89130401611328 3.9000000953674316
v -2.3806841373443604 -18.083091735839844 4.099999904632568
v -2.4033844470977783 -18.255517959594727 4.199999809265137
v -1.1815217733383179 -18.026538848876953 4
v -3.3185266448183424e-15 -18.065217971801758 4
v -1.1928962469100952 -18.2000789642334 4.099999904632568
v -1.2042707204818726 -18.373619079589844 4.199999809265137
v -3.350473974731696e-15 -18.2391300201416 4.099999904632568
v -3.3824213046450497e-15 -18.413043975830078 4.199999809265137
v -4.050000190734863 -3.0616164697184296e-16 4.300000190734863
v -4.050000190734863 -3.0616167344162256e-16 4.400000095367432
v -4.050000190734863 -3.0616169991140216e-16 4.5
v -4.050000190734863 -3.0616167344162256e-16 4.599999904632568
v -4.050000190734863 -3.0616169991140216e-16 4.699999809265137
v -4.050000190734863 -3.0616169991140216e-16 4.800000190734863
v -2.0250000953674316 -3.5074028968811035 4.300000190734863
v -2.0250000953674316 -3.5074028968811035 4.400000095367432
v -2.0250000953674316 -3.5074028968811035 4.5
v -2.0250000953674316 -3.5074028968811035 4.599999904632568
v -2.0250000953674316 -3.5074028968811035 4.699999809265137
v -2.0250000953674316 -3.5074028968811035 4.800000190734863
v -4.050000190734863 -3.0616167344162256e-16 4.900000095367432
v -4.050000190734863 -3.0616169991140216e-16 5
v -4.050000190734863 -3.0616167344162256e-16 5.099999904632568
v -4.050000190734863 -3.0616169991140216e-16 5.199999809265137
v -4.050000190734863 -3.0616169991140216e-16 5.300000190734863
v -4.050000190734863 -3.0616167344162256e-16 5.400000095367432
v -4.050000190734863 -3.0616169991140216e-16 5.5
v -4.050000190734863 -3.0616167344162256e-16 5.599999904632568
v -2.0250000953674316 -3.5074028968811035 4.900000095367432
v -2.0250000953674316 -3.5074028968811035 5
v -2.0250000953674316 -3.5074028968811035 5.099999904632568
v -2.0250000953674316 -3.5074028968811035 5.199999809265137
v -2.0250000953674316 -3.5074028968811035 5.300000190734863
v -2.0250000953674316 -3.5074028968811035 5.400000095367432
v -2.0250000953674316 -3.5074028968811035 5.5
v -2.0250000953674316 -3.5074028968811035 5.599999904632568
v -9.293478012084961 -16.096776962280273 4.300000190734863
v -9.3804349899292 -16.24738883972168 4.400000095367432
v -9.467391014099121 -16.39800262451172 4.5
v -8.220800399780273 -16.670135498046875 4.300000190734863
v -8.374640464782715 -16.98208999633789 4.5
v -8.297720909118652 -16.826112747192383 4.400000095367432
v -9.55434799194336 -16.548616409301758 4.599999904632568
v -9.641304016113281 -16.699228286743164 4.699999809265137
v -9.72826099395752 -16.849842071533203 4.800000190734863
v -8.451560020446777 -17.13806915283203 4.599999904632568
v -8.52847957611084 -17.29404640197754 4.699999809265137
v -8.605400085449219 -17.450023651123047 4.800000190734863
v -7.112920761108398 -17.172109603881836 4.300000190734863
v -7.179474353790283 -17.332782745361328 4.400000095367432
v -7.246027946472168 -17.493457794189453 4.5
v -5.974581241607666 -17.600549697875977 4.300000190734863
v -6.030483722686768 -17.76523208618164 4.400000095367432
v -6.086386203765869 -17.929916381835938 4.5
v -7.312581539154053 -17.654132843017578 4.599999904632568
v -7.3791351318359375 -17.814807891845703 4.699999809265137
v -7.445688724517822 -17.975482940673828 4.800000190734863
v -6.142288684844971 -18.0945987701416 4.599999904632568
v -6.198191165924072 -18.2592830657959 4.699999809265137
v -6.254094123840332 -18.423967361450195 4.800000190734863
v -9.815217018127441 -17.000455856323242 4.900000095367432
v -9.90217399597168 -17.15106773376465 5
v -9.989130020141602 -17.301681518554688 5.099999904632568
v -10.07608699798584 -17.452295303344727 5.199999809265137
v -8.682319641113281 -17.606000900268555 4.900000095367432
v -8.759239196777344 -17.761980056762695 5
v -8.836158752441406 -17.917957305908203 5.099999904632568
v -8.913078308105469 -18.07393455505371 5.199999809265137
v -7.711903095245361 -18.618181228637695 5.199999809265137
v -10.163043975830078 -17.602907180786133 5.300000190734863
v -10.25 -17.753520965576172 5.400000095367432
v -10.25 -17.753520965576172 5.5
v -10.25 -17.753520965576172 5.599999904632568
v -8.989998817443848 -18.22991371154785 5.300000190734863
v -9.06691837310791 -18.38589096069336 5.400000095367432
v -9.06691837310791 -18.38589096069336 5.5
v -9.06691837310791 -18.38589096069336 5.599999904632568
v -7.778457164764404 -18.77885627746582 5.300000190734863
v -7.845010757446289 -18.939529418945312 5.400000095367432
v -7.845010757446289 -18.939529418945312 5.5
v -7.845010757446289 -18.939529418945312 5.599999904632568
v -7.512242317199707 -18.13615608215332 4.900000095367432
v -7.578795909881592 -18.296831130981445 5
v -7.645349502563477 -18.45750617980957 5.099999904632568
v -6.421801567077637 -18.91801643371582 5.099999904632568
v -6.477704048156738 -19.082700729370117 5.199999809265137
v -6.309996604919434 -18.58864974975586 4.900000095367432
v -6.365899085998535 -18.753334045410156 5
v -5.125741958618164 -19.129531860351562 5
v -5.1707539558410645 -19.297517776489258 5.099999904632568
v -5.215765953063965 -19.465505599975586 5.199999809265137
v -6.53360652923584 -19.247385025024414 5.300000190734863
v -6.589509010314941 -19.412067413330078 5.400000095367432
v -6.589509010314941 -19.412067413330078 5.5
v -6.589509010314941 -19.412067413330078 5.599999904632568
v -5.260777950286865 -19.633493423461914 5.300000190734863
v -5.305789947509766 -19.80147933959961 5.400000095367432
v -5.305789947509766 -19.80147933959961 5.5
v -5.305789947509766 -19.80147933959961 5.599999904632568
v -4.810657978057861 -17.95362091064453 4.300000190734863
v -4.855669975280762 -18.12160873413086 4.400000095367432
v -4.900681972503662 -18.289594650268555 4.5
v -3.6261353492736816 -18.229812622070312 4.300000190734863
v -3.660064220428467 -18.4003849029541 4.400000095367432
v -3.693992853164673 -18.570955276489258 4.5
v -4.9456939697265625 -18.457582473754883 4.599999904632568
v -4.990705966949463 -18.62557029724121 4.699999809265137
v -5.035717964172363 -18.793556213378906 4.800000190734863
v -3.727921724319458 -18.741527557373047 4.599999904632568
v -3.761850357055664 -18.912097930908203 4.699999809265137
v -3.795779228210449 -19.082670211791992 4.800000190734863
v -2.426084518432617 -18.427942276000977 4.300000190734863
v -2.448784828186035 -18.60036849975586 4.400000095367432
v -2.471485137939453 -18.77279281616211 4.5
v -1.2156450748443604 -18.547161102294922 4.300000190734863
v -3.4143686345584033e-15 -18.586956024169922 4.300000190734863
v -1.2270195484161377 -18.720701217651367 4.400000095367432
v -1.238394021987915 -18.894241333007812 4.5
v -3.446315964471757e-15 -18.7608699798584 4.400000095367432
v -3.4782632943851106e-15 -18.934782028198242 4.5
v -2.494185209274292 -18.945219039916992 4.599999904632568
v -2.51688551902771 -19.117643356323242 4.699999809265137
v -2.539585590362549 -19.290067672729492 4.800000190734863
v -1.2497684955596924 -19.06778335571289 4.599999904632568
v -3.5102104125402274e-15 -19.10869598388672 4.599999904632568
v -1.2611429691314697 -19.241323471069336 4.699999809265137
v -3.542157742453581e-15 -19.282608032226562 4.699999809265137
v -1.272517442703247 -19.41486358642578 4.800000190734863
v -3.574105072366935e-15 -19.45652198791504 4.800000190734863
v -2.775135040283203 -15.316757202148438 5
v -2.775135040283203 -15.316757202148438 5.599999904632568
v -0.018378378823399544 -11.411351203918457 5
v -0.707567572593689 -12.100540161132812 5
v -0.707567572593689 -12.330269813537598 5
v -0.9372972846031189 -12.559999465942383 5
v -0.9372972846031189 -12.789730072021484 5
v -0.707567572593689 -12.559999465942383 5
v -0.707567572593689 -12.596756935119629 5
v -0.47783783078193665 -11.870810508728027 5
v -0.47783783078193665 -12.100540161132812 5
v -0.47783783078193665 -12.137297630310059 5
v -0.24810810387134552 -11.641080856323242 5
v -0.018378378823399544 -11.641080856323242 5
v -0.24810810387134552 -11.870810508728027 5
v -0.5123732089996338 -12.559999465942383 5
v -2.0859458446502686 -14.627567291259766 5
v -2.315675735473633 -14.85729694366455 5
v -2.545405387878418 -15.087026596069336 5
v -2.545405387878418 -15.316757202148438 5
v -2.545405387878418 -15.353513717651367 5
v -2.315675735473633 -15.087026596069336 5
v -2.315675735473633 -15.123784065246582 5
v -2.0859458446502686 -14.85729694366455 5
v -1.6264865398406982 -14.39783763885498 5
v -1.6264865398406982 -14.627567291259766 5
v -0.9372972846031189 -13.0562162399292 5
v -0.9372972846031189 -13.249189376831055 5
v -0.9372972846031189 -13.51567554473877 5
v -0.707567572593689 -13.51567554473877 5
v -0.707567572593689 -13.708648681640625 5
v -0.707567572593689 -13.97513484954834 5
v -0.47783783078193665 -13.97513484954834 5
v -0.21135134994983673 -13.51567554473877 5
v -0.21135134994983673 -13.708648681640625 5
v -0.21135134994983673 -13.745405197143555 5
v -0.018378378823399544 -13.51567554473877 5
v -0.018378378823399544 -13.708648681640625 5
v -0.21135134994983673 -13.93837833404541 5
v -0.21135134994983673 -13.97513484954834 5
v -0.018378378823399544 -13.93837833404541 5
v -0.018378378823399544 -13.97513484954834 5
v -1.13027024269104 -15.353513717651367 5
v -0.9372972846031189 -15.353513717651367 5
v -0.6708108186721802 -15.123784065246582 5
v -0.6708108186721802 -15.316757202148438 5
v -0.6708108186721802 -15.353513717651367 5
v -0.47783783078193665 -14.204864501953125 5
v -0.20850339531898499 -14.664324760437012 5
v -0.44108107686042786 -14.85729694366455 5
v -0.44108107686042786 -14.894054412841797 5
v -0.44108107686042786 -15.123784065246582 5
v -0.018378378823399544 -15.087026596069336 5
v -0.018378378823399544 -15.316757202148438 5
v -0.018378378823399544 -11.411351203918457 5.599999904632568
v -0.707567572593689 -12.100540161132812 5.599999904632568
v -0.707567572593689 -12.330269813537598 5.599999904632568
v -0.9372972846031189 -12.559999465942383 5.599999904632568
v -0.9372972846031189 -12.789730072021484 5.599999904632568
v -0.707567572593689 -12.559999465942383 5.599999904632568
v -0.47783783078193665 -11.870810508728027 5.599999904632568
v -0.47783783078193665 -12.100540161132812 5.599999904632568
v -0.24810810387134552 -11.641080856323242 5.599999904632568
v -0.018378378823399544 -11.641080856323242 5.599999904632568
v -0.24810810387134552 -11.870810508728027 5.599999904632568
v -2.0859458446502686 -14.627567291259766 5.599999904632568
v -2.315675735473633 -14.85729694366455 5.599999904632568
v -2.545405387878418 -15.087026596069336 5.599999904632568
v -2.545405387878418 -15.316757202148438 5.599999904632568
v -2.315675735473633 -15.087026596069336 5.599999904632568
v -2.0859458446502686 -14.85729694366455 5.599999904632568
v -1.6264865398406982 -14.39783763885498 5.599999904632568
v -1.6264865398406982 -14.627567291259766 5.599999904632568
v -0.9372972846031189 -13.0562162399292 5.599999904632568
v -0.9372972846031189 -13.249189376831055 5.599999904632568
v -0.9372972846031189 -13.51567554473877 5.599999904632568
v -0.707567572593689 -13.51567554473877 5.599999904632568
v -0.707567572593689 -13.708648681640625 5.599999904632568
v -0.707567572593689 -13.97513484954834 5.599999904632568
v -0.47783783078193665 -13.97513484954834 5.599999904632568
v -0.21135134994983673 -13.51567554473877 5.599999904632568
v -0.21135134994983673 -13.745405197143555 5.599999904632568
v -0.018378378823399544 -13.51567554473877 5.599999904632568
v -0.018378378823399544 -13.708648681640625 5.599999904632568
v -0.21135134994983673 -13.93837833404541 5.599999904632568
v -0.018378378823399544 -13.93837833404541 5.599999904632568
v -1.13027024269104 -15.353513717651367 5.599999904632568
v -0.9372972846031189 -15.353513717651367 5.599999904632568
v -0.6708108186721802 -15.123784065246582 5.599999904632568
v -0.6708108186721802 -15.316757202148438 5.599999904632568
v -0.47783783078193665 -14.204864501953125 5.599999904632568
v -0.44108107686042786 -14.894054412841797 5.599999904632568
v -0.44108107686042786 -15.123784065246582 5.599999904632568
v -0.018378378823399544 -15.087026596069336 5.599999904632568
v -0.018378378823399544 -15.316757202148438 5.599999904632568
v -3.2345945835113525 -16.005945205688477 5
v -3.2345945835113525 -16.272432327270508 5
v -3.0048649311065674 -15.546486854553223 5
v -3.0048649311065674 -15.812973022460938 5
v -3.0048649311065674 -16.005945205688477 5
v -2.775135040283203 -15.546486854553223 5
v -3.0048649311065674 -16.272432327270508 5
v -3.0048649311065674 -16.50216293334961 5
v -5.080729961395264 -18.961544036865234 4.900000095367432
v -3.8636367321014404 -19.423812866210938 5
v -3.8975653648376465 -19.594383239746094 5.099999904632568
v -3.9314942359924316 -19.764955520629883 5.199999809265137
v -3.8297078609466553 -19.25324058532715 4.900000095367432
v -2.5849859714508057 -19.634918212890625 5
v -2.6076862812042236 -19.807344436645508 5.099999904632568
v -2.6303863525390625 -19.979768753051758 5.199999809265137
v -3.0048649311065674 -15.812973022460938 5.305000305175781
v -3.0048649311065674 -15.776216506958008 5.347068786621094
v -3.2345945835113525 -16.005945205688477 5.599999904632568
v -3.2345945835113525 -16.272432327270508 5.599999904632568
v -3.0048649311065674 -15.812973022460938 5.525863170623779
v -3.0048649311065674 -15.546486854553223 5.599999904632568
v -3.0048649311065674 -15.780585289001465 5.599999904632568
v -3.0048649311065674 -15.776216506958008 5.599999904632568
v -3.0048649311065674 -15.812973022460938 5.599999904632568
v -3.0048649311065674 -16.005945205688477 5.599999904632568
v -2.775135040283203 -15.546486854553223 5.599999904632568
v -3.0048649311065674 -16.272432327270508 5.599999904632568
v -3.0048649311065674 -16.50216293334961 5.599999904632568
v -3.9654228687286377 -19.935527801513672 5.300000190734863
v -3.999351739883423 -20.106098175048828 5.400000095367432
v -3.999351739883423 -20.106098175048828 5.5
v -3.999351739883423 -20.106098175048828 5.599999904632568
v -2.6530866622924805 -20.15219497680664 5.300000190734863
v -2.6757869720458984 -20.32461929321289 5.400000095367432
v -2.6757869720458984 -20.32461929321289 5.5
v -2.6757869720458984 -20.32461929321289 5.599999904632568
v -1.13027024269104 -15.546486854553223 5
v -0.9372972846031189 -15.546486854553223 5
v -0.6708108186721802 -16.272432327270508 5
v -0.6708108186721802 -16.50216293334961 5
v -0.21135134994983673 -16.005945205688477 5
v -0.21135134994983673 -16.04270362854004 5
v -0.21135134994983673 -16.272432327270508 5
v -2.562285900115967 -19.462493896484375 4.900000095367432
v -1.2838919162750244 -19.588403701782227 4.900000095367432
v -1.2952662706375122 -19.761945724487305 5
v -1.3066407442092896 -19.93548583984375 5.099999904632568
v -1.318015217781067 -20.109025955200195 5.199999809265137
v -3.606052614038525e-15 -19.630434036254883 4.900000095367432
v -3.637999732193642e-15 -19.80434799194336 5
v -3.669946850348759e-15 -19.978260040283203 5.099999904632568
v -3.701894392020349e-15 -20.15217399597168 5.199999809265137
v -1.13027024269104 -15.546486854553223 5.599999904632568
v -0.9372972846031189 -15.546486854553223 5.599999904632568
v -0.6708108186721802 -16.272432327270508 5.599999904632568
v -0.6708108186721802 -16.50216293334961 5.599999904632568
v -0.21135134994983673 -16.04270362854004 5.599999904632568
v -0.21135134994983673 -16.272432327270508 5.599999904632568
v -1.3293896913528442 -20.282567977905273 5.300000190734863
v -1.3407641649246216 -20.45610809326172 5.400000095367432
v -1.3407641649246216 -20.45610809326172 5.5
v -1.3407641649246216 -20.45610809326172 5.599999904632568
v -3.733841510175466e-15 -20.326087951660156 5.300000190734863
v -3.7657890518470565e-15 -20.5 5.400000095367432
v -3.7657890518470565e-15 -20.5 5.5
v -3.7657890518470565e-15 -20.5 5.599999904632568
v 1.0103335938257594e-15 16.5 -1.547080717389248e-23
v 1.0791516304016113 16.464672088623047 -2.1059558521246777e-23
v 2.153682231903076 16.358840942382812 4.2102131289482335e-23
v 3.2189903259277344 16.18295669555664 3.393083550960808e-23
v 4.270514011383057 15.937776565551758 -3.6713283606398285e-23
v 5.303750991821289 15.624346733093262 3.8700824967989866e-23
v 6.314276695251465 15.244011878967285 -2.1461099766056945e-23
v 7.297763347625732 14.798399925231934 5.121183391410216e-23
v 8.25 14.289419174194336 -2.018662555391274e-23
v 9.166909217834473 13.71924877166748 2.5332780968366453e-24
v 10.044563293457031 13.090330123901367 2.179013996051187e-23
v 2.0250000953674316 3.5074028968811035 1.0113586305005324e-24
v 10.879205703735352 12.405356407165527 -1.8113579558804255e-23
v 11.667262077331543 11.667262077331543 -1.8034344791762046e-23
v 12.405356407165527 10.879205703735352 3.646255126742193e-24
v 13.090330123901367 10.044563293457031 2.1541266966689125e-24
v 13.71924877166748 9.166909217834473 1.544567879861757e-23
v 14.289419174194336 8.25 -7.73540358694624e-24
v 14.798399925231934 7.297763347625732 -1.276353357706531e-23
v 15.244011878967285 6.314276695251465 -7.535402892784652e-24
v 15.624346733093262 5.303750991821289 3.814801570029904e-24
v 15.937776565551758 4.270514011383057 1.0518915068236685e-23
v 16.18295669555664 3.2189903259277344 3.874844534539444e-24
v 16.358840942382812 2.153682231903076 -6.274646182921336e-24
v 16.464672088623047 1.0791516304016113 -3.716352320704001e-25
v 2.0250000953674316 -3.5074028968811035 -1.0113586305005324e-24
v 4.050000190734863 0 0
v 1.0791516304016113 -16.464672088623047 2.1059558521246777e-23
v 2.153682231903076 -16.358840942382812 -4.2102131289482335e-23
v 3.2189903259277344 -16.18295669555664 -3.393083550960808e-23
v 4.270514011383057 -15.937776565551758 3.6713283606398285e-23
v 6.314276695251465 -15.244011878967285 2.1461099766056945e-23
v 7.297763347625732 -14.798399925231934 -5.121183391410216e-23
v 8.25 -14.289419174194336 2.018662555391274e-23
v 9.166909217834473 -13.71924877166748 -2.5332780968366453e-24
v 10.044563293457031 -13.090330123901367 -2.179013996051187e-23
v 5.303750991821289 -15.624346733093262 -3.8700824967989866e-23
v 15.244011878967285 -6.314276695251465 7.535402892784652e-24
v 14.798399925231934 -7.297763347625732 1.276353357706531e-23
v 13.090330123901367 -10.044563293457031 -2.1541266966689125e-24
v 13.71924877166748 -9.166909217834473 -1.544567879861757e-23
v 14.289419174194336 -8.25 7.73540358694624e-24
v 16.5 0 0
v 16.464672088623047 -1.0791516304016113 3.716352320704001e-25
v 16.358840942382812 -2.153682231903076 6.274646182921336e-24
v 16.18295669555664 -3.2189903259277344 -3.874844534539444e-24
v 15.937776565551758 -4.270514011383057 -1.0518915068236685e-23
v 15.624346733093262 -5.303750991821289 -3.814801570029904e-24
v 10.879205703735352 -12.405356407165527 1.8113579558804255e-23
v 12.405356407165527 -10.879205703735352 -3.646255126742193e-24
v 11.667262077331543 -11.667262077331543 1.8034344791762046e-23
v 1.0103335938257594e-15 16.5 3.0999999046325684
v 1.0791516304016113 16.464672088623047 3.0999999046325684
v 2.153682231903076 16.358840942382812 3.0999999046325684
v 1.0209827037968773e-15 16.673913955688477 3.200000047683716
v 1.0316318137679951e-15 16.84782600402832 3.299999952316284
v 1.101900577545166 16.81175422668457 3.299999952316284
v 1.0905261039733887 16.638212203979492 3.200000047683716
v 1.042280923739113e-15 17.021739959716797 3.4000000953674316
v 1.1132750511169434 16.985294342041016 3.4000000953674316
v 2.199082612991333 16.703691482543945 3.299999952316284
v 2.176382303237915 16.531265258789062 3.200000047683716
v 2.221782684326172 16.876115798950195 3.4000000953674316
v 3.2189903259277344 16.18295669555664 3.0999999046325684
v 4.270514011383057 15.937776565551758 3.0999999046325684
v 3.2529191970825195 16.35352897644043 3.200000047683716
v 3.2868478298187256 16.524099349975586 3.299999952316284
v 3.3207767009735107 16.694671630859375 3.4000000953674316
v 4.315526008605957 16.105762481689453 3.200000047683716
v 4.360538005828857 16.27375030517578 3.299999952316284
v 4.405550003051758 16.44173812866211 3.4000000953674316
v 1.0529300337102309e-15 17.19565200805664 3.5
v 1.0635791436813488e-15 17.369565963745117 3.5999999046325684
v 1.1246495246887207 17.15883445739746 3.5
v 1.1360238790512085 17.33237648010254 3.5999999046325684
v 1.0742282536524666e-15 17.54347801208496 3.700000047683716
v 1.0848772577444661e-15 17.717391967773438 3.799999952316284
v 1.1473983526229858 17.505916595458984 3.700000047683716
v 1.1587728261947632 17.67945671081543 3.799999952316284
v 2.24448299407959 17.048540115356445 3.5
v 2.2671830654144287 17.220966339111328 3.5999999046325684
v 2.2898833751678467 17.393390655517578 3.700000047683716
v 2.3125836849212646 17.56581687927246 3.799999952316284
v 1.1061754776867019e-15 18.065217971801758 4
v 1.1815217733383179 18.026538848876953 4
v 1.1168245876578197e-15 18.2391300201416 4.099999904632568
v 1.1274736976289376e-15 18.413043975830078 4.199999809265137
v 1.1928962469100952 18.2000789642334 4.099999904632568
v 1.2042707204818726 18.373619079589844 4.199999809265137
v 2.3806841373443604 18.083091735839844 4.099999904632568
v 2.4033844470977783 18.255517959594727 4.199999809265137
v 1.095526367715584e-15 17.89130401611328 3.9000000953674316
v 1.1701472997665405 17.852996826171875 3.9000000953674316
v 2.3352837562561035 17.73824119567871 3.9000000953674316
v 2.3579840660095215 17.910667419433594 4
v 3.354705333709717 16.86524200439453 3.5
v 3.388634204864502 17.03581428527832 3.5999999046325684
v 3.422562837600708 17.206384658813477 3.700000047683716
v 3.456491708755493 17.376956939697266 3.799999952316284
v 4.495573997497559 16.777711868286133 3.5999999046325684
v 4.450562000274658 16.609724044799805 3.5
v 4.540585994720459 16.94569969177246 3.700000047683716
v 4.585597991943359 17.113685607910156 3.799999952316284
v 3.5922067165374756 18.059242248535156 4.199999809265137
v 3.490420341491699 17.547527313232422 3.9000000953674316
v 3.5243492126464844 17.71809959411621 4
v 3.5582778453826904 17.888669967651367 4.099999904632568
v 4.63060998916626 17.281673431396484 3.9000000953674316
v 4.67562198638916 17.44965934753418 4
v 4.7206339836120605 17.617647171020508 4.099999904632568
v 4.765645980834961 17.785634994506836 4.199999809265137
v 5.303750991821289 15.624346733093262 3.0999999046325684
v 5.359653472900391 15.789031028747559 3.200000047683716
v 5.415555953979492 15.953714370727539 3.299999952316284
v 6.38083028793335 15.40468692779541 3.200000047683716
v 5.471458911895752 16.118396759033203 3.4000000953674316
v 6.447383880615234 15.565361976623535 3.299999952316284
v 6.513937950134277 15.726036071777344 3.4000000953674316
v 6.314276695251465 15.244011878967285 3.0999999046325684
v 7.297763347625732 14.798399925231934 3.0999999046325684
v 7.374683380126953 14.954378128051758 3.200000047683716
v 7.451602935791016 15.110356330871582 3.299999952316284
v 7.528522968292236 15.26633358001709 3.4000000953674316
v 8.25 14.289419174194336 3.0999999046325684
v 9.166909217834473 13.71924877166748 3.0999999046325684
v 10.044563293457031 13.090330123901367 3.0999999046325684
v 8.336956977844238 14.440032005310059 3.200000047683716
v 8.42391300201416 14.590645790100098 3.299999952316284
v 8.510869979858398 14.74125862121582 3.4000000953674316
v 9.263529777526855 13.863851547241211 3.200000047683716
v 9.360151290893555 14.008455276489258 3.299999952316284
v 10.150434494018555 13.228304862976074 3.200000047683716
v 9.456771850585938 14.153059005737305 3.4000000953674316
v 5.5273613929748535 16.2830810546875 3.5
v 5.583263874053955 16.447765350341797 3.5999999046325684
v 5.695068836212158 16.777132034301758 3.799999952316284
v 5.639166355133057 16.61244773864746 3.700000047683716
v 6.580491542816162 15.886711120605469 3.5
v 6.647045135498047 16.047386169433594 3.5999999046325684
v 7.605442523956299 15.422311782836914 3.5
v 7.6823625564575195 15.578289985656738 3.5999999046325684
v 6.713598728179932 16.20806121826172 3.700000047683716
v 6.780152320861816 16.36873435974121 3.799999952316284
v 5.75097131729126 16.941814422607422 3.9000000953674316
v 5.806873798370361 17.10649871826172 4
v 5.862776279449463 17.271183013916016 4.099999904632568
v 5.9186787605285645 17.43586540222168 4.199999809265137
v 6.913259506225586 16.69008445739746 4
v 6.846705913543701 16.529409408569336 3.9000000953674316
v 6.979813098907471 16.850759506225586 4.099999904632568
v 7.0463666915893555 17.01143455505371 4.199999809265137
v 7.759282112121582 15.734267234802246 3.700000047683716
v 7.8362016677856445 15.89024543762207 3.799999952316284
v 7.913121700286865 16.046222686767578 3.9000000953674316
v 7.990041255950928 16.20220184326172 4
v 8.94565200805664 15.49432373046875 3.9000000953674316
v 8.066961288452148 16.358179092407227 4.099999904632568
v 8.143880844116211 16.514156341552734 4.199999809265137
v 9.032608985900879 15.644937515258789 4
v 9.1195650100708 15.795550346374512 4.099999904632568
v 9.206521987915039 15.946163177490234 4.199999809265137
v 8.59782600402832 14.891871452331543 3.5
v 8.684782981872559 15.042484283447266 3.5999999046325684
v 8.77173900604248 15.193098068237305 3.700000047683716
v 8.858695983886719 15.343710899353027 3.799999952316284
v 9.55339241027832 14.297661781311035 3.5
v 9.65001392364502 14.442265510559082 3.5999999046325684
v 9.746634483337402 14.586869239807129 3.700000047683716
v 9.843255043029785 14.73147201538086 3.799999952316284
v 9.939876556396484 14.876075744628906 3.9000000953674316
v 10.036497116088867 15.020679473876953 4
v 10.13311767578125 15.165282249450684 4.099999904632568
v 10.22973918914795 15.30988597869873 4.199999809265137
v 2.0250000953674316 3.5074028968811035 3.0999999046325684
v 2.0507965087890625 3.4627223014831543 3.0999999046325684
v 2.0250000953674316 3.5074028968811035 3.140000104904175
v 2.0250000953674316 3.5074028968811035 3.200000047683716
v 2.0250000953674316 3.5074028968811035 3.299999952316284
v 2.0250000953674316 3.5074028968811035 3.4000000953674316
v 2.0250000953674316 3.5074028968811035 3.5
v 2.0250000953674316 3.5074028968811035 3.5999999046325684
v 2.0250000953674316 3.5074028968811035 3.700000047683716
v 2.0250000953674316 3.5074028968811035 3.799999952316284
v 2.0250000953674316 3.5074028968811035 3.9000000953674316
v 2.0250000953674316 3.5074028968811035 4
v 2.0250000953674316 3.5074028968811035 4.099999904632568
v 2.0250000953674316 3.5074028968811035 4.199999809265137
v 1.1381228076000555e-15 18.586956024169922 4.300000190734863
v 1.2156450748443604 18.547161102294922 4.300000190734863
v 1.1487719175711734e-15 18.7608699798584 4.400000095367432
v 1.1594210275422913e-15 18.934782028198242 4.5
v 1.2270195484161377 18.720701217651367 4.400000095367432
v 1.238394021987915 18.894241333007812 4.5
v 2.426084518432617 18.427942276000977 4.300000190734863
v 2.448784828186035 18.60036849975586 4.400000095367432
v 2.471485137939453 18.77279281616211 4.5
v 1.180719247484527e-15 19.282608032226562 4.699999809265137
v 1.2611429691314697 19.241323471069336 4.699999809265137
v 1.1700701375134091e-15 19.10869598388672 4.599999904632568
v 1.2497684955596924 19.06778335571289 4.599999904632568
v 1.1913683574556449e-15 19.45652198791504 4.800000190734863
v 1.272517442703247 19.41486358642578 4.800000190734863
v 2.494185209274292 18.945219039916992 4.599999904632568
v 2.51688551902771 19.117643356323242 4.699999809265137
v 2.539585590362549 19.290067672729492 4.800000190734863
v 3.6261353492736816 18.229812622070312 4.300000190734863
v 3.660064220428467 18.4003849029541 4.400000095367432
v 3.693992853164673 18.570955276489258 4.5
v 4.810657978057861 17.95362091064453 4.300000190734863
v 4.855669975280762 18.12160873413086 4.400000095367432
v 4.900681972503662 18.289594650268555 4.5
v 3.727921724319458 18.741527557373047 4.599999904632568
v 3.761850357055664 18.912097930908203 4.699999809265137
v 3.795779228210449 19.082670211791992 4.800000190734863
v 4.9456939697265625 18.457582473754883 4.599999904632568
v 4.990705966949463 18.62557029724121 4.699999809265137
v 5.035717964172363 18.793556213378906 4.800000190734863
v 1.2020174674267628e-15 19.630434036254883 4.900000095367432
v 1.2126665773978806e-15 19.80434799194336 5
v 1.2233156873689985e-15 19.978260040283203 5.099999904632568
v 1.233964691460998e-15 20.15217399597168 5.199999809265137
v 1.2838919162750244 19.588403701782227 4.900000095367432
v 1.2952662706375122 19.761945724487305 5
v 2.562285900115967 19.462493896484375 4.900000095367432
v 1.3066407442092896 19.93548583984375 5.099999904632568
v 1.318015217781067 20.109025955200195 5.199999809265137
v 1.2446138014321159e-15 20.326087951660156 5.300000190734863
v 1.2552629114032337e-15 20.5 5.400000095367432
v 1.2552629114032337e-15 20.5 5.5
v 1.2552629114032337e-15 20.5 5.599999904632568
v 1.3293896913528442 20.282567977905273 5.300000190734863
v 1.3407641649246216 20.45610809326172 5.400000095367432
v 1.3407641649246216 20.45610809326172 5.5
v 1.3407641649246216 20.45610809326172 5.599999904632568
v 2.5849859714508057 19.634918212890625 5
v 3.8297078609466553 19.25324058532715 4.900000095367432
v 2.6076862812042236 19.807344436645508 5.099999904632568
v 2.6303863525390625 19.979768753051758 5.199999809265137
v 3.8636367321014404 19.423812866210938 5
v 5.080729961395264 18.961544036865234 4.900000095367432
v 3.8975653648376465 19.594383239746094 5.099999904632568
v 3.9314942359924316 19.764955520629883 5.199999809265137
v 2.6530866622924805 20.15219497680664 5.300000190734863
v 2.6757869720458984 20.32461929321289 5.400000095367432
v 2.6757869720458984 20.32461929321289 5.5
v 2.6757869720458984 20.32461929321289 5.599999904632568
v 3.9654228687286377 19.935527801513672 5.300000190734863
v 3.999351739883423 20.106098175048828 5.400000095367432
v 3.999351739883423 20.106098175048828 5.5
v 3.999351739883423 20.106098175048828 5.599999904632568
v 5.974581241607666 17.600549697875977 4.300000190734863
v 6.030483722686768 17.76523208618164 4.400000095367432
v 6.086386203765869 17.929916381835938 4.5
v 7.112920761108398 17.172109603881836 4.300000190734863
v 7.179474353790283 17.332782745361328 4.400000095367432
v 7.246027946472168 17.493457794189453 4.5
v 6.142288684844971 18.0945987701416 4.599999904632568
v 6.198191165924072 18.2592830657959 4.699999809265137
v 6.254094123840332 18.423967361450195 4.800000190734863
v 7.445688724517822 17.975482940673828 4.800000190734863
v 7.312581539154053 17.654132843017578 4.599999904632568
v 7.3791351318359375 17.814807891845703 4.699999809265137
v 8.220800399780273 16.670135498046875 4.300000190734863
v 8.297720909118652 16.826112747192383 4.400000095367432
v 8.374640464782715 16.98208999633789 4.5
v 9.293478012084961 16.096776962280273 4.300000190734863
v 9.3804349899292 16.24738883972168 4.400000095367432
v 9.467391014099121 16.39800262451172 4.5
v 8.451560020446777 17.13806915283203 4.599999904632568
v 8.52847957611084 17.29404640197754 4.699999809265137
v 8.605400085449219 17.450023651123047 4.800000190734863
v 9.641304016113281 16.699228286743164 4.699999809265137
v 9.55434799194336 16.548616409301758 4.599999904632568
v 9.72826099395752 16.849842071533203 4.800000190734863
v 5.125741958618164 19.129531860351562 5
v 6.309996604919434 18.58864974975586 4.900000095367432
v 6.365899085998535 18.753334045410156 5
v 5.1707539558410645 19.297517776489258 5.099999904632568
v 5.215765953063965 19.465505599975586 5.199999809265137
v 7.512242317199707 18.13615608215332 4.900000095367432
v 7.578795909881592 18.296831130981445 5
v 6.421801567077637 18.91801643371582 5.099999904632568
v 6.477704048156738 19.082700729370117 5.199999809265137
v 7.645349502563477 18.45750617980957 5.099999904632568
v 5.260777950286865 19.633493423461914 5.300000190734863
v 5.305789947509766 19.80147933959961 5.400000095367432
v 5.305789947509766 19.80147933959961 5.5
v 5.305789947509766 19.80147933959961 5.599999904632568
v 6.53360652923584 19.247385025024414 5.300000190734863
v 6.589509010314941 19.412067413330078 5.400000095367432
v 6.589509010314941 19.412067413330078 5.5
v 6.589509010314941 19.412067413330078 5.599999904632568
v 7.711903095245361 18.618181228637695 5.199999809265137
v 8.913078308105469 18.07393455505371 5.199999809265137
v 8.682319641113281 17.606000900268555 4.900000095367432
v 8.759239196777344 17.761980056762695 5
v 8.836158752441406 17.917957305908203 5.099999904632568
v 9.815217018127441 17.000455856323242 4.900000095367432
v 9.90217399597168 17.15106773376465 5
v 9.989130020141602 17.301681518554688 5.099999904632568
v 10.07608699798584 17.452295303344727 5.199999809265137
v 7.778457164764404 18.77885627746582 5.300000190734863
v 7.845010757446289 18.939529418945312 5.400000095367432
v 7.845010757446289 18.939529418945312 5.5
v 7.845010757446289 18.939529418945312 5.599999904632568
v 8.989998817443848 18.22991371154785 5.300000190734863
v 9.06691837310791 18.38589096069336 5.400000095367432
v 9.06691837310791 18.38589096069336 5.5
v 9.06691837310791 18.38589096069336 5.599999904632568
v 10.163043975830078 17.602907180786133 5.300000190734863
v 2.0250000953674316 3.5074028968811035 4.300000190734863
v 2.0250000953674316 3.5074028968811035 4.400000095367432
v 2.0250000953674316 3.5074028968811035 4.5
v 2.0250000953674316 3.5074028968811035 4.599999904632568
v 2.0250000953674316 3.5074028968811035 4.699999809265137
v 2.0250000953674316 3.5074028968811035 4.800000190734863
v 2.0250000953674316 3.5074028968811035 4.900000095367432
v 2.0250000953674316 3.5074028968811035 5
v 2.0250000953674316 3.5074028968811035 5.099999904632568
v 2.0250000953674316 3.5074028968811035 5.199999809265137
v 2.0250000953674316 3.5074028968811035 5.300000190734863
v 2.0250000953674316 3.5074028968811035 5.400000095367432
v 2.0250000953674316 3.5074028968811035 5.5
v 2.0250000953674316 3.5074028968811035 5.599999904632568
v 10.879205703735352 12.405356407165527 3.0999999046325684
v 11.667262077331543 11.667262077331543 3.0999999046325684
v 12.405356407165527 10.879205703735352 3.0999999046325684
v 10.256306648254395 13.366279602050781 3.299999952316284
v 10.362177848815918 13.504253387451172 3.4000000953674316
v 10.993874549865723 12.536111831665039 3.200000047683716
v 11.108543395996094 12.666866302490234 3.299999952316284
v 11.223212242126465 12.79762077331543 3.4000000953674316
v 11.790237426757812 11.790237426757812 3.200000047683716
v 11.913211822509766 11.913211822509766 3.299999952316284
v 12.536111831665039 10.993874549865723 3.200000047683716
v 12.666866302490234 11.108543395996094 3.299999952316284
v 12.036187171936035 12.036187171936035 3.4000000953674316
v 12.79762077331543 11.223212242126465 3.4000000953674316
v 13.366279602050781 10.256306648254395 3.299999952316284
v 13.504253387451172 10.362177848815918 3.4000000953674316
v 10.468050003051758 13.642228126525879 3.5
v 10.573921203613281 13.780202865600586 3.5999999046325684
v 11.337881088256836 12.928376197814941 3.5
v 11.452549934387207 13.059130668640137 3.5999999046325684
v 10.679792404174805 13.918177604675293 3.700000047683716
v 10.785664558410645 14.056151390075684 3.799999952316284
v 11.567218780517578 13.189885139465332 3.700000047683716
v 11.68188762664795 13.320639610290527 3.799999952316284
v 12.159162521362305 12.159162521362305 3.5
v 12.282136917114258 12.282136917114258 3.5999999046325684
v 12.405112266540527 12.405112266540527 3.700000047683716
v 12.528087615966797 12.528087615966797 3.799999952316284
v 10.891535758972168 14.19412612915039 3.9000000953674316
v 10.997406959533691 14.332100868225098 4
v 11.103279113769531 14.470075607299805 4.099999904632568
v 11.209150314331055 14.608049392700195 4.199999809265137
v 11.79655647277832 13.451395034790039 3.9000000953674316
v 11.911225318908691 13.582149505615234 4
v 12.025894165039062 13.71290397644043 4.099999904632568
v 12.140563011169434 13.843659400939941 4.199999809265137
v 12.651062965393066 12.651062965393066 3.9000000953674316
v 12.77403736114502 12.77403736114502 4
v 12.928376197814941 11.337881088256836 3.5
v 13.059130668640137 11.452549934387207 3.5999999046325684
v 13.642228126525879 10.468050003051758 3.5
v 13.780202865600586 10.573921203613281 3.5999999046325684
v 13.189885139465332 11.567218780517578 3.700000047683716
v 13.320639610290527 11.68188762664795 3.799999952316284
v 13.918177604675293 10.679792404174805 3.700000047683716
v 14.056151390075684 10.785664558410645 3.799999952316284
v 12.897012710571289 12.897012710571289 4.099999904632568
v 13.019988059997559 13.019988059997559 4.199999809265137
v 13.451395034790039 11.79655647277832 3.9000000953674316
v 13.582149505615234 11.911225318908691 4
v 13.71290397644043 12.025894165039062 4.099999904632568
v 13.843659400939941 12.140563011169434 4.199999809265137
v 14.19412612915039 10.891535758972168 3.9000000953674316
v 14.332100868225098 10.997406959533691 4
v 14.470075607299805 11.103279113769531 4.099999904632568
v 14.608049392700195 11.209150314331055 4.199999809265137
v 13.090330123901367 10.044563293457031 3.0999999046325684
v 13.71924877166748 9.166909217834473 3.0999999046325684
v 14.289419174194336 8.25 3.0999999046325684
v 14.798399925231934 7.297763347625732 3.0999999046325684
v 15.244011878967285 6.314276695251465 3.0999999046325684
v 13.228304862976074 10.150434494018555 3.200000047683716
v 13.863851547241211 9.263529777526855 3.200000047683716
v 14.008455276489258 9.360151290893555 3.299999952316284
v 14.440032005310059 8.336956977844238 3.200000047683716
v 14.590645790100098 8.42391300201416 3.299999952316284
v 14.153059005737305 9.456771850585938 3.4000000953674316
v 14.74125862121582 8.510869979858398 3.4000000953674316
v 14.954378128051758 7.374683380126953 3.200000047683716
v 15.110356330871582 7.451602935791016 3.299999952316284
v 15.26633358001709 7.528522968292236 3.4000000953674316
v 14.297661781311035 9.55339241027832 3.5
v 14.442265510559082 9.65001392364502 3.5999999046325684
v 14.891871452331543 8.59782600402832 3.5
v 15.042484283447266 8.684782981872559 3.5999999046325684
v 14.586869239807129 9.746634483337402 3.700000047683716
v 14.73147201538086 9.843255043029785 3.799999952316284
v 15.193098068237305 8.77173900604248 3.700000047683716
v 15.343710899353027 8.858695983886719 3.799999952316284
v 14.876075744628906 9.939876556396484 3.9000000953674316
v 15.020679473876953 10.036497116088867 4
v 15.165282249450684 10.13311767578125 4.099999904632568
v 15.30988597869873 10.22973918914795 4.199999809265137
v 15.624346733093262 5.303750991821289 3.0999999046325684
v 15.565361976623535 6.447383880615234 3.299999952316284
v 15.40468692779541 6.38083028793335 3.200000047683716
v 15.789031028747559 5.359653472900391 3.200000047683716
v 15.953714370727539 5.415555953979492 3.299999952316284
v 15.726036071777344 6.513937950134277 3.4000000953674316
v 16.118396759033203 5.471458911895752 3.4000000953674316
v 15.937776565551758 4.270514011383057 3.0999999046325684
v 16.18295669555664 3.2189903259277344 3.0999999046325684
v 16.358840942382812 2.153682231903076 3.0999999046325684
v 16.464672088623047 1.0791516304016113 3.0999999046325684
v 16.105762481689453 4.315526008605957 3.200000047683716
v 16.27375030517578 4.360538005828857 3.299999952316284
v 16.35352897644043 3.2529191970825195 3.200000047683716
v 16.524099349975586 3.2868478298187256 3.299999952316284
v 16.44173812866211 4.405550003051758 3.4000000953674316
v 16.694671630859375 3.3207767009735107 3.4000000953674316
v 16.531265258789062 2.176382303237915 3.200000047683716
v 16.638212203979492 1.0905261039733887 3.200000047683716
v 16.703691482543945 2.199082612991333 3.299999952316284
v 16.81175422668457 1.101900577545166 3.299999952316284
v 16.876115798950195 2.221782684326172 3.4000000953674316
v 16.985294342041016 1.1132750511169434 3.4000000953674316
v 15.734267234802246 7.759282112121582 3.700000047683716
v 15.89024543762207 7.8362016677856445 3.799999952316284
v 15.422311782836914 7.605442523956299 3.5
v 15.886711120605469 6.580491542816162 3.5
v 15.578289985656738 7.6823625564575195 3.5999999046325684
v 16.047386169433594 6.647045135498047 3.5999999046325684
v 16.2830810546875 5.5273613929748535 3.5
v 16.447765350341797 5.583263874053955 3.5999999046325684
v 16.20806121826172 6.713598728179932 3.700000047683716
v 16.36873435974121 6.780152320861816 3.799999952316284
v 16.61244773864746 5.639166355133057 3.700000047683716
v 16.777132034301758 5.695068836212158 3.799999952316284
v 15.644937515258789 9.032608985900879 4
v 15.49432373046875 8.94565200805664 3.9000000953674316
v 16.046222686767578 7.913121700286865 3.9000000953674316
v 16.20220184326172 7.990041255950928 4
v 15.795550346374512 9.1195650100708 4.099999904632568
v 15.946163177490234 9.206521987915039 4.199999809265137
v 16.358179092407227 8.066961288452148 4.099999904632568
v 16.514156341552734 8.143880844116211 4.199999809265137
v 16.529409408569336 6.846705913543701 3.9000000953674316
v 16.69008445739746 6.913259506225586 4
v 16.941814422607422 5.75097131729126 3.9000000953674316
v 17.10649871826172 5.806873798370361 4
v 16.850759506225586 6.979813098907471 4.099999904632568
v 17.01143455505371 7.0463666915893555 4.199999809265137
v 17.271183013916016 5.862776279449463 4.099999904632568
v 17.43586540222168 5.9186787605285645 4.199999809265137
v 16.609724044799805 4.450562000274658 3.5
v 16.777711868286133 4.495573997497559 3.5999999046325684
v 16.86524200439453 3.354705333709717 3.5
v 17.03581428527832 3.388634204864502 3.5999999046325684
v 16.94569969177246 4.540585994720459 3.700000047683716
v 17.113685607910156 4.585597991943359 3.799999952316284
v 17.206384658813477 3.422562837600708 3.700000047683716
v 17.376956939697266 3.456491708755493 3.799999952316284
v 17.048540115356445 2.24448299407959 3.5
v 17.220966339111328 2.2671830654144287 3.5999999046325684
v 17.15883445739746 1.1246495246887207 3.5
v 17.33237648010254 1.1360238790512085 3.5999999046325684
v 17.393390655517578 2.2898833751678467 3.700000047683716
v 17.56581687927246 2.3125836849212646 3.799999952316284
v 17.505916595458984 1.1473983526229858 3.700000047683716
v 17.67945671081543 1.1587728261947632 3.799999952316284
v 17.281673431396484 4.63060998916626 3.9000000953674316
v 17.44965934753418 4.67562198638916 4
v 17.547527313232422 3.490420341491699 3.9000000953674316
v 17.71809959411621 3.5243492126464844 4
v 17.617647171020508 4.7206339836120605 4.099999904632568
v 17.785634994506836 4.765645980834961 4.199999809265137
v 17.888669967651367 3.5582778453826904 4.099999904632568
v 17.73824119567871 2.3352837562561035 3.9000000953674316
v 17.910667419433594 2.3579840660095215 4
v 17.852996826171875 1.1701472997665405 3.9000000953674316
v 18.059242248535156 3.5922067165374756 4.199999809265137
v 18.026538848876953 1.1815217733383179 4
v 18.083091735839844 2.3806841373443604 4.099999904632568
v 18.255517959594727 2.4033844470977783 4.199999809265137
v 18.2000789642334 1.1928962469100952 4.099999904632568
v 18.373619079589844 1.2042707204818726 4.199999809265137
v 10.326359748840332 15.454489707946777 4.300000190734863
v 10.422981262207031 15.599092483520508 4.400000095367432
v 10.519601821899414 15.743696212768555 4.5
v 10.616222381591797 15.888299942016602 4.599999904632568
v 10.712843894958496 16.03290367126465 4.699999809265137
v 10.809464454650879 16.177507400512695 4.800000190734863
v 11.844379425048828 15.435896873474121 4.800000190734863
v 11.315022468566895 14.746024131774902 4.300000190734863
v 11.420893669128418 14.88399887084961 4.400000095367432
v 11.526764869689941 15.021973609924316 4.5
v 12.255231857299805 13.974413871765137 4.300000190734863
v 12.369900703430176 14.105168342590332 4.400000095367432
v 12.484569549560547 14.235922813415527 4.5
v 11.632637023925781 15.159947395324707 4.599999904632568
v 11.738508224487305 15.297922134399414 4.699999809265137
v 12.599238395690918 14.366678237915039 4.599999904632568
v 12.713907241821289 14.497432708740234 4.699999809265137
v 13.142963409423828 13.142963409423828 4.300000190734863
v 13.265937805175781 13.265937805175781 4.400000095367432
v 13.38891315460205 13.38891315460205 4.5
v 13.974413871765137 12.255231857299805 4.300000190734863
v 14.746024131774902 11.315022468566895 4.300000190734863
v 14.105168342590332 12.369900703430176 4.400000095367432
v 14.235922813415527 12.484569549560547 4.5
v 14.88399887084961 11.420893669128418 4.400000095367432
v 15.021973609924316 11.526764869689941 4.5
v 13.51188850402832 13.51188850402832 4.599999904632568
v 13.63486385345459 13.63486385345459 4.699999809265137
v 12.82857608795166 14.62818717956543 4.800000190734863
v 13.757838249206543 13.757838249206543 4.800000190734863
v 14.62818717956543 12.82857608795166 4.800000190734863
v 14.366678237915039 12.599238395690918 4.599999904632568
v 14.497432708740234 12.713907241821289 4.699999809265137
v 15.159947395324707 11.632637023925781 4.599999904632568
v 15.297922134399414 11.738508224487305 4.699999809265137
v 10.906085014343262 16.32210922241211 4.900000095367432
v 11.002706527709961 16.466712951660156 5
v 11.195947647094727 16.75592041015625 5.199999809265137
v 11.099327087402344 16.611316680908203 5.099999904632568
v 11.950251579284668 15.573870658874512 4.900000095367432
v 12.056122779846191 15.711845397949219 5
v 12.161993980407715 15.849820137023926 5.099999904632568
v 12.267866134643555 15.987794876098633 5.199999809265137
v 10.25 17.753520965576172 5.400000095367432
v 11.292569160461426 16.900524139404297 5.300000190734863
v 11.389189720153809 17.04512596130371 5.400000095367432
v 10.25 17.753520965576172 5.5
v 10.25 17.753520965576172 5.599999904632568
v 11.389189720153809 17.04512596130371 5.5
v 11.389189720153809 17.04512596130371 5.599999904632568
v 12.373737335205078 16.125768661499023 5.300000190734863
v 12.479609489440918 16.263744354248047 5.400000095367432
v 12.479609489440918 16.263744354248047 5.5
v 12.479609489440918 16.263744354248047 5.599999904632568
v 13.516589164733887 15.412715911865234 5.400000095367432
v 13.516589164733887 15.412715911865234 5.5
v 13.516589164733887 15.412715911865234 5.599999904632568
v 12.943244934082031 14.758942604064941 4.900000095367432
v 13.057913780212402 14.889697074890137 5
v 13.880813598632812 13.880813598632812 4.900000095367432
v 14.003788948059082 14.003788948059082 5
v 13.172582626342773 15.020451545715332 5.099999904632568
v 13.287251472473145 15.151206016540527 5.199999809265137
v 14.758942604064941 12.943244934082031 4.900000095367432
v 14.889697074890137 13.057913780212402 5
v 14.126763343811035 14.126763343811035 5.099999904632568
v 14.249738693237305 14.249738693237305 5.199999809265137
v 15.020451545715332 13.172582626342773 5.099999904632568
v 15.151206016540527 13.287251472473145 5.199999809265137
v 13.401920318603516 15.281961441040039 5.300000190734863
v 14.372714042663574 14.372714042663574 5.300000190734863
v 14.495689392089844 14.495689392089844 5.400000095367432
v 15.281961441040039 13.401920318603516 5.300000190734863
v 14.495689392089844 14.495689392089844 5.5
v 14.495689392089844 14.495689392089844 5.599999904632568
v 15.454489707946777 10.326359748840332 4.300000190734863
v 15.599092483520508 10.422981262207031 4.400000095367432
v 15.743696212768555 10.519601821899414 4.5
v 15.888299942016602 10.616222381591797 4.599999904632568
v 16.03290367126465 10.712843894958496 4.699999809265137
v 15.435896873474121 11.844379425048828 4.800000190734863
v 16.177507400512695 10.809464454650879 4.800000190734863
v 15.573870658874512 11.950251579284668 4.900000095367432
v 15.711845397949219 12.056122779846191 5
v 16.32210922241211 10.906085014343262 4.900000095367432
v 16.466712951660156 11.002706527709961 5
v 15.849820137023926 12.161993980407715 5.099999904632568
v 15.987794876098633 12.267866134643555 5.199999809265137
v 16.611316680908203 11.099327087402344 5.099999904632568
v 16.75592041015625 11.195947647094727 5.199999809265137
v 15.412715911865234 13.516589164733887 5.400000095367432
v 15.412715911865234 13.516589164733887 5.5
v 15.412715911865234 13.516589164733887 5.599999904632568
v 16.125768661499023 12.373737335205078 5.300000190734863
v 16.263744354248047 12.479609489440918 5.400000095367432
v 16.263744354248047 12.479609489440918 5.5
v 16.263744354248047 12.479609489440918 5.599999904632568
v 16.900524139404297 11.292569160461426 5.300000190734863
v 17.04512596130371 11.389189720153809 5.400000095367432
v 17.04512596130371 11.389189720153809 5.5
v 17.04512596130371 11.389189720153809 5.599999904632568
v 16.096776962280273 9.293478012084961 4.300000190734863
v 16.24738883972168 9.3804349899292 4.400000095367432
v 16.39800262451172 9.467391014099121 4.5
v 16.670135498046875 8.220800399780273 4.300000190734863
v 16.826112747192383 8.297720909118652 4.400000095367432
v 16.98208999633789 8.374640464782715 4.5
v 17.172109603881836 7.112920761108398 4.300000190734863
v 17.600549697875977 5.974581241607666 4.300000190734863
v 17.332782745361328 7.179474353790283 4.400000095367432
v 17.493457794189453 7.246027946472168 4.5
v 17.76523208618164 6.030483722686768 4.400000095367432
v 17.929916381835938 6.086386203765869 4.5
v 16.548616409301758 9.55434799194336 4.599999904632568
v 16.699228286743164 9.641304016113281 4.699999809265137
v 17.13806915283203 8.451560020446777 4.599999904632568
v 17.29404640197754 8.52847957611084 4.699999809265137
v 16.849842071533203 9.72826099395752 4.800000190734863
v 17.450023651123047 8.605400085449219 4.800000190734863
v 17.654132843017578 7.312581539154053 4.599999904632568
v 17.814807891845703 7.3791351318359375 4.699999809265137
v 18.0945987701416 6.142288684844971 4.599999904632568
v 18.2592830657959 6.198191165924072 4.699999809265137
v 17.975482940673828 7.445688724517822 4.800000190734863
v 18.423967361450195 6.254094123840332 4.800000190734863
v 17.95362091064453 4.810657978057861 4.300000190734863
v 18.229812622070312 3.6261353492736816 4.300000190734863
v 18.12160873413086 4.855669975280762 4.400000095367432
v 18.289594650268555 4.900681972503662 4.5
v 18.4003849029541 3.660064220428467 4.400000095367432
v 18.570955276489258 3.693992853164673 4.5
v 18.427942276000977 2.426084518432617 4.300000190734863
v 18.547161102294922 1.2156450748443604 4.300000190734863
v 18.60036849975586 2.448784828186035 4.400000095367432
v 18.77279281616211 2.471485137939453 4.5
v 18.720701217651367 1.2270195484161377 4.400000095367432
v 18.894241333007812 1.238394021987915 4.5
v 18.457582473754883 4.9456939697265625 4.599999904632568
v 18.62557029724121 4.990705966949463 4.699999809265137
v 18.741527557373047 3.727921724319458 4.599999904632568
v 18.912097930908203 3.761850357055664 4.699999809265137
v 18.793556213378906 5.035717964172363 4.800000190734863
v 19.082670211791992 3.795779228210449 4.800000190734863
v 18.945219039916992 2.494185209274292 4.599999904632568
v 19.117643356323242 2.51688551902771 4.699999809265137
v 19.06778335571289 1.2497684955596924 4.599999904632568
v 19.241323471069336 1.2611429691314697 4.699999809265137
v 19.290067672729492 2.539585590362549 4.800000190734863
v 19.41486358642578 1.272517442703247 4.800000190734863
v 17.000455856323242 9.815217018127441 4.900000095367432
v 17.15106773376465 9.90217399597168 5
v 17.606000900268555 8.682319641113281 4.900000095367432
v 17.761980056762695 8.759239196777344 5
v 17.301681518554688 9.989130020141602 5.099999904632568
v 17.452295303344727 10.07608699798584 5.199999809265137
v 17.917957305908203 8.836158752441406 5.099999904632568
v 17.602907180786133 10.163043975830078 5.300000190734863
v 17.753520965576172 10.25 5.400000095367432
v 17.753520965576172 10.25 5.5
v 17.753520965576172 10.25 5.599999904632568
v 18.07393455505371 8.913078308105469 5.199999809265137
v 18.618181228637695 7.711903095245361 5.199999809265137
v 18.13615608215332 7.512242317199707 4.900000095367432
v 18.296831130981445 7.578795909881592 5
v 18.58864974975586 6.309996604919434 4.900000095367432
v 18.753334045410156 6.365899085998535 5
v 19.129531860351562 5.125741958618164 5
v 18.45750617980957 7.645349502563477 5.099999904632568
v 18.91801643371582 6.421801567077637 5.099999904632568
v 19.082700729370117 6.477704048156738 5.199999809265137
v 19.297517776489258 5.1707539558410645 5.099999904632568
v 19.465505599975586 5.215765953063965 5.199999809265137
v 18.22991371154785 8.989998817443848 5.300000190734863
v 18.38589096069336 9.06691837310791 5.400000095367432
v 18.77885627746582 7.778457164764404 5.300000190734863
v 18.939529418945312 7.845010757446289 5.400000095367432
v 18.38589096069336 9.06691837310791 5.5
v 18.38589096069336 9.06691837310791 5.599999904632568
v 18.939529418945312 7.845010757446289 5.5
v 18.939529418945312 7.845010757446289 5.599999904632568
v 19.247385025024414 6.53360652923584 5.300000190734863
v 19.412067413330078 6.589509010314941 5.400000095367432
v 19.633493423461914 5.260777950286865 5.300000190734863
v 19.80147933959961 5.305789947509766 5.400000095367432
v 19.412067413330078 6.589509010314941 5.5
v 19.412067413330078 6.589509010314941 5.599999904632568
v 19.80147933959961 5.305789947509766 5.5
v 19.80147933959961 5.305789947509766 5.599999904632568
v 18.961544036865234 5.080729961395264 4.900000095367432
v 19.423812866210938 3.8636367321014404 5
v 19.25324058532715 3.8297078609466553 4.900000095367432
v 19.634918212890625 2.5849859714508057 5
v 19.594383239746094 3.8975653648376465 5.099999904632568
v 19.764955520629883 3.9314942359924316 5.199999809265137
v 19.807344436645508 2.6076862812042236 5.099999904632568
v 19.979768753051758 2.6303863525390625 5.199999809265137
v 19.462493896484375 2.562285900115967 4.900000095367432
v 19.588403701782227 1.2838919162750244 4.900000095367432
v 19.761945724487305 1.2952662706375122 5
v 19.93548583984375 1.3066407442092896 5.099999904632568
v 20.109025955200195 1.318015217781067 5.199999809265137
v 19.935527801513672 3.9654228687286377 5.300000190734863
v 20.106098175048828 3.999351739883423 5.400000095367432
v 20.15219497680664 2.6530866622924805 5.300000190734863
v 20.32461929321289 2.6757869720458984 5.400000095367432
v 20.106098175048828 3.999351739883423 5.5
v 20.106098175048828 3.999351739883423 5.599999904632568
v 20.32461929321289 2.6757869720458984 5.5
v 20.32461929321289 2.6757869720458984 5.599999904632568
v 20.282567977905273 1.3293896913528442 5.300000190734863
v 20.45610809326172 1.3407641649246216 5.400000095367432
v 20.45610809326172 1.3407641649246216 5.5
v 20.45610809326172 1.3407641649246216 5.599999904632568
v 2.0250000953674316 -3.5074028968811035 3.0999999046325684
v 2.0250000953674316 -3.5074028968811035 3.140000104904175
v 2.0250000953674316 -3.5074028968811035 3.200000047683716
v 2.0250000953674316 -3.5074028968811035 3.299999952316284
v 2.0250000953674316 -3.5074028968811035 3.4000000953674316
v 4.050000190734863 9.491012114918316e-17 3.0999999046325684
v 4.050000190734863 1.8982025553325612e-16 3.140000104904175
v 4.050000190734863 1.8982025553325612e-16 3.299999952316284
v 4.050000190734863 1.8982025553325612e-16 3.4000000953674316
v 2.0250000953674316 -3.5074028968811035 3.5
v 2.0250000953674316 -3.5074028968811035 3.5999999046325684
v 2.0250000953674316 -3.5074028968811035 3.700000047683716
v 2.0250000953674316 -3.5074028968811035 3.799999952316284
v 2.0250000953674316 -3.5074028968811035 3.9000000953674316
v 2.0250000953674316 -3.5074028968811035 4
v 2.0250000953674316 -3.5074028968811035 4.099999904632568
v 2.0250000953674316 -3.5074028968811035 4.199999809265137
v 4.050000190734863 1.8982025553325612e-16 3.5
v 4.050000190734863 1.8982024229836632e-16 3.5999999046325684
v 4.050000190734863 1.8982025553325612e-16 3.700000047683716
v 4.050000190734863 1.8982025553325612e-16 3.799999952316284
v 4.050000190734863 1.8982025553325612e-16 3.9000000953674316
v 4.050000190734863 1.8982025553325612e-16 4
v 4.050000190734863 1.8982024229836632e-16 4.099999904632568
v 4.050000190734863 1.8982024229836632e-16 4.199999809265137
v 1.0791516304016113 -16.464672088623047 3.0999999046325684
v 2.153682231903076 -16.358840942382812 3.0999999046325684
v 1.0905261039733887 -16.638212203979492 3.200000047683716
v 1.101900577545166 -16.81175422668457 3.299999952316284
v 1.1132750511169434 -16.985294342041016 3.4000000953674316
v 2.176382303237915 -16.531265258789062 3.200000047683716
v 2.199082612991333 -16.703691482543945 3.299999952316284
v 2.221782684326172 -16.876115798950195 3.4000000953674316
v 3.2189903259277344 -16.18295669555664 3.0999999046325684
v 4.270514011383057 -15.937776565551758 3.0999999046325684
v 3.2529191970825195 -16.35352897644043 3.200000047683716
v 3.2868478298187256 -16.524099349975586 3.299999952316284
v 3.3207767009735107 -16.694671630859375 3.4000000953674316
v 4.315526008605957 -16.105762481689453 3.200000047683716
v 4.360538005828857 -16.27375030517578 3.299999952316284
v 4.405550003051758 -16.44173812866211 3.4000000953674316
v 1.1246495246887207 -17.15883445739746 3.5
v 1.1360238790512085 -17.33237648010254 3.5999999046325684
v 1.1473983526229858 -17.505916595458984 3.700000047683716
v 1.1587728261947632 -17.67945671081543 3.799999952316284
v 2.24448299407959 -17.048540115356445 3.5
v 2.2671830654144287 -17.220966339111328 3.5999999046325684
v 2.2898833751678467 -17.393390655517578 3.700000047683716
v 2.3125836849212646 -17.56581687927246 3.799999952316284
v 1.1701472997665405 -17.852996826171875 3.9000000953674316
v 2.3352837562561035 -17.73824119567871 3.9000000953674316
v 2.3579840660095215 -17.910667419433594 4
v 1.1815217733383179 -18.026538848876953 4
v 1.1928962469100952 -18.2000789642334 4.099999904632568
v 1.2042707204818726 -18.373619079589844 4.199999809265137
v 2.3806841373443604 -18.083091735839844 4.099999904632568
v 2.4033844470977783 -18.255517959594727 4.199999809265137
v 3.354705333709717 -16.86524200439453 3.5
v 3.388634204864502 -17.03581428527832 3.5999999046325684
v 3.422562837600708 -17.206384658813477 3.700000047683716
v 3.456491708755493 -17.376956939697266 3.799999952316284
v 4.450562000274658 -16.609724044799805 3.5
v 4.495573997497559 -16.777711868286133 3.5999999046325684
v 4.540585994720459 -16.94569969177246 3.700000047683716
v 4.585597991943359 -17.113685607910156 3.799999952316284
v 3.490420341491699 -17.547527313232422 3.9000000953674316
v 3.5243492126464844 -17.71809959411621 4
v 3.5582778453826904 -17.888669967651367 4.099999904632568
v 4.63060998916626 -17.281673431396484 3.9000000953674316
v 4.67562198638916 -17.44965934753418 4
v 4.7206339836120605 -17.617647171020508 4.099999904632568
v 4.765645980834961 -17.785634994506836 4.199999809265137
v 3.5922067165374756 -18.059242248535156 4.199999809265137
v 6.314276695251465 -15.244011878967285 3.0999999046325684
v 7.297763347625732 -14.798399925231934 3.0999999046325684
v 7.374683380126953 -14.954378128051758 3.200000047683716
v 7.451602935791016 -15.110356330871582 3.299999952316284
v 7.528522968292236 -15.26633358001709 3.4000000953674316
v 8.25 -14.289419174194336 3.0999999046325684
v 9.166909217834473 -13.71924877166748 3.0999999046325684
v 10.044563293457031 -13.090330123901367 3.0999999046325684
v 8.336956977844238 -14.440032005310059 3.200000047683716
v 8.42391300201416 -14.590645790100098 3.299999952316284
v 8.510869979858398 -14.74125862121582 3.4000000953674316
v 9.263529777526855 -13.863851547241211 3.200000047683716
v 9.360151290893555 -14.008455276489258 3.299999952316284
v 10.150434494018555 -13.228304862976074 3.200000047683716
v 9.456771850585938 -14.153059005737305 3.4000000953674316
v 5.303750991821289 -15.624346733093262 3.0999999046325684
v 5.359653472900391 -15.789031028747559 3.200000047683716
v 5.415555953979492 -15.953714370727539 3.299999952316284
v 6.38083028793335 -15.40468692779541 3.200000047683716
v 5.471458911895752 -16.118396759033203 3.4000000953674316
v 6.447383880615234 -15.565361976623535 3.299999952316284
v 6.513937950134277 -15.726036071777344 3.4000000953674316
v 8.59782600402832 -14.891871452331543 3.5
v 8.684782981872559 -15.042484283447266 3.5999999046325684
v 8.77173900604248 -15.193098068237305 3.700000047683716
v 8.858695983886719 -15.343710899353027 3.799999952316284
v 9.55339241027832 -14.297661781311035 3.5
v 9.65001392364502 -14.442265510559082 3.5999999046325684
v 9.746634483337402 -14.586869239807129 3.700000047683716
v 9.843255043029785 -14.73147201538086 3.799999952316284
v 9.939876556396484 -14.876075744628906 3.9000000953674316
v 10.036497116088867 -15.020679473876953 4
v 10.13311767578125 -15.165282249450684 4.099999904632568
v 10.22973918914795 -15.30988597869873 4.199999809265137
v 5.5273613929748535 -16.2830810546875 3.5
v 5.583263874053955 -16.447765350341797 3.5999999046325684
v 5.639166355133057 -16.61244773864746 3.700000047683716
v 5.695068836212158 -16.777132034301758 3.799999952316284
v 6.580491542816162 -15.886711120605469 3.5
v 6.647045135498047 -16.047386169433594 3.5999999046325684
v 7.605442523956299 -15.422311782836914 3.5
v 7.6823625564575195 -15.578289985656738 3.5999999046325684
v 6.713598728179932 -16.20806121826172 3.700000047683716
v 6.780152320861816 -16.36873435974121 3.799999952316284
v 5.75097131729126 -16.941814422607422 3.9000000953674316
v 5.806873798370361 -17.10649871826172 4
v 5.862776279449463 -17.271183013916016 4.099999904632568
v 5.9186787605285645 -17.43586540222168 4.199999809265137
v 6.846705913543701 -16.529409408569336 3.9000000953674316
v 6.913259506225586 -16.69008445739746 4
v 6.979813098907471 -16.850759506225586 4.099999904632568
v 7.0463666915893555 -17.01143455505371 4.199999809265137
v 7.759282112121582 -15.734267234802246 3.700000047683716
v 7.8362016677856445 -15.89024543762207 3.799999952316284
v 7.913121700286865 -16.046222686767578 3.9000000953674316
v 7.990041255950928 -16.20220184326172 4
v 8.94565200805664 -15.49432373046875 3.9000000953674316
v 8.066961288452148 -16.358179092407227 4.099999904632568
v 8.143880844116211 -16.514156341552734 4.199999809265137
v 9.032608985900879 -15.644937515258789 4
v 9.1195650100708 -15.795550346374512 4.099999904632568
v 9.206521987915039 -15.946163177490234 4.199999809265137
v 2.0250000953674316 -3.5074028968811035 4.300000190734863
v 2.0250000953674316 -3.5074028968811035 4.400000095367432
v 2.0250000953674316 -3.5074028968811035 4.5
v 2.0250000953674316 -3.5074028968811035 4.599999904632568
v 2.0250000953674316 -3.5074028968811035 4.699999809265137
v 2.0250000953674316 -3.5074028968811035 4.800000190734863
v 4.050000190734863 1.8982026876814592e-16 4.300000190734863
v 4.050000190734863 1.8982026876814592e-16 4.400000095367432
v 4.050000190734863 1.8982025553325612e-16 4.5
v 4.050000190734863 1.8982025553325612e-16 4.599999904632568
v 4.050000190734863 1.8982024229836632e-16 4.699999809265137
v 4.050000190734863 1.8982025553325612e-16 4.800000190734863
v 2.0250000953674316 -3.5074028968811035 4.900000095367432
v 2.0250000953674316 -3.5074028968811035 5
v 2.0250000953674316 -3.5074028968811035 5.099999904632568
v 2.0250000953674316 -3.5074028968811035 5.199999809265137
v 2.0250000953674316 -3.5074028968811035 5.300000190734863
v 2.0250000953674316 -3.5074028968811035 5.400000095367432
v 2.0250000953674316 -3.5074028968811035 5.5
v 2.0250000953674316 -3.5074028968811035 5.599999904632568
v 4.050000190734863 1.8982025553325612e-16 4.900000095367432
v 4.050000190734863 1.8982025553325612e-16 5
v 4.050000190734863 1.8982024229836632e-16 5.099999904632568
v 4.050000190734863 1.8982024229836632e-16 5.199999809265137
v 4.050000190734863 1.8982025553325612e-16 5.300000190734863
v 4.050000190734863 1.8982025553325612e-16 5.400000095367432
v 4.050000190734863 1.8982024229836632e-16 5.5
v 4.050000190734863 1.8982024229836632e-16 5.599999904632568
v 1.2156450748443604 -18.547161102294922 4.300000190734863
v 1.2270195484161377 -18.720701217651367 4.400000095367432
v 1.238394021987915 -18.894241333007812 4.5
v 2.426084518432617 -18.427942276000977 4.300000190734863
v 2.448784828186035 -18.60036849975586 4.400000095367432
v 2.471485137939453 -18.77279281616211 4.5
v 1.2497684955596924 -19.06778335571289 4.599999904632568
v 1.2611429691314697 -19.241323471069336 4.699999809265137
v 1.272517442703247 -19.41486358642578 4.800000190734863
v 2.494185209274292 -18.945219039916992 4.599999904632568
v 2.51688551902771 -19.117643356323242 4.699999809265137
v 2.539585590362549 -19.290067672729492 4.800000190734863
v 3.6261353492736816 -18.229812622070312 4.300000190734863
v 3.660064220428467 -18.4003849029541 4.400000095367432
v 3.693992853164673 -18.570955276489258 4.5
v 4.810657978057861 -17.95362091064453 4.300000190734863
v 4.855669975280762 -18.12160873413086 4.400000095367432
v 4.900681972503662 -18.289594650268555 4.5
v 3.727921724319458 -18.741527557373047 4.599999904632568
v 3.761850357055664 -18.912097930908203 4.699999809265137
v 3.795779228210449 -19.082670211791992 4.800000190734863
v 4.9456939697265625 -18.457582473754883 4.599999904632568
v 4.990705966949463 -18.62557029724121 4.699999809265137
v 5.035717964172363 -18.793556213378906 4.800000190734863
v 0.21135134994983673 -11.181621551513672 5
v 0.21135134994983673 -11.411351203918457 5
v 0.47783783078193665 -11.181621551513672 5
v 0.47783783078193665 -11.411351203918457 5
v 0.707567572593689 -11.411351203918457 5
v 0.5123732089996338 -12.137297630310059 5
v 0.4806858003139496 -12.596756935119629 5
v 0.707567572593689 -11.641080856323242 5
v 0.707567572593689 -11.870810508728027 5
v 0.707567572593689 -11.907567024230957 5
v 0.707567572593689 -12.100540161132812 5
v 0.707567572593689 -12.330269813537598 5
v 0.707567572593689 -12.367027282714844 5
v 0.707567572593689 -12.559999465942383 5
v 0.707567572593689 -12.789730072021484 5
v 0.707567572593689 -12.80810832977295 5
v 0.707567572593689 -12.80810832977295 5.0420684814453125
v 0.707567572593689 -12.789730072021484 5.084136962890625
v 0.018378378823399544 -13.97513484954834 5
v 0.21135134994983673 -13.97513484954834 5
v 0.707567572593689 -12.826486587524414 5
v 0.707567572593689 -13.01945972442627 5
v 0.707567572593689 -13.0562162399292 5
v 0.707567572593689 -13.249189376831055 5
v 0.707567572593689 -13.285945892333984 5
v 0.707567572593689 -13.47891902923584 5
v 0.707567572593689 -13.51567554473877 5
v 0.707567572593689 -13.708648681640625 5
v 0.707567572593689 -13.745405197143555 5
v 0.707567572593689 -13.93837833404541 5
v 0.707567572593689 -13.97513484954834 5
v 0.018378378823399544 -14.204864501953125 5
v 0.018378378823399544 -14.39783763885498 5
v 0.21135134994983673 -14.204864501953125 5
v 0.018378378823399544 -14.627567291259766 5
v 0.018378378823399544 -14.645946502685547 5
v 0.018378378823399544 -14.664324760437012 5
v 0.018378378823399544 -14.894054412841797 5
v 0.21135134994983673 -14.85729694366455 5
v 0.21135134994983673 -15.087026596069336 5
v 0.47783783078193665 -14.85729694366455 5
v 0.47783783078193665 -15.087026596069336 5
v 0.47783783078193665 -15.123784065246582 5
v 0.47783783078193665 -15.316757202148438 5
v 0.707567572593689 -14.204864501953125 5
v 0.9005405306816101 -14.39783763885498 5
v 0.9005405306816101 -14.664324760437012 5
v 1.13027024269104 -14.627567291259766 5
v 1.13027024269104 -14.664324760437012 5
v 0.6708108186721802 -14.85729694366455 5
v 0.9372972846031189 -14.85729694366455 5
v 0.6708108186721802 -15.087026596069336 5
v 0.6708108186721802 -15.353513717651367 5
v 0.9372972846031189 -15.087026596069336 5
v 1.13027024269104 -14.894054412841797 5
v 1.1670269966125488 -15.087026596069336 5
v 1.1670269966125488 -15.316757202148438 5
v 1.1670269966125488 -15.353513717651367 5
v 0.6708108186721802 -15.316757202148438 5.084136962890625
v 1.3967567682266235 -14.39783763885498 5
v 1.3967567682266235 -14.627567291259766 5
v 1.8562161922454834 -14.627567291259766 5
v 1.3600000143051147 -14.894054412841797 5
v 1.3600000143051147 -15.123784065246582 5
v 1.3967567682266235 -15.316757202148438 5
v 1.5897297859191895 -15.087026596069336 5
v 1.5897297859191895 -15.123784065246582 5
v 1.5897297859191895 -15.353513717651367 5
v 1.8562161922454834 -14.85729694366455 5
v 1.8562161922454834 -14.894054412841797 5
v 1.8194594383239746 -15.353513717651367 5
v 2.315675735473633 -14.85729694366455 5
v 2.315675735473633 -15.087026596069336 5
v 2.545405387878418 -15.087026596069336 5
v 2.545405387878418 -15.316757202148438 5
v 2.545405387878418 -15.353513717651367 5
v 0.21135134994983673 -11.181621551513672 5.599999904632568
v 0.21135134994983673 -11.411351203918457 5.599999904632568
v 0.47783783078193665 -11.181621551513672 5.599999904632568
v 0.47783783078193665 -11.411351203918457 5.599999904632568
v 0.707567572593689 -11.411351203918457 5.599999904632568
v 0.707567572593689 -11.641080856323242 5.599999904632568
v 0.707567572593689 -11.907567024230957 5.599999904632568
v 0.707567572593689 -12.100540161132812 5.599999904632568
v 0.707567572593689 -12.367027282714844 5.599999904632568
v 0.707567572593689 -12.559999465942383 5.599999904632568
v 0.018378378823399544 -13.97513484954834 5.599999904632568
v 0.21135134994983673 -13.97513484954834 5.599999904632568
v 0.707567572593689 -12.826486587524414 5.599999904632568
v 0.707567572593689 -13.01945972442627 5.599999904632568
v 0.707567572593689 -13.285945892333984 5.599999904632568
v 0.707567572593689 -13.47891902923584 5.599999904632568
v 0.707567572593689 -13.745405197143555 5.599999904632568
v 0.707567572593689 -13.93837833404541 5.599999904632568
v 0.018378378823399544 -14.204864501953125 5.599999904632568
v 0.018378378823399544 -14.39783763885498 5.599999904632568
v 0.21135134994983673 -14.204864501953125 5.599999904632568
v 0.018378378823399544 -14.627567291259766 5.599999904632568
v 0.018378378823399544 -14.894054412841797 5.599999904632568
v 0.21135134994983673 -14.85729694366455 5.599999904632568
v 0.21135134994983673 -15.087026596069336 5.599999904632568
v 0.47783783078193665 -14.85729694366455 5.599999904632568
v 0.47783783078193665 -15.123784065246582 5.599999904632568
v 0.47783783078193665 -15.316757202148438 5.599999904632568
v 0.707567572593689 -14.204864501953125 5.599999904632568
v 0.9005405306816101 -14.39783763885498 5.599999904632568
v 0.9005405306816101 -14.664324760437012 5.599999904632568
v 1.13027024269104 -14.664324760437012 5.599999904632568
v 0.6708108186721802 -15.123784065246582 5.525860786437988
v 0.6708108186721802 -14.85729694366455 5.599999904632568
v 0.9372972846031189 -14.85729694366455 5.599999904632568
v 0.6708108186721802 -15.087026596069336 5.599999904632568
v 0.6708108186721802 -15.091395378112793 5.599999904632568
v 0.6708108186721802 -15.123784065246582 5.599999904632568
v 0.6708108186721802 -15.316757202148438 5.599999904632568
v 0.9372972846031189 -15.087026596069336 5.599999904632568
v 1.13027024269104 -14.894054412841797 5.599999904632568
v 1.1670269966125488 -15.087026596069336 5.599999904632568
v 1.1670269966125488 -15.316757202148438 5.599999904632568
v 1.3967567682266235 -14.39783763885498 5.599999904632568
v 1.3967567682266235 -14.627567291259766 5.599999904632568
v 1.8562161922454834 -14.627567291259766 5.599999904632568
v 1.3600000143051147 -14.894054412841797 5.599999904632568
v 1.3600000143051147 -15.123784065246582 5.599999904632568
v 1.3967567682266235 -15.316757202148438 5.599999904632568
v 1.5897297859191895 -15.123784065246582 5.599999904632568
v 1.5897297859191895 -15.353513717651367 5.599999904632568
v 1.8562161922454834 -14.85729694366455 5.599999904632568
v 1.8194594383239746 -15.353513717651367 5.599999904632568
v 2.315675735473633 -14.85729694366455 5.599999904632568
v 2.315675735473633 -15.087026596069336 5.599999904632568
v 2.545405387878418 -15.087026596069336 5.599999904632568
v 2.545405387878418 -15.316757202148438 5.599999904632568
v 2.775135040283203 -15.316757202148438 5
v 2.775135040283203 -15.316757202148438 5.599999904632568
v 0.24810810387134552 -15.546486854553223 5
v 0.24810810387134552 -15.583243370056152 5
v 0.018378378823399544 -15.812973022460938 5
v 0.24810810387134552 -15.812973022460938 5
v 0.47783783078193665 -15.583243370056152 5
v 0.018378378823399544 -16.04270362854004 5
v 0.6708108186721802 -15.546486854553223 5
v 0.6708108186721802 -15.812973022460938 5
v 0.6708108186721802 -16.005945205688477 5
v 0.6708108186721802 -16.272432327270508 5
v 0.781228244304657 -16.241641998291016 5
v 0.8026269674301147 -16.235675811767578 5
v 0.6708108186721802 -16.465404510498047 5
v 0.6708108186721802 -16.731891632080078 5
v 0.6708108186721802 -16.92486572265625 5
v 0.8343135714530945 -16.69513511657715 5
v 0.6708108186721802 -17.19135093688965 5
v 0.6708108186721802 -17.42108154296875 5
v 0.9005405306816101 -17.42108154296875 5
v 0.9005405306816101 -17.65081024169922 5
v 0.9005405306816101 -17.88054084777832 5
v 1.13027024269104 -17.88054084777832 5
v 1.3967567682266235 -15.546486854553223 5
v 1.3967567682266235 -15.583243370056152 5
v 1.3967567682266235 -15.776216506958008 5
v 1.3967567682266235 -15.812973022460938 5
v 1.8194594383239746 -15.546486854553223 5
v 1.6264865398406982 -15.776216506958008 5
v 1.6264865398406982 -16.005945205688477 5
v 1.8194594383239746 -15.812973022460938 5
v 1.350982427597046 -16.272432327270508 5
v 1.6264865398406982 -16.04270362854004 5
v 1.6264865398406982 -16.235675811767578 5
v 1.8562161922454834 -16.235675811767578 5
v 1.8562161922454834 -16.465404510498047 5
v 1.8562161922454834 -16.50216293334961 5
v 2.0491890907287598 -15.812973022460938 5
v 2.0491890907287598 -16.005945205688477 5
v 2.0491890907287598 -16.272432327270508 5
v 2.0491890907287598 -16.465404510498047 5
v 1.8562161922454834 -16.69513511657715 5
v 2.0491890907287598 -16.69513511657715 5
v 2.0491890907287598 -16.731891632080078 5
v 2.0859458446502686 -16.731891632080078 5
v 2.0859458446502686 -16.92486572265625 5
v 2.0859458446502686 -16.96162223815918 5
v 2.0859458446502686 -17.15459442138672 5
v 2.0859458446502686 -17.19135093688965 5
v 2.278918981552124 -16.731891632080078 5
v 2.278918981552124 -16.92486572265625 5
v 2.278918981552124 -17.15459442138672 5
v 1.13027024269104 -18.11026954650879 5
v 1.3600000143051147 -18.11026954650879 5
v 1.3600000143051147 -18.34000015258789 5
v 1.5897297859191895 -18.30324363708496 5
v 1.5897297859191895 -18.307342529296875 5
v 1.5897297859191895 -18.34000015258789 5
v 1.5897297859191895 -18.56972885131836 5
v 1.6185624599456787 -18.30324363708496 5
v 1.5897297859191895 -18.79945945739746 5
v 2.0491890907287598 -18.79945945739746 5
v 2.0491890907287598 -19.029190063476562 5
v 2.278918981552124 -19.029190063476562 5
v 1.2838919162750244 -19.588403701782227 4.900000095367432
v 1.2952662706375122 -19.761945724487305 5
v 2.562285900115967 -19.462493896484375 4.900000095367432
v 2.278918981552124 -19.25891876220703 5
v 2.508648633956909 -19.25891876220703 5
v 2.508648633956909 -19.488649368286133 5
v 1.3066407442092896 -19.93548583984375 5.099999904632568
v 1.318015217781067 -20.109025955200195 5.199999809265137
v 0.24810810387134552 -15.583243370056152 5.599999904632568
v 0.018378378823399544 -15.812973022460938 5.599999904632568
v 0.24810810387134552 -15.812973022460938 5.599999904632568
v 0.47783783078193665 -15.583243370056152 5.599999904632568
v 0.018378378823399544 -16.04270362854004 5.599999904632568
v 0.6708108186721802 -15.546486854553223 5.599999904632568
v 0.6708108186721802 -15.812973022460938 5.599999904632568
v 0.6708108186721802 -16.005945205688477 5.599999904632568
v 0.6708108186721802 -16.272432327270508 5.599999904632568
v 0.6708108186721802 -16.465404510498047 5.599999904632568
v 0.6708108186721802 -16.731891632080078 5.599999904632568
v 0.6708108186721802 -16.92486572265625 5.599999904632568
v 0.6708108186721802 -17.19135093688965 5.599999904632568
v 0.6708108186721802 -17.42108154296875 5.599999904632568
v 0.9005405306816101 -17.42108154296875 5.599999904632568
v 0.9005405306816101 -17.65081024169922 5.599999904632568
v 0.9005405306816101 -17.88054084777832 5.599999904632568
v 1.13027024269104 -17.88054084777832 5.599999904632568
v 2.0491890907287598 -16.272432327270508 5.2629313468933105
v 2.0491890907287598 -16.235675811767578 5.347068786621094
v 1.3967567682266235 -15.583243370056152 5.599999904632568
v 1.3967567682266235 -15.776216506958008 5.599999904632568
v 1.8194594383239746 -15.546486854553223 5.599999904632568
v 1.6264865398406982 -15.776216506958008 5.599999904632568
v 1.8194594383239746 -15.812973022460938 5.599999904632568
v 1.6264865398406982 -16.04270362854004 5.599999904632568
v 1.6264865398406982 -16.235675811767578 5.599999904632568
v 1.8562161922454834 -16.235675811767578 5.599999904632568
v 1.8562161922454834 -16.50216293334961 5.599999904632568
v 2.0491890907287598 -15.812973022460938 5.599999904632568
v 2.0491890907287598 -16.005945205688477 5.599999904632568
v 2.0491890907287598 -16.272432327270508 5.525863170623779
v 2.0491890907287598 -16.24004364013672 5.599999904632568
v 2.0491890907287598 -16.235675811767578 5.599999904632568
v 2.0491890907287598 -16.272432327270508 5.599999904632568
v 2.0491890907287598 -16.465404510498047 5.599999904632568
v 1.8562161922454834 -16.69513511657715 5.599999904632568
v 2.0491890907287598 -16.69513511657715 5.599999904632568
v 2.0859458446502686 -16.731891632080078 5.599999904632568
v 2.0859458446502686 -16.96162223815918 5.599999904632568
v 2.0859458446502686 -17.15459442138672 5.599999904632568
v 2.278918981552124 -16.731891632080078 5.599999904632568
v 2.278918981552124 -16.92486572265625 5.599999904632568
v 2.278918981552124 -17.15459442138672 5.599999904632568
v 1.13027024269104 -18.11026954650879 5.599999904632568
v 1.3293896913528442 -20.282567977905273 5.300000190734863
v 1.3407641649246216 -20.45610809326172 5.400000095367432
v 1.3600000143051147 -18.11026954650879 5.599999904632568
v 1.3600000143051147 -18.34000015258789 5.599999904632568
v 1.5897297859191895 -18.34000015258789 5.599999904632568
v 1.5897297859191895 -18.56972885131836 5.599999904632568
v 1.5897297859191895 -18.79945945739746 5.599999904632568
v 2.0491890907287598 -18.79945945739746 5.599999904632568
v 2.0491890907287598 -19.029190063476562 5.599999904632568
v 2.278918981552124 -19.029190063476562 5.599999904632568
v 1.3407641649246216 -20.45610809326172 5.5
v 1.3407641649246216 -20.45610809326172 5.599999904632568
v 2.278918981552124 -19.25891876220703 5.599999904632568
v 2.508648633956909 -19.25891876220703 5.599999904632568
v 2.508648633956909 -19.488649368286133 5.599999904632568
v 2.775135040283203 -15.546486854553223 5
v 2.775135040283203 -15.583243370056152 5
v 2.775135040283203 -15.776216506958008 5
v 2.775135040283203 -15.812973022460938 5
v 3.0048649311065674 -15.776216506958008 5
v 3.0048649311065674 -16.005945205688477 5
v 3.0048649311065674 -16.04270362854004 5
v 3.0048649311065674 -16.235675811767578 5
v 3.0048649311065674 -16.272432327270508 5
v 3.0048649311065674 -16.465404510498047 5
v 3.2345945835113525 -16.465404510498047 5
v 3.2345945835113525 -16.69513511657715 5
v 3.2345945835113525 -16.731891632080078 5
v 3.2345945835113525 -16.92486572265625 5
v 3.2345945835113525 -16.96162223815918 5
v 3.2345945835113525 -17.15459442138672 5
v 3.2345945835113525 -17.42108154296875 5
v 3.2345945835113525 -17.61405372619629 5
v 3.2345945835113525 -17.65081024169922 5
v 3.2345945835113525 -17.88054084777832 5
v 3.2345945835113525 -18.07351303100586 5
v 3.2345945835113525 -18.11026954650879 5
v 3.2345945835113525 -18.34000015258789 5
v 3.2345945835113525 -18.53297233581543 5
v 3.2345945835113525 -18.56972885131836 5
v 3.2345945835113525 -18.79945945739746 5
v 3.2345945835113525 -18.992431640625 5
v 3.2345945835113525 -19.029190063476562 5
v 2.5849859714508057 -19.634918212890625 5
v 3.134464979171753 -19.25891876220703 5
v 3.8297078609466553 -19.25324058532715 4.900000095367432
v 3.2345945835113525 -19.2221622467041 5
v 3.2345945835113525 -19.25891876220703 5
v 3.2345945835113525 -19.488649368286133 5
v 2.6076862812042236 -19.807344436645508 5.099999904632568
v 2.6303863525390625 -19.979768753051758 5.199999809265137
v 5.080729961395264 -18.961544036865234 4.900000095367432
v 3.8636367321014404 -19.423812866210938 5
v 3.8975653648376465 -19.594383239746094 5.099999904632568
v 3.9314942359924316 -19.764955520629883 5.199999809265137
v 2.775135040283203 -15.583243370056152 5.599999904632568
v 2.775135040283203 -15.776216506958008 5.599999904632568
v 3.0048649311065674 -15.776216506958008 5.599999904632568
v 3.0048649311065674 -16.04270362854004 5.599999904632568
v 3.0048649311065674 -16.235675811767578 5.599999904632568
v 3.0048649311065674 -16.465404510498047 5.599999904632568
v 3.2345945835113525 -16.465404510498047 5.599999904632568
v 3.2345945835113525 -16.69513511657715 5.599999904632568
v 3.2345945835113525 -16.96162223815918 5.599999904632568
v 3.2345945835113525 -17.15459442138672 5.599999904632568
v 3.2345945835113525 -17.42108154296875 5.599999904632568
v 3.2345945835113525 -17.61405372619629 5.599999904632568
v 3.2345945835113525 -17.88054084777832 5.599999904632568
v 2.6530866622924805 -20.15219497680664 5.300000190734863
v 2.6757869720458984 -20.32461929321289 5.400000095367432
v 3.2345945835113525 -18.07351303100586 5.599999904632568
v 3.2345945835113525 -18.34000015258789 5.599999904632568
v 3.2345945835113525 -18.53297233581543 5.599999904632568
v 3.2345945835113525 -18.79945945739746 5.599999904632568
v 3.2345945835113525 -18.992431640625 5.599999904632568
v 2.6757869720458984 -20.32461929321289 5.5
v 2.6757869720458984 -20.32461929321289 5.599999904632568
v 3.2345945835113525 -19.25891876220703 5.599999904632568
v 3.2345945835113525 -19.488649368286133 5.599999904632568
v 3.9654228687286377 -19.935527801513672 5.300000190734863
v 3.999351739883423 -20.106098175048828 5.400000095367432
v 3.999351739883423 -20.106098175048828 5.5
v 3.999351739883423 -20.106098175048828 5.599999904632568
v 5.974581241607666 -17.600549697875977 4.300000190734863
v 6.030483722686768 -17.76523208618164 4.400000095367432
v 6.086386203765869 -17.929916381835938 4.5
v 7.112920761108398 -17.172109603881836 4.300000190734863
v 7.179474353790283 -17.332782745361328 4.400000095367432
v 7.246027946472168 -17.493457794189453 4.5
v 7.312581539154053 -17.654132843017578 4.599999904632568
v 7.3791351318359375 -17.814807891845703 4.699999809265137
v 6.142288684844971 -18.0945987701416 4.599999904632568
v 6.198191165924072 -18.2592830657959 4.699999809265137
v 6.254094123840332 -18.423967361450195 4.800000190734863
v 7.445688724517822 -17.975482940673828 4.800000190734863
v 8.220800399780273 -16.670135498046875 4.300000190734863
v 8.297720909118652 -16.826112747192383 4.400000095367432
v 8.374640464782715 -16.98208999633789 4.5
v 9.293478012084961 -16.096776962280273 4.300000190734863
v 9.3804349899292 -16.24738883972168 4.400000095367432
v 9.467391014099121 -16.39800262451172 4.5
v 8.451560020446777 -17.13806915283203 4.599999904632568
v 8.52847957611084 -17.29404640197754 4.699999809265137
v 8.605400085449219 -17.450023651123047 4.800000190734863
v 9.55434799194336 -16.548616409301758 4.599999904632568
v 9.641304016113281 -16.699228286743164 4.699999809265137
v 9.72826099395752 -16.849842071533203 4.800000190734863
v 5.125741958618164 -19.129531860351562 5
v 6.309996604919434 -18.58864974975586 4.900000095367432
v 6.365899085998535 -18.753334045410156 5
v 5.1707539558410645 -19.297517776489258 5.099999904632568
v 5.215765953063965 -19.465505599975586 5.199999809265137
v 7.512242317199707 -18.13615608215332 4.900000095367432
v 7.578795909881592 -18.296831130981445 5
v 6.421801567077637 -18.91801643371582 5.099999904632568
v 6.477704048156738 -19.082700729370117 5.199999809265137
v 7.645349502563477 -18.45750617980957 5.099999904632568
v 5.260777950286865 -19.633493423461914 5.300000190734863
v 5.305789947509766 -19.80147933959961 5.400000095367432
v 5.305789947509766 -19.80147933959961 5.5
v 5.305789947509766 -19.80147933959961 5.599999904632568
v 6.53360652923584 -19.247385025024414 5.300000190734863
v 6.589509010314941 -19.412067413330078 5.400000095367432
v 6.589509010314941 -19.412067413330078 5.5
v 6.589509010314941 -19.412067413330078 5.599999904632568
v 8.682319641113281 -17.606000900268555 4.900000095367432
v 8.759239196777344 -17.761980056762695 5
v 8.836158752441406 -17.917957305908203 5.099999904632568
v 9.815217018127441 -17.000455856323242 4.900000095367432
v 9.90217399597168 -17.15106773376465 5
v 9.989130020141602 -17.301681518554688 5.099999904632568
v 10.07608699798584 -17.452295303344727 5.199999809265137
v 7.711903095245361 -18.618181228637695 5.199999809265137
v 8.913078308105469 -18.07393455505371 5.199999809265137
v 10.163043975830078 -17.602907180786133 5.300000190734863
v 7.778457164764404 -18.77885627746582 5.300000190734863
v 7.845010757446289 -18.939529418945312 5.400000095367432
v 7.845010757446289 -18.939529418945312 5.5
v 7.845010757446289 -18.939529418945312 5.599999904632568
v 8.989998817443848 -18.22991371154785 5.300000190734863
v 9.06691837310791 -18.38589096069336 5.400000095367432
v 9.06691837310791 -18.38589096069336 5.5
v 9.06691837310791 -18.38589096069336 5.599999904632568
v 15.244011878967285 -6.314276695251465 3.0999999046325684
v 14.798399925231934 -7.297763347625732 3.0999999046325684
v 13.090330123901367 -10.044563293457031 3.0999999046325684
v 13.71924877166748 -9.166909217834473 3.0999999046325684
v 14.289419174194336 -8.25 3.0999999046325684
v 14.954378128051758 -7.374683380126953 3.200000047683716
v 15.110356330871582 -7.451602935791016 3.299999952316284
v 15.26633358001709 -7.528522968292236 3.4000000953674316
v 13.228304862976074 -10.150434494018555 3.200000047683716
v 13.863851547241211 -9.263529777526855 3.200000047683716
v 14.008455276489258 -9.360151290893555 3.299999952316284
v 14.440032005310059 -8.336956977844238 3.200000047683716
v 14.590645790100098 -8.42391300201416 3.299999952316284
v 14.74125862121582 -8.510869979858398 3.4000000953674316
v 14.153059005737305 -9.456771850585938 3.4000000953674316
v 14.891871452331543 -8.59782600402832 3.5
v 15.042484283447266 -8.684782981872559 3.5999999046325684
v 14.297661781311035 -9.55339241027832 3.5
v 14.442265510559082 -9.65001392364502 3.5999999046325684
v 15.193098068237305 -8.77173900604248 3.700000047683716
v 15.343710899353027 -8.858695983886719 3.799999952316284
v 14.586869239807129 -9.746634483337402 3.700000047683716
v 14.73147201538086 -9.843255043029785 3.799999952316284
v 14.876075744628906 -9.939876556396484 3.9000000953674316
v 15.020679473876953 -10.036497116088867 4
v 15.165282249450684 -10.13311767578125 4.099999904632568
v 15.30988597869873 -10.22973918914795 4.199999809265137
v 16.5 -7.50498757172295e-24 3.0999999046325684
v 16.464672088623047 -1.0791516304016113 3.0999999046325684
v 16.358840942382812 -2.153682231903076 3.0999999046325684
v 16.18295669555664 -3.2189903259277344 3.0999999046325684
v 15.937776565551758 -4.270514011383057 3.0999999046325684
v 16.638212203979492 -1.0905261039733887 3.200000047683716
v 16.531265258789062 -2.176382303237915 3.200000047683716
v 16.673913955688477 1.8975572221058718e-16 3.200000047683716
v 16.84782600402832 1.8956209577280077e-16 3.299999952316284
v 16.81175422668457 -1.101900577545166 3.299999952316284
v 16.703691482543945 -2.199082612991333 3.299999952316284
v 17.021739959716797 1.8923940268967648e-16 3.4000000953674316
v 16.985294342041016 -1.1132750511169434 3.4000000953674316
v 16.876115798950195 -2.221782684326172 3.4000000953674316
v 16.35352897644043 -3.2529191970825195 3.200000047683716
v 16.524099349975586 -3.2868478298187256 3.299999952316284
v 16.105762481689453 -4.315526008605957 3.200000047683716
v 16.27375030517578 -4.360538005828857 3.299999952316284
v 16.44173812866211 -4.405550003051758 3.4000000953674316
v 16.694671630859375 -3.3207767009735107 3.4000000953674316
v 15.624346733093262 -5.303750991821289 3.0999999046325684
v 15.789031028747559 -5.359653472900391 3.200000047683716
v 15.40468692779541 -6.38083028793335 3.200000047683716
v 15.953714370727539 -5.415555953979492 3.299999952316284
v 15.565361976623535 -6.447383880615234 3.299999952316284
v 16.118396759033203 -5.471458911895752 3.4000000953674316
v 15.726036071777344 -6.513937950134277 3.4000000953674316
v 17.19565200805664 1.8878761649143472e-16 3.5
v 17.15883445739746 -1.1246495246887207 3.5
v 17.369565963745117 1.8820675041296528e-16 3.5999999046325684
v 17.33237648010254 -1.1360238790512085 3.5999999046325684
v 17.048540115356445 -2.24448299407959 3.5
v 17.220966339111328 -2.2671830654144287 3.5999999046325684
v 17.54347801208496 1.8749681768915797e-16 3.700000047683716
v 17.505916595458984 -1.1473983526229858 3.700000047683716
v 17.717391967773438 1.8665779185023318e-16 3.799999952316284
v 17.67945671081543 -1.1587728261947632 3.799999952316284
v 17.393390655517578 -2.2898833751678467 3.700000047683716
v 17.56581687927246 -2.3125836849212646 3.799999952316284
v 16.609724044799805 -4.450562000274658 3.5
v 16.86524200439453 -3.354705333709717 3.5
v 17.03581428527832 -3.388634204864502 3.5999999046325684
v 16.777711868286133 -4.495573997497559 3.5999999046325684
v 17.206384658813477 -3.422562837600708 3.700000047683716
v 17.376956939697266 -3.456491708755493 3.799999952316284
v 16.94569969177246 -4.540585994720459 3.700000047683716
v 17.113685607910156 -4.585597991943359 3.799999952316284
v 17.89130401611328 1.8568969936597052e-16 3.9000000953674316
v 17.852996826171875 -1.1701472997665405 3.9000000953674316
v 17.73824119567871 -2.3352837562561035 3.9000000953674316
v 17.910667419433594 -2.3579840660095215 4
v 17.547527313232422 -3.490420341491699 3.9000000953674316
v 17.71809959411621 -3.5243492126464844 4
v 17.281673431396484 -4.63060998916626 3.9000000953674316
v 17.44965934753418 -4.67562198638916 4
v 17.888669967651367 -3.5582778453826904 4.099999904632568
v 17.617647171020508 -4.7206339836120605 4.099999904632568
v 17.785634994506836 -4.765645980834961 4.199999809265137
v 18.065217971801758 1.8459251376659038e-16 4
v 18.026538848876953 -1.1815217733383179 4
v 18.2391300201416 1.8336624828698257e-16 4.099999904632568
v 18.2000789642334 -1.1928962469100952 4.099999904632568
v 18.413043975830078 1.8201090292714709e-16 4.199999809265137
v 18.373619079589844 -1.2042707204818726 4.199999809265137
v 18.083091735839844 -2.3806841373443604 4.099999904632568
v 18.255517959594727 -2.4033844470977783 4.199999809265137
v 18.059242248535156 -3.5922067165374756 4.199999809265137
v 16.2830810546875 -5.5273613929748535 3.5
v 16.447765350341797 -5.583263874053955 3.5999999046325684
v 15.886711120605469 -6.580491542816162 3.5
v 15.422311782836914 -7.605442523956299 3.5
v 15.578289985656738 -7.6823625564575195 3.5999999046325684
v 16.047386169433594 -6.647045135498047 3.5999999046325684
v 16.61244773864746 -5.639166355133057 3.700000047683716
v 16.20806121826172 -6.713598728179932 3.700000047683716
v 16.36873435974121 -6.780152320861816 3.799999952316284
v 16.777132034301758 -5.695068836212158 3.799999952316284
v 15.734267234802246 -7.759282112121582 3.700000047683716
v 15.89024543762207 -7.8362016677856445 3.799999952316284
v 16.529409408569336 -6.846705913543701 3.9000000953674316
v 16.941814422607422 -5.75097131729126 3.9000000953674316
v 17.10649871826172 -5.806873798370361 4
v 16.69008445739746 -6.913259506225586 4
v 17.271183013916016 -5.862776279449463 4.099999904632568
v 17.43586540222168 -5.9186787605285645 4.199999809265137
v 16.850759506225586 -6.979813098907471 4.099999904632568
v 17.01143455505371 -7.0463666915893555 4.199999809265137
v 15.49432373046875 -8.94565200805664 3.9000000953674316
v 16.046222686767578 -7.913121700286865 3.9000000953674316
v 16.20220184326172 -7.990041255950928 4
v 15.644937515258789 -9.032608985900879 4
v 16.358179092407227 -8.066961288452148 4.099999904632568
v 16.514156341552734 -8.143880844116211 4.199999809265137
v 15.795550346374512 -9.1195650100708 4.099999904632568
v 15.946163177490234 -9.206521987915039 4.199999809265137
v 10.879205703735352 -12.405356407165527 3.0999999046325684
v 12.405356407165527 -10.879205703735352 3.0999999046325684
v 11.667262077331543 -11.667262077331543 3.0999999046325684
v 10.993874549865723 -12.536111831665039 3.200000047683716
v 11.108543395996094 -12.666866302490234 3.299999952316284
v 11.223212242126465 -12.79762077331543 3.4000000953674316
v 12.536111831665039 -10.993874549865723 3.200000047683716
v 12.666866302490234 -11.108543395996094 3.299999952316284
v 11.790237426757812 -11.790237426757812 3.200000047683716
v 11.913211822509766 -11.913211822509766 3.299999952316284
v 12.79762077331543 -11.223212242126465 3.4000000953674316
v 12.036187171936035 -12.036187171936035 3.4000000953674316
v 10.256306648254395 -13.366279602050781 3.299999952316284
v 10.362177848815918 -13.504253387451172 3.4000000953674316
v 13.366279602050781 -10.256306648254395 3.299999952316284
v 13.504253387451172 -10.362177848815918 3.4000000953674316
v 12.159162521362305 -12.159162521362305 3.5
v 12.282136917114258 -12.282136917114258 3.5999999046325684
v 12.405112266540527 -12.405112266540527 3.700000047683716
v 12.528087615966797 -12.528087615966797 3.799999952316284
v 10.468050003051758 -13.642228126525879 3.5
v 10.573921203613281 -13.780202865600586 3.5999999046325684
v 11.337881088256836 -12.928376197814941 3.5
v 11.452549934387207 -13.059130668640137 3.5999999046325684
v 10.679792404174805 -13.918177604675293 3.700000047683716
v 10.785664558410645 -14.056151390075684 3.799999952316284
v 11.567218780517578 -13.189885139465332 3.700000047683716
v 11.68188762664795 -13.320639610290527 3.799999952316284
v 12.651062965393066 -12.651062965393066 3.9000000953674316
v 12.77403736114502 -12.77403736114502 4
v 10.891535758972168 -14.19412612915039 3.9000000953674316
v 10.997406959533691 -14.332100868225098 4
v 11.103279113769531 -14.470075607299805 4.099999904632568
v 11.209150314331055 -14.608049392700195 4.199999809265137
v 11.79655647277832 -13.451395034790039 3.9000000953674316
v 11.911225318908691 -13.582149505615234 4
v 12.025894165039062 -13.71290397644043 4.099999904632568
v 12.140563011169434 -13.843659400939941 4.199999809265137
v 12.928376197814941 -11.337881088256836 3.5
v 13.059130668640137 -11.452549934387207 3.5999999046325684
v 13.642228126525879 -10.468050003051758 3.5
v 13.780202865600586 -10.573921203613281 3.5999999046325684
v 13.918177604675293 -10.679792404174805 3.700000047683716
v 14.056151390075684 -10.785664558410645 3.799999952316284
v 13.189885139465332 -11.567218780517578 3.700000047683716
v 13.320639610290527 -11.68188762664795 3.799999952316284
v 13.451395034790039 -11.79655647277832 3.9000000953674316
v 13.582149505615234 -11.911225318908691 4
v 13.71290397644043 -12.025894165039062 4.099999904632568
v 13.843659400939941 -12.140563011169434 4.199999809265137
v 14.19412612915039 -10.891535758972168 3.9000000953674316
v 14.332100868225098 -10.997406959533691 4
v 14.470075607299805 -11.103279113769531 4.099999904632568
v 14.608049392700195 -11.209150314331055 4.199999809265137
v 12.897012710571289 -12.897012710571289 4.099999904632568
v 13.019988059997559 -13.019988059997559 4.199999809265137
v 18.547161102294922 -1.2156450748443604 4.300000190734863
v 18.586956024169922 1.8052650415686353e-16 4.300000190734863
v 18.427942276000977 -2.426084518432617 4.300000190734863
v 18.7608699798584 1.789129990365727e-16 4.400000095367432
v 18.720701217651367 -1.2270195484161377 4.400000095367432
v 18.934782028198242 1.7717041403605418e-16 4.5
v 18.894241333007812 -1.238394021987915 4.5
v 18.60036849975586 -2.448784828186035 4.400000095367432
v 18.77279281616211 -2.471485137939453 4.5
v 18.229812622070312 -3.6261353492736816 4.300000190734863
v 17.95362091064453 -4.810657978057861 4.300000190734863
v 18.4003849029541 -3.660064220428467 4.400000095367432
v 18.570955276489258 -3.693992853164673 4.5
v 18.12160873413086 -4.855669975280762 4.400000095367432
v 18.289594650268555 -4.900681972503662 4.5
v 19.10869598388672 1.75298749155308e-16 4.599999904632568
v 19.06778335571289 -1.2497684955596924 4.599999904632568
v 18.945219039916992 -2.494185209274292 4.599999904632568
v 19.117643356323242 -2.51688551902771 4.699999809265137
v 19.282608032226562 1.7329799115944433e-16 4.699999809265137
v 19.241323471069336 -1.2611429691314697 4.699999809265137
v 19.45652198791504 1.711681929880224e-16 4.800000190734863
v 19.41486358642578 -1.272517442703247 4.800000190734863
v 19.290067672729492 -2.539585590362549 4.800000190734863
v 18.741527557373047 -3.727921724319458 4.599999904632568
v 18.912097930908203 -3.761850357055664 4.699999809265137
v 18.457582473754883 -4.9456939697265625 4.599999904632568
v 18.62557029724121 -4.990705966949463 4.699999809265137
v 19.082670211791992 -3.795779228210449 4.800000190734863
v 18.793556213378906 -5.035717964172363 4.800000190734863
v 17.600549697875977 -5.974581241607666 4.300000190734863
v 17.172109603881836 -7.112920761108398 4.300000190734863
v 17.76523208618164 -6.030483722686768 4.400000095367432
v 17.929916381835938 -6.086386203765869 4.5
v 17.332782745361328 -7.179474353790283 4.400000095367432
v 17.493457794189453 -7.246027946472168 4.5
v 16.096776962280273 -9.293478012084961 4.300000190734863
v 16.24738883972168 -9.3804349899292 4.400000095367432
v 16.39800262451172 -9.467391014099121 4.5
v 16.670135498046875 -8.220800399780273 4.300000190734863
v 16.826112747192383 -8.297720909118652 4.400000095367432
v 16.98208999633789 -8.374640464782715 4.5
v 17.654132843017578 -7.312581539154053 4.599999904632568
v 17.814807891845703 -7.3791351318359375 4.699999809265137
v 16.548616409301758 -9.55434799194336 4.599999904632568
v 17.13806915283203 -8.451560020446777 4.599999904632568
v 17.29404640197754 -8.52847957611084 4.699999809265137
v 16.699228286743164 -9.641304016113281 4.699999809265137
v 17.450023651123047 -8.605400085449219 4.800000190734863
v 16.849842071533203 -9.72826099395752 4.800000190734863
v 18.0945987701416 -6.142288684844971 4.599999904632568
v 18.2592830657959 -6.198191165924072 4.699999809265137
v 18.423967361450195 -6.254094123840332 4.800000190734863
v 17.975482940673828 -7.445688724517822 4.800000190734863
v 19.630434036254883 1.68909301701483e-16 4.900000095367432
v 19.80434799194336 1.665213040649363e-16 5
v 19.588403701782227 -1.2838919162750244 4.900000095367432
v 19.462493896484375 -2.562285900115967 4.900000095367432
v 19.761945724487305 -1.2952662706375122 5
v 19.978260040283203 1.6400423978305174e-16 5.099999904632568
v 20.15217399597168 1.613580956209395e-16 5.199999809265137
v 19.93548583984375 -1.3066407442092896 5.099999904632568
v 20.109025955200195 -1.318015217781067 5.199999809265137
v 18.961544036865234 -5.080729961395264 4.900000095367432
v 19.25324058532715 -3.8297078609466553 4.900000095367432
v 19.634918212890625 -2.5849859714508057 5
v 19.423812866210938 -3.8636367321014404 5
v 19.807344436645508 -2.6076862812042236 5.099999904632568
v 19.979768753051758 -2.6303863525390625 5.199999809265137
v 19.594383239746094 -3.8975653648376465 5.099999904632568
v 19.764955520629883 -3.9314942359924316 5.199999809265137
v 20.326087951660156 1.585828848134894e-16 5.300000190734863
v 20.5 1.5567859412581161e-16 5.400000095367432
v 20.282567977905273 -1.3293896913528442 5.300000190734863
v 20.45610809326172 -1.3407641649246216 5.400000095367432
v 20.5 1.5419415565085865e-16 5.5
v 20.5 1.527097304107955e-16 5.599999904632568
v 20.45610809326172 -1.3407641649246216 5.5
v 20.45610809326172 -1.3407641649246216 5.599999904632568
v 20.15219497680664 -2.6530866622924805 5.300000190734863
v 20.32461929321289 -2.6757869720458984 5.400000095367432
v 19.935527801513672 -3.9654228687286377 5.300000190734863
v 20.106098175048828 -3.999351739883423 5.400000095367432
v 20.32461929321289 -2.6757869720458984 5.5
v 20.32461929321289 -2.6757869720458984 5.599999904632568
v 20.106098175048828 -3.999351739883423 5.5
v 20.106098175048828 -3.999351739883423 5.599999904632568
v 17.606000900268555 -8.682319641113281 4.900000095367432
v 17.761980056762695 -8.759239196777344 5
v 17.000455856323242 -9.815217018127441 4.900000095367432
v 17.15106773376465 -9.90217399597168 5
v 17.917957305908203 -8.836158752441406 5.099999904632568
v 17.301681518554688 -9.989130020141602 5.099999904632568
v 17.452295303344727 -10.07608699798584 5.199999809265137
v 17.602907180786133 -10.163043975830078 5.300000190734863
v 18.58864974975586 -6.309996604919434 4.900000095367432
v 19.129531860351562 -5.125741958618164 5
v 18.753334045410156 -6.365899085998535 5
v 18.13615608215332 -7.512242317199707 4.900000095367432
v 18.296831130981445 -7.578795909881592 5
v 18.45750617980957 -7.645349502563477 5.099999904632568
v 18.91801643371582 -6.421801567077637 5.099999904632568
v 19.082700729370117 -6.477704048156738 5.199999809265137
v 19.297517776489258 -5.1707539558410645 5.099999904632568
v 19.465505599975586 -5.215765953063965 5.199999809265137
v 18.07393455505371 -8.913078308105469 5.199999809265137
v 18.618181228637695 -7.711903095245361 5.199999809265137
v 19.633493423461914 -5.260777950286865 5.300000190734863
v 19.80147933959961 -5.305789947509766 5.400000095367432
v 19.247385025024414 -6.53360652923584 5.300000190734863
v 19.412067413330078 -6.589509010314941 5.400000095367432
v 19.80147933959961 -5.305789947509766 5.5
v 19.80147933959961 -5.305789947509766 5.599999904632568
v 19.412067413330078 -6.589509010314941 5.5
v 19.412067413330078 -6.589509010314941 5.599999904632568
v 18.77885627746582 -7.778457164764404 5.300000190734863
v 18.939529418945312 -7.845010757446289 5.400000095367432
v 18.22991371154785 -8.989998817443848 5.300000190734863
v 18.38589096069336 -9.06691837310791 5.400000095367432
v 18.939529418945312 -7.845010757446289 5.5
v 18.939529418945312 -7.845010757446289 5.599999904632568
v 18.38589096069336 -9.06691837310791 5.5
v 18.38589096069336 -9.06691837310791 5.599999904632568
v 11.315022468566895 -14.746024131774902 4.300000190734863
v 11.420893669128418 -14.88399887084961 4.400000095367432
v 11.526764869689941 -15.021973609924316 4.5
v 12.255231857299805 -13.974413871765137 4.300000190734863
v 12.369900703430176 -14.105168342590332 4.400000095367432
v 12.484569549560547 -14.235922813415527 4.5
v 11.632637023925781 -15.159947395324707 4.599999904632568
v 11.738508224487305 -15.297922134399414 4.699999809265137
v 12.599238395690918 -14.366678237915039 4.599999904632568
v 12.713907241821289 -14.497432708740234 4.699999809265137
v 13.974413871765137 -12.255231857299805 4.300000190734863
v 14.746024131774902 -11.315022468566895 4.300000190734863
v 14.88399887084961 -11.420893669128418 4.400000095367432
v 15.021973609924316 -11.526764869689941 4.5
v 14.105168342590332 -12.369900703430176 4.400000095367432
v 14.235922813415527 -12.484569549560547 4.5
v 13.142963409423828 -13.142963409423828 4.300000190734863
v 13.265937805175781 -13.265937805175781 4.400000095367432
v 13.38891315460205 -13.38891315460205 4.5
v 14.366678237915039 -12.599238395690918 4.599999904632568
v 14.497432708740234 -12.713907241821289 4.699999809265137
v 15.159947395324707 -11.632637023925781 4.599999904632568
v 15.297922134399414 -11.738508224487305 4.699999809265137
v 13.51188850402832 -13.51188850402832 4.599999904632568
v 13.63486385345459 -13.63486385345459 4.699999809265137
v 13.757838249206543 -13.757838249206543 4.800000190734863
v 12.82857608795166 -14.62818717956543 4.800000190734863
v 14.62818717956543 -12.82857608795166 4.800000190734863
v 10.326359748840332 -15.454489707946777 4.300000190734863
v 10.422981262207031 -15.599092483520508 4.400000095367432
v 10.519601821899414 -15.743696212768555 4.5
v 10.616222381591797 -15.888299942016602 4.599999904632568
v 10.712843894958496 -16.03290367126465 4.699999809265137
v 10.809464454650879 -16.177507400512695 4.800000190734863
v 11.844379425048828 -15.435896873474121 4.800000190734863
v 13.880813598632812 -13.880813598632812 4.900000095367432
v 14.003788948059082 -14.003788948059082 5
v 12.943244934082031 -14.758942604064941 4.900000095367432
v 13.057913780212402 -14.889697074890137 5
v 13.172582626342773 -15.020451545715332 5.099999904632568
v 13.287251472473145 -15.151206016540527 5.199999809265137
v 14.758942604064941 -12.943244934082031 4.900000095367432
v 14.889697074890137 -13.057913780212402 5
v 15.020451545715332 -13.172582626342773 5.099999904632568
v 15.151206016540527 -13.287251472473145 5.199999809265137
v 14.126763343811035 -14.126763343811035 5.099999904632568
v 14.249738693237305 -14.249738693237305 5.199999809265137
v 13.401920318603516 -15.281961441040039 5.300000190734863
v 15.281961441040039 -13.401920318603516 5.300000190734863
v 14.372714042663574 -14.372714042663574 5.300000190734863
v 14.495689392089844 -14.495689392089844 5.400000095367432
v 14.495689392089844 -14.495689392089844 5.5
v 14.495689392089844 -14.495689392089844 5.599999904632568
v 10.906085014343262 -16.32210922241211 4.900000095367432
v 11.002706527709961 -16.466712951660156 5
v 11.099327087402344 -16.611316680908203 5.099999904632568
v 11.195947647094727 -16.75592041015625 5.199999809265137
v 11.950251579284668 -15.573870658874512 4.900000095367432
v 12.056122779846191 -15.711845397949219 5
v 12.161993980407715 -15.849820137023926 5.099999904632568
v 12.267866134643555 -15.987794876098633 5.199999809265137
v 10.25 -17.753520965576172 5.400000095367432
v 11.292569160461426 -16.900524139404297 5.300000190734863
v 11.389189720153809 -17.04512596130371 5.400000095367432
v 10.25 -17.753520965576172 5.5
v 10.25 -17.753520965576172 5.599999904632568
v 11.389189720153809 -17.04512596130371 5.5
v 11.389189720153809 -17.04512596130371 5.599999904632568
v 12.373737335205078 -16.125768661499023 5.300000190734863
v 12.479609489440918 -16.263744354248047 5.400000095367432
v 12.479609489440918 -16.263744354248047 5.5
v 12.479609489440918 -16.263744354248047 5.599999904632568
v 13.516589164733887 -15.412715911865234 5.400000095367432
v 13.516589164733887 -15.412715911865234 5.5
v 13.516589164733887 -15.412715911865234 5.599999904632568
v 15.454489707946777 -10.326359748840332 4.300000190734863
v 15.599092483520508 -10.422981262207031 4.400000095367432
v 15.743696212768555 -10.519601821899414 4.5
v 15.888299942016602 -10.616222381591797 4.599999904632568
v 16.03290367126465 -10.712843894958496 4.699999809265137
v 16.177507400512695 -10.809464454650879 4.800000190734863
v 15.435896873474121 -11.844379425048828 4.800000190734863
v 16.32210922241211 -10.906085014343262 4.900000095367432
v 16.466712951660156 -11.002706527709961 5
v 15.573870658874512 -11.950251579284668 4.900000095367432
v 15.711845397949219 -12.056122779846191 5
v 16.611316680908203 -11.099327087402344 5.099999904632568
v 15.849820137023926 -12.161993980407715 5.099999904632568
v 15.987794876098633 -12.267866134643555 5.199999809265137
v 16.75592041015625 -11.195947647094727 5.199999809265137
v 16.125768661499023 -12.373737335205078 5.300000190734863
v 16.263744354248047 -12.479609489440918 5.400000095367432
v 16.263744354248047 -12.479609489440918 5.5
v 16.263744354248047 -12.479609489440918 5.599999904632568
v 16.900524139404297 -11.292569160461426 5.300000190734863
v 17.04512596130371 -11.389189720153809 5.400000095367432
v 17.753520965576172 -10.25 5.400000095367432
v 17.04512596130371 -11.389189720153809 5.5
v 17.04512596130371 -11.389189720153809 5.599999904632568
v 17.753520965576172 -10.25 5.5
v 17.753520965576172 -10.25 5.599999904632568
v 15.412715911865234 -13.516589164733887 5.400000095367432
v 15.412715911865234 -13.516589164733887 5.5
v 15.412715911865234 -13.516589164733887 5.599999904632568
vn -0.6973497327637761 0.7127372679827797 -0.07555750818239884
vn -0.7445793127292846 0.6674907781515881 -0.007596587271515236
vn -0.6510840167934353 0.7589676507926921 -0.007596586493138511
vn -0.9433390651489734 0.33174342456246997 -0.007596606046500494
vn -0.9602912354401189 0.26857370938147124 -0.07555730120886577
vn -0.9785699464525641 0.20577452041375208 -0.00759648920988556
vn -0.0683959732083108 0.009764910812133416 -0.9976104637410932
vn -0.9970571357913194 0.07628472863197407 -0.007596587731134387
vn -0.06727348975318172 0.0007341050618088643 -0.9977343026408316
vn -0.8580583507028114 0.5079634888101665 -0.07555766556064877
vn -0.8253340295473454 0.5645936844083704 -0.007596788619086499
vn -0.014425933174982555 0.011321632976830863 -0.9998318424008954
vn -0.8919676515655807 0.4520353959418039 -0.007596668764623624
vn -0.7834328227984326 0.3345696847100772 -0.5237328882503743
vn -0.31107928681094615 0.9503536020335384 -0.007596605759936522
vn -0.5111879127144449 0.6814618133063585 -0.5237334387833747
vn -0.5464487002345739 0.8374581224394336 -0.007596786963142807
vn -0.48911811757097023 0.8689387237374052 -0.07555766971949283
vn -0.4324635233204258 0.9016194272570766 -0.007596669658804781
vn -0.07710728954223771 0.19205446939547965 -0.9783504212114748
vn -0.24755395262209057 0.9659234613468272 -0.07555731176361538
vn -0.18437194818505193 0.9828271862799014 -0.007596488108367013
vn -0.10197036086395558 0.8457574346261074 -0.5237331451034396
vn -0.05450928917828946 0.9984843660510976 -0.0075965877086636175
vn 0.10355587523992017 -0.11896515890778714 -0.987483403237411
vn -0.9984843660510976 -0.05450928917828946 -0.0075965877086636175
vn -0.11055907878471896 -0.013329767017941628 -0.9937801605030772
vn -0.9828271862799014 -0.18437194818505193 -0.007596488108367013
vn -0.9659234496837602 -0.24755399471123327 -0.07555732296432437
vn -0.9503536020335384 -0.31107928681094615 -0.007596605759936522
vn -0.028880842404504614 -0.011595269815461178 -0.9995156060111882
vn -0.9016194272570766 -0.4324635233204258 -0.007596669658804781
vn -0.8689387237374052 -0.48911811757097023 -0.07555766971949283
vn -0.8374581224394336 -0.5464487002345739 -0.007596786963142807
vn -0.6814618133063585 -0.5111879127144449 -0.5237334387833747
vn -0.7589676507926921 -0.6510840167934353 -0.007596586493138511
vn -0.7127372086305986 -0.6973497926154351 -0.07555751565974332
vn -0.6674907781515881 -0.7445793127292846 -0.007596587271515236
vn 0.3490957329080308 0.06718350964885435 -0.9346756364090525
vn 0.07363367138267288 0.2136591987627923 -0.9741292672036653
vn -0.12777047058832514 -0.16280408457889922 -0.9783504162058013
vn -0.5645936844083704 -0.8253340295473454 -0.007596788619086499
vn -0.5079634625447914 -0.8580583659396506 -0.07555766910435302
vn -0.4520353959418039 -0.8919676515655807 -0.007596668764623624
vn -0.3345696847100772 -0.7834328227984326 -0.5237328882503743
vn -0.33174342456246997 -0.9433390651489734 -0.007596606046500494
vn -0.2685736940088986 -0.9602912400797885 -0.07555729688413083
vn -0.20577452041375208 -0.9785699464525641 -0.00759648920988556
vn -0.0020700115120271916 -0.014498899277397925 -0.9998927427339814
vn -0.07628472863197407 -0.9970571357913194 -0.007596587731134387
vn -0.01088040795866954 -0.9970821216794601 -0.07555699404978616
vn -0.3954296380419237 0.30349465976966145 -0.8669062191779054
vn -0.39542987954991893 0.30349415550132636 -0.8669062855555226
vn -0.7132404308436975 0.6988013847404984 -0.054449173498397375
vn -0.7574170440840917 0.6506571353227509 -0.0544491835063518
vn -0.6660091963170455 0.7439536548566832 -0.05444914918073849
vn -0.3034057042724115 0.3954981295586387 -0.8669061126388371
vn -0.30340632174437265 0.3954979696276333 -0.8669059694949447
vn -0.3524325767746008 0.3525126854167181 -0.8669060418801503
vn -0.3524331089249605 0.35251247250805595 -0.866905912114887
vn -0.37473329591399535 0.3287075730761908 -0.8669061588982944
vn -0.37473341839279545 0.32870709910697304 -0.8669062856712534
vn -0.35243257238892073 0.35251125051859256 -0.8669066271387861
vn -0.3747338613882452 0.32870661872657203 -0.86690627632657
vn -0.3286218003513623 0.37480756142833177 -0.86690657179997
vn -0.32862333007977607 0.37480822826810933 -0.8669057036089908
vn -0.32862271989154634 0.37480678162737907 -0.8669065603726901
vn -0.3954299698147006 0.3034933514969961 -0.8669065258547001
vn -0.39543052669855794 0.3034931953013707 -0.8669063265201524
vn -0.3747338427508135 0.3287059430666907 -0.8669065405739227
vn -0.37473467722254933 0.32870609208417617 -0.866906123356884
vn -0.3747350532908258 0.32870557547837187 -0.8669061566770386
vn -0.3747350895587353 0.3287048658940356 -0.8669064100530061
vn -0.3954310332977211 0.30349304625882656 -0.8669061476178573
vn -0.39543146652396194 0.3034925518945049 -0.8669061230763514
vn -0.35243490194214 0.35250830506188074 -0.8669068777875938
vn -0.35243588643086027 0.3525086338997201 -0.8669063438352766
vn -0.3954315557612914 0.3034919259155253 -0.866906301518388
vn -0.39543121842967993 0.30349123316625076 -0.8669066979107077
vn -0.39543209160995 0.3034910611929185 -0.8669063598226606
vn -0.39543289304594764 0.30349105871644044 -0.8669059951208585
vn -0.3747357742013748 0.32870409032246306 -0.8669064081773639
vn -0.3747357708928907 0.32870474307147507 -0.8669061621050034
vn -0.37473550354835683 0.3287033133287213 -0.8669068197834643
vn -0.3747369591229124 0.3287037264041705 -0.8669060339594624
vn -0.3286246341890279 0.37480616370405156 -0.8669061018666204
vn -0.3286245539622086 0.37480548872085495 -0.8669064241069276
vn -0.32862297201664165 0.37480620121372404 -0.8669067157397543
vn -0.3286244581804763 0.3748068523570917 -0.8669058708485932
vn -0.30340556048703166 0.39549637803412485 -0.8669069620365492
vn -0.30340691822515775 0.395496986717198 -0.8669062091545595
vn -0.30340760686485624 0.39549696106826787 -0.8669059798399743
vn -0.3034077346420682 0.39549628678326865 -0.8669062427390952
vn -0.3524342749500993 0.3525112841505844 -0.8669059213010969
vn -0.3524334351705829 0.3525111298233063 -0.8669063254611531
vn -0.35243392373205124 0.3525102772828373 -0.8669064735095753
vn -0.3524341925638019 0.3525097116496829 -0.8669065942214065
vn -0.3286248395276827 0.374805176489229 -0.8669064508482348
vn -0.3286255807606954 0.3748049635104353 -0.8669062619439527
vn -0.3286256275203462 0.3748042675948989 -0.8669065450955542
vn -0.32862616293941643 0.37480435583540717 -0.8669063039789949
vn -0.30340803467022587 0.39549578275722413 -0.8669063676769261
vn -0.30340817657420366 0.3954953264575055 -0.8669065261827182
vn -0.3034086488532585 0.3954949926904415 -0.8669065131591915
vn -0.3034095431244313 0.3954953505809774 -0.8669060368978021
vn -0.3524352925624485 0.35250994738040015 -0.8669060511694959
vn -0.35243546828217925 0.35250949725070774 -0.8669061627677902
vn -0.9487576479144092 0.31127834301904994 -0.05444923040073877
vn -0.4605060823466643 0.1908086690498448 -0.8669061079131662
vn -0.46050489201110706 0.19080881878960565 -0.8669067072678318
vn -0.4719990690574016 0.16028193792207768 -0.8669063266494768
vn -0.47200003581816274 0.16028154003462922 -0.8669058738477785
vn -0.4605064194390243 0.19080804704072157 -0.8669060657533522
vn -0.47199928346577236 0.1602809266100182 -0.8669063968923241
vn -0.9670850571189277 0.24855947331593609 -0.05444887989834827
vn -0.9812708802357621 0.18477758217751614 -0.05444910215939274
vn -0.991255018764369 0.1202031565757041 -0.0544489570486666
vn -0.9969943362330883 0.05511459444340068 -0.05444882917458588
vn -0.9984643445941984 -0.010209797867863876 -0.0544491744802013
vn -0.4888831836420968 0.09730156239086496 -0.8669057842166383
vn -0.4814715964686732 0.12906859770093532 -0.8669062226569961
vn -0.4814713921354453 0.12906810711076963 -0.8669064091826747
vn -0.4888822038124976 0.09730271050611325 -0.8669062079161731
vn -0.4888816578410308 0.09730194713118541 -0.8669066014923897
vn -0.481471562833491 0.12906756849334586 -0.8669063945697315
vn -0.4941984778817497 0.065119200321022 -0.8669067736549948
vn -0.4984710282696227 0.00005666237923566751 -0.866906356399121
vn -0.4974004078455473 0.03265760125592107 -0.8669061744821595
vn -0.4984710058884453 0.00005609080993680964 -0.8669063693054647
vn -0.4942012724659804 0.06511878218800153 -0.8669052119461259
vn -0.4974011553191327 0.032657180456705626 -0.8669057614595778
vn -0.4984716755780702 0.00005564704750962489 -0.8669059842623059
vn -0.49419976230156154 0.06511969989468216 -0.8669060039166337
vn -0.4973989607808844 0.03265825582017047 -0.8669069800969885
vn -0.44704155238269727 0.22051670202044948 -0.8669061278900343
vn -0.4470424342821687 0.22051641289507104 -0.866905746661633
vn -0.4720007222890019 0.16027918599663415 -0.8669059353210801
vn -0.46050604680047286 0.19080690833289593 -0.8669065143327985
vn -0.44703998963686087 0.2205171575314321 -0.8669068178874433
vn -0.46050514935265957 0.19080693673550575 -0.8669069848105374
vn -0.4470410633485014 0.22051708343408294 -0.8669062830513844
vn -0.4719985977300461 0.16028004734564685 -0.8669069328155977
vn -0.4719998647770999 0.1602797098312692 -0.8669063053564691
vn -0.46050781559382736 0.19080688286306072 -0.8669055803425676
vn -0.4605075637521902 0.19080625145258762 -0.866905853096883
vn -0.4720005284858613 0.16027958323803063 -0.8669059673956058
vn -0.4316618142252172 0.24928066121401507 -0.8669067020645863
vn -0.44704109189507013 0.22051516056485934 -0.8669067574533709
vn -0.44704132379716127 0.22051474011792188 -0.8669067448165386
vn -0.4316621943448921 0.2492812977421844 -0.8669063297550231
vn -0.4316626398581931 0.24928053690431126 -0.8669063266993465
vn -0.4316634298200029 0.24928030720663485 -0.8669059993995871
vn -0.44704255265633225 0.2205147733553975 -0.8669061026700228
vn -0.4470424081944052 0.22051432856480388 -0.8669062903067207
vn -0.4605064386581114 0.19080457068506812 -0.8669068206907302
vn -0.4720003102946811 0.1602784129149936 -0.866906302569762
vn -0.47199943567581454 0.16027754513255296 -0.8669069392085837
vn -0.46050654960824094 0.19080437354790677 -0.8669068051428039
vn -0.46050753321390386 0.190804164985121 -0.8669063285485784
vn -0.4720011622762596 0.16027699313277843 -0.8669061011909972
vn -0.4720002643881917 0.16027709614429175 -0.8669065710150261
vn -0.46050672437174195 0.19080534044511965 -0.8669064994946286
vn -0.48888373910852934 0.09729740875328378 -0.8669059371610971
vn -0.4973995133127565 0.03265384240757068 -0.8669068293261131
vn -0.4984706117992766 0.00005230512110884185 -0.8669065961432231
vn -0.49419922727238863 0.06511499876436272 -0.8669066620457423
vn -0.4942009313077383 0.06511454105096515 -0.8669057250002945
vn -0.49740091079294907 0.032653275951465444 -0.86690604883804
vn -0.4984712142945368 0.00005193898103630349 -0.8669062497306569
vn -0.49740050051536916 0.03265287407668321 -0.8669062993781926
vn -0.49847146739893666 0.000051330127329634736 -0.8669061042318073
vn -0.48147117347929047 0.12906624177425133 -0.8669068083379813
vn -0.48888215132889734 0.09730073751957527 -0.8669064589620818
vn -0.488882063956304 0.09730008227337913 -0.8669065817788084
vn -0.48147265825133 0.12906597212079934 -0.8669060238554759
vn -0.4814727794574367 0.12906549581892934 -0.8669060274508101
vn -0.48888226595004186 0.09729917198450959 -0.8669065700354804
vn -0.48888347458782344 0.09729974152146599 -0.8669058245131318
vn -0.4814719775496703 0.12906685256307135 -0.8669062708297088
vn -0.49419883832015543 0.06511798624669764 -0.8669066593758431
vn -0.49419935835759626 0.06511759665499643 -0.8669063921813112
vn -0.49739982653306597 0.032656076622883154 -0.8669065654524001
vn -0.4984710059348394 0.00005440618560014421 -0.8669063693861502
vn -0.49739933365947914 0.032656617693760624 -0.8669068278632426
vn -0.49847054117726963 0.00005494988687048544 -0.8669066365872105
vn -0.49419939574675187 0.06511713571866903 -0.8669064054898556
vn -0.4942001797738516 0.06511652597887917 -0.8669060043372262
vn -0.4974012026737044 0.032655443667157946 -0.866905799713933
vn -0.4984716756232952 0.00005399202909749895 -0.8669059843409579
vn -0.4974012114474888 0.032654904076078135 -0.8669058150055013
vn -0.4984716308426917 0.0000534753940431915 -0.866906010121864
vn -0.48147199680719427 0.12906414571398167 -0.8669066631313967
vn -0.4814729484355784 0.12906502433406813 -0.8669060037964884
vn -0.48888367587243536 0.09729884599261482 -0.8669058115123933
vn -0.48888198418346185 0.09729820664447357 -0.8669068372810371
vn -0.4814720922084914 0.12906367739598942 -0.8669066798689475
vn -0.48147308456951515 0.1290634711612895 -0.8669061594237959
vn -0.48888277502983274 0.09729763765060316 -0.8669064551534622
vn -0.49419954912462566 0.06511586969526595 -0.866906413148989
vn -0.49419919180179744 0.06511540034887608 -0.8669066521026678
vn -0.49739994353865713 0.03265439637232012 -0.8669065616116307
vn -0.4984709578235129 0.00005280705182302011 -0.8669063971490377
vn -0.8698004966843529 0.4903900559398592 -0.054448957776569794
vn -0.835865034820613 0.5462279411700217 -0.054448873721084756
vn -0.7983500860178573 0.5997269676541037 -0.054449099383672935
vn -0.9000111819197228 0.43245249990894374 -0.054449129855018125
vn -0.9263679017133243 0.37266311966646887 -0.05444914981620737
vn -0.4316598204470726 0.24928450743308753 -0.866906588834947
vn -0.43166034483592397 0.24928409814114427 -0.8669064454196241
vn -0.4144329968644935 0.27698215467480003 -0.8669060947424582
vn -0.43166163450671297 0.24928408795869972 -0.8669058061782677
vn -0.41443208532368003 0.27698287817198036 -0.8669062993506461
vn -0.414432202807938 0.2769823405772568 -0.8669064149515244
vn -0.3954292191214473 0.30349504590432225 -0.8669062750819927
vn -0.44703952021206417 0.22051875561209283 -0.8669066534476834
vn -0.4470404908755976 0.22051852577414915 -0.8669062113678161
vn -0.44704109545736914 0.220518172356629 -0.8669059895010343
vn -0.4144329542070359 0.27698136133855794 -0.8669063686109753
vn -0.41443303243485125 0.2769807578206561 -0.8669065240404807
vn -0.43166091460606953 0.24928308689847975 -0.8669064525009701
vn -0.43166110980832734 0.2492826344266842 -0.866906485413701
vn -0.41443406425620055 0.2769807800975703 -0.8669060236499853
vn -0.41443408300547485 0.2769802561865532 -0.8669061820786854
vn -0.43166201299959495 0.24928245857088718 -0.8669060862527103
vn -0.4316620535704908 0.24928189854555335 -0.8669062270885077
vn -0.41443405134704947 0.27697956949263286 -0.866906416614704
vn -0.4144341935140646 0.2769790284763679 -0.8669065215065775
vn -0.41443493136049236 0.2769789044473368 -0.8669062083982195
vn -0.4144349185838046 0.2769784389888952 -0.8669063632213747
vn -0.4144357799997965 0.27697828807163105 -0.8669059996290651
vn -0.41443568098012956 0.2769775663914805 -0.866906277544689
vn -0.4144354763839733 0.27697691342711966 -0.8669065839770598
vn -0.41443681497386214 0.27697679253725715 -0.8669059826706088
vn -0.4144350954296 0.27697632170860675 -0.866906955150914
vn -0.39543440880271646 0.3034889395575105 -0.8669060456018887
vn -0.41443777616386607 0.27697679756014015 -0.8669055215544992
vn -0.41443747330207487 0.2769748571754746 -0.8669062862937478
vn -0.39543477131061416 0.30348843666335773 -0.8669060563003084
vn -0.3954343140035762 0.3034875645123025 -0.866906570222485
vn -0.41443700146075324 0.2769759035955697 -0.8669061775345919
vn -0.4144365419939897 0.27697518003135235 -0.866906628367014
vn -0.3954342909145753 0.30348721203676704 -0.8669067041493205
vn -0.39543550358529306 0.30348756258504506 -0.8669060282755184
vn -0.41443665947627734 0.27697464243537673 -0.8669067439638126
vn -0.5676647986523786 0.49787506161009465 -0.6556501349025247
vn -0.751839760658698 0.6593458684883615 0
vn -0.7284484428706407 0.6249033742698819 0.28081780375441795
vn -0.41443856906114607 0.27697494195312805 -0.8669057353626236
vn -0.6277960611474804 0.41952157505786003 -0.6556475834384516
vn -0.8314697669859799 0.5555700015194128 0
vn -0.8037837562876171 0.5244760991324345 0.280813985704048
vn -0.3954353425324739 0.3034869801698298 -0.8669063056314806
vn -0.5990117219519717 0.4596820792606888 -0.6556503206517201
vn -0.7933535135015166 0.6087612032766206 0
vn -0.00036539353275828117 0.00027409368020672004 0.9999998956801048
vn -0.2768937898319004 0.4144924212601424 -0.8669059129285209
vn -0.27689349129728996 0.4144913774133569 -0.8669065073738781
vn -0.27689369851732604 0.4144907494745585 -0.8669067414211374
vn -0.3034123173317859 0.39549425127292576 -0.866905567464775
vn -0.27689436517607857 0.4144908553592186 -0.8669064778609743
vn -0.2768946574517891 0.41449069774399744 -0.8669064598665478
vn -0.27689620844796087 0.414491772536794 -0.8669054505806559
vn -0.3524371348406535 0.35250901804149454 -0.8669056800971673
vn -0.3524368355215624 0.35250815247802186 -0.8669061537468048
vn -0.3524362430807023 0.352506963991446 -0.8669068778713741
vn -0.3954328925498915 0.3034905516962374 -0.8669061728472922
vn -0.3747369933734388 0.32870271702699266 -0.8669064018776814
vn -0.37473693342554526 0.3287020014701753 -0.8669066991068411
vn -0.39543283921948663 0.30348990086054306 -0.8669064250208747
vn -0.39543295257157735 0.3034894493303735 -0.8669065313894406
vn -0.37473767442405903 0.3287036966416891 -0.8669057360413162
vn -0.3747384791634404 0.3287015211394544 -0.8669062130558763
vn -0.35243657091438035 0.3525066361740357 -0.8669068778913793
vn -0.35243842717832946 0.35250780698624984 -0.8669056471507209
vn -0.3286287524376078 0.37480307056738504 -0.8669058780309206
vn -0.3524385696936292 0.3525072640468546 -0.866905809985439
vn -0.3954334530436483 0.30348917637607287 -0.8669063986593648
vn -0.3954341144619441 0.3034893000116004 -0.8669060536748874
vn -0.37473731784307096 0.32870158159509955 -0.8669066921374302
vn -0.37473904572384176 0.3287024452888637 -0.866905617741116
vn -0.32862701372923053 0.37480451927797337 -0.8669059107978301
vn -0.3286272296308024 0.37480387193590026 -0.8669061088301553
vn -0.3286268656243091 0.3748028513820401 -0.8669066880500086
vn -0.30340979040762095 0.3954949747058234 -0.8669061218305265
vn -0.3034098704987783 0.3954941877022852 -0.8669064528411494
vn -0.30341034772659214 0.395493949792935 -0.8669063943527073
vn -0.32862711500231284 0.37480256585816096 -0.8669067169605941
vn -0.3286283398862157 0.37480340373179905 -0.866905890379508
vn -0.3034104106570085 0.3954933580816153 -0.8669066422737068
vn -0.30341155192328845 0.3954939953724614 -0.8669059520985131
vn -0.49782297021376654 0.5677112341632629 -0.6556494832853667
vn -0.6593458684883615 0.751839760658698 0
vn -0.6406503348474125 0.7146387132272012 0.28081783778255304
vn -0.30341131182492365 0.3954926222760233 -0.8669066625548068
vn -0.3034119036097101 0.3954925869186749 -0.8669064715644393
vn -0.3034131818297401 0.39549267205043587 -0.8669059853561742
vn -0.3034119935986204 0.39549199163077337 -0.8669067116457426
vn -0.2768960899510313 0.414490849731145 -0.8669059296480696
vn -0.2768954300888467 0.414489323509049 -0.8669068701382655
vn -0.2768967469296455 0.41448977883471605 -0.8669062318274843
vn -0.276895964277581 0.414489230729445 -0.8669067438750846
vn -0.30341338417268304 0.39549242545473645 -0.8669060270368465
vn -0.45962565801477234 0.5990539149382058 -0.6556513261572009
vn -0.6087612032766206 0.7933535135015166 0
vn -0.02604980369188501 0.03319246662519832 0.999109437392596
vn -0.2768978546723451 0.41449050165996604 -0.8669055324033423
vn -0.4194633948035755 0.627834198959968 -0.6556482891277572
vn -0.5555700015194128 0.8314697669859799 0
vn -0.5418906258718412 0.7921477028691046 0.2808141136613771
vn -0.3747382231937745 0.3287006378159311 -0.8669066586299663
vn -0.37473923541057025 0.32870090510514755 -0.8669061197309419
vn -0.3524389924486943 0.3525059284659446 -0.8669061811973148
vn -0.3524390455545073 0.3525054749310432 -0.8669063440258513
vn -0.37473905463868756 0.3287003371436121 -0.8669064132247368
vn -0.374739429051384 0.3287001469114655 -0.8669063235059619
vn -0.3286281216324308 0.37480172381006793 -0.8669066994211901
vn -0.3286287537832118 0.37480182040449467 -0.8669064180223666
vn -0.35243752090939384 0.35250570862203434 -0.8669068688412371
vn -0.35243869071585693 0.3525062525811772 -0.8669061720726573
vn -0.3286293414446531 0.3748016320274505 -0.866906276693861
vn -0.328629880533878 0.3748016946514799 -0.8669060452590396
vn -0.352439343584677 0.352505176914767 -0.8669063440429369
vn -0.5338868019966582 0.5339363930622 -0.6556499148307036
vn -0.3747401773109591 0.32870006031269783 -0.8669060328890207
vn -0.7071067811865476 0.7071067811865476 0
vn -0.23169452570056157 0.22669242927176733 0.946006442510439
vn -0.32862966735124166 0.37480094438548167 -0.8669064504457004
vn -0.47200106010240994 0.1602748680513734 -0.8669065497118568
vn -0.47200061992481 0.16027445792868608 -0.8669068651973294
vn -0.46050978702042983 0.19080208654251318 -0.866905588763518
vn -0.4720032742315046 0.1602746820912863 -0.8669053785709695
vn -0.4470426059671647 0.22051401029161288 -0.8669062692789784
vn -0.4470434416419924 0.22051371286516216 -0.86690591399719
vn -0.44704209925392596 0.22051246053449006 -0.8669069247870084
vn -0.43166375895148795 0.24927993543175897 -0.866905942417636
vn -0.4316634483723719 0.2492793172332988 -0.8669062748296223
vn -0.43166279125603674 0.24927839251515702 -0.8669068679334053
vn -0.4605088256452706 0.19080393109583757 -0.8669056934760486
vn -0.4720026453649255 0.16027688643835705 -0.8669053134236394
vn -0.46050900581793447 0.19080348462396396 -0.8669056960338479
vn -0.4605068057215781 0.1908022500133857 -0.8669071364765308
vn -0.47200065456020657 0.1602759198836093 -0.8669065760508451
vn -0.47200145559977175 0.1602755312231298 -0.8669062117685166
vn -0.43166509170830086 0.24927851500077083 -0.8669056872344735
vn -0.44704300091080806 0.22051244937587297 -0.8669064626630213
vn -0.447044078624061 0.22051257096747384 -0.8669058759822077
vn -0.431664618139722 0.24927786123721973 -0.8669061110312266
vn -0.44704442460347293 0.2205121926926415 -0.8669057937889406
vn -0.43166341536235503 0.24927815309035142 -0.8669066260154955
vn -0.4605082536767919 0.19080211078239626 -0.8669063979557042
vn -0.4605084145226069 0.19080189216823149 -0.8669063606289306
vn -0.4814745217004076 0.12906323451710497 -0.866905396481846
vn -0.48888382805628683 0.0972969690776323 -0.8669059363468087
vn -0.4814724961894749 0.12906237053040734 -0.8669066500645545
vn -0.4814738827707974 0.12906217302825143 -0.8669059093712755
vn -0.48888301529532935 0.0972964012218067 -0.8669064584284928
vn -0.48888310176212196 0.0972960132064738 -0.8669064532148624
vn -0.4941995783577233 0.065114074030325 -0.8669065313597664
vn -0.4984714450146083 0.00005082352862444936 -0.8669061171326553
vn -0.4974004834054392 0.03265234396225404 -0.8669063291623876
vn -0.49420007754885914 0.06511363346470408 -0.8669062798755848
vn -0.4941994928005847 0.0651130463574262 -0.8669066573222867
vn -0.4974010026445309 0.03265176364407693 -0.866906053098689
vn -0.49847125912587414 0.00005049476012095907 -0.8669062240379548
vn -0.49739966647956435 0.03265131693348989 -0.8669068365681096
vn -0.4984704965146553 0.00004990284400656052 -0.8669066625733932
vn -0.4814743296377727 0.1290613087159272 -0.8669057898597687
vn -0.48147136855182143 0.12906131384818828 -0.8669074336586438
vn -0.48888250182291654 0.0972953716818285 -0.8669068635445568
vn -0.48888480636497056 0.09729532147080226 -0.8669055695549421
vn -0.48147442609720065 0.12906086357153768 -0.8669058025578904
vn -0.4888843004344359 0.09729466596079998 -0.8669059284399366
vn -0.4974026858586219 0.03265057798309922 -0.8669051319827323
vn -0.4984721628876275 0.00004914142204883517 -0.8669057044519034
vn -0.49420126369950657 0.06511191159769598 -0.8669057330101726
vn -0.49740132738694054 0.032650124313952235 -0.8669059285158875
vn -0.4984721147449076 0.00004867617005401514 -0.866905732160291
vn -0.4941995723589212 0.06511267253079543 -0.8669066400461798
vn -0.49420185146002016 0.06511250302839924 -0.8669053535207085
vn -0.49739971902127406 0.032650843357981095 -0.8669068242582766
vn -0.4984705413204098 0.00004944868816785813 -0.8669066368361503
vn -0.46050847822188246 0.19079980770213067 -0.8669067855695882
vn -0.44704451953136265 0.2205103178696279 -0.866906221727592
vn -0.48147392213816353 0.12905950828437257 -0.8669062842212472
vn -0.4814729805714185 0.12905887077987718 -0.8669069020677466
vn -0.46050923944442296 0.19080133687124268 -0.8669060446406323
vn -0.4605082053453275 0.1908005061277706 -0.8669067768053333
vn -0.47200136941298204 0.16027381868307 -0.8669065753107517
vn -0.4720014648284537 0.16027347799662217 -0.8669065863463378
vn -0.48147382845684117 0.1290599094699758 -0.8669062765251581
vn -0.47200228452099885 0.16027314515492835 -0.8669062015864838
vn -0.4720013733100043 0.16027247890184526 -0.8669068208868399
vn -0.4605089665097188 0.19080041104620413 -0.8669063933947829
vn -0.4470441619450606 0.22050987085529652 -0.8669065198314171
vn -0.6771836420713065 0.3339888522477871 -0.6556475893994017
vn -0.4605106186580953 0.19080010351658347 -0.8669055834410109
vn -0.6975783030661707 0.2889842060262392 -0.6556467339647972
vn -0.8968728838647412 0.4422884015980324 0
vn -0.8653628451522347 0.4150726901404562 0.28082344654532315
vn -0.9238795305660377 0.3826834370613369 0
vn -0.03915606765870423 0.01572064291935329 0.9991094353231328
vn -0.472003345156114 0.1602727487841499 -0.8669056973850217
vn -0.7149847216975346 0.24274176587074972 -0.6556472243829367
vn -0.4814750026233994 0.12905898878134256 -0.8669057614663399
vn -0.7293300586416664 0.195459647834616 -0.6556471548249954
vn -0.9469300549733575 0.32143968483706875 0
vn -0.9121370227564833 0.2985695571708908 0.2808242711157935
vn -0.9659258182961655 0.25881907493243805 0
vn -0.31399739125334464 0.08047366973630697 0.9460072022798061
vn -0.4316646105521523 0.24927730551258945 -0.8669062746071469
vn -0.4316644642242487 0.2492767110159304 -0.8669065184153784
vn -0.4470440523882352 0.22051142533728144 -0.8669061809215719
vn -0.44704325907884995 0.22051059667316886 -0.8669068007963734
vn -0.4316641468896877 0.24927615083011087 -0.8669068375075384
vn -0.4316658153615434 0.24927637408291722 -0.8669059425175994
vn -0.44704442595837496 0.22051053933210019 -0.8669062136488659
vn -0.43166616058095225 0.24927627751037365 -0.8669057983886546
vn -0.6538880916606981 0.3775633190713322 -0.6556495280835409
vn -0.8660252003375697 0.5000003523801481 0
vn -0.28247157061355693 0.15900097968699414 0.9460066068763403
vn -0.4888842740118622 0.09729368315676978 -0.8669060536423104
vn -0.48888284672706317 0.09729389986576047 -0.8669068342243902
vn -0.49419983213098856 0.06511089817948425 -0.8669066252255566
vn -0.4888829465587922 0.09729317330308057 -0.8669068594679649
vn -0.4888832905985174 0.09729278164910819 -0.8669067094056571
vn -0.49420081147997996 0.06511000749242252 -0.8669061338212262
vn -0.4941998429194074 0.06511056432473261 -0.8669066441501921
vn -0.48147242070082313 0.12906004169148913 -0.8669070386973916
vn -0.4941997312481188 0.06511123587012536 -0.8669066573730715
vn -0.4974005017486764 0.0326496331550258 -0.8669064207369833
vn -0.4973990945391968 0.032649215495825584 -0.8669072438727768
vn -0.4984705413523909 0.00004813372618842667 -0.8669066368917697
vn -0.4984705413624733 0.00004771165880506129 -0.8669066369093044
vn -0.4974019049135914 0.03264871689478608 -0.8669056501566103
vn -0.4974000565280469 0.03264841882944744 -0.8669067219221643
vn -0.4984711886496716 0.00004741780027332659 -0.8669062647355456
vn -0.49847003184137434 0.00004702141754298736 -0.8669069299209953
vn -0.4888846955578926 0.09729255897751983 -0.8669059420818802
vn -0.7405518316947547 0.14734055148760128 -0.6556475779417427
vn -0.4942008675551498 0.06510966430070497 -0.8669061276299682
vn -0.7486024861909297 0.0985907285511757 -0.655647913069589
vn -0.9807852926251279 0.19509026057249068 0
vn -0.9433048856698627 0.17695726253818508 0.2808238236089651
vn -0.9914448482045445 0.13052629225051873 0
vn -0.0017107938276444414 0.00020626574517563834 0.9999985153183587
vn -0.4974008017616224 0.03264813571889774 -0.8669063049955142
vn -0.7534476965635756 0.04941878742570527 -0.6556480397228494
vn -0.49847144512008756 0.00004647387016956522 -0.8669061173160973
vn -0.7550669418452929 0.000034959103267726776 -0.6556477042667488
vn -0.9978589147635325 0.06540325853461215 8.097995874364377e-20
vn -0.9583321208757561 0.05231751871378917 0.2808245419001113
vn -1 -1.221014123142794e-10 1.6197147651492718e-19
vn -0.0018860130981006966 -0.000020580479224720216 0.9999982212639368
vn -0.3306139395703231 0.942194100250801 -0.05444906256653382
vn -0.19070484007384655 0.46054918209649803 -0.8669060588337443
vn -0.19070522834934067 0.46054867749838474 -0.8669062414902284
vn -0.19070407403435205 0.4605485415639411 -0.8669065676357673
vn -0.16017421949716354 0.47203495714453403 -0.866906695464992
vn -0.1601753546493022 0.4720358590646881 -0.8669059946268869
vn -0.16017596647537008 0.4720358616534764 -0.8669058801719719
vn -0.6159268534824279 0.7859194769103812 -0.05444893912785097
vn -0.5632063724884074 0.8245204059496679 -0.05444889494786887
vn -0.5080738545827939 0.8595907488762632 -0.05444908388326654
vn -0.3034045116329025 0.39549774141592736 -0.8669067071234944
vn -0.27688867404261674 0.41449514855565794 -0.8669062429183128
vn -0.2768886662418062 0.4144943322153495 -0.866906635727392
vn -0.27689019593711256 0.4144952409206676 -0.8669057126631622
vn -0.24918652627521837 0.4317170304725889 -0.8669062698601386
vn -0.2491868732661012 0.4317165610231388 -0.8669064039042614
vn -0.24918760002141435 0.4317167637461599 -0.8669060940471638
vn -0.4507662442262251 0.8909798435206574 -0.05444916442047818
vn -0.3915283707754935 0.9185536568995658 -0.05444918984082655
vn -0.22041703436258597 0.44708984432319077 -0.8669065705517911
vn -0.2204178698315349 0.4470902337897321 -0.8669061572677699
vn -0.2204183302415394 0.4470899028689214 -0.8669062108706975
vn -0.22042024520679435 0.44708970970192047 -0.8669058235942524
vn -0.22042019637256566 0.447088956265259 -0.8669062245806758
vn -0.24919002836214935 0.43171440841245656 -0.8669065689761233
vn -0.24919098745580603 0.4317150138477468 -0.8669059917829846
vn -0.24919092152087743 0.43171413861340885 -0.8669064465978197
vn -0.24918938556568745 0.4317144346691967 -0.8669067406703279
vn -0.2204205669200819 0.4470883263973031 -0.8669064552060322
vn -0.22042059556186103 0.44708728096205785 -0.8669069870834522
vn -0.22042193919954953 0.44708844839078243 -0.8669060433720789
vn -0.22042219045553121 0.4470878779606879 -0.8669062736740315
vn -0.22041848662763322 0.44708884494346995 -0.866906716711722
vn -0.2204195373329629 0.4470893070200202 -0.8669062112537206
vn -0.19070538845743612 0.4605472974033501 -0.8669069394506936
vn -0.19070625701309207 0.46054802301517983 -0.8669063628979002
vn -0.19070721884639263 0.46054869218652955 -0.8669057958077979
vn -0.1907078795983619 0.4605488237141715 -0.8669055805764488
vn -0.16017545896857166 0.47203341530706155 -0.8669073059893766
vn -0.1601767218436837 0.4720347752405931 -0.8669063321622318
vn -0.1601779645642327 0.4720350609197252 -0.8669059469922736
vn -0.16017741384696998 0.47203524157761234 -0.8669059503787373
vn -0.19070768538580646 0.46054599129218426 -0.8669071280359202
vn -0.19070753363268372 0.46054708735754485 -0.8669065791319274
vn -0.19070861014628007 0.4605469471120998 -0.8669064168189082
vn -0.19070912780789717 0.46054687813991035 -0.8669063395813493
vn -0.16017797197675626 0.4720325056538097 -0.8669073369741425
vn -0.16017855883795692 0.47203487688165696 -0.8669059373980054
vn -0.16017906058213974 0.47203355115343 -0.8669065665551884
vn -0.16017996122218578 0.4720348222132536 -0.866905708044976
vn -0.2768900455427406 0.414493480513668 -0.8669066024036294
vn -0.2768897161136499 0.41449383574110754 -0.8669065377785118
vn -0.2768912311669755 0.4144939774698204 -0.8669059861046552
vn -0.2768915605959549 0.41449362224221675 -0.8669060507294104
vn -0.2491881071590406 0.43171622816741023 -0.8669062149894873
vn -0.24918839504012993 0.4317157893775403 -0.8669063507550577
vn -0.2491886700967899 0.4317154475788053 -0.8669064419054833
vn -0.24918981298309498 0.4317160318373736 -0.8669058224282739
vn -0.2768913233112386 0.41449240204433074 -0.8669067099304698
vn -0.2768924539003857 0.4144929058409465 -0.866906107938196
vn -0.2768922735279258 0.41449203924057176 -0.8669065798958551
vn -0.2768930824459246 0.41449234363371973 -0.8669061759859719
vn -0.26828369192681534 0.9617999682551343 -0.05444889081092805
vn -0.2048041788472685 0.977287336789811 -0.05444914762395254
vn -0.12895921181391906 0.48150129278766135 -0.8669060080147926
vn -0.12895907213462918 0.48149957326266224 -0.8669069838581585
vn -0.12896059308840194 0.4815015142793155 -0.8669056795159517
vn -0.09719142230424146 0.4889043227602841 -0.8669062178902551
vn -0.09719205747561602 0.48890427257249197 -0.8669061749832093
vn -0.09719226334754862 0.488904169360798 -0.8669062101098417
vn -0.1404486171076098 0.9885896595842198 -0.054448791682793894
vn -0.07549012266389206 0.995658849983024 -0.0544490204748671
vn -0.06500805122385292 0.49421450138723383 -0.8669059810006184
vn -0.06500707682640265 0.4942132322687416 -0.8669067775793247
vn -0.06500866897080741 0.4942150626805082 -0.8669056146884421
vn -0.03254533126912291 0.49740635437176817 -0.866906984654738
vn -0.03254501906206411 0.4974077958465171 -0.8669061692970926
vn -0.03254635241974015 0.49740907281867885 -0.8669053865456324
vn -0.12896080597915155 0.4814994738787274 -0.8669067811337713
vn -0.12896056634729178 0.48149976737195405 -0.8669066537685243
vn -0.12896183040274922 0.4815005327366602 -0.8669060406257906
vn -0.1289623866422313 0.48150043180927116 -0.8669060139363581
vn -0.09719281033653986 0.48890358889110347 -0.866906476148543
vn -0.09719348502933689 0.48890392986873715 -0.8669062082063764
vn -0.09719371170624477 0.48890320070356186 -0.8669065940149354
vn -0.0971946797736605 0.48890439024078153 -0.866905814622895
vn -0.09719659476302203 0.4889037951507156 -0.8669059355280133
vn -0.12896289114605092 0.48150021521917374 -0.866906059184697
vn -0.1289633062445826 0.4814997006121915 -0.866906283258367
vn -0.12896292263654555 0.48149771812703873 -0.8669074414396816
vn -0.1289645868112951 0.48150097862806157 -0.8669053829160429
vn -0.09719485958591048 0.48890296475094974 -0.8669065983875118
vn -0.09719572046202629 0.4889036927507209 -0.8669060913031911
vn -0.09719588770366112 0.4889023385883444 -0.8669068362496314
vn -0.06500893831809788 0.4942132234996608 -0.8669066429880602
vn -0.0650096326418958 0.4942136217234164 -0.8669063638979643
vn -0.06501020587427764 0.4942141844528236 -0.8669060001048641
vn -0.06501045663200566 0.4942134795227955 -0.8669063831732174
vn -0.03254672196338259 0.49740652112681927 -0.8669068367650318
vn -0.032547264769558264 0.49740695156143366 -0.8669065694147103
vn -0.03254801387617497 0.4974082380017153 -0.8669058031647644
vn -0.03254849861585057 0.4974081853036424 -0.8669058152018542
vn -0.06501212714190444 0.49421343192823364 -0.8669062850309727
vn -0.06501249256089087 0.4942129576797771 -0.8669065279904328
vn -0.03254923207909015 0.4974063907619572 -0.866906817322499
vn -0.032549925365565634 0.4974076781066878 -0.8669060526488495
vn -0.03255021937929258 0.4974072565311158 -0.8669062834981349
vn -0.06501107528915712 0.4942133920845714 -0.8669063866266122
vn -0.06501159842412658 0.4942128677628102 -0.866906646305125
vn -0.0325487812864297 0.49740683729956964 -0.8669065780373382
vn 0.8660253998985324 -0.5000000067305869 -2.490143556933154e-17
vn 0.2773508726389174 -0.9607686992436999 0
vn 0.010757510683913746 -0.9999421363078393 0
vn 0.5218893934281894 -0.8530131657994177 -1.0721141408048932e-7
vn 0.500000192460167 -0.8660252926674809 -2.5470552276312675e-23
vn 0.4999997986492412 -0.8660255200343221 2.547055195127141e-23
vn 0.5000000067305869 -0.8660253998985324 -2.5470581900737097e-23
vn 0.500000192460167 -0.8660252926674809 0
vn 0.4999997986492412 -0.8660255200343221 2.547055195127141e-23
vn 0.500000192460167 -0.8660252926674809 0
vn 0.4999997986492412 -0.8660255200343221 -2.547055195127141e-23
vn 0.5000000067305869 -0.8660253998985324 2.5470581900737097e-23
vn 0.5000000067305869 -0.8660253998985324 -2.5470581900737097e-23
vn 0.5000004228931902 -0.8660251596268038 5.0941043785609835e-23
vn -0.24919208920403083 0.4317148632115919 -0.8669057501022397
vn -0.2491921340278458 0.43171411836199974 -0.8669061081487254
vn -0.24919145924680144 0.43171226329183326 -0.866907225925527
vn -0.22042266948291853 0.4470879718101549 -0.8669061034741342
vn -0.2204229661362478 0.44708644911314743 -0.8669068133421814
vn -0.22042321145115967 0.44708789361255397 -0.8669060059998702
vn -0.24919341310421175 0.43171387574484116 -0.8669058612991619
vn -0.24919291201820307 0.43171352773806454 -0.8669061786420971
vn -0.24919319664092812 0.43171299389605866 -0.8669063626766027
vn -0.22042324502977623 0.44708611271084236 -0.8669069159209951
vn -0.22042500296182654 0.44708813844740714 -0.866905424212417
vn -0.22042530742222138 0.4470878236783792 -0.8669055091336942
vn -0.1907101289829974 0.4605478981741099 -0.8669055774366076
vn -0.19071010057324989 0.4605468882580775 -0.8669061202086088
vn -0.19071033601779028 0.4605462552272843 -0.8669064047128194
vn -0.16018002995985992 0.4720340899594042 -0.8669060940599365
vn -0.1601807937771524 0.47203433974730435 -0.8669058169168365
vn -0.1601807607963064 0.4720329594737446 -0.8669065745748932
vn -0.1907125698087977 0.4605474737823112 -0.8669052659372047
vn -0.16018126795669596 0.47203278219487627 -0.8669065773940983
vn -0.16018157038013434 0.472032854766348 -0.8669064819988865
vn -0.16018215022123003 0.4720333277602213 -0.866906117312662
vn -0.19071010057390064 0.460544980910986 -0.8669071334905443
vn -0.19071122774856955 0.46054613036983266 -0.8669062748717453
vn -0.22042575974424047 0.4470854800188112 -0.8669066028111236
vn -0.19071338897446663 0.46054511843728574 -0.8669063370107871
vn -0.24919391682785008 0.43171288721670237 -0.8669062087832876
vn -0.24919433695474802 0.4317125048008604 -0.8669062784570492
vn -0.24919393023476843 0.43171157332586907 -0.8669068592361304
vn -0.24919484740055534 0.4317121835695114 -0.8669062916986233
vn -0.22042435216284892 0.4470857641031723 -0.8669068142020058
vn -0.22042507493007132 0.44708592835026406 -0.8669065457206185
vn -0.22042594411838776 0.4470863849447226 -0.8669060892372233
vn -0.22042674364508807 0.44708649415816326 -0.8669058296189877
vn -0.3339255707782892 0.6772136006204486 -0.6556488788330848
vn -0.4422884015980324 0.8968728838647412 0
vn -0.4338576775795514 0.8560991251959759 0.28082343820265915
vn -0.19071420860048077 0.46054601265704637 -0.8669056816422349
vn -0.2889195702571197 0.6976048403340119 -0.6556469847905951
vn -0.3826834370613369 0.9238795305660377 0
vn -0.002156998957734316 0.005050859869329893 0.9999849179713046
vn -0.2491957581020004 0.43171272300946095 -0.8669057612772715
vn -0.3775027295725326 0.6539237328491597 -0.655648870037849
vn -0.5000003523801481 0.8660252003375697 0
vn -0.1651272898755554 0.2789346237174881 0.9460065823396461
vn -0.19071243549576833 0.4605460725839651 -0.8669060398767319
vn -0.19071217133363566 0.46054480088550026 -0.8669067735821108
vn -0.19071250032370282 0.4605446546860349 -0.866906778875562
vn -0.16018330886323878 0.4720320951132665 -0.8669065744038421
vn -0.1601835173267489 0.4720315880236811 -0.866906811995772
vn -0.1601828163085389 0.47203292717252826 -0.8669062123577149
vn -0.16018326314009163 0.4720327775618983 -0.8669062112575913
vn -0.1289676571895629 0.4814985375970337 -0.8669062819537955
vn -0.12896807673566857 0.4814983972231547 -0.8669062975054662
vn -0.1289681957966596 0.4814972939835383 -0.8669068925550684
vn -0.16018456094477276 0.4720331989307772 -0.866905742017036
vn -0.24267549064847063 0.715007461922055 -0.6556469596012059
vn -0.32143965811402525 0.9469300640446149 0
vn -0.31840306785648625 0.9054044560500081 0.28082424636125464
vn -0.12896913453153014 0.48149908197992564 -0.8669057598093791
vn -0.19539205493127895 0.7293481738378386 -0.6556471506756832
vn -0.25881907493243805 0.9659258182961655 0
vn -0.087306513419099 0.31216659797527685 0.946007181697445
vn -0.1289646311208871 0.48149957644829916 -0.8669061551286631
vn -0.12896534448021496 0.48149983758887277 -0.8669059039624709
vn -0.12896534964280087 0.4814984859568493 -0.8669066539211543
vn -0.09719714656214289 0.48890367823587744 -0.8669059395964517
vn -0.0971974787883884 0.4889027092206406 -0.8669064488362621
vn -0.09719799368648123 0.48890259407577025 -0.8669064560431566
vn -0.1289658131489639 0.48149834280748294 -0.8669066644757522
vn -0.12896649609763391 0.48149904871165805 -0.8669061708017007
vn -0.12896700283300927 0.4814995557091551 -0.8669058138184084
vn -0.09719850120436468 0.4889024792848179 -0.8669064638776109
vn -0.09719878578273912 0.4889033508773173 -0.8669059404245029
vn -0.09719930806099147 0.4889032353780981 -0.8669059470030717
vn -0.06501338726301258 0.49421418438268183 -0.8669057615632451
vn -0.06501346277208939 0.49421258268380097 -0.8669066690107934
vn -0.06501401178465151 0.49421256496881694 -0.8669066379366397
vn -0.032550699198200715 0.4974071557621254 -0.8669063233004711
vn -0.03255129254610899 0.4974075886843582 -0.8669060526220761
vn -0.03255150919749626 0.49740619690744187 -0.8669068430500709
vn -0.06501453303596114 0.4942125031648168 -0.866906634078712
vn -0.06501543479630237 0.4942153064082008 -0.8669049683501046
vn -0.06501532239502592 0.4942132451634943 -0.8669061518750683
vn -0.0325526296524357 0.497408448781776 -0.8669055089127181
vn -0.03255194411208067 0.4974062122791042 -0.8669068178995241
vn -0.032553362715475785 0.49740906211413133 -0.8669051294707255
vn -0.09719970914745597 0.48890158998866556 -0.866906829969752
vn -0.12896674703050978 0.48149740067255337 -0.8669070488270026
vn -0.09720055175128325 0.4889027855431647 -0.8669060612473422
vn -0.09720042227421387 0.48890095343146495 -0.8669071090050645
vn -0.09719960338611412 0.48890226813260357 -0.8669064593809288
vn -0.06501620257216428 0.4942122693539361 -0.8669066421611544
vn -0.0650166626027919 0.49421288071937386 -0.8669062591278556
vn -0.06501694832695602 0.494212364056967 -0.866906532241783
vn -0.09720128222219775 0.48890284672718665 -0.866905944838547
vn -0.14727192864417296 0.7405657045119073 -0.6556473261855098
vn -0.19509026057249068 0.9807852926251279 0
vn -0.19749985489809804 0.9392186930141744 0.2808238843260599
vn -0.0650174241533294 0.49421295242016827 -0.8669061611366057
vn -0.09852138099720932 0.7486118627214615 -0.655647631337982
vn -0.13052629225051873 0.9914448482045445 0
vn -0.005963549899744305 0.04177039081960703 0.9991094387119815
vn -0.06501571003966627 0.49421235272400693 -0.866906631571728
vn -0.03255327064728753 0.49740538288491304 -0.8669072439697788
vn -0.032553884337863846 0.4974067387823034 -0.8669064429501435
vn -0.03255427604396007 0.4974066875908183 -0.8669064576130368
vn -0.03255478261528744 0.49740686536349127 -0.8669063365889864
vn -0.03255518452023159 0.49740685884851077 -0.8669063252343424
vn -0.049348863773940814 0.7534522272150628 -0.6556480999353863
vn -0.06540325853461215 0.9978589147635325 0
vn -0.07321776559763869 0.9569622422093598 0.2808245462678145
vn 0.4999996129196202 -0.8660256272652848 -2.547052162226414e-23
vn 0.5000000067305869 -0.8660253998985324 -2.5470581900737097e-23
vn 0.5000000067305869 -0.8660253998985324 2.5470581900737097e-23
vn 0.5000000067305869 -0.8660253998985324 -2.5470581900737097e-23
vn 0.5000004228931902 -0.8660251596268038 0
vn 0.4999996129196202 -0.8660256272652848 2.547052162226414e-23
vn 0.5000000067305869 -0.8660253998985324 -2.5470581900737097e-23
vn 0.5000000067305869 -0.8660253998985324 2.5470581900737097e-23
vn 0.5000000067305869 -0.8660253998985324 -2.5470581900737097e-23
vn 0.5000004228931902 -0.8660251596268038 0
vn 0.4999996129196202 -0.8660256272652848 2.547052162226414e-23
vn 0.5000000067305869 -0.8660253998985324 -2.5470581900737097e-23
vn 0.5000000067305869 -0.8660253998985324 2.5470581900737097e-23
vn 0.0010998941910395342 -0.00317512108704861 0.9999943544034892
vn -0.9956588494230205 -0.07549013007201341 -0.05444902044424251
vn -0.9885896616531872 -0.1404486025003859 -0.05444879179674691
vn -0.977287336789811 -0.2048041788472685 -0.05444914762395254
vn -0.9617999682551343 -0.26828369192681534 -0.05444889081092805
vn -0.4974063544320741 -0.0325453275477785 -0.8669069847598425
vn -0.49421447886406794 -0.06500805218133959 -0.866905993769051
vn -0.4974090279611624 -0.032546353384670844 -0.8669054122475484
vn -0.4942150626805082 -0.06500866897080741 -0.8669056146884421
vn -0.4974077734177213 -0.03254501954450846 -0.8669061821480294
vn -0.4942132325081092 -0.0650070694073075 -0.866906777999203
vn -0.48890416865272895 -0.09719227810794813 -0.8669062088543208
vn -0.48890437034748957 -0.09719143329035655 -0.8669061898210734
vn -0.48890427257249197 -0.09719205747561602 -0.8669061749832093
vn -0.48150129186238816 -0.12895922646726715 -0.8669060063489095
vn -0.48149957233739343 -0.12895908678797716 -0.8669069821922755
vn -0.4815015620521135 -0.1289605979014358 -0.8669056522657347
vn -0.942194100250801 -0.3306139395703231 -0.05444906256653382
vn -0.47203495714453403 -0.16017421949716354 -0.866906695464992
vn -0.4605485415639411 -0.19070407403435205 -0.8669065676357673
vn -0.4720358126386509 -0.16017533410723617 -0.8669060237016487
vn -0.46054918209649803 -0.19070484007384655 -0.8669060588337443
vn -0.4720358605268174 -0.16017598099422214 -0.8669058781028339
vn -0.46054867749838474 -0.19070522834934067 -0.8669062414902284
vn -0.4974063907619572 -0.03254923207909015 -0.866906817322499
vn -0.4974076781066878 -0.032549925365565634 -0.8669060526488495
vn -0.49740721173380653 -0.032550216622991006 -0.8669063093051039
vn -0.4942135247952555 -0.06501213504764365 -0.8669062314956539
vn -0.49421295744038984 -0.0650124999799807 -0.8669065275705199
vn -0.4889038181835303 -0.09719658596662847 -0.8669059235245756
vn -0.49740695156143366 -0.032547264769558264 -0.8669065694147103
vn -0.49740654355565217 -0.03254672148091422 -0.8669068239141177
vn -0.4942132234996608 -0.06500893831809788 -0.8669066429880602
vn -0.4942135739027706 -0.06500962282115683 -0.8669063918964385
vn -0.49740823806202644 -0.032548010154831164 -0.8669058032698774
vn -0.49740820767211374 -0.03254850185469793 -0.8669058022457977
vn -0.4942141842134441 -0.06501021329336974 -0.8669059996849661
vn -0.4942134795227955 -0.06501045663200566 -0.8669063831732174
vn -0.4889036122779464 -0.09719279415999738 -0.8669064647728426
vn -0.48890392986873715 -0.09719348502933689 -0.8669062082063764
vn -0.4814994738787274 -0.12896080597915155 -0.8669067811337713
vn -0.48890439024078153 -0.0971946797736605 -0.866905814622895
vn -0.48890324606112523 -0.09719370887393232 -0.866906568752495
vn -0.4815005795841557 -0.12896184986917392 -0.866906011709714
vn -0.48150043180927116 -0.1289623866422313 -0.8669060139363581
vn -0.48149976737195405 -0.12896056634729178 -0.8669066537685243
vn -0.49740681481043314 -0.032548785490272555 -0.8669065907831405
vn -0.49421336980075536 -0.06501106882759503 -0.8669063998149256
vn -0.4942128677628102 -0.06501159842412658 -0.866906646305125
vn -0.48890296510499276 -0.0971948522057142 -0.8669065990152892
vn -0.4889037630166594 -0.0971957300321084 -0.8669060506027604
vn -0.48149969968689194 -0.12896332089791454 -0.8669062815924304
vn -0.4815002371867548 -0.1289629039487896 -0.866906045078816
vn -0.48890233929643706 -0.09719587294327152 -0.8669068375051998
vn -0.48149771812703873 -0.12896292263654555 -0.8669074414396816
vn -0.48150095573520446 -0.1289645886619172 -0.8669053953560026
vn -0.4720350609197252 -0.1601779645642327 -0.8669059469922736
vn -0.47203341756036044 -0.1601754299308625 -0.8669073101276455
vn -0.4720348216666079 -0.16017674238580343 -0.8669063030875053
vn -0.46054802432393976 -0.19070624265386904 -0.8669063653614268
vn -0.4605472974033501 -0.19070538845743612 -0.8669069394506936
vn -0.44708884494346995 -0.22041848662763322 -0.866906716711722
vn -0.4470893569039637 -0.22041951743108096 -0.8669061905873378
vn -0.4720352647394627 -0.16017741159363466 -0.8669059381833237
vn -0.46054869218652955 -0.19070721884639263 -0.8669057958077979
vn -0.46054884719526556 -0.19070787698081523 -0.8669055686778014
vn -0.4470896656918616 -0.22042020839989865 -0.8669058556501302
vn -0.447088956265259 -0.22042019637256566 -0.8669062245806758
vn -0.47203487688165696 -0.16017855883795692 -0.8669059373980054
vn -0.4720325056538097 -0.16017797197675626 -0.8669073369741425
vn -0.46054599129218426 -0.19070768538580646 -0.8669071280359202
vn -0.47203484650180016 -0.16017994444998354 -0.8669056979187655
vn -0.4720335279915322 -0.16017906283549005 -0.8669065787505662
vn -0.46054689983373426 -0.19070860290959757 -0.8669064435276771
vn -0.46054687683113393 -0.1907091421671034 -0.8669063371177856
vn -0.46054708735754485 -0.19070753363268372 -0.8669065791319274
vn -0.4470883278657747 -0.2204205527428971 -0.8669064580534057
vn -0.4470872585853015 -0.220420584321613 -0.8669070014817037
vn -0.43171440881830553 -0.2491894027476492 -0.8669067486050221
vn -0.43171440841245656 -0.24919002836214935 -0.8669065689761233
vn -0.44708851771447505 -0.2204219588923605 -0.8669060026126983
vn -0.4470879018058956 -0.22042218751856926 -0.8669062621231493
vn -0.4317150138477468 -0.24919098745580603 -0.8669059917829846
vn -0.4317140917207593 -0.24919091395724266 -0.8669064721242274
vn -0.9185536568995658 -0.3915283707754935 -0.05444918984082655
vn -0.8909798675970378 -0.45076619644937577 -0.054449165974580965
vn -0.8595907488762632 -0.5080738545827939 -0.05444908388326654
vn -0.8245204059496679 -0.5632063724884074 -0.05444889494786887
vn -0.7859195059225509 -0.6159268166146842 -0.05444893741253986
vn -0.44708984432319077 -0.22041703436258597 -0.8669065705517911
vn -0.44709027633138043 -0.22041792081557465 -0.8669061223646245
vn -0.44708988049222853 -0.2204183190012635 -0.8669062252689747
vn -0.4317170304725889 -0.24918652627521837 -0.8669062698601386
vn -0.431716541584464 -0.24918683454451612 -0.8669064247149364
vn -0.4317167637461599 -0.24918760002141435 -0.8669060940471638
vn -0.4144952229234348 -0.27689015411231893 -0.8669057346270749
vn -0.41449510587629923 -0.27688863563825045 -0.8669062755909566
vn -0.4144943322153495 -0.2768886662418062 -0.866906635727392
vn -0.39549774141592736 -0.3034045116329025 -0.8669067071234944
vn -0.4317161844809476 -0.24918807164358683 -0.8669062469539385
vn -0.43171576673277556 -0.2491883842703449 -0.8669063651277839
vn -0.41449383574110754 -0.2768897161136499 -0.8669065377785118
vn -0.4144935017754205 -0.27689006963978924 -0.8669065845411615
vn -0.4317154475788053 -0.2491886700967899 -0.8669064419054833
vn -0.4317160318373736 -0.24918981298309498 -0.8669058224282739
vn -0.4144939774698204 -0.2768912311669755 -0.8669059861046552
vn -0.41449362224221675 -0.2768915605959549 -0.8669060507294104
vn -0.41449242330610264 -0.27689134740825894 -0.8669066920679949
vn -0.41449288115879274 -0.27689245732079687 -0.8669061186469579
vn -0.41449208191983594 -0.27689231193240565 -0.8669065472232214
vn -0.41449236147505697 -0.2768931340602786 -0.8669061509697041
vn -0.3954981295586387 -0.3034057042724115 -0.8669061126388371
vn -0.3954979444869498 -0.3034063253205494 -0.8669059797129551
vn -0.7439536548566832 -0.6660091963170455 -0.05444914918073849
vn -0.6988013847404984 -0.7132404308436975 -0.054449173498397375
vn -0.6506571353227509 -0.7574170440840917 -0.0544491835063518
vn -0.37480759071475217 -0.32862177009671084 -0.8669065706067218
vn -0.37480822826810933 -0.32862333007977607 -0.8669057036089908
vn -0.35251268911926775 -0.35243255067398654 -0.8669060509855323
vn -0.35251247250805595 -0.3524331089249605 -0.866905912114887
vn -0.37480673039600176 -0.3286227272330513 -0.8669065797395763
vn -0.35251122071709695 -0.3524326021920687 -0.866906627140818
vn -0.32870759965841134 -0.37473329224301455 -0.8669061504058655
vn -0.3287071293601798 -0.37473338910449117 -0.8669062868603803
vn -0.32870661872657203 -0.3747338613882452 -0.86690627632657
vn -0.30349465976966145 -0.3954296380419237 -0.8669062191779054
vn -0.30349415550132636 -0.39542987954991893 -0.8669062855555226
vn -0.39549637803412485 -0.30340556048703166 -0.8669069620365492
vn -0.3954969902933728 -0.30340689116631087 -0.8669062169933252
vn -0.37480620121372404 -0.32862297201664165 -0.8669067157397543
vn -0.3748068523570917 -0.3286244581804763 -0.8669058708485932
vn -0.3954969574920849 -0.3034076339236902 -0.8669059720011923
vn -0.39549628678326865 -0.3034077346420682 -0.8669062427390952
vn -0.37480616737481953 -0.32862460760518175 -0.8669061103569053
vn -0.3748055143365725 -0.3286245502914479 -0.8669064144235183
vn -0.3954958043217817 -0.30340805815287525 -0.86690634962017
vn -0.39549530131675914 -0.30340818015037846 -0.8669065364006672
vn -0.39549501783119445 -0.3034086452770811 -0.866906502941251
vn -0.39549537572172194 -0.3034095395482401 -0.866906026679858
vn -0.37480500849295145 -0.3286255940705508 -0.8669062374503809
vn -0.374805176489229 -0.3286248395276827 -0.8669064508482348
vn -0.3748042675948989 -0.3286256275203462 -0.8669065450955542
vn -0.37480435583540717 -0.32862616293941643 -0.8669063039789949
vn -0.35250830135935246 -0.35243492804270465 -0.8669068686821424
vn -0.352508563486988 -0.35243587562500156 -0.8669063768601419
vn -0.3525112841505844 -0.3524342749500993 -0.8669059213010969
vn -0.35251114803813616 -0.35243345338139814 -0.8669063106509822
vn -0.35251030338181877 -0.35243392002951246 -0.8669064644021807
vn -0.3525097153522183 -0.352434166463221 -0.8669066033268361
vn -0.32870557547837187 -0.3747350532908258 -0.8669061566770386
vn -0.3287048658940356 -0.3747350895587353 -0.8669064100530061
vn -0.3287059430666907 -0.3747338427508135 -0.8669065405739227
vn -0.32870604851714647 -0.3747346615303747 -0.8669061466594633
vn -0.3034933514969961 -0.3954299698147006 -0.8669065258547001
vn -0.30349316824408434 -0.3954305302751485 -0.8669063343611481
vn -0.30349304625882656 -0.3954310332977211 -0.8669061476178573
vn -0.30349257537521107 -0.395431488089621 -0.8669061050190786
vn -0.35250995108294964 -0.352435266461891 -0.8669060602749484
vn -0.35250949725070774 -0.35243546828217925 -0.8669061627677902
vn -0.32870474307147507 -0.3747357708928907 -0.8669061621050034
vn -0.32870412057571835 -0.3747357449131336 -0.8669064093666295
vn -0.3287033133287213 -0.37473550354835683 -0.8669068197834643
vn -0.3287037264041705 -0.3747369591229124 -0.8669060339594624
vn -0.3034919138101841 -0.3954315101864449 -0.8669063265448576
vn -0.3034912096855022 -0.3954311968639964 -0.8669067159679512
vn -0.3034910220302905 -0.3954320496116663 -0.8669063926900795
vn -0.30349105871644044 -0.39543289304594764 -0.8669059951208585
vn -0.4974071557621254 -0.032550699198200715 -0.8669063233004711
vn -0.4942142772496571 -0.06501339516875373 -0.8669057080278285
vn -0.49740756631587335 -0.03255128930730302 -0.8669060655781295
vn -0.49740619690744187 -0.03255150919749626 -0.8669068430500709
vn -0.4942126277302445 -0.06501346085696397 -0.8669066434740057
vn -0.49421256496881694 -0.06501401178465151 -0.8669066379366397
vn -0.4889037005605938 -0.09719715252612807 -0.8669059263374371
vn -0.4814995755229905 -0.12896464577421382 -0.8669061534627099
vn -0.4889026868958961 -0.09719747282440568 -0.866906462095261
vn -0.48890259336766173 -0.09719800844686426 -0.8669064547875612
vn -0.48149983758887277 -0.12896534448021496 -0.8669059039624709
vn -0.4814984381840937 -0.1289653448295702 -0.8669066811712021
vn -0.49740837822233636 -0.032552628935504924 -0.8669055494248565
vn -0.49740903968537364 -0.03255336319804503 -0.8669051423216789
vn -0.49421322240089377 -0.06501533077170427 -0.8669061642235397
vn -0.4974062122791042 -0.03255194411208067 -0.8669068178995241
vn -0.4942124804021975 -0.06501454141262723 -0.8669066464271763
vn -0.49421528412445787 -0.06501542833481233 -0.8669049815384741
vn -0.4889025495507672 -0.09719851077451477 -0.8669064231772516
vn -0.48890335016920206 -0.09719880054312025 -0.8669059391688982
vn -0.48149909449748074 -0.12896649239634958 -0.8669061459218573
vn -0.4814983647751005 -0.12896582595165673 -0.8669066503698717
vn -0.4889032353780981 -0.09719930806099147 -0.8669059470030717
vn -0.4814996024202744 -0.12896698447838895 -0.866905790604532
vn -0.472032783321565 -0.16018125343786938 -0.8669065794633061
vn -0.472032854766348 -0.16018157038013434 -0.8669064819988865
vn -0.4720332802075856 -0.16018214419774968 -0.8669061443182176
vn -0.4605474737823112 -0.1907125698087977 -0.8669052659372047
vn -0.4720340899594042 -0.16018002995985992 -0.8669060940599365
vn -0.4605478274146239 -0.19071012436384402 -0.866905616044098
vn -0.47203431771211724 -0.16018078151170165 -0.8669058311814246
vn -0.4720329594737446 -0.1601807607963064 -0.8669065745748932
vn -0.46054691173922474 -0.1907100979556837 -0.8669061083100039
vn -0.46054625391850146 -0.19071035037698975 -0.86690640224924
vn -0.4470879718101549 -0.22042266948291853 -0.8669061034741342
vn -0.4470878510710505 -0.220423160467007 -0.8669060409031686
vn -0.4470864476446659 -0.2204229803134167 -0.8669068104947755
vn -0.4317148632115919 -0.24919208920403083 -0.8669057501022397
vn -0.43171411836199974 -0.2491921340278458 -0.8669061081487254
vn -0.43171226329183326 -0.24919145924680144 -0.866907225925527
vn -0.460544980910986 -0.19071010057390064 -0.8669071334905443
vn -0.46054610819745284 -0.19071121600695226 -0.8669062892339228
vn -0.4470861156478064 -0.22042321667544212 -0.8669069216158141
vn -0.4470881146022058 -0.22042500589882758 -0.8669054357632942
vn -0.4317138531000526 -0.24919340233451442 -0.8669058756718948
vn -0.4470878236783792 -0.22042530742222138 -0.8669055091336942
vn -0.43171299389605866 -0.24919319664092812 -0.8669063626766027
vn -0.43171355198593225 -0.2491929088120706 -0.866906167488425
vn -0.49740538288491304 -0.03255327064728753 -0.8669072439697788
vn -0.4942123302007779 -0.06501571099726157 -0.8669066443401146
vn -0.49740680934178205 -0.03255388505482719 -0.8669064024381556
vn -0.49740666522231236 -0.03255427280519823 -0.8669064705690822
vn -0.4974068429346682 -0.03255478309787562 -0.8669063494399015
vn -0.48890229081141245 -0.09719960196987476 -0.8669064467497349
vn -0.4942122693539361 -0.06501620257216428 -0.8669066421611544
vn -0.4889016123134349 -0.09719971511140613 -0.8669068167107612
vn -0.494212364056967 -0.06501694832695602 -0.866906532241783
vn -0.49421288071937386 -0.0650166626027919 -0.8669062591278556
vn -0.4889028075138316 -0.09720056509540437 -0.8669060473605127
vn -0.48890095449365045 -0.0972004001336498 -0.8669071108885057
vn -0.48149737777959367 -0.12896674888114912 -0.8669070612668938
vn -0.49740683641968775 -0.032555185002825705 -0.866906338085257
vn -0.753452201447393 -0.04934886599016141 -0.6556481293800526
vn -0.9978589142772835 -0.06540326595332203 0
vn -0.9569622342003283 -0.07321776498486281 0.28082457371985353
vn -0.49421300048017086 -0.06501742655526417 -0.8669061335580209
vn -0.7486118627214615 -0.09852138099720932 -0.655647631337982
vn -0.4889028463731203 -0.09720128960238474 -0.8669059442107285
vn -0.7405657061370954 -0.14727191406620355 -0.6556473276243425
vn -0.991444850132898 -0.13052627760322993 0
vn -0.002776225334845049 -0.00039636108041322585 0.9999960677276607
vn -0.980785298327553 -0.19509023190445116 0
vn -0.9392186930141744 -0.19749985489809804 0.2808238843260599
vn -0.48149839907381675 -0.1289680474290406 -0.8669063008374619
vn -0.4814973159511706 -0.12896820859931296 -0.8669068784491807
vn -0.4720329051373127 -0.16018280404311977 -0.8669062266222987
vn -0.48149849366183467 -0.12896763158424498 -0.8669063101655995
vn -0.4720328239878214 -0.1601832836824345 -0.8669061821828216
vn -0.4605460477939982 -0.19071245247254934 -0.8669060493117082
vn -0.46054482305791333 -0.19071218307524196 -0.8669067592199468
vn -0.4720320708246259 -0.16018332563545878 -0.8669065845299482
vn -0.47203161118563347 -0.16018351507334525 -0.8669067998004412
vn -0.4605446546860349 -0.19071250032370282 -0.866906778875562
vn -0.460545141918481 -0.19071338635686547 -0.8669063251122253
vn -0.4470855291778523 -0.22042573969310192 -0.8669065825569148
vn -0.4814990810545856 -0.12896914918483993 -0.8669057581433685
vn -0.7293481110665206 -0.19539209878641117 -0.6556472074336469
vn -0.4720331989307772 -0.16018456094477276 -0.866905742017036
vn -0.715007461922055 -0.24267549064847063 -0.6556469596012059
vn -0.9659258033950012 -0.2588191305443268 0
vn -0.31216659817833625 -0.08730650602530997 0.9460071823128076
vn -0.9469300549733575 -0.32143968483706875 0
vn -0.9054044560500081 -0.31840306785648625 0.28082424636125464
vn -0.4605459904846833 -0.19071419685892058 -0.8669056960044379
vn -0.6976048981940264 -0.2889195695345646 -0.6556469235462513
vn -0.44708649415816326 -0.22042674364508807 -0.8669058296189877
vn -0.6772136006204486 -0.3339255707782892 -0.6556488788330848
vn -0.9238795498316468 -0.3826833905500394 0
vn -0.000747144068266793 -0.0003190722288190906 0.9999996699842725
vn -0.8968728838647412 -0.4422884015980324 0
vn -0.8560990871372464 -0.4338577481033317 0.28082344527029673
vn -0.4470857641031723 -0.22042435216284892 -0.8669068142020058
vn -0.44708592835026406 -0.22042507493007132 -0.8669065457206185
vn -0.4317128888197727 -0.2491939028520156 -0.8669062120023521
vn -0.43171243880699295 -0.24919428856325915 -0.8669063252317227
vn -0.4470863625679752 -0.22042593287824025 -0.8669061036355059
vn -0.4317115490779512 -0.24919393344089927 -0.86690687038976
vn -0.4317122110235608 -0.24919481624275214 -0.8669062869831374
vn -0.43171267966044397 -0.24919572048017544 -0.8669057936793163
vn -0.4144924639393779 -0.27689382823640013 -0.8669058802557832
vn -0.4144913774133569 -0.27689349129728996 -0.8669065073738781
vn -0.4144907674715781 -0.27689374034226066 -0.8669067194572292
vn -0.41449072242620466 -0.2768946540313688 -0.8669064491578383
vn -0.41449088004142237 -0.27689436175566046 -0.86690646715226
vn -0.4144917937985262 -0.2768962325448452 -0.8669054327180971
vn -0.3954942764136964 -0.30341231375557187 -0.8669055572468647
vn -0.41448977883471605 -0.2768967469296455 -0.8669062318274843
vn -0.41449084631070554 -0.2768961174683663 -0.8669059224942345
vn -0.4144893696086494 -0.2768954409760791 -0.8669068446194708
vn -0.39549264741683304 -0.3034113082487362 -0.8669066523369255
vn -0.3954926120594851 -0.303411900033516 -0.8669064613465615
vn -0.414489206047201 -0.2768959676980052 -0.8669067545837592
vn -0.3954919880545836 -0.30341202065737566 -0.8669067038068407
vn -0.39549267205043587 -0.3034131818297401 -0.8669059853561742
vn -0.6539236987324284 -0.37750274428641545 -0.6556488955930037
vn -0.41449051950126153 -0.27689790628649863 -0.8669055073868938
vn -0.627834198959968 -0.4194633948035755 -0.6556482891277572
vn -0.866025241048328 -0.5000002818671057 0
vn -0.27893459692026445 -0.165127276753391 0.946006592531436
vn -0.8314697669859799 -0.5555700015194128 0
vn -0.7921477028691046 -0.5418906258718412 0.2808141136613771
vn -0.39549242545473645 -0.30341338417268304 -0.8669060270368465
vn -0.5990539149382058 -0.45962565801477234 -0.6556513261572009
vn -0.7933535135015166 -0.6087612032766206 0
vn -0.03319247034477373 -0.026049805550045064 0.9991094372205761
vn -0.5677112341632629 -0.49782297021376654 -0.6556494832853667
vn -0.751839760658698 -0.6593458684883615 0
vn -0.7146387132272012 -0.6406503348474125 0.28081783778255304
vn -0.39549493270538905 -0.30340975124733754 -0.86690615469749
vn -0.3954941661376966 -0.30340984701616885 -0.8669064708979123
vn -0.3954939953695381 -0.3034103598281167 -0.8669063693246306
vn -0.3748038499909207 -0.32862720671778123 -0.8669061270038713
vn -0.3748028513820401 -0.3286268656243091 -0.8669066880500086
vn -0.37480456058968975 -0.3286270536229408 -0.8669058778138918
vn -0.3525090702395085 -0.3524371274355349 -0.8669056618824598
vn -0.3525081300815421 -0.3524368131235843 -0.8669061719596338
vn -0.3525069602889177 -0.3524362691812388 -0.866906868765888
vn -0.3954933329408226 -0.30341041423319187 -0.8669066524916063
vn -0.3954939953724614 -0.30341155192328845 -0.8669059520985131
vn -0.37480256585816096 -0.32862711500231284 -0.8669067169605941
vn -0.3748033744452516 -0.32862837014077206 -0.8669058915724775
vn -0.37480302925571674 -0.3286287125438474 -0.8669059110148642
vn -0.35250665857056485 -0.3524365933123815 -0.8669068596785805
vn -0.35250780328368964 -0.3524384532788207 -0.866905638045191
vn -0.3525072640468546 -0.3524385696936292 -0.866905809985439
vn -0.3287015211394544 -0.3747384791634404 -0.8669062130558763
vn -0.32870367373037196 -0.37473765247780677 -0.8669057542152893
vn -0.32870271335602985 -0.3747370189906856 -0.8669063921960422
vn -0.32870197488784475 -0.3747369370964992 -0.8669067075991309
vn -0.3034905751769902 -0.3954329141155274 -0.8669061547900335
vn -0.3034899513986615 -0.3954328572085587 -0.8669063991227159
vn -0.30348941869645013 -0.3954329812903619 -0.8669065290140033
vn -0.32870162149104315 -0.3747373591526593 -0.866906659153366
vn -0.3287024452888637 -0.37473904572384176 -0.866905617741116
vn -0.30348914931871346 -0.3954334566202181 -0.8669064065002575
vn -0.3034893000116004 -0.3954341144619441 -0.8669060536748874
vn -0.27697829149263115 -0.41443575531623134 -0.8669060103363502
vn -0.2769775663914805 -0.41443568098012956 -0.866906277544689
vn -0.27697693752213964 -0.414435497646564 -0.866906566113847
vn -0.3034889630382975 -0.39543443036832165 -0.8669060275446352
vn -0.27697632170860675 -0.4144350954296 -0.866906955150914
vn -0.27697679253725715 -0.41443681497386214 -0.8669059826706088
vn -0.27697676662313847 -0.4144378042683792 -0.8669055180030844
vn -0.37480174942586886 -0.32862811796166713 -0.8669066897378752
vn -0.37480184234952196 -0.32862877669620505 -0.8669063998486571
vn -0.37480168692983173 -0.3286293075193469 -0.8669062658176528
vn -0.3748016946514799 -0.328629880533878 -0.8669060452590396
vn -0.3525059769615431 -0.3524390111440803 -0.8669061538772065
vn -0.35250547122850107 -0.35243907165498495 -0.8669063349202984
vn -0.35250570862203434 -0.35243752090939384 -0.8669068688412371
vn -0.35250624887863063 -0.35243871681634237 -0.8669061629671154
vn -0.3287006378159311 -0.3747382231937745 -0.8669066586299663
vn -0.32870083495593216 -0.37473922338911053 -0.8669061515256421
vn -0.3287003334726557 -0.3747390802558888 -0.8669064035430443
vn -0.3287001904783093 -0.3747394447438282 -0.8669063002035517
vn -0.3748009224404356 -0.32862964443826714 -0.8669064686194102
vn -0.35250518061730884 -0.35243931748420465 -0.8669063531484967
vn -0.5339363930622 -0.5338868019966582 -0.6556499148307036
vn -0.7071067811865476 -0.7071067811865476 0
vn -0.22669242927176733 -0.23169452570056157 0.946006442510439
vn -0.32870006398366186 -0.3747401516937828 -0.8669060425707374
vn -0.4978750365841338 -0.5676647444936227 -0.6556502007971456
vn -0.6593458684883615 -0.751839760658698 0
vn -0.6249033742698819 -0.7284484428706407 0.28081780375441795
vn -0.3034883975008169 -0.3954347293122559 -0.8669060891677536
vn -0.3034876036748378 -0.395434356001948 -0.8669065373551116
vn -0.30348756258504506 -0.39543550358529306 -0.8669060282755184
vn -0.30348721561332137 -0.39543426577239027 -0.8669067143656946
vn -0.2769759035955697 -0.41443700146075324 -0.8669061775345919
vn -0.2769751525153227 -0.4144365454149574 -0.8669066355228974
vn -0.27697465332615623 -0.41443670557445406 -0.8669067184463674
vn -0.2769748571754746 -0.41443747330207487 -0.8669062862937478
vn -0.30348700722722904 -0.39543533895591254 -0.8669062977906449
vn -0.4596820792606888 -0.5990117219519717 -0.6556503206517201
vn -0.6087612032766206 -0.7933535135015166 0
vn -0.0032956683940984655 -0.004393446715895975 0.9999849179841619
vn -0.2769749385321463 -0.41443859374464076 -0.8669057246552698
vn -0.41952157505786003 -0.6277960611474804 -0.6556475834384516
vn -0.5555700015194128 -0.8314697669859799 0
vn -0.5244760991324345 -0.8037837562876171 0.280813985704048
vn 0.9999590567735198 0.009049020754342675 1.2780632646928265e-25
vn 0.8867457016849806 -0.462257569481789 2.511385617790661e-8
vn 0.9967330075879188 0.08076702040267097 -1.2752494143267136e-7
vn 0.9999999999999774 2.1270760441893317e-7 0
vn 0.9999999999999738 -2.2913511088517534e-7 0
vn 0.6481627634638495 0.7615018266943987 0
vn 0.500000192460167 0.8660252926674809 -1.8265458677770343e-16
vn 0.4999997986492412 0.8660255200343221 -2.547055195127141e-23
vn 0.500000192460167 0.8660252926674809 2.5470552276312675e-23
vn 1 -1.671074123521521e-8 0
vn 0.9999999999999774 2.1270760441893317e-7 0
vn 0.9999999999999738 -2.2913511088517534e-7 0
vn 0.9999999999999774 2.1270760441893317e-7 0
vn 0.9999999999999738 -2.2913511088517534e-7 0
vn 1 -1.671074123521521e-8 0
vn 1 -1.671074123521521e-8 0
vn 0.9999999999999023 4.421254402586351e-7 0
vn 0.5000000067305869 0.8660253998985324 -2.5470581900737097e-23
vn 0.4999997986492412 0.8660255200343221 2.547055195127141e-23
vn 0.500000192460167 0.8660252926674809 0
vn 0.4999997986492412 0.8660255200343221 -2.547055195127141e-23
vn 0.500000192460167 0.8660252926674809 0
vn 0.5000000067305869 0.8660253998985324 2.5470581900737097e-23
vn 0.5000000067305869 0.8660253998985324 -2.5470581900737097e-23
vn 0.4999996129196202 0.8660256272652848 2.547052162226414e-23
vn -0.5997269676541037 -0.7983500860178573 -0.054449099383672935
vn -0.5462279411700217 -0.835865034820613 -0.054448873721084756
vn -0.4903900559398592 -0.8698004966843529 -0.054448957776569794
vn -0.30349504590432225 -0.3954292191214473 -0.8669062750819927
vn -0.27698287817198036 -0.41443208532368003 -0.8669062993506461
vn -0.2769823405772568 -0.414432202807938 -0.8669064149515244
vn -0.2769821580958247 -0.41443297218086017 -0.8669061054496721
vn -0.24928450743308753 -0.4316598204470726 -0.866906588834947
vn -0.24928412499723052 -0.4316603655370715 -0.8669064273892351
vn -0.24928408795869972 -0.43166163450671297 -0.8669058061782677
vn -0.43245254827889607 -0.9000111585383169 -0.054449132165773455
vn -0.37266311966646887 -0.9263679017133243 -0.05444914981620737
vn -0.22051874973623103 -0.4470395679050571 -0.8669066303484069
vn -0.22051852577414915 -0.4470404908755976 -0.8669062113678161
vn -0.2205182062283813 -0.4470411633116851 -0.8669059458942201
vn -0.31127834301904994 -0.9487576479144092 -0.05444923040073877
vn -0.1908086736718655 -0.4605061531062998 -0.8669060693078695
vn -0.19080804704072157 -0.4605064194390243 -0.8669060657533522
vn -0.19080878745364407 -0.460504918112089 -0.8669067003000084
vn -0.16028193792207768 -0.4719990690574016 -0.8669063266494768
vn -0.16028154003462922 -0.47200003581816274 -0.8669058738477785
vn -0.1602809266100182 -0.47199928346577236 -0.8669063968923241
vn -0.2769807578206561 -0.41443303243485125 -0.8669065240404807
vn -0.27698136133855794 -0.4144329542070359 -0.8669063686109753
vn -0.27698079098860057 -0.4144341103542891 -0.8669059981325414
vn -0.2769802561865532 -0.41443408300547485 -0.8669061820786854
vn -0.24928308689847975 -0.43166091460606953 -0.8669064525009701
vn -0.24928264519496257 -0.43166113245409515 -0.8669064710411675
vn -0.24928244780261186 -0.4316619903538525 -0.8669061006252572
vn -0.24928189533865838 -0.4316620778196826 -0.8669062159361649
vn -0.2769795729136345 -0.4144340266634416 -0.8669064273219496
vn -0.2769790284763679 -0.4144341935140646 -0.8669065215065775
vn -0.2769789044473368 -0.41443493136049236 -0.8669062083982195
vn -0.2769784389888952 -0.4144349185838046 -0.8669063632213747
vn -0.22051670202044948 -0.44704155238269727 -0.8669061278900343
vn -0.22051641289507104 -0.4470424342821687 -0.866905746661633
vn -0.24928066121401507 -0.4316618142252172 -0.8669067020645863
vn -0.24928052934288294 -0.43166259296327864 -0.8669063522242474
vn -0.24928030720663485 -0.4316634298200029 -0.8669059993995871
vn -0.24928129344088448 -0.43166224250222057 -0.8669063070126977
vn -0.22051520015665485 -0.4470411113346845 -0.8669067373579008
vn -0.22051474011792188 -0.44704132379716127 -0.8669067448165386
vn -0.2205147733553975 -0.44704255265633225 -0.8669061026700228
vn -0.22051431732612548 -0.44704238581692973 -0.8669063047050126
vn -0.22051717170798227 -0.44703998816790463 -0.8669068150388207
vn -0.22051708343408294 -0.4470410633485014 -0.8669062830513844
vn -0.19080693673550575 -0.46050514935265957 -0.8669069848105374
vn -0.19080691095155847 -0.46050602331820417 -0.866906526230353
vn -0.19080688286306072 -0.46050781559382736 -0.8669055803425676
vn -0.19080625145258762 -0.4605075637521902 -0.866905853096883
vn -0.16028004734564685 -0.4719985977300461 -0.8669069328155977
vn -0.1602797098312692 -0.4719998647770999 -0.8669063053564691
vn -0.16027958701072273 -0.47200059920054666 -0.8669059281963628
vn -0.16027918825123622 -0.47200069912617976 -0.8669059475156011
vn -0.1908053287051052 -0.46050670219881457 -0.866906513857007
vn -0.19080457068506812 -0.4605064386581114 -0.8669068206907302
vn -0.1908043899098595 -0.46050664254082935 -0.8669067521751684
vn -0.190804164985121 -0.46050753321390386 -0.8669063285485784
vn -0.16027754513255296 -0.47199943567581454 -0.8669069392085837
vn -0.1602783923693713 -0.47200026387011135 -0.8669063316449103
vn -0.16027710065343256 -0.4720002180625217 -0.8669065954040616
vn -0.1602769953873517 -0.47200113911345015 -0.8669061133855317
vn -0.24855947331593609 -0.9670850571189277 -0.05444887989834827
vn -0.18477758217751614 -0.9812708802357621 -0.05444910215939274
vn -0.12906859770093532 -0.4814715964686732 -0.8669062226569961
vn -0.1290681187985238 -0.48147132054361574 -0.8669064472039626
vn -0.12906755754438787 -0.4814715179720808 -0.8669064211154434
vn -0.09730271050611325 -0.4888822038124976 -0.8669062079161731
vn -0.09730194352110295 -0.48888160990029395 -0.866906628933193
vn -0.09730157402391511 -0.4888831152495799 -0.8669058214802429
vn -0.1202031565757041 -0.991255018764369 -0.0544489570486666
vn -0.05511459444340068 -0.9969943362330883 -0.05444882917458588
vn 0.010209797867863876 -0.9984643445941984 -0.0544491744802013
vn -0.06511971377355137 -0.49419978434560985 -0.8669059903073709
vn -0.065119191942943 -0.49419850064516024 -0.8669067613075664
vn -0.06511878218800153 -0.4942012724659804 -0.8669052119461259
vn -0.03265825750767754 -0.4973989864823262 -0.8669069652868855
vn -0.03265760449313218 -0.497400430214048 -0.8669061615259462
vn -0.000056662297955802806 -0.4984709577183277 -0.8669063969661069
vn -0.00005609080993680964 -0.4984710058884453 -0.8669063693054647
vn -0.03265717650024068 -0.49740106239114684 -0.8669058149275447
vn -0.00005564699293994313 -0.49847167557807165 -0.8669059842623085
vn -0.12906685256307135 -0.4814719775496703 -0.8669062708297088
vn -0.12906626124429008 -0.48147122032544043 -0.8669067794213816
vn -0.12906597212079934 -0.48147265825133 -0.8669060238554759
vn -0.12906549581892934 -0.4814727794574367 -0.8669060274508101
vn -0.09730073751957527 -0.48888215132889734 -0.8669064589620818
vn -0.09730008227337913 -0.488882063956304 -0.8669065817788084
vn -0.09729974152146599 -0.48888347458782344 -0.8669058245131318
vn -0.09729917198450959 -0.48888226595004186 -0.8669065700354804
vn -0.12906502433406813 -0.4814729484355784 -0.8669060037964884
vn -0.12906414571398167 -0.48147199680719427 -0.8669066631313967
vn -0.1290636822129914 -0.48147213998064164 -0.8669066526195803
vn -0.1290634711612895 -0.48147308456951515 -0.8669061594237959
vn -0.09729884599261482 -0.48888367587243536 -0.8669058115123933
vn -0.0972981918843805 -0.4888819848922704 -0.8669068385379274
vn -0.09729763388047409 -0.488882823324994 -0.8669064283410546
vn -0.09729740875328378 -0.48888373910852934 -0.8669059371610971
vn -0.06511798624669764 -0.49419883832015543 -0.8669066593758431
vn -0.06511760407398422 -0.49419935811782856 -0.8669063917607194
vn -0.06511713571866903 -0.49419939574675187 -0.8669064054898556
vn -0.06511653985780047 -0.4942002018179106 -0.8669059907279936
vn -0.032656617693760624 -0.49739933365947914 -0.8669068278632426
vn -0.032656076622883154 -0.49739982653306597 -0.8669065654524001
vn -0.00005494988687048544 -0.49847054117726963 -0.8669066365872105
vn -0.000054406356585152465 -0.49847100593483473 -0.8669063693861421
vn -0.03265544787255054 -0.49740118018420404 -0.8669058124592337
vn -0.032654904076078135 -0.4974012114474888 -0.8669058150055013
vn -0.00005399202909749895 -0.4984716756232952 -0.8669059843409579
vn -0.0000534753940431915 -0.4984716308426917 -0.866906010121864
vn -0.06511586969526595 -0.49419954912462566 -0.866906413148989
vn -0.06511540776786617 -0.49419919156203784 -0.86690665168209
vn -0.03265439637232012 -0.49739994353865713 -0.8669065616116307
vn -0.00005280705182302011 -0.4984709578235129 -0.8669063971490377
vn -0.06511499876436272 -0.49419922727238863 -0.8669066620457423
vn -0.06511454105096515 -0.4942009313077383 -0.8669057250002945
vn -0.03265384192352119 -0.497399535741797 -0.8669068164753803
vn -0.000052304982865645506 -0.49847061179928015 -0.8669065961432292
vn -0.032653275951465444 -0.49740091079294907 -0.86690604883804
vn -0.03265287407668321 -0.49740050051536916 -0.8669062993781926
vn -0.00005193898103630349 -0.4984712142945368 -0.8669062497306569
vn -0.000051330127329634736 -0.49847146739893666 -0.8669061042318073
vn 0.9999999999998963 -4.5572056706073274e-7 0
vn 1 -1.671074123521521e-8 0
vn 1 -1.671074123521521e-8 0
vn 1 -1.671074123521521e-8 0
vn 0.9999999999999023 4.421254402586351e-7 0
vn 0.9999999999998963 -4.5572056706073274e-7 0
vn 0.5000004228931902 0.8660251596268038 -5.0941043785609835e-23
vn 0.5000000067305869 0.8660253998985324 2.5470581900737097e-23
vn 0.5000000067305869 0.8660253998985324 2.5470581900737097e-23
vn 0.5000000067305869 0.8660253998985324 -2.5470581900737097e-23
vn 0.4999996129196202 0.8660256272652848 2.547052162226414e-23
vn 0.5000004228931902 0.8660251596268038 0
vn 1 -1.671074123521521e-8 0
vn 1 -1.671074123521521e-8 0
vn 1 -1.671074123521521e-8 0
vn 0.9999999999999023 4.421254402586351e-7 0
vn 0.9999999999998963 -4.5572056706073274e-7 0
vn 1 -1.671074123521521e-8 0
vn 1 -1.671074123521521e-8 0
vn 0.009118139592033819 -0.001754786790011225 0.9999568891975802
vn 0.5000000067305869 0.8660253998985324 -2.5470581900737097e-23
vn 0.5000000067305869 0.8660253998985324 2.5470581900737097e-23
vn 0.5000000067305869 0.8660253998985324 -2.5470581900737097e-23
vn 0.4999996129196202 0.8660256272652848 2.547052162226414e-23
vn 0.5000004228931902 0.8660251596268038 0
vn 0.5000000067305869 0.8660253998985324 -2.5470581900737097e-23
vn 0.5000000067305869 0.8660253998985324 2.5470581900737097e-23
vn 0.0032247543276228965 0.0037236258929485254 0.9999878677112717
vn -0.24927993543175897 -0.43166375895148795 -0.866905942417636
vn -0.24927930646497035 -0.4316634257266514 -0.8669062892021694
vn -0.24927840649036395 -0.431662789652609 -0.8669068647132471
vn -0.22051401029161288 -0.4470426059671647 -0.8669062692789784
vn -0.22051245481429374 -0.44704214766870276 -0.8669069012757527
vn -0.22051369868858942 -0.44704344311093697 -0.8669059168457649
vn -0.24927814232199916 -0.4316633927166262 -0.8669066403880322
vn -0.2492785085870228 -0.431665140206527 -0.8669056649296445
vn -0.24927786123721973 -0.431664618139722 -0.8669061110312266
vn -0.22051244937587297 -0.44704300091080806 -0.8669064626630213
vn -0.22051258220617578 -0.4470441010014973 -0.8669058615839023
vn -0.22051218109665105 -0.44704452071101336 -0.8669057471780067
vn -0.19080393371447504 -0.4605088021630778 -0.8669057053736637
vn -0.1908034820053315 -0.4605090293001215 -0.8669056841362278
vn -0.1908022500133857 -0.4605068057215781 -0.8669071364765308
vn -0.16027688643835705 -0.4720026453649255 -0.8669053134236394
vn -0.16027593214742777 -0.47200067659575123 -0.866906561785886
vn -0.1602755312231298 -0.47200145559977175 -0.8669062117685166
vn -0.19080211340100547 -0.46050823019458365 -0.8669064098533141
vn -0.19080191826698217 -0.46050843538620284 -0.8669063438017923
vn -0.1908021100226331 -0.46050983136614254 -0.866905560038715
vn -0.16027486202424812 -0.47200101255052074 -0.8669065767165407
vn -0.16027447244706738 -0.4720006187975425 -0.866906863126917
vn -0.16027469660966664 -0.4720032731042292 -0.8669053765005578
vn -0.24927731948780454 -0.4316646089487249 -0.866906271387005
vn -0.2492767561484351 -0.43166443516484887 -0.8669065199073805
vn -0.24927611320598353 -0.43166410354257645 -0.8669068699103161
vn -0.2492763364588102 -0.4316657720144271 -0.8669059749205
vn -0.22051140270437058 -0.44704400691129326 -0.8669062101300501
vn -0.22051058837226847 -0.4470432128549774 -0.8669068267443829
vn -0.22051052809335991 -0.4470444035809351 -0.8669062280471596
vn -0.22051031493177664 -0.447044543377726 -0.8669062101778306
vn -0.1907998050835516 -0.4605085017040843 -0.8669067736719664
vn -0.24927631192761984 -0.43166622817715755 -0.8669057548332864
vn -0.37756333382641494 -0.6538881172144857 -0.6556494941015193
vn -0.5000003523801481 -0.8660252003375697 0
vn -0.15900097968699414 -0.28247157061355693 0.9460066068763403
vn -0.22050987085529652 -0.4470441619450606 -0.8669065198314171
vn -0.3339888522477871 -0.6771836420713065 -0.6556475893994017
vn -0.4422884015980324 -0.8968728838647412 0
vn -0.4150726901404562 -0.8653628451522347 0.28082344654532315
vn -0.19080010351658347 -0.4605106186580953 -0.8669055834410109
vn -0.2889842060262392 -0.6975783030661707 -0.6556467339647972
vn -0.3826834370613369 -0.9238795305660377 0
vn -0.01572064291935329 -0.03915606765870423 0.9991094353231328
vn -0.19080134861132028 -0.460509261617301 -0.8669060302782474
vn -0.1908005061277706 -0.4605082053453275 -0.8669067768053333
vn -0.19080039930610654 -0.46050894433682515 -0.8669064077571541
vn -0.1602731306365408 -0.472002285648261 -0.8669062036568775
vn -0.16027248115635606 -0.4720013501472006 -0.86690683308139
vn -0.16027381868307 -0.47200136941298204 -0.8669065753107517
vn -0.16027349026048293 -0.47200148686399107 -0.866906572081389
vn -0.12905989666890066 -0.48147380648914767 -0.8669062906316135
vn -0.12905950828437257 -0.48147392213816353 -0.8669062842212472
vn -0.12905887077987718 -0.4814729805714185 -0.8669069020677466
vn -0.1602727487841499 -0.472003345156114 -0.8669056973850217
vn -0.24274176587074972 -0.7149847216975346 -0.6556472243829367
vn -0.32143965811402525 -0.9469300640446149 0
vn -0.2985695571708908 -0.9121370227564833 0.2808242711157935
vn -0.12905898878134256 -0.4814750026233994 -0.8669057614663399
vn -0.19545963350274584 -0.7293300607658953 -0.6556471567346172
vn -0.25881907493243805 -0.9659258182961655 0
vn -0.08047366973630697 -0.31399739125334464 0.9460072022798061
vn -0.12906324917005282 -0.48147452077443953 -0.8669053948146203
vn -0.12906237053040734 -0.4814724961894749 -0.8669066500645545
vn -0.12906217302825143 -0.4814738827707974 -0.8669059093712755
vn -0.09729695808769674 -0.4888837804699221 -0.8669059644161633
vn -0.09729639980421281 -0.4888830379746993 -0.8669064457977964
vn -0.0972960132064738 -0.48888310176212196 -0.8669064532148624
vn -0.12906131384818828 -0.48147136855182143 -0.8669074336586438
vn -0.1290613087159272 -0.4814743296377727 -0.8669057898597687
vn -0.1290608811894742 -0.4814744958370469 -0.8669057612019071
vn -0.0972953716818285 -0.48888250182291654 -0.8669068635445568
vn -0.09729532147080226 -0.48888480636497056 -0.8669055695549421
vn -0.09729465999832067 -0.48888427810949536 -0.8669059416990801
vn -0.065114074030325 -0.4941995783577233 -0.8669065313597664
vn -0.06511363250569031 -0.49420010007244897 -0.8669062671075203
vn -0.0651130463574262 -0.4941994928005847 -0.8669066573222867
vn -0.0326523484027163 -0.4974005539044589 -0.8669062885452643
vn -0.00005082352862444936 -0.4984714450146083 -0.8669061171326553
vn -0.03265176364407693 -0.4974010026445309 -0.866906053098689
vn -0.03265131693348989 -0.49739966647956435 -0.8669068365681096
vn -0.00005049476012095907 -0.49847125912587414 -0.8669062240379548
vn -0.00004990284400656052 -0.4984704965146553 -0.8669066625733932
vn -0.06511268090878682 -0.49419954959556583 -0.8669066523936764
vn -0.06511250302839924 -0.49420185146002016 -0.8669053535207085
vn -0.0651118977186999 -0.49420124165544627 -0.8669057466193685
vn -0.032650843357981095 -0.49739971902127406 -0.8669068242582766
vn -0.00004944868816785813 -0.4984705413204098 -0.8669066368361503
vn -0.03265057846710338 -0.49740266342967526 -0.8669051448335214
vn -0.000049141340204113574 -0.4984721147335669 -0.8669057321405681
vn -0.032650124313952235 -0.49740132738694054 -0.8669059285158875
vn -0.00004867566801295061 -0.49847211474491976 -0.8669057321603122
vn 0.4386444378423713 -0.8772888756847426 0.19482116350579196
vn 0.05068810788595742 -0.02534405394297871 0.9983929059486938
vn 0.36425118019752023 -0.7285025988136284 0.5801767327689926
vn 0.43864423499903904 -0.8772888276259505 0.19482183662206176
vn 0.42257951605039545 0 0.9063258534404794
vn 0.4386456921557604 -0.8772879868467571 0.19482234185934114
vn 0.38699210092103853 0 0.9220830297889233
vn 0.8776992138206468 -0.4388497559219383 0.19249670590914963
vn 0 0 1
vn 0.4407980920772322 -0.8815964821776804 0.16877406386353014
vn 0.6161329255089997 -0.3080665819637914 0.7248966817284158
vn 0 0 1
vn 0.6825342213598292 -0.6825344597784095 0.26133072511231115
vn 0.5022787899585048 -0.5022789687724338 0.7038692028258664
vn 0.3555667691217419 -0.17778344416551561 0.9175866823777321
vn 0 0 1
vn 0.23845781644835481 -0.9538312657934193 0.18260280986229777
vn 0.4407978285384035 -0.8815966107511081 0.16877408055737517
vn 0.4386458113649576 -0.8772879272419267 0.19482234185929995
vn 0.5073148448262931 -0.2536563495295744 0.823583696148852
vn 0 0 1
vn 0.4639530782504349 -0.23197653912521746 0.8549470313869931
vn 0 0 1
vn 0.2130478772396851 -0.10652405037855164 0.9712173951771107
vn 0.06507728098125391 -0.9319070361805774 0.356811187348742
vn 0.2915884865859541 -0.2915884865859541 0.9110171836914086
vn 0.3426848036270958 0 0.9394504379492612
vn 0.3426848036270958 0 0.9394504379492612
vn 0.5251430335204514 0.2263550040091926 0.8203585840990125
vn 0.27833470291971535 0.6627010605420327 0.695238878017519
vn 0.7706058722456258 0 0.6373120033865346
vn 0.741241395824109 0.3195010127148387 0.5903221967628517
vn 0.4330539102950633 0.8661081782179948 0.2496416119200916
vn -0.5425958615435703 0.24770675517459817 0.8026400777911994
vn -0.4884651640603006 0 0.8725833963006306
vn -0.9121019647071656 0 0.4099634202917724
vn 0.2495729007191632 0.4991453842058166 0.829799525579914
vn 0.6370741750528954 0 0.7708025009564206
vn -0.40078270547939565 -0.801564755307697 0.4436971557685803
vn 0 0 1
vn 0.7656997934889191 -0.3215940253220767 0.5570288225291129
vn 0 0 1
vn -0.3311431016074876 0.16557140179213609 0.9289404486652306
vn 0.4324146268813792 0.864828478902366 0.2551260326553472
vn -0.19151626853691234 0.11399769232236703 0.9748466777041773
vn -0.1268558804385549 -0.8577867178470415 0.4981059448384038
vn 0 0 1
vn 0.5975451513392399 0.6453489708705444 0.4758828615397846
vn 0 0 1
vn 0 0 1
vn -0.42603219118085633 0.4260323401924702 0.7981184230349313
vn -0.44079804405394557 0.8815965053404045 0.16877406829783445
vn 0.3933274989910869 -0.786651958145332 0.47589092792732585
vn 0.5473810432441383 -0.7772781250162966 0.31018173683843686
vn 0.09792503490352601 -0.04896253607821407 0.9939886103974898
vn 0.05326826912431759 -0.02663414573802978 0.9982249815473989
vn 0.04930381479630408 0 0.9987838273853517
vn 0.052731520867288995 -0.02636565798816238 0.998260606648321
vn 0.051161079988723386 0 0.9986904144400242
vn 0.026102680270090637 -0.05220537916663245 0.9982951710134562
vn 0.0016204847937372532 -0.0008102426879069392 0.9999983587665631
vn 0.0263657343449594 -0.05273149104166035 0.9982606062071038
vn 0.09757479300004342 -0.09757482280236586 0.9904333969157572
vn 0.6825342213598292 -0.6825344597784095 0.26133072511231115
vn 0.4407980920772322 -0.8815964821776804 0.16877406386353014
vn 0.03938816521315023 -0.03938816521315023 0.9984473671066908
vn 0.05068809671247906 -0.025344074433272298 0.9983929059958245
vn 0.050688178575546916 -0.02534398311699738 0.9983929041577063
vn 0.025100903430842737 -0.050201594520139774 0.9984236298058009
vn 0.02510086788450108 -0.05020173576900216 0.9984236235973305
vn 0.025100860391672187 -0.050201772937407824 0.9984236219168389
vn 0.010987219254563847 -0.039334259404091194 0.9991657004972617
vn 0.019369145494334532 -0.07747658197733813 0.9968060069280924
vn 0.04727455958942161 0 0.9988819329708722
vn 0.052587248154456895 0 0.9986163333991396
vn 0.006449559132428972 0.011119941999124194 0.9999173716247425
vn 0.4970914557667715 0.2958875080358901 0.815690301028511
vn 0.7180341031307805 0 0.6960079214643866
vn 0.3420447985398289 0.5897331799699469 0.7315874057379487
vn 0.5807787091265209 0.29038947377254815 0.7605064395174014
vn -0.5047002994760548 0.847896808295551 0.16232254985367275
vn -0.9230498500542673 0 0.38468035342969453
vn 0.8530879599189294 0.4265436223315968 0.30050203142341514
vn 0.9789723495341035 0 0.20399298725122195
vn -0.8853164547404395 -0.4426578697423417 0.14236848429688115
vn 0.4895489014366361 -0.82244242859492 0.28970730876019124
vn -0.42978446541071125 0.8595681559610608 0.27645596131993727
vn 0.8853164793071434 0.44265782242106383 0.14236847866240052
vn -0.3365149475649427 0.8012254780993214 0.49476805000917096
vn -0.49068516920225236 -0.8294909072644512 0.2667824947228631
vn 0.1511175916301796 0.6528282104190951 0.742279462992811
vn -0.22480827308000365 0.899233390343235 0.37528729001472644
vn -0.7073236191953034 0.3536619586092654 0.6120592428524511
vn 0.7073253436593071 -0.3536613009228153 0.6120576300045812
vn 0.164345871548211 -0.9334809562338425 0.31875341387004796
vn 0.4927104059903654 -0.8494983815682663 0.18865035261484572
vn 0.3104105554312505 0.1337972863262644 0.9411395078566142
vn 0.4927087360890199 -0.8494994527771834 0.18864989030695542
vn 0.13150902434841183 0 0.9913149734140652
vn 0.1158077480527635 -0.07082613479402423 0.9907432685217126
vn 0.23290103787526045 -0.11645064559750098 0.9655031608941276
vn 0.2315040924880821 0.2315031239126258 0.9448873788870106
vn 0.07790751014616107 0.7915372853018298 0.6061345938319604
vn -0.1290600465083569 -0.4814724684729912 -0.8669070114480477
vn -0.09729368315676978 -0.4888842740118622 -0.8669060536423104
vn -0.09729317330308057 -0.4888829465587922 -0.8669068594679649
vn -0.09729278164910819 -0.4888832905985174 -0.8669067094056571
vn -0.0972938888759262 -0.48888279914068217 -0.8669068622936205
vn -0.06511089817948425 -0.49419983213098856 -0.8669066252255566
vn -0.06511056432473261 -0.4941998429194074 -0.8669066441501921
vn -0.06511000749242252 -0.49420081147997996 -0.8669061338212262
vn 1 0 0
vn 1 0 0
vn 0.05268305898215682 -0.0227081532900804 0.99835306133173
vn 0.02701612453288683 0.046579395827661844 0.9985491920278909
vn 1 0 0
vn 0.053027258007589305 -0.025340989559092333 0.9982714781843477
vn 0.0046524942159355005 0 0.9999891770902176
vn 0.03174168627294322 0 0.9994961057215531
vn 0.0046524942159355005 0 0.9999891770902176
vn 0.026232328474453916 -0.05558946027842244 0.9981090505795257
vn 0.025100860391672187 -0.050201772937407824 0.9984236219168389
vn 0.682535687272122 0.6825328262492595 0.26133116287991787
vn 0.004008981495584811 0.04073109575646281 0.9991621019163236
vn -0.09729255159746514 -0.48888469591227834 -0.8669059427102883
vn -0.14734055148760128 -0.7405518316947547 -0.6556475779417427
vn -0.19509026057249068 -0.9807852926251279 0
vn -0.17695726253818508 -0.9433048856698627 0.2808238236089651
vn -0.06510965447634365 -0.4942008197351564 -0.86690615562878
vn -0.0985907285511757 -0.7486024861909297 -0.655647913069589
vn -0.13052629225051873 -0.9914448482045445 0
vn -0.0002953202627642376 -0.0024494232987055295 0.9999969565510919
vn -0.1365894532431646 -0.27317866806774904 0.9522167487371056
vn 0.24652850579142083 -0.12326414113700168 0.9612646083893898
vn -0.15681860050914595 0.15681798956152923 0.9750979667111572
vn -0.04827865340667698 0.9810184499444472 0.18780833978775363
vn 0 0 1
vn -0.31668846987095073 0.15834493529003352 0.9352193830961755
vn -0.2384568514527485 0.9538316377408825 0.18260212715022683
vn -0.06511123587012536 -0.4941997312481188 -0.8669066573730715
vn -0.0326496331550258 -0.4974005017486764 -0.8669064207369833
vn -0.032649215495825584 -0.4973990945391968 -0.8669072438727768
vn -0.03264871689478608 -0.4974019049135914 -0.8669056501566103
vn -0.03264841882944744 -0.4974000565280469 -0.8669067219221643
vn -0.00004813372618842667 -0.4984705413523909 -0.8669066368917697
vn -0.00004771165880506129 -0.4984705413624733 -0.8669066369093044
vn -0.00004741780027332659 -0.4984711886496716 -0.8669062647355456
vn -0.00004702141754298736 -0.49847003184137434 -0.8669069299209953
vn -0.8853164793071434 -0.44265782242106383 0.14236847866240052
vn 0.42978446541071125 -0.8595681559610608 0.27645596131993727
vn -0.23845866836397397 0.9538309183631941 0.18260351216914178
vn -0.026453358705254074 0.1343825441838286 0.9905763734472435
vn -0.44079670232269663 0.8815972789472968 0.16877353161606284
vn -0.14820733699297023 0.14820800754522545 0.977787794851688
vn -0.03264813571889774 -0.4974008017616224 -0.8669063049955142
vn -0.049418789356975086 -0.7534477260080616 -0.6556480057407114
vn -0.06540325853461215 -0.9978589147635325 0
vn -0.05231751871378917 -0.9583321208757561 0.2808245419001113
vn -0.00004647387016956522 -0.49847144512008756 -0.8669061173160973
vn -0.000034959103267726776 -0.7550669418452929 -0.6556477042667488
vn 1.221014123142794e-10 -1 0
vn 0.003536918506832661 -0.3241262801246118 0.9460072117801521
vn 0.01088040702745721 0.9970821216895636 -0.07555699405055179
vn 0.07628472863197407 0.9970571357913194 -0.007596587731134387
vn 0.004435011706185885 0.031063976150267247 -0.9995075587792729
vn 0.2057745346832235 0.9785699434485338 -0.0075964896522270255
vn 0.2685737092302788 0.9602912348995268 -0.07555730861691191
vn 0.33174342456246997 0.9433390651489734 -0.007596606046500494
vn 0.3345696951543095 0.7834328472547859 -0.5237328449950525
vn 0.4520353959418039 0.8919676515655807 -0.007596668764623624
vn 0.5079634888101665 0.8580583507028114 -0.07555766556064877
vn 0.5645936844083704 0.8253340295473454 -0.007596788619086499
vn 0.12777045624039676 0.16280407038266284 -0.978350420441959
vn -0.05242237907430756 -0.1505787993398473 -0.987207130931275
vn 0.6674907781515881 0.7445793127292846 -0.007596587271515236
vn 0.7127372675815462 0.697349732371205 -0.0755575155904446
vn 0.7589676507926921 0.6510840167934353 -0.007596586493138511
vn 0.6814618133063585 0.5111879127144449 -0.5237334387833747
vn 0.8374581224394336 0.5464487002345739 -0.007596786963142807
vn 0.8689387237374052 0.48911811757097023 -0.07555766971949283
vn 0.9016194272570766 0.4324635233204258 -0.007596669658804781
vn 0.010579732039802848 0.004247620618724648 -0.9999350113827624
vn 0.9503536020335384 0.31107928681094615 -0.007596605759936522
vn 0.9659234613468272 0.24755395262209057 -0.07555731176361538
vn 0.9828271862799014 0.18437194818505193 -0.007596488108367013
vn 0.8457574346261074 0.10197036086395558 -0.5237331451034396
vn 0.9984843660510976 0.05450928917828946 -0.0075965877086636175
vn -0.09241979475065944 0.10671719054963395 -0.9899848598738463
vn -0.15467912285390348 -0.029514127102989986 -0.9875238150315645
vn 0.05450928917828946 -0.9984843660510976 -0.0075965877086636175
vn 0.10197036086395558 -0.8457574346261074 -0.5237331451034396
vn 0.18437194818505193 -0.9828271862799014 -0.007596488108367013
vn 0.24755399471123327 -0.9659234496837602 -0.07555732296432437
vn 0.07710728976290603 -0.19205445504394625 -0.978350424011352
vn 0.4324635233204258 -0.9016194272570766 -0.007596669658804781
vn 0.48911811757097023 -0.8689387237374052 -0.07555766971949283
vn 0.5464487002345739 -0.8374581224394336 -0.007596786963142807
vn 0.5111879127144449 -0.6814618133063585 -0.5237334387833747
vn 0.31107928681094615 -0.9503536020335384 -0.007596605759936522
vn 0.7834328472547859 -0.3345696951543095 -0.5237328449950525
vn 0.8919676515655807 -0.4520353959418039 -0.007596668764623624
vn 0.024684684659977082 -0.01937281550867224 -0.9995075589321495
vn 0.8253340295473454 -0.5645936844083704 -0.007596788619086499
vn 0.8580583659396506 -0.5079634625447914 -0.07555766910435302
vn 0.9970821216895636 -0.01088040702745721 -0.07555699405055179
vn 0.9970571357913194 -0.07628472863197407 -0.007596587731134387
vn 0.20487762428272788 -0.029250431007276652 -0.9783504338191679
vn 0.9785699434485338 -0.2057745346832235 -0.0075964896522270255
vn 0.9602912395391965 -0.2685736938577061 -0.07555730429217655
vn 0.9433390651489734 -0.33174342456246997 -0.007596606046500494
vn 0.6510840167934353 -0.7589676507926921 -0.007596586493138511
vn 0.7445793127292846 -0.6674907781515881 -0.007596587271515236
vn 0.6973497926154351 -0.7127372086305986 -0.07555751565974332
vn -0.01020979879701842 0.9984643443821768 -0.054449178193929436
vn 0.05511459444340068 0.9969943362330883 -0.05444882917458588
vn 0.12020314923277561 0.9912550196521203 -0.05444895709743017
vn 0.00005666327781644191 0.4984710282695974 -0.8669063563990769
vn 0.00005609065714169591 0.4984710058884495 -0.866906369305472
vn 0.03265760125592107 0.4974004078455473 -0.8669061744821595
vn 0.032658252098853514 0.49739896084139873 -0.8669069802024578
vn 0.000055647117853254334 0.4984717461293482 -0.866905943695253
vn 0.03265717277892335 0.49740106245165944 -0.8669058150330103
vn 0.065119191942943 0.49419850064516024 -0.8669067613075664
vn 0.06511971377355137 0.49419978434560985 -0.8669059903073709
vn 0.0651187812289096 0.4942012949895352 -0.8669051991780463
vn 0.1847776073772383 0.9812708753221528 -0.05444910519410816
vn 0.24855947331593609 0.9670850571189277 -0.05444887989834827
vn 0.09730271050611325 0.4888822038124976 -0.8669062079161731
vn 0.09730193833347359 0.4888816808748586 -0.8669065894901952
vn 0.09730156239086496 0.4888831836420968 -0.8669057842166383
vn 0.12906859770093532 0.4814715964686732 -0.8669062226569961
vn 0.12906810711076963 0.4814713921354453 -0.8669064091826747
vn 0.1290675666413591 0.48147158572719123 -0.8669063821305171
vn 0.000054949552176438645 0.4984705411772788 -0.8669066365872264
vn 0.000054406323843342375 0.4984710059348356 -0.8669063693861436
vn 0.032656617693760624 0.49739933365947914 -0.8669068278632426
vn 0.03265607290156565 0.4973998265935763 -0.8669065655578622
vn 0.00005399176716302649 0.49847167562330225 -0.8669059843409702
vn 0.00005347499512028061 0.498471698034363 -0.866905971486622
vn 0.032655443667157946 0.4974012026737044 -0.866905799713933
vn 0.032654904076078135 0.4974012114474888 -0.8669058150055013
vn 0.06511799174753402 0.49419888312763915 -0.8669066334191716
vn 0.06511759665499643 0.49419935835759626 -0.8669063921813112
vn 0.06511714313765737 0.4941993955069858 -0.8669064050692669
vn 0.06511653339786824 0.49420017953408746 -0.8669060039166416
vn 0.00005230447603795279 0.49847054124798557 -0.866906636710195
vn 0.03265383868625252 0.4973995133732626 -0.8669068294315678
vn 0.000051938594638961263 0.49847123669178034 -0.8669062368522615
vn 0.000051329997124936624 0.49847144500171353 -0.8669061171102297
vn 0.03265327271418956 0.49740088842445446 -0.8669060617942501
vn 0.03265287779800163 0.49740050045486467 -0.866906299272741
vn 0.06511498942730781 0.4941992725593767 -0.8669066369302202
vn 0.06511454942898466 0.4942009085444159 -0.8669057373478007
vn 0.00005280680117767046 0.4984710507720556 -0.8669063437036578
vn 0.032654396856378214 0.49739992110962916 -0.8669065744623701
vn 0.06511586873622026 0.4941995716482314 -0.866906400380936
vn 0.06511539843079986 0.49419923684902894 -0.866906626566573
vn 0.09730072417714422 0.4888821293583285 -0.8669064728496781
vn 0.09730008227337913 0.488882063956304 -0.8669065817788084
vn 0.09729974010382206 0.48888349726718056 -0.8669058118824325
vn 0.09729916743972858 0.4888822209456637 -0.8669065959252881
vn 0.12906624177425133 0.48147117347929047 -0.8669068083379813
vn 0.12906685256307135 0.4814719775496703 -0.8669062708297088
vn 0.12906597212079934 0.48147265825133 -0.8669060238554759
vn 0.12906548301795193 0.48147275748975127 -0.8669060415573061
vn 0.09729740875328378 0.48888373910852934 -0.8669059371610971
vn 0.09729884741024622 0.48888365319308336 -0.866905824143097
vn 0.0972981918843805 0.4888819848922704 -0.8669068385379274
vn 0.0972976316881671 0.48888275270485776 -0.8669064684125933
vn 0.12906500486408345 0.48147290158940553 -0.8669060327131844
vn 0.12906414089696172 0.4814719490350466 -0.8669066903807598
vn 0.1290636822129914 0.48147213998064164 -0.8669066526195803
vn 0.1290634858142362 0.48147308364354807 -0.8669061577565655
vn 0.31127831610439954 0.9487576567158603 -0.05444923090585432
vn 0.16028192340373207 0.471999070184718 -0.8669063287199845
vn 0.16028155004371278 0.4720000810165267 -0.8669058473882715
vn 0.19080880181228377 0.4605049168027479 -0.8669066978351562
vn 0.16028093887374883 0.47199930550132363 -0.8669063826273387
vn 0.19080868078979812 0.46050610451958784 -0.8669060935507672
vn 0.19080804704072157 0.4605064194390243 -0.8669060657533522
vn 0.37266311966646887 0.9263679017133243 -0.05444914981620737
vn 0.43245249990894374 0.9000111819197228 -0.054449129855018125
vn 0.22051874973623103 0.4470395679050571 -0.8669066303484069
vn 0.22051852577414915 0.4470404908755976 -0.8669062113678161
vn 0.22051818947110607 0.4470410701419468 -0.8669059982020707
vn 0.4903900559398592 0.8698004966843529 -0.054448957776569794
vn 0.5462279411700217 0.835865034820613 -0.054448873721084756
vn 0.5997269676541037 0.7983500860178573 -0.054449099383672935
vn 0.24928449345792555 0.43165982205052844 -0.8669065920551831
vn 0.24928409814114427 0.43166034483592397 -0.8669064454196241
vn 0.24928411270210893 0.4316616555489952 -0.8669057885854857
vn 0.2769828397649437 0.4144320426466639 -0.8669063320240896
vn 0.2769823405772568 0.414432202807938 -0.8669064149515244
vn 0.3034950188470692 0.395429222698048 -0.8669062829230358
vn 0.2769821821907139 0.41443299344346857 -0.8669060875863983
vn 0.16028004734564685 0.4719985977300461 -0.8669069328155977
vn 0.16027970380395856 0.4719998172252461 -0.8669063323611437
vn 0.16027917147827497 0.472000723416303 -0.8669059373915515
vn 0.16027958323803063 0.4720005284858613 -0.8669059673956058
vn 0.19080693673550575 0.46050514935265957 -0.8669069848105374
vn 0.19080689397424552 0.46050604810980406 -0.8669065167976255
vn 0.22051717170798227 0.44703998816790463 -0.8669068150388207
vn 0.22051708343408294 0.4470410633485014 -0.8669062830513844
vn 0.19080686126378574 0.4605077696257685 -0.8669056095152242
vn 0.19080627043318416 0.4605076332024812 -0.8669058120266743
vn 0.16027842743335655 0.4720003091673863 -0.8669063004992995
vn 0.16027753286875868 0.4719994136402427 -0.8669069534735381
vn 0.16027710065343256 0.4720002180625217 -0.8669065954040616
vn 0.16027697861440893 0.4720011634035462 -0.8669061032614404
vn 0.19080457068506812 0.4605064386581114 -0.8669068206907302
vn 0.19080534044511965 0.46050672437174195 -0.8669064994946286
vn 0.19080439514712214 0.4605065955763238 -0.8669067759703145
vn 0.19080416760375432 0.4605075097316762 -0.8669063404461688
vn 0.220516716197003 0.44704155091373876 -0.8669061250414196
vn 0.22051640165643438 0.4470424119047081 -0.8669057610599433
vn 0.22051517180352917 0.4470411142725782 -0.8669067430550946
vn 0.22051472852205167 0.4470414199048212 -0.8669066982059415
vn 0.2492812977421844 0.4316621943448921 -0.8669063297550231
vn 0.2205147733553975 0.44704255265633225 -0.8669061026700228
vn 0.22051432856480388 0.4470424081944052 -0.8669062903067207
vn 0.24928064723882462 0.4316618158286558 -0.8669067052847731
vn 0.24928057773542958 0.4316626589560293 -0.8669063054488073
vn 0.24928030720663485 0.4316634298200029 -0.8669059993995871
vn 0.24928309010538136 0.4316608903568479 -0.8669064636532858
vn 0.2492826344266842 0.43166110980832734 -0.866906485413701
vn 0.24928248652124035 0.4316620097926931 -0.8669060798122947
vn 0.24928189854555335 0.4316620535704908 -0.8669062270885077
vn 0.27698136133855794 0.4144329542070359 -0.8669063686109753
vn 0.2769808162735385 0.41443300090920243 -0.866906520435645
vn 0.27698079098860057 0.4144341103542891 -0.8669059981325414
vn 0.2769802286706064 0.41443408642648505 -0.8669061892346965
vn 0.2769795729136345 0.4144340266634416 -0.8669064273219496
vn 0.2769790043813971 0.41443417225145635 -0.8669065393698101
vn 0.27697894285425756 0.4144349740376078 -0.8669061757247928
vn 0.2769784315189521 0.41443484780209794 -0.8669063994460723
vn -0.010757529308209937 -0.9999421361074766 0
vn -0.8660253998985324 -0.5000000067305869 7.460276697771444e-18
vn -0.5012701063698052 -0.8652908646576127 -2.9181165403831133e-7
vn -0.37740326691584986 -0.9260490128072293 0
vn -0.5447044965080065 -0.838628053122455 0
vn -0.500000121947118 -0.8660253333782257 0
vn -0.4999999585692771 -0.8660254277044763 0
vn -0.4999997504879324 -0.86602554784025 -1.2735274719161094e-23
vn -0.500000121947118 -0.8660253333782257 1.273527507145246e-23
vn -0.4999997504879324 -0.86602554784025 0
vn -0.500000121947118 -0.8660253333782257 0
vn -0.49999993621753414 -0.8660254406092593 0
vn -0.49999993621753414 -0.8660254406092593 -1.2735289883664143e-23
vn -0.4999995905678664 -0.8660256401700622 0
vn 0.00005082329215582461 0.49847144501461443 -0.8669061171326659
vn 0.03265234396225404 0.4974004834054392 -0.8669063291623876
vn 0.000050494619740042015 0.4984712143314114 -0.8669062497947867
vn 0.000049902634417766636 0.498470563706422 -0.8669066239382007
vn 0.03265176364407693 0.4974010026445309 -0.866906053098689
vn 0.032651315730353854 0.4973996183490549 -0.8669068642289618
vn 0.065114074030325 0.4941995783577233 -0.8669065313597664
vn 0.06511363250569031 0.49420010007244897 -0.8669062671075203
vn 0.0651130463574262 0.4941994928005847 -0.8669066573222867
vn 0.00004914122088083915 0.4984720923363631 -0.8669057450190009
vn 0.03265057798309922 0.4974026858586219 -0.8669051319827323
vn 0.000049448455337216674 0.4984705413204154 -0.8669066368361601
vn 0.0326508401206674 0.4973996966527394 -0.8669068372144595
vn 0.00004867590448156796 0.49847211474491404 -0.8669057321603022
vn 0.032650127551275075 0.49740134975542755 -0.8669059155596784
vn 0.06511267348979406 0.4941995498353155 -0.8669066528142364
vn 0.06511249320394072 0.49420180364003863 -0.8669053815196324
vn 0.0651118977186999 0.49420124165544627 -0.8669057466193685
vn 0.0972969690776323 0.48888382805628683 -0.8669059363468087
vn 0.0972964012218067 0.48888301529532935 -0.8669064584284928
vn 0.0972960132064738 0.48888310176212196 -0.8669064532148624
vn 0.1290632638230006 0.48147451984847145 -0.8669053931473945
vn 0.1290623723823231 0.4814724732958 -0.8669066625037968
vn 0.12906217784518445 0.48147393054296683 -0.8669058821217932
vn 0.09729537387408826 0.48888257244306416 -0.8669068234730614
vn 0.09729532885085283 0.4888848060105747 -0.8669055689265166
vn 0.09729467475842393 0.48888427740070917 -0.8669059404422368
vn 0.1290613266492472 0.4814713905195797 -0.8669074195522143
vn 0.12906127941001724 0.4814743314896801 -0.8669057931941713
vn 0.12906086171963613 0.4814744489908189 -0.8669057901186105
vn 0.000048134326454924274 0.4984705413523765 -0.8669066368917447
vn 0.00004771160858214204 0.49847051896522065 -0.866906649787707
vn 0.00004741741100960433 0.49847118864968076 -0.8669062647355615
vn 0.00004702177336637014 0.4984700542386339 -0.866906917042589
vn 0.032649629433706584 0.4974005018091749 -0.8669064208424245
vn 0.03264921824918376 0.4973991393368039 -0.8669072180658803
vn 0.06511123587012536 0.4941997312481188 -0.8669066573730715
vn 0.03264871689478608 0.4974019049135914 -0.8669056501566103
vn 0.03264842206679728 0.49740007889657534 -0.8669067089659814
vn 0.00004647361551104608 0.49847144512009345 -0.8669061173161076
vn 0.000034959288804648316 0.755066941845288 -0.6556477042667446
vn 1.221014123142794e-10 1 0
vn -0.003536918506832661 0.3241262801246118 0.9460072117801521
vn 0.032648134515881055 0.49740075363110337 -0.8669063326564429
vn 0.04941879307316749 0.7534477258693524 -0.6556480056200069
vn 0.06540326595332203 0.9978589142772835 0
vn 0.05231751827593214 0.9583321128552601 0.28082456935214994
vn 0.06511089913845723 0.49419980960739085 -0.8669066379936193
vn 0.09729389248570773 0.48888284708145247 -0.8669068348528075
vn 0.06511056432473261 0.4941998429194074 -0.8669066441501921
vn 0.06511000749242252 0.49420081147997996 -0.8669061338212262
vn 0.09729368457432772 0.4888842513325276 -0.8669060662730335
vn 0.12906004169148913 0.48147242070082313 -0.8669070386973916
vn 0.0972931990529963 0.48888299343640523 -0.8669068301419095
vn 0.09729278164910819 0.4888832905985174 -0.8669067094056571
vn 0.06510966189533915 0.49420081949541717 -0.8669061552082397
vn 0.09859073240406788 0.7486025154460605 -0.6556478790874414
vn 0.13052627760322993 0.991444850132898 0
vn 0.00009756996107803245 0.0008092573467526091 0.9999996677912695
vn 0.0972925649400316 0.48888471788282845 -0.8669059288227396
vn 0.14734053690993285 0.7405518333206695 -0.6556475793812464
vn 0.19509023190445116 0.980785298327553 0
vn 0.17695726253818508 0.9433048856698627 0.2808238236089651
vn 0.16027687191998727 0.4720026464922148 -0.8669053154940792
vn 0.1602759198836093 0.47200065456020657 -0.8669065760508451
vn 0.1602755312231298 0.47200145559977175 -0.8669062117685166
vn 0.19080394283586724 0.46050884781814355 -0.8669056791136466
vn 0.19080351072267104 0.4605090266814888 -0.8669056792066663
vn 0.1908022330361055 0.46050683051312713 -0.8669071270437161
vn 0.16027484750586848 0.472001013677792 -0.8669065787869576
vn 0.16027449299256427 0.472000665222162 -0.8669068340518565
vn 0.1602746988642177 0.4720032499414794 -0.8669053886951366
vn 0.19080209828257338 0.4605098091932867 -0.8669055744011165
vn 0.19080211340100547 0.46050823019458365 -0.8669064098533141
vn 0.19080189216823149 0.4605084145226069 -0.8669063606289306
vn 0.22051400457147424 0.44704265438194873 -0.8669062457676684
vn 0.22051370162647854 0.4470434192645442 -0.866905928395494
vn 0.22051246053449006 0.44704209925392596 -0.8669069247870084
vn 0.2492799257579429 0.43166371239757406 -0.8669059683802269
vn 0.24927934518369893 0.4316634451654998 -0.8669062683892866
vn 0.24927838174680492 0.4316627686102909 -0.866906882305933
vn 0.22051242102271035 0.4470430038486775 -0.8669064683601422
vn 0.2205125792682971 0.4470441248478716 -0.8669058500341564
vn 0.2205121614016007 0.447044451387714 -0.8669057879362972
vn 0.24927851500077083 0.43166509170830086 -0.8669056872344735
vn 0.24927815309035142 0.43166341536235503 -0.8669066260154955
vn 0.24927786123721973 0.431664618139722 -0.8669061110312266
vn 0.12905988016405476 0.4814738303087265 -0.8669062798595263
vn 0.16027380416468542 0.4720013705402468 -0.8669065773811552
vn 0.16027347799662217 0.4720014648284537 -0.8669065863463378
vn 0.12905951124932843 0.48147399280397785 -0.8669062445325213
vn 0.12905886781492315 0.4814729099055794 -0.866906941756371
vn 0.19080133687124268 0.46050923944442296 -0.8669060446406323
vn 0.1908005061277706 0.4605082053453275 -0.8669067768053333
vn 0.16027314515492835 0.47200228452099885 -0.8669062015864838
vn 0.16027246061092856 0.47200130372255267 -0.8669068621564424
vn 0.19080038756600842 0.4605089221639304 -0.866906422119525
vn 0.1290590034343069 0.48147500169746094 -0.8669057597991685
vn 0.1954596773567835 0.7293299979916644 -0.6556472134898926
vn 0.2588191305443268 0.9659258033950012 0
vn 0.08047367789169829 0.31399736420109736 0.9460072105651979
vn 0.16027276104801552 0.4720033671915994 -0.8669056831200486
vn 0.24274176587074972 0.7149847216975346 -0.6556472243829367
vn 0.32143968483706875 0.9469300549733575 0
vn 0.29856953252405266 0.9121370385066097 0.2808242461625425
vn 0.19079982206082188 0.46050847691259295 -0.8669067831048519
vn 0.22051031493177664 0.447044543377726 -0.8669062101778306
vn 0.22051142533728144 0.4470440523882352 -0.8669061809215719
vn 0.22051059667316886 0.44704325907884995 -0.8669068007963734
vn 0.22051053933210019 0.44704442595837496 -0.8669062136488659
vn 0.2492772807690132 0.4316645895098801 -0.8669062921998394
vn 0.24927674217321572 0.4316644367682721 -0.8669065231275161
vn 0.24927612718120748 0.4316641019391586 -0.8669068666901875
vn 0.24927635364088352 0.431665746161905 -0.8669059828528068
vn 0.19080010351658347 0.4605106186580953 -0.8669055834410109
vn 0.28898421731962376 0.6975783303272454 -0.6556466999825569
vn 0.3826833905500394 0.9238795498316468 0
vn 0.01572064291935329 0.03915606765870423 0.9991094353231328
vn 0.22050987085529652 0.4470441619450606 -0.8669065198314171
vn 0.333988838766898 0.67718367434259 -0.6556475629353076
vn 0.4422884015980324 0.8968728838647412 0
vn 0.4150726901404562 0.8653628451522347 0.28082344654532315
vn 0.24927626032829783 0.4316661864334646 -0.8669057904563379
vn -0.5000003523801481 -0.8660252003375697 2.5470519759398413e-23
vn -0.49999993621753414 -0.8660254406092593 0
vn -0.49999993621753414 -0.8660254406092593 -1.2735289883664143e-23
vn -0.49999993621753414 -0.8660254406092593 0
vn -0.4999995424065584 -0.8660256679759741 -1.2735259744427864e-23
vn -0.5000003523801481 -0.8660252003375697 1.2735259879699206e-23
vn -0.4999999585692771 -0.8660254277044763 0
vn -0.49999993621753414 -0.8660254406092593 0
vn -0.49999993621753414 -0.8660254406092593 -1.2735289883664143e-23
vn -0.4999995424065584 -0.8660256679759741 0
vn -0.5000003523801481 -0.8660252003375697 1.2735259879699206e-23
vn -0.49999993621753414 -0.8660254406092593 0
vn -0.49999993621753414 -0.8660254406092593 -1.2735289883664143e-23
vn -0.002090606894722396 -0.0024140249656057684 0.9999949009101383
vn 0.6506571353227509 0.7574170440840917 -0.0544491835063518
vn 0.6988013847404984 0.7132404308436975 -0.054449173498397375
vn 0.7439536548566832 0.6660091963170455 -0.05444914918073849
vn 0.3034946362890009 0.395429616476229 -0.8669062372351864
vn 0.3034941590779226 0.39542985440762995 -0.8669062957717779
vn 0.3287075767471714 0.37473327029666514 -0.8669061685798348
vn 0.32870712201822616 0.37473344033914535 -0.8669062674972902
vn 0.3287065958153073 0.37473383944190297 -0.8669062945005316
vn 0.3525126854167181 0.3524325767746008 -0.8669060418801503
vn 0.35251247250805595 0.3524331089249605 -0.866905912114887
vn 0.37480759071475217 0.32862177009671084 -0.8669065706067218
vn 0.37480822092656124 0.3286233832475183 -0.8669056866284941
vn 0.35251129112986085 0.35243261299777656 -0.8669065941158355
vn 0.3748067596824432 0.3286226969784156 -0.8669065785463734
vn 0.3954981295586387 0.3034057042724115 -0.8669061126388371
vn 0.3954979696276333 0.30340632174437265 -0.8669059694949447
vn 0.3034933514969961 0.3954299698147006 -0.8669065258547001
vn 0.30349316824408434 0.3954305302751485 -0.8669063343611481
vn 0.3287059430666907 0.3747338427508135 -0.8669065405739227
vn 0.32870609208417617 0.37473467722254933 -0.866906123356884
vn 0.30349305836421403 0.39543107887255 -0.8669061225913837
vn 0.3034925518945049 0.39543146652396194 -0.8669061230763514
vn 0.32870557547837187 0.3747350532908258 -0.8669061566770386
vn 0.3287048658940356 0.3747350895587353 -0.8669064100530061
vn 0.3525111298233063 0.3524334351705829 -0.8669063254611531
vn 0.3525113247618211 0.3524343155589747 -0.8669058882780429
vn 0.3525102772828373 0.35243392373205124 -0.8669064735095753
vn 0.35250973774867633 0.35243418886126626 -0.8669065851140253
vn 0.3034919259155253 0.3954315557612914 -0.866906301518388
vn 0.3034912096855022 0.3954311968639964 -0.8669067159679512
vn 0.3034910611929185 0.39543209160995 -0.8669063598226606
vn 0.303491051563266 0.3954329433303813 -0.8669059746881979
vn 0.3287047164891982 0.37473577456386387 -0.8669061705973586
vn 0.3287041132337858 0.3747357961476828 -0.8669063900034151
vn 0.3287033133287213 0.37473550354835683 -0.8669068197834643
vn 0.3287037264041705 0.3747369591229124 -0.8669060339594624
vn 0.35250995108294964 0.352435266461891 -0.8669060602749484
vn 0.35250949725070774 0.35243546828217925 -0.8669061627677902
vn 0.3748062231586752 0.3286229949297698 -0.8669066975660747
vn 0.3748068523570917 0.3286244581804763 -0.8669058708485932
vn 0.39549637803412485 0.30340556048703166 -0.8669069620365492
vn 0.395496986717198 0.30340691822515775 -0.8669062091545595
vn 0.37480611614341325 0.32862461494671713 -0.8669061297237505
vn 0.3748055143365725 0.3286245502914479 -0.8669064144235183
vn 0.39549696106826787 0.30340760686485624 -0.8669059798399743
vn 0.39549628678326865 0.3034077346420682 -0.8669062427390952
vn 0.35250830506188074 0.35243490194214 -0.8669068777875938
vn 0.3525086338997201 0.35243588643086027 -0.8669063438352766
vn 0.374805176489229 0.3286248395276827 -0.8669064508482348
vn 0.3748049635104353 0.3286255807606954 -0.8669062619439527
vn 0.3748042675948989 0.3286256275203462 -0.8669065450955542
vn 0.37480435583540717 0.32862616293941643 -0.8669063039789949
vn 0.3954958043217817 0.30340805815287525 -0.86690634962017
vn 0.3954953264575055 0.30340817657420366 -0.8669065261827182
vn 0.3954949926904415 0.3034086488532585 -0.8669065131591915
vn 0.3954953505809774 0.3034095431244313 -0.8669060368978021
vn 0.7859194769103812 0.6159268534824279 -0.05444893912785097
vn 0.8245204059496679 0.5632063724884074 -0.05444889494786887
vn 0.8595907488762632 0.5080738545827939 -0.05444908388326654
vn 0.8909798435206574 0.4507662442262251 -0.05444916442047818
vn 0.9185536568995658 0.3915283707754935 -0.05444918984082655
vn 0.39549774141592736 0.3034045116329025 -0.8669067071234944
vn 0.41449510587629923 0.27688863563825045 -0.8669062755909566
vn 0.4144943075332313 0.2768886696621824 -0.8669066464361972
vn 0.4317170304725889 0.24918652627521837 -0.8669062698601386
vn 0.4317165610231388 0.2491868732661012 -0.8669064039042614
vn 0.4144952409206676 0.27689019593711256 -0.8669057126631622
vn 0.4317167637461599 0.24918760002141435 -0.8669060940471638
vn 0.44708984432319077 0.22041703436258597 -0.8669065705517911
vn 0.4470902337897321 0.2204178698315349 -0.8669061572677699
vn 0.4470899028689214 0.2204183302415394 -0.8669062108706975
vn 0.41449383574110754 0.2768897161136499 -0.8669065377785118
vn 0.4144935017754205 0.27689006963978924 -0.8669065845411615
vn 0.4317162039196118 0.24918811036513117 -0.8669062261432292
vn 0.43171576673277556 0.2491883842703449 -0.8669063651277839
vn 0.4144939774698204 0.2768912311669755 -0.8669059861046552
vn 0.41449362224221675 0.2768915605959549 -0.8669060507294104
vn 0.431715399083168 0.2491886765089737 -0.8669064642129318
vn 0.43171610458078064 0.2491898033647611 -0.8669057889670759
vn 0.4144924760908242 0.27689131305005854 -0.8669066778041983
vn 0.4144929058409465 0.2768924539003857 -0.866906107938196
vn 0.41449203924057176 0.2768922735279258 -0.8669065798958551
vn 0.4144923402133051 0.27689310996330946 -0.8669061688322124
vn 0.942194100250801 0.3306139395703231 -0.05444906256653382
vn 0.46054918209649803 0.19070484007384655 -0.8669060588337443
vn 0.4605485415639411 0.19070407403435205 -0.8669065676357673
vn 0.47203495714453403 0.16017421949716354 -0.866906695464992
vn 0.4720358590646881 0.1601753546493022 -0.8669059946268869
vn 0.4605486302199819 0.19070522111279828 -0.8669062681990578
vn 0.4720358616534764 0.16017596647537008 -0.8669058801719719
vn 0.9617999682551343 0.26828369192681534 -0.05444889081092805
vn 0.977287336789811 0.2048041788472685 -0.05444914762395254
vn 0.9885896595842198 0.1404486171076098 -0.054448791682793894
vn 0.995658849983024 0.07549012266389206 -0.0544490204748671
vn 0.48150129278766135 0.12895921181391906 -0.8669060080147926
vn 0.48149957326266224 0.12895907213462918 -0.8669069838581585
vn 0.4889043227602841 0.09719142230424146 -0.8669062178902551
vn 0.4889042722184582 0.09719206485581632 -0.8669061743554504
vn 0.4815015142793155 0.12896059308840194 -0.8669056795159517
vn 0.48890416865272895 0.09719227810794813 -0.8669062088543208
vn 0.4942132325081092 0.0650070694073075 -0.866906777999203
vn 0.4974077734177213 0.03254501954450846 -0.8669061821480294
vn 0.49421447886406794 0.06500805218133959 -0.866905993769051
vn 0.49740635437176817 0.03254533126912291 -0.866906984654738
vn 0.4942150626805082 0.06500866897080741 -0.8669056146884421
vn 0.49740907281867885 0.03254635241974015 -0.8669053865456324
vn 0.4470896656918616 0.22042020839989865 -0.8669058556501302
vn 0.447088956265259 0.22042019637256566 -0.8669062245806758
vn 0.44708884494346995 0.22041848662763322 -0.866906716711722
vn 0.4605472974033501 0.19070538845743612 -0.8669069394506936
vn 0.4470893070200202 0.2204195373329629 -0.8669062112537206
vn 0.46054802301517983 0.19070625701309207 -0.8669063628979002
vn 0.4720333932718086 0.16017544670301595 -0.8669073202538962
vn 0.4720347752405931 0.1601767218436837 -0.8669063321622318
vn 0.46054869218652955 0.19070721884639263 -0.8669057958077979
vn 0.46054884719526556 0.19070787698081523 -0.8669055686778014
vn 0.4720352404509447 0.16017742836581536 -0.8669059483095806
vn 0.4720350818282382 0.16017799134857533 -0.8669059306585372
vn 0.43171440841245656 0.24919002836214935 -0.8669065689761233
vn 0.43171450226619473 0.2491894199812668 -0.866906697114777
vn 0.4470883263973031 0.2204205669200819 -0.8669064552060322
vn 0.44708728096205785 0.22042059556186103 -0.8669069870834522
vn 0.43171498959991667 0.24919099066192468 -0.8669060029366923
vn 0.43171413861340885 0.24919092152087743 -0.8669064465978197
vn 0.44708844839078243 0.22042193919954953 -0.8669060433720789
vn 0.4470879018058956 0.22042218751856926 -0.8669062621231493
vn 0.4605470860487789 0.19070754799189907 -0.8669065766683838
vn 0.46054601608212004 0.190707668409064 -0.866907118600872
vn 0.47203487688165696 0.16017855883795692 -0.8669059373980054
vn 0.4720325056538097 0.16017797197675626 -0.8669073369741425
vn 0.4605469484208728 0.19070859578707047 -0.8669064192824653
vn 0.46054687813991035 0.19070912780789717 -0.8669063395813493
vn 0.47203355115343 0.16017906058213974 -0.8669065665551884
vn 0.47203489169883694 0.16017995446207814 -0.8669056714587774
vn 0.48149976737195405 0.12896056634729178 -0.8669066537685243
vn 0.48149947295344625 0.12896082063249345 -0.8669067794678661
vn 0.48890358889110347 0.09719281033653986 -0.866906476148543
vn 0.4889039295146983 0.09719349240953486 -0.8669062075786079
vn 0.4815005327366602 0.12896183040274922 -0.8669060406257906
vn 0.48150043180927116 0.1289623866422313 -0.8669060139363581
vn 0.48890320070356186 0.09719371170624477 -0.8669065940149354
vn 0.48890439024078153 0.0971946797736605 -0.866905814622895
vn 0.4942132234996608 0.06500893831809788 -0.8669066429880602
vn 0.4942136219627934 0.06500962522280307 -0.8669063643178585
vn 0.49740652112681927 0.03254672196338259 -0.8669068367650318
vn 0.4974069996920961 0.03254726596885255 -0.8669065417536425
vn 0.4942141844528236 0.06501020587427764 -0.8669060001048641
vn 0.4942134795227955 0.06501045663200566 -0.8669063831732174
vn 0.4974082380017153 0.03254801387617497 -0.8669058031647644
vn 0.4974081853036424 0.03254849861585057 -0.8669058152018542
vn 0.48150021521917374 0.12896289114605092 -0.866906059184697
vn 0.4814997006121915 0.1289633062445826 -0.866906283258367
vn 0.48890296475094974 0.09719485958591048 -0.8669065983875118
vn 0.4889037403378928 0.09719573144829562 -0.8669060632339868
vn 0.4814977410199894 0.12896292078595978 -0.866907428999776
vn 0.48150097862806157 0.1289645868112951 -0.8669053829160429
vn 0.48890236162119816 0.097195878907281 -0.8669068242462142
vn 0.49421334727755606 0.06501106978512394 -0.866906412583335
vn 0.4942128677628102 0.06501159842412658 -0.866906646305125
vn 0.49740683729956964 0.0325487812864297 -0.8669065780373382
vn 0.4889037951507156 0.09719659476302203 -0.8669059355280133
vn 0.4974063907619572 0.03254923207909015 -0.866906817322499
vn 0.49421343168884746 0.06501213456099458 -0.8669062846110622
vn 0.4942129576797771 0.06501249256089087 -0.8669065279904328
vn 0.4974076781066878 0.032549925365565634 -0.8669060526488495
vn 0.4974072565311158 0.03255021937929258 -0.8669062834981349
vn 0.27697829149263115 0.41443575531623134 -0.8669060103363502
vn 0.2769775663914805 0.41443568098012956 -0.866906277544689
vn 0.27697688249013785 0.4144355044885253 -0.866906580425703
vn 0.27697632170860675 0.4144350954296 -0.866906955150914
vn 0.27697679253725715 0.41443681497386214 -0.8669059826706088
vn 0.27697679071814363 0.4144378255308951 -0.8669055001398369
vn 0.3034889359809346 0.39543443394489775 -0.8669060353855188
vn 0.3034905588493993 0.3954328422654543 -0.8669061932799553
vn 0.30348990086054306 0.39543283921948663 -0.8669064250208747
vn 0.3034894222730186 0.3954329561481459 -0.8669065392303417
vn 0.32870367373037196 0.37473765247780677 -0.8669057542152893
vn 0.32870271702699266 0.3747369933734388 -0.8669064018776814
vn 0.32870199412826684 0.37473698466004085 -0.8669066797435588
vn 0.30348917637607287 0.3954334530436483 -0.8669063986593648
vn 0.3034893000116004 0.3954341144619441 -0.8669060536748874
vn 0.3287016081774374 0.37473731417211775 -0.866906683645151
vn 0.3287024755421644 0.37473901643566043 -0.8669056189305075
vn 0.35250901804149454 0.3524371348406535 -0.8669056800971673
vn 0.3525081300815421 0.3524368131235843 -0.8669061719596338
vn 0.352506963991446 0.3524362430807023 -0.8669068778713741
vn 0.3748045349739509 0.32862705729372016 -0.8669058874972705
vn 0.39549497112963244 0.3034098174664161 -0.8669061139916865
vn 0.3748038499909207 0.32862720671778123 -0.8669061270038713
vn 0.3748028257662638 0.32862686929506946 -0.8669066977333518
vn 0.3954941877022852 0.3034098704987783 -0.8669064528411494
vn 0.3954939953695381 0.3034103598281167 -0.8669063693246306
vn 0.3525066361740357 0.35243657091438035 -0.8669068778913793
vn 0.35250776637513237 0.3524383865693394 -0.8669056801738099
vn 0.32870159128867965 0.37473849118486235 -0.8669061812611458
vn 0.3525072416503646 0.352438547295696 -0.8669058281982828
vn 0.37480307056738504 0.3286287524376078 -0.8669058780309206
vn 0.37480259147394357 0.3286271113315521 -0.8669067072772569
vn 0.37480340373179905 0.3286283398862157 -0.866905890379508
vn 0.3954933329408226 0.30341041423319187 -0.8669066524916063
vn 0.3954939953724614 0.30341155192328845 -0.8669059520985131
vn 0.2769759345325684 0.4144369733562375 -0.8669061810860109
vn 0.2769751525153227 0.4144365454149574 -0.8669066355228974
vn 0.2769748571754746 0.41443747330207487 -0.8669062862937478
vn 0.27697464243537673 0.41443665947627734 -0.8669067439638126
vn 0.30348840960598444 0.39543477488718726 -0.866906064141179
vn 0.3034875645123025 0.3954343140035762 -0.866906570222485
vn 0.3034872084602126 0.39543431605675944 -0.8669066939329458
vn 0.3034875661616144 0.3954354784431372 -0.8669060384919157
vn 0.377563267963571 0.6538881063761396 -0.6556495428386228
vn 0.27697498035992074 0.4144386117383671 -0.866905702689166
vn 0.41952157505786003 0.6277960611474804 -0.6556475834384516
vn 0.5000002818671057 0.866025241048328 0
vn 0.1590009665010728 0.2824715438584264 0.9460066170814884
vn 0.5555700015194128 0.8314697669859799 0
vn 0.5244760991324345 0.8037837562876171 0.280813985704048
vn 0.3034869801698298 0.3954353425324739 -0.8669063056314806
vn 0.4596820393433897 0.5990117683757885 -0.6556503062246011
vn 0.6087612032766206 0.7933535135015166 0
vn 0.0032956683940984655 0.004393446715895975 0.9999849179841619
vn 0.49787506161009465 0.5676647986523786 -0.6556501349025247
vn 0.6593458684883615 0.751839760658698 0
vn 0.6249033742698819 0.7284484428706407 0.28081780375441795
vn 0.3287006378159311 0.3747382231937745 -0.8669066586299663
vn 0.32870090510514755 0.37473923541057025 -0.8669061197309419
vn 0.35250570862203434 0.35243752090939384 -0.8669068688412371
vn 0.3525062264821104 0.3524386944184033 -0.8669061811799443
vn 0.32870032980169905 0.37473910587308906 -0.8669063938613509
vn 0.3287001941492678 0.3747394191266347 -0.866906309885253
vn 0.37480172381006793 0.3286281216324308 -0.8669066994211901
vn 0.37480184602029387 0.3286287501124401 -0.8669064083390521
vn 0.3525059284659446 0.3524389924486943 -0.8669061811973148
vn 0.3525054749310432 0.3524390455545073 -0.8669063440258513
vn 0.3748016989548956 0.32862937766767053 -0.8669062340266582
vn 0.3748017165964983 0.32862990344683746 -0.8669060270853124
vn 0.32870006031269783 0.3747401773109591 -0.8669060328890207
vn 0.35250520301385535 0.3524393398821349 -0.8669063349356755
vn 0.5339363930622 0.5338868019966582 -0.6556499148307036
vn 0.3748009224404356 0.32862964443826714 -0.8669064686194102
vn 0.7071067811865476 0.7071067811865476 0
vn 0.22669241727206216 0.2316944985349153 0.9460064520393101
vn 0.4144924212601424 0.2768937898319004 -0.8669059129285209
vn 0.41449135615157706 0.27689346720032304 -0.8669065252363776
vn 0.4144907494745585 0.27689369851732604 -0.8669067414211374
vn 0.41449088004142237 0.27689436175566046 -0.86690646715226
vn 0.41449069774399744 0.2768946574517891 -0.8669064598665478
vn 0.3954943184140739 0.30341235291590624 -0.8669055243798027
vn 0.414491772536794 0.27689620844796087 -0.8669054505806559
vn 0.3954926438406453 0.3034113353075037 -0.8669066444980417
vn 0.39549260848329076 0.30341192709227244 -0.8669064535076642
vn 0.414490849731145 0.2768960899510313 -0.8669059296480696
vn 0.414489323509049 0.2768954300888467 -0.8669068701382655
vn 0.39549199163077337 0.3034119935986204 -0.8669067116457426
vn 0.39549267205043587 0.3034131818297401 -0.8669059853561742
vn 0.41448927340861424 0.27689600268217024 -0.8669067112024421
vn 0.41448977883471605 0.2768967469296455 -0.8669062318274843
vn 0.5677112341632629 0.49782297021376654 -0.6556494832853667
vn 0.751839760658698 0.6593458684883615 0
vn 0.7146387132272012 0.6406503348474125 0.28081783778255304
vn 0.39549242545473645 0.30341338417268304 -0.8669060270368465
vn 0.5990539149382058 0.45962565801477234 -0.6556513261572009
vn 0.7933535135015166 0.6087612032766206 0
vn 0.03319246662519832 0.02604980369188501 0.999109437392596
vn 0.41449050165996604 0.2768978546723451 -0.8669055324033423
vn 0.627834191111423 0.41946341936219245 -0.6556482809315088
vn 0.8314697669859799 0.5555700015194128 0
vn 0.7921477028691046 0.5418906258718412 0.2808141136613771
vn 0.4317148632115919 0.24919208920403083 -0.8669057501022397
vn 0.43171411836199974 0.2491921340278458 -0.8669061081487254
vn 0.4317123082439869 0.24919148289269577 -0.8669071967427586
vn 0.4470879718101549 0.22042266948291853 -0.8669061034741342
vn 0.44708789361255397 0.22042321145115967 -0.8669060059998702
vn 0.44708644911314743 0.2204229661362478 -0.8669068133421814
vn 0.4605478981741099 0.1907101289829974 -0.8669055774366076
vn 0.4720340899594042 0.16018002995985992 -0.8669060940599365
vn 0.4605468882580775 0.19071010057324989 -0.8669061202086088
vn 0.4605462552272843 0.19071033601779028 -0.8669064047128194
vn 0.47203433974730435 0.1601807937771524 -0.8669058169168365
vn 0.4720329583470587 0.1601807753151352 -0.8669065725056916
vn 0.43171352773806454 0.24919291201820307 -0.8669061786420971
vn 0.43171387574484116 0.24919341310421175 -0.8669058612991619
vn 0.44708615818930525 0.22042326765961803 -0.8669068867126296
vn 0.44708813844740714 0.22042500296182654 -0.866905424212417
vn 0.43171299389605866 0.24919319664092812 -0.8669063626766027
vn 0.4470878236783792 0.22042530742222138 -0.8669055091336942
vn 0.460544980910986 0.19071010057390064 -0.8669071334905443
vn 0.4605461316786213 0.19071121338937524 -0.866906277335336
vn 0.47203275903295644 0.16018127021007364 -0.8669065895894564
vn 0.47203285701973025 0.1601815413424832 -0.8669064861373096
vn 0.4605474737823112 0.1907125698087977 -0.8669052659372047
vn 0.4720333277602213 0.16018215022123003 -0.866906117312662
vn 0.48149957644829916 0.1289646311208871 -0.8669061551286631
vn 0.48890367823587744 0.09719714656214289 -0.8669059395964517
vn 0.48149983758887277 0.12896534448021496 -0.8669059039624709
vn 0.4814984859568493 0.12896534964280087 -0.8669066539211543
vn 0.48890268618779137 0.09719748758479034 -0.8669064608396725
vn 0.48890259407577025 0.09719799368648123 -0.8669064560431566
vn 0.49421422942903026 0.0650133853478832 -0.8669057360264018
vn 0.4974071557621254 0.032550699198200715 -0.8669063233004711
vn 0.4942126277302445 0.06501346085696397 -0.8669066434740057
vn 0.49421256496881694 0.06501401178465151 -0.8669066379366397
vn 0.4974075886843582 0.03255129254610899 -0.8669060526220761
vn 0.49740619690744187 0.03255150919749626 -0.8669068430500709
vn 0.4814983647751005 0.12896582595165673 -0.8669066503698717
vn 0.4814990706792487 0.12896650890031136 -0.8669061566958015
vn 0.4889024792848179 0.09719850120436468 -0.8669064638776109
vn 0.4889033508773173 0.09719878578273912 -0.8669059404245029
vn 0.4814995557091551 0.12896700283300927 -0.8669058138184084
vn 0.488903236086217 0.09719929330061171 -0.8669059482586831
vn 0.4942124804021975 0.06501454141262723 -0.8669066464271763
vn 0.4942153064082008 0.06501543479630237 -0.8669049683501046
vn 0.4974062122791042 0.03255194411208067 -0.8669068178995241
vn 0.4974083782826561 0.03255262521416231 -0.8669055495299846
vn 0.49421322240089377 0.06501533077170427 -0.8669061642235397
vn 0.49740906211413133 0.032553362715475785 -0.8669051294707255
vn 0.43171288721670237 0.24919391682785008 -0.8669062087832876
vn 0.4317125048008604 0.24919433695474802 -0.8669062784570492
vn 0.447085786479948 0.22042436340303176 -0.8669067998037474
vn 0.44708592835026406 0.22042507493007132 -0.8669065457206185
vn 0.43171157332586907 0.24919393023476843 -0.8669068592361304
vn 0.4317121835695114 0.24919484740055534 -0.8669062916986233
vn 0.4470863625679752 0.22042593287824025 -0.8669061036355059
vn 0.43171267805736274 0.2491957344559964 -0.86690579046023
vn 0.6539237328491597 0.3775027295725326 -0.655648870037849
vn 0.8660252003375697 0.5000003523801481 0
vn 0.2789346237174881 0.1651272898755554 0.9460065823396461
vn 0.44708548148730815 0.22042574556708933 -0.8669066056585649
vn 0.46054511843728574 0.19071338897446663 -0.8669063370107871
vn 0.4605460725839651 0.19071243549576833 -0.8669060398767319
vn 0.46054480088550026 0.19071217133363566 -0.8669067735821108
vn 0.47203292717252826 0.1601828163085389 -0.8669062123577149
vn 0.4720327775618983 0.16018326314009163 -0.8669062112575913
vn 0.4814985375970337 0.1289676571895629 -0.8669062819537955
vn 0.4605446781672436 0.19071249770611642 -0.8669067669770059
vn 0.4720321182752045 0.1601833066098356 -0.8669065622085015
vn 0.47203161118563347 0.16018351507334525 -0.8669067998004412
vn 0.481498375255554 0.12896806393301674 -0.8669063116113707
vn 0.4814972939835383 0.1289681957966596 -0.8669068925550684
vn 0.44708649415816326 0.22042674364508807 -0.8669058296189877
vn 0.6772135683515808 0.33392558425722035 -0.6556489052984019
vn 0.4605459904846833 0.19071419685892058 -0.8669056960044379
vn 0.6976048403340119 0.2889195702571197 -0.6556469847905951
vn 0.8968728838647412 0.4422884015980324 0
vn 0.8560991251959759 0.4338576775795514 0.28082343820265915
vn 0.9238795305660377 0.3826834370613369 0
vn 0.0002889281925099793 0.00012338846990217595 0.9999999506478912
vn 0.4720331989307772 0.16018456094477276 -0.866905742017036
vn 0.7150074302038577 0.24267551501436876 -0.6556469851724983
vn 0.48149908197992564 0.12896913453153014 -0.8669057598093791
vn 0.7293481738378386 0.19539205493127895 -0.6556471506756832
vn 0.9469300640446149 0.32143965811402525 0
vn 0.9054044560500081 0.31840306785648625 0.28082424636125464
vn 0.9659258182961655 0.25881907493243805 0
vn 0.31216659797527685 0.087306513419099 0.946007181697445
vn 0.48149737777959367 0.12896674888114912 -0.8669070612668938
vn 0.48890158998866556 0.09719970914745597 -0.866906829969752
vn 0.48890226813260357 0.09719960338611412 -0.8669064593809288
vn 0.4942122693539361 0.06501620257216428 -0.8669066421611544
vn 0.4889027376019677 0.0972005481450271 -0.8669060886887391
vn 0.4889010017267138 0.0972004185002882 -0.8669070821916178
vn 0.49421288071937386 0.0650166626027919 -0.8669062591278556
vn 0.494212364056967 0.06501694832695602 -0.866906532241783
vn 0.49421235272400693 0.06501571003966627 -0.866906631571728
vn 0.49740538288491304 0.03255327064728753 -0.8669072439697788
vn 0.49740671635347694 0.032553884820438576 -0.8669064558010567
vn 0.4974066875908183 0.03255427604396007 -0.8669064576130368
vn 0.49740686536349127 0.03255478261528744 -0.8669063365889864
vn 0.48890284672718665 0.09720128222219775 -0.866905944838547
vn 0.7405657045119073 0.14727192864417296 -0.6556473261855098
vn 0.49421295242016827 0.0650174241533294 -0.8669061611366057
vn 0.7486118627214615 0.09852138099720932 -0.655647631337982
vn 0.9807852926251279 0.19509026057249068 0
vn 0.9392186930141744 0.19749985489809804 0.2808238843260599
vn 0.9914448482045445 0.13052629225051873 0
vn 0.04177039081960703 0.005963549899744305 0.9991094387119815
vn 0.49740685884851077 0.03255518452023159 -0.8669063252343424
vn 0.7534522566597286 0.04934886570247821 -0.655648065953253
vn 0.9978589147635325 0.06540325853461215 8.099151342251514e-20
vn 0.9569622422093598 0.07321776559763869 0.2808245462678145
vn -0.503161180960412 0.8641925861603555 -8.670256355854408e-18
vn -0.026637514650802423 0.9996451584503514 0
vn -0.5507424417659096 0.8346752439348634 0
vn -0.500000121947118 0.8660253333782257 0
vn -0.4999997504879324 0.86602554784025 0
vn -0.9816789582842668 0.190542443728207 -1.467367476750941e-19
vn -0.9966452726904592 -0.0818425343189811 -8.336763109710872e-8
vn -0.9999999999999845 -1.7678431163403454e-7 0
vn -0.9999999999999742 2.2686923273340068e-7 0
vn -0.4999999585692771 0.8660254277044763 1.2735290482754446e-23
vn -0.500000121947118 0.8660253333782257 -1.273527507145246e-23
vn -0.4999997504879324 0.86602554784025 0
vn -0.500000121947118 0.8660253333782257 0
vn -0.4999997504879324 0.86602554784025 0
vn -0.49999993621753414 0.8660254406092593 1.2735289883664143e-23
vn -0.49999993621753414 0.8660254406092593 0
vn -0.5000003523801481 0.8660252003375697 -2.5470519759398413e-23
vn -1 -1.671074123521521e-8 0
vn -0.9999999999999705 -2.432967391996427e-7 0
vn -0.9999999999999749 2.2403692412353287e-7 0
vn -0.9999999999999705 -2.432967391996427e-7 0
vn -0.9999999999999742 2.2686923273340068e-7 0
vn -1 -1.671074123521521e-8 0
vn -1 -1.671074123521521e-8 0
vn -0.9999999999998923 -4.642174928903342e-7 0
vn 0.07549013007201341 -0.9956588494230205 -0.05444902044424251
vn 0.1404486025003859 -0.9885896616531872 -0.05444879179674691
vn 0.03254501857961975 -0.49740781827531194 -0.8669061564461557
vn 0.0325453275477785 -0.4974063544320741 -0.8669069847598425
vn 0.0325463529022055 -0.49740905038992106 -0.8669053993965904
vn 0.0650070694073075 -0.4942132325081092 -0.866906777999203
vn 0.06500805122385292 -0.49421450138723383 -0.8669059810006184
vn 0.06500866897080741 -0.4942150626805082 -0.8669056146884421
vn 0.2048041788472685 -0.977287336789811 -0.05444914762395254
vn 0.26828369192681534 -0.9617999682551343 -0.05444889081092805
vn 0.09719143329035655 -0.48890437034748957 -0.8669061898210734
vn 0.09719205747561602 -0.48890427257249197 -0.8669061749832093
vn 0.0971922795240862 -0.48890414597397475 -0.8669062214855597
vn 0.12895922646726715 -0.48150129186238816 -0.8669060063489095
vn 0.12895908678797716 -0.48149957233739343 -0.8669069821922755
vn 0.12896059308840194 -0.4815015142793155 -0.8669056795159517
vn 0.03254672148091422 -0.49740654355565217 -0.8669068239141177
vn 0.032547261048214315 -0.4974069516217432 -0.8669065695198209
vn 0.03254801387617497 -0.4974082380017153 -0.8669058031647644
vn 0.03254850185469793 -0.49740820767211374 -0.8669058022457977
vn 0.06500893831809788 -0.4942132234996608 -0.8669066429880602
vn 0.06500962282115683 -0.4942135739027706 -0.8669063918964385
vn 0.06501021329336974 -0.4942141842134441 -0.8669059996849661
vn 0.06501045663200566 -0.4942134795227955 -0.8669063831732174
vn 0.0325487812864297 -0.49740683729956964 -0.8669065780373382
vn 0.06501106882759503 -0.49421336980075536 -0.8669063998149256
vn 0.06501159842412658 -0.4942128677628102 -0.866906646305125
vn 0.032549231362227676 -0.4974063202024634 -0.8669068578344348
vn 0.032549928604391994 -0.4974077004751716 -0.866906039692798
vn 0.032550216622991006 -0.49740721173380653 -0.8669063093051039
vn 0.06501212762855346 -0.49421352503464167 -0.8669062319155643
vn 0.0650124999799807 -0.49421295744038984 -0.8669065275705199
vn 0.09719279415999738 -0.4889036122779464 -0.8669064647728426
vn 0.09719348502933689 -0.48890392986873715 -0.8669062082063764
vn 0.09719371170624477 -0.48890320070356186 -0.8669065940149354
vn 0.0971946797736605 -0.48890439024078153 -0.866905814622895
vn 0.12896056634729178 -0.48149976737195405 -0.8669066537685243
vn 0.12896080597915155 -0.4814994738787274 -0.8669067811337713
vn 0.12896184986917392 -0.4815005795841557 -0.866906011709714
vn 0.1289623866422313 -0.48150043180927116 -0.8669060139363581
vn 0.0971948581697382 -0.48890298742973887 -0.8669065857562976
vn 0.09719572784222104 -0.4889036923966741 -0.8669060906754082
vn 0.097195878907281 -0.48890236162119816 -0.8669068242462142
vn 0.1289629039487896 -0.4815002371867548 -0.866906045078816
vn 0.12896332089791454 -0.48149969968689194 -0.8669062815924304
vn 0.1289629354392934 -0.48149774009469637 -0.8669074273338422
vn 0.1289645886619172 -0.48150095573520446 -0.8669053953560026
vn 0.09719658596662847 -0.4889038181835303 -0.8669059235245756
vn 0.3915283707754935 -0.9185536568995658 -0.05444918984082655
vn 0.45076619644937577 -0.8909798675970378 -0.054449165974580965
vn 0.22041703436258597 -0.44708984432319077 -0.8669065705517911
vn 0.2204178698315349 -0.4470902337897321 -0.8669061572677699
vn 0.2204183190012635 -0.44708988049222853 -0.8669062252689747
vn 0.5080738545827939 -0.8595907488762632 -0.05444908388326654
vn 0.5632063724884074 -0.8245204059496679 -0.05444889494786887
vn 0.6159268166146842 -0.7859195059225509 -0.05444893741253986
vn 0.24918652627521837 -0.4317170304725889 -0.8669062698601386
vn 0.2491868313384394 -0.43171656583225426 -0.866906413561183
vn 0.24918760002141435 -0.4317167637461599 -0.8669060940471638
vn 0.27688863221786814 -0.4144951305583973 -0.8669062648821354
vn 0.2768886696621824 -0.4144943075332313 -0.8669066464361972
vn 0.3034045116329025 -0.39549774141592736 -0.8669067071234944
vn 0.2768901925167097 -0.41449526560276323 -0.866905701954344
vn 0.3306139395703231 -0.942194100250801 -0.05444906256653382
vn 0.16017421949716354 -0.47203495714453403 -0.866906695464992
vn 0.16017533410723617 -0.4720358126386509 -0.8669060237016487
vn 0.19070407403435205 -0.4605485415639411 -0.8669065676357673
vn 0.1601759764875859 -0.47203590685048175 -0.866905853711977
vn 0.19070484007384655 -0.46054918209649803 -0.8669060588337443
vn 0.19070522834934067 -0.46054867749838474 -0.8669062414902284
vn 0.24918807164358683 -0.4317161844809476 -0.8669062469539385
vn 0.24918835741849557 -0.4317157460283569 -0.8669063831569422
vn 0.24918868407266317 -0.4317154459757593 -0.8669064386864859
vn 0.24918979259500726 -0.43171608193603483 -0.8669058033398185
vn 0.2768897161136499 -0.41449383574110754 -0.8669065377785118
vn 0.27689007306017593 -0.4144934770932815 -0.8669065952499448
vn 0.2768912311669755 -0.4144939774698204 -0.8669059861046552
vn 0.2768915605959549 -0.41449362224221675 -0.8669060507294104
vn 0.2768913233112386 -0.41449240204433074 -0.8669067099304698
vn 0.27689245732079687 -0.41449288115879274 -0.8669061186469579
vn 0.2768922735279258 -0.41449203924057176 -0.8669065798958551
vn 0.27689310996330946 -0.4144923402133051 -0.8669061688322124
vn 0.1601754299308625 -0.47203341756036044 -0.8669073101276455
vn 0.16017672786695483 -0.47203482279326975 -0.866906305156654
vn 0.16017741384696998 -0.47203524157761234 -0.8669059503787373
vn 0.1601779645642327 -0.4720350609197252 -0.8669059469922736
vn 0.19070538845743612 -0.4605472974033501 -0.8669069394506936
vn 0.19070624265386904 -0.46054802432393976 -0.8669063653614268
vn 0.22041848662763322 -0.44708884494346995 -0.866906716711722
vn 0.2204195373329629 -0.4470893070200202 -0.8669062112537206
vn 0.19070721884639263 -0.46054869218652955 -0.8669057958077979
vn 0.1907078795983619 -0.4605488237141715 -0.8669055805764488
vn 0.16017855883795692 -0.47203487688165696 -0.8669059373980054
vn 0.16017795745791424 -0.4720325067804747 -0.8669073390433096
vn 0.16017906283549005 -0.4720335279915322 -0.8669065787505662
vn 0.16017994444998354 -0.47203484650180016 -0.8669056979187655
vn 0.19070754799189907 -0.4605470860487789 -0.8669065766683838
vn 0.190707668409064 -0.46054601608212004 -0.866907118600872
vn 0.19070859116793382 -0.46054687766136 -0.8669064578898431
vn 0.1907091421671034 -0.46054687683113393 -0.8669063371177856
vn 0.2204202367542725 -0.4470896627549143 -0.866905849955396
vn 0.22042019637256566 -0.447088956265259 -0.8669062245806758
vn 0.22042054150265494 -0.44708830548904915 -0.866906472451675
vn 0.220420584321613 -0.4470872585853015 -0.8669070014817037
vn 0.2491894027476492 -0.43171440881830553 -0.8669067486050221
vn 0.2204219588923605 -0.44708851771447505 -0.8669060026126983
vn 0.22042218751856926 -0.4470879018058956 -0.8669062621231493
vn 0.24919002836214935 -0.43171440841245656 -0.8669065689761233
vn 0.2491909638099656 -0.4317149688955615 -0.8669060209659205
vn 0.24919091395724266 -0.4317140917207593 -0.8669064721242274
vn -0.4999995424065584 0.8660256679759741 0
vn -0.49999993621753414 0.8660254406092593 1.2735289883664143e-23
vn -0.49999993621753414 0.8660254406092593 0
vn -0.49999993621753414 0.8660254406092593 1.2735289883664143e-23
vn -0.5000003523801481 0.8660252003375697 -1.2735259879699206e-23
vn -0.4999995424065584 0.8660256679759741 0
vn -0.9999999999998959 4.5628704015138986e-7 0
vn -1 -1.671074123521521e-8 0
vn -1 -1.671074123521521e-8 0
vn -1 -1.671074123521521e-8 0
vn -0.9999999999998923 -4.642174928903342e-7 0
vn -0.9999999999998959 4.5628704015138986e-7 0
vn -0.4999999585692771 0.8660254277044763 0
vn -0.49999993621753414 0.8660254406092593 1.2735289883664143e-23
vn -0.49999993621753414 0.8660254406092593 0
vn -0.5000003523801481 0.8660252003375697 -1.2735259879699206e-23
vn -0.4999995424065584 0.8660256679759741 0
vn -0.49999993621753414 0.8660254406092593 1.2735289883664143e-23
vn -0.49999993621753414 0.8660254406092593 0
vn -0.0017692099718091044 0.005107269601332679 0.9999853927399616
vn -1 -1.671074123521521e-8 0
vn -1 -1.671074123521521e-8 0
vn -1 -1.671074123521521e-8 0
vn -0.9999999999998896 -4.6988216695348725e-7 0
vn -0.9999999999998959 4.5628704015138986e-7 0
vn -1 -1.671074123521521e-8 0
vn -1 -1.671074123521521e-8 0
vn -0.0034039509892452107 0.0006550906770560563 0.9999939919688857
vn 0.032550695476857634 -0.4974071558224414 -0.8669063234055928
vn 0.03255129206357183 -0.4974076111131593 -0.8669060397711462
vn 0.03255150919749626 -0.49740619690744187 -0.8669068430500709
vn 0.06501338439031851 -0.4942142519522031 -0.8669057232579799
vn 0.06501346085696397 -0.4942126277302445 -0.8669066434740057
vn 0.06501400532313381 -0.4942125426849866 -0.8669066511249545
vn 0.03255194411208067 -0.4974062122791042 -0.8669068178995241
vn 0.03255262569671997 -0.4974083558538782 -0.8669055623809269
vn 0.03255336319804503 -0.49740903968537364 -0.8669051423216789
vn 0.06501454141262723 -0.4942124804021975 -0.8669066464271763
vn 0.06501542833481233 -0.49421528412445787 -0.8669049815384741
vn 0.06501532981411284 -0.4942132449240964 -0.8669061514551372
vn 0.09719714656214289 -0.48890367823587744 -0.8669059395964517
vn 0.09719747282440568 -0.4889026868958961 -0.866906462095261
vn 0.09719800844686426 -0.48890259336766173 -0.8669064547875612
vn 0.12896464577421382 -0.4814995755229905 -0.8669061534627099
vn 0.12896534929343423 -0.48149988536163785 -0.8669058767123174
vn 0.1289653642961252 -0.4814984850315375 -0.8669066522551908
vn 0.09719851077451477 -0.4889025495507672 -0.8669064231772516
vn 0.09719880054312025 -0.48890335016920206 -0.8669059391688982
vn 0.09719930806099147 -0.4889032353780981 -0.8669059470030717
vn 0.12896582595165673 -0.4814983647751005 -0.8669066503698717
vn 0.12896649239634958 -0.48149909449748074 -0.8669061459218573
vn 0.12896698447838895 -0.4814996024202744 -0.866905790604532
vn 0.38985044709330857 -0.9044532995169192 0.173149813439419
vn 0.7096702976995438 -0.3548352680590602 0.6086542541578887
vn -0.8074857097775701 -0.46834186306679026 0.3586401090287333
vn -0.38878202759433017 -0.7775644128165319 0.4942085783765022
vn -0.8815963314563751 -0.4407983743444453 0.16877411394510633
vn 0 0 1
vn 0 0 1
vn -0.5176825329708947 0 0.8555727877023898
vn -0.2075187902315258 0 0.9782310318635594
vn -0.9847269085311904 0 0.17410604703629545
vn -0.9806688582712392 0 0.19567470561363867
vn -0.17044882586813062 0 0.985366529652888
vn -0.9795291655380423 0 0.2013022947220094
vn -0.9737683973664938 0 0.2275414430170697
vn -0.02582157020499716 0 0.999666567667514
vn -0.02556728508757545 0 0.9996731035359762
vn -1 0 0
vn -1 0 0
vn -0.9205149261520258 0.3866164024982529 0.05639173743235415
vn 0.45435123856485476 0.7633103597386888 0.45926272081476
vn -0.5734887581229665 0 0.8192134302528111
vn -0.6188855104146255 0 0.7854812060124853
vn -0.19446084977965197 0 0.9809102802514488
vn -0.13298171759903857 0 0.9911184907892747
vn -0.8355456875761255 0 0.5494209715445342
vn -0.8724525083984275 0 0.48869890586054293
vn -0.4097491491920698 0 0.9121982431118659
vn -0.357373499148286 0 0.933961552798888
vn -0.8355456875761255 0 0.5494209715445342
vn -0.8724524956917128 0 0.4886989285452772
vn -0.5446098527196763 0 0.8386895184277984
vn -0.22112496298309037 0.9552601023473886 0.1964227268138384
vn -0.25241511826527363 -0.9036465203566101 0.3459907142085154
vn 0.5923098918524715 0.6396949883764503 0.4898564216786042
vn -0.2565907566349732 0 0.9665201413366884
vn -0.9353611669203289 0 0.353694059064385
vn -0.9353611570607758 0 0.3536940851384523
vn -0.23278320438432948 0.9311331155605496 0.2807189000816795
vn 0.38985044709330857 -0.9044532995169192 0.173149813439419
vn 0.7096697642727795 -0.3548350013456786 0.6086550316041343
vn -0.82830692267342 -0.4448309590679906 0.34063625718050167
vn -0.9139133553499522 0 0.40590932351079606
vn -0.9720813790245776 0 0.23464396977905827
vn -0.4866763124587895 0 0.8735823755614089
vn -0.22169521425615651 0.9577237356665518 0.183347970037363
vn 0.25356618273548304 -0.9443132543342418 0.20970614836391624
vn 0.812273504334333 0.35011705841725144 0.4665080916357972
vn 0 0 1
vn 0.3740957421274534 0.7481917226734885 0.5479612411886332
vn 0.38985044709330857 -0.9044532995169192 0.173149813439419
vn -0.8074857097775701 -0.46834186306679026 0.3586401090287333
vn 0.9147023352518419 0 0.40412824435422373
vn 0.3998946948573718 0 0.9165610907216875
vn -0.37878218543221637 -0.7575646092830135 0.5316200887485998
vn 0.5987977929258583 0.2993990454745398 0.7428333694416638
vn -0.7775648424179483 -0.38878093109281875 0.4942087650519284
vn -0.4068397848295437 -0.8136765894268715 0.41522499599434637
vn 0 0 1
vn 1 0 0
vn -0.5870199763604609 -0.6339818200404327 0.5034626095471085
vn -0.23968539731280192 -0.9587419468790703 0.15285545331957975
vn -0.5258876689580693 -0.5258878477720039 0.6684939275741985
vn 0.4068382322618544 0.81367694136086 0.41522582755373577
vn 0.710328404183661 0.3551643809057659 0.6076938544577503
vn -0.7734746868765123 -0.3580904871296967 0.5229800300092707
vn 0 0 1
vn 0.340129525240102 0.6802594677127183 0.6492757215907214
vn 0.5073127283304782 0.2536563641652391 0.8235849953662088
vn -0.227456273574107 -0.9098255711335903 0.34710383709088705
vn 0 0 1
vn 0.3340954168643252 0.7954643330890306 0.5055855488574376
vn -0.5624381880167144 -0.5624385456445817 0.6060743906763284
vn -0.3740958023199805 -0.748191604639961 0.5479613612590309
vn -0.5073141355412834 -0.2536559948870569 0.8235842422836038
vn -0.34013101785446503 -0.680259115081308 0.6492753091270922
vn 0 0 1
vn 0.07970009608613367 -0.04622606854495594 0.9957464764038778
vn 0.4407980920772322 -0.8815964821776804 0.16877406386353014
vn -0.008832984731746669 -0.020492531655703944 0.9997509862596129
vn -0.8815963314563751 -0.4407983743444453 0.16877411394510633
vn -0.032653062739425545 -0.06530615528117276 0.997330879686439
vn -0.25400349042032755 0 0.9672033017180466
vn -0.27286287951679417 0 0.9620529346048498
vn -0.24700561183977773 0 0.9690140492890993
vn -0.2728632142278132 0 0.96205283967216
vn -0.24700541567709483 0 0.9690140992917419
vn -0.5047002994760548 0.847896808295551 0.16232254985367275
vn 0.8839385106901074 0.37125430323588066 0.2842937770120821
vn -0.25978889375404773 0 0.9656654341344357
vn -0.2470057660264128 0 0.9690140099862875
vn -0.060316591271043815 0 0.9981792969288843
vn -0.9752967169095477 0 0.22089887728428476
vn -0.9799044534114114 0 0.19946744642794031
vn -0.9752967169095477 0 0.22089887728428476
vn -0.5962418919953723 0.6439414627000951 0.47941109587225955
vn -0.06532122151421273 -0.9354003009713867 0.3475045538730829
vn 0.16323360659943073 0.7051694928378767 0.6899933159439402
vn -0.8940884877794719 0 0.44789036160674095
vn -0.6940862407124753 0.5983487852206367 0.40027868002007344
vn 0.7760000347390082 -0.45008016319977445 0.44187305052370257
vn 0.38763644779827017 -0.7752731936197603 0.49868773756024576
vn -0.19690871254060208 -0.39381647140688697 0.8978505141582485
vn -0.8207067782809676 0 0.5713496163328323
vn -0.9752967072785415 0 0.22089891980640172
vn -0.39338594745293476 0.3662563270908571 0.8432697072778507
vn 0.02316749977122555 -0.021569691131812067 0.9994988821298544
vn 0.450081140006567 0.7760000828439211 0.4418719710918726
vn 0.8212348934297462 0.41061759572648715 0.3961899038254666
vn 1 0 0
vn 0.5340489068105739 -0.30974846608593454 0.7866687059314371
vn -0.36722754932052537 -0.8519681576105662 0.3732213625151948
vn 0.9624724249362656 0 0.27137949671503236
vn 0.3586366527325041 0 0.9334772366355941
vn 0.3586366068089724 0 0.933477254279153
vn 0.3703392795884915 0 0.9288965593616315
vn -0.8212348934297462 -0.41061759572648715 0.3961899038254666
vn 0.41061738410871873 0.8212352450545989 0.3961893942899351
vn -0.41061881118395077 -0.8212344037170888 0.3961896591953361
vn -0.8212355878790156 -0.41061627402108314 0.3961898341831227
vn -0.009514162358226249 -0.04110119882189607 0.9991096897588495
vn -0.6825342266755846 -0.6825344650941668 0.26133069734530057
vn -0.00027661168278995626 -0.0011064470804057925 0.9999993496302061
vn 0.8212346513172627 0.4106175640772127 0.39619043848521857
vn 0.4106171823780727 0.8212347819886687 0.39619056322420915
vn -0.434249396243696 -0.7487068688715293 0.5008647385937405
vn 0.8595682265755766 0.4297843219040422 0.2764559648609534
vn 0.40287255966499186 0.8057451193299837 0.4341295928002233
vn -0.062376851150578796 -0.06237688467819245 0.9961015273045123
vn 0.7690279926193007 0.4577541855907417 0.4461581021813744
vn -0.03180265822974199 -0.12721070742477447 0.9913657381844556
vn -0.07224667139321167 -0.036123335696605835 0.9967324230157015
vn -0.036628290108546915 -0.07325626729271646 0.9966403000411241
vn -0.07224671619391737 -0.036123209085345165 0.9967324243569948
vn -0.7264269069457996 -0.33630892982200467 0.5993331732743786
vn -0.03754870930486915 -0.06473920432956001 0.9971955324069167
vn 0 0 1
vn -0.2970657000800142 0.14853289474348993 0.9432337721981178
vn -0.14158309719542334 0.07079127292623497 0.9873919294110289
vn -0.4407980920772322 0.8815964821776804 0.16877406386353014
vn -0.49014379986899387 0.8450764912431372 0.21355275553869965
vn -0.43864563131602746 0.8772878651673008 0.19482302676419808
vn 0.6510694128262522 0 0.7590181945659006
vn 0.6370741750528954 0 0.7708025009564206
vn 0.526595239571147 0 0.8501161412777704
vn 0.9229752331734958 0 0.38485934956595613
vn 0 0 1
vn 0 0 1
vn 0.4431117995698291 0 0.8964663591468381
vn 0.9854506166073059 0 0.16996200230722386
vn 0.3752873885029692 0 0.9269085046705642
vn 0 0 1
vn 0.39035112648919845 0 0.9206660621792321
vn 0.40967238141905854 0.20483538604682103 0.8889381331259714
vn 0.07732960581617945 0.15465989708577382 0.9849367737564336
vn 0.3597748642154426 0 0.9330391455232517
vn 0.4147067422823949 0.20735256647848235 0.8860153672935419
vn 0.08983562302311521 0.1796720507089493 0.979616003865846
vn -0.38192624659968966 0 0.9241928057273943
vn -0.8355456875761255 0 0.5494209715445342
vn -0.3340952994160566 -0.7954644564912224 0.5055854323130955
vn 0 0 1
vn 0.526595239571147 0 0.8501161412777704
vn -0.7264280082497007 -0.33630957103588643 0.5993314786159916
vn -0.3224517973003641 0 0.9465858853890464
vn 0.5372980921161054 0.23159419379922636 0.8109715713925362
vn 0 0 1
vn -0.8014393530003084 0 0.5980760515707402
vn -0.3230048087176619 -0.7690619748113678 0.5515537801923812
vn -0.6175478801675838 -0.28590190896043455 0.7327309971287573
vn -0.2648250502886755 0 0.964296475540381
vn -0.7338653168062851 0 0.6792949998261513
vn 0.3340942794920194 0.7954655731578057 0.5055843493735067
vn 0.5265951000528156 0 0.8501162277008746
vn 0.3750630969742857 0 0.9269992844053643
vn 0.5365004568733536 0 0.843900029490865
vn -0.32680254457816665 -0.6536075329467156 0.6826399415010401
vn 0.626335862904853 -0.26305994542898875 0.7338275355627715
vn 0 0 1
vn -0.8835523283994201 0.40335930103586953 0.23798436345234558
vn -0.1907600881808347 0 0.9816366887791227
vn -0.6150993093352402 0 0.7884496430687952
vn -0.27491217492209763 -0.5498270916578191 0.7887416974895559
vn 0 0 1
vn 0.2087510244049422 0.4174999626473014 0.8843736715887629
vn 0.41582033342156494 0 0.9094467825624424
vn 0.6937011985522261 -0.29135605311267887 0.6587034973657014
vn 0.8815956129908047 0.4407998628556504 0.16877397922016038
vn 0.14505292177771462 0.2901047706718453 0.9459380909537284
vn 0.877798162033299 0.43889747169120025 0.19193591658164044
vn 0 0 1
vn 0 0 1
vn 0.15785813435212506 0.3157177588203793 0.9356297912017889
vn 0.4800024934391989 0 0.8772671236813516
vn 0 0 1
vn 0.4438916489701477 0.4438897714238183 0.7784099657634614
vn 0.1272123053495254 0.5088470756308147 0.8514057099818084
vn 0.881596931206106 0.44079709469621026 0.168774323270326
vn 0.23746251417649406 0.4749275019456794 0.8473815092723084
vn 0.03255327064728753 -0.49740538288491304 -0.8669072439697788
vn 0.03255388505482719 -0.49740680934178205 -0.8669064024381556
vn 0.06501571099726157 -0.4942123302007779 -0.8669066443401146
vn 0.670277168364381 0.3351399550890001 0.6621251604284268
vn 0.30021014532981 0.6004177872645625 0.7411965659508825
vn 0.45809367536393003 0.7237852253262234 0.5160282280951636
vn 0.03255427232261779 -0.49740668765114077 -0.86690645771817
vn 0.03255478309787562 -0.4974068429346682 -0.8669063494399015
vn -0.4407980920772322 0.8815964821776804 0.16877406386353014
vn -0.44079952789624205 0.8815956583277814 0.16877461723865889
vn -0.30970561381385486 0.15485285161041082 0.9381380639971431
vn -0.49540517461271405 0.21353696600104624 0.8420069341270381
vn -0.30970612578883333 0.15485245194679964 0.9381379609497397
vn 0.26566731682746086 0 0.964064767932994
vn 0.24671684476923653 0 0.9690876113680913
vn 0.2725488303729622 0 0.9621419516174993
vn 0.24671673255937263 0 0.9690876399352264
vn 0.2725488303729622 0 0.9621419516174993
vn 0.24671712490876335 0 0.9690875400482423
vn 0.27254816090480266 0 0.962142141259497
vn 0.2537080299151373 0 0.9672808462678147
vn 0.06049857052048692 0.12099666420380492 0.9908076151385442
vn 0.881595663231412 0.44079976876664373 0.16877396252633411
vn 0.17619410044997733 0 0.9843554434078288
vn 0.09727505103891178 0.1945493421185828 0.9760574357724056
vn 0.1877193327877219 0.09386008362638015 0.9777278439317261
vn 1 0 0
vn 1 0 0
vn -0.8057864298450237 0 0.5922062389722103
vn -0.8478968617061398 -0.5047001765798306 0.16232265297600101
vn 0.8901148354608989 0 0.4557363049971078
vn -0.402476491337932 -0.6939234764512807 0.5970618751436708
vn 0.45083470049236024 0.7773018037919084 0.438805171635214
vn -0.8057870864294344 0 0.5922053455884734
vn -0.8478959163790435 -0.5047018504784542 0.16232238635310434
vn -0.4024766125309883 -0.6939233010576228 0.5970619972958187
vn -0.9606724799929872 0 0.2776839681798781
vn 0.7690266522757856 0.4577556938993332 0.4461588649710304
vn 0.8866043565539851 0 0.4625286098605081
vn 1 0 0
vn 0.35862670193792867 0 0.93348105961349
vn 0.9373634362718016 0 0.3483529651671131
vn 0.1733637463310525 0 0.984857863581371
vn 0.959706976162641 0 0.2810027044438539
vn -0.8530869028220552 -0.42654506073646303 0.300502990658663
vn 0.5047019633497815 -0.8478957269173791 0.1623230250646077
vn -0.504701501063784 0.8478959897818175 0.16232308934922174
vn -0.9230499329497621 0 0.384680154519881
vn -0.8853154335367943 -0.442659922140292 0.14236845322018596
vn 0.8530885695243217 0.426542168797242 0.3005023640251298
vn 0.9789722523230874 0 0.20399345377109884
vn 0.4895472228626342 -0.8224437236952667 0.2897064685880281
vn 0.09727470454354124 0.19455030315674285 0.9760572787483254
vn 0.032555185002825705 -0.49740683641968775 -0.866906338085257
vn 0.04934886777784181 -0.7534521718642125 -0.6556481632416477
vn 0.18771985568511787 0.09385958511584426 0.977727791393617
vn 0.09727501614136944 0.19454931702702033 0.9760574442516262
vn 0.18771936101475611 0.09386011264105502 0.9777278357269064
vn 0.20644923644563037 0 0.9784573126973993
vn 0.048811011665063776 0.19524322709637856 0.9795394670013174
vn 0.682535687272122 0.6825328262492595 0.26133116287991787
vn 0.0654350878226186 0.13086975841273238 0.9892377649557457
vn 0.18771945980936952 0.09386021419241197 0.9777278070100252
vn 0.06540326595332203 -0.9978589142772835 0
vn 0.07321776498486281 -0.9569622342003283 0.28082457371985353
vn 0.09727480445178083 0.19455039866511975 0.9760572497543938
vn 0.18771976019552997 0.09385948521699783 0.9777278193172846
vn 0.0688306699647493 0.4350081449815572 0.8977918760335875
vn -0.29950382497754624 0 0.9540950994653623
vn -0.7560701978639164 0 0.6544905315602497
vn -0.30792817519607507 -0.7331622253926584 0.6063442835367544
vn 0 0 1
vn -0.7264279155426242 -0.33630973231705347 0.5993315004813529
vn -0.2995037435906101 0 0.9540951250138584
vn -0.7560687592366159 0 0.6544921934648298
vn -0.7822418895620599 0 0.6229748198879135
vn -0.32292967029138275 0 0.9464229646651114
vn -0.21209262044939461 -0.5049843128643354 0.8366645469433039
vn -0.5660189264796268 -0.28300827114694427 0.7742925114769407
vn -0.782241941740835 0 0.6229747543693308
vn -0.3229295368192285 0 0.9464230102072321
vn -0.5317201504990282 0 0.8469201152135253
vn -0.75607008781005 0 0.6544906586949145
vn -0.3103501481413451 0 0.9506223148804392
vn -0.34289875813315174 0 0.9393723658223837
vn -0.4854448274466388 0 0.8742673043785311
vn -0.09394785230502728 0 0.9955771195880672
vn -0.3835344034495011 0 0.9235265894226518
vn -0.5244013736698688 0 0.851471196983876
vn -0.12722449361056692 0 0.9918739477501841
vn -0.44182028156766906 0 0.8971035830914208
vn -0.6188871407901573 0 0.7854799214267566
vn -0.1327191625870214 0 0.9911536832813567
vn -0.5933993013633784 0 0.8049082364726146
vn -0.7378891857458779 0 0.6749218840423574
vn -0.1935923640613881 0 0.9810820539471319
vn 0.06501620257216428 -0.4942122693539361 -0.8669066421611544
vn 0 0 1
vn 0.09719960196987476 -0.48890229081141245 -0.8669064467497349
vn -0.9863593490720045 0 0.1646063015144059
vn -0.9960079693319163 0 0.08926435474091915
vn -0.15278727209614387 0.9656118403176995 0.21035641973489735
vn 0.0650166626027919 -0.49421288071937386 -0.8669062591278556
vn 0.06501694832695602 -0.494212364056967 -0.866906532241783
vn 0.12896674888114912 -0.48149737777959367 -0.8669070612668938
vn 0.09719970914745597 -0.48890158998866556 -0.866906829969752
vn 0.09720056509540437 -0.4889028075138316 -0.8669060473605127
vn 0.0972004001336498 -0.48890095449365045 -0.8669071108885057
vn -0.0701085571060745 0 0.997539367754729
vn -0.06869290718745241 -0.04088862955399364 0.996799580896447
vn -0.03716290424297388 -0.06407386903841684 0.9972529558014231
vn -0.07131725500564597 0 0.9974536827033421
vn -0.0657688247223028 0 0.9978348869901508
vn -0.06937697565279773 -0.034688629387430926 0.9969872287248681
vn -0.03515403253735402 -0.07030777450207232 0.9969057181303197
vn -0.06721793960832911 0 0.9977383166917122
vn -0.0725681563718823 0 0.9973634556573576
vn -0.06525239447554104 0 0.9978687914827322
vn -0.0725681563718823 0 0.9973634556573576
vn -0.06525239447554104 0 0.9978687914827322
vn -0.010114841006091621 0 0.9999488436872267
vn 0.06501742655526417 -0.49421300048017086 -0.8669061335580209
vn 0.09852138099720932 -0.7486118627214615 -0.655647631337982
vn -0.18172180688812184 0 0.983349980882349
vn -0.20140783959140557 0 0.9795074691655611
vn -0.18172180688812184 0 0.983349980882349
vn -0.20140783959140557 0 0.9795074691655611
vn -0.18172180688812184 0 0.983349980882349
vn 0.13052627760322993 -0.991444850132898 0
vn 0.005963548969382828 -0.0417703871010485 0.9991094388729986
vn -0.1961444873803999 0 0.9805750048161946
vn -0.11819647658028373 0.18674970626723778 0.9752713161644336
vn 0.09720128960238474 -0.4889028463731203 -0.8669059442107285
vn 0.14727191406620355 -0.7405657061370954 -0.6556473276243425
vn 0.19509023190445116 -0.980785298327553 0
vn 0.19749985489809804 -0.9392186930141744 0.2808238843260599
vn 0.16018002995985992 -0.4720340899594042 -0.8669060940599365
vn 0.1601807937771524 -0.47203433974730435 -0.8669058169168365
vn 0.1601807753151352 -0.4720329583470587 -0.8669065725056916
vn 0.19071012436384402 -0.4605478274146239 -0.866905616044098
vn 0.1907100979556837 -0.46054691173922474 -0.8669061083100039
vn 0.19071034775942378 -0.4605462773996657 -0.8669063903506478
vn 0.19071010057390064 -0.460544980910986 -0.8669071334905443
vn 0.19071121600695226 -0.46054610819745284 -0.8669062892339228
vn 0.16018126795669596 -0.47203278219487627 -0.8669065773940983
vn 0.1601815558613088 -0.4720328558930391 -0.866906484068098
vn 0.16018214419774968 -0.4720332802075856 -0.8669061443182176
vn 0.1907125698087977 -0.4605474737823112 -0.8669052659372047
vn 0.22042268366008946 -0.44708797034167036 -0.8669061006267343
vn 0.220423160467007 -0.4470878510710505 -0.8669060409031686
vn 0.22042299449058547 -0.4470864461761843 -0.8669068076473694
vn 0.2491920784343139 -0.43171484056682374 -0.8669057644749794
vn 0.2491921372339725 -0.43171409411414663 -0.8669061193024115
vn 0.24919145924680144 -0.43171226329183326 -0.866907225925527
vn 0.22042324502977623 -0.44708611271084236 -0.8669069159209951
vn 0.2204250114145355 -0.44708818539436335 -0.8669053978512749
vn 0.2204252932450676 -0.4470878251468807 -0.8669055119811261
vn 0.2491929088120706 -0.43171355198593225 -0.866906167488425
vn 0.24919341310421175 -0.43171387574484116 -0.8669058612991619
vn 0.24919319664092812 -0.43171299389605866 -0.8669063626766027
vn 0.12896764253624762 -0.481498538522362 -0.8669062836197878
vn 0.16018280404311977 -0.4720329051373127 -0.8669062266222987
vn 0.16018327765890847 -0.4720327764351954 -0.8669062091883585
vn 0.1289680602316925 -0.48149842104141655 -0.8669062867315575
vn 0.12896820859931296 -0.4814973159511706 -0.8669068784491807
vn 0.19071245247254934 -0.4605460477939982 -0.8669060493117082
vn 0.19071218307524196 -0.46054482305791333 -0.8669067592199468
vn 0.1601832965978249 -0.47203207307802897 -0.8669065886684169
vn 0.1601835173267489 -0.4720315880236811 -0.866906811995772
vn 0.19071250032370282 -0.4605446546860349 -0.866906778875562
vn 0.12896914918483993 -0.4814990810545856 -0.8669057581433685
vn 0.19539209878641117 -0.7293481110665206 -0.6556472074336469
vn 0.2588191305443268 -0.9659258033950012 0
vn 0.08730650602530997 -0.31216659817833625 0.9460071823128076
vn 0.16018456094477276 -0.4720331989307772 -0.866905742017036
vn 0.24267551501436876 -0.7150074302038577 -0.6556469851724983
vn 0.32143968483706875 -0.9469300549733575 0
vn 0.31840306785648625 -0.9054044560500081 0.28082424636125464
vn 0.22042436340303176 -0.447085786479948 -0.8669067998037474
vn 0.22042506941431694 -0.44708585755807095 -0.8669065836324338
vn 0.22042593287824025 -0.4470863625679752 -0.8669061036355059
vn 0.2491939028520156 -0.4317128888197727 -0.8669062120023521
vn 0.24919428856325915 -0.43171243880699295 -0.8669063252317227
vn 0.24919393344089927 -0.4317115490779512 -0.86690687038976
vn 0.24919481624275214 -0.4317122110235608 -0.8669062869831374
vn 0.19071338635686547 -0.460545141918481 -0.8669063251122253
vn 0.22042575974424047 -0.4470854800188112 -0.8669066028111236
vn 0.24919574412617904 -0.4317127246125424 -0.8669057644963579
vn 0.19071419685892058 -0.4605459904846833 -0.8669056960044379
vn 0.2889195695345646 -0.6976048981940264 -0.6556469235462513
vn 0.3826833905500394 -0.9238795498316468 0
vn 0.0024816582536455116 -0.005811085945908509 0.9999800361269426
vn 0.22042672395216434 -0.4470864248344967 -0.8669058703783384
vn 0.3339255707782892 -0.6772136006204486 -0.6556488788330848
vn 0.4422884015980324 -0.8968728838647412 0
vn 0.4338577481033317 -0.8560990871372464 0.28082344527029673
vn 0.9263679017133243 -0.37266311966646887 -0.05444914981620737
vn 0.9000111585383169 -0.43245254827889607 -0.054449132165773455
vn 0.7983500860178573 -0.5997269676541037 -0.054449099383672935
vn 0.835865034820613 -0.5462279411700217 -0.054448873721084756
vn 0.8698004966843529 -0.4903900559398592 -0.054448957776569794
vn 0.44703952021206417 -0.22051875561209283 -0.8669066534476834
vn 0.4470404908755976 -0.22051852577414915 -0.8669062113678161
vn 0.4470410701419468 -0.22051818947110607 -0.8669059982020707
vn 0.3954292191214473 -0.30349504590432225 -0.8669062750819927
vn 0.41443208532368003 -0.27698287817198036 -0.8669062993506461
vn 0.4144321747032639 -0.27698237151418914 -0.8669064185026543
vn 0.4316598204470726 -0.24928450743308753 -0.866906588834947
vn 0.43166034483592397 -0.24928409814114427 -0.8669064454196241
vn 0.4316616086540496 -0.24928410514078458 -0.866905814110366
vn 0.4144329900224434 -0.2769822097066271 -0.8669060804303378
vn 0.4316608919602986 -0.24928307613020892 -0.8669064668735029
vn 0.43166115830675966 -0.24928262801288917 -0.8669064631090566
vn 0.4144330035743039 -0.2769813544965282 -0.8669063471965409
vn 0.41443302901384327 -0.2769807853365935 -0.8669065168844533
vn 0.4316619645012077 -0.24928246498469042 -0.8669061085573887
vn 0.4316620746127874 -0.2492819232890202 -0.8669062094957627
vn 0.4144341103542891 -0.27698079098860057 -0.8669059981325414
vn 0.4144340650119983 -0.27698021435858516 -0.8669062040448798
vn 0.4144340266634416 -0.2769795729136345 -0.8669064273219496
vn 0.4144341935140646 -0.2769790284763679 -0.8669065215065775
vn 0.41443493136049236 -0.2769789044473368 -0.8669062083982195
vn 0.41443484780209794 -0.2769784315189521 -0.8669063994460723
vn 0.9984643443821768 0.01020979879701842 -0.054449178193929436
vn 0.9969943362330883 -0.05511459444340068 -0.05444882917458588
vn 0.9912550196521203 -0.12020314923277561 -0.05444895709743017
vn 0.9812708753221528 -0.1847776073772383 -0.05444910519410816
vn 0.9670850571189277 -0.24855947331593609 -0.05444887989834827
vn 0.4973989864823262 -0.03265825750767754 -0.8669069652868855
vn 0.49419978434560985 -0.06511971377355137 -0.8669059903073709
vn 0.498471028269617 -0.00005666258296248276 -0.866906356399111
vn 0.4984710058884495 -0.00005609065714169591 -0.866906369305472
vn 0.4974004078455473 -0.03265760125592107 -0.8669061744821595
vn 0.4941984778817497 -0.065119200321022 -0.8669067736549948
vn 0.4984717461293482 -0.000055647117853254334 -0.866905943695253
vn 0.49740106245165944 -0.03265717277892335 -0.8669058150330103
vn 0.4942012949895352 -0.0651187812289096 -0.8669051991780463
vn 0.4888822038124976 -0.09730271050611325 -0.8669062079161731
vn 0.4888816808748586 -0.09730193833347359 -0.8669065894901952
vn 0.48147159554267227 -0.12906861235386238 -0.8669062209896995
vn 0.4814713921354453 -0.12906810711076963 -0.8669064091826747
vn 0.48147154086578314 -0.12906755569240141 -0.8669064086762294
vn 0.4888831836420968 -0.09730156239086496 -0.8669057842166383
vn 0.9487576567158603 -0.31127831610439954 -0.05444923090585432
vn 0.471999070184718 -0.16028192340373207 -0.8669063287199845
vn 0.4605048946297891 -0.19080879007232598 -0.8669067121975363
vn 0.4720000810165267 -0.16028155004371278 -0.8669058473882715
vn 0.4605061071382748 -0.19080865207251743 -0.8669060984804645
vn 0.47199930662863365 -0.1602809243553985 -0.8669063846978337
vn 0.4605064194390243 -0.19080804704072157 -0.8669060657533522
vn 0.4984705411772748 -0.000054949697695589425 -0.8669066365872196
vn 0.49739933365947914 -0.032656617693760624 -0.8669068278632426
vn 0.4984710059348356 -0.000054406323843342375 -0.8669063693861436
vn 0.49739982653306597 -0.032656076622883154 -0.8669065654524001
vn 0.49419888312763915 -0.06511799174753402 -0.8669066334191716
vn 0.49419935835759626 -0.06511759665499643 -0.8669063921813112
vn 0.49847167562330214 -0.00005399177080100527 -0.86690598434097
vn 0.4974012026737044 -0.032655443667157946 -0.866905799713933
vn 0.498471698034363 -0.00005347499512028061 -0.866905971486622
vn 0.4974012114474888 -0.032654904076078135 -0.8669058150055013
vn 0.4941993955069858 -0.06511714313765737 -0.8669064050692669
vn 0.49420017953408746 -0.06511653339786824 -0.8669060039166416
vn 0.4814719775496703 -0.12906685256307135 -0.8669062708297088
vn 0.4888821293583285 -0.09730072417714422 -0.8669064728496781
vn 0.488882063956304 -0.09730008227337913 -0.8669065817788084
vn 0.48147117255330735 -0.1290662564271873 -0.8669068066707142
vn 0.48888347458782344 -0.09729974152146599 -0.8669058245131318
vn 0.4888822209456637 -0.09729916743972858 -0.8669065959252881
vn 0.48147265825133 -0.12906597212079934 -0.8669060238554759
vn 0.48147275748975127 -0.12906548301795193 -0.8669060415573061
vn 0.49847105077205195 -0.00005280693942086455 -0.8669063437036515
vn 0.4973998986806002 -0.0326543973404363 -0.8669065873131093
vn 0.4941995716482314 -0.06511586873622026 -0.866906400380936
vn 0.49419919180179744 -0.06511540034887608 -0.8669066521026678
vn 0.48888365319308336 -0.09729884741024622 -0.866905824143097
vn 0.4888819848922704 -0.0972981918843805 -0.8669068385379274
vn 0.48147290158940553 -0.12906500486408345 -0.8669060327131844
vn 0.4814719490350466 -0.12906414089696172 -0.8669066903807598
vn 0.488882823324994 -0.09729763388047409 -0.8669064283410546
vn 0.48147213905467484 -0.12906369686593755 -0.8669066509523462
vn 0.48147308364354807 -0.1290634858142362 -0.8669061577565655
vn 0.49847054124798557 -0.00005230447603795279 -0.866906636710195
vn 0.4973994427532089 -0.032653841688390854 -0.866906869837693
vn 0.49847123669178034 -0.000051938594638961263 -0.8669062368522615
vn 0.49740088842445446 -0.03265327271418956 -0.8669060617942501
vn 0.49847144500171353 -0.000051329997124936624 -0.8669061171102297
vn 0.49740050045486467 -0.03265287779800163 -0.866906299272741
vn 0.4941992725593767 -0.06511498942730781 -0.8669066369302202
vn 0.4942009085444159 -0.06511454942898466 -0.8669057373478007
vn 0.48888373910852934 -0.09729740875328378 -0.8669059371610971
vn 0.4719985977300461 -0.16028004734564685 -0.8669069328155977
vn 0.4719998647770999 -0.1602797098312692 -0.8669063053564691
vn 0.46050519532069983 -0.19080695833481381 -0.8669069556380666
vn 0.44704003217578064 -0.22051720851766138 -0.866906782981801
vn 0.4470410633485014 -0.22051708343408294 -0.8669062830513844
vn 0.46050604810980406 -0.19080689397424552 -0.8669065167976255
vn 0.4720005284858613 -0.16027958323803063 -0.8669059673956058
vn 0.4605077709351043 -0.19080684690513522 -0.8669056119800481
vn 0.4605076332024812 -0.19080627043318416 -0.8669058120266743
vn 0.47200069912617976 -0.16027918825123622 -0.8669059475156011
vn 0.44704155091373876 -0.220516716197003 -0.8669061250414196
vn 0.4470424119047081 -0.22051640165643438 -0.8669057610599433
vn 0.4605067716491356 -0.19080534768570204 -0.8669064727869027
vn 0.4720003091673863 -0.16027842743335655 -0.8669063004992995
vn 0.4719994136402427 -0.16027753286875868 -0.8669069534735381
vn 0.4605064360394785 -0.19080459940239541 -0.8669068157611342
vn 0.4720002180625217 -0.16027710065343256 -0.8669065954040616
vn 0.4720011622762596 -0.16027699313277843 -0.8669061011909972
vn 0.4605065955763238 -0.19080439514712214 -0.8669067759703145
vn 0.4605075097316762 -0.19080416760375432 -0.8669063404461688
vn 0.43166224250222057 -0.24928129344088448 -0.8669063070126977
vn 0.44704115974944614 -0.2205151944365857 -0.8669067138466888
vn 0.44704132379716127 -0.22051474011792188 -0.8669067448165386
vn 0.4316618142252172 -0.24928066121401507 -0.8669067020645863
vn 0.44704255559422973 -0.22051474500226548 -0.8669061083672013
vn 0.44704238581692973 -0.22051431732612548 -0.8669063047050126
vn 0.4316626589560293 -0.24928057773542958 -0.8669063054488073
vn 0.4316634298200029 -0.24928030720663485 -0.8669059993995871
vn 0.6660091963170455 -0.7439536548566832 -0.05444914918073849
vn 0.7574170440840917 -0.6506571353227509 -0.0544491835063518
vn 0.7132404308436975 -0.6988013847404984 -0.054449173498397375
vn 0.32862177009671084 -0.37480759071475217 -0.8669065706067218
vn 0.32862336033442147 -0.37480819898167855 -0.866905704802214
vn 0.3286227272330513 -0.37480673039600176 -0.8669065797395763
vn 0.37473329224301455 -0.32870759965841134 -0.8669061504058655
vn 0.37473338910449117 -0.3287071293601798 -0.8669062868603803
vn 0.35243255067398654 -0.35251268911926775 -0.8669060509855323
vn 0.3524331089249605 -0.35251247250805595 -0.866905912114887
vn 0.37473383944190297 -0.3287065958153073 -0.8669062945005316
vn 0.3524326021920687 -0.35251122071709695 -0.866906627140818
vn 0.3034057042724115 -0.3954981295586387 -0.8669061126388371
vn 0.3034063253205494 -0.3954979444869498 -0.8669059797129551
vn 0.3954296380419237 -0.30349465976966145 -0.8669062191779054
vn 0.39542985440762995 -0.3034941590779226 -0.8669062957717779
vn 0.35243345338139814 -0.35251114803813616 -0.8669063106509822
vn 0.3524342749500993 -0.3525112841505844 -0.8669059213010969
vn 0.35243392002951246 -0.35251030338181877 -0.8669064644021807
vn 0.3524341627606856 -0.352509741451212 -0.8669065942194547
vn 0.30340556048703166 -0.39549637803412485 -0.8669069620365492
vn 0.30340691822515775 -0.395496986717198 -0.8669062091545595
vn 0.32862297201664165 -0.37480620121372404 -0.8669067157397543
vn 0.3286244581804763 -0.3748068523570917 -0.8669058708485932
vn 0.30340760686485624 -0.39549696106826787 -0.8669059798399743
vn 0.3034077346420682 -0.39549628678326865 -0.8669062427390952
vn 0.3286245810213348 -0.3748061710455873 -0.8669061188471898
vn 0.32862453698163624 -0.3748054693540376 -0.8669064389170869
vn 0.352435266461891 -0.35250995108294964 -0.8669060602749484
vn 0.35243546828217925 -0.35250949725070774 -0.8669061627677902
vn 0.30340805815287525 -0.3954958043217817 -0.86690634962017
vn 0.3034082072092027 -0.3954952977405843 -0.8669065285618652
vn 0.3034086452770811 -0.39549501783119445 -0.866906502941251
vn 0.3034095395482401 -0.39549537572172194 -0.866906026679858
vn 0.3286248358569219 -0.3748052021049525 -0.8669064411648335
vn 0.32862562432514564 -0.37480497920645517 -0.8669062386434632
vn 0.3286256275203462 -0.3748042675948989 -0.8669065450955542
vn 0.32862613268483215 -0.37480438512191755 -0.8669063027859427
vn 0.3747338427508135 -0.3287059430666907 -0.8669065405739227
vn 0.3747346359130753 -0.3287060521881233 -0.8669061563410387
vn 0.3954299195301259 -0.3034933586501711 -0.8669065462872206
vn 0.3954305722733768 -0.30349320740677194 -0.8669063014937082
vn 0.3954311291570696 -0.30349305121102516 -0.8669061021588134
vn 0.39543146652396194 -0.3034925518945049 -0.8669061230763514
vn 0.3747350982712897 -0.3287055887921502 -0.866906132185263
vn 0.3747350895587353 -0.3287048658940356 -0.8669064100530061
vn 0.3747357708928907 -0.32870474307147507 -0.8669061621050034
vn 0.3747357449131336 -0.32870412057571835 -0.8669064093666295
vn 0.37473550354835683 -0.3287033133287213 -0.8669068197834643
vn 0.3747369591229124 -0.3287037264041705 -0.8669060339594624
vn 0.3954315137630293 -0.3034918867528746 -0.8669063343858201
vn 0.3954311968639964 -0.3034912096855022 -0.8669067159679512
vn 0.3954320496116663 -0.3034910220302905 -0.8669063926900795
vn 0.3954329433303813 -0.303491051563266 -0.8669059746881979
vn 0.35243490194214 -0.35250830506188074 -0.8669068777875938
vn 0.35243587562500156 -0.352508563486988 -0.8669063768601419
vn 0.4974004834054392 -0.03265234396225404 -0.8669063291623876
vn 0.49847144501461443 -0.00005082329215582461 -0.8669061171326659
vn 0.4941995783577233 -0.065114074030325 -0.8669065313597664
vn 0.49847121433141195 -0.00005049459791216862 -0.8669062497947877
vn 0.4974010250735271 -0.03265176316005681 -0.866906040247929
vn 0.498470563706422 -0.000049902634417766636 -0.8669066239382007
vn 0.4973996183490549 -0.032651315730353854 -0.8669068642289618
vn 0.49420010007244897 -0.06511363250569031 -0.8669062671075203
vn 0.4941994928005847 -0.0651130463574262 -0.8669066573222867
vn 0.48888382805628683 -0.0972969690776323 -0.8669059363468087
vn 0.4814745427420871 -0.12906326197106419 -0.8669053807081177
vn 0.48888301529532935 -0.0972964012218067 -0.8669064584284928
vn 0.48888310176212196 -0.0972960132064738 -0.8669064532148624
vn 0.4814724732958 -0.1290623723823231 -0.8669066625037968
vn 0.48147393054296683 -0.12906217784518445 -0.8669058821217932
vn 0.49847056371766874 -0.000049448436412737604 -0.8669066239577602
vn 0.49739964852222923 -0.032650838917548955 -0.8669068648753124
vn 0.4941995498353155 -0.06511267348979406 -0.8669066528142364
vn 0.49420185146002016 -0.06511250302839924 -0.8669053535207085
vn 0.4984720923363631 -0.00004914122088083915 -0.8669057450190009
vn 0.49740266342967526 -0.03265057846710338 -0.8669051448335214
vn 0.49847211474491404 -0.00004867590448156796 -0.8669057321603022
vn 0.49740134975542755 -0.032650127551275075 -0.8669059155596784
vn 0.49420124165544627 -0.0651118977186999 -0.8669057466193685
vn 0.48888257244306416 -0.09729537387408826 -0.8669068234730614
vn 0.4888848290442884 -0.09729532005321889 -0.8669055569242123
vn 0.4814713905195797 -0.1290613266492472 -0.8669074195522143
vn 0.4814743783359028 -0.12906129887986983 -0.8669057642774655
vn 0.48888427740070917 -0.09729467475842393 -0.8669059404422368
vn 0.4814744489908189 -0.12906086171963613 -0.8669057901186105
vn 0.4720026233294475 -0.16027687417456593 -0.8669053276886411
vn 0.4605088256452706 -0.19080393109583757 -0.8669056934760486
vn 0.47200065456020657 -0.1602759198836093 -0.8669065760508451
vn 0.47200145559977175 -0.1602755312231298 -0.8669062117685166
vn 0.46050907395891655 -0.1908035179631617 -0.8669056524988071
vn 0.4605068057215781 -0.1908022500133857 -0.8669071364765308
vn 0.43166371239757406 -0.2492799257579429 -0.8669059683802269
vn 0.4316634451654998 -0.24927934518369893 -0.8669062683892866
vn 0.431662789652609 -0.24927840649036395 -0.8669068647132471
vn 0.4470426059671647 -0.22051401029161288 -0.8669062692789784
vn 0.44704344311093697 -0.22051369868858942 -0.8669059168457649
vn 0.44704209925392596 -0.22051246053449006 -0.8669069247870084
vn 0.46050823019458365 -0.19080211340100547 -0.8669064098533141
vn 0.4605084588684053 -0.1908019156483745 -0.8669063319041781
vn 0.43166339432005435 -0.24927812834678997 -0.866906643608186
vn 0.4470430038486775 -0.22051242102271035 -0.8669064683601422
vn 0.4470441010014973 -0.22051258220617578 -0.8669058615839023
vn 0.43166509170830086 -0.24927851500077083 -0.8669056872344735
vn 0.44704452071101336 -0.22051218109665105 -0.8669057471780067
vn 0.431664618139722 -0.24927786123721973 -0.8669061110312266
vn 0.47200098938770707 -0.1602748642787907 -0.866906588911078
vn 0.4720006663494299 -0.16027447847418255 -0.8669068361222693
vn 0.4720032488142038 -0.16027471338259805 -0.8669053866247244
vn 0.4605098091932867 -0.19080209828257338 -0.8669055744011165
vn 0.4984705413523765 -0.000048134326454924274 -0.8669066368917447
vn 0.498470541362475 -0.000047711586045485806 -0.8669066369093072
vn 0.4974005018091749 -0.032649629433706584 -0.8669064208424245
vn 0.4941997312481188 -0.06511123587012536 -0.8669066573730715
vn 0.4973991393368039 -0.03264921824918376 -0.8669072180658803
vn 0.49847123680373495 -0.00004741756918841602 -0.866906237046965
vn 0.4984700542386476 -0.00004702118765179964 -0.8669069170426129
vn 0.4974019049135914 -0.03264871689478608 -0.8669056501566103
vn 0.49740007889657534 -0.03264842206679728 -0.8669067089659814
vn 0.48147242070082313 -0.12906004169148913 -0.8669070386973916
vn 0.48888279914068217 -0.0972938888759262 -0.8669068622936205
vn 0.49419980960739085 -0.06511089913845723 -0.8669066379936193
vn 0.4888842513325276 -0.09729368457432772 -0.8669060662730335
vn 0.4941998429194074 -0.06511056432473261 -0.8669066441501921
vn 0.49420081147997996 -0.06511000749242252 -0.8669061338212262
vn 0.48888299414517894 -0.09729318429288884 -0.8669068313987353
vn 0.4888832905985174 -0.09729278164910819 -0.8669067094056571
vn 0.4984714451200939 -0.000046473597321151864 -0.8669061173161083
vn 0.755066941845288 -0.000034959288804648316 -0.6556477042667446
vn 0.49740075363110337 -0.032648134515881055 -0.8669063326564429
vn 0.7534476965635756 -0.04941878742570527 -0.6556480397228494
vn 1 -1.221014123142794e-10 -4.0165866028478564e-27
vn 0.3241262801246118 0.003536918506832661 0.9460072117801521
vn 0.9978589142772835 -0.06540326595332203 -8.099224362841315e-20
vn 0.9583321128552601 -0.05231751827593214 0.28082456935214994
vn 0.4942008197351564 -0.06510965447634365 -0.86690615562878
vn 0.7486025154460605 -0.09859073240406788 -0.6556478790874414
vn 0.4888846955578926 -0.09729255897751983 -0.8669059420818802
vn 0.7405518618630261 -0.1473405158286053 -0.6556475518802508
vn 0.991444850132898 -0.13052627760322993 0
vn 0.005452673405358381 -0.0006574140266018526 0.9999849179660323
vn 0.980785298327553 -0.19509023190445116 0
vn 0.9433048856698627 -0.17695726253818508 0.2808238236089651
vn 0.44704405385716667 -0.22051141116069323 -0.8669061837701185
vn 0.44704325907884995 -0.22051059667316886 -0.8669068007963734
vn 0.4316645895098801 -0.2492772807690132 -0.8669062921998394
vn 0.4316644367682721 -0.24927674217321572 -0.8669065231275161
vn 0.4470444244894482 -0.2205105535086937 -0.8669062108003308
vn 0.4316641468896877 -0.24927615083011087 -0.8669068375075384
vn 0.431665746161905 -0.24927635364088352 -0.8669059828528068
vn 0.43166616058095225 -0.24927627751037365 -0.8669057983886546
vn 0.4720013705402468 -0.16027380416468542 -0.8669065773811552
vn 0.4814737845214529 -0.12905988386782496 -0.8669063047380685
vn 0.47200148799125385 -0.16027347574209683 -0.8669065741517882
vn 0.46050923944442296 -0.19080133687124268 -0.8669060446406323
vn 0.4605082053453275 -0.1908005061277706 -0.8669067768053333
vn 0.46050894433682515 -0.19080039930610654 -0.8669064077571541
vn 0.47200226248548366 -0.16027313289106507 -0.8669062158514422
vn 0.4720013501472006 -0.16027248115635606 -0.86690683308139
vn 0.48147399280397785 -0.12905951124932843 -0.8669062445325213
vn 0.48147293279924125 -0.12905886596305605 -0.8669069293171137
vn 0.44704451953136265 -0.2205103178696279 -0.866906221727592
vn 0.46050847691259295 -0.19079982206082188 -0.8669067831048519
vn 0.48147500169746094 -0.1290590034343069 -0.8669057597991685
vn 0.7293300565174373 -0.19545966216648603 -0.6556471529153732
vn 0.472003345156114 -0.1602727487841499 -0.8669056973850217
vn 0.7149847216975346 -0.24274176587074972 -0.6556472243829367
vn 0.9659258033950012 -0.2588191305443268 0
vn 0.31399736420109736 -0.08047367789169829 0.9460072105651979
vn 0.9469300549733575 -0.32143968483706875 0
vn 0.9121370385066097 -0.29856953252405266 0.2808242461625425
vn 0.4605106186580953 -0.19080010351658347 -0.8669055834410109
vn 0.6975783030661707 -0.2889842060262392 -0.6556467339647972
vn 0.4470442074220249 -0.22050989348816202 -0.8669064906229811
vn 0.67718367434259 -0.333988838766898 -0.6556475629353076
vn 0.9238795498316468 -0.3826833905500394 0
vn 0.03915606765870423 -0.01572064291935329 0.9991094353231328
vn 0.8968728838647412 -0.4422884015980324 0
vn 0.8653628451522347 -0.4150726901404562 0.28082344654532315
vn 0.30340975124733754 -0.39549493270538905 -0.86690615469749
vn 0.30340984701616885 -0.3954941661376966 -0.8669064708979123
vn 0.3034103598281167 -0.3954939953695381 -0.8669063693246306
vn 0.32862705729372016 -0.3748045349739509 -0.8669058874972705
vn 0.3286272296308024 -0.37480387193590026 -0.8669061088301553
vn 0.32862690551804785 -0.3748028926937429 -0.866906655066181
vn 0.3034104106570085 -0.3954933580816153 -0.8669066422737068
vn 0.30341154834708567 -0.39549402051323884 -0.8669059418806044
vn 0.3286271113315521 -0.37480259147394357 -0.8669067072772569
vn 0.3286283664699894 -0.3748034000610164 -0.8669058818891288
vn 0.37473765247780677 -0.32870367373037196 -0.8669057542152893
vn 0.3954328422654543 -0.3034905588493993 -0.8669061932799553
vn 0.39543283921948663 -0.30348990086054306 -0.8669064250208747
vn 0.3954329812903619 -0.30348941869645013 -0.8669065290140033
vn 0.3747369933734388 -0.32870271702699266 -0.8669064018776814
vn 0.3747369370964992 -0.32870197488784475 -0.8669067075991309
vn 0.3524371274355349 -0.3525090702395085 -0.8669056618824598
vn 0.3524368131235843 -0.3525081300815421 -0.8669061719596338
vn 0.3524362430807023 -0.352506963991446 -0.8669068778713741
vn 0.37473731784307096 -0.32870158159509955 -0.8669066921374302
vn 0.37473904572384176 -0.3287024452888637 -0.866905617741116
vn 0.395433478185852 -0.3034891727995029 -0.8669063884430157
vn 0.3954341144619441 -0.3034893000116004 -0.8669060536748874
vn 0.3524365933123815 -0.35250665857056485 -0.8669068596785805
vn 0.3524383865693394 -0.35250776637513237 -0.8669056801738099
vn 0.35243859579411696 -0.3525072603442987 -0.866905800879904
vn 0.3286287125438474 -0.37480302925571674 -0.8669059110148642
vn 0.37473847549247646 -0.3287015477217933 -0.8669062045636033
vn 0.27689382823640013 -0.4144924639393779 -0.8669058802557832
vn 0.27689346720032304 -0.41449135615157706 -0.8669065252363776
vn 0.27689374034226066 -0.4144907674715781 -0.8669067194572292
vn 0.27689436517607857 -0.4144908553592186 -0.8669064778609743
vn 0.2768946540313688 -0.41449072242620466 -0.8669064491578383
vn 0.2768962325448452 -0.4144917937985262 -0.8669054327180971
vn 0.30341235291590624 -0.3954943184140739 -0.8669055243798027
vn 0.35243752090939384 -0.35250570862203434 -0.8669068688412371
vn 0.35243871681634237 -0.35250624887863063 -0.8669061629671154
vn 0.32862811796166713 -0.37480174942586886 -0.8669066897378752
vn 0.32862877669620505 -0.37480184234952196 -0.8669063998486571
vn 0.3286293075193469 -0.37480168692983173 -0.8669062658176528
vn 0.328629880533878 -0.3748016946514799 -0.8669060452590396
vn 0.3747382231937745 -0.3287006378159311 -0.8669066586299663
vn 0.3747392097933721 -0.3287009087761119 -0.8669061294126356
vn 0.37473907658493216 -0.32870036005501824 -0.8669063950507999
vn 0.3747394191266347 -0.3287001941492678 -0.866906309885253
vn 0.3524390111440803 -0.3525059769615431 -0.8669061538772065
vn 0.35243907165498495 -0.35250547122850107 -0.8669063349202984
vn 0.32862964443826714 -0.3748009224404356 -0.8669064686194102
vn 0.3747401516937828 -0.32870006398366186 -0.8669060425707374
vn 0.3524393398821349 -0.35250520301385535 -0.8669063349356755
vn 0.5338868019966582 -0.5339363930622 -0.6556499148307036
vn 0.7071067811865476 -0.7071067811865476 0
vn 0.23169452570056157 -0.22669242927176733 0.946006442510439
vn 0.2768961174683663 -0.41449084631070554 -0.8669059224942345
vn 0.27689541003831314 -0.41448939771130916 -0.8669068410646155
vn 0.276895964277581 -0.414489230729445 -0.8669067438750846
vn 0.2768967469296455 -0.41448977883471605 -0.8669062318274843
vn 0.3034113082487362 -0.39549264741683304 -0.8669066523369255
vn 0.3034119036097101 -0.3954925869186749 -0.8669064715644393
vn 0.30341201350499536 -0.3954920383362309 -0.8669066833711098
vn 0.3034131818297401 -0.39549267205043587 -0.8669059853561742
vn 0.37750274428641545 -0.6539236987324284 -0.6556488955930037
vn 0.27689788218965167 -0.4144904982395077 -0.8669055252494648
vn 0.41946341936219245 -0.627834191111423 -0.6556482809315088
vn 0.5000002818671057 -0.866025241048328 0
vn 0.165127276753391 -0.27893459692026445 0.946006592531436
vn 0.5555700015194128 -0.8314697669859799 0
vn 0.5418906258718412 -0.7921477028691046 0.2808141136613771
vn 0.30341338417268304 -0.39549242545473645 -0.8669060270368465
vn 0.45962565801477234 -0.5990539149382058 -0.6556513261572009
vn 0.6087612032766206 -0.7933535135015166 0
vn 0.02604980369188501 -0.03319246662519832 0.999109437392596
vn 0.49782297021376654 -0.5677112341632629 -0.6556494832853667
vn 0.6593458684883615 -0.751839760658698 0
vn 0.6406503348474125 -0.7146387132272012 0.28081783778255304
vn 0.41443575531623134 -0.27697829149263115 -0.8669060103363502
vn 0.4144356597175525 -0.27697754229648003 -0.8669062954079171
vn 0.4144354763839733 -0.27697691342711966 -0.8669065839770598
vn 0.4144350954296 -0.27697632170860675 -0.866906955150914
vn 0.41443679029032293 -0.27697679595824715 -0.86690599337792
vn 0.4144377727428678 -0.27697682507614324 -0.8669055143985823
vn 0.39543447236666607 -0.30348900220085206 -0.866905994677178
vn 0.4144369733562375 -0.2769759345325684 -0.8669061810860109
vn 0.4144365419939897 -0.27697518003135235 -0.866906628367014
vn 0.3954347293122559 -0.3034883975008169 -0.8669060891677536
vn 0.3954343140035762 -0.3034875645123025 -0.866906570222485
vn 0.41443665947627734 -0.27697464243537673 -0.8669067439638126
vn 0.3954342909145753 -0.30348721203676704 -0.8669067041493205
vn 0.3954354784431372 -0.3034875661616144 -0.8669060384919157
vn 0.41443747330207487 -0.2769748571754746 -0.8669062862937478
vn 0.3954353425324739 -0.3034869801698298 -0.8669063056314806
vn 0.5990117683757885 -0.4596820393433897 -0.6556503062246011
vn 0.7933535135015166 -0.6087612032766206 0
vn 0.0007207176613631826 -0.0005406339248661016 0.9999995941404235
vn 0.41443857248212757 -0.2769749144370944 -0.8669057425184934
vn 0.6277960611474804 -0.41952157505786003 -0.6556475834384516
vn 0.653888039345121 -0.37756329347781037 -0.6556495949968872
vn 0.8314697669859799 -0.5555700015194128 0
vn 0.8037837562876171 -0.5244760991324345 0.280813985704048
vn 0.866025241048328 -0.5000002818671057 0
vn 0.2824715438584264 -0.1590009665010728 0.9460066170814884
vn 0.5676647986523786 -0.49787506161009465 -0.6556501349025247
vn 0.751839760658698 -0.6593458684883615 0
vn 0.7284484428706407 -0.6249033742698819 0.28081780375441795
f 1//1 16//16 12//12
f 1//1 12//12 2//2
f 1//1 3//3 16//16
f 3//3 461//461 16//16
f 2//2 12//12 55//55
f 1//1 2//2 54//54
f 1//1 56//56 3//3
f 4//4 14//14 5//5
f 5//5 14//14 7//7
f 5//5 7//7 6//6
f 7//7 9//9 8//8
f 5//5 6//6 115//115
f 4//4 5//5 108//108
f 6//6 7//7 116//116
f 7//7 8//8 117//117
f 8//8 9//9 118//118
f 10//10 12//12 14//14
f 10//10 11//11 12//12
f 10//10 14//14 13//13
f 7//7 14//14 12//12
f 7//7 12//12 25//25
f 7//7 25//25 9//9
f 10//10 13//13 203//203
f 11//11 205//205 12//12
f 10//10 204//204 11//11
f 13//13 14//14 206//206
f 4//4 207//207 14//14
f 12//12 205//205 55//55
f 2//2 55//55 54//54
f 1//1 54//54 56//56
f 3//3 56//56 461//461
f 4//4 108//108 207//207
f 5//5 115//115 108//108
f 6//6 116//116 115//115
f 7//7 117//117 116//116
f 8//8 118//118 117//117
f 9//9 119//119 118//118
f 10//10 203//203 204//204
f 11//11 204//204 205//205
f 14//14 207//207 206//206
f 13//13 206//206 203//203
f 15//15 21//21 20//20
f 16//16 17//17 18//18
f 16//16 18//18 20//20
f 12//12 16//16 20//20
f 18//18 19//19 20//20
f 12//12 20//20 1512//1512
f 15//15 20//20 454//454
f 16//16 462//462 17//17
f 17//17 463//463 18//18
f 18//18 471//471 19//19
f 19//19 472//472 20//20
f 20//20 21//21 23//23
f 21//21 22//22 23//23
f 20//20 23//23 1512//1512
f 23//23 24//24 1510//1510
f 15//15 516//516 21//21
f 21//21 517//517 22//22
f 22//22 524//524 23//23
f 23//23 525//525 24//24
f 24//24 1561//1561 1510//1510
f 9//9 25//25 39//39
f 12//12 1521//1521 25//25
f 25//25 1080//1080 39//39
f 25//25 1521//1521 565//565
f 16//16 461//461 462//462
f 18//18 463//463 471//471
f 17//17 462//462 463//463
f 19//19 471//471 472//472
f 20//20 472//472 454//454
f 15//15 454//454 516//516
f 21//21 516//516 517//517
f 22//22 517//517 524//524
f 23//23 524//524 525//525
f 24//24 525//525 1561//1561
f 25//25 564//564 1081//1081
f 25//25 1081//1081 1080//1080
f 25//25 565//565 564//564
f 565//565 1521//1521 566//566
f 9//9 27//27 26//26
f 27//27 29//29 28//28
f 27//27 31//31 29//29
f 29//29 31//31 30//30
f 9//9 26//26 119//119
f 26//26 27//27 704//704
f 27//27 28//28 705//705
f 28//28 29//29 706//706
f 29//29 30//30 707//707
f 30//30 31//31 720//720
f 9//9 40//40 27//27
f 27//27 40//40 31//31
f 31//31 33//33 32//32
f 31//31 35//35 33//33
f 33//33 35//35 34//34
f 31//31 41//41 35//35
f 31//31 32//32 787//787
f 32//32 33//33 788//788
f 33//33 34//34 789//789
f 34//34 35//35 790//790
f 35//35 37//37 36//36
f 35//35 41//41 37//37
f 37//37 41//41 38//38
f 35//35 36//36 791//791
f 36//36 37//37 816//816
f 37//37 38//38 817//817
f 38//38 41//41 818//818
f 26//26 704//704 119//119
f 27//27 705//705 704//704
f 28//28 706//706 705//705
f 29//29 707//707 706//706
f 30//30 720//720 707//707
f 31//31 787//787 720//720
f 32//32 788//788 787//787
f 33//33 789//789 788//788
f 34//34 790//790 789//789
f 35//35 791//791 790//790
f 36//36 816//816 791//791
f 37//37 817//817 816//816
f 38//38 818//818 817//817
f 41//41 1105//1105 818//818
f 9//9 39//39 40//40
f 31//31 40//40 1535//1535
f 31//31 1535//1535 49//49
f 39//39 1085//1085 40//40
f 31//31 49//49 41//41
f 41//41 43//43 42//42
f 41//41 45//45 43//43
f 43//43 45//45 44//44
f 41//41 49//49 45//45
f 45//45 47//47 46//46
f 41//41 42//42 1105//1105
f 42//42 43//43 1106//1106
f 43//43 44//44 1107//1107
f 44//44 45//45 1115//1115
f 45//45 46//46 1116//1116
f 45//45 49//49 47//47
f 47//47 49//49 48//48
f 49//49 51//51 50//50
f 46//46 47//47 1120//1120
f 47//47 48//48 1167//1167
f 48//48 49//49 1168//1168
f 49//49 50//50 1175//1175
f 50//50 51//51 1176//1176
f 39//39 1080//1080 1085//1085
f 40//40 1085//1085 2214//2214
f 42//42 1106//1106 1105//1105
f 43//43 1107//1107 1106//1106
f 44//44 1115//1115 1107//1107
f 45//45 1116//1116 1115//1115
f 46//46 1120//1120 1116//1116
f 47//47 1167//1167 1120//1120
f 48//48 1168//1168 1167//1167
f 49//49 1175//1175 1168//1168
f 50//50 1176//1176 1175//1175
f 51//51 1177//1177 1176//1176
f 23//23 1510//1510 1512//1512
f 1510//1510 1511//1511 1512//1512
f 1512//1512 1513//1513 1514//1514
f 1512//1512 1514//1514 1516//1516
f 12//12 1512//1512 1529//1529
f 1510//1510 1562//1562 1511//1511
f 1511//1511 1563//1563 1512//1512
f 1512//1512 1573//1573 1513//1513
f 1513//1513 1574//1574 1514//1514
f 1514//1514 1621//1621 1515//1515
f 1514//1514 1515//1515 1516//1516
f 1512//1512 1516//1516 1520//1520
f 1516//1516 1517//1517 1518//1518
f 1516//1516 1518//1518 1520//1520
f 1518//1518 1519//1519 1520//1520
f 1512//1512 1520//1520 1529//1529
f 1515//1515 1628//1628 1516//1516
f 1516//1516 1629//1629 1517//1517
f 1517//1517 1633//1633 1518//1518
f 1518//1518 1634//1634 1519//1519
f 1519//1519 1635//1635 1520//1520
f 12//12 1529//1529 1521//1521
f 1521//1521 1536//1536 1684//1684
f 1521//1521 1529//1529 1536//1536
f 1510//1510 1561//1561 1562//1562
f 1511//1511 1562//1562 1563//1563
f 1512//1512 1563//1563 1573//1573
f 1513//1513 1573//1573 1574//1574
f 1514//1514 1574//1574 1621//1621
f 1515//1515 1621//1621 1628//1628
f 1516//1516 1628//1628 1629//1629
f 1517//1517 1629//1629 1633//1633
f 1518//1518 1633//1633 1634//1634
f 1519//1519 1634//1634 1635//1635
f 566//566 1521//1521 1683//1683
f 1521//1521 1684//1684 1683//1683
f 1536//1536 2218//2218 1684//1684
f 1520//1520 1522//1522 1523//1523
f 1520//1520 1523//1523 1525//1525
f 1523//1523 1524//1524 1525//1525
f 1520//1520 1834//1834 1522//1522
f 1522//1522 1835//1835 1523//1523
f 1523//1523 1836//1836 1524//1524
f 1524//1524 1890//1890 1525//1525
f 1520//1520 1525//1525 1529//1529
f 1525//1525 1526//1526 1527//1527
f 1525//1525 1527//1527 1529//1529
f 1527//1527 1528//1528 1529//1529
f 1525//1525 1891//1891 1526//1526
f 1526//1526 1892//1892 1527//1527
f 1527//1527 1893//1893 1528//1528
f 1528//1528 1894//1894 1529//1529
f 1529//1529 1530//1530 1531//1531
f 1529//1529 1531//1531 1533//1533
f 1531//1531 1532//1532 1533//1533
f 1529//1529 1533//1533 1554//1554
f 1533//1533 1534//1534 1552//1552
f 1529//1529 1917//1917 1530//1530
f 1530//1530 1924//1924 1531//1531
f 1531//1531 1925//1925 1532//1532
f 1532//1532 1926//1926 1533//1533
f 1533//1533 1927//1927 1534//1534
f 1534//1534 2821//2821 1552//1552
f 1520//1520 1635//1635 1834//1834
f 1522//1522 1834//1834 1835//1835
f 1523//1523 1835//1835 1836//1836
f 1524//1524 1836//1836 1890//1890
f 1525//1525 1890//1890 1891//1891
f 1526//1526 1891//1891 1892//1892
f 1527//1527 1892//1892 1893//1893
f 1528//1528 1893//1893 1894//1894
f 1529//1529 1894//1894 1917//1917
f 1530//1530 1917//1917 1924//1924
f 1531//1531 1924//1924 1925//1925
f 1532//1532 1925//1925 1926//1926
f 1533//1533 1926//1926 1927//1927
f 1534//1534 1927//1927 2821//2821
f 49//49 1535//1535 1536//1536
f 40//40 2213//2213 1535//1535
f 1535//1535 2218//2218 1536//1536
f 49//49 1536//1536 1529//1529
f 49//49 1529//1529 1549//1549
f 49//49 1538//1538 51//51
f 51//51 1538//1538 1537//1537
f 49//49 1541//1541 1538//1538
f 1538//1538 1540//1540 1539//1539
f 1538//1538 1541//1541 1540//1540
f 51//51 1537//1537 1177//1177
f 1537//1537 1538//1538 2238//2238
f 1538//1538 1539//1539 2239//2239
f 1539//1539 1540//1540 2246//2246
f 1540//1540 1546//1546 2247//2247
f 49//49 1549//1549 1541//1541
f 1541//1541 1543//1543 1542//1542
f 1541//1541 1549//1549 1545//1545
f 1541//1541 1545//1545 1543//1543
f 1543//1543 1545//1545 1544//1544
f 1540//1540 1541//1541 1546//1546
f 1541//1541 1542//1542 2286//2286
f 1542//1542 1543//1543 2287//2287
f 1543//1543 1544//1544 2291//2291
f 1544//1544 1545//1545 2292//2292
f 1541//1541 2301//2301 1546//1546
f 40//40 2214//2214 2213//2213
f 1535//1535 2213//2213 2218//2218
f 1177//1177 1537//1537 2238//2238
f 1538//1538 2239//2239 2238//2238
f 1539//1539 2246//2246 2239//2239
f 1540//1540 2247//2247 2246//2246
f 1546//1546 2301//2301 2247//2247
f 1541//1541 2286//2286 2301//2301
f 1542//1542 2287//2287 2286//2286
f 1544//1544 2292//2292 2291//2291
f 1543//1543 2291//2291 2287//2287
f 1545//1545 2293//2293 2292//2292
f 1529//1529 1554//1554 1549//1549
f 1547//1547 1549//1549 1554//1554
f 1547//1547 1548//1548 1551//1551
f 1549//1549 1551//1551 1550//1550
f 1547//1547 1551//1551 1549//1549
f 1547//1547 1557//1557 2794//2794
f 1547//1547 2795//2795 1548//1548
f 1550//1550 1551//1551 2797//2797
f 1549//1549 1550//1550 2796//2796
f 1548//1548 2798//2798 1551//1551
f 1533//1533 1552//1552 1554//1554
f 1552//1552 1553//1553 1554//1554
f 1554//1554 1555//1555 1556//1556
f 1547//1547 1554//1554 1556//1556
f 1547//1547 1556//1556 1557//1557
f 1552//1552 2822//2822 1553//1553
f 1553//1553 2823//2823 1554//1554
f 1554//1554 2824//2824 1555//1555
f 1556//1556 2841//2841 1557//1557
f 1555//1555 2825//2825 1556//1556
f 1545//1545 1560//1560 1558//1558
f 1549//1549 1559//1559 1560//1560
f 1545//1545 1549//1549 1560//1560
f 1558//1558 1560//1560 2916//2916
f 1559//1559 2918//2918 1560//1560
f 1549//1549 2917//2917 1559//1559
f 1545//1545 1558//1558 2293//2293
f 1548//1548 2795//2795 2798//2798
f 1547//1547 2794//2794 2795//2795
f 1550//1550 2797//2797 2796//2796
f 1551//1551 2798//2798 2797//2797
f 1552//1552 2821//2821 2822//2822
f 1553//1553 2822//2822 2823//2823
f 1554//1554 2823//2823 2824//2824
f 1555//1555 2824//2824 2825//2825
f 1556//1556 2825//2825 2841//2841
f 1557//1557 2841//2841 2794//2794
f 1558//1558 2916//2916 2293//2293
f 1560//1560 2918//2918 2916//2916
f 1559//1559 2917//2917 2918//2918
f 1549//1549 2796//2796 2917//2917
f 1684//1684 2219//2219 1685//1685
f 1684//1684 2218//2218 2219//2219
f 61//61 205//205 214//214
f 52//52 62//62 214//214
f 52//52 53//53 64//64
f 52//52 64//64 62//62
f 53//53 70//70 64//64
f 53//53 68//68 70//70
f 56//56 464//464 461//461
f 55//55 205//205 61//61
f 54//54 55//55 59//59
f 54//54 65//65 56//56
f 57//57 464//464 65//65
f 57//57 65//65 66//66
f 58//58 66//66 67//67
f 67//67 88//88 90//90
f 57//57 66//66 58//58
f 58//58 67//67 90//90
f 59//59 61//61 60//60
f 59//59 60//60 66//66
f 55//55 61//61 59//59
f 61//61 214//214 62//62
f 60//60 61//61 62//62
f 60//60 62//62 63//63
f 64//64 70//70 95//95
f 63//63 64//64 95//95
f 60//60 63//63 67//67
f 63//63 88//88 67//67
f 63//63 95//95 88//88
f 62//62 64//64 63//63
f 59//59 66//66 65//65
f 54//54 59//59 65//65
f 56//56 65//65 464//464
f 60//60 67//67 66//66
f 74//74 222//222 75//75
f 75//75 223//223 78//78
f 71//71 72//72 96//96
f 68//68 69//69 71//71
f 69//69 74//74 72//72
f 69//69 219//219 74//74
f 68//68 71//71 70//70
f 69//69 72//72 71//71
f 73//73 106//106 97//97
f 72//72 73//73 97//97
f 72//72 74//74 73//73
f 73//73 74//74 75//75
f 73//73 75//75 83//83
f 79//79 226//226 227//227
f 78//78 226//226 79//79
f 80//80 227//227 228//228
f 80//80 228//228 81//81
f 81//81 228//228 229//229
f 79//79 80//80 84//84
f 79//79 227//227 80//80
f 80//80 81//81 85//85
f 78//78 82//82 83//83
f 83//83 107//107 106//106
f 73//73 83//83 106//106
f 82//82 107//107 83//83
f 75//75 78//78 83//83
f 78//78 79//79 82//82
f 79//79 84//84 82//82
f 77//77 84//84 85//85
f 80//80 85//85 84//84
f 76//76 82//82 84//84
f 76//76 107//107 82//82
f 76//76 84//84 77//77
f 86//86 89//89 94//94
f 86//86 96//96 87//87
f 87//87 97//97 98//98
f 91//91 92//92 506//506
f 88//88 89//89 91//91
f 89//89 92//92 91//91
f 86//86 92//92 89//89
f 88//88 91//91 90//90
f 92//92 93//93 507//507
f 86//86 93//93 92//92
f 86//86 87//87 93//93
f 87//87 102//102 93//93
f 70//70 71//71 94//94
f 70//70 94//94 95//95
f 71//71 96//96 94//94
f 89//89 95//95 94//94
f 88//88 95//95 89//89
f 86//86 94//94 96//96
f 72//72 97//97 96//96
f 87//87 96//96 97//97
f 97//97 106//106 98//98
f 99//99 106//106 107//107
f 98//98 106//106 99//99
f 98//98 99//99 103//103
f 76//76 100//100 107//107
f 99//99 107//107 100//100
f 76//76 101//101 100//100
f 76//76 77//77 101//101
f 99//99 100//100 104//104
f 100//100 101//101 105//105
f 93//93 102//102 512//512
f 102//102 513//513 512//512
f 102//102 103//103 513//513
f 87//87 98//98 102//102
f 98//98 103//103 102//102
f 99//99 104//104 103//103
f 100//100 105//105 104//104
f 103//103 514//514 513//513
f 103//103 104//104 514//514
f 104//104 105//105 515//515
f 104//104 515//515 514//514
f 108//108 110//110 207//207
f 109//109 110//110 111//111
f 108//108 111//111 110//110
f 109//109 111//111 112//112
f 109//109 113//113 217//217
f 113//113 139//139 217//217
f 113//113 140//140 139//139
f 114//114 142//142 140//140
f 114//114 125//125 142//142
f 109//109 112//112 113//113
f 112//112 114//114 113//113
f 113//113 114//114 140//140
f 115//115 116//116 121//121
f 108//108 115//115 111//111
f 116//116 117//117 123//123
f 117//117 118//118 133//133
f 118//118 119//119 134//134
f 120//120 126//126 130//130
f 120//120 173//173 179//179
f 120//120 130//130 173//173
f 130//130 180//180 173//173
f 121//121 123//123 122//122
f 112//112 121//121 122//122
f 111//111 115//115 121//121
f 111//111 121//121 112//112
f 116//116 123//123 121//121
f 123//123 133//133 124//124
f 122//122 123//123 124//124
f 112//112 122//122 114//114
f 114//114 122//122 125//125
f 122//122 124//124 125//125
f 125//125 179//179 142//142
f 120//120 179//179 125//125
f 120//120 125//125 124//124
f 120//120 124//124 126//126
f 126//126 134//134 128//128
f 127//127 128//128 134//134
f 127//127 129//129 128//128
f 126//126 128//128 130//130
f 128//128 131//131 130//130
f 131//131 184//184 180//180
f 130//130 131//131 180//180
f 128//128 129//129 131//131
f 129//129 132//132 131//131
f 131//131 132//132 184//184
f 132//132 185//185 184//184
f 117//117 133//133 123//123
f 118//118 134//134 133//133
f 126//126 133//133 134//134
f 124//124 133//133 126//126
f 119//119 127//127 134//134
f 135//135 224//224 141//141
f 135//135 225//225 224//224
f 136//136 150//150 225//225
f 135//135 136//136 225//225
f 137//137 146//146 175//175
f 137//137 176//176 156//156
f 139//139 140//140 141//141
f 138//138 141//141 140//140
f 135//135 141//141 138//138
f 135//135 138//138 144//144
f 138//138 140//140 142//142
f 138//138 142//142 143//143
f 142//142 179//179 143//143
f 143//143 146//146 144//144
f 138//138 143//143 144//144
f 143//143 172//172 146//146
f 136//136 144//144 145//145
f 136//136 145//145 148//148
f 137//137 162//162 145//145
f 135//135 144//144 136//136
f 144//144 146//146 145//145
f 137//137 145//145 146//146
f 147//147 227//227 150//150
f 147//147 150//150 148//148
f 136//136 148//148 150//150
f 147//147 148//148 149//149
f 147//147 151//151 228//228
f 151//151 229//229 228//228
f 151//151 152//152 229//229
f 149//149 153//153 151//151
f 151//151 153//153 152//152
f 152//152 153//153 154//154
f 153//153 158//158 154//154
f 147//147 149//149 151//151
f 155//155 162//162 156//156
f 137//137 156//156 162//162
f 156//156 193//193 157//157
f 155//155 156//156 157//157
f 155//155 157//157 158//158
f 154//154 158//158 159//159
f 158//158 161//161 159//159
f 160//160 161//161 196//196
f 160//160 196//196 197//197
f 157//157 161//161 158//158
f 157//157 192//192 161//161
f 159//159 161//161 160//160
f 145//145 162//162 148//148
f 148//148 162//162 149//149
f 149//149 162//162 155//155
f 149//149 155//155 153//153
f 153//153 155//155 158//158
f 166//166 198//198 200//200
f 163//163 198//198 166//166
f 163//163 166//166 167//167
f 164//164 202//202 165//165
f 164//164 166//166 200//200
f 164//164 168//168 166//166
f 166//166 168//168 167//167
f 167//167 168//168 170//170
f 164//164 165//165 168//168
f 165//165 169//169 168//168
f 168//168 169//169 170//170
f 169//169 171//171 170//170
f 172//172 179//179 173//173
f 146//146 172//172 175//175
f 172//172 174//174 175//175
f 172//172 173//173 174//174
f 173//173 180//180 174//174
f 174//174 180//180 181//181
f 174//174 178//178 175//175
f 174//174 181//181 178//178
f 178//178 181//181 186//186
f 175//175 178//178 176//176
f 137//137 175//175 176//176
f 176//176 177//177 193//193
f 177//177 178//178 186//186
f 177//177 186//186 187//187
f 177//177 187//187 194//194
f 176//176 178//178 177//177
f 143//143 179//179 172//172
f 181//181 182//182 186//186
f 182//182 188//188 186//186
f 180//180 184//184 181//181
f 181//181 184//184 182//182
f 182//182 185//185 183//183
f 182//182 183//183 188//188
f 183//183 189//189 188//188
f 182//182 184//184 185//185
f 186//186 188//188 187//187
f 187//187 190//190 199//199
f 187//187 188//188 190//190
f 188//188 189//189 190//190
f 190//190 191//191 201//201
f 189//189 191//191 190//190
f 177//177 194//194 193//193
f 192//192 193//193 194//194
f 192//192 194//194 195//195
f 156//156 176//176 193//193
f 157//157 193//193 192//192
f 187//187 199//199 194//194
f 194//194 199//199 195//195
f 195//195 199//199 200//200
f 161//161 192//192 196//196
f 195//195 198//198 196//196
f 192//192 195//195 196//196
f 196//196 198//198 197//197
f 163//163 197//197 198//198
f 195//195 200//200 198//198
f 199//199 201//201 200//200
f 190//190 201//201 199//199
f 164//164 200//200 201//201
f 164//164 201//201 202//202
f 191//191 202//202 201//201
f 203//203 206//206 208//208
f 204//204 214//214 205//205
f 203//203 212//212 204//204
f 206//206 207//207 215//215
f 208//208 213//213 212//212
f 209//209 215//215 216//216
f 203//203 208//208 212//212
f 208//208 215//215 209//209
f 208//208 209//209 213//213
f 209//209 210//210 213//213
f 210//210 211//211 218//218
f 209//209 216//216 211//211
f 211//211 216//216 217//217
f 139//139 220//220 217//217
f 211//211 217//217 220//220
f 209//209 211//211 210//210
f 211//211 220//220 218//218
f 52//52 214//214 212//212
f 204//204 212//212 214//214
f 52//52 212//212 213//213
f 53//53 213//213 210//210
f 52//52 213//213 53//53
f 68//68 210//210 218//218
f 53//53 210//210 68//68
f 110//110 216//216 215//215
f 110//110 215//215 207//207
f 109//109 216//216 110//110
f 206//206 215//215 208//208
f 109//109 217//217 216//216
f 219//219 220//220 221//221
f 221//221 224//224 222//222
f 69//69 218//218 219//219
f 218//218 220//220 219//219
f 74//74 219//219 222//222
f 219//219 221//221 222//222
f 139//139 221//221 220//220
f 139//139 141//141 221//221
f 141//141 224//224 221//221
f 222//222 224//224 223//223
f 223//223 224//224 225//225
f 223//223 225//225 226//226
f 75//75 222//222 223//223
f 68//68 218//218 69//69
f 150//150 227//227 226//226
f 150//150 226//226 225//225
f 78//78 223//223 226//226
f 147//147 228//228 227//227
f 231//231 232//232 270//270
f 233//233 234//234 349//349
f 232//232 234//234 277//277
f 234//234 278//278 277//277
f 233//233 278//278 234//234
f 235//235 236//236 238//238
f 233//233 344//344 236//236
f 236//236 240//240 238//238
f 236//236 347//347 240//240
f 233//233 236//236 235//235
f 233//233 235//235 278//278
f 243//243 324//324 315//315
f 244//244 411//411 414//414
f 241//241 411//411 244//244
f 237//237 244//244 414//414
f 237//237 414//414 415//415
f 237//237 415//415 248//248
f 238//238 239//239 311//311
f 238//238 240//240 239//239
f 239//239 242//242 314//314
f 239//239 241//241 242//242
f 239//239 240//240 241//241
f 240//240 410//410 241//241
f 241//241 244//244 242//242
f 242//242 244//244 243//243
f 237//237 252//252 243//243
f 242//242 243//243 315//315
f 237//237 243//243 244//244
f 245//245 324//324 252//252
f 245//245 253//253 246//246
f 246//246 253//253 254//254
f 247//247 255//255 326//326
f 246//246 254//254 247//247
f 247//247 254//254 255//255
f 248//248 249//249 253//253
f 248//248 415//415 417//417
f 249//249 417//417 418//418
f 248//248 417//417 249//249
f 249//249 250//250 254//254
f 250//250 251//251 255//255
f 250//250 418//418 419//419
f 251//251 419//419 420//420
f 249//249 418//418 250//250
f 250//250 419//419 251//251
f 251//251 420//420 255//255
f 237//237 248//248 252//252
f 248//248 253//253 252//252
f 243//243 252//252 324//324
f 245//245 252//252 253//253
f 249//249 254//254 253//253
f 250//250 255//255 254//254
f 257//257 285//285 258//258
f 258//258 286//286 260//260
f 259//259 294//294 298//298
f 260//260 289//289 261//261
f 261//261 289//289 290//290
f 260//260 261//261 584//584
f 259//259 262//262 290//290
f 261//261 290//290 262//262
f 259//259 298//298 262//262
f 261//261 262//262 586//586
f 262//262 298//298 604//604
f 263//263 271//271 264//264
f 263//263 264//264 282//282
f 264//264 267//267 265//265
f 265//265 268//268 273//273
f 264//264 265//265 283//283
f 265//265 287//287 283//283
f 81//81 266//266 271//271
f 81//81 271//271 85//85
f 266//266 269//269 267//267
f 266//266 267//267 271//271
f 81//81 229//229 266//266
f 229//229 230//230 266//266
f 230//230 269//269 266//266
f 230//230 231//231 269//269
f 267//267 269//269 268//268
f 268//268 270//270 279//279
f 268//268 269//269 270//270
f 231//231 270//270 269//269
f 232//232 277//277 270//270
f 85//85 271//271 263//263
f 264//264 271//271 267//267
f 77//77 85//85 263//263
f 265//265 267//267 268//268
f 274//274 279//279 280//280
f 272//272 276//276 280//280
f 272//272 310//310 318//318
f 273//273 288//288 287//287
f 268//268 279//279 273//273
f 273//273 279//279 274//274
f 265//265 273//273 287//287
f 273//273 274//274 288//288
f 276//276 318//318 316//316
f 274//274 275//275 288//288
f 275//275 276//276 316//316
f 274//274 280//280 276//276
f 272//272 318//318 276//276
f 274//274 276//276 275//275
f 270//270 277//277 279//279
f 277//277 278//278 280//280
f 277//277 280//280 279//279
f 272//272 280//280 278//278
f 235//235 272//272 278//278
f 235//235 238//238 310//310
f 235//235 310//310 272//272
f 101//101 281//281 284//284
f 101//101 284//284 105//105
f 281//281 282//282 285//285
f 281//281 285//285 284//284
f 77//77 281//281 101//101
f 77//77 263//263 281//281
f 263//263 282//282 281//281
f 282//282 286//286 285//285
f 283//283 289//289 286//286
f 282//282 283//283 286//286
f 264//264 283//283 282//282
f 105//105 284//284 256//256
f 257//257 284//284 285//285
f 105//105 256//256 515//515
f 256//256 284//284 257//257
f 258//258 285//285 286//286
f 283//283 287//287 289//289
f 287//287 288//288 290//290
f 287//287 290//290 289//289
f 259//259 288//288 275//275
f 275//275 316//316 294//294
f 259//259 275//275 294//294
f 259//259 290//290 288//288
f 260//260 286//286 289//289
f 296//296 320//320 321//321
f 302//302 321//321 327//327
f 291//291 303//303 327//327
f 293//293 326//326 305//305
f 291//291 292//292 304//304
f 291//291 304//304 303//303
f 292//292 293//293 305//305
f 292//292 305//305 304//304
f 295//295 317//317 297//297
f 294//294 295//295 299//299
f 295//295 297//297 301//301
f 296//296 297//297 320//320
f 296//296 321//321 302//302
f 296//296 300//300 297//297
f 296//296 306//306 300//300
f 299//299 301//301 606//606
f 299//299 606//606 605//605
f 294//294 299//299 298//298
f 295//295 301//301 299//299
f 298//298 299//299 605//605
f 301//301 607//607 606//606
f 300//300 607//607 301//301
f 300//300 619//619 607//607
f 297//297 300//300 301//301
f 302//302 307//307 306//306
f 302//302 327//327 303//303
f 296//296 302//302 306//306
f 302//302 303//303 307//307
f 303//303 308//308 307//307
f 304//304 309//309 308//308
f 255//255 618//618 305//305
f 303//303 304//304 308//308
f 304//304 305//305 309//309
f 306//306 307//307 620//620
f 306//306 620//620 619//619
f 300//300 306//306 619//619
f 307//307 308//308 621//621
f 305//305 622//622 309//309
f 308//308 309//309 622//622
f 307//307 621//621 620//620
f 308//308 622//622 621//621
f 310//310 319//319 318//318
f 310//310 311//311 319//319
f 311//311 312//312 319//319
f 311//311 314//314 312//312
f 242//242 315//315 314//314
f 313//313 314//314 315//315
f 312//312 314//314 313//313
f 313//313 315//315 322//322
f 317//317 318//318 319//319
f 312//312 320//320 319//319
f 316//316 318//318 317//317
f 317//317 319//319 320//320
f 312//312 321//321 320//320
f 313//313 327//327 321//321
f 312//312 313//313 321//321
f 238//238 311//311 310//310
f 239//239 314//314 311//311
f 291//291 322//322 323//323
f 315//315 324//324 322//322
f 245//245 323//323 324//324
f 322//322 324//324 323//323
f 245//245 325//325 323//323
f 246//246 326//326 325//325
f 292//292 323//323 325//325
f 293//293 325//325 326//326
f 255//255 305//305 326//326
f 245//245 246//246 325//325
f 246//246 247//247 326//326
f 291//291 327//327 322//322
f 313//313 322//322 327//327
f 291//291 323//323 292//292
f 292//292 325//325 293//293
f 295//295 316//316 317//317
f 294//294 316//316 295//295
f 297//297 317//317 320//320
f 342//342 352//352 354//354
f 342//342 354//354 343//343
f 343//343 354//354 355//355
f 328//328 343//343 355//355
f 328//328 329//329 351//351
f 328//328 355//355 368//368
f 328//328 368//368 329//329
f 329//329 368//368 367//367
f 329//329 330//330 351//351
f 329//329 331//331 330//330
f 330//330 331//331 386//386
f 331//331 388//388 386//386
f 331//331 367//367 371//371
f 331//331 371//371 388//388
f 371//371 428//428 388//388
f 329//329 367//367 331//331
f 154//154 159//159 332//332
f 332//332 338//338 333//333
f 333//333 340//340 334//334
f 333//333 334//334 337//337
f 334//334 341//341 345//345
f 152//152 230//230 229//229
f 152//152 335//335 230//230
f 230//230 335//335 231//231
f 231//231 335//335 336//336
f 154//154 332//332 335//335
f 152//152 154//154 335//335
f 332//332 336//336 335//335
f 332//332 333//333 336//336
f 333//333 337//337 336//336
f 232//232 336//336 337//337
f 334//334 349//349 337//337
f 231//231 336//336 232//232
f 232//232 337//337 234//234
f 338//338 339//339 340//340
f 159//159 338//338 332//332
f 159//159 160//160 338//338
f 333//333 338//338 340//340
f 160//160 339//339 338//338
f 197//197 352//352 339//339
f 160//160 197//197 339//339
f 339//339 342//342 340//340
f 339//339 352//352 342//342
f 340//340 342//342 341//341
f 341//341 342//342 343//343
f 341//341 343//343 350//350
f 334//334 340//340 341//341
f 344//344 349//349 345//345
f 345//345 350//350 346//346
f 346//346 350//350 351//351
f 334//334 345//345 349//349
f 344//344 345//345 346//346
f 348//348 412//412 410//410
f 344//344 346//346 347//347
f 240//240 347//347 410//410
f 347//347 348//348 410//410
f 330//330 348//348 351//351
f 346//346 351//351 348//348
f 330//330 412//412 348//348
f 330//330 386//386 412//412
f 346//346 348//348 347//347
f 234//234 337//337 349//349
f 233//233 349//349 344//344
f 236//236 344//344 347//347
f 341//341 350//350 345//345
f 328//328 350//350 343//343
f 328//328 351//351 350//350
f 163//163 353//353 352//352
f 352//352 353//353 354//354
f 353//353 356//356 354//354
f 163//163 167//167 353//353
f 167//167 358//358 353//353
f 353//353 358//358 356//356
f 356//356 358//358 361//361
f 354//354 356//356 355//355
f 355//355 357//357 368//368
f 355//355 356//356 357//357
f 357//357 362//362 369//369
f 357//357 361//361 362//362
f 356//356 361//361 357//357
f 360//360 363//363 361//361
f 167//167 170//170 358//358
f 170//170 360//360 358//358
f 358//358 360//360 361//361
f 359//359 363//363 360//360
f 359//359 364//364 363//363
f 170//170 171//171 360//360
f 171//171 359//359 360//360
f 361//361 363//363 362//362
f 362//362 365//365 378//378
f 362//362 363//363 365//365
f 363//363 364//364 365//365
f 365//365 366//366 380//380
f 364//364 366//366 365//365
f 375//375 429//429 422//422
f 367//367 368//368 369//369
f 357//357 369//369 368//368
f 367//367 369//369 370//370
f 369//369 378//378 370//370
f 362//362 378//378 369//369
f 370//370 378//378 379//379
f 367//367 370//370 371//371
f 370//370 372//372 371//371
f 371//371 372//372 428//428
f 372//372 422//422 428//428
f 370//370 379//379 372//372
f 372//372 379//379 375//375
f 372//372 375//375 422//422
f 373//373 376//376 375//375
f 375//375 376//376 429//429
f 376//376 430//430 429//429
f 373//373 374//374 376//376
f 374//374 377//377 376//376
f 376//376 377//377 430//430
f 377//377 432//432 430//430
f 378//378 380//380 379//379
f 365//365 380//380 378//378
f 373//373 379//379 380//380
f 373//373 380//380 381//381
f 366//366 381//381 380//380
f 373//373 381//381 374//374
f 373//373 375//375 379//379
f 163//163 352//352 197//197
f 386//386 387//387 413//413
f 387//387 416//416 413//413
f 387//387 393//393 416//416
f 383//383 416//416 393//393
f 382//382 394//394 383//383
f 382//382 383//383 393//393
f 385//385 402//402 392//392
f 384//384 385//385 392//392
f 389//389 391//391 393//393
f 386//386 388//388 387//387
f 387//387 388//388 389//389
f 387//387 389//389 393//393
f 388//388 428//428 389//389
f 389//389 428//428 390//390
f 389//389 390//390 391//391
f 384//384 391//391 390//390
f 382//382 393//393 391//391
f 382//382 392//392 396//396
f 382//382 391//391 392//392
f 384//384 392//392 391//391
f 383//383 394//394 417//417
f 394//394 395//395 418//418
f 395//395 396//396 397//397
f 394//394 396//396 395//395
f 382//382 396//396 394//394
f 395//395 419//419 418//418
f 395//395 398//398 419//419
f 398//398 420//420 419//419
f 399//399 401//401 420//420
f 398//398 399//399 420//420
f 397//397 400//400 398//398
f 399//399 400//400 401//401
f 395//395 397//397 398//398
f 398//398 400//400 399//399
f 402//402 404//404 403//403
f 385//385 404//404 402//402
f 403//403 404//404 405//405
f 400//400 403//403 406//406
f 401//401 406//406 407//407
f 401//401 407//407 409//409
f 403//403 405//405 406//406
f 405//405 408//408 406//406
f 406//406 408//408 407//407
f 407//407 408//408 409//409
f 401//401 409//409 445//445
f 396//396 402//402 397//397
f 392//392 402//402 396//396
f 397//397 402//402 403//403
f 397//397 403//403 400//400
f 400//400 406//406 401//401
f 255//255 401//401 445//445
f 411//411 412//412 413//413
f 413//413 416//416 414//414
f 411//411 413//413 414//414
f 241//241 410//410 411//411
f 410//410 412//412 411//411
f 386//386 413//413 412//412
f 414//414 416//416 415//415
f 383//383 417//417 415//415
f 383//383 415//415 416//416
f 394//394 418//418 417//417
f 255//255 420//420 401//401
f 390//390 422//422 421//421
f 384//384 390//390 421//421
f 384//384 421//421 424//424
f 421//421 422//422 429//429
f 421//421 429//429 423//423
f 421//421 423//423 424//424
f 423//423 427//427 424//424
f 384//384 424//424 385//385
f 385//385 425//425 404//404
f 385//385 424//424 425//425
f 425//425 426//426 438//438
f 424//424 427//427 425//425
f 425//425 427//427 426//426
f 390//390 428//428 422//422
f 423//423 429//429 430//430
f 423//423 430//430 431//431
f 423//423 431//431 427//427
f 427//427 431//431 434//434
f 433//433 436//436 434//434
f 430//430 432//432 431//431
f 431//431 432//432 433//433
f 431//431 433//433 434//434
f 426//426 427//427 434//434
f 426//426 435//435 440//440
f 426//426 434//434 435//435
f 434//434 436//436 435//435
f 435//435 437//437 446//446
f 435//435 436//436 437//437
f 405//405 438//438 439//439
f 404//404 438//438 405//405
f 404//404 425//425 438//438
f 438//438 440//440 439//439
f 426//426 440//440 438//438
f 439//439 440//440 441//441
f 405//405 439//439 408//408
f 408//408 439//439 442//442
f 408//408 442//442 409//409
f 409//409 442//442 443//443
f 409//409 443//443 445//445
f 439//439 441//441 442//442
f 441//441 444//444 442//442
f 442//442 444//444 443//443
f 443//443 444//444 445//445
f 440//440 446//446 441//441
f 435//435 446//446 440//440
f 441//441 446//446 447//447
f 446//446 448//448 447//447
f 437//437 448//448 446//446
f 447//447 448//448 449//449
f 441//441 447//447 444//444
f 444//444 447//447 450//450
f 444//444 450//450 445//445
f 445//445 450//450 451//451
f 445//445 451//451 453//453
f 447//447 449//449 450//450
f 449//449 452//452 450//450
f 450//450 452//452 451//451
f 451//451 452//452 453//453
f 255//255 445//445 703//703
f 445//445 453//453 703//703
f 454//454 472//472 458//458
f 475//475 486//486 488//488
f 455//455 474//474 456//456
f 456//456 475//475 488//488
f 457//457 458//458 472//472
f 455//455 459//459 457//457
f 457//457 459//459 458//458
f 455//455 456//456 460//460
f 455//455 460//460 459//459
f 456//456 492//492 460//460
f 456//456 488//488 492//492
f 460//460 492//492 533//533
f 461//461 465//465 462//462
f 462//462 468//468 463//463
f 465//465 466//466 469//469
f 461//461 464//464 465//465
f 57//57 466//466 464//464
f 464//464 466//466 465//465
f 466//466 467//467 470//470
f 467//467 505//505 508//508
f 57//57 58//58 467//467
f 57//57 467//467 466//466
f 58//58 90//90 505//505
f 58//58 505//505 467//467
f 465//465 469//469 468//468
f 468//468 474//474 473//473
f 463//463 468//468 473//473
f 468//468 469//469 474//474
f 462//462 465//465 468//468
f 466//466 470//470 469//469
f 467//467 508//508 470//470
f 469//469 470//470 475//475
f 469//469 475//475 474//474
f 470//470 508//508 486//486
f 470//470 486//486 475//475
f 463//463 473//473 471//471
f 457//457 472//472 471//471
f 455//455 473//473 474//474
f 457//457 471//471 473//473
f 455//455 457//457 473//473
f 456//456 474//474 475//475
f 476//476 487//487 509//509
f 477//477 510//510 511//511
f 476//476 510//510 477//477
f 477//477 511//511 482//482
f 480//480 514//514 515//515
f 478//478 513//513 479//479
f 479//479 514//514 480//480
f 481//481 482//482 511//511
f 478//478 483//483 481//481
f 481//481 483//483 482//482
f 478//478 484//484 483//483
f 478//478 479//479 484//484
f 479//479 480//480 485//485
f 479//479 485//485 484//484
f 484//484 485//485 499//499
f 486//486 487//487 489//489
f 476//476 490//490 487//487
f 486//486 489//489 488//488
f 487//487 490//490 489//489
f 476//476 491//491 490//490
f 477//477 497//497 491//491
f 476//476 477//477 491//491
f 493//493 495//495 534//534
f 488//488 489//489 493//493
f 488//488 493//493 492//492
f 489//489 490//490 495//495
f 489//489 495//495 493//493
f 492//492 493//493 532//532
f 491//491 501//501 494//494
f 494//494 535//535 495//495
f 490//490 494//494 495//495
f 490//490 491//491 494//494
f 496//496 500//500 497//497
f 477//477 482//482 497//497
f 482//482 496//496 497//497
f 482//482 483//483 496//496
f 491//491 497//497 501//501
f 484//484 499//499 498//498
f 496//496 498//498 502//502
f 498//498 499//499 503//503
f 483//483 484//484 498//498
f 483//483 498//498 496//496
f 497//497 500//500 501//501
f 494//494 501//501 541//541
f 500//500 542//542 501//501
f 496//496 502//502 500//500
f 498//498 503//503 502//502
f 500//500 502//502 543//543
f 502//502 503//503 544//544
f 90//90 504//504 505//505
f 91//91 506//506 504//504
f 504//504 509//509 505//505
f 504//504 506//506 510//510
f 504//504 510//510 509//509
f 90//90 91//91 504//504
f 92//92 507//507 506//506
f 93//93 512//512 507//507
f 506//506 511//511 510//510
f 506//506 507//507 511//511
f 481//481 511//511 507//507
f 505//505 509//509 508//508
f 476//476 509//509 510//510
f 487//487 508//508 509//509
f 486//486 508//508 487//487
f 478//478 512//512 513//513
f 481//481 507//507 512//512
f 478//478 481//481 512//512
f 479//479 513//513 514//514
f 454//454 518//518 516//516
f 516//516 521//521 517//517
f 458//458 519//519 518//518
f 454//454 458//458 518//518
f 458//458 459//459 519//519
f 516//516 518//518 521//521
f 518//518 519//519 522//522
f 459//459 460//460 520//520
f 459//459 520//520 519//519
f 460//460 533//533 520//520
f 519//519 520//520 523//523
f 520//520 533//533 536//536
f 518//518 522//522 521//521
f 517//517 521//521 527//527
f 521//521 522//522 526//526
f 520//520 536//536 523//523
f 522//522 523//523 528//528
f 522//522 528//528 526//526
f 523//523 536//536 548//548
f 523//523 548//548 528//528
f 519//519 523//523 522//522
f 517//517 527//527 524//524
f 524//524 530//530 525//525
f 525//525 1564//1564 1561//1561
f 527//527 529//529 530//530
f 526//526 529//529 527//527
f 521//521 526//526 527//527
f 524//524 527//527 530//530
f 526//526 528//528 531//531
f 526//526 531//531 529//529
f 528//528 548//548 552//552
f 528//528 552//552 531//531
f 529//529 1565//1565 530//530
f 530//530 1565//1565 1564//1564
f 525//525 530//530 1564//1564
f 529//529 531//531 1568//1568
f 531//531 552//552 1581//1581
f 529//529 1568//1568 1565//1565
f 531//531 1581//1581 1568//1568
f 493//493 534//534 532//532
f 532//532 537//537 533//533
f 532//532 534//534 538//538
f 492//492 532//532 533//533
f 495//495 535//535 534//534
f 494//494 541//541 535//535
f 535//535 545//545 539//539
f 534//534 535//535 539//539
f 533//533 537//537 536//536
f 532//532 538//538 537//537
f 536//536 537//537 549//549
f 536//536 549//549 548//548
f 537//537 538//538 550//550
f 537//537 550//550 549//549
f 534//534 539//539 538//538
f 538//538 551//551 550//550
f 538//538 539//539 551//551
f 539//539 561//561 551//551
f 540//540 557//557 547//547
f 547//547 557//557 556//556
f 501//501 542//542 541//541
f 535//535 541//541 545//545
f 541//541 546//546 545//545
f 541//541 542//542 546//546
f 500//500 543//543 542//542
f 502//502 544//544 543//543
f 542//542 543//543 547//547
f 542//542 547//547 546//546
f 540//540 543//543 544//544
f 540//540 547//547 543//543
f 539//539 545//545 561//561
f 545//545 562//562 561//561
f 545//545 546//546 562//562
f 546//546 547//547 556//556
f 546//546 556//556 562//562
f 548//548 549//549 553//553
f 548//548 553//553 552//552
f 549//549 550//550 554//554
f 549//549 554//554 553//553
f 550//550 555//555 554//554
f 550//550 551//551 555//555
f 551//551 563//563 555//555
f 552//552 553//553 1582//1582
f 553//553 554//554 1585//1585
f 552//552 1582//1582 1581//1581
f 553//553 1585//1585 1582//1582
f 554//554 555//555 1586//1586
f 554//554 1586//1586 1585//1585
f 555//555 1601//1601 1586//1586
f 556//556 559//559 562//562
f 556//556 557//557 560//560
f 558//558 562//562 559//559
f 556//556 560//560 559//559
f 558//558 1593//1593 563//563
f 558//558 559//559 1595//1595
f 559//559 560//560 1596//1596
f 558//558 1595//1595 1593//1593
f 559//559 1596//1596 1595//1595
f 551//551 561//561 563//563
f 558//558 561//561 562//562
f 558//558 563//563 561//561
f 555//555 563//563 1601//1601
f 563//563 1593//1593 1601//1601
f 564//564 567//567 1082//1082
f 567//567 568//568 1083//1083
f 564//564 1082//1082 1081//1081
f 567//567 1083//1083 1082//1082
f 568//568 569//569 1084//1084
f 569//569 570//570 1089//1089
f 568//568 1084//1084 1083//1083
f 569//569 1089//1089 1084//1084
f 564//564 565//565 566//566
f 566//566 1683//1683 567//567
f 564//564 566//566 567//567
f 567//567 1686//1686 568//568
f 568//568 1687//1687 569//569
f 569//569 1688//1688 570//570
f 570//570 571//571 1090//1090
f 571//571 572//572 1091//1091
f 570//570 1090//1090 1089//1089
f 571//571 1091//1091 1090//1090
f 572//572 573//573 1092//1092
f 572//572 1092//1092 1091//1091
f 573//573 1093//1093 1092//1092
f 573//573 574//574 1093//1093
f 574//574 575//575 1094//1094
f 574//574 1094//1094 1093//1093
f 575//575 576//576 1095//1095
f 576//576 577//577 1096//1096
f 575//575 1095//1095 1094//1094
f 576//576 1096//1096 1095//1095
f 570//570 1689//1689 571//571
f 571//571 1690//1690 572//572
f 572//572 1691//1691 573//573
f 573//573 1692//1692 574//574
f 574//574 1693//1693 575//575
f 575//575 1694//1694 576//576
f 576//576 1695//1695 577//577
f 256//256 578//578 515//515
f 256//256 257//257 579//579
f 256//256 579//579 578//578
f 480//480 515//515 578//578
f 578//578 579//579 583//583
f 257//257 580//580 579//579
f 258//258 585//585 580//580
f 257//257 258//258 580//580
f 579//579 580//580 582//582
f 485//485 581//581 590//590
f 581//581 583//583 591//591
f 480//480 578//578 581//581
f 480//480 581//581 485//485
f 578//578 583//583 581//581
f 579//579 582//582 583//583
f 580//580 587//587 582//582
f 582//582 592//592 583//583
f 580//580 585//585 587//587
f 584//584 588//588 585//585
f 258//258 260//260 585//585
f 260//260 584//584 585//585
f 262//262 604//604 586//586
f 584//584 586//586 589//589
f 586//586 608//608 589//589
f 586//586 604//604 608//608
f 261//261 586//586 584//584
f 585//585 588//588 587//587
f 587//587 601//601 600//600
f 582//582 587//587 600//600
f 587//587 588//588 601//601
f 584//584 589//589 588//588
f 588//588 589//589 596//596
f 588//588 596//596 601//601
f 589//589 608//608 623//623
f 589//589 623//623 596//596
f 594//594 643//643 642//642
f 594//594 595//595 643//643
f 595//595 647//647 643//643
f 485//485 590//590 499//499
f 581//581 591//591 590//590
f 499//499 590//590 593//593
f 590//590 591//591 594//594
f 583//583 592//592 591//591
f 582//582 600//600 592//592
f 591//591 595//595 594//594
f 591//591 592//592 595//595
f 592//592 597//597 595//595
f 499//499 593//593 503//503
f 590//590 594//594 593//593
f 503//503 593//593 641//641
f 503//503 641//641 544//544
f 593//593 594//594 642//642
f 593//593 642//642 641//641
f 597//597 600//600 598//598
f 596//596 623//623 628//628
f 596//596 599//599 601//601
f 598//598 601//601 599//599
f 596//596 628//628 599//599
f 597//597 598//598 648//648
f 595//595 597//597 647//647
f 597//597 648//648 647//647
f 598//598 599//599 649//649
f 599//599 628//628 666//666
f 598//598 649//649 648//648
f 599//599 666//666 649//649
f 592//592 600//600 597//597
f 598//598 600//600 601//601
f 609//609 610//610 625//625
f 608//608 624//624 623//623
f 609//609 625//625 624//624
f 602//602 603//603 610//610
f 603//603 625//625 610//610
f 602//602 615//615 603//603
f 298//298 605//605 604//604
f 604//604 605//605 609//609
f 604//604 609//609 608//608
f 605//605 606//606 610//610
f 605//605 610//610 609//609
f 602//602 606//606 607//607
f 602//602 610//610 606//606
f 602//602 607//607 611//611
f 608//608 609//609 624//624
f 611//611 619//619 612//612
f 613//613 620//620 621//621
f 614//614 621//621 622//622
f 612//612 620//620 613//613
f 613//613 621//621 614//614
f 614//614 622//622 618//618
f 602//602 611//611 615//615
f 611//611 612//612 616//616
f 611//611 616//616 615//615
f 612//612 613//613 617//617
f 613//613 614//614 618//618
f 612//612 617//617 616//616
f 613//613 618//618 617//617
f 607//607 619//619 611//611
f 612//612 619//619 620//620
f 305//305 618//618 622//622
f 623//623 624//624 629//629
f 624//624 625//625 626//626
f 623//623 629//629 628//628
f 624//624 626//626 629//629
f 603//603 627//627 625//625
f 625//625 627//627 626//626
f 603//603 633//633 627//627
f 628//628 629//629 630//630
f 626//626 631//631 629//629
f 628//628 630//630 666//666
f 629//629 631//631 630//630
f 626//626 632//632 631//631
f 627//627 637//637 632//632
f 626//626 627//627 632//632
f 603//603 615//615 633//633
f 615//615 616//616 634//634
f 615//615 634//634 633//633
f 616//616 635//635 634//634
f 617//617 636//636 635//635
f 618//618 640//640 636//636
f 616//616 617//617 635//635
f 617//617 618//618 636//636
f 627//627 633//633 637//637
f 633//633 634//634 638//638
f 633//633 638//638 637//637
f 634//634 635//635 639//639
f 635//635 636//636 640//640
f 634//634 639//639 638//638
f 635//635 640//640 639//639
f 618//618 680//680 640//640
f 255//255 1755//1755 618//618
f 544//544 641//641 644//644
f 540//540 544//544 644//644
f 641//641 642//642 645//645
f 641//641 645//645 644//644
f 642//642 646//646 645//645
f 642//642 643//643 646//646
f 643//643 650//650 646//646
f 540//540 644//644 653//653
f 644//644 645//645 654//654
f 540//540 653//653 557//557
f 644//644 654//654 653//653
f 645//645 646//646 655//655
f 645//645 655//655 654//654
f 646//646 659//659 655//655
f 643//643 647//647 650//650
f 647//647 648//648 651//651
f 647//647 651//651 650//650
f 648//648 649//649 652//652
f 649//649 666//666 669//669
f 648//648 652//652 651//651
f 649//649 669//669 652//652
f 646//646 650//650 659//659
f 650//650 651//651 660//660
f 650//650 660//660 659//659
f 652//652 669//669 681//681
f 652//652 681//681 661//661
f 651//651 652//652 661//661
f 651//651 661//661 660//660
f 557//557 653//653 656//656
f 653//653 654//654 657//657
f 557//557 656//656 560//560
f 653//653 657//657 656//656
f 654//654 655//655 658//658
f 654//654 658//658 657//657
f 655//655 663//663 658//658
f 560//560 656//656 1697//1697
f 656//656 657//657 1699//1699
f 560//560 1697//1697 1596//1596
f 656//656 1699//1699 1697//1697
f 657//657 658//658 1700//1700
f 657//657 1700//1700 1699//1699
f 658//658 1708//1708 1700//1700
f 655//655 659//659 663//663
f 659//659 660//660 662//662
f 659//659 662//662 663//663
f 660//660 661//661 664//664
f 661//661 681//681 682//682
f 660//660 664//664 662//662
f 661//661 682//682 664//664
f 658//658 663//663 1708//1708
f 662//662 1706//1706 663//663
f 663//663 1706//1706 1708//1708
f 662//662 664//664 1710//1710
f 664//664 682//682 1727//1727
f 662//662 1710//1710 1706//1706
f 664//664 1727//1727 1710//1710
f 630//630 631//631 667//667
f 630//630 667//667 665//665
f 630//630 665//665 666//666
f 665//665 669//669 666//666
f 631//631 632//632 668//668
f 631//631 668//668 667//667
f 632//632 673//673 668//668
f 665//665 670//670 669//669
f 665//665 667//667 671//671
f 669//669 670//670 681//681
f 665//665 671//671 670//670
f 667//667 668//668 672//672
f 667//667 672//672 671//671
f 668//668 677//677 672//672
f 632//632 637//637 673//673
f 637//637 638//638 674//674
f 637//637 674//674 673//673
f 638//638 639//639 675//675
f 639//639 640//640 676//676
f 638//638 675//675 674//674
f 639//639 676//676 675//675
f 640//640 680//680 676//676
f 668//668 673//673 677//677
f 673//673 674//674 678//678
f 673//673 678//678 677//677
f 674//674 675//675 679//679
f 675//675 676//676 680//680
f 674//674 679//679 678//678
f 675//675 680//680 679//679
f 618//618 1755//1755 680//680
f 670//670 683//683 681//681
f 670//670 671//671 684//684
f 681//681 683//683 682//682
f 670//670 684//684 683//683
f 671//671 672//672 685//685
f 671//671 685//685 684//684
f 672//672 686//686 685//685
f 682//682 683//683 1728//1728
f 683//683 684//684 1729//1729
f 682//682 1728//1728 1727//1727
f 683//683 1729//1729 1728//1728
f 684//684 685//685 1730//1730
f 684//684 1730//1730 1729//1729
f 685//685 1736//1736 1730//1730
f 672//672 677//677 686//686
f 677//677 678//678 687//687
f 677//677 687//687 686//686
f 678//678 679//679 688//688
f 679//679 680//680 689//689
f 678//678 688//688 687//687
f 679//679 689//689 688//688
f 680//680 1739//1739 689//689
f 685//685 686//686 1736//1736
f 686//686 687//687 1737//1737
f 686//686 1737//1737 1736//1736
f 687//687 688//688 1738//1738
f 688//688 689//689 1739//1739
f 687//687 1738//1738 1737//1737
f 688//688 1739//1739 1738//1738
f 255//255 703//703 1833//1833
f 453//453 1246//1246 703//703
f 577//577 690//690 1227//1227
f 690//690 691//691 1228//1228
f 577//577 1227//1227 1096//1096
f 690//690 1228//1228 1227//1227
f 691//691 692//692 1229//1229
f 691//691 1229//1229 1228//1228
f 692//692 1230//1230 1229//1229
f 692//692 693//693 1230//1230
f 693//693 694//694 1231//1231
f 693//693 1231//1231 1230//1230
f 694//694 695//695 1232//1232
f 695//695 696//696 1239//1239
f 694//694 1232//1232 1231//1231
f 695//695 1239//1239 1232//1232
f 577//577 1696//1696 690//690
f 690//690 1820//1820 691//691
f 691//691 1821//1821 692//692
f 692//692 1822//1822 693//693
f 693//693 1823//1823 694//694
f 694//694 1824//1824 695//695
f 695//695 1825//1825 696//696
f 696//696 697//697 1240//1240
f 697//697 698//698 1241//1241
f 696//696 1240//1240 1239//1239
f 697//697 1241//1241 1240//1240
f 698//698 699//699 1242//1242
f 698//698 1242//1242 1241//1241
f 699//699 1243//1243 1242//1242
f 699//699 700//700 1243//1243
f 700//700 701//701 1244//1244
f 700//700 1244//1244 1243//1243
f 701//701 702//702 1245//1245
f 702//702 703//703 1246//1246
f 701//701 1245//1245 1244//1244
f 702//702 1246//1246 1245//1245
f 696//696 1826//1826 697//697
f 697//697 1827//1827 698//698
f 698//698 1828//1828 699//699
f 699//699 1829//1829 700//700
f 700//700 1830//1830 701//701
f 701//701 1831//1831 702//702
f 702//702 1832//1832 703//703
f 119//119 704//704 127//127
f 704//704 705//705 712//712
f 705//705 706//706 713//713
f 706//706 707//707 715//715
f 707//707 720//720 717//717
f 127//127 712//712 129//129
f 129//129 712//712 708//708
f 708//708 712//712 713//713
f 708//708 713//713 709//709
f 129//129 708//708 132//132
f 132//132 708//708 710//710
f 132//132 710//710 185//185
f 185//185 710//710 734//734
f 708//708 709//709 710//710
f 709//709 711//711 710//710
f 710//710 711//711 734//734
f 711//711 735//735 734//734
f 127//127 704//704 712//712
f 705//705 713//713 712//712
f 709//709 713//713 715//715
f 709//709 716//716 711//711
f 711//711 716//716 714//714
f 711//711 714//714 735//735
f 714//714 741//741 735//735
f 714//714 719//719 741//741
f 706//706 715//715 713//713
f 715//715 717//717 716//716
f 709//709 715//715 716//716
f 707//707 717//717 715//715
f 717//717 721//721 718//718
f 716//716 717//717 718//718
f 717//717 720//720 721//721
f 718//718 721//721 723//723
f 714//714 716//716 718//718
f 714//714 718//718 719//719
f 718//718 723//723 719//719
f 719//719 723//723 725//725
f 719//719 748//748 741//741
f 719//719 725//725 748//748
f 720//720 787//787 721//721
f 721//721 722//722 723//723
f 721//721 787//787 722//722
f 722//722 724//724 723//723
f 725//725 760//760 748//748
f 725//725 726//726 760//760
f 723//723 724//724 725//725
f 724//724 726//726 725//725
f 726//726 763//763 760//760
f 724//724 793//793 726//726
f 726//726 794//794 763//763
f 763//763 794//794 764//764
f 165//165 749//749 727//727
f 165//165 727//727 169//169
f 169//169 727//727 728//728
f 169//169 728//728 171//171
f 171//171 728//728 729//729
f 727//727 751//751 728//728
f 728//728 751//751 730//730
f 728//728 730//730 729//729
f 729//729 730//730 731//731
f 730//730 756//756 731//731
f 731//731 756//756 732//732
f 183//183 733//733 189//189
f 189//189 733//733 737//737
f 183//183 185//185 734//734
f 183//183 734//734 733//733
f 733//733 736//736 737//737
f 736//736 739//739 737//737
f 733//733 734//734 735//735
f 733//733 735//735 736//736
f 189//189 737//737 191//191
f 191//191 738//738 202//202
f 191//191 737//737 738//738
f 737//737 739//739 738//738
f 738//738 740//740 749//749
f 738//738 739//739 740//740
f 735//735 741//741 736//736
f 736//736 741//741 742//742
f 741//741 748//748 742//742
f 736//736 742//742 739//739
f 739//739 742//742 745//745
f 742//742 743//743 745//745
f 742//742 748//748 743//743
f 743//743 746//746 745//745
f 743//743 761//761 746//746
f 739//739 745//745 740//740
f 740//740 745//745 744//744
f 740//740 744//744 750//750
f 744//744 745//745 746//746
f 744//744 747//747 752//752
f 746//746 766//766 747//747
f 744//744 746//746 747//747
f 747//747 759//759 755//755
f 743//743 748//748 760//760
f 165//165 202//202 749//749
f 202//202 738//738 749//749
f 727//727 749//749 750//750
f 740//740 750//750 749//749
f 727//727 750//750 751//751
f 750//750 752//752 751//751
f 744//744 752//752 750//750
f 751//751 752//752 753//753
f 747//747 755//755 752//752
f 752//752 755//755 753//753
f 753//753 755//755 754//754
f 754//754 755//755 771//771
f 730//730 751//751 753//753
f 730//730 753//753 756//756
f 753//753 754//754 756//756
f 754//754 757//757 756//756
f 754//754 772//772 757//757
f 732//732 756//756 757//757
f 732//732 757//757 758//758
f 757//757 775//775 758//758
f 746//746 761//761 766//766
f 747//747 766//766 759//759
f 759//759 768//768 771//771
f 743//743 760//760 761//761
f 760//760 763//763 761//761
f 761//761 763//763 762//762
f 761//761 762//762 766//766
f 762//762 767//767 766//766
f 762//762 763//763 764//764
f 762//762 764//764 765//765
f 762//762 765//765 767//767
f 765//765 769//769 767//767
f 759//759 766//766 767//767
f 759//759 767//767 768//768
f 767//767 769//769 768//768
f 768//768 770//770 778//778
f 768//768 769//769 770//770
f 765//765 803//803 769//769
f 769//769 806//806 770//770
f 770//770 807//807 779//779
f 770//770 806//806 807//807
f 755//755 759//759 771//771
f 771//771 778//778 772//772
f 754//754 771//771 772//772
f 772//772 778//778 773//773
f 757//757 772//772 775//775
f 758//758 775//775 774//774
f 772//772 773//773 775//775
f 774//774 775//775 776//776
f 773//773 776//776 775//775
f 774//774 776//776 777//777
f 776//776 783//783 777//777
f 768//768 778//778 771//771
f 773//773 778//778 779//779
f 770//770 779//779 778//778
f 773//773 779//779 780//780
f 773//773 780//780 776//776
f 776//776 780//780 783//783
f 779//779 781//781 780//780
f 779//779 807//807 781//781
f 780//780 781//781 782//782
f 780//780 782//782 783//783
f 777//777 783//783 784//784
f 783//783 785//785 784//784
f 784//784 785//785 786//786
f 782//782 785//785 783//783
f 782//782 811//811 785//785
f 785//785 812//812 786//786
f 786//786 812//812 813//813
f 722//722 787//787 788//788
f 788//788 789//789 792//792
f 789//789 790//790 795//795
f 790//790 791//791 799//799
f 722//722 792//792 724//724
f 722//722 788//788 792//792
f 724//724 792//792 793//793
f 726//726 793//793 794//794
f 792//792 795//795 793//793
f 789//789 795//795 792//792
f 795//795 799//799 796//796
f 793//793 795//795 796//796
f 796//796 799//799 800//800
f 793//793 796//796 794//794
f 794//794 796//796 797//797
f 764//764 794//794 797//797
f 764//764 797//797 802//802
f 796//796 800//800 797//797
f 797//797 798//798 802//802
f 797//797 800//800 798//798
f 798//798 804//804 802//802
f 790//790 799//799 795//795
f 799//799 801//801 800//800
f 800//800 801//801 814//814
f 791//791 801//801 799//799
f 798//798 800//800 814//814
f 798//798 814//814 815//815
f 798//798 815//815 804//804
f 804//804 815//815 830//830
f 764//764 802//802 765//765
f 765//765 802//802 803//803
f 802//802 804//804 803//803
f 769//769 803//803 806//806
f 803//803 805//805 806//806
f 805//805 808//808 806//806
f 803//803 804//804 805//805
f 804//804 830//830 805//805
f 805//805 831//831 808//808
f 806//806 808//808 807//807
f 781//781 807//807 809//809
f 807//807 808//808 809//809
f 808//808 834//834 809//809
f 809//809 835//835 810//810
f 805//805 830//830 831//831
f 781//781 810//810 782//782
f 781//781 809//809 810//810
f 782//782 810//810 811//811
f 785//785 811//811 812//812
f 791//791 816//816 801//801
f 801//801 819//819 814//814
f 814//814 819//819 820//820
f 814//814 820//820 815//815
f 815//815 820//820 823//823
f 815//815 823//823 830//830
f 823//823 832//832 830//830
f 816//816 817//817 819//819
f 817//817 818//818 821//821
f 818//818 1105//1105 825//825
f 801//801 816//816 819//819
f 819//819 821//821 820//820
f 817//817 821//821 819//819
f 821//821 825//825 822//822
f 820//820 821//821 822//822
f 820//820 822//822 823//823
f 822//822 824//824 823//823
f 823//823 824//824 832//832
f 824//824 849//849 832//832
f 822//822 826//826 824//824
f 824//824 827//827 849//849
f 827//827 854//854 849//849
f 818//818 825//825 821//821
f 822//822 825//825 826//826
f 825//825 1108//1108 826//826
f 824//824 826//826 827//827
f 825//825 1105//1105 1108//1108
f 826//826 1108//1108 828//828
f 827//827 829//829 854//854
f 826//826 828//828 827//827
f 827//827 828//828 829//829
f 829//829 856//856 854//854
f 808//808 831//831 834//834
f 809//809 834//834 835//835
f 831//831 833//833 834//834
f 830//830 832//832 831//831
f 831//831 832//832 833//833
f 833//833 836//836 834//834
f 833//833 848//848 836//836
f 834//834 836//836 835//835
f 835//835 837//837 838//838
f 835//835 836//836 837//837
f 836//836 850//850 837//837
f 837//837 851//851 843//843
f 810//810 838//838 811//811
f 810//810 835//835 838//838
f 811//811 838//838 839//839
f 811//811 839//839 812//812
f 812//812 840//840 813//813
f 813//813 840//840 841//841
f 812//812 839//839 840//840
f 839//839 842//842 840//840
f 840//840 844//844 841//841
f 838//838 843//843 839//839
f 837//837 843//843 838//838
f 839//839 843//843 842//842
f 842//842 843//843 860//860
f 843//843 851//851 860//860
f 842//842 860//860 861//861
f 840//840 842//842 844//844
f 841//841 844//844 845//845
f 844//844 846//846 845//845
f 842//842 861//861 844//844
f 844//844 861//861 846//846
f 845//845 846//846 847//847
f 832//832 849//849 833//833
f 833//833 849//849 848//848
f 836//836 848//848 850//850
f 848//848 849//849 854//854
f 848//848 854//854 855//855
f 848//848 855//855 850//850
f 837//837 850//850 851//851
f 850//850 852//852 851//851
f 850//850 855//855 852//852
f 851//851 853//853 860//860
f 851//851 852//852 853//853
f 854//854 856//856 855//855
f 852//852 855//855 857//857
f 852//852 857//857 858//858
f 855//855 856//856 857//857
f 857//857 1127//1127 858//858
f 852//852 858//858 853//853
f 853//853 859//859 862//862
f 853//853 858//858 859//859
f 858//858 1129//1129 859//859
f 859//859 1130//1130 866//866
f 860//860 862//862 861//861
f 853//853 862//862 860//860
f 862//862 866//866 863//863
f 861//861 862//862 863//863
f 846//846 861//861 863//863
f 846//846 863//863 864//864
f 846//846 864//864 847//847
f 847//847 864//864 865//865
f 863//863 867//867 864//864
f 864//864 868//868 865//865
f 859//859 866//866 862//862
f 863//863 866//866 867//867
f 866//866 1135//1135 867//867
f 867//867 1135//1135 1136//1136
f 864//864 867//867 868//868
f 865//865 868//868 869//869
f 867//867 1136//1136 868//868
f 868//868 1136//1136 1137//1137
f 868//868 1137//1137 869//869
f 869//869 1137//1137 1138//1138
f 359//359 870//870 364//364
f 364//364 870//870 872//872
f 171//171 729//729 359//359
f 359//359 729//729 870//870
f 871//871 874//874 872//872
f 729//729 731//731 870//870
f 731//731 871//871 870//870
f 870//870 871//871 872//872
f 364//364 872//872 366//366
f 366//366 873//873 381//381
f 366//366 872//872 873//873
f 872//872 874//874 873//873
f 873//873 875//875 885//885
f 873//873 874//874 875//875
f 731//731 732//732 871//871
f 732//732 876//876 871//871
f 871//871 876//876 874//874
f 874//874 876//876 878//878
f 732//732 758//758 876//876
f 758//758 877//877 876//876
f 876//876 877//877 878//878
f 877//877 880//880 878//878
f 874//874 878//878 875//875
f 875//875 879//879 886//886
f 875//875 878//878 879//879
f 878//878 880//880 879//879
f 879//879 880//880 881//881
f 879//879 881//881 888//888
f 374//374 882//882 377//377
f 377//377 882//882 883//883
f 377//377 883//883 432//432
f 432//432 883//883 918//918
f 882//882 887//887 883//883
f 883//883 887//887 884//884
f 883//883 884//884 918//918
f 884//884 919//919 918//918
f 374//374 381//381 885//885
f 381//381 873//873 885//885
f 374//374 885//885 882//882
f 882//882 885//885 886//886
f 875//875 886//886 885//885
f 882//882 886//886 887//887
f 884//884 892//892 919//919
f 892//892 923//923 919//919
f 886//886 888//888 887//887
f 879//879 888//888 886//886
f 887//887 888//888 889//889
f 888//888 891//891 889//889
f 889//889 891//891 890//890
f 881//881 891//891 888//888
f 884//884 887//887 889//889
f 884//884 889//889 892//892
f 889//889 890//890 892//892
f 890//890 893//893 892//892
f 892//892 893//893 923//923
f 893//893 930//930 923//923
f 880//880 900//900 881//881
f 881//881 900//900 901//901
f 881//881 901//901 891//891
f 890//890 891//891 894//894
f 891//891 901//901 894//894
f 890//890 894//894 895//895
f 894//894 910//910 895//895
f 893//893 896//896 930//930
f 896//896 945//945 930//930
f 890//890 895//895 893//893
f 893//893 895//895 896//896
f 895//895 911//911 896//896
f 896//896 911//911 897//897
f 896//896 897//897 945//945
f 897//897 948//948 945//945
f 758//758 774//774 877//877
f 774//774 898//898 877//877
f 774//774 777//777 898//898
f 877//877 898//898 880//880
f 880//880 898//898 900//900
f 898//898 899//899 900//900
f 899//899 902//902 900//900
f 777//777 899//899 898//898
f 777//777 784//784 899//899
f 899//899 904//904 902//902
f 900//900 902//902 901//901
f 894//894 901//901 903//903
f 901//901 902//902 903//903
f 903//903 906//906 910//910
f 902//902 905//905 903//903
f 784//784 904//904 899//899
f 902//902 904//904 905//905
f 905//905 908//908 906//906
f 903//903 905//905 906//906
f 906//906 909//909 912//912
f 784//784 786//786 904//904
f 786//786 907//907 904//904
f 904//904 907//907 905//905
f 905//905 907//907 908//908
f 786//786 813//813 907//907
f 813//813 979//979 907//907
f 907//907 979//979 908//908
f 908//908 979//979 980//980
f 908//908 980//980 909//909
f 906//906 908//908 909//909
f 909//909 981//981 917//917
f 909//909 980//980 981//981
f 894//894 903//903 910//910
f 895//895 910//910 911//911
f 910//910 912//912 911//911
f 911//911 912//912 913//913
f 906//906 912//912 910//910
f 912//912 917//917 913//913
f 909//909 917//917 912//912
f 913//913 917//917 914//914
f 897//897 911//911 913//913
f 897//897 913//913 915//915
f 897//897 915//915 948//948
f 915//915 971//971 948//948
f 913//913 914//914 915//915
f 915//915 916//916 971//971
f 914//914 916//916 915//915
f 916//916 973//973 971//971
f 916//916 984//984 973//973
f 914//914 917//917 983//983
f 917//917 981//981 983//983
f 914//914 982//982 916//916
f 436//436 920//920 921//921
f 432//432 918//918 433//433
f 433//433 918//918 920//920
f 433//433 920//920 436//436
f 918//918 919//919 920//920
f 919//919 924//924 920//920
f 920//920 924//924 921//921
f 921//921 924//924 927//927
f 436//436 921//921 437//437
f 437//437 922//922 448//448
f 437//437 921//921 922//922
f 921//921 927//927 922//922
f 922//922 926//926 931//931
f 922//922 927//927 926//926
f 919//919 923//923 924//924
f 923//923 925//925 924//924
f 924//924 925//925 927//927
f 925//925 928//928 927//927
f 925//925 946//946 928//928
f 928//928 946//946 943//943
f 926//926 929//929 935//935
f 926//926 927//927 928//928
f 926//926 928//928 929//929
f 928//928 943//943 929//929
f 929//929 944//944 937//937
f 929//929 943//943 944//944
f 923//923 930//930 925//925
f 925//925 930//930 946//946
f 448//448 931//931 449//449
f 448//448 922//922 931//931
f 449//449 931//931 932//932
f 931//931 935//935 932//932
f 926//926 935//935 931//931
f 932//932 935//935 936//936
f 449//449 932//932 452//452
f 452//452 932//932 933//933
f 452//452 933//933 453//453
f 453//453 933//933 934//934
f 932//932 936//936 933//933
f 933//933 936//936 939//939
f 933//933 939//939 934//934
f 453//453 934//934 940//940
f 934//934 939//939 940//940
f 935//935 937//937 936//936
f 929//929 937//937 935//935
f 936//936 937//937 938//938
f 937//937 955//955 938//938
f 937//937 944//944 955//955
f 938//938 955//955 956//956
f 936//936 938//938 939//939
f 938//938 941//941 939//939
f 939//939 941//941 940//940
f 940//940 941//941 942//942
f 938//938 956//956 941//941
f 941//941 956//956 959//959
f 941//941 959//959 942//942
f 940//940 942//942 960//960
f 942//942 959//959 960//960
f 943//943 950//950 944//944
f 944//944 951//951 955//955
f 930//930 945//945 946//946
f 945//945 947//947 946//946
f 943//943 946//946 947//947
f 943//943 947//947 950//950
f 947//947 949//949 950//950
f 945//945 948//948 947//947
f 947//947 948//948 949//949
f 949//949 952//952 950//950
f 944//944 950//950 951//951
f 950//950 952//952 951//951
f 951//951 953//953 957//957
f 951//951 952//952 953//953
f 948//948 971//971 949//949
f 949//949 972//972 952//952
f 952//952 972//972 975//975
f 952//952 975//975 953//953
f 953//953 954//954 963//963
f 953//953 975//975 954//954
f 955//955 957//957 956//956
f 951//951 957//957 955//955
f 956//956 957//957 958//958
f 956//956 958//958 959//959
f 958//958 961//961 959//959
f 959//959 961//961 960//960
f 940//940 960//960 968//968
f 960//960 961//961 962//962
f 958//958 964//964 961//961
f 961//961 967//967 962//962
f 960//960 962//962 968//968
f 957//957 963//963 958//958
f 953//953 963//963 957//957
f 958//958 963//963 964//964
f 961//961 964//964 967//967
f 962//962 967//967 968//968
f 963//963 965//965 964//964
f 954//954 965//965 963//963
f 964//964 965//965 966//966
f 965//965 978//978 966//966
f 964//964 966//966 967//967
f 967//967 969//969 968//968
f 966//966 969//969 967//967
f 968//968 969//969 970//970
f 966//966 994//994 969//969
f 969//969 994//994 997//997
f 968//968 970//970 998//998
f 969//969 997//997 970//970
f 970//970 997//997 998//998
f 949//949 971//971 972//972
f 971//971 973//973 972//972
f 972//972 973//973 974//974
f 972//972 974//974 975//975
f 974//974 976//976 975//975
f 973//973 987//987 974//974
f 954//954 975//975 976//976
f 954//954 977//977 965//965
f 954//954 976//976 977//977
f 965//965 977//977 978//978
f 966//966 978//978 994//994
f 968//968 998//998 1004//1004
f 453//453 940//940 1254//1254
f 940//940 968//968 1254//1254
f 980//980 1009//1009 981//981
f 981//981 1010//1010 983//983
f 914//914 983//983 982//982
f 982//982 983//983 1017//1017
f 982//982 1017//1017 1018//1018
f 916//916 982//982 984//984
f 973//973 984//984 987//987
f 982//982 1018//1018 984//984
f 984//984 1018//1018 985//985
f 984//984 985//985 987//987
f 985//985 989//989 987//987
f 974//974 988//988 976//976
f 976//976 988//988 991//991
f 976//976 991//991 977//977
f 977//977 986//986 978//978
f 977//977 991//991 986//986
f 974//974 987//987 988//988
f 987//987 989//989 988//988
f 988//988 990//990 991//991
f 990//990 992//992 991//991
f 988//988 989//989 990//990
f 990//990 1044//1044 992//992
f 986//986 991//991 992//992
f 986//986 993//993 995//995
f 986//986 992//992 993//993
f 992//992 1045//1045 993//993
f 993//993 1046//1046 1001//1001
f 993//993 1045//1045 1046//1046
f 978//978 995//995 994//994
f 978//978 986//986 995//995
f 994//994 995//995 996//996
f 995//995 1001//1001 996//996
f 994//994 996//996 997//997
f 997//997 999//999 998//998
f 996//996 999//999 997//997
f 998//998 999//999 1000//1000
f 998//998 1000//1000 1004//1004
f 996//996 1002//1002 999//999
f 999//999 1003//1003 1000//1000
f 993//993 1001//1001 995//995
f 996//996 1001//1001 1002//1002
f 1001//1001 1055//1055 1002//1002
f 999//999 1002//1002 1003//1003
f 1000//1000 1003//1003 1004//1004
f 968//968 1004//1004 1075//1075
f 1001//1001 1046//1046 1055//1055
f 1002//1002 1055//1055 1005//1005
f 1002//1002 1005//1005 1003//1003
f 1003//1003 1005//1005 1006//1006
f 1003//1003 1006//1006 1004//1004
f 1004//1004 1006//1006 1007//1007
f 1004//1004 1007//1007 1059//1059
f 813//813 841//841 979//979
f 841//841 1008//1008 979//979
f 979//979 1008//1008 980//980
f 980//980 1008//1008 1009//1009
f 841//841 845//845 1008//1008
f 845//845 1013//1013 1008//1008
f 1008//1008 1013//1013 1009//1009
f 1009//1009 1013//1013 1011//1011
f 981//981 1009//1009 1010//1010
f 1010//1010 1012//1012 1017//1017
f 1009//1009 1011//1011 1010//1010
f 1010//1010 1011//1011 1012//1012
f 845//845 847//847 1013//1013
f 1011//1011 1013//1013 1014//1014
f 847//847 1014//1014 1013//1013
f 1011//1011 1015//1015 1012//1012
f 1011//1011 1014//1014 1015//1015
f 1014//1014 1026//1026 1015//1015
f 1012//1012 1016//1016 1019//1019
f 1012//1012 1015//1015 1016//1016
f 1015//1015 1027//1027 1016//1016
f 1016//1016 1028//1028 1022//1022
f 983//983 1010//1010 1017//1017
f 1017//1017 1019//1019 1018//1018
f 1012//1012 1019//1019 1017//1017
f 1018//1018 1019//1019 1020//1020
f 985//985 1018//1018 1020//1020
f 985//985 1020//1020 1021//1021
f 985//985 1021//1021 989//989
f 989//989 1021//1021 1043//1043
f 1019//1019 1022//1022 1020//1020
f 1020//1020 1023//1023 1021//1021
f 1021//1021 1024//1024 1043//1043
f 1024//1024 1049//1049 1043//1043
f 1016//1016 1022//1022 1019//1019
f 1020//1020 1022//1022 1023//1023
f 1022//1022 1032//1032 1023//1023
f 1022//1022 1028//1028 1032//1032
f 1023//1023 1032//1032 1033//1033
f 1021//1021 1023//1023 1024//1024
f 1024//1024 1025//1025 1049//1049
f 1023//1023 1033//1033 1024//1024
f 1024//1024 1033//1033 1025//1025
f 1025//1025 1051//1051 1049//1049
f 847//847 865//865 1014//1014
f 865//865 1026//1026 1014//1014
f 1015//1015 1026//1026 1027//1027
f 865//865 869//869 1026//1026
f 869//869 1029//1029 1026//1026
f 1026//1026 1029//1029 1027//1027
f 1027//1027 1029//1029 1030//1030
f 1016//1016 1027//1027 1028//1028
f 1028//1028 1031//1031 1032//1032
f 1027//1027 1030//1030 1028//1028
f 1028//1028 1030//1030 1031//1031
f 869//869 1138//1138 1029//1029
f 1029//1029 1036//1036 1030//1030
f 1029//1029 1138//1138 1036//1036
f 1030//1030 1036//1036 1037//1037
f 1030//1030 1037//1037 1031//1031
f 1031//1031 1038//1038 1034//1034
f 1032//1032 1034//1034 1033//1033
f 1031//1031 1034//1034 1032//1032
f 1033//1033 1034//1034 1035//1035
f 1025//1025 1033//1033 1035//1035
f 1025//1025 1039//1039 1051//1051
f 1039//1039 1064//1064 1051//1051
f 1025//1025 1035//1035 1039//1039
f 1031//1031 1037//1037 1038//1038
f 1039//1039 1042//1042 1064//1064
f 1034//1034 1040//1040 1035//1035
f 1034//1034 1038//1038 1040//1040
f 1035//1035 1040//1040 1041//1041
f 1040//1040 1261//1261 1041//1041
f 1035//1035 1041//1041 1039//1039
f 1039//1039 1041//1041 1042//1042
f 1042//1042 1068//1068 1064//1064
f 1041//1041 1262//1262 1042//1042
f 1042//1042 1263//1263 1068//1068
f 989//989 1043//1043 990//990
f 990//990 1043//1043 1044//1044
f 992//992 1044//1044 1045//1045
f 1043//1043 1049//1049 1044//1044
f 1044//1044 1049//1049 1050//1050
f 1044//1044 1050//1050 1045//1045
f 1045//1045 1050//1050 1047//1047
f 1045//1045 1047//1047 1046//1046
f 1046//1046 1048//1048 1055//1055
f 1046//1046 1047//1047 1048//1048
f 1049//1049 1051//1051 1050//1050
f 1047//1047 1050//1050 1052//1052
f 1050//1050 1051//1051 1052//1052
f 1047//1047 1052//1052 1053//1053
f 1047//1047 1053//1053 1048//1048
f 1048//1048 1054//1054 1056//1056
f 1048//1048 1053//1053 1054//1054
f 1053//1053 1067//1067 1054//1054
f 1005//1005 1055//1055 1056//1056
f 1048//1048 1056//1056 1055//1055
f 1005//1005 1056//1056 1057//1057
f 1005//1005 1057//1057 1006//1006
f 1006//1006 1058//1058 1007//1007
f 1006//1006 1057//1057 1058//1058
f 1007//1007 1058//1058 1059//1059
f 1057//1057 1061//1061 1058//1058
f 1004//1004 1059//1059 1075//1075
f 1058//1058 1062//1062 1059//1059
f 1056//1056 1060//1060 1057//1057
f 1054//1054 1060//1060 1056//1056
f 1057//1057 1060//1060 1061//1061
f 1058//1058 1061//1061 1062//1062
f 1059//1059 1062//1062 1063//1063
f 1051//1051 1064//1064 1052//1052
f 1052//1052 1065//1065 1053//1053
f 968//968 1075//1075 1479//1479
f 1054//1054 1066//1066 1060//1060
f 1060//1060 1072//1072 1061//1061
f 1059//1059 1063//1063 1075//1075
f 1061//1061 1073//1073 1062//1062
f 1062//1062 1073//1073 1074//1074
f 1062//1062 1074//1074 1063//1063
f 1063//1063 1074//1074 1075//1075
f 1052//1052 1064//1064 1065//1065
f 1053//1053 1065//1065 1067//1067
f 1064//1064 1068//1068 1065//1065
f 1065//1065 1069//1069 1067//1067
f 1054//1054 1067//1067 1066//1066
f 1066//1066 1067//1067 1070//1070
f 1066//1066 1071//1071 1072//1072
f 1065//1065 1068//1068 1069//1069
f 1067//1067 1069//1069 1070//1070
f 1068//1068 1279//1279 1069//1069
f 1069//1069 1280//1280 1070//1070
f 1070//1070 1280//1280 1281//1281
f 1066//1066 1070//1070 1071//1071
f 1070//1070 1281//1281 1071//1071
f 1071//1071 1282//1282 1076//1076
f 1071//1071 1281//1281 1282//1282
f 1060//1060 1066//1066 1072//1072
f 1061//1061 1072//1072 1073//1073
f 1072//1072 1076//1076 1073//1073
f 1071//1071 1076//1076 1072//1072
f 1073//1073 1076//1076 1077//1077
f 1073//1073 1077//1077 1074//1074
f 1074//1074 1078//1078 1075//1075
f 1074//1074 1077//1077 1078//1078
f 1075//1075 1078//1078 1079//1079
f 1076//1076 1288//1288 1077//1077
f 1076//1076 1282//1282 1288//1288
f 1077//1077 1288//1288 1289//1289
f 1077//1077 1289//1289 1078//1078
f 1075//1075 1079//1079 1291//1291
f 1078//1078 1290//1290 1079//1079
f 1078//1078 1289//1289 1290//1290
f 1079//1079 1290//1290 1291//1291
f 1080//1080 1081//1081 1086//1086
f 1080//1080 1086//1086 1085//1085
f 1081//1081 1082//1082 1086//1086
f 1082//1082 1083//1083 1087//1087
f 1082//1082 1087//1087 1086//1086
f 1083//1083 1084//1084 1088//1088
f 1084//1084 1089//1089 1097//1097
f 1083//1083 1088//1088 1087//1087
f 1084//1084 1097//1097 1088//1088
f 1085//1085 1086//1086 2215//2215
f 1086//1086 1087//1087 2216//2216
f 1087//1087 1088//1088 2217//2217
f 1088//1088 1097//1097 2222//2222
f 1089//1089 1090//1090 1098//1098
f 1090//1090 1091//1091 1099//1099
f 1089//1089 1098//1098 1097//1097
f 1090//1090 1099//1099 1098//1098
f 1091//1091 1092//1092 1100//1100
f 1091//1091 1100//1100 1099//1099
f 1092//1092 1101//1101 1100//1100
f 1092//1092 1093//1093 1101//1101
f 1093//1093 1094//1094 1102//1102
f 1093//1093 1102//1102 1101//1101
f 1094//1094 1095//1095 1103//1103
f 1095//1095 1096//1096 1104//1104
f 1094//1094 1103//1103 1102//1102
f 1095//1095 1104//1104 1103//1103
f 1097//1097 1098//1098 2223//2223
f 1098//1098 1099//1099 2224//2224
f 1099//1099 1100//1100 2225//2225
f 1100//1100 1101//1101 2226//2226
f 1101//1101 1102//1102 2227//2227
f 1102//1102 1103//1103 2228//2228
f 1103//1103 1104//1104 2229//2229
f 1105//1105 1106//1106 1108//1108
f 1106//1106 1107//1107 1109//1109
f 1107//1107 1115//1115 1112//1112
f 828//828 1108//1108 1109//1109
f 828//828 1109//1109 1110//1110
f 1106//1106 1109//1109 1108//1108
f 1109//1109 1112//1112 1110//1110
f 828//828 1110//1110 829//829
f 829//829 1110//1110 1111//1111
f 829//829 1111//1111 856//856
f 856//856 1111//1111 1128//1128
f 1110//1110 1113//1113 1111//1111
f 1111//1111 1114//1114 1128//1128
f 1107//1107 1112//1112 1109//1109
f 1110//1110 1112//1112 1113//1113
f 1112//1112 1117//1117 1113//1113
f 1113//1113 1117//1117 1118//1118
f 1111//1111 1113//1113 1114//1114
f 1114//1114 1131//1131 1128//1128
f 1113//1113 1118//1118 1114//1114
f 1114//1114 1118//1118 1119//1119
f 1114//1114 1119//1119 1131//1131
f 1119//1119 1149//1149 1131//1131
f 1115//1115 1116//1116 1117//1117
f 1112//1112 1115//1115 1117//1117
f 1117//1117 1123//1123 1118//1118
f 1116//1116 1123//1123 1117//1117
f 1118//1118 1123//1123 1121//1121
f 1118//1118 1121//1121 1119//1119
f 1116//1116 1120//1120 1123//1123
f 1119//1119 1122//1122 1149//1149
f 1119//1119 1121//1121 1122//1122
f 1122//1122 1151//1151 1149//1149
f 1121//1121 1123//1123 1124//1124
f 1120//1120 1124//1124 1123//1123
f 1121//1121 1124//1124 1125//1125
f 1121//1121 1125//1125 1122//1122
f 1122//1122 1125//1125 1126//1126
f 1122//1122 1126//1126 1151//1151
f 1126//1126 1155//1155 1151//1151
f 1126//1126 1171//1171 1155//1155
f 856//856 1128//1128 857//857
f 857//857 1128//1128 1127//1127
f 858//858 1127//1127 1129//1129
f 1127//1127 1128//1128 1131//1131
f 1127//1127 1131//1131 1132//1132
f 1127//1127 1132//1132 1129//1129
f 1129//1129 1132//1132 1133//1133
f 859//859 1129//1129 1130//1130
f 1129//1129 1133//1133 1130//1130
f 1130//1130 1134//1134 1135//1135
f 1130//1130 1133//1133 1134//1134
f 1132//1132 1150//1150 1133//1133
f 1131//1131 1149//1149 1132//1132
f 1132//1132 1149//1149 1150//1150
f 866//866 1130//1130 1135//1135
f 1135//1135 1144//1144 1136//1136
f 1134//1134 1144//1144 1135//1135
f 1136//1136 1141//1141 1137//1137
f 1133//1133 1150//1150 1139//1139
f 1133//1133 1139//1139 1134//1134
f 1134//1134 1140//1140 1144//1144
f 1134//1134 1139//1139 1140//1140
f 1136//1136 1144//1144 1141//1141
f 1137//1137 1142//1142 1138//1138
f 1137//1137 1141//1141 1142//1142
f 1138//1138 1142//1142 1143//1143
f 1141//1141 1144//1144 1145//1145
f 1140//1140 1145//1145 1144//1144
f 1141//1141 1145//1145 1146//1146
f 1141//1141 1146//1146 1142//1142
f 1142//1142 1146//1146 1147//1147
f 1142//1142 1147//1147 1143//1143
f 1143//1143 1147//1147 1148//1148
f 1147//1147 1161//1161 1148//1148
f 1149//1149 1151//1151 1150//1150
f 1139//1139 1150//1150 1152//1152
f 1150//1150 1151//1151 1152//1152
f 1139//1139 1152//1152 1153//1153
f 1139//1139 1153//1153 1140//1140
f 1140//1140 1154//1154 1145//1145
f 1140//1140 1153//1153 1154//1154
f 1154//1154 1158//1158 1159//1159
f 1151//1151 1155//1155 1152//1152
f 1152//1152 1155//1155 1156//1156
f 1152//1152 1156//1156 1153//1153
f 1153//1153 1156//1156 1157//1157
f 1155//1155 1187//1187 1156//1156
f 1156//1156 1188//1188 1157//1157
f 1153//1153 1157//1157 1154//1154
f 1154//1154 1157//1157 1158//1158
f 1157//1157 1189//1189 1158//1158
f 1158//1158 1190//1190 1164//1164
f 1145//1145 1159//1159 1146//1146
f 1145//1145 1154//1154 1159//1159
f 1146//1146 1159//1159 1160//1160
f 1159//1159 1164//1164 1160//1160
f 1146//1146 1160//1160 1147//1147
f 1147//1147 1160//1160 1161//1161
f 1148//1148 1161//1161 1162//1162
f 1160//1160 1163//1163 1161//1161
f 1161//1161 1165//1165 1162//1162
f 1158//1158 1164//1164 1159//1159
f 1160//1160 1164//1164 1163//1163
f 1163//1163 1164//1164 1195//1195
f 1161//1161 1163//1163 1165//1165
f 1162//1162 1165//1165 1166//1166
f 1163//1163 1196//1196 1165//1165
f 1165//1165 1197//1197 1166//1166
f 1166//1166 1197//1197 1198//1198
f 1120//1120 1167//1167 1124//1124
f 1167//1167 1168//1168 1169//1169
f 1168//1168 1175//1175 1172//1172
f 1124//1124 1169//1169 1125//1125
f 1124//1124 1167//1167 1169//1169
f 1125//1125 1169//1169 1170//1170
f 1169//1169 1172//1172 1170//1170
f 1125//1125 1170//1170 1126//1126
f 1126//1126 1170//1170 1171//1171
f 1155//1155 1171//1171 1187//1187
f 1170//1170 1173//1173 1171//1171
f 1171//1171 1174//1174 1187//1187
f 1168//1168 1172//1172 1169//1169
f 1170//1170 1172//1172 1173//1173
f 1172//1172 1178//1178 1173//1173
f 1171//1171 1173//1173 1174//1174
f 1173//1173 1179//1179 1174//1174
f 1174//1174 1191//1191 1187//1187
f 1174//1174 1179//1179 1180//1180
f 1174//1174 1180//1180 1191//1191
f 1180//1180 1203//1203 1191//1191
f 1175//1175 1176//1176 1178//1178
f 1176//1176 1177//1177 1181//1181
f 1172//1172 1175//1175 1178//1178
f 1173//1173 1178//1178 1179//1179
f 1178//1178 1181//1181 1179//1179
f 1176//1176 1181//1181 1178//1178
f 1179//1179 1181//1181 1182//1182
f 1179//1179 1182//1182 1180//1180
f 1180//1180 1182//1182 1185//1185
f 1180//1180 1185//1185 1203//1203
f 1185//1185 1207//1207 1203//1203
f 1177//1177 1183//1183 1181//1181
f 1181//1181 1183//1183 1182//1182
f 1182//1182 1183//1183 1184//1184
f 1182//1182 1184//1184 1185//1185
f 1185//1185 1186//1186 1207//1207
f 1184//1184 1186//1186 1185//1185
f 1186//1186 1209//1209 1207//1207
f 1156//1156 1187//1187 1188//1188
f 1157//1157 1188//1188 1189//1189
f 1187//1187 1191//1191 1188//1188
f 1188//1188 1192//1192 1189//1189
f 1158//1158 1189//1189 1190//1190
f 1189//1189 1193//1193 1190//1190
f 1190//1190 1194//1194 1195//1195
f 1188//1188 1191//1191 1192//1192
f 1189//1189 1192//1192 1193//1193
f 1191//1191 1203//1203 1192//1192
f 1192//1192 1203//1203 1204//1204
f 1192//1192 1204//1204 1193//1193
f 1193//1193 1204//1204 1205//1205
f 1190//1190 1193//1193 1194//1194
f 1193//1193 1205//1205 1194//1194
f 1194//1194 1206//1206 1199//1199
f 1194//1194 1205//1205 1206//1206
f 1164//1164 1190//1190 1195//1195
f 1163//1163 1195//1195 1196//1196
f 1195//1195 1199//1199 1196//1196
f 1194//1194 1199//1199 1195//1195
f 1196//1196 1199//1199 1200//1200
f 1165//1165 1196//1196 1197//1197
f 1196//1196 1200//1200 1197//1197
f 1197//1197 1200//1200 1201//1201
f 1197//1197 1201//1201 1198//1198
f 1198//1198 1201//1201 1202//1202
f 1199//1199 1215//1215 1200//1200
f 1199//1199 1206//1206 1215//1215
f 1200//1200 1215//1215 1216//1216
f 1200//1200 1216//1216 1201//1201
f 1201//1201 1216//1216 1219//1219
f 1201//1201 1219//1219 1202//1202
f 1202//1202 1219//1219 1220//1220
f 1203//1203 1207//1207 1204//1204
f 1204//1204 1207//1207 1208//1208
f 1204//1204 1208//1208 1205//1205
f 1205//1205 1208//1208 1211//1211
f 1206//1206 1212//1212 1215//1215
f 1205//1205 1211//1211 1206//1206
f 1206//1206 1211//1211 1212//1212
f 1207//1207 1209//1209 1208//1208
f 1208//1208 1210//1210 1211//1211
f 1208//1208 1209//1209 1210//1210
f 1210//1210 1213//1213 1211//1211
f 1211//1211 1213//1213 1212//1212
f 1212//1212 1214//1214 1217//1217
f 1212//1212 1213//1213 1214//1214
f 1215//1215 1217//1217 1216//1216
f 1212//1212 1217//1217 1215//1215
f 1216//1216 1217//1217 1221//1221
f 1217//1217 1218//1218 1221//1221
f 1214//1214 1218//1218 1217//1217
f 1216//1216 1221//1221 1219//1219
f 1219//1219 1223//1223 1220//1220
f 1219//1219 1221//1221 1223//1223
f 1220//1220 1223//1223 1224//1224
f 1218//1218 1222//1222 1221//1221
f 1221//1221 1222//1222 1223//1223
f 1223//1223 1225//1225 1224//1224
f 1222//1222 1225//1225 1223//1223
f 1224//1224 1225//1225 1226//1226
f 453//453 1254//1254 1246//1246
f 968//968 2367//2367 1254//1254
f 968//968 1408//1408 2367//2367
f 1096//1096 1227//1227 1233//1233
f 1227//1227 1228//1228 1234//1234
f 1096//1096 1233//1233 1104//1104
f 1227//1227 1234//1234 1233//1233
f 1228//1228 1229//1229 1235//1235
f 1228//1228 1235//1235 1234//1234
f 1229//1229 1236//1236 1235//1235
f 1229//1229 1230//1230 1236//1236
f 1230//1230 1231//1231 1237//1237
f 1230//1230 1237//1237 1236//1236
f 1231//1231 1232//1232 1238//1238
f 1232//1232 1239//1239 1247//1247
f 1231//1231 1238//1238 1237//1237
f 1232//1232 1247//1247 1238//1238
f 1104//1104 1233//1233 2348//2348
f 1233//1233 1234//1234 2349//2349
f 1234//1234 1235//1235 2350//2350
f 1235//1235 1236//1236 2351//2351
f 1236//1236 1237//1237 2352//2352
f 1237//1237 1238//1238 2353//2353
f 1238//1238 1247//1247 2360//2360
f 1239//1239 1240//1240 1248//1248
f 1240//1240 1241//1241 1249//1249
f 1239//1239 1248//1248 1247//1247
f 1240//1240 1249//1249 1248//1248
f 1241//1241 1242//1242 1250//1250
f 1241//1241 1250//1250 1249//1249
f 1242//1242 1251//1251 1250//1250
f 1242//1242 1243//1243 1251//1251
f 1243//1243 1244//1244 1252//1252
f 1243//1243 1252//1252 1251//1251
f 1244//1244 1245//1245 1253//1253
f 1245//1245 1246//1246 1254//1254
f 1244//1244 1253//1253 1252//1252
f 1245//1245 1254//1254 1253//1253
f 1247//1247 1248//1248 2361//2361
f 1248//1248 1249//1249 2362//2362
f 1249//1249 1250//1250 2363//2363
f 1250//1250 1251//1251 2364//2364
f 1251//1251 1252//1252 2365//2365
f 1252//1252 1253//1253 2366//2366
f 1253//1253 1254//1254 2367//2367
f 1036//1036 1138//1138 1143//1143
f 1036//1036 1255//1255 1037//1037
f 1037//1037 1255//1255 1256//1256
f 1036//1036 1143//1143 1255//1255
f 1037//1037 1256//1256 1038//1038
f 1038//1038 1257//1257 1040//1040
f 1038//1038 1256//1256 1257//1257
f 1256//1256 1260//1260 1257//1257
f 1257//1257 1259//1259 1261//1261
f 1143//1143 1148//1148 1255//1255
f 1148//1148 1258//1258 1255//1255
f 1255//1255 1258//1258 1256//1256
f 1256//1256 1258//1258 1260//1260
f 1148//1148 1162//1162 1258//1258
f 1258//1258 1267//1267 1260//1260
f 1257//1257 1260//1260 1259//1259
f 1259//1259 1260//1260 1268//1268
f 1259//1259 1269//1269 1264//1264
f 1040//1040 1257//1257 1261//1261
f 1041//1041 1261//1261 1262//1262
f 1261//1261 1264//1264 1262//1262
f 1042//1042 1262//1262 1263//1263
f 1068//1068 1263//1263 1279//1279
f 1262//1262 1265//1265 1263//1263
f 1263//1263 1266//1266 1279//1279
f 1266//1266 1283//1283 1279//1279
f 1259//1259 1264//1264 1261//1261
f 1262//1262 1264//1264 1265//1265
f 1264//1264 1273//1273 1265//1265
f 1265//1265 1273//1273 1274//1274
f 1263//1263 1265//1265 1266//1266
f 1265//1265 1274//1274 1266//1266
f 1266//1266 1274//1274 1275//1275
f 1266//1266 1275//1275 1283//1283
f 1275//1275 1300//1300 1283//1283
f 1162//1162 1267//1267 1258//1258
f 1260//1260 1267//1267 1268//1268
f 1162//1162 1166//1166 1267//1267
f 1267//1267 1270//1270 1268//1268
f 1259//1259 1268//1268 1269//1269
f 1268//1268 1271//1271 1269//1269
f 1269//1269 1272//1272 1273//1273
f 1269//1269 1271//1271 1272//1272
f 1166//1166 1270//1270 1267//1267
f 1268//1268 1270//1270 1271//1271
f 1166//1166 1198//1198 1270//1270
f 1198//1198 1318//1318 1270//1270
f 1270//1270 1318//1318 1271//1271
f 1271//1271 1318//1318 1319//1319
f 1271//1271 1319//1319 1272//1272
f 1272//1272 1320//1320 1276//1276
f 1272//1272 1319//1319 1320//1320
f 1264//1264 1269//1269 1273//1273
f 1273//1273 1276//1276 1274//1274
f 1272//1272 1276//1276 1273//1273
f 1274//1274 1276//1276 1277//1277
f 1275//1275 1278//1278 1300//1300
f 1274//1274 1277//1277 1275//1275
f 1275//1275 1277//1277 1278//1278
f 1278//1278 1305//1305 1300//1300
f 1276//1276 1324//1324 1277//1277
f 1276//1276 1320//1320 1324//1324
f 1277//1277 1324//1324 1325//1325
f 1277//1277 1325//1325 1278//1278
f 1278//1278 1326//1326 1305//1305
f 1278//1278 1325//1325 1326//1326
f 1305//1305 1326//1326 1451//1451
f 968//968 1416//1416 1415//1415
f 968//968 1418//1418 1413//1413
f 968//968 1417//1417 1414//1414
f 968//968 1415//1415 1417//1417
f 968//968 1414//1414 1418//1418
f 968//968 1461//1461 1468//1468
f 968//968 1462//1462 1461//1461
f 968//968 1471//1471 1462//1462
f 968//968 1466//1466 1464//1464
f 968//968 1464//1464 1469//1469
f 968//968 1469//1469 1349//1349
f 968//968 1349//1349 1416//1416
f 968//968 1465//1465 1466//1466
f 968//968 1467//1467 1465//1465
f 968//968 1468//1468 1467//1467
f 968//968 1479//1479 1471//1471
f 968//968 1404//1404 1403//1403
f 968//968 1403//1403 1409//1409
f 968//968 1409//1409 1408//1408
f 968//968 1406//1406 1405//1405
f 968//968 1405//1405 1407//1407
f 968//968 1407//1407 1404//1404
f 968//968 1421//1421 1406//1406
f 968//968 1422//1422 1421//1421
f 968//968 1419//1419 1423//1423
f 968//968 1413//1413 1420//1420
f 968//968 1420//1420 1419//1419
f 968//968 1423//1423 1422//1422
f 1069//1069 1279//1279 1280//1280
f 1279//1279 1283//1283 1280//1280
f 1280//1280 1283//1283 1284//1284
f 1280//1280 1284//1284 1281//1281
f 1281//1281 1284//1284 1285//1285
f 1281//1281 1285//1285 1282//1282
f 1282//1282 1286//1286 1288//1288
f 1282//1282 1285//1285 1286//1286
f 1283//1283 1300//1300 1284//1284
f 1284//1284 1301//1301 1285//1285
f 1284//1284 1300//1300 1301//1301
f 1285//1285 1301//1301 1302//1302
f 1285//1285 1302//1302 1286//1286
f 1286//1286 1287//1287 1292//1292
f 1286//1286 1302//1302 1287//1287
f 1288//1288 1292//1292 1289//1289
f 1075//1075 1291//1291 1299//1299
f 1286//1286 1292//1292 1288//1288
f 1289//1289 1292//1292 1293//1293
f 1289//1289 1293//1293 1290//1290
f 1290//1290 1294//1294 1291//1291
f 1290//1290 1293//1293 1294//1294
f 1291//1291 1294//1294 1295//1295
f 1291//1291 1295//1295 1299//1299
f 1292//1292 1296//1296 1293//1293
f 1287//1287 1296//1296 1292//1292
f 1293//1293 1296//1296 1297//1297
f 1293//1293 1297//1297 1294//1294
f 1294//1294 1298//1298 1295//1295
f 1294//1294 1297//1297 1298//1298
f 1295//1295 1298//1298 1299//1299
f 1300//1300 1305//1305 1301//1301
f 1301//1301 1306//1306 1302//1302
f 1301//1301 1305//1305 1306//1306
f 1302//1302 1306//1306 1303//1303
f 1287//1287 1302//1302 1303//1303
f 1287//1287 1304//1304 1296//1296
f 1287//1287 1303//1303 1304//1304
f 1305//1305 1451//1451 1306//1306
f 1303//1303 1306//1306 1307//1307
f 1306//1306 1451//1451 1307//1307
f 1303//1303 1307//1307 1308//1308
f 1303//1303 1308//1308 1304//1304
f 1304//1304 1309//1309 1310//1310
f 1304//1304 1308//1308 1309//1309
f 1296//1296 1310//1310 1297//1297
f 1296//1296 1304//1304 1310//1310
f 1297//1297 1310//1310 1311//1311
f 1297//1297 1311//1311 1298//1298
f 1075//1075 1299//1299 1479//1479
f 1298//1298 1312//1312 1299//1299
f 1298//1298 1311//1311 1312//1312
f 1299//1299 1312//1312 1313//1313
f 1299//1299 1313//1313 1317//1317
f 1310//1310 1314//1314 1311//1311
f 1309//1309 1314//1314 1310//1310
f 1311//1311 1314//1314 1315//1315
f 1311//1311 1315//1315 1312//1312
f 1312//1312 1316//1316 1313//1313
f 1312//1312 1315//1315 1316//1316
f 1313//1313 1316//1316 1317//1317
f 1299//1299 1317//1317 1479//1479
f 1198//1198 1202//1202 1318//1318
f 1202//1202 1321//1321 1318//1318
f 1318//1318 1321//1321 1319//1319
f 1319//1319 1321//1321 1322//1322
f 1320//1320 1323//1323 1324//1324
f 1319//1319 1322//1322 1320//1320
f 1320//1320 1322//1322 1323//1323
f 1202//1202 1220//1220 1321//1321
f 1321//1321 1330//1330 1322//1322
f 1220//1220 1330//1330 1321//1321
f 1322//1322 1330//1330 1331//1331
f 1322//1322 1331//1331 1323//1323
f 1323//1323 1332//1332 1327//1327
f 1323//1323 1331//1331 1332//1332
f 1324//1324 1327//1327 1325//1325
f 1323//1323 1327//1327 1324//1324
f 1325//1325 1327//1327 1328//1328
f 1325//1325 1328//1328 1326//1326
f 1326//1326 1329//1329 1451//1451
f 1326//1326 1328//1328 1329//1329
f 1329//1329 1455//1455 1451//1451
f 1327//1327 1339//1339 1328//1328
f 1327//1327 1332//1332 1339//1339
f 1328//1328 1339//1339 1340//1340
f 1328//1328 1340//1340 1329//1329
f 1329//1329 1341//1341 1455//1455
f 1329//1329 1340//1340 1341//1341
f 1341//1341 1487//1487 1455//1455
f 1220//1220 1224//1224 1330//1330
f 1330//1330 1333//1333 1331//1331
f 1224//1224 1333//1333 1330//1330
f 1331//1331 1333//1333 1335//1335
f 1331//1331 1335//1335 1332//1332
f 1332//1332 1336//1336 1339//1339
f 1332//1332 1335//1335 1336//1336
f 1224//1224 1226//1226 1333//1333
f 1333//1333 1334//1334 1335//1335
f 1226//1226 1334//1334 1333//1333
f 1334//1334 1337//1337 1335//1335
f 1335//1335 1337//1337 1336//1336
f 1336//1336 1338//1338 1342//1342
f 1336//1336 1337//1337 1338//1338
f 1339//1339 1342//1342 1340//1340
f 1336//1336 1342//1342 1339//1339
f 1340//1340 1342//1342 1344//1344
f 1340//1340 1344//1344 1341//1341
f 1341//1341 1346//1346 1487//1487
f 1341//1341 1344//1344 1346//1346
f 1346//1346 1488//1488 1487//1487
f 1342//1342 1343//1343 1344//1344
f 1338//1338 1343//1343 1342//1342
f 1343//1343 1345//1345 1344//1344
f 1344//1344 1345//1345 1346//1346
f 1346//1346 1347//1347 1488//1488
f 1345//1345 1347//1347 1346//1346
f 1347//1347 1492//1492 1488//1488
f 1408//1408 1412//1412 1410//1410
f 1402//1402 1410//1410 1411//1411
f 1419//1419 1424//1424 1423//1423
f 1419//1419 1425//1425 1424//1424
f 1419//1419 1426//1426 1425//1425
f 1429//1429 1430//1430 1428//1428
f 1431//1431 1430//1430 1429//1429
f 1431//1431 1429//1429 1433//1433
f 1432//1432 1433//1433 1429//1429
f 1419//1419 1427//1427 1426//1426
f 1419//1419 1438//1438 1427//1427
f 1419//1419 2495//2495 1438//1438
f 2495//2495 2494//2494 1438//1438
f 1436//1436 1442//1442 1440//1440
f 1436//1436 1437//1437 1442//1442
f 1440//1440 1441//1441 1439//1439
f 1439//1439 1441//1441 2500//2500
f 2498//2498 1439//1439 2500//2500
f 1441//1441 1440//1440 1442//1442
f 1307//1307 1451//1451 1455//1455
f 1307//1307 1452//1452 1308//1308
f 1307//1307 1455//1455 1452//1452
f 1308//1308 1452//1452 1453//1453
f 1308//1308 1453//1453 1309//1309
f 1309//1309 1454//1454 1314//1314
f 1309//1309 1453//1453 1454//1454
f 1452//1452 1455//1455 1487//1487
f 1452//1452 1456//1456 1453//1453
f 1452//1452 1487//1487 1456//1456
f 1453//1453 1456//1456 1457//1457
f 1453//1453 1457//1457 1454//1454
f 1454//1454 1458//1458 1472//1472
f 1454//1454 1457//1457 1458//1458
f 1462//1462 1471//1471 1470//1470
f 1314//1314 1472//1472 1315//1315
f 1314//1314 1454//1454 1472//1472
f 1315//1315 1472//1472 1473//1473
f 1315//1315 1473//1473 1316//1316
f 1316//1316 1474//1474 1317//1317
f 1316//1316 1473//1473 1474//1474
f 1317//1317 1474//1474 1475//1475
f 1317//1317 1475//1475 1479//1479
f 1472//1472 1476//1476 1473//1473
f 1458//1458 1476//1476 1472//1472
f 1473//1473 1476//1476 1477//1477
f 1473//1473 1477//1477 1474//1474
f 1474//1474 1478//1478 1475//1475
f 1474//1474 1477//1477 1478//1478
f 1475//1475 1478//1478 1479//1479
f 1456//1456 1487//1487 1488//1488
f 1456//1456 1489//1489 1457//1457
f 1456//1456 1488//1488 1489//1489
f 1457//1457 1489//1489 1490//1490
f 1457//1457 1490//1490 1458//1458
f 1458//1458 1491//1491 1476//1476
f 1458//1458 1490//1490 1491//1491
f 1488//1488 1492//1492 1489//1489
f 1489//1489 1493//1493 1490//1490
f 1489//1489 1492//1492 1493//1493
f 1490//1490 1493//1493 1494//1494
f 1490//1490 1494//1494 1491//1491
f 1491//1491 1495//1495 1502//1502
f 1491//1491 1494//1494 1495//1495
f 1479//1479 1499//1499 1471//1471
f 1497//1497 1434//1434 1496//1496
f 1434//1434 1497//1497 1435//1435
f 1498//1498 1499//1499 1501//1501
f 2610//2610 1500//1500 1501//1501
f 1479//1479 2609//2609 2608//2608
f 1479//1479 1501//1501 1499//1499
f 1479//1479 2608//2608 2610//2610
f 1479//1479 2610//2610 1501//1501
f 1479//1479 2514//2514 2609//2609
f 1479//1479 2611//2611 2514//2514
f 1479//1479 2612//2612 2611//2611
f 1479//1479 2613//2613 2612//2612
f 1479//1479 2614//2614 2613//2613
f 1479//1479 2615//2615 2614//2614
f 1479//1479 2616//2616 2615//2615
f 1476//1476 1502//1502 1477//1477
f 1476//1476 1491//1491 1502//1502
f 1477//1477 1502//1502 1503//1503
f 1477//1477 1503//1503 1478//1478
f 1478//1478 1504//1504 1479//1479
f 1478//1478 1503//1503 1504//1504
f 1479//1479 1504//1504 1505//1505
f 1479//1479 1505//1505 1509//1509
f 1502//1502 1506//1506 1503//1503
f 1495//1495 1506//1506 1502//1502
f 1503//1503 1506//1506 1507//1507
f 1479//1479 2617//2617 2616//2616
f 1479//1479 2618//2618 2617//2617
f 1479//1479 2619//2619 2618//2618
f 1479//1479 2621//2621 2619//2619
f 1479//1479 2622//2622 2621//2621
f 1479//1479 2623//2623 2622//2622
f 1479//1479 2650//2650 2623//2623
f 1479//1479 2653//2653 2650//2650
f 1503//1503 1507//1507 1504//1504
f 1504//1504 1508//1508 1505//1505
f 1504//1504 1507//1507 1508//1508
f 1505//1505 1508//1508 1509//1509
f 1561//1561 1567//1567 1562//1562
f 1562//1562 1571//1571 1563//1563
f 1564//1564 1565//1565 1566//1566
f 1564//1564 1566//1566 1567//1567
f 1561//1561 1564//1564 1567//1567
f 1565//1565 1568//1568 1569//1569
f 1568//1568 1581//1581 1583//1583
f 1565//1565 1569//1569 1566//1566
f 1568//1568 1583//1583 1569//1569
f 1566//1566 1570//1570 1567//1567
f 1562//1562 1567//1567 1571//1571
f 1567//1567 1570//1570 1571//1571
f 1563//1563 1571//1571 1575//1575
f 1570//1570 1576//1576 1571//1571
f 1566//1566 1569//1569 1572//1572
f 1566//1566 1572//1572 1570//1570
f 1569//1569 1583//1583 1589//1589
f 1569//1569 1589//1589 1572//1572
f 1563//1563 1575//1575 1573//1573
f 1573//1573 1578//1578 1574//1574
f 1574//1574 1622//1622 1621//1621
f 1571//1571 1576//1576 1575//1575
f 1573//1573 1575//1575 1578//1578
f 1575//1575 1576//1576 1579//1579
f 1570//1570 1572//1572 1577//1577
f 1572//1572 1589//1589 1605//1605
f 1572//1572 1605//1605 1577//1577
f 1577//1577 1605//1605 1610//1610
f 1570//1570 1577//1577 1576//1576
f 1576//1576 1577//1577 1580//1580
f 1575//1575 1579//1579 1578//1578
f 1574//1574 1578//1578 1622//1622
f 1578//1578 1623//1623 1622//1622
f 1578//1578 1579//1579 1623//1623
f 1576//1576 1580//1580 1579//1579
f 1577//1577 1610//1610 1580//1580
f 1579//1579 1580//1580 1625//1625
f 1579//1579 1625//1625 1623//1623
f 1580//1580 1610//1610 1643//1643
f 1581//1581 1582//1582 1584//1584
f 1582//1582 1585//1585 1587//1587
f 1581//1581 1584//1584 1583//1583
f 1582//1582 1587//1587 1584//1584
f 1585//1585 1586//1586 1588//1588
f 1585//1585 1588//1588 1587//1587
f 1586//1586 1602//1602 1588//1588
f 1583//1583 1584//1584 1590//1590
f 1583//1583 1590//1590 1589//1589
f 1584//1584 1587//1587 1591//1591
f 1584//1584 1591//1591 1590//1590
f 1587//1587 1592//1592 1591//1591
f 1587//1587 1588//1588 1592//1592
f 1588//1588 1603//1603 1592//1592
f 1593//1593 1594//1594 1601//1601
f 1593//1593 1595//1595 1597//1597
f 1595//1595 1596//1596 1598//1598
f 1593//1593 1597//1597 1594//1594
f 1595//1595 1598//1598 1597//1597
f 1594//1594 1597//1597 1599//1599
f 1597//1597 1598//1598 1600//1600
f 1594//1594 1599//1599 1604//1604
f 1597//1597 1600//1600 1599//1599
f 1586//1586 1601//1601 1602//1602
f 1594//1594 1602//1602 1601//1601
f 1588//1588 1602//1602 1603//1603
f 1594//1594 1604//1604 1602//1602
f 1602//1602 1604//1604 1603//1603
f 1589//1589 1590//1590 1606//1606
f 1589//1589 1606//1606 1605//1605
f 1590//1590 1591//1591 1607//1607
f 1590//1590 1607//1607 1606//1606
f 1605//1605 1606//1606 1609//1609
f 1606//1606 1607//1607 1611//1611
f 1591//1591 1608//1608 1607//1607
f 1591//1591 1592//1592 1608//1608
f 1592//1592 1614//1614 1608//1608
f 1607//1607 1608//1608 1612//1612
f 1605//1605 1609//1609 1610//1610
f 1606//1606 1611//1611 1609//1609
f 1609//1609 1611//1611 1646//1646
f 1609//1609 1644//1644 1610//1610
f 1607//1607 1612//1612 1611//1611
f 1608//1608 1617//1617 1612//1612
f 1611//1611 1612//1612 1645//1645
f 1599//1599 1616//1616 1604//1604
f 1599//1599 1600//1600 1613//1613
f 1599//1599 1613//1613 1616//1616
f 1592//1592 1603//1603 1614//1614
f 1603//1603 1615//1615 1614//1614
f 1603//1603 1604//1604 1615//1615
f 1604//1604 1616//1616 1615//1615
f 1608//1608 1614//1614 1617//1617
f 1614//1614 1618//1618 1617//1617
f 1614//1614 1615//1615 1618//1618
f 1612//1612 1617//1617 1653//1653
f 1617//1617 1618//1618 1654//1654
f 1615//1615 1616//1616 1619//1619
f 1615//1615 1619//1619 1618//1618
f 1613//1613 1620//1620 1616//1616
f 1616//1616 1620//1620 1619//1619
f 1618//1618 1619//1619 1655//1655
f 1621//1621 1624//1624 1628//1628
f 1621//1621 1622//1622 1624//1624
f 1622//1622 1623//1623 1626//1626
f 1622//1622 1626//1626 1624//1624
f 1580//1580 1643//1643 1625//1625
f 1623//1623 1625//1625 1627//1627
f 1623//1623 1627//1627 1626//1626
f 1625//1625 1643//1643 1647//1647
f 1625//1625 1647//1647 1627//1627
f 1626//1626 1627//1627 1632//1632
f 1627//1627 1647//1647 1649//1649
f 1627//1627 1649//1649 1632//1632
f 1628//1628 1630//1630 1629//1629
f 1624//1624 1630//1630 1628//1628
f 1624//1624 1626//1626 1631//1631
f 1624//1624 1631//1631 1630//1630
f 1629//1629 1630//1630 1636//1636
f 1626//1626 1632//1632 1631//1631
f 1629//1629 1636//1636 1633//1633
f 1633//1633 1639//1639 1634//1634
f 1634//1634 1641//1641 1635//1635
f 1630//1630 1637//1637 1636//1636
f 1630//1630 1631//1631 1637//1637
f 1633//1633 1636//1636 1639//1639
f 1636//1636 1637//1637 1640//1640
f 1631//1631 1632//1632 1638//1638
f 1631//1631 1638//1638 1637//1637
f 1632//1632 1649//1649 1671//1671
f 1632//1632 1671//1671 1638//1638
f 1637//1637 1638//1638 1642//1642
f 1638//1638 1671//1671 1675//1675
f 1636//1636 1640//1640 1639//1639
f 1634//1634 1639//1639 1641//1641
f 1639//1639 1837//1837 1641//1641
f 1639//1639 1640//1640 1837//1837
f 1637//1637 1642//1642 1640//1640
f 1638//1638 1675//1675 1642//1642
f 1640//1640 1642//1642 1838//1838
f 1640//1640 1838//1838 1837//1837
f 1642//1642 1675//1675 1850//1850
f 1642//1642 1850//1850 1838//1838
f 1610//1610 1644//1644 1643//1643
f 1609//1609 1646//1646 1644//1644
f 1643//1643 1644//1644 1648//1648
f 1643//1643 1648//1648 1647//1647
f 1644//1644 1646//1646 1651//1651
f 1644//1644 1651//1651 1648//1648
f 1611//1611 1645//1645 1646//1646
f 1612//1612 1653//1653 1645//1645
f 1646//1646 1652//1652 1651//1651
f 1645//1645 1652//1652 1646//1646
f 1647//1647 1648//1648 1650//1650
f 1648//1648 1651//1651 1661//1661
f 1647//1647 1650//1650 1649//1649
f 1648//1648 1661//1661 1650//1650
f 1645//1645 1658//1658 1652//1652
f 1651//1651 1662//1662 1661//1661
f 1651//1651 1652//1652 1662//1662
f 1652//1652 1663//1663 1662//1662
f 1617//1617 1654//1654 1653//1653
f 1645//1645 1653//1653 1658//1658
f 1653//1653 1654//1654 1657//1657
f 1618//1618 1655//1655 1654//1654
f 1619//1619 1620//1620 1656//1656
f 1619//1619 1656//1656 1655//1655
f 1654//1654 1655//1655 1659//1659
f 1655//1655 1656//1656 1660//1660
f 1653//1653 1657//1657 1658//1658
f 1652//1652 1658//1658 1663//1663
f 1658//1658 1664//1664 1663//1663
f 1657//1657 1664//1664 1658//1658
f 1654//1654 1659//1659 1657//1657
f 1655//1655 1660//1660 1659//1659
f 1659//1659 1660//1660 1667//1667
f 1657//1657 1659//1659 1666//1666
f 1657//1657 1666//1666 1664//1664
f 1650//1650 1661//1661 1673//1673
f 1661//1661 1662//1662 1674//1674
f 1661//1661 1674//1674 1673//1673
f 1662//1662 1665//1665 1674//1674
f 1662//1662 1663//1663 1665//1665
f 1663//1663 1664//1664 1668//1668
f 1663//1663 1668//1668 1665//1665
f 1659//1659 1667//1667 1666//1666
f 1664//1664 1666//1666 1669//1669
f 1664//1664 1669//1669 1668//1668
f 1666//1666 1667//1667 1670//1670
f 1666//1666 1670//1670 1669//1669
f 1665//1665 1668//1668 1680//1680
f 1668//1668 1669//1669 1681//1681
f 1669//1669 1670//1670 1682//1682
f 1669//1669 1682//1682 1681//1681
f 1649//1649 1650//1650 1672//1672
f 1649//1649 1672//1672 1671//1671
f 1650//1650 1673//1673 1672//1672
f 1671//1671 1672//1672 1676//1676
f 1671//1671 1676//1676 1675//1675
f 1672//1672 1673//1673 1677//1677
f 1672//1672 1677//1677 1676//1676
f 1675//1675 1676//1676 1851//1851
f 1676//1676 1677//1677 1854//1854
f 1675//1675 1851//1851 1850//1850
f 1673//1673 1678//1678 1677//1677
f 1673//1673 1674//1674 1678//1678
f 1674//1674 1679//1679 1678//1678
f 1677//1677 1678//1678 1855//1855
f 1665//1665 1679//1679 1674//1674
f 1665//1665 1680//1680 1679//1679
f 1678//1678 1679//1679 1862//1862
f 1668//1668 1681//1681 1680//1680
f 567//567 1683//1683 1685//1685
f 1683//1683 1684//1684 1685//1685
f 567//567 1685//1685 1686//1686
f 568//568 1686//1686 1687//1687
f 569//569 1687//1687 1688//1688
f 570//570 1688//1688 1689//1689
f 1685//1685 2219//2219 1686//1686
f 1686//1686 2219//2219 1687//1687
f 1687//1687 2219//2219 2220//2220
f 1687//1687 2220//2220 1688//1688
f 1688//1688 2221//2221 1689//1689
f 1688//1688 2220//2220 2221//2221
f 1689//1689 2221//2221 2230//2230
f 571//571 1689//1689 1690//1690
f 572//572 1690//1690 1691//1691
f 573//573 1691//1691 1692//1692
f 574//574 1692//1692 1693//1693
f 575//575 1693//1693 1694//1694
f 576//576 1694//1694 1695//1695
f 577//577 1695//1695 1696//1696
f 1689//1689 2230//2230 1690//1690
f 1690//1690 2231//2231 1691//1691
f 1690//1690 2230//2230 2231//2231
f 1691//1691 2231//2231 2232//2232
f 1691//1691 2232//2232 1692//1692
f 1692//1692 2233//2233 1693//1693
f 1692//1692 2232//2232 2233//2233
f 1693//1693 2234//2234 1694//1694
f 1693//1693 2233//2233 2234//2234
f 1694//1694 2234//2234 2235//2235
f 1694//1694 2235//2235 1695//1695
f 1695//1695 2236//2236 1696//1696
f 1695//1695 2235//2235 2236//2236
f 1696//1696 2236//2236 2237//2237
f 1596//1596 1697//1697 1698//1698
f 1697//1697 1699//1699 1701//1701
f 1596//1596 1698//1698 1598//1598
f 1697//1697 1701//1701 1698//1698
f 1699//1699 1700//1700 1702//1702
f 1699//1699 1702//1702 1701//1701
f 1700//1700 1709//1709 1702//1702
f 1598//1598 1698//1698 1703//1703
f 1698//1698 1701//1701 1704//1704
f 1598//1598 1703//1703 1600//1600
f 1698//1698 1704//1704 1703//1703
f 1701//1701 1702//1702 1705//1705
f 1701//1701 1705//1705 1704//1704
f 1702//1702 1712//1712 1705//1705
f 1700//1700 1708//1708 1709//1709
f 1706//1706 1707//1707 1708//1708
f 1707//1707 1709//1709 1708//1708
f 1706//1706 1710//1710 1711//1711
f 1710//1710 1727//1727 1731//1731
f 1706//1706 1711//1711 1707//1707
f 1710//1710 1731//1731 1711//1711
f 1702//1702 1709//1709 1712//1712
f 1707//1707 1713//1713 1709//1709
f 1709//1709 1713//1713 1712//1712
f 1707//1707 1711//1711 1714//1714
f 1711//1711 1731//1731 1733//1733
f 1711//1711 1733//1733 1714//1714
f 1707//1707 1714//1714 1713//1713
f 1600//1600 1703//1703 1715//1715
f 1703//1703 1704//1704 1716//1716
f 1600//1600 1715//1715 1613//1613
f 1703//1703 1716//1716 1715//1715
f 1704//1704 1705//1705 1717//1717
f 1704//1704 1717//1717 1716//1716
f 1705//1705 1721//1721 1717//1717
f 1613//1613 1715//1715 1718//1718
f 1715//1715 1716//1716 1719//1719
f 1715//1715 1719//1719 1718//1718
f 1716//1716 1720//1720 1719//1719
f 1716//1716 1717//1717 1720//1720
f 1717//1717 1724//1724 1720//1720
f 1613//1613 1718//1718 1620//1620
f 1705//1705 1712//1712 1721//1721
f 1712//1712 1713//1713 1722//1722
f 1712//1712 1722//1722 1721//1721
f 1714//1714 1733//1733 1745//1745
f 1713//1713 1714//1714 1723//1723
f 1713//1713 1723//1723 1722//1722
f 1714//1714 1745//1745 1723//1723
f 1717//1717 1721//1721 1724//1724
f 1721//1721 1722//1722 1725//1725
f 1721//1721 1725//1725 1724//1724
f 1722//1722 1723//1723 1726//1726
f 1723//1723 1745//1745 1749//1749
f 1722//1722 1726//1726 1725//1725
f 1723//1723 1749//1749 1726//1726
f 1727//1727 1728//1728 1732//1732
f 1728//1728 1729//1729 1734//1734
f 1727//1727 1732//1732 1731//1731
f 1728//1728 1734//1734 1732//1732
f 1729//1729 1730//1730 1735//1735
f 1729//1729 1735//1735 1734//1734
f 1730//1730 1740//1740 1735//1735
f 1731//1731 1732//1732 1744//1744
f 1732//1732 1734//1734 1746//1746
f 1731//1731 1744//1744 1733//1733
f 1732//1732 1746//1746 1744//1744
f 1734//1734 1735//1735 1747//1747
f 1734//1734 1747//1747 1746//1746
f 1735//1735 1752//1752 1747//1747
f 1730//1730 1736//1736 1740//1740
f 1736//1736 1737//1737 1741//1741
f 1736//1736 1741//1741 1740//1740
f 1737//1737 1738//1738 1742//1742
f 680//680 1755//1755 1739//1739
f 1738//1738 1739//1739 1743//1743
f 1737//1737 1742//1742 1741//1741
f 1738//1738 1743//1743 1742//1742
f 1735//1735 1740//1740 1752//1752
f 1740//1740 1741//1741 1753//1753
f 1740//1740 1753//1753 1752//1752
f 1741//1741 1742//1742 1754//1754
f 1739//1739 1755//1755 1743//1743
f 1742//1742 1743//1743 1755//1755
f 1741//1741 1754//1754 1753//1753
f 1742//1742 1755//1755 1754//1754
f 1733//1733 1744//1744 1748//1748
f 1744//1744 1746//1746 1750//1750
f 1733//1733 1748//1748 1745//1745
f 1744//1744 1750//1750 1748//1748
f 1746//1746 1747//1747 1751//1751
f 1746//1746 1751//1751 1750//1750
f 1747//1747 1756//1756 1751//1751
f 1745//1745 1748//1748 1784//1784
f 1748//1748 1750//1750 1787//1787
f 1748//1748 1787//1787 1784//1784
f 1745//1745 1784//1784 1749//1749
f 1750//1750 1751//1751 1788//1788
f 1750//1750 1788//1788 1787//1787
f 1751//1751 1794//1794 1788//1788
f 1747//1747 1752//1752 1756//1756
f 1752//1752 1753//1753 1757//1757
f 1752//1752 1757//1757 1756//1756
f 1753//1753 1754//1754 1758//1758
f 1754//1754 1755//1755 1759//1759
f 1753//1753 1758//1758 1757//1757
f 1754//1754 1759//1759 1758//1758
f 1751//1751 1756//1756 1794//1794
f 1756//1756 1757//1757 1795//1795
f 1756//1756 1795//1795 1794//1794
f 1757//1757 1758//1758 1796//1796
f 1755//1755 1797//1797 1759//1759
f 1758//1758 1759//1759 1797//1797
f 1757//1757 1796//1796 1795//1795
f 1758//1758 1797//1797 1796//1796
f 255//255 2179//2179 1755//1755
f 1718//1718 1719//1719 1761//1761
f 1719//1719 1762//1762 1761//1761
f 1719//1719 1720//1720 1762//1762
f 1720//1720 1766//1766 1762//1762
f 1620//1620 1718//1718 1760//1760
f 1620//1620 1760//1760 1656//1656
f 1718//1718 1761//1761 1760//1760
f 1656//1656 1760//1760 1763//1763
f 1760//1760 1761//1761 1764//1764
f 1656//1656 1763//1763 1660//1660
f 1760//1760 1764//1764 1763//1763
f 1660//1660 1763//1763 1772//1772
f 1763//1763 1764//1764 1773//1773
f 1761//1761 1765//1765 1764//1764
f 1761//1761 1762//1762 1765//1765
f 1762//1762 1770//1770 1765//1765
f 1764//1764 1765//1765 1774//1774
f 1720//1720 1724//1724 1766//1766
f 1724//1724 1767//1767 1766//1766
f 1724//1724 1725//1725 1767//1767
f 1725//1725 1726//1726 1768//1768
f 1726//1726 1749//1749 1785//1785
f 1725//1725 1768//1768 1767//1767
f 1726//1726 1785//1785 1768//1768
f 1766//1766 1767//1767 1771//1771
f 1767//1767 1768//1768 1769//1769
f 1767//1767 1769//1769 1771//1771
f 1768//1768 1785//1785 1789//1789
f 1768//1768 1789//1789 1769//1769
f 1762//1762 1766//1766 1770//1770
f 1766//1766 1771//1771 1770//1770
f 1765//1765 1770//1770 1778//1778
f 1660//1660 1772//1772 1667//1667
f 1763//1763 1773//1773 1772//1772
f 1667//1667 1772//1772 1775//1775
f 1667//1667 1775//1775 1670//1670
f 1772//1772 1773//1773 1776//1776
f 1772//1772 1776//1776 1775//1775
f 1764//1764 1774//1774 1773//1773
f 1765//1765 1778//1778 1774//1774
f 1773//1773 1774//1774 1777//1777
f 1670//1670 1775//1775 2000//2000
f 1670//1670 2000//2000 1682//1682
f 1775//1775 1776//1776 2001//2001
f 1775//1775 2001//2001 2000//2000
f 1773//1773 1777//1777 1776//1776
f 1774//1774 1782//1782 1777//1777
f 1776//1776 2002//2002 2001//2001
f 1776//1776 1777//1777 2002//2002
f 1777//1777 2003//2003 2002//2002
f 1770//1770 1779//1779 1778//1778
f 1770//1770 1771//1771 1779//1779
f 1774//1774 1778//1778 1782//1782
f 1778//1778 1779//1779 1781//1781
f 1769//1769 1780//1780 1771//1771
f 1771//1771 1780//1780 1779//1779
f 1769//1769 1789//1789 1804//1804
f 1769//1769 1804//1804 1780//1780
f 1779//1779 1780//1780 1783//1783
f 1778//1778 1781//1781 1782//1782
f 1777//1777 1782//1782 2003//2003
f 1781//1781 2004//2004 1782//1782
f 1779//1779 1783//1783 1781//1781
f 1780//1780 1804//1804 1807//1807
f 1780//1780 1807//1807 1783//1783
f 1783//1783 1807//1807 2035//2035
f 1781//1781 1783//1783 2005//2005
f 1749//1749 1784//1784 1786//1786
f 1784//1784 1787//1787 1791//1791
f 1749//1749 1786//1786 1785//1785
f 1784//1784 1791//1791 1786//1786
f 1787//1787 1788//1788 1792//1792
f 1788//1788 1798//1798 1792//1792
f 1787//1787 1792//1792 1791//1791
f 1785//1785 1786//1786 1790//1790
f 1786//1786 1791//1791 1793//1793
f 1785//1785 1790//1790 1789//1789
f 1786//1786 1793//1793 1790//1790
f 1791//1791 1792//1792 1802//1802
f 1791//1791 1802//1802 1793//1793
f 1792//1792 1811//1811 1802//1802
f 1788//1788 1794//1794 1798//1798
f 1794//1794 1795//1795 1799//1799
f 1794//1794 1799//1799 1798//1798
f 1795//1795 1796//1796 1800//1800
f 1755//1755 1814//1814 1797//1797
f 1796//1796 1797//1797 1801//1801
f 1795//1795 1800//1800 1799//1799
f 1796//1796 1801//1801 1800//1800
f 1792//1792 1798//1798 1811//1811
f 1798//1798 1799//1799 1812//1812
f 1798//1798 1812//1812 1811//1811
f 1799//1799 1800//1800 1813//1813
f 1797//1797 1814//1814 1801//1801
f 1800//1800 1801//1801 1814//1814
f 1799//1799 1813//1813 1812//1812
f 1800//1800 1814//1814 1813//1813
f 1755//1755 2053//2053 1814//1814
f 1789//1789 1790//1790 1805//1805
f 1790//1790 1793//1793 1806//1806
f 1790//1790 1806//1806 1805//1805
f 1793//1793 1802//1802 1803//1803
f 1793//1793 1803//1803 1806//1806
f 1802//1802 1815//1815 1803//1803
f 1789//1789 1805//1805 1804//1804
f 1804//1804 1805//1805 1808//1808
f 1804//1804 1808//1808 1807//1807
f 1805//1805 1806//1806 1809//1809
f 1805//1805 1809//1809 1808//1808
f 1807//1807 1808//1808 2036//2036
f 1803//1803 1810//1810 1806//1806
f 1806//1806 1810//1810 1809//1809
f 1803//1803 1819//1819 1810//1810
f 1802//1802 1811//1811 1815//1815
f 1811//1811 1812//1812 1816//1816
f 1811//1811 1816//1816 1815//1815
f 1812//1812 1813//1813 1817//1817
f 1813//1813 1814//1814 1818//1818
f 1812//1812 1817//1817 1816//1816
f 1813//1813 1818//1818 1817//1817
f 1803//1803 1815//1815 1819//1819
f 1815//1815 1816//1816 2043//2043
f 1816//1816 1817//1817 2046//2046
f 1814//1814 2047//2047 1818//1818
f 1817//1817 1818//1818 2047//2047
f 1816//1816 2046//2046 2043//2043
f 1817//1817 2047//2047 2046//2046
f 1815//1815 2043//2043 1819//1819
f 1814//1814 2053//2053 2047//2047
f 690//690 1696//1696 1820//1820
f 691//691 1820//1820 1821//1821
f 692//692 1821//1821 1822//1822
f 693//693 1822//1822 1823//1823
f 694//694 1823//1823 1824//1824
f 695//695 1824//1824 1825//1825
f 696//696 1825//1825 1826//1826
f 1696//1696 2237//2237 1820//1820
f 1820//1820 2354//2354 1821//1821
f 1820//1820 2237//2237 2354//2354
f 1821//1821 2354//2354 2355//2355
f 1821//1821 2355//2355 1822//1822
f 1822//1822 2356//2356 1823//1823
f 1822//1822 2355//2355 2356//2356
f 1823//1823 2357//2357 1824//1824
f 1823//1823 2356//2356 2357//2357
f 1824//1824 2357//2357 2358//2358
f 1824//1824 2358//2358 1825//1825
f 1825//1825 2359//2359 1826//1826
f 1825//1825 2358//2358 2359//2359
f 1826//1826 2359//2359 2368//2368
f 255//255 1833//1833 2179//2179
f 697//697 1826//1826 1827//1827
f 698//698 1827//1827 1828//1828
f 699//699 1828//1828 1829//1829
f 700//700 1829//1829 1830//1830
f 701//701 1830//1830 1831//1831
f 702//702 1831//1831 1832//1832
f 703//703 1832//1832 1833//1833
f 1826//1826 2368//2368 1827//1827
f 1827//1827 2369//2369 1828//1828
f 1827//1827 2368//2368 2369//2369
f 1828//1828 2369//2369 2370//2370
f 1828//1828 2370//2370 1829//1829
f 1829//1829 2371//2371 1830//1830
f 1829//1829 2370//2370 2371//2371
f 1830//1830 2372//2372 1831//1831
f 1830//1830 2371//2371 2372//2372
f 1831//1831 2372//2372 2373//2373
f 1831//1831 2373//2373 1832//1832
f 1832//1832 2374//2374 1833//1833
f 1832//1832 2373//2373 2374//2374
f 1833//1833 2374//2374 2375//2375
f 1833//1833 2375//2375 2179//2179
f 1635//1635 1839//1839 1834//1834
f 1834//1834 1842//1842 1835//1835
f 1835//1835 1844//1844 1836//1836
f 1635//1635 1641//1641 1839//1839
f 1641//1641 1837//1837 1840//1840
f 1837//1837 1838//1838 1841//1841
f 1837//1837 1841//1841 1840//1840
f 1838//1838 1850//1850 1852//1852
f 1838//1838 1852//1852 1841//1841
f 1641//1641 1840//1840 1839//1839
f 1834//1834 1839//1839 1842//1842
f 1839//1839 1840//1840 1843//1843
f 1840//1840 1841//1841 1846//1846
f 1839//1839 1843//1843 1842//1842
f 1842//1842 1843//1843 1845//1845
f 1835//1835 1842//1842 1844//1844
f 1842//1842 1845//1845 1844//1844
f 1836//1836 1844//1844 1895//1895
f 1840//1840 1846//1846 1843//1843
f 1841//1841 1858//1858 1846//1846
f 1841//1841 1852//1852 1858//1858
f 1843//1843 1846//1846 1847//1847
f 1846//1846 1858//1858 1872//1872
f 1846//1846 1872//1872 1847//1847
f 1843//1843 1847//1847 1845//1845
f 1836//1836 1895//1895 1890//1890
f 1844//1844 1848//1848 1895//1895
f 1844//1844 1845//1845 1848//1848
f 1845//1845 1847//1847 1849//1849
f 1845//1845 1849//1849 1848//1848
f 1847//1847 1872//1872 1874//1874
f 1847//1847 1874//1874 1849//1849
f 1850//1850 1851//1851 1853//1853
f 1676//1676 1854//1854 1851//1851
f 1850//1850 1853//1853 1852//1852
f 1851//1851 1854//1854 1856//1856
f 1851//1851 1856//1856 1853//1853
f 1677//1677 1855//1855 1854//1854
f 1678//1678 1862//1862 1855//1855
f 1854//1854 1857//1857 1856//1856
f 1854//1854 1855//1855 1857//1857
f 1855//1855 1866//1866 1857//1857
f 1853//1853 1856//1856 1860//1860
f 1856//1856 1857//1857 1861//1861
f 1857//1857 1870//1870 1861//1861
f 1852//1852 1853//1853 1859//1859
f 1852//1852 1859//1859 1858//1858
f 1853//1853 1860//1860 1859//1859
f 1858//1858 1873//1873 1872//1872
f 1858//1858 1859//1859 1873//1873
f 1859//1859 1860//1860 1876//1876
f 1856//1856 1861//1861 1860//1860
f 1860//1860 1861//1861 1877//1877
f 1679//1679 1863//1863 1862//1862
f 1679//1679 1680//1680 1863//1863
f 1855//1855 1862//1862 1866//1866
f 1862//1862 1863//1863 1867//1867
f 1680//1680 1681//1681 1864//1864
f 1680//1680 1864//1864 1863//1863
f 1681//1681 1682//1682 1865//1865
f 1681//1681 1865//1865 1864//1864
f 1863//1863 1864//1864 1868//1868
f 1864//1864 1865//1865 1869//1869
f 1862//1862 1867//1867 1866//1866
f 1857//1857 1866//1866 1870//1870
f 1866//1866 1867//1867 1871//1871
f 1866//1866 1871//1871 1870//1870
f 1863//1863 1868//1868 1867//1867
f 1864//1864 1869//1869 1868//1868
f 1867//1867 1868//1868 1880//1880
f 1867//1867 1880//1880 1871//1871
f 1868//1868 1869//1869 1881//1881
f 1868//1868 1881//1881 1880//1880
f 1859//1859 1876//1876 1873//1873
f 1872//1872 1873//1873 1875//1875
f 1872//1872 1875//1875 1874//1874
f 1873//1873 1876//1876 1878//1878
f 1873//1873 1878//1878 1875//1875
f 1860//1860 1877//1877 1876//1876
f 1861//1861 1882//1882 1877//1877
f 1876//1876 1879//1879 1878//1878
f 1876//1876 1877//1877 1879//1879
f 1877//1877 1886//1886 1879//1879
f 1875//1875 1878//1878 1909//1909
f 1878//1878 1879//1879 1910//1910
f 1861//1861 1870//1870 1882//1882
f 1870//1870 1883//1883 1882//1882
f 1870//1870 1871//1871 1883//1883
f 1882//1882 1883//1883 1887//1887
f 1877//1877 1882//1882 1886//1886
f 1882//1882 1887//1887 1886//1886
f 1871//1871 1880//1880 1884//1884
f 1871//1871 1884//1884 1883//1883
f 1880//1880 1881//1881 1885//1885
f 1883//1883 1884//1884 1888//1888
f 1880//1880 1885//1885 1884//1884
f 1884//1884 1885//1885 1889//1889
f 1879//1879 1886//1886 1913//1913
f 1886//1886 1914//1914 1913//1913
f 1886//1886 1887//1887 1914//1914
f 1883//1883 1888//1888 1887//1887
f 1887//1887 1888//1888 1915//1915
f 1884//1884 1889//1889 1888//1888
f 1887//1887 1915//1915 1914//1914
f 1888//1888 1916//1916 1915//1915
f 1888//1888 1889//1889 1916//1916
f 1890//1890 1896//1896 1891//1891
f 1891//1891 1898//1898 1892//1892
f 1892//1892 1902//1902 1893//1893
f 1893//1893 1919//1919 1894//1894
f 1890//1890 1895//1895 1896//1896
f 1895//1895 1897//1897 1896//1896
f 1848//1848 1897//1897 1895//1895
f 1891//1891 1896//1896 1898//1898
f 1848//1848 1849//1849 1900//1900
f 1848//1848 1900//1900 1897//1897
f 1849//1849 1905//1905 1900//1900
f 1849//1849 1874//1874 1905//1905
f 1896//1896 1897//1897 1899//1899
f 1896//1896 1899//1899 1898//1898
f 1892//1892 1898//1898 1902//1902
f 1898//1898 1899//1899 1903//1903
f 1898//1898 1903//1903 1902//1902
f 1897//1897 1900//1900 1901//1901
f 1900//1900 1905//1905 1907//1907
f 1897//1897 1901//1901 1899//1899
f 1900//1900 1907//1907 1901//1901
f 1899//1899 1901//1901 1904//1904
f 1899//1899 1904//1904 1903//1903
f 1901//1901 1907//1907 1942//1942
f 1901//1901 1942//1942 1904//1904
f 1893//1893 1902//1902 1919//1919
f 1902//1902 1918//1918 1919//1919
f 1902//1902 1903//1903 1918//1918
f 1903//1903 1904//1904 1922//1922
f 1874//1874 1875//1875 1906//1906
f 1874//1874 1906//1906 1905//1905
f 1905//1905 1906//1906 1908//1908
f 1875//1875 1909//1909 1906//1906
f 1906//1906 1909//1909 1911//1911
f 1906//1906 1911//1911 1908//1908
f 1905//1905 1908//1908 1907//1907
f 1907//1907 1944//1944 1942//1942
f 1907//1907 1908//1908 1944//1944
f 1908//1908 1911//1911 1940//1940
f 1878//1878 1910//1910 1909//1909
f 1879//1879 1913//1913 1910//1910
f 1909//1909 1912//1912 1911//1911
f 1909//1909 1910//1910 1912//1912
f 1910//1910 1953//1953 1912//1912
f 1910//1910 1913//1913 1953//1953
f 1913//1913 1952//1952 1953//1953
f 1913//1913 1914//1914 1952//1952
f 1914//1914 1915//1915 1956//1956
f 1894//1894 1920//1920 1917//1917
f 1894//1894 1919//1919 1920//1920
f 1919//1919 1921//1921 1920//1920
f 1918//1918 1921//1921 1919//1919
f 1903//1903 1922//1922 1918//1918
f 1904//1904 1942//1942 1943//1943
f 1904//1904 1943//1943 1922//1922
f 1918//1918 1922//1922 1923//1923
f 1918//1918 1923//1923 1921//1921
f 1922//1922 1943//1943 1946//1946
f 1922//1922 1946//1946 1923//1923
f 1923//1923 1946//1946 1968//1968
f 1917//1917 1928//1928 1924//1924
f 1924//1924 1930//1930 1925//1925
f 1925//1925 1934//1934 1926//1926
f 1926//1926 1935//1935 1927//1927
f 1927//1927 2828//2828 2821//2821
f 1917//1917 1920//1920 1928//1928
f 1920//1920 1921//1921 1929//1929
f 1920//1920 1929//1929 1928//1928
f 1924//1924 1928//1928 1930//1930
f 1928//1928 1929//1929 1931//1931
f 1928//1928 1931//1931 1930//1930
f 1925//1925 1930//1930 1934//1934
f 1930//1930 1931//1931 1936//1936
f 1921//1921 1923//1923 1932//1932
f 1921//1921 1932//1932 1929//1929
f 1929//1929 1932//1932 1933//1933
f 1923//1923 1968//1968 1932//1932
f 1932//1932 1968//1968 1970//1970
f 1929//1929 1933//1933 1931//1931
f 1931//1931 1933//1933 1938//1938
f 1931//1931 1938//1938 1936//1936
f 1932//1932 1970//1970 1933//1933
f 1933//1933 1976//1976 1938//1938
f 1933//1933 1970//1970 1976//1976
f 1930//1930 1936//1936 1934//1934
f 1926//1926 1934//1934 1935//1935
f 1927//1927 1935//1935 2828//2828
f 1934//1934 1937//1937 1935//1935
f 1934//1934 1936//1936 1937//1937
f 1935//1935 2829//2829 2828//2828
f 1935//1935 1937//1937 2829//2829
f 1936//1936 1938//1938 1939//1939
f 1936//1936 1939//1939 1937//1937
f 1938//1938 1978//1978 1939//1939
f 1938//1938 1976//1976 1978//1978
f 1937//1937 1939//1939 2832//2832
f 1937//1937 2832//2832 2829//2829
f 1939//1939 1978//1978 2848//2848
f 1939//1939 2848//2848 2832//2832
f 1908//1908 1940//1940 1944//1944
f 1911//1911 1941//1941 1940//1940
f 1911//1911 1912//1912 1941//1941
f 1912//1912 1954//1954 1941//1941
f 1942//1942 1944//1944 1945//1945
f 1942//1942 1945//1945 1943//1943
f 1940//1940 1948//1948 1944//1944
f 1944//1944 1948//1948 1945//1945
f 1943//1943 1947//1947 1946//1946
f 1943//1943 1945//1945 1947//1947
f 1946//1946 1947//1947 1969//1969
f 1945//1945 1948//1948 1950//1950
f 1945//1945 1950//1950 1947//1947
f 1940//1940 1941//1941 1949//1949
f 1940//1940 1949//1949 1948//1948
f 1941//1941 1960//1960 1949//1949
f 1948//1948 1951//1951 1950//1950
f 1948//1948 1949//1949 1951//1951
f 1947//1947 1950//1950 1972//1972
f 1949//1949 1962//1962 1951//1951
f 1950//1950 1951//1951 1973//1973
f 1912//1912 1953//1953 1954//1954
f 1953//1953 1955//1955 1954//1954
f 1952//1952 1955//1955 1953//1953
f 1914//1914 1956//1956 1952//1952
f 1915//1915 1916//1916 1957//1957
f 1915//1915 1957//1957 1956//1956
f 1952//1952 1956//1956 1958//1958
f 1952//1952 1958//1958 1955//1955
f 1956//1956 1959//1959 1958//1958
f 1956//1956 1957//1957 1959//1959
f 1958//1958 1959//1959 1965//1965
f 1941//1941 1954//1954 1960//1960
f 1954//1954 1961//1961 1960//1960
f 1949//1949 1960//1960 1962//1962
f 1954//1954 1955//1955 1961//1961
f 1955//1955 1958//1958 1964//1964
f 1955//1955 1964//1964 1961//1961
f 1960//1960 1961//1961 1963//1963
f 1960//1960 1963//1963 1962//1962
f 1951//1951 1962//1962 1984//1984
f 1962//1962 1963//1963 1985//1985
f 1961//1961 1964//1964 1966//1966
f 1958//1958 1965//1965 1964//1964
f 1964//1964 1965//1965 1967//1967
f 1961//1961 1966//1966 1963//1963
f 1964//1964 1967//1967 1966//1966
f 1963//1963 1966//1966 1988//1988
f 1966//1966 1967//1967 1989//1989
f 1946//1946 1969//1969 1968//1968
f 1968//1968 1969//1969 1971//1971
f 1947//1947 1972//1972 1969//1969
f 1969//1969 1972//1972 1974//1974
f 1968//1968 1971//1971 1970//1970
f 1970//1970 1977//1977 1976//1976
f 1970//1970 1971//1971 1977//1977
f 1969//1969 1974//1974 1971//1971
f 1971//1971 1974//1974 1980//1980
f 1971//1971 1980//1980 1977//1977
f 1950//1950 1973//1973 1972//1972
f 1951//1951 1984//1984 1973//1973
f 1972//1972 1973//1973 1975//1975
f 1973//1973 1986//1986 1975//1975
f 1972//1972 1975//1975 1974//1974
f 1974//1974 1981//1981 1980//1980
f 1974//1974 1975//1975 1981//1981
f 1975//1975 1991//1991 1981//1981
f 1976//1976 1979//1979 1978//1978
f 1976//1976 1977//1977 1979//1979
f 1977//1977 1980//1980 1982//1982
f 1977//1977 1982//1982 1979//1979
f 1978//1978 1979//1979 2850//2850
f 1978//1978 2850//2850 2848//2848
f 1979//1979 1982//1982 2854//2854
f 1979//1979 2854//2854 2850//2850
f 1980//1980 1983//1983 1982//1982
f 1980//1980 1981//1981 1983//1983
f 1981//1981 1993//1993 1983//1983
f 1982//1982 2856//2856 2854//2854
f 1982//1982 1983//1983 2856//2856
f 1983//1983 2868//2868 2856//2856
f 1962//1962 1985//1985 1984//1984
f 1973//1973 1984//1984 1986//1986
f 1984//1984 1987//1987 1986//1986
f 1984//1984 1985//1985 1987//1987
f 1975//1975 1986//1986 1991//1991
f 1986//1986 1992//1992 1991//1991
f 1986//1986 1987//1987 1992//1992
f 1963//1963 1988//1988 1985//1985
f 1985//1985 1988//1988 1990//1990
f 1985//1985 1990//1990 1987//1987
f 1966//1966 1989//1989 1988//1988
f 1988//1988 1994//1994 1990//1990
f 1988//1988 1989//1989 1994//1994
f 1987//1987 1990//1990 1996//1996
f 1987//1987 1996//1996 1992//1992
f 1981//1981 1991//1991 1993//1993
f 1991//1991 1995//1995 1993//1993
f 1991//1991 1992//1992 1995//1995
f 1983//1983 1993//1993 2868//2868
f 1993//1993 2879//2879 2868//2868
f 1990//1990 1997//1997 1996//1996
f 1990//1990 1994//1994 1997//1997
f 1993//1993 1995//1995 2879//2879
f 1992//1992 1996//1996 1998//1998
f 1992//1992 1998//1998 1995//1995
f 1996//1996 1997//1997 1999//1999
f 1996//1996 1999//1999 1998//1998
f 1995//1995 1998//1998 2881//2881
f 1995//1995 2881//2881 2879//2879
f 1998//1998 1999//1999 2883//2883
f 1998//1998 2883//2883 2881//2881
f 2001//2001 2002//2002 2009//2009
f 1782//1782 2004//2004 2003//2003
f 2002//2002 2003//2003 2013//2013
f 2003//2003 2014//2014 2013//2013
f 2003//2003 2004//2004 2014//2014
f 1781//1781 2005//2005 2004//2004
f 1783//1783 2035//2035 2005//2005
f 2004//2004 2005//2005 2006//2006
f 2004//2004 2006//2006 2014//2014
f 2005//2005 2035//2035 2039//2039
f 2005//2005 2039//2039 2006//2006
f 1682//1682 2000//2000 2007//2007
f 2000//2000 2001//2001 2008//2008
f 1682//1682 2007//2007 1865//1865
f 2000//2000 2008//2008 2007//2007
f 2001//2001 2009//2009 2008//2008
f 2002//2002 2013//2013 2009//2009
f 1865//1865 2007//2007 2010//2010
f 1865//1865 2010//2010 1869//1869
f 2007//2007 2008//2008 2011//2011
f 2007//2007 2011//2011 2010//2010
f 1869//1869 2010//2010 2017//2017
f 1869//1869 2017//2017 1881//1881
f 2010//2010 2011//2011 2018//2018
f 2008//2008 2012//2012 2011//2011
f 2008//2008 2009//2009 2012//2012
f 2009//2009 2015//2015 2012//2012
f 2011//2011 2012//2012 2019//2019
f 2009//2009 2013//2013 2015//2015
f 2013//2013 2014//2014 2016//2016
f 2013//2013 2016//2016 2015//2015
f 2006//2006 2028//2028 2014//2014
f 2014//2014 2028//2028 2016//2016
f 2006//2006 2039//2039 2057//2057
f 2006//2006 2057//2057 2028//2028
f 2010//2010 2018//2018 2017//2017
f 2017//2017 2018//2018 2022//2022
f 2011//2011 2019//2019 2018//2018
f 2012//2012 2026//2026 2019//2019
f 2018//2018 2019//2019 2023//2023
f 2019//2019 2031//2031 2023//2023
f 1881//1881 2017//2017 2020//2020
f 1881//1881 2020//2020 1885//1885
f 2017//2017 2022//2022 2020//2020
f 2018//2018 2023//2023 2022//2022
f 1885//1885 2021//2021 1889//1889
f 1885//1885 2020//2020 2021//2021
f 2020//2020 2022//2022 2024//2024
f 2020//2020 2024//2024 2021//2021
f 1889//1889 2021//2021 2075//2075
f 1889//1889 2075//2075 1916//1916
f 2021//2021 2024//2024 2076//2076
f 2021//2021 2076//2076 2075//2075
f 2022//2022 2025//2025 2024//2024
f 2022//2022 2023//2023 2025//2025
f 2023//2023 2033//2033 2025//2025
f 2024//2024 2025//2025 2077//2077
f 2015//2015 2016//2016 2027//2027
f 2012//2012 2015//2015 2026//2026
f 2015//2015 2027//2027 2026//2026
f 2019//2019 2026//2026 2031//2031
f 2026//2026 2027//2027 2032//2032
f 2016//2016 2028//2028 2029//2029
f 2028//2028 2057//2057 2059//2059
f 2016//2016 2029//2029 2027//2027
f 2027//2027 2029//2029 2030//2030
f 2028//2028 2059//2059 2029//2029
f 2026//2026 2032//2032 2031//2031
f 2027//2027 2030//2030 2032//2032
f 2029//2029 2059//2059 2063//2063
f 2029//2029 2063//2063 2030//2030
f 2023//2023 2031//2031 2033//2033
f 2031//2031 2032//2032 2034//2034
f 2031//2031 2034//2034 2033//2033
f 2025//2025 2033//2033 2078//2078
f 2030//2030 2080//2080 2032//2032
f 2032//2032 2080//2080 2034//2034
f 2030//2030 2063//2063 2082//2082
f 2030//2030 2082//2082 2080//2080
f 1808//1808 1809//1809 2038//2038
f 1808//1808 2038//2038 2036//2036
f 1807//1807 2036//2036 2035//2035
f 2035//2035 2036//2036 2040//2040
f 2036//2036 2038//2038 2041//2041
f 1809//1809 2037//2037 2038//2038
f 1809//1809 1810//1810 2037//2037
f 1810//1810 2044//2044 2037//2037
f 2037//2037 2042//2042 2038//2038
f 2035//2035 2040//2040 2039//2039
f 2036//2036 2041//2041 2040//2040
f 2039//2039 2040//2040 2058//2058
f 2040//2040 2041//2041 2061//2061
f 2038//2038 2042//2042 2041//2041
f 2037//2037 2050//2050 2042//2042
f 2041//2041 2042//2042 2062//2062
f 1810//1810 1819//1819 2044//2044
f 1819//1819 2043//2043 2045//2045
f 1819//1819 2045//2045 2044//2044
f 2043//2043 2046//2046 2048//2048
f 2046//2046 2047//2047 2049//2049
f 2043//2043 2048//2048 2045//2045
f 2046//2046 2049//2049 2048//2048
f 2047//2047 2053//2053 2049//2049
f 2044//2044 2045//2045 2051//2051
f 2037//2037 2044//2044 2050//2050
f 2044//2044 2051//2051 2050//2050
f 2042//2042 2050//2050 2069//2069
f 2050//2050 2051//2051 2054//2054
f 2045//2045 2048//2048 2052//2052
f 2048//2048 2049//2049 2053//2053
f 2045//2045 2052//2052 2051//2051
f 2048//2048 2053//2053 2052//2052
f 2042//2042 2069//2069 2062//2062
f 2050//2050 2054//2054 2069//2069
f 2051//2051 2052//2052 2055//2055
f 2051//2051 2055//2055 2054//2054
f 2052//2052 2053//2053 2056//2056
f 2052//2052 2056//2056 2055//2055
f 2053//2053 2074//2074 2056//2056
f 2039//2039 2058//2058 2057//2057
f 2040//2040 2061//2061 2058//2058
f 1755//1755 2179//2179 2053//2053
f 2057//2057 2058//2058 2060//2060
f 2058//2058 2061//2061 2065//2065
f 2057//2057 2060//2060 2059//2059
f 2058//2058 2065//2065 2060//2060
f 2041//2041 2062//2062 2061//2061
f 2061//2061 2066//2066 2065//2065
f 2061//2061 2062//2062 2066//2066
f 2062//2062 2070//2070 2066//2066
f 2059//2059 2060//2060 2064//2064
f 2059//2059 2064//2064 2063//2063
f 2060//2060 2065//2065 2067//2067
f 2060//2060 2067//2067 2064//2064
f 2065//2065 2066//2066 2068//2068
f 2065//2065 2068//2068 2067//2067
f 2066//2066 2072//2072 2068//2068
f 2063//2063 2083//2083 2082//2082
f 2063//2063 2064//2064 2083//2083
f 2064//2064 2067//2067 2086//2086
f 2062//2062 2069//2069 2070//2070
f 2069//2069 2071//2071 2070//2070
f 2054//2054 2071//2071 2069//2069
f 2054//2054 2055//2055 2073//2073
f 2055//2055 2056//2056 2074//2074
f 2070//2070 2071//2071 2090//2090
f 2066//2066 2070//2070 2072//2072
f 2070//2070 2090//2090 2072//2072
f 2054//2054 2073//2073 2071//2071
f 2055//2055 2074//2074 2073//2073
f 2053//2053 2096//2096 2074//2074
f 2071//2071 2073//2073 2091//2091
f 2073//2073 2074//2074 2092//2092
f 2071//2071 2091//2091 2090//2090
f 2073//2073 2092//2092 2091//2091
f 2024//2024 2077//2077 2076//2076
f 2025//2025 2078//2078 2077//2077
f 2033//2033 2079//2079 2078//2078
f 2033//2033 2034//2034 2079//2079
f 2078//2078 2079//2079 2114//2114
f 2080//2080 2082//2082 2084//2084
f 2034//2034 2080//2080 2081//2081
f 2034//2034 2081//2081 2079//2079
f 2080//2080 2084//2084 2081//2081
f 2079//2079 2081//2081 2117//2117
f 2081//2081 2084//2084 2149//2149
f 2067//2067 2068//2068 2087//2087
f 2082//2082 2083//2083 2085//2085
f 2064//2064 2086//2086 2083//2083
f 2083//2083 2086//2086 2088//2088
f 2082//2082 2085//2085 2084//2084
f 2084//2084 2085//2085 2150//2150
f 2083//2083 2088//2088 2085//2085
f 2067//2067 2087//2087 2086//2086
f 2068//2068 2093//2093 2087//2087
f 2086//2086 2087//2087 2089//2089
f 2087//2087 2097//2097 2089//2089
f 2086//2086 2089//2089 2088//2088
f 2085//2085 2088//2088 2153//2153
f 2085//2085 2153//2153 2150//2150
f 2088//2088 2154//2154 2153//2153
f 2088//2088 2089//2089 2154//2154
f 2089//2089 2156//2156 2154//2154
f 2068//2068 2072//2072 2093//2093
f 2072//2072 2090//2090 2094//2094
f 2090//2090 2091//2091 2095//2095
f 2090//2090 2095//2095 2094//2094
f 2074//2074 2096//2096 2092//2092
f 2091//2091 2096//2096 2095//2095
f 2091//2091 2092//2092 2096//2096
f 2072//2072 2094//2094 2093//2093
f 2087//2087 2093//2093 2097//2097
f 2093//2093 2094//2094 2098//2098
f 2053//2053 2179//2179 2096//2096
f 2094//2094 2095//2095 2099//2099
f 2095//2095 2096//2096 2100//2100
f 2093//2093 2098//2098 2097//2097
f 2089//2089 2097//2097 2156//2156
f 2097//2097 2098//2098 2157//2157
f 2097//2097 2157//2157 2156//2156
f 2094//2094 2099//2099 2098//2098
f 2095//2095 2100//2100 2099//2099
f 2098//2098 2099//2099 2158//2158
f 2096//2096 2159//2159 2100//2100
f 2099//2099 2100//2100 2159//2159
f 2098//2098 2158//2158 2157//2157
f 2099//2099 2159//2159 2158//2158
f 1916//1916 2075//2075 2101//2101
f 1916//1916 2101//2101 1957//1957
f 2075//2075 2076//2076 2102//2102
f 2075//2075 2102//2102 2101//2101
f 2101//2101 2102//2102 2105//2105
f 1957//1957 2101//2101 2104//2104
f 1957//1957 2104//2104 1959//1959
f 2101//2101 2105//2105 2104//2104
f 2076//2076 2077//2077 2103//2103
f 2076//2076 2103//2103 2102//2102
f 2077//2077 2113//2113 2103//2103
f 2102//2102 2103//2103 2106//2106
f 1959//1959 2104//2104 2107//2107
f 2104//2104 2105//2105 2109//2109
f 2102//2102 2106//2106 2105//2105
f 2103//2103 2115//2115 2106//2106
f 2105//2105 2106//2106 2110//2110
f 1959//1959 2107//2107 1965//1965
f 1965//1965 2107//2107 2108//2108
f 2104//2104 2109//2109 2107//2107
f 2107//2107 2109//2109 2111//2111
f 1965//1965 2108//2108 1967//1967
f 1967//1967 2125//2125 1989//1989
f 1967//1967 2108//2108 2125//2125
f 2107//2107 2111//2111 2108//2108
f 2108//2108 2111//2111 2127//2127
f 2108//2108 2127//2127 2125//2125
f 2105//2105 2110//2110 2109//2109
f 2109//2109 2112//2112 2111//2111
f 2106//2106 2119//2119 2110//2110
f 2109//2109 2110//2110 2112//2112
f 2110//2110 2121//2121 2112//2112
f 2077//2077 2078//2078 2113//2113
f 2078//2078 2114//2114 2113//2113
f 2079//2079 2117//2117 2114//2114
f 2103//2103 2113//2113 2115//2115
f 2113//2113 2114//2114 2116//2116
f 2113//2113 2116//2116 2115//2115
f 2106//2106 2115//2115 2119//2119
f 2115//2115 2120//2120 2119//2119
f 2115//2115 2116//2116 2120//2120
f 2114//2114 2117//2117 2118//2118
f 2081//2081 2149//2149 2117//2117
f 2117//2117 2149//2149 2151//2151
f 2117//2117 2151//2151 2118//2118
f 2114//2114 2118//2118 2116//2116
f 2116//2116 2118//2118 2123//2123
f 2116//2116 2123//2123 2120//2120
f 2118//2118 2162//2162 2123//2123
f 2118//2118 2151//2151 2162//2162
f 2110//2110 2119//2119 2121//2121
f 2119//2119 2120//2120 2122//2122
f 2111//2111 2128//2128 2127//2127
f 2111//2111 2112//2112 2128//2128
f 2112//2112 2137//2137 2128//2128
f 2119//2119 2122//2122 2121//2121
f 2112//2112 2121//2121 2137//2137
f 2121//2121 2138//2138 2137//2137
f 2121//2121 2122//2122 2138//2138
f 2120//2120 2123//2123 2124//2124
f 2120//2120 2124//2124 2122//2122
f 2123//2123 2162//2162 2164//2164
f 2123//2123 2164//2164 2124//2124
f 2122//2122 2124//2124 2141//2141
f 2122//2122 2141//2141 2138//2138
f 2124//2124 2164//2164 2188//2188
f 2124//2124 2188//2188 2141//2141
f 1989//1989 2126//2126 1994//1994
f 1989//1989 2125//2125 2126//2126
f 2125//2125 2127//2127 2129//2129
f 2125//2125 2129//2129 2126//2126
f 1994//1994 2126//2126 2131//2131
f 1994//1994 2131//2131 1997//1997
f 2126//2126 2129//2129 2133//2133
f 2126//2126 2133//2133 2131//2131
f 2127//2127 2130//2130 2129//2129
f 2127//2127 2128//2128 2130//2130
f 2128//2128 2139//2139 2130//2130
f 2129//2129 2134//2134 2133//2133
f 2129//2129 2130//2130 2134//2134
f 2130//2130 2143//2143 2134//2134
f 1997//1997 2131//2131 2132//2132
f 1997//1997 2132//2132 1999//1999
f 2131//2131 2135//2135 2132//2132
f 2131//2131 2133//2133 2135//2135
f 1999//1999 2132//2132 2973//2973
f 1999//1999 2973//2973 2883//2883
f 2132//2132 2135//2135 2975//2975
f 2132//2132 2975//2975 2973//2973
f 2133//2133 2136//2136 2135//2135
f 2133//2133 2134//2134 2136//2136
f 2134//2134 2145//2145 2136//2136
f 2135//2135 2977//2977 2975//2975
f 2135//2135 2136//2136 2977//2977
f 2136//2136 2987//2987 2977//2977
f 2128//2128 2137//2137 2139//2139
f 2137//2137 2140//2140 2139//2139
f 2137//2137 2138//2138 2140//2140
f 2130//2130 2139//2139 2143//2143
f 2139//2139 2144//2144 2143//2143
f 2139//2139 2140//2140 2144//2144
f 2138//2138 2141//2141 2142//2142
f 2138//2138 2142//2142 2140//2140
f 2141//2141 2188//2188 2190//2190
f 2141//2141 2190//2190 2142//2142
f 2140//2140 2142//2142 2147//2147
f 2140//2140 2147//2147 2144//2144
f 2142//2142 2190//2190 2196//2196
f 2142//2142 2196//2196 2147//2147
f 2134//2134 2143//2143 2145//2145
f 2143//2143 2146//2146 2145//2145
f 2143//2143 2144//2144 2146//2146
f 2136//2136 2145//2145 2987//2987
f 2145//2145 2991//2991 2987//2987
f 2145//2145 2146//2146 2991//2991
f 2144//2144 2147//2147 2148//2148
f 2144//2144 2148//2148 2146//2146
f 2147//2147 2196//2196 2197//2197
f 2147//2147 2197//2197 2148//2148
f 2146//2146 2148//2148 2993//2993
f 2146//2146 2993//2993 2991//2991
f 2148//2148 2197//2197 3026//3026
f 2148//2148 3026//3026 2993//2993
f 2084//2084 2150//2150 2149//2149
f 2149//2149 2152//2152 2151//2151
f 2149//2149 2150//2150 2152//2152
f 2150//2150 2153//2153 2155//2155
f 2150//2150 2155//2155 2152//2152
f 2151//2151 2152//2152 2163//2163
f 2153//2153 2160//2160 2155//2155
f 2153//2153 2154//2154 2160//2160
f 2154//2154 2172//2172 2160//2160
f 2154//2154 2156//2156 2172//2172
f 2156//2156 2157//2157 2173//2173
f 2096//2096 2179//2179 2159//2159
f 2151//2151 2163//2163 2162//2162
f 2152//2152 2155//2155 2167//2167
f 2152//2152 2167//2167 2163//2163
f 2155//2155 2161//2161 2167//2167
f 2155//2155 2160//2160 2161//2161
f 2160//2160 2174//2174 2161//2161
f 2162//2162 2163//2163 2165//2165
f 2162//2162 2165//2165 2164//2164
f 2163//2163 2167//2167 2168//2168
f 2163//2163 2168//2168 2165//2165
f 2164//2164 2165//2165 2166//2166
f 2164//2164 2166//2166 2188//2188
f 2165//2165 2168//2168 2170//2170
f 2165//2165 2170//2170 2166//2166
f 2167//2167 2169//2169 2168//2168
f 2161//2161 2169//2169 2167//2167
f 2161//2161 2180//2180 2169//2169
f 2168//2168 2169//2169 2171//2171
f 2168//2168 2171//2171 2170//2170
f 2169//2169 2182//2182 2171//2171
f 2156//2156 2173//2173 2172//2172
f 2160//2160 2172//2172 2174//2174
f 2172//2172 2173//2173 2175//2175
f 2172//2172 2175//2175 2174//2174
f 2157//2157 2158//2158 2176//2176
f 2157//2157 2176//2176 2173//2173
f 2158//2158 2159//2159 2177//2177
f 2158//2158 2177//2177 2176//2176
f 2159//2159 2179//2179 2177//2177
f 2173//2173 2176//2176 2178//2178
f 2176//2176 2177//2177 2179//2179
f 2173//2173 2178//2178 2175//2175
f 2176//2176 2179//2179 2178//2178
f 2161//2161 2174//2174 2180//2180
f 2174//2174 2181//2181 2180//2180
f 2174//2174 2175//2175 2181//2181
f 2175//2175 2178//2178 2184//2184
f 2178//2178 2179//2179 2185//2185
f 2169//2169 2180//2180 2182//2182
f 2180//2180 2183//2183 2182//2182
f 2180//2180 2181//2181 2183//2183
f 2175//2175 2184//2184 2181//2181
f 2178//2178 2185//2185 2184//2184
f 2179//2179 2187//2187 2185//2185
f 2181//2181 2184//2184 2186//2186
f 2181//2181 2186//2186 2183//2183
f 2184//2184 2185//2185 2187//2187
f 2184//2184 2187//2187 2186//2186
f 2179//2179 2208//2208 2187//2187
f 2166//2166 2189//2189 2188//2188
f 2188//2188 2189//2189 2190//2190
f 2166//2166 2170//2170 2192//2192
f 2166//2166 2192//2192 2189//2189
f 2189//2189 2191//2191 2190//2190
f 2190//2190 2191//2191 2196//2196
f 2189//2189 2192//2192 2194//2194
f 2189//2189 2194//2194 2191//2191
f 2170//2170 2193//2193 2192//2192
f 2170//2170 2171//2171 2193//2193
f 2171//2171 2201//2201 2193//2193
f 2192//2192 2195//2195 2194//2194
f 2192//2192 2193//2193 2195//2195
f 2193//2193 2203//2203 2195//2195
f 2191//2191 2198//2198 2196//2196
f 2196//2196 2198//2198 2197//2197
f 2191//2191 2194//2194 2199//2199
f 2191//2191 2199//2199 2198//2198
f 2197//2197 2198//2198 3027//3027
f 2197//2197 3027//3027 3026//3026
f 2198//2198 3031//3031 3027//3027
f 2198//2198 2199//2199 3031//3031
f 2194//2194 2200//2200 2199//2199
f 2194//2194 2195//2195 2200//2200
f 2195//2195 2209//2209 2200//2200
f 2199//2199 3032//3032 3031//3031
f 2199//2199 2200//2200 3032//3032
f 2200//2200 3043//3043 3032//3032
f 2171//2171 2182//2182 2201//2201
f 2182//2182 2183//2183 2202//2202
f 2182//2182 2202//2202 2201//2201
f 2193//2193 2201//2201 2203//2203
f 2201//2201 2204//2204 2203//2203
f 2201//2201 2202//2202 2204//2204
f 2183//2183 2186//2186 2205//2205
f 2183//2183 2205//2205 2202//2202
f 2186//2186 2187//2187 2206//2206
f 2186//2186 2206//2206 2205//2205
f 2187//2187 2208//2208 2206//2206
f 2202//2202 2205//2205 2207//2207
f 2202//2202 2207//2207 2204//2204
f 2205//2205 2206//2206 2208//2208
f 2179//2179 3056//3056 2208//2208
f 2205//2205 2208//2208 2207//2207
f 2195//2195 2203//2203 2209//2209
f 2203//2203 2210//2210 2209//2209
f 2203//2203 2204//2204 2210//2210
f 2200//2200 2209//2209 3043//3043
f 2209//2209 3044//3044 3043//3043
f 2209//2209 2210//2210 3044//3044
f 2204//2204 2207//2207 2211//2211
f 2204//2204 2211//2211 2210//2210
f 2207//2207 2208//2208 2212//2212
f 2207//2207 2212//2212 2211//2211
f 2208//2208 3048//3048 2212//2212
f 2210//2210 2211//2211 3047//3047
f 2210//2210 3047//3047 3044//3044
f 2211//2211 2212//2212 3048//3048
f 2211//2211 3048//3048 3047//3047
f 1085//1085 2215//2215 2214//2214
f 1086//1086 2216//2216 2215//2215
f 1087//1087 2217//2217 2216//2216
f 1088//1088 2222//2222 2217//2217
f 2213//2213 2219//2219 2218//2218
f 2213//2213 2214//2214 2219//2219
f 2215//2215 2220//2220 2219//2219
f 2214//2214 2215//2215 2219//2219
f 2215//2215 2216//2216 2220//2220
f 2216//2216 2221//2221 2220//2220
f 2217//2217 2230//2230 2221//2221
f 2216//2216 2217//2217 2221//2221
f 2217//2217 2222//2222 2230//2230
f 1097//1097 2223//2223 2222//2222
f 1098//1098 2224//2224 2223//2223
f 1099//1099 2225//2225 2224//2224
f 1100//1100 2226//2226 2225//2225
f 1101//1101 2227//2227 2226//2226
f 1102//1102 2228//2228 2227//2227
f 1103//1103 2229//2229 2228//2228
f 2222//2222 2231//2231 2230//2230
f 2223//2223 2232//2232 2231//2231
f 2222//2222 2223//2223 2231//2231
f 2223//2223 2224//2224 2232//2232
f 2224//2224 2233//2233 2232//2232
f 2225//2225 2234//2234 2233//2233
f 2224//2224 2225//2225 2233//2233
f 2226//2226 2235//2235 2234//2234
f 2225//2225 2226//2226 2234//2234
f 2226//2226 2227//2227 2235//2235
f 2227//2227 2236//2236 2235//2235
f 2228//2228 2237//2237 2236//2236
f 2227//2227 2228//2228 2236//2236
f 2228//2228 2229//2229 2237//2237
f 1177//1177 2238//2238 1183//1183
f 2238//2238 2239//2239 2240//2240
f 2239//2239 2246//2246 2243//2243
f 1183//1183 2238//2238 2240//2240
f 1183//1183 2240//2240 1184//1184
f 1184//1184 2240//2240 2241//2241
f 1184//1184 2241//2241 1186//1186
f 1186//1186 2242//2242 1209//1209
f 1186//1186 2241//2241 2242//2242
f 1209//1209 2242//2242 2254//2254
f 2239//2239 2243//2243 2240//2240
f 2243//2243 2248//2248 2244//2244
f 2240//2240 2243//2243 2241//2241
f 2241//2241 2243//2243 2244//2244
f 2241//2241 2244//2244 2242//2242
f 2242//2242 2244//2244 2245//2245
f 2242//2242 2245//2245 2254//2254
f 2245//2245 2258//2258 2254//2254
f 2246//2246 2247//2247 2248//2248
f 2247//2247 2301//2301 2251//2251
f 2243//2243 2246//2246 2248//2248
f 2244//2244 2248//2248 2249//2249
f 2248//2248 2251//2251 2249//2249
f 2249//2249 2252//2252 2250//2250
f 2244//2244 2249//2249 2245//2245
f 2245//2245 2249//2249 2250//2250
f 2245//2245 2250//2250 2258//2258
f 2250//2250 2270//2270 2258//2258
f 2250//2250 2253//2253 2270//2270
f 2247//2247 2251//2251 2248//2248
f 2249//2249 2251//2251 2252//2252
f 2251//2251 2301//2301 2302//2302
f 2251//2251 2302//2302 2252//2252
f 2252//2252 2302//2302 2303//2303
f 2250//2250 2252//2252 2253//2253
f 2253//2253 2274//2274 2270//2270
f 2252//2252 2303//2303 2253//2253
f 2253//2253 2303//2303 2305//2305
f 2253//2253 2305//2305 2274//2274
f 1209//1209 2254//2254 1210//1210
f 1210//1210 2255//2255 1213//1213
f 1210//1210 2254//2254 2255//2255
f 1213//1213 2255//2255 2256//2256
f 1213//1213 2256//2256 1214//1214
f 1214//1214 2257//2257 1218//1218
f 1214//1214 2256//2256 2257//2257
f 2254//2254 2258//2258 2255//2255
f 2255//2255 2258//2258 2259//2259
f 2255//2255 2259//2259 2256//2256
f 2256//2256 2259//2259 2260//2260
f 2256//2256 2260//2260 2257//2257
f 2257//2257 2261//2261 2262//2262
f 2257//2257 2260//2260 2261//2261
f 1218//1218 2262//2262 1222//1222
f 1218//1218 2257//2257 2262//2262
f 2262//2262 2263//2263 2265//2265
f 2261//2261 2263//2263 2262//2262
f 2263//2263 2264//2264 2265//2265
f 1222//1222 2262//2262 2265//2265
f 1222//1222 2265//2265 1225//1225
f 1225//1225 2266//2266 1226//1226
f 1225//1225 2265//2265 2266//2266
f 1226//1226 2266//2266 2267//2267
f 2264//2264 2266//2266 2265//2265
f 2266//2266 2268//2268 2267//2267
f 2264//2264 2268//2268 2266//2266
f 2267//2267 2268//2268 2269//2269
f 2258//2258 2270//2270 2259//2259
f 2259//2259 2270//2270 2271//2271
f 2259//2259 2271//2271 2260//2260
f 2260//2260 2271//2271 2272//2272
f 2270//2270 2274//2274 2271//2271
f 2271//2271 2275//2275 2272//2272
f 2260//2260 2272//2272 2261//2261
f 2261//2261 2273//2273 2263//2263
f 2261//2261 2272//2272 2273//2273
f 2272//2272 2276//2276 2273//2273
f 2274//2274 2320//2320 2275//2275
f 2271//2271 2274//2274 2275//2275
f 2272//2272 2275//2275 2276//2276
f 2275//2275 2321//2321 2276//2276
f 2273//2273 2276//2276 2277//2277
f 2273//2273 2277//2277 2278//2278
f 2276//2276 2322//2322 2277//2277
f 2277//2277 2323//2323 2281//2281
f 2263//2263 2278//2278 2264//2264
f 2263//2263 2273//2273 2278//2278
f 2264//2264 2278//2278 2279//2279
f 2264//2264 2279//2279 2268//2268
f 2268//2268 2279//2279 2280//2280
f 2278//2278 2281//2281 2279//2279
f 2277//2277 2281//2281 2278//2278
f 2279//2279 2281//2281 2282//2282
f 2281//2281 2330//2330 2282//2282
f 2279//2279 2282//2282 2280//2280
f 2280//2280 2282//2282 2283//2283
f 2280//2280 2283//2283 2285//2285
f 2283//2283 2284//2284 2285//2285
f 2282//2282 2331//2331 2283//2283
f 2283//2283 2332//2332 2284//2284
f 2268//2268 2280//2280 2269//2269
f 2269//2269 2280//2280 2285//2285
f 2286//2286 2287//2287 2304//2304
f 2287//2287 2291//2291 2288//2288
f 2287//2287 2288//2288 2304//2304
f 2288//2288 2306//2306 2304//2304
f 2288//2288 2289//2289 2306//2306
f 2289//2289 2290//2290 2307//2307
f 2291//2291 2292//2292 2294//2294
f 2292//2292 2293//2293 2297//2297
f 2292//2292 2297//2297 2294//2294
f 2288//2288 2291//2291 2294//2294
f 2288//2288 2294//2294 2289//2289
f 2289//2289 2294//2294 2295//2295
f 2294//2294 2297//2297 2295//2295
f 2289//2289 2295//2295 2290//2290
f 2290//2290 2295//2295 2296//2296
f 2290//2290 2296//2296 2326//2326
f 2296//2296 2308//2308 2326//2326
f 2295//2295 2298//2298 2296//2296
f 2296//2296 2300//2300 2308//2308
f 2297//2297 2299//2299 2298//2298
f 2293//2293 2299//2299 2297//2297
f 2298//2298 2299//2299 2928//2928
f 2295//2295 2297//2297 2298//2298
f 2298//2298 2928//2928 2300//2300
f 2300//2300 2928//2928 2929//2929
f 2300//2300 2929//2929 2312//2312
f 2312//2312 2929//2929 2936//2936
f 2296//2296 2298//2298 2300//2300
f 2300//2300 2312//2312 2308//2308
f 2286//2286 2302//2302 2301//2301
f 2302//2302 2304//2304 2303//2303
f 2286//2286 2304//2304 2302//2302
f 2303//2303 2304//2304 2306//2306
f 2274//2274 2305//2305 2320//2320
f 2303//2303 2306//2306 2305//2305
f 2305//2305 2306//2306 2307//2307
f 2307//2307 2324//2324 2320//2320
f 2305//2305 2307//2307 2320//2320
f 2289//2289 2307//2307 2306//2306
f 2290//2290 2324//2324 2307//2307
f 2290//2290 2326//2326 2324//2324
f 2308//2308 2327//2327 2326//2326
f 2308//2308 2309//2309 2327//2327
f 2308//2308 2312//2312 2309//2309
f 2309//2309 2310//2310 2338//2338
f 2313//2313 2936//2936 2937//2937
f 2309//2309 2312//2312 2313//2313
f 2309//2309 2313//2313 2310//2310
f 2310//2310 2313//2313 2314//2314
f 2312//2312 2936//2936 2313//2313
f 2313//2313 2937//2937 2314//2314
f 2310//2310 2314//2314 2311//2311
f 2311//2311 2315//2315 2342//2342
f 2311//2311 2314//2314 2315//2315
f 2314//2314 2940//2940 2315//2315
f 2315//2315 2941//2941 2316//2316
f 2315//2315 2316//2316 2342//2342
f 2316//2316 2345//2345 2342//2342
f 2316//2316 2317//2317 2345//2345
f 2317//2317 2318//2318 2346//2346
f 2275//2275 2320//2320 2321//2321
f 2320//2320 2324//2324 2321//2321
f 2321//2321 2324//2324 2325//2325
f 2321//2321 2325//2325 2322//2322
f 2322//2322 2325//2325 2328//2328
f 2276//2276 2321//2321 2322//2322
f 2322//2322 2328//2328 2323//2323
f 2323//2323 2328//2328 2329//2329
f 2277//2277 2322//2322 2323//2323
f 2323//2323 2329//2329 2330//2330
f 2324//2324 2326//2326 2325//2325
f 2325//2325 2327//2327 2328//2328
f 2325//2325 2326//2326 2327//2327
f 2327//2327 2338//2338 2328//2328
f 2328//2328 2338//2338 2329//2329
f 2329//2329 2338//2338 2339//2339
f 2329//2329 2339//2339 2334//2334
f 2281//2281 2323//2323 2330//2330
f 2282//2282 2330//2330 2331//2331
f 2330//2330 2334//2334 2331//2331
f 2283//2283 2331//2331 2332//2332
f 2284//2284 2332//2332 2333//2333
f 2331//2331 2335//2335 2332//2332
f 2332//2332 2336//2336 2333//2333
f 2329//2329 2334//2334 2330//2330
f 2334//2334 2340//2340 2335//2335
f 2334//2334 2339//2339 2340//2340
f 2335//2335 2340//2340 2341//2341
f 2331//2331 2334//2334 2335//2335
f 2335//2335 2341//2341 2336//2336
f 2336//2336 2341//2341 2343//2343
f 2332//2332 2335//2335 2336//2336
f 2333//2333 2336//2336 2337//2337
f 2336//2336 2343//2343 2337//2337
f 2309//2309 2338//2338 2327//2327
f 2310//2310 2339//2339 2338//2338
f 2311//2311 2340//2340 2339//2339
f 2310//2310 2311//2311 2339//2339
f 2340//2340 2342//2342 2341//2341
f 2311//2311 2342//2342 2340//2340
f 2341//2341 2342//2342 2345//2345
f 2337//2337 2343//2343 2344//2344
f 2343//2343 2345//2345 2346//2346
f 2341//2341 2345//2345 2343//2343
f 2343//2343 2346//2346 2344//2344
f 2344//2344 2346//2346 2347//2347
f 2317//2317 2346//2346 2345//2345
f 2318//2318 2347//2347 2346//2346
f 2318//2318 2319//2319 2347//2347
f 1104//1104 2348//2348 2229//2229
f 1233//1233 2349//2349 2348//2348
f 1234//1234 2350//2350 2349//2349
f 1235//1235 2351//2351 2350//2350
f 1236//1236 2352//2352 2351//2351
f 1237//1237 2353//2353 2352//2352
f 1238//1238 2360//2360 2353//2353
f 2229//2229 2354//2354 2237//2237
f 2348//2348 2355//2355 2354//2354
f 2229//2229 2348//2348 2354//2354
f 2348//2348 2349//2349 2355//2355
f 2349//2349 2356//2356 2355//2355
f 2350//2350 2357//2357 2356//2356
f 2349//2349 2350//2350 2356//2356
f 2351//2351 2358//2358 2357//2357
f 2350//2350 2351//2351 2357//2357
f 2351//2351 2352//2352 2358//2358
f 2352//2352 2359//2359 2358//2358
f 2353//2353 2368//2368 2359//2359
f 2352//2352 2353//2353 2359//2359
f 2353//2353 2360//2360 2368//2368
f 1247//1247 2361//2361 2360//2360
f 1248//1248 2362//2362 2361//2361
f 1249//1249 2363//2363 2362//2362
f 1250//1250 2364//2364 2363//2363
f 1251//1251 2365//2365 2364//2364
f 1252//1252 2366//2366 2365//2365
f 1253//1253 2367//2367 2366//2366
f 2367//2367 2478//2478 2375//2375
f 2360//2360 2369//2369 2368//2368
f 2361//2361 2370//2370 2369//2369
f 2360//2360 2361//2361 2369//2369
f 2361//2361 2362//2362 2370//2370
f 2362//2362 2371//2371 2370//2370
f 2363//2363 2372//2372 2371//2371
f 2362//2362 2363//2363 2371//2371
f 2364//2364 2373//2373 2372//2372
f 2363//2363 2364//2364 2372//2372
f 2364//2364 2365//2365 2373//2373
f 2365//2365 2374//2374 2373//2373
f 2366//2366 2375//2375 2374//2374
f 2365//2365 2366//2366 2374//2374
f 2366//2366 2367//2367 2375//2375
f 2375//2375 2478//2478 2480//2480
f 2375//2375 2480//2480 2481//2481
f 2367//2367 1410//1410 1402//1402
f 2367//2367 2476//2476 2478//2478
f 2367//2367 1402//1402 2476//2476
f 2367//2367 1408//1408 1410//1410
f 2375//2375 2481//2481 2482//2482
f 2375//2375 2482//2482 2483//2483
f 2375//2375 2483//2483 2484//2484
f 2375//2375 2484//2484 2485//2485
f 2375//2375 2485//2485 2488//2488
f 2375//2375 2488//2488 2489//2489
f 2375//2375 2489//2489 2490//2490
f 2375//2375 2490//2490 2505//2505
f 2375//2375 2505//2505 2519//2519
f 2375//2375 2519//2519 2521//2521
f 2179//2179 2375//2375 2521//2521
f 1226//1226 2267//2267 1334//1334
f 1334//1334 2376//2376 1337//1337
f 1334//1334 2267//2267 2376//2376
f 1337//1337 2376//2376 2377//2377
f 1337//1337 2377//2377 1338//1338
f 1338//1338 2378//2378 1343//1343
f 1338//1338 2377//2377 2378//2378
f 2267//2267 2269//2269 2376//2376
f 2376//2376 2379//2379 2377//2377
f 2269//2269 2379//2379 2376//2376
f 2377//2377 2379//2379 2380//2380
f 2377//2377 2380//2380 2378//2378
f 2378//2378 2381//2381 2382//2382
f 2378//2378 2380//2380 2381//2381
f 1343//1343 2382//2382 1345//1345
f 1343//1343 2378//2378 2382//2382
f 1345//1345 2382//2382 2383//2383
f 1345//1345 2383//2383 1347//1347
f 1347//1347 2384//2384 1492//1492
f 1347//1347 2383//2383 2384//2384
f 1492//1492 2384//2384 2598//2598
f 2382//2382 2385//2385 2383//2383
f 2381//2381 2385//2385 2382//2382
f 2383//2383 2385//2385 2386//2386
f 2383//2383 2386//2386 2384//2384
f 2384//2384 2387//2387 2598//2598
f 2384//2384 2386//2386 2387//2387
f 2387//2387 2600//2600 2598//2598
f 2269//2269 2285//2285 2379//2379
f 2379//2379 2388//2388 2380//2380
f 2285//2285 2388//2388 2379//2379
f 2380//2380 2388//2388 2389//2389
f 2380//2380 2389//2389 2381//2381
f 2381//2381 2390//2390 2385//2385
f 2381//2381 2389//2389 2390//2390
f 2284//2284 2388//2388 2285//2285
f 2284//2284 2391//2391 2388//2388
f 2388//2388 2391//2391 2389//2389
f 2389//2389 2391//2391 2392//2392
f 2389//2389 2392//2392 2390//2390
f 2390//2390 2393//2393 2394//2394
f 2390//2390 2392//2392 2393//2393
f 2385//2385 2394//2394 2386//2386
f 2385//2385 2390//2390 2394//2394
f 2386//2386 2394//2394 2395//2395
f 2386//2386 2395//2395 2387//2387
f 2387//2387 2395//2395 2396//2396
f 2387//2387 2396//2396 2600//2600
f 2396//2396 2696//2696 2600//2600
f 2394//2394 2397//2397 2395//2395
f 2393//2393 2397//2397 2394//2394
f 2395//2395 2397//2397 2398//2398
f 2395//2395 2398//2398 2396//2396
f 2396//2396 2399//2399 2696//2696
f 2396//2396 2398//2398 2399//2399
f 2399//2399 2702//2702 2696//2696
f 2477//2477 2476//2476 1402//1402
f 2478//2478 2479//2479 2480//2480
f 2486//2486 2494//2494 2487//2487
f 2491//2491 2505//2505 2490//2490
f 2491//2491 2492//2492 2505//2505
f 2493//2493 2505//2505 2492//2492
f 2494//2494 2496//2496 2487//2487
f 2494//2494 2495//2495 2496//2496
f 2496//2496 2495//2495 2501//2501
f 2497//2497 2501//2501 2495//2495
f 2496//2496 2501//2501 2504//2504
f 2504//2504 2501//2501 2502//2502
f 2502//2502 2509//2509 2504//2504
f 2498//2498 2499//2499 2497//2497
f 2498//2498 2500//2500 2499//2499
f 2501//2501 2497//2497 2499//2499
f 2502//2502 2511//2511 2509//2509
f 2502//2502 2512//2512 2511//2511
f 2502//2502 2513//2513 2512//2512
f 2502//2502 2514//2514 2513//2513
f 2503//2503 2514//2514 2502//2502
f 2493//2493 2504//2504 2505//2505
f 2504//2504 2509//2509 2505//2505
f 2505//2505 2509//2509 2506//2506
f 2507//2507 2506//2506 2510//2510
f 2510//2510 2506//2506 2509//2509
f 2507//2507 2510//2510 2515//2515
f 2507//2507 2515//2515 2516//2516
f 2516//2516 2515//2515 2517//2517
f 2522//2522 2516//2516 2517//2517
f 2522//2522 2517//2517 2518//2518
f 2521//2521 2519//2519 2520//2520
f 2518//2518 2523//2523 2522//2522
f 2518//2518 2524//2524 2523//2523
f 2525//2525 2523//2523 2524//2524
f 2525//2525 2524//2524 2526//2526
f 1492//1492 2598//2598 1493//1493
f 1493//1493 2599//2599 1494//1494
f 1493//1493 2598//2598 2599//2599
f 1494//1494 2599//2599 2604//2604
f 1494//1494 2604//2604 1495//1495
f 1495//1495 2605//2605 1506//1506
f 1495//1495 2604//2604 2605//2605
f 2598//2598 2600//2600 2599//2599
f 2599//2599 2694//2694 2604//2604
f 2599//2599 2600//2600 2694//2694
f 2604//2604 2694//2694 2700//2700
f 2604//2604 2700//2700 2605//2605
f 2605//2605 2701//2701 2651//2651
f 2605//2605 2700//2700 2701//2701
f 2607//2607 2610//2610 2608//2608
f 2609//2609 2606//2606 2608//2608
f 2609//2609 2514//2514 2503//2503
f 2620//2620 2619//2619 2621//2621
f 2526//2526 2524//2524 2626//2626
f 2627//2627 2629//2629 2626//2626
f 2526//2526 2626//2626 2528//2528
f 2626//2626 2628//2628 2528//2528
f 2628//2628 2626//2626 2629//2629
f 2628//2628 2629//2629 2630//2630
f 2629//2629 2631//2631 2630//2630
f 2630//2630 2631//2631 2635//2635
f 2631//2631 2636//2636 2635//2635
f 2632//2632 2633//2633 2631//2631
f 2631//2631 2633//2633 2636//2636
f 2633//2633 2634//2634 2640//2640
f 2642//2642 2641//2641 2634//2634
f 2633//2633 2639//2639 2636//2636
f 2638//2638 2633//2633 2640//2640
f 2639//2639 2633//2633 2638//2638
f 2641//2641 2640//2640 2634//2634
f 2642//2642 2643//2643 2641//2641
f 2645//2645 2647//2647 2644//2644
f 2648//2648 2647//2647 2645//2645
f 2646//2646 2649//2649 2645//2645
f 2648//2648 2645//2645 2649//2649
f 1506//1506 2651//2651 1507//1507
f 1506//1506 2605//2605 2651//2651
f 1507//1507 2651//2651 2652//2652
f 1479//1479 2654//2654 2653//2653
f 1479//1479 2655//2655 2654//2654
f 1479//1479 2656//2656 2655//2655
f 1507//1507 2652//2652 1508//1508
f 1479//1479 2657//2657 2656//2656
f 1479//1479 2659//2659 2657//2657
f 1479//1479 2660//2660 2659//2659
f 1479//1479 2663//2663 2660//2660
f 1479//1479 1509//1509 2727//2727
f 1508//1508 2661//2661 1509//1509
f 1508//1508 2652//2652 2661//2661
f 1479//1479 2664//2664 2663//2663
f 1479//1479 2665//2665 2664//2664
f 1479//1479 2729//2729 2665//2665
f 1509//1509 2661//2661 2662//2662
f 2651//2651 2719//2719 2652//2652
f 2651//2651 2701//2701 2719//2719
f 2652//2652 2719//2719 2720//2720
f 2658//2658 2657//2657 2659//2659
f 2652//2652 2720//2720 2661//2661
f 1509//1509 2662//2662 2727//2727
f 2661//2661 2726//2726 2662//2662
f 2661//2661 2720//2720 2726//2726
f 2662//2662 2726//2726 2727//2727
f 2600//2600 2696//2696 2694//2694
f 2694//2694 2703//2703 2700//2700
f 2694//2694 2696//2696 2703//2703
f 2700//2700 2703//2703 2704//2704
f 2700//2700 2704//2704 2701//2701
f 2701//2701 2705//2705 2719//2719
f 2701//2701 2704//2704 2705//2705
f 2696//2696 2702//2702 2703//2703
f 2702//2702 2758//2758 2703//2703
f 2703//2703 2758//2758 2704//2704
f 2704//2704 2758//2758 2761//2761
f 2704//2704 2761//2761 2705//2705
f 2705//2705 2762//2762 2730//2730
f 2705//2705 2761//2761 2762//2762
f 2719//2719 2730//2730 2720//2720
f 2705//2705 2730//2730 2719//2719
f 2720//2720 2730//2730 2731//2731
f 2720//2720 2731//2731 2726//2726
f 1479//1479 2789//2789 2729//2729
f 1479//1479 2727//2727 2789//2789
f 2726//2726 2732//2732 2727//2727
f 2726//2726 2731//2731 2732//2732
f 2727//2727 2732//2732 2733//2733
f 2730//2730 2768//2768 2731//2731
f 2730//2730 2762//2762 2768//2768
f 2731//2731 2768//2768 2769//2769
f 2789//2789 2718//2718 2721//2721
f 2789//2789 2721//2721 2722//2722
f 2789//2789 2722//2722 2723//2723
f 2789//2789 2723//2723 2724//2724
f 2789//2789 2724//2724 2725//2725
f 2789//2789 2725//2725 2728//2728
f 2731//2731 2769//2769 2732//2732
f 2727//2727 2733//2733 2771//2771
f 2732//2732 2770//2770 2733//2733
f 2732//2732 2769//2769 2770//2770
f 2789//2789 2728//2728 2729//2729
f 2733//2733 2770//2770 2771//2771
f 2284//2284 2333//2333 2391//2391
f 2333//2333 2734//2734 2391//2391
f 2391//2391 2734//2734 2392//2392
f 2392//2392 2734//2734 2735//2735
f 2333//2333 2337//2337 2734//2734
f 2734//2734 2737//2737 2735//2735
f 2337//2337 2737//2737 2734//2734
f 2735//2735 2737//2737 2738//2738
f 2337//2337 2344//2344 2737//2737
f 2737//2737 2746//2746 2738//2738
f 2735//2735 2738//2738 2736//2736
f 2736//2736 2739//2739 2742//2742
f 2736//2736 2738//2738 2739//2739
f 2738//2738 2747//2747 2739//2739
f 2739//2739 2748//2748 2740//2740
f 2392//2392 2735//2735 2393//2393
f 2393//2393 2736//2736 2397//2397
f 2393//2393 2735//2735 2736//2736
f 2739//2739 2740//2740 2742//2742
f 2740//2740 2741//2741 2743//2743
f 2397//2397 2742//2742 2398//2398
f 2397//2397 2736//2736 2742//2742
f 2398//2398 2742//2742 2743//2743
f 2398//2398 2743//2743 2399//2399
f 2399//2399 2744//2744 2702//2702
f 2399//2399 2743//2743 2744//2744
f 2702//2702 2744//2744 2759//2759
f 2740//2740 2743//2743 2742//2742
f 2741//2741 2744//2744 2743//2743
f 2741//2741 2745//2745 2744//2744
f 2744//2744 2745//2745 2759//2759
f 2745//2745 2763//2763 2759//2759
f 2344//2344 2347//2347 2746//2746
f 2347//2347 2749//2749 2746//2746
f 2746//2746 2749//2749 2747//2747
f 2344//2344 2746//2746 2737//2737
f 2738//2738 2746//2746 2747//2747
f 2739//2739 2747//2747 2748//2748
f 2747//2747 2750//2750 2748//2748
f 2748//2748 2751//2751 2752//2752
f 2319//2319 2749//2749 2347//2347
f 2747//2747 2749//2749 2750//2750
f 2319//2319 3123//3123 2749//2749
f 2749//2749 3123//3123 2750//2750
f 2750//2750 3123//3123 3124//3124
f 2748//2748 2750//2750 2751//2751
f 2750//2750 3124//3124 2751//2751
f 2751//2751 3124//3124 3125//3125
f 2751//2751 3125//3125 2755//2755
f 2740//2740 2748//2748 2752//2752
f 2740//2740 2752//2752 2741//2741
f 2741//2741 2752//2752 2753//2753
f 2752//2752 2755//2755 2753//2753
f 2741//2741 2753//2753 2745//2745
f 2745//2745 2753//2753 2754//2754
f 2745//2745 2754//2754 2763//2763
f 2754//2754 2776//2776 2763//2763
f 2753//2753 2756//2756 2754//2754
f 2755//2755 3125//3125 3126//3126
f 2755//2755 3126//3126 2756//2756
f 2751//2751 2755//2755 2752//2752
f 2753//2753 2755//2755 2756//2756
f 2756//2756 3127//3127 2757//2757
f 2754//2754 2756//2756 2757//2757
f 2757//2757 2779//2779 2776//2776
f 2754//2754 2757//2757 2776//2776
f 2757//2757 3128//3128 2779//2779
f 3188//3188 2521//2521 2527//2527
f 3188//3188 2527//2527 2529//2529
f 3188//3188 2529//2529 2530//2530
f 3188//3188 2530//2530 2531//2531
f 3188//3188 2531//2531 2532//2532
f 3188//3188 2532//2532 2534//2534
f 3188//3188 2534//2534 2706//2706
f 3188//3188 2706//2706 2707//2707
f 3188//3188 2707//2707 2708//2708
f 3188//3188 2708//2708 2709//2709
f 3188//3188 2709//2709 2710//2710
f 3188//3188 2710//2710 2711//2711
f 3188//3188 2711//2711 2712//2712
f 3188//3188 2712//2712 2713//2713
f 2702//2702 2759//2759 2758//2758
f 2758//2758 2760//2760 2761//2761
f 2758//2758 2759//2759 2760//2760
f 2760//2760 2765//2765 2761//2761
f 2762//2762 2765//2765 2766//2766
f 2761//2761 2765//2765 2762//2762
f 2762//2762 2766//2766 2768//2768
f 2759//2759 2763//2763 2760//2760
f 2760//2760 2764//2764 2765//2765
f 2760//2760 2763//2763 2764//2764
f 2764//2764 2767//2767 2765//2765
f 2765//2765 2767//2767 2766//2766
f 2766//2766 2783//2783 2772//2772
f 2766//2766 2767//2767 2783//2783
f 3188//3188 2713//2713 2714//2714
f 3188//3188 2714//2714 2715//2715
f 3188//3188 2715//2715 2716//2716
f 3188//3188 2716//2716 2717//2717
f 3188//3188 2717//2717 2718//2718
f 2768//2768 2772//2772 2769//2769
f 2766//2766 2772//2772 2768//2768
f 2769//2769 2772//2772 2773//2773
f 2769//2769 2773//2773 2770//2770
f 2727//2727 2771//2771 2789//2789
f 2770//2770 2774//2774 2771//2771
f 2770//2770 2773//2773 2774//2774
f 2771//2771 2774//2774 2775//2775
f 2772//2772 2786//2786 2773//2773
f 2772//2772 2783//2783 2786//2786
f 2773//2773 2786//2786 2787//2787
f 2774//2774 2787//2787 2788//2788
f 2775//2775 2788//2788 2789//2789
f 2773//2773 2787//2787 2774//2774
f 2771//2771 2775//2775 2789//2789
f 2774//2774 2788//2788 2775//2775
f 2764//2764 2776//2776 2777//2777
f 2776//2776 2779//2779 2777//2777
f 2777//2777 2779//2779 2780//2780
f 2777//2777 2780//2780 2778//2778
f 2778//2778 2780//2780 2781//2781
f 2779//2779 3148//3148 2780//2780
f 2778//2778 2781//2781 2784//2784
f 2782//2782 2790//2790 2784//2784
f 2781//2781 2782//2782 2784//2784
f 2763//2763 2776//2776 2764//2764
f 2764//2764 2777//2777 2767//2767
f 2767//2767 2777//2777 2778//2778
f 2767//2767 2778//2778 2783//2783
f 2783//2783 2784//2784 2786//2786
f 2778//2778 2784//2784 2783//2783
f 2782//2782 2785//2785 2790//2790
f 2785//2785 3156//3156 2791//2791
f 2789//2789 3188//3188 2718//2718
f 2789//2789 3160//3160 3166//3166
f 2786//2786 2790//2790 2787//2787
f 2784//2784 2790//2790 2786//2786
f 2787//2787 2790//2790 2791//2791
f 2787//2787 2791//2791 2788//2788
f 2788//2788 2792//2792 2789//2789
f 2788//2788 2791//2791 2792//2792
f 2789//2789 2792//2792 2793//2793
f 2785//2785 2791//2791 2790//2790
f 2791//2791 3156//3156 2792//2792
f 2789//2789 2793//2793 3160//3160
f 2792//2792 3159//3159 2793//2793
f 2792//2792 3156//3156 3159//3159
f 2793//2793 3159//3159 3160//3160
f 2794//2794 2799//2799 2795//2795
f 2797//2797 2798//2798 2803//2803
f 2796//2796 2797//2797 2802//2802
f 2795//2795 2805//2805 2798//2798
f 2795//2795 2799//2799 2805//2805
f 2794//2794 2843//2843 2799//2799
f 2799//2799 2843//2843 2800//2800
f 2800//2800 2843//2843 2845//2845
f 2800//2800 2845//2845 2801//2801
f 2797//2797 2803//2803 2802//2802
f 2802//2802 2803//2803 2930//2930
f 2803//2803 2804//2804 2930//2930
f 2804//2804 2931//2931 2930//2930
f 2804//2804 2808//2808 2931//2931
f 2808//2808 2956//2956 2931//2931
f 2808//2808 2811//2811 2956//2956
f 2799//2799 2806//2806 2805//2805
f 2798//2798 2805//2805 2803//2803
f 2804//2804 2805//2805 2806//2806
f 2799//2799 2800//2800 2806//2806
f 2803//2803 2805//2805 2804//2804
f 2806//2806 2807//2807 2808//2808
f 2807//2807 2809//2809 2811//2811
f 2800//2800 2801//2801 2807//2807
f 2800//2800 2807//2807 2806//2806
f 2801//2801 2809//2809 2807//2807
f 2801//2801 2891//2891 2809//2809
f 2804//2804 2806//2806 2808//2808
f 2807//2807 2811//2811 2808//2808
f 2811//2811 2957//2957 2956//2956
f 2809//2809 2891//2891 2810//2810
f 2810//2810 2891//2891 2892//2892
f 2810//2810 2892//2892 2813//2813
f 2809//2809 2812//2812 2811//2811
f 2811//2811 2812//2812 2957//2957
f 2810//2810 2815//2815 2812//2812
f 2812//2812 2815//2815 2958//2958
f 2809//2809 2810//2810 2812//2812
f 2810//2810 2813//2813 2815//2815
f 2815//2815 2816//2816 2959//2959
f 2813//2813 2816//2816 2815//2815
f 2814//2814 2817//2817 2816//2816
f 2813//2813 2814//2814 2816//2816
f 2816//2816 2817//2817 2966//2966
f 2814//2814 2908//2908 2817//2817
f 2817//2817 2908//2908 2818//2818
f 2818//2818 2911//2911 2819//2819
f 2821//2821 2826//2826 2822//2822
f 2822//2822 2827//2827 2823//2823
f 2823//2823 2835//2835 2824//2824
f 2825//2825 2842//2842 2841//2841
f 2824//2824 2837//2837 2825//2825
f 2821//2821 2828//2828 2826//2826
f 2822//2822 2826//2826 2827//2827
f 2826//2826 2831//2831 2827//2827
f 2823//2823 2827//2827 2835//2835
f 2827//2827 2831//2831 2836//2836
f 2826//2826 2828//2828 2830//2830
f 2828//2828 2829//2829 2830//2830
f 2826//2826 2830//2830 2831//2831
f 2829//2829 2832//2832 2833//2833
f 2829//2829 2833//2833 2830//2830
f 2832//2832 2848//2848 2849//2849
f 2832//2832 2849//2849 2833//2833
f 2830//2830 2833//2833 2834//2834
f 2830//2830 2834//2834 2831//2831
f 2833//2833 2852//2852 2834//2834
f 2833//2833 2849//2849 2852//2852
f 2827//2827 2836//2836 2835//2835
f 2824//2824 2835//2835 2837//2837
f 2835//2835 2836//2836 2838//2838
f 2825//2825 2837//2837 2842//2842
f 2837//2837 2844//2844 2842//2842
f 2835//2835 2838//2838 2837//2837
f 2837//2837 2838//2838 2844//2844
f 2831//2831 2840//2840 2836//2836
f 2836//2836 2840//2840 2839//2839
f 2836//2836 2839//2839 2838//2838
f 2838//2838 2839//2839 2846//2846
f 2838//2838 2846//2846 2844//2844
f 2839//2839 2840//2840 2860//2860
f 2839//2839 2860//2860 2888//2888
f 2831//2831 2834//2834 2840//2840
f 2834//2834 2861//2861 2840//2840
f 2834//2834 2852//2852 2861//2861
f 2840//2840 2861//2861 2860//2860
f 2794//2794 2841//2841 2843//2843
f 2841//2841 2842//2842 2843//2843
f 2842//2842 2845//2845 2843//2843
f 2842//2842 2844//2844 2845//2845
f 2844//2844 2846//2846 2847//2847
f 2844//2844 2847//2847 2845//2845
f 2846//2846 2890//2890 2847//2847
f 2839//2839 2888//2888 2846//2846
f 2846//2846 2888//2888 2890//2890
f 2801//2801 2845//2845 2847//2847
f 2847//2847 2890//2890 2891//2891
f 2801//2801 2847//2847 2891//2891
f 2848//2848 2851//2851 2849//2849
f 2848//2848 2850//2850 2851//2851
f 2850//2850 2854//2854 2855//2855
f 2850//2850 2855//2855 2851//2851
f 2849//2849 2853//2853 2852//2852
f 2849//2849 2851//2851 2853//2853
f 2851//2851 2855//2855 2858//2858
f 2851//2851 2858//2858 2853//2853
f 2854//2854 2857//2857 2855//2855
f 2854//2854 2856//2856 2857//2857
f 2856//2856 2869//2869 2857//2857
f 2855//2855 2859//2859 2858//2858
f 2855//2855 2857//2857 2859//2859
f 2857//2857 2870//2870 2859//2859
f 2860//2860 2863//2863 2889//2889
f 2852//2852 2862//2862 2861//2861
f 2852//2852 2853//2853 2862//2862
f 2861//2861 2862//2862 2863//2863
f 2853//2853 2858//2858 2864//2864
f 2853//2853 2864//2864 2862//2862
f 2862//2862 2864//2864 2866//2866
f 2860//2860 2861//2861 2863//2863
f 2862//2862 2866//2866 2863//2863
f 2863//2863 2866//2866 2894//2894
f 2864//2864 2865//2865 2867//2867
f 2858//2858 2865//2865 2864//2864
f 2858//2858 2859//2859 2865//2865
f 2859//2859 2872//2872 2865//2865
f 2864//2864 2867//2867 2866//2866
f 2865//2865 2874//2874 2867//2867
f 2866//2866 2867//2867 2897//2897
f 2856//2856 2868//2868 2869//2869
f 2868//2868 2880//2880 2869//2869
f 2857//2857 2869//2869 2870//2870
f 2869//2869 2871//2871 2870//2870
f 2869//2869 2880//2880 2871//2871
f 2859//2859 2870//2870 2872//2872
f 2870//2870 2873//2873 2872//2872
f 2870//2870 2871//2871 2873//2873
f 2867//2867 2874//2874 2901//2901
f 2874//2874 2875//2875 2902//2902
f 2865//2865 2872//2872 2874//2874
f 2872//2872 2875//2875 2874//2874
f 2872//2872 2873//2873 2875//2875
f 2871//2871 2876//2876 2873//2873
f 2873//2873 2877//2877 2875//2875
f 2873//2873 2876//2876 2877//2877
f 2875//2875 2877//2877 2904//2904
f 2876//2876 2878//2878 2877//2877
f 2876//2876 2887//2887 2878//2878
f 2868//2868 2879//2879 2880//2880
f 2879//2879 2881//2881 2882//2882
f 2879//2879 2882//2882 2880//2880
f 2881//2881 2883//2883 2884//2884
f 2881//2881 2884//2884 2882//2882
f 2880//2880 2882//2882 2885//2885
f 2871//2871 2880//2880 2885//2885
f 2882//2882 2884//2884 2886//2886
f 2882//2882 2886//2886 2885//2885
f 2871//2871 2885//2885 2876//2876
f 2876//2876 2885//2885 2887//2887
f 2885//2885 2886//2886 2887//2887
f 2860//2860 2889//2889 2888//2888
f 2888//2888 2893//2893 2890//2890
f 2888//2888 2889//2889 2893//2893
f 2863//2863 2894//2894 2889//2889
f 2889//2889 2895//2895 2893//2893
f 2889//2889 2894//2894 2895//2895
f 2890//2890 2893//2893 2892//2892
f 2890//2890 2892//2892 2891//2891
f 2893//2893 2895//2895 2898//2898
f 2892//2892 2893//2893 2898//2898
f 2894//2894 2896//2896 2895//2895
f 2894//2894 2897//2897 2896//2896
f 2895//2895 2899//2899 2898//2898
f 2896//2896 2897//2897 2900//2900
f 2895//2895 2896//2896 2899//2899
f 2896//2896 2909//2909 2899//2899
f 2866//2866 2897//2897 2894//2894
f 2867//2867 2901//2901 2897//2897
f 2813//2813 2892//2892 2898//2898
f 2813//2813 2898//2898 2814//2814
f 2814//2814 2898//2898 2899//2899
f 2814//2814 2899//2899 2908//2908
f 2896//2896 2900//2900 2909//2909
f 2900//2900 2910//2910 2909//2909
f 2900//2900 2903//2903 2910//2910
f 2903//2903 2906//2906 2912//2912
f 2903//2903 2912//2912 2910//2910
f 2874//2874 2902//2902 2901//2901
f 2897//2897 2901//2901 2900//2900
f 2901//2901 2902//2902 2903//2903
f 2900//2900 2901//2901 2903//2903
f 2875//2875 2904//2904 2902//2902
f 2902//2902 2904//2904 2906//2906
f 2904//2904 2905//2905 2907//2907
f 2877//2877 2905//2905 2904//2904
f 2877//2877 2878//2878 2905//2905
f 2902//2902 2906//2906 2903//2903
f 2904//2904 2907//2907 2906//2906
f 2906//2906 2907//2907 2913//2913
f 2899//2899 2909//2909 2908//2908
f 2908//2908 2909//2909 2911//2911
f 2909//2909 2910//2910 2911//2911
f 2818//2818 2908//2908 2911//2911
f 2910//2910 2914//2914 2911//2911
f 2910//2910 2912//2912 2914//2914
f 2906//2906 2913//2913 2912//2912
f 2912//2912 2915//2915 2914//2914
f 2912//2912 2913//2913 2915//2915
f 2819//2819 2911//2911 2914//2914
f 2820//2820 2914//2914 2915//2915
f 2819//2819 2914//2914 2820//2820
f 2916//2916 2918//2918 2919//2919
f 2917//2917 2924//2924 2918//2918
f 2796//2796 2922//2922 2917//2917
f 2293//2293 2916//2916 2299//2299
f 2299//2299 2916//2916 2919//2919
f 2918//2918 2924//2924 2919//2919
f 2919//2919 2924//2924 2920//2920
f 2920//2920 2925//2925 2921//2921
f 2802//2802 2923//2923 2922//2922
f 2917//2917 2922//2922 2924//2924
f 2922//2922 2923//2923 2925//2925
f 2922//2922 2925//2925 2924//2924
f 2920//2920 2924//2924 2925//2925
f 2923//2923 2926//2926 2927//2927
f 2921//2921 2925//2925 2927//2927
f 2921//2921 2927//2927 2938//2938
f 2927//2927 2932//2932 2938//2938
f 2923//2923 2927//2927 2925//2925
f 2926//2926 2932//2932 2927//2927
f 2926//2926 2954//2954 2932//2932
f 2299//2299 2919//2919 2928//2928
f 2919//2919 2920//2920 2928//2928
f 2920//2920 2929//2929 2928//2928
f 2921//2921 2936//2936 2929//2929
f 2920//2920 2921//2921 2929//2929
f 2921//2921 2938//2938 2936//2936
f 2796//2796 2802//2802 2922//2922
f 2802//2802 2930//2930 2923//2923
f 2923//2923 2930//2930 2926//2926
f 2926//2926 2930//2930 2931//2931
f 2931//2931 2956//2956 2954//2954
f 2926//2926 2931//2931 2954//2954
f 2932//2932 2939//2939 2938//2938
f 2932//2932 2933//2933 2939//2939
f 2933//2933 2934//2934 2942//2942
f 2932//2932 2954//2954 2933//2933
f 2933//2933 2954//2954 2955//2955
f 2933//2933 2955//2955 2934//2934
f 2934//2934 2960//2960 2935//2935
f 2934//2934 2935//2935 2943//2943
f 2936//2936 2938//2938 2937//2937
f 2937//2937 2938//2938 2939//2939
f 2939//2939 2942//2942 2940//2940
f 2937//2937 2939//2939 2940//2940
f 2314//2314 2937//2937 2940//2940
f 2940//2940 2942//2942 2941//2941
f 2941//2941 2943//2943 2946//2946
f 2941//2941 2942//2942 2943//2943
f 2315//2315 2940//2940 2941//2941
f 2933//2933 2942//2942 2939//2939
f 2934//2934 2943//2943 2942//2942
f 2935//2935 2950//2950 2943//2943
f 2943//2943 2950//2950 2946//2946
f 2946//2946 2950//2950 2947//2947
f 2316//2316 2941//2941 2946//2946
f 2316//2316 2946//2946 2317//2317
f 2317//2317 2946//2946 2947//2947
f 2318//2318 2947//2947 2948//2948
f 2317//2317 2947//2947 2318//2318
f 2318//2318 2948//2948 2319//2319
f 2319//2319 2948//2948 2949//2949
f 2947//2947 2951//2951 2948//2948
f 2948//2948 2952//2952 2949//2949
f 2944//2944 2951//2951 2950//2950
f 2947//2947 2950//2950 2951//2951
f 2935//2935 2944//2944 2950//2950
f 2944//2944 2945//2945 2951//2951
f 2948//2948 2951//2951 2952//2952
f 2949//2949 2952//2952 2953//2953
f 2945//2945 2952//2952 2951//2951
f 2945//2945 2970//2970 2952//2952
f 2953//2953 2970//2970 2971//2971
f 2952//2952 2970//2970 2953//2953
f 2954//2954 2956//2956 2955//2955
f 2955//2955 2957//2957 2960//2960
f 2955//2955 2956//2956 2957//2957
f 2812//2812 2958//2958 2957//2957
f 2957//2957 2958//2958 2960//2960
f 2934//2934 2955//2955 2960//2960
f 2958//2958 2961//2961 2960//2960
f 2958//2958 2959//2959 2961//2961
f 2959//2959 2962//2962 2961//2961
f 2935//2935 2960//2960 2961//2961
f 2935//2935 2961//2961 2944//2944
f 2815//2815 2959//2959 2958//2958
f 2816//2816 2966//2966 2959//2959
f 2959//2959 2966//2966 2962//2962
f 2963//2963 2966//2966 2967//2967
f 2944//2944 2961//2961 2962//2962
f 2944//2944 2962//2962 2945//2945
f 2945//2945 2962//2962 2963//2963
f 2962//2962 2966//2966 2963//2963
f 2945//2945 2963//2963 2970//2970
f 2963//2963 2964//2964 2970//2970
f 2964//2964 2971//2971 2970//2970
f 2963//2963 2967//2967 2964//2964
f 2964//2964 2968//2968 2965//2965
f 2964//2964 2965//2965 2971//2971
f 2817//2817 2967//2967 2966//2966
f 2817//2817 2818//2818 2967//2967
f 2818//2818 2968//2968 2967//2967
f 2964//2964 2967//2967 2968//2968
f 2965//2965 2968//2968 2969//2969
f 2818//2818 2819//2819 2968//2968
f 2819//2819 2969//2969 2968//2968
f 2819//2819 2820//2820 2969//2969
f 2179//2179 2521//2521 3188//3188
f 2878//2878 2887//2887 2982//2982
f 2883//2883 2973//2973 2972//2972
f 2883//2883 2972//2972 2884//2884
f 2973//2973 2975//2975 2976//2976
f 2972//2972 2973//2973 2976//2976
f 2884//2884 2972//2972 2974//2974
f 2884//2884 2974//2974 2886//2886
f 2972//2972 2979//2979 2974//2974
f 2972//2972 2976//2976 2979//2979
f 2975//2975 2978//2978 2976//2976
f 2975//2975 2977//2977 2978//2978
f 2977//2977 2988//2988 2978//2978
f 2976//2976 2980//2980 2979//2979
f 2976//2976 2978//2978 2980//2980
f 2978//2978 2989//2989 2980//2980
f 2886//2886 2974//2974 2981//2981
f 2886//2886 2981//2981 2887//2887
f 2974//2974 2979//2979 2983//2983
f 2974//2974 2983//2983 2981//2981
f 2887//2887 2981//2981 2982//2982
f 2981//2981 2983//2983 2985//2985
f 2981//2981 2985//2985 2982//2982
f 2979//2979 2984//2984 2983//2983
f 2979//2979 2980//2980 2984//2984
f 2980//2980 2996//2996 2984//2984
f 2983//2983 2986//2986 2985//2985
f 2983//2983 2984//2984 2986//2986
f 2984//2984 2998//2998 2986//2986
f 2977//2977 2987//2987 2988//2988
f 2987//2987 2992//2992 2988//2988
f 2987//2987 2991//2991 2992//2992
f 2978//2978 2988//2988 2989//2989
f 2988//2988 2990//2990 2989//2989
f 2988//2988 2992//2992 2990//2990
f 2990//2990 2992//2992 2995//2995
f 2991//2991 2993//2993 2994//2994
f 2991//2991 2994//2994 2992//2992
f 2993//2993 3026//3026 3028//3028
f 2993//2993 3028//3028 2994//2994
f 2992//2992 2994//2994 2995//2995
f 2994//2994 3028//3028 3029//3029
f 2994//2994 3029//3029 2995//2995
f 2980//2980 2989//2989 2996//2996
f 2989//2989 2997//2997 2996//2996
f 2989//2989 2990//2990 2997//2997
f 2984//2984 2996//2996 2998//2998
f 2996//2996 2999//2999 2998//2998
f 2996//2996 2997//2997 2999//2999
f 2990//2990 2995//2995 3000//3000
f 2990//2990 3000//3000 2997//2997
f 2995//2995 3036//3036 3000//3000
f 2997//2997 3000//3000 3001//3001
f 2997//2997 3001//3001 2999//2999
f 3000//3000 3036//3036 3035//3035
f 3000//3000 3035//3035 3001//3001
f 2995//2995 3029//3029 3036//3036
f 2878//2878 3002//3002 2905//2905
f 2878//2878 2982//2982 3002//3002
f 2905//2905 3002//3002 3003//3003
f 2982//2982 3004//3004 3002//3002
f 3002//3002 3004//3004 3006//3006
f 2905//2905 3003//3003 2907//2907
f 2907//2907 3003//3003 3011//3011
f 3003//3003 3006//3006 3012//3012
f 3002//3002 3006//3006 3003//3003
f 3006//3006 3007//3007 3013//3013
f 3004//3004 3007//3007 3006//3006
f 3004//3004 3005//3005 3007//3007
f 3005//3005 3014//3014 3007//3007
f 2913//2913 3008//3008 2915//2915
f 2913//2913 3011//3011 3008//3008
f 3009//3009 3011//3011 3012//3012
f 3008//3008 3011//3011 3009//3009
f 2915//2915 3008//3008 3170//3170
f 2820//2820 2915//2915 3170//3170
f 3008//3008 3009//3009 3171//3171
f 3008//3008 3171//3171 3170//3170
f 3009//3009 3172//3172 3171//3171
f 3010//3010 3173//3173 3172//3172
f 3009//3009 3012//3012 3010//3010
f 3010//3010 3013//3013 3016//3016
f 3009//3009 3010//3010 3172//3172
f 2907//2907 3011//3011 2913//2913
f 3003//3003 3012//3012 3011//3011
f 3006//3006 3013//3013 3012//3012
f 3007//3007 3017//3017 3013//3013
f 3010//3010 3012//3012 3013//3013
f 3005//3005 3022//3022 3014//3014
f 3014//3014 3022//3022 3015//3015
f 3007//3007 3014//3014 3017//3017
f 3010//3010 3016//3016 3173//3173
f 3016//3016 3019//3019 3174//3174
f 3019//3019 3021//3021 3175//3175
f 3013//3013 3017//3017 3016//3016
f 3017//3017 3018//3018 3019//3019
f 3014//3014 3018//3018 3017//3017
f 3014//3014 3015//3015 3018//3018
f 3016//3016 3017//3017 3019//3019
f 3018//3018 3020//3020 3021//3021
f 3015//3015 3020//3020 3018//3018
f 3015//3015 3025//3025 3020//3020
f 3020//3020 3025//3025 3059//3059
f 3025//3025 3070//3070 3059//3059
f 3018//3018 3021//3021 3019//3019
f 3020//3020 3061//3061 3021//3021
f 3021//3021 3061//3061 3177//3177
f 3020//3020 3059//3059 3061//3061
f 2982//2982 2985//2985 3004//3004
f 2985//2985 3005//3005 3004//3004
f 2985//2985 2986//2986 3005//3005
f 2986//2986 3022//3022 3005//3005
f 2986//2986 2998//2998 3022//3022
f 2998//2998 3023//3023 3022//3022
f 2998//2998 2999//2999 3023//3023
f 3015//3015 3022//3022 3023//3023
f 2999//2999 3024//3024 3023//3023
f 2999//2999 3001//3001 3024//3024
f 3001//3001 3035//3035 3067//3067
f 3001//3001 3067//3067 3024//3024
f 3023//3023 3024//3024 3025//3025
f 3015//3015 3023//3023 3025//3025
f 3024//3024 3067//3067 3070//3070
f 3024//3024 3070//3070 3025//3025
f 3026//3026 3027//3027 3030//3030
f 3026//3026 3030//3030 3028//3028
f 3027//3027 3033//3033 3030//3030
f 3027//3027 3031//3031 3033//3033
f 3028//3028 3030//3030 3037//3037
f 3028//3028 3037//3037 3029//3029
f 3030//3030 3033//3033 3039//3039
f 3030//3030 3039//3039 3037//3037
f 3031//3031 3034//3034 3033//3033
f 3031//3031 3032//3032 3034//3034
f 3032//3032 3045//3045 3034//3034
f 3033//3033 3040//3040 3039//3039
f 3033//3033 3034//3034 3040//3040
f 3034//3034 3051//3051 3040//3040
f 3035//3035 3036//3036 3068//3068
f 3029//3029 3037//3037 3038//3038
f 3029//3029 3038//3038 3036//3036
f 3037//3037 3039//3039 3041//3041
f 3037//3037 3041//3041 3038//3038
f 3036//3036 3038//3038 3068//3068
f 3038//3038 3041//3041 3075//3075
f 3038//3038 3075//3075 3068//3068
f 3039//3039 3042//3042 3041//3041
f 3039//3039 3040//3040 3042//3042
f 3040//3040 3053//3053 3042//3042
f 3041//3041 3076//3076 3075//3075
f 3041//3041 3042//3042 3076//3076
f 3042//3042 3079//3079 3076//3076
f 2179//2179 3188//3188 3056//3056
f 3032//3032 3043//3043 3045//3045
f 3043//3043 3046//3046 3045//3045
f 3043//3043 3044//3044 3046//3046
f 3034//3034 3045//3045 3051//3051
f 3045//3045 3052//3052 3051//3051
f 3045//3045 3046//3046 3052//3052
f 3044//3044 3047//3047 3049//3049
f 3044//3044 3049//3049 3046//3046
f 2208//2208 3056//3056 3048//3048
f 3047//3047 3048//3048 3050//3050
f 3047//3047 3050//3050 3049//3049
f 3046//3046 3049//3049 3055//3055
f 3046//3046 3055//3055 3052//3052
f 3048//3048 3056//3056 3050//3050
f 3049//3049 3050//3050 3056//3056
f 3049//3049 3056//3056 3055//3055
f 3040//3040 3051//3051 3053//3053
f 3051//3051 3054//3054 3053//3053
f 3051//3051 3052//3052 3054//3054
f 3042//3042 3053//3053 3079//3079
f 3053//3053 3080//3080 3079//3079
f 3053//3053 3054//3054 3080//3080
f 3052//3052 3055//3055 3057//3057
f 3052//3052 3057//3057 3054//3054
f 3055//3055 3056//3056 3058//3058
f 3055//3055 3058//3058 3057//3057
f 3054//3054 3057//3057 3083//3083
f 3054//3054 3083//3083 3080//3080
f 3056//3056 3084//3084 3058//3058
f 3057//3057 3058//3058 3084//3084
f 3057//3057 3084//3084 3083//3083
f 3059//3059 3070//3070 3060//3060
f 3059//3059 3062//3062 3061//3061
f 3061//3061 3062//3062 3178//3178
f 3059//3059 3060//3060 3062//3062
f 3060//3060 3064//3064 3062//3062
f 3060//3060 3063//3063 3064//3064
f 3063//3063 3065//3065 3064//3064
f 3063//3063 3077//3077 3065//3065
f 3065//3065 3077//3077 3066//3066
f 3066//3066 3089//3089 3191//3191
f 3092//3092 3188//3188 3195//3195
f 3035//3035 3068//3068 3069//3069
f 3035//3035 3069//3069 3067//3067
f 3068//3068 3075//3075 3073//3073
f 3068//3068 3073//3073 3069//3069
f 3067//3067 3069//3069 3071//3071
f 3067//3067 3071//3071 3070//3070
f 3069//3069 3072//3072 3071//3071
f 3069//3069 3073//3073 3072//3072
f 3073//3073 3075//3075 3074//3074
f 3072//3072 3073//3073 3078//3078
f 3073//3073 3074//3074 3078//3078
f 3074//3074 3087//3087 3078//3078
f 3074//3074 3075//3075 3076//3076
f 3074//3074 3076//3076 3081//3081
f 3060//3060 3070//3070 3071//3071
f 3063//3063 3071//3071 3072//3072
f 3060//3060 3071//3071 3063//3063
f 3063//3063 3072//3072 3077//3077
f 3072//3072 3078//3078 3077//3077
f 3077//3077 3078//3078 3089//3089
f 3074//3074 3081//3081 3087//3087
f 3081//3081 3088//3088 3087//3087
f 3081//3081 3082//3082 3088//3088
f 3056//3056 3188//3188 3092//3092
f 3082//3082 3091//3091 3088//3088
f 3085//3085 3092//3092 3091//3091
f 3076//3076 3079//3079 3081//3081
f 3079//3079 3082//3082 3081//3081
f 3079//3079 3080//3080 3082//3082
f 3080//3080 3083//3083 3085//3085
f 3080//3080 3085//3085 3082//3082
f 3056//3056 3092//3092 3084//3084
f 3083//3083 3084//3084 3086//3086
f 3083//3083 3086//3086 3085//3085
f 3082//3082 3085//3085 3091//3091
f 3084//3084 3092//3092 3086//3086
f 3085//3085 3086//3086 3092//3092
f 3078//3078 3087//3087 3089//3089
f 3087//3087 3090//3090 3089//3089
f 3087//3087 3088//3088 3090//3090
f 3066//3066 3077//3077 3089//3089
f 3089//3089 3090//3090 3191//3191
f 3088//3088 3093//3093 3090//3090
f 3091//3091 3094//3094 3093//3093
f 3088//3088 3091//3091 3093//3093
f 3091//3091 3092//3092 3094//3094
f 3090//3090 3093//3093 3194//3194
f 3090//3090 3194//3194 3191//3191
f 3093//3093 3094//3094 3195//3195
f 3092//3092 3195//3195 3094//3094
f 3093//3093 3195//3195 3194//3194
f 2319//2319 2949//2949 3123//3123
f 3095//3095 3124//3124 3123//3123
f 2949//2949 3095//3095 3123//3123
f 3095//3095 3096//3096 3124//3124
f 3096//3096 3097//3097 3125//3125
f 2971//2971 3111//3111 3098//3098
f 2953//2953 2971//2971 3098//3098
f 3098//3098 3111//3111 3099//3099
f 2949//2949 2953//2953 3095//3095
f 2953//2953 3098//3098 3095//3095
f 3095//3095 3098//3098 3096//3096
f 3096//3096 3098//3098 3099//3099
f 3099//3099 3112//3112 3100//3100
f 3096//3096 3099//3099 3097//3097
f 3097//3097 3099//3099 3100//3100
f 3097//3097 3100//3100 3101//3101
f 3097//3097 3101//3101 3126//3126
f 3101//3101 3103//3103 3102//3102
f 3100//3100 3103//3103 3101//3101
f 3102//3102 3103//3103 3104//3104
f 3102//3102 3104//3104 3129//3129
f 3104//3104 3121//3121 3129//3129
f 3121//3121 3152//3152 3129//3129
f 3121//3121 3132//3132 3152//3152
f 2965//2965 3111//3111 2971//2971
f 2965//2965 3105//3105 3111//3111
f 3105//3105 3109//3109 3112//3112
f 3109//3109 3110//3110 3113//3113
f 2820//2820 3170//3170 3106//3106
f 2820//2820 3106//3106 2969//2969
f 3107//3107 3170//3170 3171//3171
f 3106//3106 3170//3170 3107//3107
f 2965//2965 2969//2969 3105//3105
f 2969//2969 3106//3106 3105//3105
f 3105//3105 3106//3106 3109//3109
f 3106//3106 3107//3107 3109//3109
f 3107//3107 3171//3171 3108//3108
f 3108//3108 3172//3172 3116//3116
f 3107//3107 3110//3110 3109//3109
f 3107//3107 3108//3108 3110//3110
f 3108//3108 3114//3114 3110//3110
f 3099//3099 3111//3111 3112//3112
f 3105//3105 3112//3112 3111//3111
f 3100//3100 3112//3112 3113//3113
f 3100//3100 3113//3113 3103//3103
f 3109//3109 3113//3113 3112//3112
f 3110//3110 3118//3118 3113//3113
f 3114//3114 3116//3116 3115//3115
f 3108//3108 3116//3116 3114//3114
f 3115//3115 3116//3116 3117//3117
f 3117//3117 3176//3176 3122//3122
f 3115//3115 3117//3117 3122//3122
f 3122//3122 3176//3176 3136//3136
f 3136//3136 3176//3176 3179//3179
f 3103//3103 3113//3113 3118//3118
f 3104//3104 3118//3118 3119//3119
f 3110//3110 3114//3114 3118//3118
f 3114//3114 3119//3119 3118//3118
f 3103//3103 3118//3118 3104//3104
f 3119//3119 3120//3120 3121//3121
f 3115//3115 3120//3120 3119//3119
f 3120//3120 3122//3122 3130//3130
f 3104//3104 3119//3119 3121//3121
f 3120//3120 3132//3132 3121//3121
f 3120//3120 3130//3130 3132//3132
f 3114//3114 3115//3115 3119//3119
f 3115//3115 3122//3122 3120//3120
f 3122//3122 3136//3136 3130//3130
f 3096//3096 3125//3125 3124//3124
f 3097//3097 3126//3126 3125//3125
f 2756//2756 3126//3126 3127//3127
f 3101//3101 3127//3127 3126//3126
f 3101//3101 3102//3102 3127//3127
f 2757//2757 3127//3127 3128//3128
f 2779//2779 3128//3128 3148//3148
f 3102//3102 3128//3128 3127//3127
f 3102//3102 3129//3129 3128//3128
f 3128//3128 3129//3129 3148//3148
f 3129//3129 3152//3152 3148//3148
f 3132//3132 3153//3153 3152//3152
f 3132//3132 3133//3133 3153//3153
f 3133//3133 3134//3134 3154//3154
f 3136//3136 3179//3179 3137//3137
f 3137//3137 3180//3180 3138//3138
f 3130//3130 3133//3133 3132//3132
f 3131//3131 3134//3134 3133//3133
f 3130//3130 3131//3131 3133//3133
f 3131//3131 3140//3140 3134//3134
f 3134//3134 3140//3140 3135//3135
f 3135//3135 3140//3140 3141//3141
f 3135//3135 3141//3141 3142//3142
f 3131//3131 3136//3136 3137//3137
f 3130//3130 3136//3136 3131//3131
f 3137//3137 3138//3138 3140//3140
f 3131//3131 3137//3137 3140//3140
f 3138//3138 3141//3141 3140//3140
f 3139//3139 3144//3144 3141//3141
f 3138//3138 3182//3182 3139//3139
f 3138//3138 3139//3139 3141//3141
f 3141//3141 3144//3144 3142//3142
f 3142//3142 3144//3144 3167//3167
f 3145//3145 3168//3168 3167//3167
f 3146//3146 3169//3169 3168//3168
f 3143//3143 3145//3145 3144//3144
f 3139//3139 3143//3143 3144//3144
f 3143//3143 3196//3196 3145//3145
f 3144//3144 3145//3145 3167//3167
f 3146//3146 3196//3196 3197//3197
f 3147//3147 3197//3197 3198//3198
f 3145//3145 3146//3146 3168//3168
f 3147//3147 3188//3188 3166//3166
f 3146//3146 3147//3147 3169//3169
f 3145//3145 3196//3196 3146//3146
f 3146//3146 3197//3197 3147//3147
f 2780//2780 3148//3148 3149//3149
f 3148//3148 3152//3152 3149//3149
f 3149//3149 3153//3153 3150//3150
f 2780//2780 3149//3149 2781//2781
f 2781//2781 3149//3149 3150//3150
f 3150//3150 3154//3154 3151//3151
f 2781//2781 3150//3150 2782//2782
f 2782//2782 3151//3151 2785//2785
f 2782//2782 3150//3150 3151//3151
f 3149//3149 3152//3152 3153//3153
f 3150//3150 3153//3153 3154//3154
f 3133//3133 3154//3154 3153//3153
f 3151//3151 3155//3155 3157//3157
f 3151//3151 3154//3154 3155//3155
f 3134//3134 3155//3155 3154//3154
f 3135//3135 3163//3163 3155//3155
f 2785//2785 3151//3151 3157//3157
f 2785//2785 3157//3157 3156//3156
f 3156//3156 3157//3157 3158//3158
f 3156//3156 3158//3158 3159//3159
f 3159//3159 3161//3161 3160//3160
f 3158//3158 3161//3161 3159//3159
f 3160//3160 3161//3161 3162//3162
f 3160//3160 3162//3162 3166//3166
f 3155//3155 3163//3163 3157//3157
f 3158//3158 3163//3163 3164//3164
f 3142//3142 3164//3164 3163//3163
f 3157//3157 3163//3163 3158//3158
f 3161//3161 3164//3164 3165//3165
f 3162//3162 3165//3165 3166//3166
f 2789//2789 3166//3166 3188//3188
f 3158//3158 3164//3164 3161//3161
f 3161//3161 3165//3165 3162//3162
f 3134//3134 3135//3135 3155//3155
f 3135//3135 3142//3142 3163//3163
f 3142//3142 3167//3167 3164//3164
f 3164//3164 3167//3167 3165//3165
f 3165//3165 3167//3167 3168//3168
f 3165//3165 3168//3168 3166//3166
f 3166//3166 3168//3168 3169//3169
f 3147//3147 3166//3166 3169//3169
f 3108//3108 3171//3171 3172//3172
f 3116//3116 3172//3172 3173//3173
f 3116//3116 3173//3173 3117//3117
f 3117//3117 3173//3173 3174//3174
f 3016//3016 3174//3174 3173//3173
f 3117//3117 3174//3174 3176//3176
f 3174//3174 3175//3175 3176//3176
f 3019//3019 3175//3175 3174//3174
f 3021//3021 3177//3177 3175//3175
f 3175//3175 3177//3177 3179//3179
f 3175//3175 3179//3179 3176//3176
f 3061//3061 3178//3178 3177//3177
f 3177//3177 3178//3178 3180//3180
f 3178//3178 3181//3181 3182//3182
f 3177//3177 3180//3180 3179//3179
f 3137//3137 3179//3179 3180//3180
f 3178//3178 3182//3182 3180//3180
f 3138//3138 3180//3180 3182//3182
f 3181//3181 3184//3184 3183//3183
f 3139//3139 3182//3182 3183//3183
f 3181//3181 3183//3183 3182//3182
f 3183//3183 3184//3184 3185//3185
f 3062//3062 3181//3181 3178//3178
f 3062//3062 3064//3064 3181//3181
f 3064//3064 3184//3184 3181//3181
f 3064//3064 3065//3065 3184//3184
f 3065//3065 3189//3189 3184//3184
f 3139//3139 3183//3183 3143//3143
f 3143//3143 3183//3183 3185//3185
f 3185//3185 3186//3186 3196//3196
f 3184//3184 3189//3189 3185//3185
f 3185//3185 3189//3189 3186//3186
f 3186//3186 3190//3190 3187//3187
f 3187//3187 3192//3192 3188//3188
f 3066//3066 3190//3190 3189//3189
f 3065//3065 3066//3066 3189//3189
f 3066//3066 3191//3191 3190//3190
f 3186//3186 3189//3189 3190//3190
f 3190//3190 3191//3191 3192//3192
f 3192//3192 3194//3194 3193//3193
f 3188//3188 3193//3193 3195//3195
f 3191//3191 3194//3194 3192//3192
f 3193//3193 3194//3194 3195//3195
f 3187//3187 3190//3190 3192//3192
f 3188//3188 3192//3192 3193//3193
f 3143//3143 3185//3185 3196//3196
f 3186//3186 3187//3187 3197//3197
f 3186//3186 3197//3197 3196//3196
f 3187//3187 3198//3198 3197//3197
f 3187//3187 3188//3188 3198//3198
f 3147//3147 3198//3198 3188//3188
f 1348//1348 1368//1368 1367//1367
f 1348//1348 1367//1367 1416//1416
f 1348//1348 1416//1416 1349//1349
f 1348//1348 1448//1448 1368//1368
f 1348//1348 1349//1349 1448//1448
f 1448//1448 1349//1349 1469//1469
f 1448//1448 1390//1390 1368//1368
f 1448//1448 1480//1480 1390//1390
f 1390//1390 1480//1480 1496//1496
f 1390//1390 1496//1496 1434//1434
f 1364//1364 1371//1371 1373//1373
f 1364//1364 1413//1413 1371//1371
f 1364//1364 1373//1373 1420//1420
f 1371//1371 2434//2434 1373//1373
f 1371//1371 1396//1396 2434//2434
f 1371//1371 1397//1397 1396//1396
f 1396//1396 2435//2435 2434//2434
f 1397//1397 1398//1398 2437//2437
f 1397//1397 2437//2437 1396//1396
f 1396//1396 2437//2437 2436//2436
f 1398//1398 1439//1439 2437//2437
f 1364//1364 1420//1420 1413//1413
f 1371//1371 1413//1413 1418//1418
f 2437//2437 1439//1439 2498//2498
f 2434//2434 2435//2435 2498//2498
f 2435//2435 2436//2436 2498//2498
f 2436//2436 2437//2437 2498//2498
f 2434//2434 2498//2498 2497//2497
f 1353//1353 1354//1354 1356//1356
f 1353//1353 1356//1356 1355//1355
f 1355//1355 1356//1356 1363//1363
f 1354//1354 2406//2406 1356//1356
f 1353//1353 1405//1405 1354//1354
f 1353//1353 1355//1355 1407//1407
f 1353//1353 1407//1407 1405//1405
f 1354//1354 1405//1405 1406//1406
f 1354//1354 2414//2414 2406//2406
f 2406//2406 2414//2414 2413//2413
f 2413//2413 2414//2414 2417//2417
f 2413//2413 2417//2417 2488//2488
f 2416//2416 2488//2488 2417//2417
f 2415//2415 2420//2420 2416//2416
f 2420//2420 2488//2488 2416//2416
f 2413//2413 2488//2488 2485//2485
f 1374//1374 1375//1375 2422//2422
f 1374//1374 1421//1421 1375//1375
f 1375//1375 1421//1421 1422//1422
f 1375//1375 2423//2423 2422//2422
f 2421//2421 2422//2422 2490//2490
f 2422//2422 2423//2423 2490//2490
f 2423//2423 2424//2424 2490//2490
f 2421//2421 2490//2490 2489//2489
f 1351//1351 1359//1359 1358//1358
f 1351//1351 1352//1352 1359//1359
f 1359//1359 1352//1352 2405//2405
f 1351//1351 1403//1403 1352//1352
f 1351//1351 1358//1358 1409//1409
f 1352//1352 1403//1403 1404//1404
f 1351//1351 1409//1409 1403//1403
f 1352//1352 2411//2411 2405//2405
f 2405//2405 2411//2411 2410//2410
f 2410//2410 2411//2411 2484//2484
f 2411//2411 2412//2412 2484//2484
f 2410//2410 2484//2484 2483//2483
f 1360//1360 1362//1362 1361//1361
f 1360//1360 1361//1361 1410//1410
f 1360//1360 1410//1410 1362//1362
f 1362//1362 1410//1410 1412//1412
f 1361//1361 1411//1411 1410//1410
f 1361//1361 1362//1362 2407//2407
f 1362//1362 2408//2408 2407//2407
f 2407//2407 2408//2408 2482//2482
f 2408//2408 2409//2409 2482//2482
f 2407//2407 2482//2482 2481//2481
f 1393//1393 1394//1394 1401//1401
f 1401//1401 1394//1394 2443//2443
f 1393//1393 1401//1401 1442//1442
f 1393//1393 1442//1442 1437//1437
f 1391//1391 1481//1481 1394//1394
f 1481//1481 2443//2443 1394//1394
f 1481//1481 2535//2535 2443//2443
f 1391//1391 1435//1435 1481//1481
f 1481//1481 1435//1435 1497//1497
f 2443//2443 2535//2535 2539//2539
f 2535//2535 2536//2536 2539//2539
f 2443//2443 2539//2539 2609//2609
f 2536//2536 2606//2606 2539//2539
f 2443//2443 2609//2609 2503//2503
f 2539//2539 2606//2606 2609//2609
f 1377//1377 1378//1378 1381//1381
f 1378//1378 1382//1382 1381//1381
f 1377//1377 1424//1424 1378//1378
f 1381//1381 1382//1382 1429//1429
f 1382//1382 1383//1383 1429//1429
f 1378//1378 1424//1424 1425//1425
f 1381//1381 1429//1429 1428//1428
f 1380//1380 1395//1395 1387//1387
f 1395//1395 1389//1389 1387//1387
f 1386//1386 1387//1387 1389//1389
f 1386//1386 1389//1389 1388//1388
f 1395//1395 2431//2431 1389//1389
f 1380//1380 1427//1427 1395//1395
f 1386//1386 1388//1388 1433//1433
f 1395//1395 1438//1438 2431//2431
f 1386//1386 1433//1433 1432//1432
f 1395//1395 1427//1427 1438//1438
f 2431//2431 1438//1438 2494//2494
f 1389//1389 2431//2431 2418//2418
f 2418//2418 2431//2431 2494//2494
f 2418//2418 2494//2494 2486//2486
f 1384//1384 1430//1430 1385//1385
f 1385//1385 1430//1430 1431//1431
f 1384//1384 1385//1385 2426//2426
f 1385//1385 2427//2427 2426//2426
f 2425//2425 2426//2426 2492//2492
f 2426//2426 2427//2427 2492//2492
f 2427//2427 2428//2428 2492//2492
f 2425//2425 2492//2492 2491//2491
f 1446//1446 1459//1459 1447//1447
f 1447//1447 1459//1459 1466//1466
f 1447//1447 1466//1466 1463//1463
f 1447//1447 1463//1463 1468//1468
f 1459//1459 1460//1460 1466//1466
f 1463//1463 1466//1466 1465//1465
f 1463//1463 1467//1467 1468//1468
f 1446//1446 1447//1447 2537//2537
f 1447//1447 1484//1484 2537//2537
f 1484//1484 2540//2540 2537//2537
f 1484//1484 1485//1485 2540//2540
f 1485//1485 1500//1500 2540//2540
f 2540//2540 1500//1500 2610//2610
f 2537//2537 2540//2540 2610//2610
f 2537//2537 2610//2610 2607//2607
f 1449//1449 1471//1471 1450//1450
f 1449//1449 1470//1470 1471//1471
f 1449//1449 1450//1450 1482//1482
f 1450//1450 1483//1483 1482//1482
f 1450//1450 1471//1471 1483//1483
f 1482//1482 1483//1483 1499//1499
f 1483//1483 1471//1471 1499//1499
f 1482//1482 1499//1499 1498//1498
f 2400//2400 2401//2401 2402//2402
f 2401//2401 2403//2403 2402//2402
f 2400//2400 2476//2476 2401//2401
f 2400//2400 2402//2402 2478//2478
f 2402//2402 2403//2403 2479//2479
f 2400//2400 2478//2478 2476//2476
f 2401//2401 2476//2476 2477//2477
f 2402//2402 2479//2479 2478//2478
f 2419//2419 2433//2433 2430//2430
f 2433//2433 2444//2444 2430//2430
f 2419//2419 2487//2487 2433//2433
f 2429//2429 2430//2430 2504//2504
f 2433//2433 2496//2496 2444//2444
f 2430//2430 2444//2444 2504//2504
f 2429//2429 2504//2504 2493//2493
f 2433//2433 2487//2487 2496//2496
f 2444//2444 2496//2496 2504//2504
f 2438//2438 2439//2439 2440//2440
f 2439//2439 2441//2441 2440//2440
f 2438//2438 2499//2499 2439//2439
f 2438//2438 2440//2440 2501//2501
f 2440//2440 2441//2441 2502//2502
f 2441//2441 2442//2442 2502//2502
f 2438//2438 2501//2501 2499//2499
f 2439//2439 2499//2499 2500//2500
f 2440//2440 2502//2502 2501//2501
f 2449//2449 2451//2451 2450//2450
f 2451//2451 2453//2453 2450//2450
f 2449//2449 2509//2509 2451//2451
f 2449//2449 2450//2450 2510//2510
f 2450//2450 2453//2453 2515//2515
f 2449//2449 2510//2510 2509//2509
f 2451//2451 2509//2509 2511//2511
f 2450//2450 2515//2515 2510//2510
f 2508//2508 2512//2512 2513//2513
f 2456//2456 2457//2457 2464//2464
f 2458//2458 2514//2514 2452//2452
f 2456//2456 2464//2464 2524//2524
f 2456//2456 2524//2524 2518//2518
f 2452//2452 2541//2541 2457//2457
f 2464//2464 2457//2457 2541//2541
f 2464//2464 2541//2541 2557//2557
f 2452//2452 2514//2514 2541//2541
f 2464//2464 2557//2557 2626//2626
f 2557//2557 2558//2558 2626//2626
f 2541//2541 2514//2514 2611//2611
f 2464//2464 2626//2626 2524//2524
f 2445//2445 2446//2446 2459//2459
f 2446//2446 2448//2448 2447//2447
f 2446//2446 2447//2447 2459//2459
f 2445//2445 2505//2505 2446//2446
f 2445//2445 2459//2459 2519//2519
f 2446//2446 2506//2506 2448//2448
f 2447//2447 2460//2460 2459//2459
f 2459//2459 2460//2460 2520//2520
f 2446//2446 2505//2505 2506//2506
f 2445//2445 2519//2519 2505//2505
f 2448//2448 2506//2506 2507//2507
f 2459//2459 2520//2520 2519//2519
f 2462//2462 2463//2463 2469//2469
f 2463//2463 2466//2466 2465//2465
f 2463//2463 2465//2465 2471//2471
f 2463//2463 2471//2471 2469//2469
f 2468//2468 2469//2469 2471//2471
f 2465//2465 2472//2472 2471//2471
f 2462//2462 2522//2522 2463//2463
f 2463//2463 2523//2523 2466//2466
f 2468//2468 2471//2471 2529//2529
f 2471//2471 2472//2472 2530//2530
f 2463//2463 2522//2522 2523//2523
f 2466//2466 2523//2523 2525//2525
f 2468//2468 2529//2529 2527//2527
f 2471//2471 2530//2530 2529//2529
f 2474//2474 2475//2475 2533//2533
f 2474//2474 2533//2533 2534//2534
f 2474//2474 2534//2534 2532//2532
f 2470//2470 2561//2561 2475//2475
f 2533//2533 2475//2475 2561//2561
f 2533//2533 2561//2561 2666//2666
f 2470//2470 2528//2528 2561//2561
f 2561//2561 2528//2528 2628//2628
f 2533//2533 2666//2666 2706//2706
f 2666//2666 2667//2667 2706//2706
f 2533//2533 2706//2706 2534//2534
f 2542//2542 2543//2543 2560//2560
f 2543//2543 2562//2562 2560//2560
f 2542//2542 2612//2612 2543//2543
f 2543//2543 2563//2563 2562//2562
f 2559//2559 2560//2560 2562//2562
f 2559//2559 2562//2562 2629//2629
f 2562//2562 2563//2563 2631//2631
f 2563//2563 2566//2566 2631//2631
f 2543//2543 2612//2612 2613//2613
f 2559//2559 2629//2629 2627//2627
f 2562//2562 2631//2631 2629//2629
f 2544//2544 2547//2547 2565//2565
f 2545//2545 2565//2565 2546//2546
f 2546//2546 2565//2565 2567//2567
f 2544//2544 2614//2614 2547//2547
f 2547//2547 2568//2568 2565//2565
f 2547//2547 2569//2569 2568//2568
f 2565//2565 2568//2568 2567//2567
f 2567//2567 2568//2568 2633//2633
f 2568//2568 2569//2569 2634//2634
f 2569//2569 2570//2570 2634//2634
f 2547//2547 2614//2614 2615//2615
f 2567//2567 2633//2633 2632//2632
f 2568//2568 2634//2634 2633//2633
f 2548//2548 2549//2549 2550//2550
f 2549//2549 2577//2577 2550//2550
f 2548//2548 2616//2616 2549//2549
f 2550//2550 2577//2577 2575//2575
f 2549//2549 2579//2579 2577//2577
f 2575//2575 2577//2577 2576//2576
f 2577//2577 2579//2579 2578//2578
f 2575//2575 2576//2576 2643//2643
f 2578//2578 2579//2579 2645//2645
f 2579//2579 2580//2580 2645//2645
f 2549//2549 2616//2616 2617//2617
f 2575//2575 2643//2643 2642//2642
f 2578//2578 2645//2645 2644//2644
f 2551//2551 2552//2552 2582//2582
f 2551//2551 2618//2618 2552//2552
f 2552//2552 2619//2619 2553//2553
f 2552//2552 2553//2553 2681//2681
f 2552//2552 2681//2681 2582//2582
f 2581//2581 2582//2582 2585//2585
f 2582//2582 2681//2681 2585//2585
f 2553//2553 2682//2682 2681//2681
f 2581//2581 2585//2585 2649//2649
f 2552//2552 2618//2618 2619//2619
f 2553//2553 2619//2619 2620//2620
f 2581//2581 2649//2649 2646//2646
f 2681//2681 2682//2682 2716//2716
f 2681//2681 2716//2716 2715//2715
f 2554//2554 2621//2621 2555//2555
f 2555//2555 2622//2622 2556//2556
f 2554//2554 2555//2555 2684//2684
f 2555//2555 2556//2556 2684//2684
f 2556//2556 2685//2685 2684//2684
f 2555//2555 2621//2621 2622//2622
f 2556//2556 2622//2622 2623//2623
f 2683//2683 2684//2684 2718//2718
f 2684//2684 2685//2685 2718//2718
f 2683//2683 2718//2718 2717//2717
f 2587//2587 2588//2588 2590//2590
f 2587//2587 2590//2590 2589//2589
f 2588//2588 2591//2591 2590//2590
f 2587//2587 2589//2589 2687//2687
f 2589//2589 2593//2593 2687//2687
f 2590//2590 2688//2688 2593//2593
f 2590//2590 2591//2591 2688//2688
f 2587//2587 2653//2653 2588//2588
f 2588//2588 2654//2654 2591//2591
f 2588//2588 2653//2653 2654//2654
f 2591//2591 2654//2654 2655//2655
f 2593//2593 2688//2688 2687//2687
f 2686//2686 2687//2687 2722//2722
f 2687//2687 2688//2688 2722//2722
f 2686//2686 2722//2722 2721//2721
f 2592//2592 2594//2594 2690//2690
f 2594//2594 2595//2595 2690//2690
f 2592//2592 2656//2656 2594//2594
f 2594//2594 2657//2657 2595//2595
f 2594//2594 2656//2656 2657//2657
f 2595//2595 2657//2657 2658//2658
f 2595//2595 2691//2691 2690//2690
f 2689//2689 2690//2690 2724//2724
f 2690//2690 2691//2691 2724//2724
f 2689//2689 2724//2724 2723//2723
f 2571//2571 2572//2572 2669//2669
f 2571//2571 2635//2635 2572//2572
f 2572//2572 2635//2635 2636//2636
f 2572//2572 2670//2670 2669//2669
f 2572//2572 2671//2671 2670//2670
f 2668//2668 2669//2669 2670//2670
f 2668//2668 2670//2670 2708//2708
f 2670//2670 2671//2671 2709//2709
f 2671//2671 2672//2672 2709//2709
f 2668//2668 2708//2708 2707//2707
f 2670//2670 2709//2709 2708//2708
f 2573//2573 2574//2574 2674//2674
f 2573//2573 2624//2624 2574//2574
f 2574//2574 2624//2624 2625//2625
f 2574//2574 2625//2625 2639//2639
f 2574//2574 2639//2639 2637//2637
f 2574//2574 2637//2637 2641//2641
f 2637//2637 2639//2639 2638//2638
f 2637//2637 2640//2640 2641//2641
f 2574//2574 2675//2675 2674//2674
f 2673//2673 2674//2674 2711//2711
f 2674//2674 2675//2675 2711//2711
f 2673//2673 2711//2711 2710//2710
f 2583//2583 2647//2647 2584//2584
f 2584//2584 2647//2647 2648//2648
f 2583//2583 2584//2584 2678//2678
f 2584//2584 2679//2679 2678//2678
f 2677//2677 2678//2678 2714//2714
f 2678//2678 2679//2679 2714//2714
f 2679//2679 2680//2680 2714//2714
f 2677//2677 2714//2714 2713//2713
f 2597//2597 2660//2660 2601//2601
f 2601//2601 2663//2663 2602//2602
f 2601//2601 2660//2660 2663//2663
f 2602//2602 2663//2663 2664//2664
f 2597//2597 2601//2601 2693//2693
f 2601//2601 2602//2602 2693//2693
f 2602//2602 2695//2695 2693//2693
f 2693//2693 2695//2695 2697//2697
f 2692//2692 2693//2693 2728//2728
f 2693//2693 2697//2697 2728//2728
f 2697//2697 2698//2698 2728//2728
f 2692//2692 2728//2728 2725//2725
f 1366//1366 1367//1367 1370//1370
f 1366//1366 1370//1370 1369//1369
f 1367//1367 1392//1392 1370//1370
f 1367//1367 1368//1368 1392//1392
f 1393//1393 1368//1368 1390//1390
f 1392//1392 1368//1368 1393//1393
f 1366//1366 1415//1415 1367//1367
f 1366//1366 1369//1369 1417//1417
f 1393//1393 1390//1390 1391//1391
f 1393//1393 1391//1391 1394//1394
f 1390//1390 1434//1434 1391//1391
f 1392//1392 1393//1393 1437//1437
f 1366//1366 1417//1417 1415//1415
f 1367//1367 1415//1415 1416//1416
f 1391//1391 1434//1434 1435//1435
f 1392//1392 1437//1437 1436//1436
f 1372//1372 1419//1419 1373//1373
f 1372//1372 1373//1373 2434//2434
f 1372//1372 2434//2434 2432//2432
f 1396//1396 2436//2436 2435//2435
f 1372//1372 2432//2432 2495//2495
f 1373//1373 1419//1419 1420//1420
f 1372//1372 2495//2495 1419//1419
f 2432//2432 2434//2434 2497//2497
f 2432//2432 2497//2497 2495//2495
f 1354//1354 1374//1374 2414//2414
f 1354//1354 1406//1406 1374//1374
f 1374//1374 1406//1406 1421//1421
f 2414//2414 2415//2415 2416//2416
f 2414//2414 2416//2416 2417//2417
f 1374//1374 2415//2415 2414//2414
f 1374//1374 2420//2420 2415//2415
f 1374//1374 2421//2421 2420//2420
f 1374//1374 2422//2422 2421//2421
f 2420//2420 2421//2421 2489//2489
f 2420//2420 2489//2489 2488//2488
f 1375//1375 1376//1376 2423//2423
f 1376//1376 1377//1377 2423//2423
f 1377//1377 1381//1381 2423//2423
f 1375//1375 1422//1422 1376//1376
f 1376//1376 1423//1423 1377//1377
f 1381//1381 1428//1428 1384//1384
f 1376//1376 1422//1422 1423//1423
f 1377//1377 1423//1423 1424//1424
f 1384//1384 1428//1428 1430//1430
f 1381//1381 1384//1384 2423//2423
f 1384//1384 2424//2424 2423//2423
f 1384//1384 2425//2425 2424//2424
f 1384//1384 2426//2426 2425//2425
f 2424//2424 2425//2425 2491//2491
f 2424//2424 2491//2491 2490//2490
f 1357//1357 1358//1358 1362//1362
f 1358//1358 2408//2408 1362//1362
f 1358//1358 1359//1359 2408//2408
f 1357//1357 1408//1408 1358//1358
f 1357//1357 1362//1362 1412//1412
f 1357//1357 1412//1412 1408//1408
f 1358//1358 1408//1408 1409//1409
f 1359//1359 2405//2405 2408//2408
f 2405//2405 2409//2409 2408//2408
f 2405//2405 2410//2410 2409//2409
f 2409//2409 2410//2410 2483//2483
f 2409//2409 2483//2483 2482//2482
f 1350//1350 1402//1402 1361//1361
f 1361//1361 1402//1402 1411//1411
f 1350//1350 2407//2407 2401//2401
f 2401//2401 2407//2407 2403//2403
f 2403//2403 2407//2407 2404//2404
f 1350//1350 1361//1361 2407//2407
f 1350//1350 2401//2401 2477//2477
f 2403//2403 2404//2404 2480//2480
f 2404//2404 2407//2407 2481//2481
f 1350//1350 2477//2477 1402//1402
f 2403//2403 2480//2480 2479//2479
f 2404//2404 2481//2481 2480//2480
f 1352//1352 1355//1355 1363//1363
f 1352//1352 1363//1363 2411//2411
f 1356//1356 2406//2406 1363//1363
f 1352//1352 1404//1404 1355//1355
f 1355//1355 1404//1404 1407//1407
f 1363//1363 2406//2406 2411//2411
f 2406//2406 2412//2412 2411//2411
f 2406//2406 2413//2413 2412//2412
f 2412//2412 2413//2413 2485//2485
f 2412//2412 2485//2485 2484//2484
f 1378//1378 1379//1379 1382//1382
f 1379//1379 1383//1383 1382//1382
f 1379//1379 1386//1386 1383//1383
f 1379//1379 1380//1380 1386//1386
f 1380//1380 1387//1387 1386//1386
f 1378//1378 1425//1425 1379//1379
f 1379//1379 1426//1426 1380//1380
f 1383//1383 1386//1386 1432//1432
f 1379//1379 1425//1425 1426//1426
f 1380//1380 1426//1426 1427//1427
f 1383//1383 1432//1432 1429//1429
f 1385//1385 1431//1431 1388//1388
f 1388//1388 1431//1431 1433//1433
f 1385//1385 1388//1388 2427//2427
f 1388//1388 1389//1389 2427//2427
f 1389//1389 2418//2418 2429//2429
f 2418//2418 2419//2419 2429//2429
f 1389//1389 2428//2428 2427//2427
f 1389//1389 2429//2429 2428//2428
f 2419//2419 2430//2430 2429//2429
f 2418//2418 2486//2486 2419//2419
f 2428//2428 2429//2429 2493//2493
f 2419//2419 2486//2486 2487//2487
f 2428//2428 2493//2493 2492//2492
f 1400//1400 1441//1441 1401//1401
f 1401//1401 1441//1441 1442//1442
f 1400//1400 1401//1401 2443//2443
f 1400//1400 2443//2443 2439//2439
f 2439//2439 2442//2442 2441//2441
f 2439//2439 2443//2443 2442//2442
f 1400//1400 2439//2439 2500//2500
f 2442//2442 2443//2443 2503//2503
f 1400//1400 2500//2500 1441//1441
f 2442//2442 2503//2503 2502//2502
f 1445//1445 1446//1446 1448//1448
f 1445//1445 1464//1464 1446//1446
f 1446//1446 1460//1460 1459//1459
f 1445//1445 1448//1448 1469//1469
f 1446//1446 1464//1464 1460//1460
f 1445//1445 1469//1469 1464//1464
f 1460//1460 1464//1464 1466//1466
f 1463//1463 1465//1465 1467//1467
f 1446//1446 1480//1480 1448//1448
f 1446//1446 1481//1481 1480//1480
f 1446//1446 2535//2535 1481//1481
f 1446//1446 2536//2536 2535//2535
f 1446//1446 2537//2537 2536//2536
f 1480//1480 1481//1481 1497//1497
f 1480//1480 1497//1497 1496//1496
f 2537//2537 2538//2538 2536//2536
f 2537//2537 2607//2607 2538//2538
f 2536//2536 2538//2538 2608//2608
f 2536//2536 2608//2608 2606//2606
f 2538//2538 2607//2607 2608//2608
f 1443//1443 1444//1444 1447//1447
f 1443//1443 1461//1461 1444//1444
f 1443//1443 1447//1447 1468//1468
f 1444//1444 1462//1462 1449//1449
f 1444//1444 1461//1461 1462//1462
f 1443//1443 1468//1468 1461//1461
f 1449//1449 1462//1462 1470//1470
f 1444//1444 1484//1484 1447//1447
f 1444//1444 1449//1449 1485//1485
f 1449//1449 1482//1482 1485//1485
f 1444//1444 1485//1485 1484//1484
f 1482//1482 1486//1486 1485//1485
f 1482//1482 1498//1498 1486//1486
f 1485//1485 1486//1486 1501//1501
f 1486//1486 1498//1498 1501//1501
f 1485//1485 1501//1501 1500//1500
f 2451//2451 2452//2452 2453//2453
f 2451//2451 2458//2458 2452//2452
f 2453//2453 2452//2452 2455//2455
f 2455//2455 2452//2452 2456//2456
f 2456//2456 2452//2452 2457//2457
f 2451//2451 2508//2508 2458//2458
f 2453//2453 2455//2455 2517//2517
f 2455//2455 2456//2456 2518//2518
f 2451//2451 2511//2511 2508//2508
f 2458//2458 2508//2508 2514//2514
f 2453//2453 2517//2517 2515//2515
f 2455//2455 2518//2518 2517//2517
f 2508//2508 2511//2511 2512//2512
f 2508//2508 2513//2513 2514//2514
f 2447//2447 2448//2448 2460//2460
f 2448//2448 2507//2507 2454//2454
f 2454//2454 2516//2516 2462//2462
f 2448//2448 2454//2454 2461//2461
f 2448//2448 2461//2461 2460//2460
f 2454//2454 2462//2462 2468//2468
f 2454//2454 2468//2468 2461//2461
f 2462//2462 2469//2469 2468//2468
f 2460//2460 2461//2461 2521//2521
f 2461//2461 2468//2468 2527//2527
f 2454//2454 2507//2507 2516//2516
f 2460//2460 2521//2521 2520//2520
f 2461//2461 2527//2527 2521//2521
f 2462//2462 2516//2516 2522//2522
f 2465//2465 2466//2466 2472//2472
f 2466//2466 2467//2467 2473//2473
f 2474//2474 2467//2467 2470//2470
f 2466//2466 2473//2473 2472//2472
f 2473//2473 2467//2467 2474//2474
f 2474//2474 2470//2470 2475//2475
f 2466//2466 2525//2525 2467//2467
f 2467//2467 2526//2526 2470//2470
f 2472//2472 2473//2473 2531//2531
f 2473//2473 2474//2474 2532//2532
f 2467//2467 2525//2525 2526//2526
f 2470//2470 2526//2526 2528//2528
f 2472//2472 2531//2531 2530//2530
f 2473//2473 2532//2532 2531//2531
f 2541//2541 2542//2542 2557//2557
f 2542//2542 2558//2558 2557//2557
f 2542//2542 2559//2559 2558//2558
f 2542//2542 2560//2560 2559//2559
f 2541//2541 2611//2611 2542//2542
f 2558//2558 2559//2559 2627//2627
f 2542//2542 2611//2611 2612//2612
f 2558//2558 2627//2627 2626//2626
f 2543//2543 2544//2544 2545//2545
f 2543//2543 2545//2545 2546//2546
f 2544//2544 2565//2565 2545//2545
f 2543//2543 2546//2546 2563//2563
f 2543//2543 2613//2613 2544//2544
f 2546//2546 2566//2566 2563//2563
f 2546//2546 2567//2567 2566//2566
f 2566//2566 2567//2567 2632//2632
f 2544//2544 2613//2613 2614//2614
f 2566//2566 2632//2632 2631//2631
f 2547//2547 2548//2548 2550//2550
f 2547//2547 2550//2550 2569//2569
f 2547//2547 2615//2615 2548//2548
f 2550//2550 2570//2570 2569//2569
f 2550//2550 2575//2575 2570//2570
f 2570//2570 2575//2575 2642//2642
f 2548//2548 2615//2615 2616//2616
f 2570//2570 2642//2642 2634//2634
f 2549//2549 2551//2551 2579//2579
f 2549//2549 2617//2617 2551//2551
f 2551//2551 2580//2580 2579//2579
f 2551//2551 2581//2581 2580//2580
f 2551//2551 2582//2582 2581//2581
f 2580//2580 2581//2581 2646//2646
f 2551//2551 2617//2617 2618//2618
f 2580//2580 2646//2646 2645//2645
f 2553//2553 2620//2620 2554//2554
f 2553//2553 2554//2554 2684//2684
f 2553//2553 2683//2683 2682//2682
f 2553//2553 2684//2684 2683//2683
f 2554//2554 2620//2620 2621//2621
f 2682//2682 2683//2683 2717//2717
f 2682//2682 2717//2717 2716//2716
f 2556//2556 2586//2586 2587//2587
f 2556//2556 2623//2623 2586//2586
f 2586//2586 2650//2650 2587//2587
f 2556//2556 2587//2587 2687//2687
f 2556//2556 2686//2686 2685//2685
f 2556//2556 2687//2687 2686//2686
f 2586//2586 2623//2623 2650//2650
f 2587//2587 2650//2650 2653//2653
f 2685//2685 2686//2686 2721//2721
f 2685//2685 2721//2721 2718//2718
f 2589//2589 2590//2590 2593//2593
f 2591//2591 2592//2592 2690//2690
f 2591//2591 2655//2655 2592//2592
f 2592//2592 2655//2655 2656//2656
f 2591//2591 2689//2689 2688//2688
f 2591//2591 2690//2690 2689//2689
f 2688//2688 2689//2689 2723//2723
f 2688//2688 2723//2723 2722//2722
f 2561//2561 2564//2564 2666//2666
f 2564//2564 2571//2571 2668//2668
f 2564//2564 2667//2667 2666//2666
f 2564//2564 2668//2668 2667//2667
f 2571//2571 2669//2669 2668//2668
f 2561//2561 2628//2628 2564//2564
f 2564//2564 2630//2630 2571//2571
f 2564//2564 2628//2628 2630//2630
f 2571//2571 2630//2630 2635//2635
f 2667//2667 2668//2668 2707//2707
f 2667//2667 2707//2707 2706//2706
f 2572//2572 2573//2573 2671//2671
f 2572//2572 2636//2636 2573//2573
f 2573//2573 2636//2636 2624//2624
f 2624//2624 2636//2636 2625//2625
f 2625//2625 2636//2636 2639//2639
f 2637//2637 2638//2638 2640//2640
f 2573//2573 2672//2672 2671//2671
f 2573//2573 2673//2673 2672//2672
f 2573//2573 2674//2674 2673//2673
f 2672//2672 2673//2673 2710//2710
f 2672//2672 2710//2710 2709//2709
f 2574//2574 2576//2576 2675//2675
f 2576//2576 2577//2577 2676//2676
f 2577//2577 2578//2578 2676//2676
f 2578//2578 2583//2583 2676//2676
f 2574//2574 2641//2641 2576//2576
f 2578//2578 2644//2644 2583//2583
f 2576//2576 2641//2641 2643//2643
f 2583//2583 2644//2644 2647//2647
f 2576//2576 2676//2676 2675//2675
f 2583//2583 2677//2677 2676//2676
f 2583//2583 2678//2678 2677//2677
f 2675//2675 2676//2676 2712//2712
f 2676//2676 2677//2677 2713//2713
f 2675//2675 2712//2712 2711//2711
f 2676//2676 2713//2713 2712//2712
f 2584//2584 2648//2648 2585//2585
f 2585//2585 2648//2648 2649//2649
f 2584//2584 2585//2585 2681//2681
f 2584//2584 2680//2680 2679//2679
f 2584//2584 2681//2681 2680//2680
f 2680//2680 2681//2681 2715//2715
f 2680//2680 2715//2715 2714//2714
f 2595//2595 2596//2596 2597//2597
f 2595//2595 2597//2597 2693//2693
f 2595//2595 2658//2658 2596//2596
f 2596//2596 2659//2659 2597//2597
f 2596//2596 2658//2658 2659//2659
f 2597//2597 2659//2659 2660//2660
f 2595//2595 2692//2692 2691//2691
f 2595//2595 2693//2693 2692//2692
f 2691//2691 2692//2692 2725//2725
f 2691//2691 2725//2725 2724//2724
f 2602//2602 2664//2664 2603//2603
f 2603//2603 2664//2664 2665//2665
f 2602//2602 2603//2603 2695//2695
f 2603//2603 2699//2699 2695//2695
f 2697//2697 2695//2695 2698//2698
f 2695//2695 2699//2699 2698//2698
f 2603//2603 2665//2665 2699//2699
f 2698//2698 2699//2699 2729//2729
f 2699//2699 2665//2665 2729//2729
f 2698//2698 2729//2729 2728//2728
f 1365//1365 1369//1369 1371//1371
f 1369//1369 1370//1370 1397//1397
f 1369//1369 1397//1397 1371//1371
f 1365//1365 1414//1414 1369//1369
f 1365//1365 1371//1371 1418//1418
f 1370//1370 1392//1392 1398//1398
f 1370//1370 1398//1398 1397//1397
f 1392//1392 1399//1399 1398//1398
f 1398//1398 1399//1399 1440//1440
f 1392//1392 1436//1436 1399//1399
f 1369//1369 1414//1414 1417//1417
f 1365//1365 1418//1418 1414//1414
f 1398//1398 1440//1440 1439//1439
f 1399//1399 1436//1436 1440//1440
o double_ended_connector_pin
v -3.4294605255126953 1.9800000190734863 1.8849999904632568
v -3.3688387870788574 1.9450000524520874 1.8849999904632568
v -3.1869735717773438 1.840000033378601 1.600000023841858
v -3.3688387870788574 -1.9450000524520874 1.8849999904632568
v -3.1869735717773438 -1.840000033378601 1.600000023841858
v -3.4294605255126953 -1.9800000190734863 1.8849999904632568
v -3.4294605255126953 1.9800000190734863 8.71500015258789
v -3.3688385486602783 1.9449999332427979 8.71500015258789
v -3.1869735717773438 1.840000033378601 9
v -3.3688385486602783 -1.9449999332427979 8.71500015258789
v -3.1869735717773438 -1.840000033378601 9
v -3.4294605255126953 -1.9800000190734863 8.71500015258789
v 4.506700205755181e-16 3.680000066757202 1.600000023841858
v 4.849601377418587e-16 3.9600000381469727 1.8849999904632568
v 4.76387581980494e-16 3.890000104904175 1.8849999904632568
v 3.1869735717773438 1.840000033378601 1.600000023841858
v 3.3688387870788574 1.9450000524520874 1.8849999904632568
v 3.4294605255126953 1.9800000190734863 1.8849999904632568
v 0 9.797174820681343e-17 1.600000023841858
v 0 -3.680000066757202 1.600000023841858
v 0 -3.890000104904175 1.8849999904632568
v 0 -3.9600000381469727 1.8849999904632568
v 3.1869735717773438 -1.840000033378601 1.600000023841858
v 3.3688387870788574 -1.9450000524520874 1.8849999904632568
v 3.4294605255126953 -1.9800000190734863 1.8849999904632568
v 4.849601377418587e-16 3.9600000381469727 8.71500015258789
v 4.76387581980494e-16 3.8899998664855957 8.71500015258789
v 4.506700205755181e-16 3.680000066757202 9
v 3.1869735717773438 1.840000033378601 9
v 3.3688385486602783 1.9449999332427979 8.71500015258789
v 3.4294605255126953 1.9800000190734863 8.71500015258789
v 0 5.510910704284357e-16 9
v 0 -3.8899998664855957 8.71500015258789
v 0 -3.9600000381469727 8.71500015258789
v 0 -3.680000066757202 9
v 3.1869735717773438 -1.840000033378601 9
v 3.3688385486602783 -1.9449999332427979 8.71500015258789
v 3.4294605255126953 -1.9800000190734863 8.71500015258789
vn -0.8658467402864901 0.49989681695022004 -0.020312428173347205
vn -0.6177675747924454 0.35666826505335575 -0.7008216408180398
vn -0.12223690996268992 0.07057351017161338 -0.9899886451393423
vn -0.6149680005595667 -0.35505196378070686 -0.7040969118688367
vn -0.06327954570998803 -0.03653446149636356 -0.9973268933593982
vn -0.8660140499638151 -0.4999934059534395 -0.005124379801468428
vn -0.8660140498770218 0.49999340590332936 0.005124399358728617
vn -0.6149678943378503 0.3550518818721186 0.704097045948027
vn -0.06327953089433312 0.03653445036985977 0.9973268947070292
vn -0.6177674625999147 -0.35666820949983863 0.7008217679874409
vn -0.12223686611997976 -0.07057348831683943 0.9899886521106991
vn -0.8658467389761206 -0.4998968161936779 0.020312502648411196
vn 0.021603682453463887 0.10821595509353454 -0.9938926440856899
vn -0.1889727810039387 0.9819313620597478 -0.010004411183373469
vn -0.1307227640830744 0.7050966778425185 -0.6969578422300192
vn 0.06327955312212169 0.036534465199456516 -0.9973268927534513
vn 0.6149680634312252 0.3550519656669181 -0.7040968560047021
vn 0.8660140499658817 0.49999340595463265 -0.005124379335819377
vn 0 0 -1
vn -0.02160368059168812 -0.10821595509788916 -0.9938926441256841
vn 0.13072278788223038 -0.7050967050670924 -0.6969578102237085
vn 0.1889727810039387 -0.9819313620597478 -0.010004411183373469
vn 0.1222368953484533 -0.07057350288668879 -0.9899886474631282
vn 0.6177675682258584 -0.3566682910644573 -0.700821633368626
vn 0.8658467402864901 -0.49989681695022004 -0.020312428173347205
vn 0.18897278093879186 0.981931361721235 0.010004445638858855
vn 0.13072274413290347 0.7050965313997174 0.6969579941247899
vn -0.02160366952554404 0.1082159109440428 0.9938926491737335
vn 0.12223686611997976 0.07057348831683943 0.9899886521106991
vn 0.6177674625999147 0.35666820949983863 0.7008217679874409
vn 0.8658467389761206 0.4998968161936779 0.020312502648411196
vn 0 0 1
vn -0.13072274413290347 -0.7050965313997174 0.6969579941247899
vn -0.1889727809370311 -0.9819313617120858 0.010004446570088189
vn 0.021603671352482975 -0.10821592566634627 0.9938926475310448
vn 0.06327953089433312 -0.03653445036985977 0.9973268947070292
vn 0.6149678943378503 -0.3550518818721186 0.704097045948027
vn 0.8660140498770218 -0.49999340590332936 0.005124399358728617
f 3199//3199 3213//3213 3200//3200
f 3199//3199 3200//3200 3202//3202
f 3199//3199 3205//3205 3212//3212
f 3205//3205 3199//3199 3204//3204
f 3199//3199 3212//3212 3213//3213
f 3199//3199 3202//3202 3204//3204
f 3204//3204 3202//3202 3220//3220
f 3220//3220 3202//3202 3219//3219
f 3204//3204 3220//3220 3232//3232
f 3205//3205 3206//3206 3224//3224
f 3205//3205 3210//3210 3206//3206
f 3205//3205 3224//3224 3212//3212
f 3224//3224 3206//3206 3225//3225
f 3205//3205 3204//3204 3210//3210
f 3204//3204 3232//3232 3210//3210
f 3210//3210 3208//3208 3206//3206
f 3210//3210 3231//3231 3208//3208
f 3210//3210 3232//3232 3231//3231
f 3212//3212 3215//3215 3213//3213
f 3212//3212 3224//3224 3216//3216
f 3212//3212 3216//3216 3215//3215
f 3216//3216 3223//3223 3215//3215
f 3220//3220 3219//3219 3223//3223
f 3223//3223 3222//3222 3215//3215
f 3223//3223 3219//3219 3222//3222
f 3236//3236 3223//3223 3216//3216
f 3220//3220 3223//3223 3236//3236
f 3224//3224 3225//3225 3229//3229
f 3216//3216 3224//3224 3229//3229
f 3229//3229 3236//3236 3216//3216
f 3229//3229 3225//3225 3228//3228
f 3229//3229 3228//3228 3235//3235
f 3220//3220 3236//3236 3232//3232
f 3232//3232 3235//3235 3231//3231
f 3229//3229 3235//3235 3236//3236
f 3232//3232 3236//3236 3235//3235
f 3201//3201 3200//3200 3213//3213
f 3201//3201 3202//3202 3200//3200
f 3201//3201 3213//3213 3211//3211
f 3201//3201 3211//3211 3217//3217
f 3201//3201 3203//3203 3202//3202
f 3201//3201 3217//3217 3203//3203
f 3203//3203 3218//3218 3202//3202
f 3203//3203 3217//3217 3218//3218
f 3218//3218 3219//3219 3202//3202
f 3211//3211 3213//3213 3215//3215
f 3211//3211 3214//3214 3217//3217
f 3211//3211 3215//3215 3214//3214
f 3214//3214 3215//3215 3221//3221
f 3217//3217 3221//3221 3218//3218
f 3218//3218 3221//3221 3219//3219
f 3214//3214 3221//3221 3217//3217
f 3221//3221 3215//3215 3222//3222
f 3221//3221 3222//3222 3219//3219
f 3207//3207 3226//3226 3206//3206
f 3207//3207 3206//3206 3209//3209
f 3226//3226 3225//3225 3206//3206
f 3207//3207 3230//3230 3226//3226
f 3209//3209 3206//3206 3208//3208
f 3207//3207 3209//3209 3230//3230
f 3209//3209 3208//3208 3231//3231
f 3209//3209 3233//3233 3230//3230
f 3209//3209 3231//3231 3233//3233
f 3226//3226 3227//3227 3225//3225
f 3226//3226 3230//3230 3227//3227
f 3227//3227 3228//3228 3225//3225
f 3227//3227 3235//3235 3228//3228
f 3230//3230 3233//3233 3234//3234
f 3233//3233 3231//3231 3235//3235
f 3227//3227 3230//3230 3234//3234
f 3227//3227 3234//3234 3235//3235
f 3233//3233 3235//3235 3234//3234
o snowman_topper
v -8.521963119506836 6.796038627624512 5.550000190734863
v -9.820560455322266 4.72933292388916 5.550000190734863
v -8.739398002624512 4.208672046661377 9.949999809265137
v -10.626714706420898 2.425478219985962 5.550000190734863
v -10.899999618530273 2.3421371551999703e-15 5.550000190734863
v -9.45680046081543 2.1584529876708984 9.949999809265137
v -9.699999809265137 2.391122764605581e-15 9.949999809265137
v -7.9934000968933105 1.4945869445800781 14.550000190734863
v -8.042439460754395 1.5037561655044556 18.850000381469727
v -6.796038627624512 8.521963119506836 5.550000190734863
v -4.72933292388916 9.820560455322266 5.550000190734863
v -4.208672046661377 8.739398002624512 9.949999809265137
v -6.047851085662842 7.583765506744385 9.949999809265137
v -7.583765506744385 6.047851085662842 9.949999809265137
v -4.527897357940674 6.369888782501221 14.550000190734863
v -2.425478219985962 10.626714706420898 5.550000190734863
v -2.1584529876708984 9.45680046081543 9.949999809265137
v -2.563978910446167 5.818593502044678 10.649999618530273
v -1.3071051836013794 6.176985740661621 10.649999618530273
v -1.23077000082131e-15 6.297999858856201 10.649999618530273
v -3.1188700199127197 7.077841281890869 14.550000190734863
v -1.5899860858917236 7.513795852661133 14.550000190734863
v -1.4971307342719758e-15 7.660999774932861 14.550000190734863
v -4.737615585327148 4.4533586502075195 10.649999618530273
v -5.5708465576171875 3.498981237411499 10.649999618530273
v -6.189992904663086 2.4101402759552 10.649999618530273
v -6.571261405944824 1.228678822517395 10.649999618530273
v -4.126661777496338 1.6067601442337036 9.949999809265137
v -4.38084077835083 0.8191192150115967 9.949999809265137
v -6.776477336883545 4.256223678588867 14.550000190734863
v -7.529618263244629 2.9317378997802734 14.550000190734863
v -5.762920379638672 5.417145252227783 14.550000190734863
v -3.722320556640625 5.236595630645752 10.649999618530273
v -3.1584103107452393 2.9689056873321533 9.949999809265137
v -2.4815471172332764 3.4910638332366943 9.949999809265137
v -0.8714034557342529 4.117990493774414 9.949999809265137
v -1.7093192338943481 3.8790624141693115 9.949999809265137
v -3.481422185897827 2.009999990463257 5.550000190734863
v -3.481422185897827 2.009999990463257 9
v -3.713897705078125 2.3326542377471924 9.949999809265137
v -5.798275470733643 5.450378894805908 18.850000381469727
v -4.555675983428955 6.408967971801758 18.850000381469727
v -3.9445486068725586 5.549228191375732 22.149999618530273
v -3.1380040645599365 7.12126350402832 18.850000381469727
v -2.717052459716797 6.165971755981445 22.149999618530273
v -1.5997406244277954 7.5598931312561035 18.850000381469727
v -1.5063155360355279e-15 7.7079997062683105 18.850000381469727
v -1.3851412534713745 6.545760631561279 22.149999618530273
v -1.3042488384461997e-15 6.673999786376953 22.149999618530273
v -2.54484486579895 5.775170803070068 26.049999237060547
v -1.2973506450653076 6.130888938903809 26.049999237060547
v -1.221585199057758e-15 6.250999927520752 26.049999237060547
v -6.818050861358643 4.28233528137207 18.850000381469727
v -7.575812339782715 2.949723720550537 18.850000381469727
v -5.9034342765808105 3.7078757286071777 22.149999618530273
v -5.020458221435547 4.719230651855469 22.149999618530273
v -6.559544563293457 2.5540292263031006 22.149999618530273
v -6.96357536315918 1.3020328283309937 22.149999618530273
v -3.991054058074951 2.506732940673828 21.549999237060547
v -4.434621810913086 1.7266676425933838 21.549999237060547
v -4.707769393920898 0.8802475333213806 21.549999237060547
v -4.57308292388916 2.872298002243042 22.75
v -4.7022600173950195 4.420124530792236 26.049999237060547
v -5.52927303314209 3.472869396209717 26.049999237060547
v -6.143798828125 2.3921542167663574 26.049999237060547
v -6.52222204208374 1.2195096015930176 26.049999237060547
v -5.0813374519348145 1.978473424911499 22.75
v -5.3943190574646 1.0086169242858887 22.75
v -3.3941125869750977 3.1904659271240234 21.549999237060547
v -2.6667370796203613 3.7515907287597656 21.549999237060547
v -1.8368804454803467 4.168544292449951 21.549999237060547
v -0.9364335536956787 4.4253034591674805 21.549999237060547
v -3.055636167526245 4.2986979484558105 22.75
v -2.1047589778900146 4.7764573097229 22.75
v -3.889087200164795 3.6557419300079346 22.75
v -3.6945419311523438 5.197516441345215 26.049999237060547
v -1.072996735572815 5.07066011428833 22.75
v -1.0103335938257594e-15 5.170000076293945 22.75
v -10.626714706420898 -2.425478219985962 5.550000190734863
v -9.45680046081543 -2.1584529876708984 9.949999809265137
v -9.820560455322266 -4.72933292388916 5.550000190734863
v -8.739398002624512 -4.208672046661377 9.949999809265137
v -8.149999618530273 -4.7271403317547655e-17 14.550000190734863
v -7.9934000968933105 -1.4945869445800781 14.550000190734863
v -8.521963119506836 -6.796038627624512 5.550000190734863
v -8.199999809265137 2.102718660447112e-16 18.850000381469727
v -8.042439460754395 -1.5037561655044556 18.850000381469727
v -6.699999809265137 -1.1915813333023201e-16 10.649999618530273
v -6.571261405944824 -1.228678822517395 10.649999618530273
v -6.189992904663086 -2.4101402759552 10.649999618530273
v -4.4666666984558105 9.507343968932563e-17 9.949999809265137
v -4.38084077835083 -0.8191192150115967 9.949999809265137
v -4.126661777496338 -1.6067601442337036 9.949999809265137
v -5.5708465576171875 -3.498981237411499 10.649999618530273
v -4.737615585327148 -4.4533586502075195 10.649999618530273
v -7.529618263244629 -2.9317378997802734 14.550000190734863
v -6.776477336883545 -4.256223678588867 14.550000190734863
v -5.762920379638672 -5.417145252227783 14.550000190734863
v -3.481422185897827 -2.009999990463257 5.550000190734863
v -3.481422185897827 -2.009999990463257 9
v -3.713897705078125 -2.3326542377471924 9.949999809265137
v -3.1584103107452393 -2.9689056873321533 9.949999809265137
v -2.4815471172332764 -3.4910638332366943 9.949999809265137
v -3.722320556640625 -5.236595630645752 10.649999618530273
v -1.7093192338943481 -3.8790624141693115 9.949999809265137
v -0.8714034557342529 -4.117990493774414 9.949999809265137
v -7.583765506744385 -6.047851085662842 9.949999809265137
v -6.047851085662842 -7.583765506744385 9.949999809265137
v -6.796038627624512 -8.521963119506836 5.550000190734863
v -4.72933292388916 -9.820560455322266 5.550000190734863
v -4.208672046661377 -8.739398002624512 9.949999809265137
v -4.527897357940674 -6.369888782501221 14.550000190734863
v -2.563978910446167 -5.818593502044678 10.649999618530273
v -1.3071051836013794 -6.176985740661621 10.649999618530273
v -2.425478219985962 -10.626714706420898 5.550000190734863
v -2.1584529876708984 -9.45680046081543 9.949999809265137
v -3.1188700199127197 -7.077841281890869 14.550000190734863
v -1.5899860858917236 -7.513795852661133 14.550000190734863
v -7.099999904632568 5.389670643379113e-16 22.149999618530273
v -6.96357536315918 -1.3020328283309937 22.149999618530273
v -6.559544563293457 -2.5540292263031006 22.149999618530273
v -4.800000190734863 7.669962217330903e-16 21.549999237060547
v -4.707769393920898 -0.8802475333213806 21.549999237060547
v -4.434621810913086 -1.7266676425933838 21.549999237060547
v -3.991054058074951 -2.506732940673828 21.549999237060547
v -7.575812339782715 -2.949723720550537 18.850000381469727
v -6.818050861358643 -4.28233528137207 18.850000381469727
v -5.9034342765808105 -3.7078757286071777 22.149999618530273
v -5.020458221435547 -4.719230651855469 22.149999618530273
v -6.650000095367432 8.295757570300668e-16 26.049999237060547
v -6.52222204208374 -1.2195096015930176 26.049999237060547
v -6.143798828125 -2.3921542167663574 26.049999237060547
v -5.5 7.598933210747709e-16 22.75
v -5.3943190574646 -1.0086169242858887 22.75
v -5.0813374519348145 -1.978473424911499 22.75
v -4.57308292388916 -2.872298002243042 22.75
v -5.52927303314209 -3.472869396209717 26.049999237060547
v -4.7022600173950195 -4.420124530792236 26.049999237060547
v -3.3941125869750977 -3.1904659271240234 21.549999237060547
v -2.6667370796203613 -3.7515907287597656 21.549999237060547
v -1.8368804454803467 -4.168544292449951 21.549999237060547
v -0.9364335536956787 -4.4253034591674805 21.549999237060547
v -3.889087200164795 -3.6557419300079346 22.75
v -3.055636167526245 -4.2986979484558105 22.75
v -2.1047589778900146 -4.7764573097229 22.75
v -3.6945419311523438 -5.197516441345215 26.049999237060547
v -1.072996735572815 -5.07066011428833 22.75
v -5.798275470733643 -5.450378894805908 18.850000381469727
v -4.555675983428955 -6.408967971801758 18.850000381469727
v -3.9445486068725586 -5.549228191375732 22.149999618530273
v -3.1380040645599365 -7.12126350402832 18.850000381469727
v -2.717052459716797 -6.165971755981445 22.149999618530273
v -1.5997406244277954 -7.5598931312561035 18.850000381469727
v -1.3851412534713745 -6.545760631561279 22.149999618530273
v -2.54484486579895 -5.775170803070068 26.049999237060547
v -0.5984581112861633 -5.667877197265625 24.439023971557617
v -0.49990737438201904 -5.638337135314941 24.320993423461914
v -0.6560091972351074 -5.83408260345459 24.320993423461914
v -0.7711851000785828 -5.778616905212402 24.571884155273438
v -0.8021805882453918 -5.76369047164917 24.789093017578125
v -0.8130372166633606 -5.778261184692383 24.836641311645508
v -0.8160872459411621 -5.782354354858398 24.850000381469727
v -0.7093902826309204 -5.7011284828186035 24.571884155273438
v -0.731715738773346 -5.716180801391602 24.6241455078125
v -0.7980656027793884 -5.856115341186523 25.070079803466797
v -0.793313205242157 -5.875566482543945 25.128114700317383
v -0.3298302888870239 -5.736405849456787 24.121885299682617
v -0.45741361379623413 -5.632360458374023 24.290739059448242
v -0.4173027276992798 -5.626718997955322 24.26218032836914
v -0.2641594111919403 -5.62046480178833 24.199804306030273
v -0.11771506816148758 -5.634256362915039 24.121885299682617
v -0.1221863403916359 -5.61466646194458 24.141979217529297
v -0.47661858797073364 -5.920472621917725 24.121885299682617
v -0.25057321786880493 -6.029330253601074 23.994049072265625
v -0.17340205609798431 -5.932560920715332 23.994049072265625
v -0.06188647449016571 -5.878857612609863 23.994049072265625
v -0.5290067195892334 -6.150000095367432 24.121885299682617
v -0.7281153202056885 -6.150000095367432 24.320993423461914
v -0.6560091972351074 -6.465917587280273 24.320993423461914
v -0.8559508919715881 -6.150000095367432 24.571884155273438
v -0.8999999761581421 -6.150000095367432 24.850000381469727
v -0.8559508919715881 -6.150000095367432 25.128114700317383
v -0.7711851000785828 -6.521383285522461 24.571884155273438
v -0.810871958732605 -6.5404953956604 24.850000381469727
v -0.7711851000785828 -6.521383285522461 25.128114700317383
v -0.27811530232429504 -6.150000095367432 23.994049072265625
v -0.25057321786880493 -6.270669937133789 23.994049072265625
v -0.47661858797073364 -6.379527568817139 24.121885299682617
v -0.17340205609798431 -6.367439270019531 23.994049072265625
v -0.06188647449016571 -6.421142578125 23.994049072265625
v -0.3298302888870239 -6.563594341278076 24.121885299682617
v -0.4539724588394165 -6.719263553619385 24.320993423461914
v -0.11771506816148758 -6.665743350982666 24.121885299682617
v -0.5336766242980957 -6.819209575653076 24.571884155273438
v -0.5611408352851868 -6.8536481857299805 24.850000381469727
v -0.5336766242980957 -6.819209575653076 25.128114700317383
v -0.16202089190483093 -6.859859943389893 24.320993423461914
v -0.1904669851064682 -6.984490394592285 24.571884155273438
v -0.20026883482933044 -7.027435302734375 24.850000381469727
v -0.1904669851064682 -6.984490394592285 25.128114700317383
v -1.2973506450653076 -6.130888938903809 26.049999237060547
v -0.7214617133140564 -5.937500476837158 25.296875
v -0.6864933967590332 -5.967642307281494 25.37900733947754
v -0.5808625221252441 -6.015610218048096 25.495586395263672
v -0.5060837864875793 -6.049568176269531 25.578115463256836
v -0.3773820102214813 -6.084287643432617 25.647729873657227
v -0.2697444260120392 -6.1133246421813965 25.705951690673828
v -0.7281153202056885 -6.150000095367432 25.37900733947754
v -0.6560091972351074 -6.465917587280273 25.37900733947754
v -0.5290067195892334 -6.150000095367432 25.578115463256836
v -0.27811530232429504 -6.150000095367432 25.705951690673828
v -0.25057321786880493 -6.270669937133789 25.705951690673828
v -0.47661858797073364 -6.379527568817139 25.578115463256836
v -0.018879109993577003 -6.150000095367432 25.74700927734375
v -0.004317185841500759 -6.152079105377197 25.74924087524414
v -0.0019075635354965925 -6.1523919105529785 25.749515533447266
v -0.0005794202443212271 -6.152538776397705 25.749588012695312
v -0.17340205609798431 -6.367439270019531 25.705951690673828
v -0.06188647449016571 -6.421142578125 25.705951690673828
v -0.4539724588394165 -6.719263553619385 25.37900733947754
v -0.3298302888870239 -6.563594341278076 25.578115463256836
v -0.11771506816148758 -6.665743350982666 25.578115463256836
v -0.5111780762672424 -6.228112697601318 27.921884536743164
v -0.2552597224712372 -6.250136852264404 27.794048309326172
v -0.25057321786880493 -6.270669937133789 27.794048309326172
v -0.47661858797073364 -6.379527568817139 27.921884536743164
v -0.21542656421661377 -6.253744125366211 27.787870407104492
v -0.09171527624130249 -6.265007495880127 27.773298263549805
v -0.02759370766580105 -6.270895957946777 27.76963996887207
v -0.17340205609798431 -6.367439270019531 27.794048309326172
v -0.06188647449016571 -6.421142578125 27.794048309326172
v -0.3298302888870239 -6.563594341278076 27.921884536743164
v -0.11771506816148758 -6.665743350982666 27.921884536743164
v -0.16202089190483093 -6.859859943389893 25.37900733947754
v -15.214859962463379 0.1651257425546646 29.367910385131836
v -15.580987930297852 0.48567110300064087 30.07207679748535
v -15.281478881835938 0.6057978272438049 29.652896881103516
v -15.426803588867188 0.6273513436317444 29.889041900634766
v -15.449999809265137 0.19999998807907104 29.75
v -15.685139656066895 0.23487423360347748 30.132089614868164
v -15.20052433013916 0.42924341559410095 29.453842163085938
v -13.28856086730957 0.12695899605751038 31.62079620361328
v -13.291686058044434 0.117994025349617 31.611400604248047
v -13.284099578857422 0.10976104438304901 31.628583908081055
v -13.249958992004395 0.13181425631046295 31.604106903076172
v -13.241581916809082 0.1335034817457199 31.60451316833496
v -13.232186317443848 0.053418394178152084 31.74618148803711
v -13.190075874328613 0.007715602871030569 31.84157371520996
v -13.138731002807617 0.21705836057662964 32.0075798034668
v -12.814799308776855 0.2131671905517578 31.584671020507812
v -12.8331880569458 0.21585068106651306 31.624284744262695
v -12.978524208068848 0.08822759985923767 32.378936767578125
v -12.743942260742188 0.20282739400863647 31.432031631469727
v -12.716827392578125 0.19887058436870575 31.373620986938477
v -12.569367408752441 0.17643894255161285 31.258493423461914
v -12.564903259277344 0.151536226272583 31.224639892578125
v -2.563978910446167 5.818593502044678 29.649999618530273
v -2.4874422550201416 6.0052170753479 33.150001525878906
v -2.403393268585205 5.802304744720459 32.47404861450195
v -1.3071051836013794 6.176985740661621 29.649999618530273
v -1.23077000082131e-15 6.297999858856201 29.649999618530273
v -1.1130623817443848 5.595742702484131 32.0562858581543
v -1.2252392768859863 6.159694194793701 32.47404861450195
v -1.2680871486663818 6.3751044273376465 33.150001525878906
v -1.0480593825052818e-15 5.705369472503662 32.0562858581543
v -1.0783467396002539e-15 5.518031120300293 32.0562858581543
v -1.153685132181722e-15 6.280369758605957 32.47404861450195
v -1.1940305820088652e-15 6.5 33.150001525878906
v -2.403393268585205 5.802304744720459 33.82595443725586
v -1.2252392768859863 6.159694194793701 33.82595443725586
v -1.1130623817443848 5.595742702484131 34.24371337890625
v -1.153685132181722e-15 6.280369758605957 33.82595443725586
v -1.0480593825052818e-15 5.705369472503662 34.24371337890625
v -4.737615585327148 4.4533586502075195 29.649999618530273
v -5.5708465576171875 3.498981237411499 29.649999618530273
v -4.440891742706299 4.440891742706299 32.47404861450195
v -4.596194267272949 4.596194267272949 33.150001525878906
v -4.963808059692383 2.8890833854675293 32.10132598876953
v -5.221936225891113 3.4891862869262695 32.47404861450195
v -5.404552459716797 3.611206531524658 33.150001525878906
v -4.129437446594238 3.9183871746063232 32.0562858581543
v -4.034305572509766 4.034305572509766 32.0562858581543
v -4.150019645690918 3.9010186195373535 32.05985641479492
v -4.288827419281006 3.7400951385498047 32.06365966796875
v -4.828948020935059 3.1081151962280273 32.08987808227539
v -4.767289161682129 3.18540096282959 32.07677459716797
v -4.868868350982666 3.058077335357666 32.098358154296875
v -6.189992904663086 2.4101402759552 29.649999618530273
v -6.594115257263184 0.8720554113388062 28.605100631713867
v -6.588864803314209 0.9316583871841431 28.676727294921875
v -6.583932399749756 1.0609511137008667 29.296979904174805
v -6.583733558654785 1.0726169347763062 29.370664596557617
v -6.585482120513916 0.9700596332550049 28.722875595092773
v -6.584629535675049 1.0200761556625366 29.038799285888672
v -6.620857238769531 0.5684731006622314 28.240276336669922
v -6.626037120819092 0.5169810056686401 28.22479248046875
v -6.571261405944824 1.228678822517395 29.649999618530273
v -6.597658634185791 0.97674560546875 29.649999618530273
v -6.524321556091309 0.894521176815033 29.88766098022461
v -6.502153396606445 0.8696662783622742 29.959501266479492
v -6.424882411956787 0.47654637694358826 30.303037643432617
v -6.4125237464904785 0.4136700928211212 30.35798454284668
v -6.416104793548584 0.2674606144428253 30.392026901245117
v -6.0052170753479 2.4874422550201416 33.150001525878906
v -6.159694194793701 1.2252392768859863 32.47404861450195
v -6.3751044273376465 1.2680871486663818 33.150001525878906
v -5.343443870544434 2.2133266925811768 32.113197326660156
v -5.4001288414001465 2.102598190307617 32.12933349609375
v -5.428499698638916 2.0136141777038574 32.13029479980469
v -5.4546027183532715 1.9317423105239868 32.13117980957031
v -5.802304744720459 2.403393268585205 32.47404861450195
v -3.997706651687622 1.6559042930603027 32.75886917114258
v -4.023610591888428 1.5666362047195435 32.76234817504883
v -5.708473205566406 1.1354858875274658 32.139793395996094
v -5.726376533508301 1.070704460144043 32.14816665649414
v -5.7439775466918945 0.9006786346435547 32.14878845214844
v -5.747539043426514 0.8662725687026978 32.1489143371582
v -4.1120924949646 1.2739405632019043 32.76325607299805
v -4.140094757080078 1.181309461593628 32.76354217529297
v -4.242120742797852 0.8438102602958679 32.76458740234375
v -4.246448040008545 0.7939907312393188 32.76637268066406
v -4.119297981262207 0.8193793296813965 33.150001525878906
v -4.274978160858154 0.5033128261566162 32.76667404174805
v -4.289544582366943 0.3549056947231293 32.76683044433594
v -4.440891742706299 4.440891742706299 33.82595443725586
v -5.221936225891113 3.4891862869262695 33.82595443725586
v -4.034305572509766 4.034305572509766 34.24371337890625
v -4.743841171264648 3.1697335243225098 34.24371337890625
v -4.152883529663086 2.7748680114746094 34.24371337890625
v -4.030508518218994 3.788677930831909 37.349998474121094
v -4.739377021789551 2.976745367050171 37.349998474121094
v -6.159694194793701 1.2252392768859863 33.82595443725586
v -5.802304744720459 2.403393268585205 33.82595443725586
v -5.271074295043945 2.1833503246307373 34.24371337890625
v -4.240495204925537 2.6634035110473633 34.75
v -4.614436626434326 1.9113622903823853 34.24371337890625
v -4.711785793304443 1.8345844745635986 34.75
v -4.095226287841797 1.5945204496383667 33.774627685546875
v -4.0832061767578125 1.6913193464279175 33.82595443725586
v -4.087087631225586 1.678523302078247 33.82595443725586
v -4.144187927246094 1.6135841608047485 33.85208511352539
v -5.595742702484131 1.1130623817443848 34.24371337890625
v -5.002005100250244 0.9352630376815796 34.75
v -4.898660182952881 0.9744040369987488 34.24371337890625
v -4.196699619293213 1.2395159006118774 33.75623321533203
v -4.250725746154785 1.3019311428070068 33.86046600341797
v -4.30616569519043 0.8565495610237122 33.736385345458984
v -4.363773345947266 0.9712362289428711 33.869361877441406
v -4.396814823150635 0.8745808601379395 33.8719596862793
v -4.310479164123535 0.7071423530578613 33.70437240600586
v -4.4235310554504395 0.8271012902259827 33.88797378540039
v -4.301464557647705 0.8042775988578796 33.70607376098633
v -4.458466529846191 0.5123435258865356 33.890830993652344
v -4.497705459594727 0.15881405770778656 33.89404296875
v -4.337306976318359 0.4180707335472107 33.69931411743164
v -5.26611328125 2.050417900085449 37.349998474121094
v -5.590476036071777 1.0452940464019775 37.349998474121094
v -3.722320556640625 5.236595630645752 29.649999618530273
v -3.26133394241333 4.588075160980225 32.0562858581543
v -3.1697335243225098 4.743841171264648 32.0562858581543
v -3.4891862869262695 5.221936225891113 32.47404861450195
v -3.611206531524658 5.404552459716797 33.150001525878906
v -2.1833503246307373 5.271074295043945 32.0562858581543
v -2.246445894241333 5.097996234893799 32.0562858581543
v -3.147526741027832 2.9586751461029053 32.74716567993164
v -3.063606023788452 3.063606023788452 32.741920471191406
v -2.969848394393921 2.969848394393921 33.150001525878906
v -2.504808187484741 3.5237877368927 32.73812484741211
v -2.131918430328369 3.753171682357788 32.731868743896484
v -2.1286396980285645 3.754930257797241 32.73185348510742
v -2.4086222648620605 3.6047582626342773 32.7332649230957
v -2.333395004272461 3.4921724796295166 33.150001525878906
v -2.813494920730591 3.269577741622925 32.7402229309082
v -2.1111669540405273 2.9700095653533936 32.849998474121094
v -1.1452282667160034 5.412003517150879 32.0562858581543
v -1.3671493530273438 4.096624374389648 32.7253532409668
v -1.340021014213562 4.10488224029541 32.72526931762695
v -0.8971560001373291 4.239689350128174 32.72389221191406
v -0.8465102910995483 4.25569486618042 32.72199249267578
v -0.546359121799469 4.2853593826293945 32.721675872802734
v -0.8193793296813965 4.119297981262207 33.150001525878906
v -0.4759266674518585 4.292320728302002 32.72160339355469
v -1.7452373504638672 3.9605729579925537 32.729915618896484
v -1.6599583625793457 4.00749397277832 32.72626495361328
v -1.607270359992981 3.88029408454895 33.150001525878906
v -1.4541970491409302 3.300097703933716 32.849998474121094
v -0.7413432002067566 3.5033650398254395 32.849998474121094
v -3.5999908447265625 2.4054367542266846 32.750911712646484
v -3.6564459800720215 2.296569585800171 32.755645751953125
v -3.4921724796295166 2.333395004272461 33.150001525878906
v -3.387883424758911 2.664785385131836 32.7491569519043
v -3.377483606338501 2.677501678466797 32.74906921386719
v -3.81180477142334 2.0049073696136475 32.75711441040039
v -3.8355069160461426 1.9604099988937378 32.7573356628418
v -3.5107421875 1.3669452667236328 32.849998474121094
v -3.88029408454895 1.607270359992981 33.150001525878906
v -3.1595845222473145 1.9844969511032104 32.849998474121094
v -2.6870057582855225 2.525785446166992 32.849998474121094
v -3.7269840240478516 0.6968625783920288 32.849998474121094
v -3.4891862869262695 5.221936225891113 33.82595443725586
v -3.1697335243225098 4.743841171264648 34.24371337890625
v -2.1833503246307373 5.271074295043945 34.24371337890625
v -2.7748680114746094 4.152883529663086 34.24371337890625
v -3.5317370891571045 3.5317370891571045 34.24371337890625
v -3.6062445640563965 3.3898699283599854 34.75
v -3.125150680541992 3.125150680541992 33.82595443725586
v -2.8334081172943115 3.98606538772583 34.75
v -2.4554150104522705 3.674788475036621 33.82595443725586
v -3.166750431060791 4.455014228820801 37.349998474121094
v -2.18129563331604 4.950146675109863 37.349998474121094
v -1.9113622903823853 4.614436626434326 34.24371337890625
v -1.9516855478286743 4.429078578948975 34.75
v -0.9949606657028198 4.701884746551514 34.75
v -0.9744040369987488 4.898660182952881 34.24371337890625
v -9.17498782806688e-16 4.994630336761475 34.24371337890625
v -9.368547562008697e-16 4.793999671936035 34.75
v -0.8622271418571472 4.3347086906433105 33.82595443725586
v -1.6913193464279175 4.0832061767578125 33.82595443725586
v -1.112014889717102 5.25504732131958 37.349998474121094
v -1.0470730126382042e-15 5.357999801635742 37.349998474121094
v -3.674788475036621 2.4554150104522705 33.82595443725586
v -6.5 5.5 42.25
v -6.5 5.5 43.849998474121094
v -4.57308292388916 2.872298002243042 40.25
v -5.0813374519348145 1.978473424911499 40.25
v -5.3943190574646 1.0086169242858887 40.25
v -4.34266996383667 2.0913195610046387 43.849998474121094
v -4.34266996383667 2.0913195610046387 44.775001525878906
v -4.212811470031738 2.028783082962036 44.775001525878906
v -4.69915246963501 1.072550892829895 43.849998474121094
v -4.69915246963501 1.072550892829895 44.775001525878906
v -4.558634281158447 1.0404784679412842 44.775001525878906
v -3.9642629623413086 1.9090884923934937 50.45000076293945
v -4.289682865142822 0.9790921211242676 50.45000076293945
v -3.055636167526245 4.2986979484558105 40.25
v -2.1047589778900146 4.7764573097229 40.25
v -3.889087200164795 3.6557419300079346 40.25
v -2.0913195610046387 4.34266996383667 43.849998474121094
v -2.0913195610046387 4.34266996383667 44.775001525878906
v -2.028783082962036 4.212811470031738 44.775001525878906
v -3.005220890045166 3.768427848815918 43.849998474121094
v -3.005220890045166 3.768427848815918 44.775001525878906
v -3.768427848815918 3.005220890045166 43.849998474121094
v -3.768427848815918 3.005220890045166 44.775001525878906
v -3.655740737915039 2.915355920791626 44.775001525878906
v -2.3251895904541016 2.8004226684570312 42.25
v -2.109109401702881 2.9671149253845215 42.25
v -2.915355920791626 3.655740737915039 44.775001525878906
v -1.072996735572815 5.07066011428833 40.25
v -1.0103335938257594e-15 5.170000076293945 40.25
v -1.072550892829895 4.69915246963501 43.849998474121094
v -1.072550892829895 4.69915246963501 44.775001525878906
v -1.0404784679412842 4.558634281158447 44.775001525878906
v -1.4527798891067505 3.296881675720215 42.25
v -0.7406207323074341 3.499950885772705 42.25
v -3.5073208808898926 1.3656131029129028 42.25
v -3.1565053462982178 1.9825628995895386 42.25
v -2.68438720703125 2.5233240127563477 42.25
v -2.8617196083068848 2.320208787918091 42.25
v -3.7233519554138184 0.6961835026741028 42.25
v -3.440058469772339 2.7433550357818604 50.45000076293945
v -2.7433550357818604 3.440058469772339 50.45000076293945
v -0.9790921211242676 4.289682865142822 50.45000076293945
v -1.9090884923934937 3.9642629623413086 50.45000076293945
v -15.69947624206543 -0.02924342267215252 30.046157836914062
v -15.618520736694336 -0.20579785108566284 29.847103118896484
v -15.319011688232422 -0.08567113429307938 29.42792320251465
v -15.473196029663086 -0.2273513525724411 29.610958099365234
v -12.513188362121582 -0.41872337460517883 30.799612045288086
v -12.51692008972168 -0.4896673262119293 30.776599884033203
v -12.49533748626709 -0.5316044688224792 30.777111053466797
v -12.503334999084473 -0.5721719861030579 30.79047203063965
v -13.408517837524414 -0.3174065351486206 31.866046905517578
v -13.52015495300293 -0.4986751079559326 31.767887115478516
v -13.514643669128418 -0.5583533048629761 31.755910873413086
v -13.453690528869629 -0.365665465593338 31.861530303955078
v -13.2185697555542 -0.11448138952255249 31.88503646850586
v -13.260894775390625 -0.15969781577587128 31.88080596923828
v -13.124645233154297 -0.08008823543787003 31.98663902282715
v -13.152974128723145 -0.0903419628739357 31.91478157043457
v -13.314617156982422 -1.0596805810928345 31.333972930908203
v -13.50075912475586 -0.7086684107780457 31.725744247436523
v -13.494751930236816 -0.7737085223197937 31.712692260742188
v -13.401999473571777 -0.9054868221282959 31.607595443725586
v -13.357043266296387 -0.9434583783149719 31.60182762145996
v -13.252372741699219 -1.0932475328445435 31.481346130371094
v -12.803192138671875 -1.2111238241195679 31.274904251098633
v -13.228601455688477 -1.0760834217071533 31.543249130249023
v -13.2131929397583 -1.0649573802947998 31.583375930786133
v -13.193867683410645 -1.1318153142929077 31.618547439575195
v -13.221475601196289 -1.2882275581359863 31.52106285095215
v -13.153823852539062 -1.2703588008880615 31.691429138183594
v -13.134147644042969 -1.2923600673675537 31.73587989807129
v -13.009363174438477 -0.03836100175976753 32.27906799316406
v -13.027480125427246 -0.0449187308549881 32.23311233520508
v -13.002408981323242 -0.04708990454673767 32.29460144042969
v -12.850866317749023 -0.22501319646835327 32.63536071777344
v -12.862143516540527 -0.22314181923866272 32.607872009277344
v -12.855316162109375 -0.23171107470989227 32.62311935424805
v -12.848648071289062 -0.24008020758628845 32.63801193237305
v -12.526015281677246 -0.06541355699300766 30.929702758789062
v -12.498656272888184 -0.14249734580516815 30.889211654663086
v -12.496382713317871 -0.09928802400827408 30.903226852416992
v -12.533961296081543 -0.021084466949105263 30.989967346191406
v -12.56184196472168 -0.8689384460449219 30.888216018676758
v -12.574824333190918 -0.9347870945930481 30.90990447998047
v -12.546469688415527 -0.9753111004829407 30.93825912475586
v -12.561049461364746 -0.9931117296218872 30.96171760559082
v -12.752030372619629 -1.2262736558914185 31.26899528503418
v -12.353155136108398 -1.3211076259613037 32.01933670043945
v -12.325294494628906 -1.3109264373779297 32.05736541748047
v -12.203927040100098 -1.274753212928772 32.050567626953125
v -12.204339981079102 -1.2843799591064453 32.03927230834961
v -12.776610374450684 -0.22983579337596893 32.61183547973633
v -12.221548080444336 -0.4866587817668915 32.48558044433594
v -12.191824913024902 -0.500411331653595 32.478816986083984
v -12.288747787475586 -0.6026946306228638 32.5339241027832
v -12.265353202819824 -0.6410287022590637 32.51204299926758
v -12.192721366882324 -1.013744831085205 32.35690689086914
v -12.090165138244629 -0.9280826449394226 32.348167419433594
v -12.081647872924805 -0.9420387744903564 32.3401985168457
v -12.194158554077148 -1.047242283821106 32.31759262084961
v -13.063431739807129 -1.3714345693588257 31.8956356048584
v -13.06126880645752 -1.4170583486557007 31.892419815063477
v -13.036142349243164 -1.4019488096237183 31.95728302001953
v -12.561016082763672 -1.3970668315887451 31.735618591308594
v -12.548763275146484 -1.3925892114639282 31.752342224121094
v -15.653393745422363 -1.0199135541915894 34.020904541015625
v -15.492676734924316 -0.9611939787864685 34.24015426635742
v -15.736420631408691 -1.2238131761550903 33.85096740722656
v -15.315659523010254 -1.0700833797454834 34.42496871948242
v -15.18995475769043 -1.3049896955490112 34.50475311279297
v -15.710044860839844 -1.495010256767273 33.79524612426758
v -15.449999809265137 -1.399999976158142 34.150001525878906
v -15.584341049194336 -1.7299165725708008 33.875030517578125
v -15.407322883605957 -1.8388060331344604 34.059844970703125
v -15.246606826782227 -1.7800863981246948 34.27909469604492
v -15.163578987121582 -1.5761867761611938 34.44903564453125
v -6.678046226501465 9.49995625344573e-16 28.069332122802734
v -6.675686359405518 -0.021374531090259552 28.060680389404297
v -6.670179843902588 -0.07533025741577148 28.071258544921875
v -6.626208305358887 -0.5061894655227661 28.155725479125977
v -6.614050388336182 -0.6253224611282349 28.179080963134766
v -6.610117435455322 -0.6682465672492981 28.219738006591797
v -6.571902751922607 -1.085336685180664 28.614803314208984
v -6.570682048797607 -1.105951189994812 28.682437896728516
v -6.563501358032227 -1.2272279262542725 29.08032989501953
v -6.550012588500977 -1.276033878326416 29.23689079284668
v -6.556289196014404 -1.2603501081466675 29.321029663085938
v -6.42265510559082 1.0404163924639695e-15 30.45429801940918
v -6.407383441925049 -0.09336595982313156 30.470216751098633
v -6.393404483795166 -0.17882665991783142 30.48478889465332
v -6.399341106414795 -0.6667160391807556 30.319324493408203
v -6.5691237449646 -1.2282791137695312 29.493080139160156
v -6.574435710906982 -1.1983847618103027 29.649999618530273
v -6.571261405944824 -1.228678822517395 29.649999618530273
v -6.525157928466797 -1.1636621952056885 29.803455352783203
v -6.493104934692383 -1.0949444770812988 29.91728973388672
v -6.503238201141357 -1.1327506303787231 29.876415252685547
v -6.5083489418029785 -1.1518181562423706 29.85580062866211
v -6.400340557098389 -0.7488507628440857 30.29146957397461
v -6.189992904663086 -2.4101402759552 29.649999618530273
v -6.5 1.233831707288279e-15 33.150001525878906
v -6.280369758605957 1.0692467470105457e-15 32.47404861450195
v -6.159694194793701 -1.2252392768859863 32.47404861450195
v -6.3751044273376465 -1.2680871486663818 33.150001525878906
v -6.0052170753479 -2.4874422550201416 33.150001525878906
v -5.837214469909668 1.0323107106752195e-15 32.152076721191406
v -5.819735050201416 -0.1688539683818817 32.151458740234375
v -5.808440208435059 -0.2779642343521118 32.15106201171875
v -5.726376533508301 -1.070704460144043 32.14816665649414
v -5.708473205566406 -1.1354858875274658 32.139793395996094
v -5.675508975982666 -1.2388778924942017 32.138675689697266
v -4.324378967285156 1.508603689663417e-15 32.7672004699707
v -4.295959949493408 -0.28954529762268066 32.76689910888672
v -4.276388645172119 -0.4889412522315979 32.76668930053711
v -4.199999809265137 1.5155005495573167e-15 33.150001525878906
v -4.246448040008545 -0.7939907312393188 32.76637268066406
v -4.242120742797852 -0.8438102602958679 32.76458740234375
v -4.169025421142578 -1.0856069326400757 32.76383972167969
v -4.098640441894531 -1.3184385299682617 32.76311492919922
v -4.119297981262207 -0.8193793296813965 33.150001525878906
v -5.635814189910889 -1.3633782863616943 32.1373291015625
v -5.4001288414001465 -2.102598190307617 32.12933349609375
v -5.343443870544434 -2.2133266925811768 32.113197326660156
v -5.312115669250488 -2.2690916061401367 32.11221694946289
v -5.264669895172119 -2.3535454273223877 32.11073303222656
v -5.802304744720459 -2.403393268585205 32.47404861450195
v -4.023610591888428 -1.566636085510254 32.76234817504883
v -3.997706651687622 -1.6559042930603027 32.75886917114258
v -5.5708465576171875 -3.498981237411499 29.649999618530273
v -4.737615585327148 -4.4533586502075195 29.649999618530273
v -5.221936225891113 -3.4891862869262695 32.47404861450195
v -5.404552459716797 -3.611206531524658 33.150001525878906
v -4.868868350982666 -3.058077335357666 32.098358154296875
v -4.767289161682129 -3.18540096282959 32.07677459716797
v -4.739089012145996 -3.2180938720703125 32.07600021362305
v -4.729729652404785 -3.2289445400238037 32.07574462890625
v -4.150019645690918 -3.9010186195373535 32.05985641479492
v -4.129437446594238 -3.918386936187744 32.0562858581543
v -4.034305572509766 -4.034305572509766 32.0562858581543
v -4.440891742706299 -4.440891742706299 32.47404861450195
v -4.596194267272949 -4.596194267272949 33.150001525878906
v -6.280369758605957 1.452210671254949e-15 33.82595443725586
v -6.159694194793701 -1.2252392768859863 33.82595443725586
v -5.705369472503662 1.64096995184732e-15 34.24371337890625
v -4.994630336761475 1.7280103163533431e-15 34.24371337890625
v -5.099999904632568 1.5407281553418651e-15 34.75
v -5.595742702484131 -1.1130623817443848 34.24371337890625
v -5.002005100250244 -0.9352630376815796 34.75
v -4.5153326988220215 1.6880619132202254e-15 33.895484924316406
v -4.4804301261901855 -0.31445732712745667 33.89262771606445
v -4.376106262207031 1.5592766945790766e-15 33.69200134277344
v -4.361349582672119 -0.1590040624141693 33.69478225708008
v -4.340323448181152 -0.38556742668151855 33.69874572753906
v -4.898660182952881 -0.9744040369987488 34.24371337890625
v -4.434036731719971 -0.7324494123458862 33.888832092285156
v -4.4235310554504395 -0.8271012902259827 33.88797378540039
v -4.301464557647705 -0.8042775988578796 33.70607376098633
v -4.30616569519043 -0.8565495610237122 33.736385345458984
v -4.396814823150635 -0.8745808601379395 33.8719596862793
v -4.277936935424805 -0.9553083181381226 33.74150466918945
v -4.307328224182129 -1.1363540887832642 33.86492156982422
v -4.218867778778076 -1.1619610786437988 33.75221252441406
v -5.802304744720459 -2.403393268585205 33.82595443725586
v -5.271074295043945 -2.1833503246307373 34.24371337890625
v -4.614436626434326 -1.9113622903823853 34.24371337890625
v -4.711785793304443 -1.8345844745635986 34.75
v -4.095226764678955 -1.5945205688476562 33.774627685546875
v -4.144187927246094 -1.613584041595459 33.85208511352539
v -4.087087631225586 -1.6785234212875366 33.82595443725586
v -4.0832061767578125 -1.6913193464279175 33.82595443725586
v -4.240495204925537 -2.6634035110473633 34.75
v -5.699999809265137 1.6308619900503793e-15 37.349998474121094
v -5.590476036071777 -1.0452940464019775 37.349998474121094
v -5.26611328125 -2.050417900085449 37.349998474121094
v -5.221936225891113 -3.4891862869262695 33.82595443725586
v -4.743841171264648 -3.1697335243225098 34.24371337890625
v -4.152883529663086 -2.7748680114746094 34.24371337890625
v -4.034305572509766 -4.034305572509766 34.24371337890625
v -4.440891742706299 -4.440891742706299 33.82595443725586
v -4.739377021789551 -2.976745367050171 37.349998474121094
v -4.030508518218994 -3.788677930831909 37.349998474121094
v -3.799999952316284 1.5740384671464693e-15 32.849998474121094
v -3.7269840240478516 -0.6968625783920288 32.849998474121094
v -3.5107421875 -1.3669452667236328 32.849998474121094
v -3.8881945610046387 -1.8614966869354248 32.757835388183594
v -3.88029408454895 -1.607270359992981 33.150001525878906
v -3.1595845222473145 -1.9844969511032104 32.849998474121094
v -3.760699987411499 -2.100848436355591 32.756629943847656
v -3.6564459800720215 -2.296569585800171 32.755645751953125
v -3.5999908447265625 -2.4054367542266846 32.750911712646484
v -3.4508259296417236 -2.5878243446350098 32.74967575073242
v -3.4921724796295166 -2.333395004272461 33.150001525878906
v -2.6870057582855225 -2.525785446166992 32.849998474121094
v -3.722320556640625 -5.236595630645752 29.649999618530273
v -3.2740137577056885 -2.8040168285369873 32.74821472167969
v -3.147526741027832 -2.9586751461029053 32.74716567993164
v -3.063606023788452 -3.063606023788452 32.741920471191406
v -2.969848394393921 -2.969848394393921 33.150001525878906
v -2.862027168273926 -3.2296104431152344 32.74055099487305
v -2.6571779251098633 -3.398308038711548 32.739158630371094
v -2.1111669540405273 -2.9700095653533936 32.849998474121094
v -2.504808187484741 -3.5237877368927 32.73812484741211
v -2.4086222648620605 -3.6047582626342773 32.7332649230957
v -2.138773202896118 -3.749495029449463 32.731903076171875
v -2.333395004272461 -3.4921724796295166 33.150001525878906
v -3.26133394241333 -4.588075160980225 32.0562858581543
v -3.1697335243225098 -4.743841171264648 32.0562858581543
v -3.4891862869262695 -5.221936225891113 32.47404861450195
v -3.611206531524658 -5.404552459716797 33.150001525878906
v -2.246445894241333 -5.097996234893799 32.0562858581543
v -2.1833503246307373 -5.271074295043945 32.0562858581543
v -1.4541970491409302 -3.300097703933716 32.849998474121094
v -1.935274600982666 -3.8586442470550537 32.73087692260742
v -1.7452373504638672 -3.9605729579925537 32.729915618896484
v -1.6599583625793457 -4.00749397277832 32.72626495361328
v -1.607270359992981 -3.88029408454895 33.150001525878906
v -0.7413432002067566 -3.5033650398254395 32.849998474121094
v -1.1452282667160034 -5.412003517150879 32.0562858581543
v -1.3118306398391724 -4.113463401794434 32.725181579589844
v -1.1384354829788208 -4.1662445068359375 32.72464370727539
v -0.8971560001373291 -4.239689350128174 32.72389221191406
v -0.8465102910995483 -4.25569486618042 32.72199249267578
v -0.8193793296813965 -4.119297981262207 33.150001525878906
v -0.42392387986183167 -4.297460079193115 32.72154998779297
v -0.2998574376106262 -4.309721946716309 32.72141647338867
v -3.674788475036621 -2.4554150104522705 33.82595443725586
v -3.6062445640563965 -3.3898699283599854 34.75
v -3.125150680541992 -3.125150680541992 33.82595443725586
v -3.5317370891571045 -3.5317370891571045 34.24371337890625
v -2.8334081172943115 -3.98606538772583 34.75
v -2.4554150104522705 -3.674788475036621 33.82595443725586
v -3.1697335243225098 -4.743841171264648 34.24371337890625
v -3.4891862869262695 -5.221936225891113 33.82595443725586
v -2.7748680114746094 -4.152883529663086 34.24371337890625
v -2.1833503246307373 -5.271074295043945 34.24371337890625
v -3.166750431060791 -4.455014228820801 37.349998474121094
v -2.18129563331604 -4.950146675109863 37.349998474121094
v -2.285433053970337 -4.766682147979736 39.149139404296875
v -2.2849907875061035 -4.766406059265137 39.14950942993164
v -2.284954071044922 -4.766451358795166 39.149139404296875
v -2.5181868076324463 -5.25 39.149139404296875
v -2.2442245483398438 -5.084230422973633 38.82413864135742
v -2.2278690338134766 -4.838865280151367 38.96794128417969
v -2.373784303665161 -5.02183723449707 38.96794128417969
v -2.4569671154022217 -4.981778621673584 39.149139404296875
v -2.02311635017395 -4.895866394042969 38.82413864135742
v -1.9776055812835693 -4.909987926483154 38.80717086791992
v -1.9903401136398315 -4.906036376953125 38.81191635131836
v -2.1382107734680176 -4.951292991638184 38.82413864135742
v -2.0252346992492676 -5.092960357666016 38.7318115234375
v -2.2066946029663086 -4.81755256652832 38.988101959228516
v -2.196897268295288 -4.823949813842773 38.96794128417969
v -2.1400580406188965 -4.856563568115234 38.912506103515625
v -2.093430995941162 -4.87223482131958 38.87726974487305
v -2.282060384750366 -5.25 38.82413864135742
v -2.2442245483398438 -5.415769577026367 38.82413864135742
v -2.425861120223999 -5.25 38.96794128417969
v -2.100861072540283 -5.25 38.7318115234375
v -2.0809695720672607 -5.162849426269531 38.7318115234375
v -2.0809695720672607 -5.337150573730469 38.7318115234375
v -2.0252346992492676 -5.407039642333984 38.7318115234375
v -1.6913193464279175 -4.0832061767578125 33.82595443725586
v -1.9113622903823853 -4.614436626434326 34.24371337890625
v -1.9516855478286743 -4.429078578948975 34.75
v -0.9949606657028198 -4.701884746551514 34.75
v -0.8622271418571472 -4.3347086906433105 33.82595443725586
v -0.9744040369987488 -4.898660182952881 34.24371337890625
v -1.112014889717102 -5.25504732131958 37.349998474121094
v -0.9984571933746338 -5.244560241699219 37.67394256591797
v -1.9446958303451538 -5.054174900054932 38.7318115234375
v -1.85530424118042 -5.054174900054932 38.7318115234375
v -1.8322032690048218 -4.952962875366211 38.78470993041992
v -1.7224606275558472 -4.983548641204834 38.79519271850586
v -1.774765133857727 -5.092960357666016 38.7318115234375
v -1.6938674449920654 -4.991518020629883 38.79792404174805
v -1.6126525402069092 -5.012908458709717 38.82413864135742
v -1.6162526607513428 -5.011960506439209 38.822975158691406
v -1.5557754039764404 -5.084230422973633 38.82413864135742
v -1.4761338233947754 -5.045876979827881 38.91253662109375
v -1.899999976158142 -5.25 38.70000076293945
v -1.9446958303451538 -5.445825099945068 38.7318115234375
v -1.85530424118042 -5.445825099945068 38.7318115234375
v -1.774765133857727 -5.407039642333984 38.7318115234375
v -1.719030499458313 -5.162849426269531 38.7318115234375
v -1.6991389989852905 -5.25 38.7318115234375
v -1.517939567565918 -5.25 38.82413864135742
v -1.719030499458313 -5.337150573730469 38.7318115234375
v -1.5557754039764404 -5.415769577026367 38.82413864135742
v -1.0042247772216797 -5.221133708953857 38.027069091796875
v -1.4177836179733276 -5.058779716491699 38.96794128417969
v -1.4011788368225098 -5.061396598815918 38.999359130859375
v -1.322013258934021 -5.073872089385986 39.149139404296875
v -1.3116495609283447 -5.072259426116943 39.216896057128906
v -1.3741389513015747 -5.25 38.96794128417969
v -1.2818132638931274 -5.25 39.149139404296875
v -0.6528733968734741 -5.237237453460693 37.07193374633789
v -0.8710649609565735 -5.276723861694336 37.34708786010742
v -0.8719807863235474 -5.277270317077637 37.349998474121094
v -0.34829312562942505 -5.2266364097595215 36.89307403564453
v -0.8854084014892578 -5.210474014282227 38.36119079589844
v -0.6565964221954346 -5.214069366455078 38.63249969482422
v -0.5058380961418152 -5.222540378570557 38.717132568359375
v -0.34788447618484497 -5.231415748596191 38.80580520629883
v -2.563978910446167 -5.818593502044678 29.649999618530273
v -2.4874422550201416 -6.0052170753479 33.150001525878906
v -2.403393268585205 -5.802304744720459 32.47404861450195
v -1.3071051836013794 -6.176985740661621 29.649999618530273
v -0.821327805519104 -6.204706192016602 28.328439712524414
v -0.8816862106323242 -6.2027997970581055 28.61046028137207
v -0.8879635334014893 -6.20273494720459 28.649999618530273
v -0.8438102006912231 -6.203191757202148 28.371885299682617
v -0.7139787673950195 -6.2119364738464355 28.12099266052246
v -0.6551052927970886 -6.21663236618042 28.063190460205078
v -0.6560091972351074 -6.465917587280273 28.12099266052246
v -0.7711851000785828 -6.521383285522461 28.371885299682617
v -0.810871958732605 -6.5404953956604 28.649999618530273
v -0.8490923047065735 -6.209412574768066 28.885801315307617
v -0.8421169519424438 -6.210610389709473 28.928115844726562
v -0.7365826964378357 -6.223012924194336 29.129682540893555
v -0.7107579708099365 -6.226047515869141 29.179006576538086
v -0.5657197833061218 -6.241323471069336 29.320558547973633
v -0.5067450404167175 -6.24753475189209 29.378114700317383
v -0.6560091972351074 -6.465917587280273 29.179006576538086
v -0.7711851000785828 -6.521383285522461 28.928115844726562
v -0.4539724588394165 -6.719263553619385 28.12099266052246
v -0.47661858797073364 -6.379527568817139 29.378114700317383
v -0.3298302888870239 -6.563594341278076 29.378114700317383
v -0.4539724588394165 -6.719263553619385 29.179006576538086
v -0.11771506816148758 -6.665743350982666 29.378114700317383
v -0.37385427951812744 -6.260702133178711 29.44429588317871
v -0.25444358587265015 -6.272533893585205 29.503761291503906
v -0.2486351877450943 -6.27310037612915 29.505950927734375
v -0.1086738184094429 -6.2862725257873535 29.52239418029785
v -0.0327211432158947 -6.293360710144043 29.526710510253906
v -0.17340205609798431 -6.367439270019531 29.505950927734375
v -0.06188647449016571 -6.421142578125 29.505950927734375
v -0.5336766242980957 -6.819209575653076 28.371885299682617
v -0.5611408352851868 -6.8536481857299805 28.649999618530273
v -0.5336766242980957 -6.819209575653076 28.928115844726562
v -0.16202089190483093 -6.859859943389893 28.12099266052246
v -0.1904669851064682 -6.984490394592285 28.371885299682617
v -0.20026883482933044 -7.027435302734375 28.649999618530273
v -0.1904669851064682 -6.984490394592285 28.928115844726562
v -0.16202089190483093 -6.859859943389893 29.179006576538086
v -1.1130623817443848 -5.595742702484131 32.0562858581543
v -1.2252392768859863 -6.159694194793701 32.47404861450195
v -1.2680871486663818 -6.3751044273376465 33.150001525878906
v -2.403393268585205 -5.802304744720459 33.82595443725586
v -2.373784303665161 -5.47816276550293 38.96794128417969
v -2.4569671154022217 -5.518221378326416 39.149139404296875
v -2.2278690338134766 -5.661134719848633 38.96794128417969
v -2.285433053970337 -5.733317852020264 39.149139404296875
v -2.1382107734680176 -5.548707008361816 38.82413864135742
v -1.9850164651870728 -5.622481346130371 38.82413864135742
v -2.017014980316162 -5.76267671585083 38.96794128417969
v -2.0375595092773438 -5.852687358856201 39.149139404296875
v -1.1130623817443848 -5.595742702484131 34.24371337890625
v -1.2252392768859863 -6.159694194793701 33.82595443725586
v -1.814983606338501 -5.622481346130371 38.82413864135742
v -1.7829848527908325 -5.76267671585083 38.96794128417969
v -1.6617891788482666 -5.548707008361816 38.82413864135742
v -1.5721310377120972 -5.661134719848633 38.96794128417969
v -1.5145668983459473 -5.733317852020264 39.149139404296875
v -1.76244056224823 -5.852687358856201 39.149139404296875
v -1.4262155294418335 -5.47816276550293 38.96794128417969
v -1.343032956123352 -5.518221378326416 39.149139404296875
v -5.5 1.831459297234458e-15 40.25
v -5.3943190574646 -1.0086169242858887 40.25
v -5.0813374519348145 -1.978473424911499 40.25
v -4.820000171661377 3.570457748496058e-15 43.849998474121094
v -4.820000171661377 3.627097571129532e-15 44.775001525878906
v -4.675868034362793 3.600621015264257e-15 44.775001525878906
v -4.69915246963501 -1.072550892829895 43.849998474121094
v -4.69915246963501 -1.072550892829895 44.775001525878906
v -4.558634281158447 -1.0404784679412842 44.775001525878906
v -4.212811470031738 -2.028783082962036 44.775001525878906
v -4.34266996383667 -2.0913195610046387 43.849998474121094
v -4.34266996383667 -2.0913195610046387 44.775001525878906
v -4.57308292388916 -2.872298002243042 40.25
v -4.400000095367432 3.897438300641109e-15 50.45000076293945
v -4.289682865142822 -0.9790921211242676 50.45000076293945
v -3.9642629623413086 -1.9090884923934937 50.45000076293945
v -3.7962968349456787 2.1500487174875346e-15 42.25
v -3.7233519554138184 -0.6961835026741028 42.25
v -3.5073208808898926 -1.3656131029129028 42.25
v -3.1565053462982178 -1.9825628995895386 42.25
v -2.979172945022583 -2.185678005218506 42.25
v -2.68438720703125 -2.5233240127563477 42.25
v -2.4683072566986084 -2.690016269683838 42.25
v -3.889087200164795 -3.6557419300079346 40.25
v -3.055636167526245 -4.2986979484558105 40.25
v -2.3052682876586914 -4.741809368133545 39.349998474121094
v -2.3050060272216797 -4.741683006286621 39.349998474121094
v -2.304945945739746 -4.741695404052734 39.35023880004883
v -2.285433053970337 -4.766682147979736 39.55086135864258
v -2.255089521408081 -4.752069473266602 39.55086135864258
v -2.2323451042175293 -4.760875701904297 39.586700439453125
v -2.4856297969818115 -4.967975616455078 39.349998474121094
v -2.549999952316284 -5.25 39.349998474121094
v -2.5181868076324463 -5.25 39.55086135864258
v -2.4569671154022217 -4.981778621673584 39.55086135864258
v -2.2278690338134766 -4.838865280151367 39.732059478759766
v -2.373784303665161 -5.02183723449707 39.732059478759766
v -2.2442245483398438 -5.084230422973633 39.87586212158203
v -2.1400914192199707 -4.79659366607666 39.732059478759766
v -2.1179301738739014 -4.806347846984863 39.75093460083008
v -1.994494080543518 -4.835994243621826 39.83327102661133
v -1.9850164651870728 -4.877518653869629 39.87586212158203
v -2.1382107734680176 -4.951292991638184 39.87586212158203
v -2.425861120223999 -5.25 39.732059478759766
v -2.282060384750366 -5.25 39.87586212158203
v -2.2442245483398438 -5.415769577026367 39.87586212158203
v -2.1047589778900146 -4.7764573097229 40.25
v -2.0252346992492676 -5.092960357666016 39.96818542480469
v -2.100861072540283 -5.25 39.96818542480469
v -2.0809695720672607 -5.162849426269531 39.96818542480469
v -2.0809695720672607 -5.337150573730469 39.96818542480469
v -2.0252346992492676 -5.407039642333984 39.96818542480469
v -3.768427848815918 -3.005220890045166 43.849998474121094
v -3.768427848815918 -3.005220890045166 44.775001525878906
v -3.655740737915039 -2.915355920791626 44.775001525878906
v -3.005220890045166 -3.768427848815918 43.849998474121094
v -3.005220890045166 -3.768427848815918 44.775001525878906
v -2.109109401702881 -2.9671149253845215 42.25
v -2.915355920791626 -3.655740737915039 44.775001525878906
v -2.0913195610046387 -4.34266996383667 43.849998474121094
v -2.028783082962036 -4.212811470031738 44.775001525878906
v -2.0913195610046387 -4.34266996383667 44.775001525878906
v -1.9648752212524414 -4.843893527984619 39.841373443603516
v -1.8387982845306396 -4.877518653869629 39.87586212158203
v -1.816392183303833 -4.883690357208252 39.87908935546875
v -1.7804127931594849 -4.894166946411133 39.87586212158203
v -1.6767224073410034 -4.924928665161133 39.8581428527832
v -1.6476436853408813 -4.9335551261901855 39.85317611694336
v -1.6617891788482666 -4.951292991638184 39.87586212158203
v -1.5640062093734741 -4.960753440856934 39.80349349975586
v -1.5557754039764404 -5.084230422973633 39.87586212158203
v -1.517939567565918 -5.25 39.87586212158203
v -1.5557754039764404 -5.415769577026367 39.87586212158203
v -1.9446958303451538 -5.054174900054932 39.96818542480469
v -1.85530424118042 -5.054174900054932 39.96818542480469
v -1.774765133857727 -5.092960357666016 39.96818542480469
v -1.899999976158142 -5.25 40
v -1.9446958303451538 -5.445825099945068 39.96818542480469
v -1.85530424118042 -5.445825099945068 39.96818542480469
v -1.774765133857727 -5.407039642333984 39.96818542480469
v -1.719030499458313 -5.162849426269531 39.96818542480469
v -1.6991389989852905 -5.25 39.96818542480469
v -1.719030499458313 -5.337150573730469 39.96818542480469
v -1.291291356086731 -5.069090843200684 39.349998474121094
v -1.3036195039749146 -5.061103820800781 39.416324615478516
v -1.328625202178955 -5.04490327835083 39.55086135864258
v -1.443739414215088 -4.999863147735596 39.732059478759766
v -1.4324091672897339 -5.003950119018555 39.719356536865234
v -1.4262155294418335 -5.02183723449707 39.732059478759766
v -1.4076321125030518 -5.012887954711914 39.69157791137695
v -1.3493783473968506 -5.03649377822876 39.587825775146484
v -1.25 -5.25 39.349998474121094
v -1.2818132638931274 -5.25 39.55086135864258
v -1.3741389513015747 -5.25 39.732059478759766
v -1.072996735572815 -5.07066011428833 40.25
v -1.4527798891067505 -3.296881675720215 42.25
v -0.7406207323074341 -3.499950885772705 42.25
v -1.072550892829895 -4.69915246963501 43.849998474121094
v -1.0404784679412842 -4.558634281158447 44.775001525878906
v -1.072550892829895 -4.69915246963501 44.775001525878906
v -3.440058469772339 -2.7433550357818604 50.45000076293945
v -2.7433550357818604 -3.440058469772339 50.45000076293945
v -1.9090884923934937 -3.9642629623413086 50.45000076293945
v -0.9790921211242676 -4.289682865142822 50.45000076293945
v -6.5 -5.5 42.25
v -6.5 -5.5 43.849998474121094
v -2.4856297969818115 -5.532024383544922 39.349998474121094
v -2.4569671154022217 -5.518221378326416 39.55086135864258
v -2.3052682876586914 -5.758190631866455 39.349998474121094
v -2.285433053970337 -5.733317852020264 39.55086135864258
v -2.373784303665161 -5.47816276550293 39.732059478759766
v -2.2278690338134766 -5.661134719848633 39.732059478759766
v -2.1382107734680176 -5.548707008361816 39.87586212158203
v -2.017014980316162 -5.76267671585083 39.732059478759766
v -1.9850164651870728 -5.622481346130371 39.87586212158203
v -2.0446386337280273 -5.883703231811523 39.349998474121094
v -2.0375595092773438 -5.852687358856201 39.55086135864258
v -1.7829848527908325 -5.76267671585083 39.732059478759766
v -1.814983606338501 -5.622481346130371 39.87586212158203
v -1.4947316646575928 -5.758190631866455 39.349998474121094
v -1.5145668983459473 -5.733317852020264 39.55086135864258
v -1.6617891788482666 -5.548707008361816 39.87586212158203
v -1.5721310377120972 -5.661134719848633 39.732059478759766
v -1.7553614377975464 -5.883703231811523 39.349998474121094
v -1.76244056224823 -5.852687358856201 39.55086135864258
v -1.3143702745437622 -5.532024383544922 39.349998474121094
v -1.343032956123352 -5.518221378326416 39.55086135864258
v -1.4262155294418335 -5.47816276550293 39.732059478759766
v 1.3348650560829432e-15 10.899999618530273 5.550000190734863
v 1.1879073808331638e-15 9.699999809265137 9.949999809265137
v 2.425478219985962 10.626714706420898 5.550000190734863
v 2.1584529876708984 9.45680046081543 9.949999809265137
v 1.3071051836013794 6.176985740661621 10.649999618530273
v 2.563978910446167 5.818593502044678 10.649999618530273
v 1.5899860858917236 7.513795852661133 14.550000190734863
v 3.1188700199127197 7.077841281890869 14.550000190734863
v 4.72933292388916 9.820560455322266 5.550000190734863
v 4.208672046661377 8.739398002624512 9.949999809265137
v 6.796038627624512 8.521963119506836 5.550000190734863
v 6.047851085662842 7.583765506744385 9.949999809265137
v 7.583765506744385 6.047851085662842 9.949999809265137
v 4.527897357940674 6.369888782501221 14.550000190734863
v 4.923079897406122e-16 4.019999980926514 5.550000190734863
v 1.6088563652482882e-16 4.198666572570801 9.949999809265137
v 0.8714034557342529 4.117990493774414 9.949999809265137
v 4.923079897406122e-16 4.019999980926514 9
v 1.7093192338943481 3.8790624141693115 9.949999809265137
v 3.722320556640625 5.236595630645752 10.649999618530273
v 2.4815471172332764 3.4910638332366943 9.949999809265137
v 3.1584103107452393 2.9689056873321533 9.949999809265137
v 3.481422185897827 2.009999990463257 5.550000190734863
v 3.481422185897827 2.009999990463257 9
v 3.713897705078125 2.3326542377471924 9.949999809265137
v 4.737615585327148 4.4533586502075195 10.649999618530273
v 5.5708465576171875 3.498981237411499 10.649999618530273
v 4.126661777496338 1.6067601442337036 9.949999809265137
v 4.38084077835083 0.8191192150115967 9.949999809265137
v 6.189992904663086 2.4101402759552 10.649999618530273
v 6.571261405944824 1.228678822517395 10.649999618530273
v 5.762920379638672 5.417145252227783 14.550000190734863
v 6.776477336883545 4.256223678588867 14.550000190734863
v 7.529618263244629 2.9317378997802734 14.550000190734863
v 1.5997406244277954 7.5598931312561035 18.850000381469727
v 1.3851412534713745 6.545760631561279 22.149999618530273
v 3.1380040645599365 7.12126350402832 18.850000381469727
v 2.717052459716797 6.165971755981445 22.149999618530273
v 1.2973506450653076 6.130888938903809 26.049999237060547
v 2.54484486579895 5.775170803070068 26.049999237060547
v 4.555675983428955 6.408967971801758 18.850000381469727
v 5.798275470733643 5.450378894805908 18.850000381469727
v 3.9445486068725586 5.549228191375732 22.149999618530273
v -8.817456809217617e-16 4.51200008392334 21.549999237060547
v 0.9364335536956787 4.4253034591674805 21.549999237060547
v 1.8368804454803467 4.168544292449951 21.549999237060547
v 2.6667370796203613 3.7515907287597656 21.549999237060547
v 3.3941125869750977 3.1904659271240234 21.549999237060547
v 1.072996735572815 5.07066011428833 22.75
v 2.1047589778900146 4.7764573097229 22.75
v 3.055636167526245 4.2986979484558105 22.75
v 3.889087200164795 3.6557419300079346 22.75
v 3.6945419311523438 5.197516441345215 26.049999237060547
v 5.020458221435547 4.719230651855469 22.149999618530273
v 6.818050861358643 4.28233528137207 18.850000381469727
v 7.575812339782715 2.949723720550537 18.850000381469727
v 5.9034342765808105 3.7078757286071777 22.149999618530273
v 3.991054058074951 2.506732940673828 21.549999237060547
v 4.434621810913086 1.7266676425933838 21.549999237060547
v 4.707769393920898 0.8802475333213806 21.549999237060547
v 6.559544563293457 2.5540292263031006 22.149999618530273
v 6.96357536315918 1.3020328283309937 22.149999618530273
v 4.57308292388916 2.872298002243042 22.75
v 4.7022600173950195 4.420124530792236 26.049999237060547
v 5.52927303314209 3.472869396209717 26.049999237060547
v 5.0813374519348145 1.978473424911499 22.75
v 5.3943190574646 1.0086169242858887 22.75
v 6.143798828125 2.3921542167663574 26.049999237060547
v 6.52222204208374 1.2195096015930176 26.049999237060547
v 8.521963119506836 6.796038627624512 5.550000190734863
v 9.820560455322266 4.72933292388916 5.550000190734863
v 8.739398002624512 4.208672046661377 9.949999809265137
v 9.45680046081543 2.1584529876708984 9.949999809265137
v 10.626714706420898 2.425478219985962 5.550000190734863
v 7.9934000968933105 1.4945869445800781 14.550000190734863
v 8.042439460754395 1.5037561655044556 18.850000381469727
v 0 5.510910704284357e-16 9
v 3.481422185897827 -2.009999990463257 5.550000190734863
v 3.481422185897827 -2.009999990463257 9
v 3.713897705078125 -2.3326542377471924 9.949999809265137
v 0 -4.019999980926514 5.550000190734863
v 0 -4.019999980926514 9
v 1.7093192338943481 -3.8790624141693115 9.949999809265137
v 7.239810299353199e-17 -4.198666572570801 9.949999809265137
v 0.8714034557342529 -4.117990493774414 9.949999809265137
v 2.4815471172332764 -3.4910638332366943 9.949999809265137
v 3.1584103107452393 -2.9689056873321533 9.949999809265137
v 3.722320556640625 -5.236595630645752 10.649999618530273
v 4.4666666984558105 6.092617462953945e-16 9.949999809265137
v 4.38084077835083 -0.8191192150115967 9.949999809265137
v 4.126661777496338 -1.6067601442337036 9.949999809265137
v 6.699999809265137 6.521244192230998e-16 10.649999618530273
v 6.571261405944824 -1.228678822517395 10.649999618530273
v 6.189992904663086 -2.4101402759552 10.649999618530273
v 5.5708465576171875 -3.498981237411499 10.649999618530273
v 4.737615585327148 -4.4533586502075195 10.649999618530273
v 5.762920379638672 -5.417145252227783 14.550000190734863
v 7.529618263244629 -2.9317378997802734 14.550000190734863
v 6.776477336883545 -4.256223678588867 14.550000190734863
v 4.1025667576369653e-16 -6.297999858856201 10.649999618530273
v 1.3071051836013794 -6.176985740661621 10.649999618530273
v 2.563978910446167 -5.818593502044678 10.649999618530273
v 0 -10.899999618530273 5.550000190734863
v 0 -9.699999809265137 9.949999809265137
v 2.425478219985962 -10.626714706420898 5.550000190734863
v 2.1584529876708984 -9.45680046081543 9.949999809265137
v 4.990435957371784e-16 -7.660999774932861 14.550000190734863
v 1.5899860858917236 -7.513795852661133 14.550000190734863
v 3.1188700199127197 -7.077841281890869 14.550000190734863
v 7.583765506744385 -6.047851085662842 9.949999809265137
v 6.047851085662842 -7.583765506744385 9.949999809265137
v 4.72933292388916 -9.820560455322266 5.550000190734863
v 4.208672046661377 -8.739398002624512 9.949999809265137
v 6.796038627624512 -8.521963119506836 5.550000190734863
v 4.527897357940674 -6.369888782501221 14.550000190734863
v 2.939152446204403e-16 -4.51200008392334 21.549999237060547
v 0.9364335536956787 -4.4253034591674805 21.549999237060547
v 1.8368804454803467 -4.168544292449951 21.549999237060547
v 2.6667370796203613 -3.7515907287597656 21.549999237060547
v 3.3941125869750977 -3.1904659271240234 21.549999237060547
v 3.3677786460858646e-16 -5.170000076293945 22.75
v 1.072996735572815 -5.07066011428833 22.75
v 3.889087200164795 -3.6557419300079346 22.75
v 2.1047589778900146 -4.7764573097229 22.75
v 2.33937931060791 -5.308895111083984 24.509307861328125
v 3.055636167526245 -4.2986979484558105 22.75
v 3.3523941040039062 -4.716179847717285 24.282777786254883
v 3.833112955093384 -4.300000190734863 24.17527961730957
v 4.800000190734863 1.319556841385453e-15 21.549999237060547
v 4.707769393920898 -0.8802475333213806 21.549999237060547
v 4.434621810913086 -1.7266676425933838 21.549999237060547
v 3.991054058074951 -2.506732940673828 21.549999237060547
v 7.099999904632568 1.3562962601978978e-15 22.149999618530273
v 6.96357536315918 -1.3020328283309937 22.149999618530273
v 6.559544563293457 -2.5540292263031006 22.149999618530273
v 5.020458221435547 -4.719230651855469 22.149999618530273
v 7.575812339782715 -2.949723720550537 18.850000381469727
v 6.818050861358643 -4.28233528137207 18.850000381469727
v 5.9034342765808105 -3.7078757286071777 22.149999618530273
v 5.5 1.393035784889461e-15 22.75
v 5.3943190574646 -1.0086169242858887 22.75
v 5.0813374519348145 -1.978473424911499 22.75
v 6.650000095367432 1.5951023765996709e-15 26.049999237060547
v 6.52222204208374 -1.2195096015930176 26.049999237060547
v 6.143798828125 -2.3921542167663574 26.049999237060547
v 4.57308292388916 -2.872298002243042 22.75
v 4.4712300300598145 -4.300000190734863 24.03258514404297
v 5.52927303314209 -3.472869396209717 26.049999237060547
v 4.57446813583374 -4.300000190734863 25.531396865844727
v 4.807136058807373 -4.300000190734863 26.049999237060547
v 5.02105196325029e-16 -7.7079997062683105 18.850000381469727
v 1.5997406244277954 -7.5598931312561035 18.850000381469727
v 4.347496128153999e-16 -6.673999786376953 22.149999618530273
v 1.3851412534713745 -6.545760631561279 22.149999618530273
v 3.1380040645599365 -7.12126350402832 18.850000381469727
v 2.717052459716797 -6.165971755981445 22.149999618530273
v 3.662953481638431e-16 -5.623133659362793 24.13329315185547
v 0.11771506816148758 -5.634256362915039 24.121885299682617
v 0.12218634784221649 -5.61466646194458 24.141979217529297
v 0.2165762484073639 -5.618521213531494 24.180423736572266
v 0.3298302888870239 -5.736405849456787 24.121885299682617
v 0.4173027575016022 -5.626718997955322 24.26218032836914
v 0.06188647449016571 -5.878857612609863 23.994049072265625
v 0.17340205609798431 -5.932560920715332 23.994049072265625
v 0.47661858797073364 -5.920472621917725 24.121885299682617
v 0.25057321786880493 -6.029330253601074 23.994049072265625
v 0.49990737438201904 -5.638337135314941 24.320993423461914
v 0.5447316765785217 -5.651772975921631 24.374677658081055
v 0.5892287492752075 -5.6651105880737305 24.42797088623047
v 0.6560091972351074 -5.83408260345459 24.320993423461914
v 0.7093902826309204 -5.7011284828186035 24.571884155273438
v 0.7711851000785828 -5.778616905212402 24.571884155273438
v 0.8021805882453918 -5.76369047164917 24.789093017578125
v 0.8160872459411621 -5.782354354858398 24.850000381469727
v 0.8143368363380432 -5.7895188331604 24.871376037597656
v 0.793313205242157 -5.875566482543945 25.128114700317383
v 0 -6.150000095367432 23.950000762939453
v 0.06188647449016571 -6.421142578125 23.994049072265625
v 0.17340205609798431 -6.367439270019531 23.994049072265625
v 0.27811530232429504 -6.150000095367432 23.994049072265625
v 0.25057321786880493 -6.270669937133789 23.994049072265625
v 0.47661858797073364 -6.379527568817139 24.121885299682617
v 0.11771506816148758 -6.665743350982666 24.121885299682617
v 0.3298302888870239 -6.563594341278076 24.121885299682617
v 0.4539724588394165 -6.719263553619385 24.320993423461914
v 0.5290067195892334 -6.150000095367432 24.121885299682617
v 0.7281153202056885 -6.150000095367432 24.320993423461914
v 0.6560091972351074 -6.465917587280273 24.320993423461914
v 0.8559508919715881 -6.150000095367432 24.571884155273438
v 0.8559508919715881 -6.150000095367432 25.128114700317383
v 0.8999999761581421 -6.150000095367432 24.850000381469727
v 0.7711851000785828 -6.521383285522461 24.571884155273438
v 0.810871958732605 -6.5404953956604 24.850000381469727
v 0.7711851000785828 -6.521383285522461 25.128114700317383
v 1.055588722229004 -5.742619037628174 24.796388626098633
v 1.2097784280776978 -5.7170491218566895 24.76190948486328
v 1.055588722229004 -6.099999904632568 24.796388626098633
v 0.16202089190483093 -6.859859943389893 24.320993423461914
v 0.1904669851064682 -6.984490394592285 24.571884155273438
v 0.20026883482933044 -7.027435302734375 24.850000381469727
v 0.1904669851064682 -6.984490394592285 25.128114700317383
v 0.5336766242980957 -6.819209575653076 24.571884155273438
v 0.5611408352851868 -6.8536481857299805 24.850000381469727
v 0.5336766242980957 -6.819209575653076 25.128114700317383
v 0.2697444260120392 -6.1133246421813965 25.705951690673828
v 0.32203230261802673 -6.09921932220459 25.677669525146484
v 0.5835176706314087 -6.014404773712158 25.492656707763672
v 0.6864933967590332 -5.967642307281494 25.37900733947754
v 0.5060837864875793 -6.049568176269531 25.578115463256836
v 0.7562352418899536 -5.907526969909668 25.21520233154297
v 0.018879102542996407 -6.150000095367432 25.74700927734375
v 0.004317185375839472 -6.152079105377197 25.74924087524414
v 0.0005794201861135662 -6.152538776397705 25.749588012695312
v 0.0019075634190812707 -6.1523919105529785 25.749515533447266
v 4.007845180727885e-16 -6.152589797973633 25.74957847595215
v 0.10299340635538101 -6.137702941894531 25.733243942260742
v 0.06188647449016571 -6.421142578125 25.705951690673828
v 0.17340205609798431 -6.367439270019531 25.705951690673828
v 0.27811530232429504 -6.150000095367432 25.705951690673828
v 0.25057321786880493 -6.270669937133789 25.705951690673828
v 0.47661858797073364 -6.379527568817139 25.578115463256836
v 0.11771506816148758 -6.665743350982666 25.578115463256836
v 0.4539724588394165 -6.719263553619385 25.37900733947754
v 0.3298302888870239 -6.563594341278076 25.578115463256836
v 4.0719504870606626e-16 -6.250999927520752 26.049999237060547
v 0.7281153202056885 -6.150000095367432 25.37900733947754
v 0.6560091972351074 -6.465917587280273 25.37900733947754
v 0.5290067195892334 -6.150000095367432 25.578115463256836
v 0.02759370766580105 -6.270895957946777 27.76963996887207
v 4.0865787460597444e-16 -6.27345609664917 27.770055770874023
v 0.09171528369188309 -6.265007495880127 27.773298263549805
v 0.21542657911777496 -6.253744125366211 27.787870407104492
v 0.06188647449016571 -6.421142578125 27.794048309326172
v 0.17340205609798431 -6.367439270019531 27.794048309326172
v 0.2552597224712372 -6.250136852264404 27.794048309326172
v 0.25057321786880493 -6.270669937133789 27.794048309326172
v 0.3571348190307617 -6.241369724273682 27.84493637084961
v 0.47661858797073364 -6.379527568817139 27.921884536743164
v 0.11771506816148758 -6.665743350982666 27.921884536743164
v 0.3298302888870239 -6.563594341278076 27.921884536743164
v 0.5111780762672424 -6.228112697601318 27.921884536743164
v 0.5588792562484741 -6.224308013916016 27.968717575073242
v 1.2805020809173584 -6.051267623901367 25.802175521850586
v 1.3198570013046265 -6.099999904632568 25.978164672851562
v 1.2973506450653076 -6.130888938903809 26.049999237060547
v 1.4056776762008667 -6.099999904632568 26.049999237060547
v 1.4245494604110718 -6.099999904632568 26.446338653564453
v 0.16202089190483093 -6.859859943389893 25.37900733947754
v 4.555675983428955 -6.408967971801758 18.850000381469727
v 5.798275470733643 -5.450378894805908 18.850000381469727
v 3.9445486068725586 -5.549228191375732 22.149999618530273
v 4.4712300300598145 -6.099999904632568 24.03258514404297
v 9.699999809265137 1.5308080694230923e-17 9.949999809265137
v 9.45680046081543 -2.1584529876708984 9.949999809265137
v 10.899999618530273 -3.2759303637525485e-16 5.550000190734863
v 10.626714706420898 -2.425478219985962 5.550000190734863
v 9.820560455322266 -4.72933292388916 5.550000190734863
v 8.739398002624512 -4.208672046661377 9.949999809265137
v 8.149999618530273 8.909305356248729e-16 14.550000190734863
v 7.9934000968933105 -1.4945869445800781 14.550000190734863
v 8.521963119506836 -6.796038627624512 5.550000190734863
v 8.199999809265137 1.154229668487688e-15 18.850000381469727
v 8.042439460754395 -1.5037561655044556 18.850000381469727
v 1.3071051836013794 6.176985740661621 29.649999618530273
v 1.1130623817443848 5.595742702484131 32.0562858581543
v 1.2252392768859863 6.159694194793701 32.47404861450195
v 1.2680871486663818 6.3751044273376465 33.150001525878906
v 2.563978910446167 5.818593502044678 29.649999618530273
v 2.403393268585205 5.802304744720459 32.47404861450195
v 2.4874422550201416 6.0052170753479 33.150001525878906
v 1.2252392768859863 6.159694194793701 33.82595443725586
v 1.1130623817443848 5.595742702484131 34.24371337890625
v 2.403393268585205 5.802304744720459 33.82595443725586
v -7.971270365514978e-16 4.339357376098633 32.72110366821289
v 0.2998574376106262 4.309721946716309 32.72141647338867
v 0.42392387986183167 4.297460079193115 32.72154998779297
v -7.715274774239863e-16 4.199999809265137 33.150001525878906
v 0.8465102910995483 4.25569486618042 32.72199249267578
v 0.8971560001373291 4.239689350128174 32.72389221191406
v 0.8193793296813965 4.119297981262207 33.150001525878906
v 1.1452282667160034 5.412003517150879 32.0562858581543
v 1.1384354829788208 4.1662445068359375 32.72464370727539
v 1.3118306398391724 4.113463401794434 32.725181579589844
v -6.980486927386559e-16 3.572000026702881 32.849998474121094
v 0.7413432002067566 3.5033650398254395 32.849998474121094
v 1.6599583625793457 4.00749397277832 32.72626495361328
v 1.7452373504638672 3.9605729579925537 32.729915618896484
v 1.935274600982666 3.8586442470550537 32.73087692260742
v 1.607270359992981 3.88029408454895 33.150001525878906
v 1.4541970491409302 3.300097703933716 32.849998474121094
v 3.722320556640625 5.236595630645752 29.649999618530273
v 2.1833503246307373 5.271074295043945 32.0562858581543
v 2.246445894241333 5.097996234893799 32.0562858581543
v 3.1697335243225098 4.743841171264648 32.0562858581543
v 3.26133394241333 4.588075160980225 32.0562858581543
v 3.4891862869262695 5.221936225891113 32.47404861450195
v 3.611206531524658 5.404552459716797 33.150001525878906
v 2.138773202896118 3.749495029449463 32.731903076171875
v 2.4086222648620605 3.6047582626342773 32.7332649230957
v 2.333395004272461 3.4921724796295166 33.150001525878906
v 2.504808187484741 3.5237877368927 32.73812484741211
v 2.1111669540405273 2.9700095653533936 32.849998474121094
v 2.6571779251098633 3.398308038711548 32.739158630371094
v 2.862027168273926 3.2296104431152344 32.74055099487305
v 3.063606023788452 3.063606023788452 32.741920471191406
v 3.147526741027832 2.9586751461029053 32.74716567993164
v 3.2740137577056885 2.8040168285369873 32.74821472167969
v 2.969848394393921 2.969848394393921 33.150001525878906
v 2.6870057582855225 2.525785446166992 32.849998474121094
v 3.4508259296417236 2.5878243446350098 32.74967575073242
v 3.5999908447265625 2.4054367542266846 32.750911712646484
v 3.6564459800720215 2.296569585800171 32.755645751953125
v 3.760699987411499 2.100848436355591 32.756629943847656
v 3.4921724796295166 2.333395004272461 33.150001525878906
v 3.1595845222473145 1.9844969511032104 32.849998474121094
v 3.8881945610046387 1.8614966869354248 32.757835388183594
v 3.5107421875 1.3669452667236328 32.849998474121094
v 3.88029408454895 1.607270359992981 33.150001525878906
v 3.7269840240478516 0.6968625783920288 32.849998474121094
v 0.9744040369987488 4.898660182952881 34.24371337890625
v -8.118729272511296e-16 4.419630527496338 33.82595443725586
v 0.8622271418571472 4.3347086906433105 33.82595443725586
v 0.9949606657028198 4.701884746551514 34.75
v 1.9113622903823853 4.614436626434326 34.24371337890625
v 1.9516855478286743 4.429078578948975 34.75
v 1.6913193464279175 4.0832061767578125 33.82595443725586
v 1.112014889717102 5.25504732131958 37.349998474121094
v 2.1833503246307373 5.271074295043945 34.24371337890625
v 2.7748680114746094 4.152883529663086 34.24371337890625
v 3.4891862869262695 5.221936225891113 33.82595443725586
v 3.1697335243225098 4.743841171264648 34.24371337890625
v 2.4554150104522705 3.674788475036621 33.82595443725586
v 2.8334081172943115 3.98606538772583 34.75
v 3.5317370891571045 3.5317370891571045 34.24371337890625
v 3.125150680541992 3.125150680541992 33.82595443725586
v 3.6062445640563965 3.3898699283599854 34.75
v 2.18129563331604 4.950146675109863 37.349998474121094
v 3.166750431060791 4.455014228820801 37.349998474121094
v 3.674788475036621 2.4554150104522705 33.82595443725586
v 4.737615585327148 4.4533586502075195 29.649999618530273
v 5.5708465576171875 3.498981237411499 29.649999618530273
v 4.440891742706299 4.440891742706299 32.47404861450195
v 4.596194267272949 4.596194267272949 33.150001525878906
v 4.034305572509766 4.034305572509766 32.0562858581543
v 4.129437446594238 3.918386936187744 32.0562858581543
v 4.150019645690918 3.9010186195373535 32.05985641479492
v 4.729729652404785 3.2289445400238037 32.07574462890625
v 4.739089012145996 3.2180938720703125 32.07600021362305
v 4.767289161682129 3.18540096282959 32.07677459716797
v 4.868868350982666 3.058077335357666 32.098358154296875
v 5.221936225891113 3.4891862869262695 32.47404861450195
v 5.404552459716797 3.611206531524658 33.150001525878906
v 3.997706651687622 1.6559042930603027 32.75886917114258
v 4.023610591888428 1.566636085510254 32.76234817504883
v 5.264669895172119 2.3535454273223877 32.11073303222656
v 5.312115669250488 2.2690916061401367 32.11221694946289
v 5.343443870544434 2.2133266925811768 32.113197326660156
v 5.4001288414001465 2.102598190307617 32.12933349609375
v 5.635814189910889 1.3633782863616943 32.1373291015625
v 5.802304744720459 2.403393268585205 32.47404861450195
v 4.098640441894531 1.3184385299682617 32.76311492919922
v 4.169025421142578 1.0856069326400757 32.76383972167969
v 4.242120742797852 0.8438102602958679 32.76458740234375
v 4.246448040008545 0.7939907312393188 32.76637268066406
v 4.119297981262207 0.8193793296813965 33.150001525878906
v 4.276388645172119 0.4889412522315979 32.76668930053711
v 4.295959949493408 0.28954529762268066 32.76689910888672
v 5.675508975982666 1.2388778924942017 32.138675689697266
v 5.708473205566406 1.1354858875274658 32.139793395996094
v 5.726376533508301 1.070704460144043 32.14816665649414
v 5.808440208435059 0.2779642343521118 32.15106201171875
v 5.819735050201416 0.1688539683818817 32.151458740234375
v 6.189992904663086 2.4101402759552 29.649999618530273
v 6.583733558654785 1.0726169347763062 29.370664596557617
v 6.585307598114014 0.9803057312965393 28.787593841552734
v 6.585482120513916 0.9700596332550049 28.722875595092773
v 6.617736339569092 0.6039003133773804 28.28285026550293
v 6.620856761932373 0.5684731006622314 28.240276336669922
v 6.6291584968566895 0.48595330119132996 28.21546173095703
v 6.6749420166015625 0.030854107812047005 28.078609466552734
v 6.571261405944824 1.228678822517395 29.649999618530273
v 6.587548732757568 1.0463489294052124 29.447200775146484
v 6.597658634185791 0.9767456650733948 29.649999618530273
v 6.502153396606445 0.8696662783622742 29.959501266479492
v 6.490272045135498 0.809219479560852 30.0123233795166
v 6.4125237464904785 0.4136700928211212 30.35798454284668
v 6.414585590362549 0.3294917643070221 30.377582550048828
v 6.0052170753479 2.4874422550201416 33.150001525878906
v 6.159694194793701 1.2252392768859863 32.47404861450195
v 6.3751044273376465 1.2680871486663818 33.150001525878906
v 4.440891742706299 4.440891742706299 33.82595443725586
v 4.034305572509766 4.034305572509766 34.24371337890625
v 4.152883529663086 2.7748680114746094 34.24371337890625
v 4.743841171264648 3.1697335243225098 34.24371337890625
v 5.221936225891113 3.4891862869262695 33.82595443725586
v 4.030508518218994 3.788677930831909 37.349998474121094
v 4.739377021789551 2.976745367050171 37.349998474121094
v 4.240495204925537 2.6634035110473633 34.75
v 4.095226764678955 1.5945205688476562 33.774627685546875
v 4.0832061767578125 1.6913193464279175 33.82595443725586
v 4.087087631225586 1.6785234212875366 33.82595443725586
v 4.144187927246094 1.613584041595459 33.85208511352539
v 4.614436626434326 1.9113622903823853 34.24371337890625
v 4.711785793304443 1.8345844745635986 34.75
v 5.271074295043945 2.1833503246307373 34.24371337890625
v 5.802304744720459 2.403393268585205 33.82595443725586
v 4.218867778778076 1.1619610786437988 33.75221252441406
v 4.307328224182129 1.1363540887832642 33.86492156982422
v 4.277936935424805 0.9553083181381226 33.74150466918945
v 4.30616569519043 0.8565495610237122 33.736385345458984
v 4.396814823150635 0.8745808601379395 33.8719596862793
v 4.301464557647705 0.8042775988578796 33.70607376098633
v 4.4235310554504395 0.8271012902259827 33.88797378540039
v 4.434036731719971 0.7324494123458862 33.888832092285156
v 4.898660182952881 0.9744040369987488 34.24371337890625
v 4.340323448181152 0.38556742668151855 33.69874572753906
v 4.361349582672119 0.1590040624141693 33.69478225708008
v 4.4804301261901855 0.31445732712745667 33.89262771606445
v 5.002005100250244 0.9352630376815796 34.75
v 5.595742702484131 1.1130623817443848 34.24371337890625
v 5.26611328125 2.050417900085449 37.349998474121094
v 5.590476036071777 1.0452940464019775 37.349998474121094
v 6.159694194793701 1.2252392768859863 33.82595443725586
v 6.5 5.5 42.25
v 6.5 5.5 43.849998474121094
v 1.072996735572815 5.07066011428833 40.25
v 5.902797379474256e-16 4.820000171661377 43.849998474121094
v 5.902797379474256e-16 4.820000171661377 44.775001525878906
v 5.7262863011783e-16 4.675868034362793 44.775001525878906
v 1.072550892829895 4.69915246963501 43.849998474121094
v 1.072550892829895 4.69915246963501 44.775001525878906
v 1.0404784679412842 4.558634281158447 44.775001525878906
v -6.973684194028923e-16 3.568519115447998 42.25
v 0.7406207323074341 3.499950885772705 42.25
v 1.4527798891067505 3.296881675720215 42.25
v 2.1047589778900146 4.7764573097229 40.25
v 3.055636167526245 4.2986979484558105 40.25
v 3.889087200164795 3.6557419300079346 40.25
v 2.0913195610046387 4.34266996383667 43.849998474121094
v 2.0913195610046387 4.34266996383667 44.775001525878906
v 2.028783082962036 4.212811470031738 44.775001525878906
v 2.109109401702881 2.9671149253845215 42.25
v 2.915355920791626 3.655740737915039 44.775001525878906
v 3.005220890045166 3.768427848815918 43.849998474121094
v 3.005220890045166 3.768427848815918 44.775001525878906
v 3.768427848815918 3.005220890045166 43.849998474121094
v 3.655740737915039 2.915355920791626 44.775001525878906
v 3.768427848815918 3.005220890045166 44.775001525878906
v 2.4683072566986084 2.690016269683838 42.25
v 2.68438720703125 2.5233240127563477 42.25
v 2.979172945022583 2.185678005218506 42.25
v 3.1565053462982178 1.9825628995895386 42.25
v 3.5073208808898926 1.3656131029129028 42.25
v 3.7233519554138184 0.6961835026741028 42.25
v 5.388446151374739e-16 4.400000095367432 50.45000076293945
v 0.9790921211242676 4.289682865142822 50.45000076293945
v 1.9090884923934937 3.9642629623413086 50.45000076293945
v 2.7433550357818604 3.440058469772339 50.45000076293945
v 3.440058469772339 2.7433550357818604 50.45000076293945
v 4.57308292388916 2.872298002243042 40.25
v 5.0813374519348145 1.978473424911499 40.25
v 5.3943190574646 1.0086169242858887 40.25
v 4.34266996383667 2.0913195610046387 43.849998474121094
v 4.34266996383667 2.0913195610046387 44.775001525878906
v 4.212811470031738 2.028783082962036 44.775001525878906
v 4.69915246963501 1.072550892829895 43.849998474121094
v 4.558634281158447 1.0404784679412842 44.775001525878906
v 4.69915246963501 1.072550892829895 44.775001525878906
v 3.9642629623413086 1.9090884923934937 50.45000076293945
v 4.289682865142822 0.9790921211242676 50.45000076293945
v 12.569367408752441 0.17643894255161285 31.258493423461914
v 12.578042984008789 0.17775863409042358 31.26526641845703
v 12.604483604431152 0.1817808300256729 31.28590965270996
v 12.716827392578125 0.19887058436870575 31.373620986938477
v 12.8331880569458 0.21585068106651306 31.624284744262695
v 12.91227912902832 0.19990302622318268 31.62045669555664
v 13.249958992004395 0.13181421160697937 31.604106903076172
v 13.258027076721191 0.12914203107357025 31.605518341064453
v 13.190075874328613 0.007715602871030569 31.84157371520996
v 13.138731002807617 0.21705836057662964 32.0075798034668
v 13.28856086730957 0.12695899605751038 31.62079620361328
v 13.291686058044434 0.11799411475658417 31.611400604248047
v 13.284100532531738 0.10976120829582214 31.628583908081055
v 12.978524208068848 0.08822759985923767 32.378936767578125
v 15.214859962463379 0.1651257425546646 29.367910385131836
v 15.20052433013916 0.42924341559410095 29.453842163085938
v 15.281478881835938 0.6057978272438049 29.652896881103516
v 15.426803588867188 0.6273513436317444 29.889041900634766
v 15.580987930297852 0.48567110300064087 30.07207679748535
v 15.449999809265137 0.19999998807907104 29.75
v 15.685139656066895 0.23487423360347748 30.132089614868164
v 3.799999952316284 2.01148217412973e-15 32.849998474121094
v 3.7269840240478516 -0.6968625783920288 32.849998474121094
v 2.6870057582855225 -2.525785446166992 32.849998474121094
v 3.1595845222473145 -1.9844969511032104 32.849998474121094
v 3.5107421875 -1.3669452667236328 32.849998474121094
v 3.8355069160461426 -1.9604099988937378 32.7573356628418
v 3.81180477142334 -2.0049073696136475 32.75711441040039
v 3.88029408454895 -1.607270359992981 33.150001525878906
v 3.377483606338501 -2.677501678466797 32.74906921386719
v 3.387883424758911 -2.664785385131836 32.7491569519043
v 3.6564459800720215 -2.296569585800171 32.755645751953125
v 3.5999908447265625 -2.4054367542266846 32.750911712646484
v 3.4921724796295166 -2.333395004272461 33.150001525878906
v 2.326828887562921e-16 -3.572000026702881 32.849998474121094
v 0.7413432002067566 -3.5033650398254395 32.849998474121094
v 1.4541970491409302 -3.300097703933716 32.849998474121094
v 1.6599583625793457 -4.00749397277832 32.72626495361328
v 1.7452373504638672 -3.9605729579925537 32.729915618896484
v 1.607270359992981 -3.88029408454895 33.150001525878906
v 2.657090210070925e-16 -4.339357376098633 32.72110366821289
v 0.4759266674518585 -4.292320728302002 32.72160339355469
v 2.5717582580799545e-16 -4.199999809265137 33.150001525878906
v 0.546359121799469 -4.2853593826293945 32.721675872802734
v 0.8465102910995483 -4.25569486618042 32.72199249267578
v 0.8971560001373291 -4.239689350128174 32.72389221191406
v 0.8193793296813965 -4.119297981262207 33.150001525878906
v 1.1452282667160034 -5.412003517150879 32.0562858581543
v 1.340021014213562 -4.10488224029541 32.72526931762695
v 1.3671493530273438 -4.096624374389648 32.7253532409668
v 2.1111669540405273 -2.9700095653533936 32.849998474121094
v 2.813377618789673 -3.26967453956604 32.7402229309082
v 2.4086222648620605 -3.6047582626342773 32.7332649230957
v 2.131918430328369 -3.753171682357788 32.731868743896484
v 2.1286396980285645 -3.754930257797241 32.73185348510742
v 2.333395004272461 -3.4921724796295166 33.150001525878906
v 2.504808187484741 -3.5237877368927 32.73812484741211
v 3.063606023788452 -3.063606023788452 32.741920471191406
v 3.147526741027832 -2.9586751461029053 32.74716567993164
v 2.969848394393921 -2.969848394393921 33.150001525878906
v 2.246445894241333 -5.097996234893799 32.0562858581543
v 2.1833503246307373 -5.271074295043945 32.0562858581543
v 2.6790428161621094 -4.880641937255859 32.0562858581543
v 2.6790428161621094 -5.0061211585998535 32.0562858581543
v 2.5634615421295166 -5.127767086029053 31.539419174194336
v 2.7172372341156006 -5.250984191894531 32.22708511352539
v 3.6347601413726807 -4.300000190734863 32.0562858581543
v 3.7105555534362793 -4.300000190734863 32.0562858581543
v 3.674788475036621 -2.4554150104522705 33.82595443725586
v 1.6913193464279175 -4.0832061767578125 33.82595443725586
v 2.706243267302296e-16 -4.419630527496338 33.82595443725586
v 0.8622271418571472 -4.3347086906433105 33.82595443725586
v 3.058329187789695e-16 -4.994630336761475 34.24371337890625
v 3.122849275568831e-16 -4.793999671936035 34.75
v 0.9744040369987488 -4.898660182952881 34.24371337890625
v 0.9949606657028198 -4.701884746551514 34.75
v 1.9113622903823853 -4.614436626434326 34.24371337890625
v 1.9516855478286743 -4.429078578948975 34.75
v 3.4177059443705853e-16 -5.246644496917725 36.8366584777832
v 0.18497787415981293 -5.236018180847168 36.86661911010742
v 0.34829312562942505 -5.2266364097595215 36.89307403564453
v 0.6528733968734741 -5.237237453460693 37.07193374633789
v 0.8710649609565735 -5.276723861694336 37.34708786010742
v 0.8719807863235474 -5.277270317077637 37.349998474121094
v 1.2368589501022067e-16 -5.260112285614014 38.85997009277344
v 0.34788447618484497 -5.231415748596191 38.80580520629883
v 0.8854084014892578 -5.210474014282227 38.36119079589844
v 0.6102607846260071 -5.216672897338867 38.658512115478516
v 0.6565964221954346 -5.214069366455078 38.63249969482422
v 1.112014889717102 -5.25504732131958 37.349998474121094
v 0.9984571933746338 -5.244560241699219 37.67394256591797
v 0.9930791258811951 -5.245951175689697 37.6601676940918
v 1.0042247772216797 -5.221133708953857 38.027069091796875
v 1.322013258934021 -5.073872089385986 39.149139404296875
v 1.4391660690307617 -5.054051399230957 38.94763946533203
v 1.4177836179733276 -5.058779716491699 38.96794128417969
v 1.3531442880630493 -5.068966388702393 39.090240478515625
v 1.2818132638931274 -5.25 39.149139404296875
v 1.3741389513015747 -5.25 38.96794128417969
v 1.5596767663955688 -5.025701999664307 38.85844039916992
v 1.5557754039764404 -5.084230422973633 38.82413864135742
v 1.61265230178833 -5.012908935546875 38.82413864135742
v 1.6186621189117432 -5.011325836181641 38.82219696044922
v 1.67408287525177 -4.996728897094727 38.8043098449707
v 1.693867564201355 -4.991518020629883 38.79792404174805
v 1.476133942604065 -5.045876979827881 38.91253662109375
v 1.8322032690048218 -4.952962875366211 38.78470993041992
v 1.799181580543518 -4.9621663093566895 38.787864685058594
v 1.774765133857727 -5.092960357666016 38.7318115234375
v 1.85530424118042 -5.054174900054932 38.7318115234375
v 1.9446958303451538 -5.054174900054932 38.7318115234375
v 1.517939567565918 -5.25 38.82413864135742
v 1.719030499458313 -5.162849426269531 38.7318115234375
v 1.6991389989852905 -5.25 38.7318115234375
v 1.5557754039764404 -5.415769577026367 38.82413864135742
v 1.719030499458313 -5.337150573730469 38.7318115234375
v 1.899999976158142 -5.25 38.70000076293945
v 1.774765133857727 -5.407039642333984 38.7318115234375
v 1.85530424118042 -5.445825099945068 38.7318115234375
v 1.9446958303451538 -5.445825099945068 38.7318115234375
v 2.4554150104522705 -3.674788475036621 33.82595443725586
v 2.8334081172943115 -3.98606538772583 34.75
v 3.125150680541992 -3.125150680541992 33.82595443725586
v 3.6062445640563965 -3.3898699283599854 34.75
v 3.5317370891571045 -3.5317370891571045 34.24371337890625
v 2.7748680114746094 -4.152883529663086 34.24371337890625
v 2.1833503246307373 -5.271074295043945 34.24371337890625
v 3.1697335243225098 -4.743841171264648 34.24371337890625
v 3.128770112991333 -5.039558410644531 34.067413330078125
v 3.3408043384552 -4.999866962432861 34.019996643066406
v 3.074775218963623 -5.443443775177002 33.82595443725586
v 3.651677370071411 -4.867923259735107 33.95048141479492
v 2.18129563331604 -4.950146675109863 37.349998474121094
v 2.285433053970337 -4.766682147979736 39.149139404296875
v 2.2847201824188232 -4.766603946685791 39.148658752441406
v 2.284954071044922 -4.766451358795166 39.149139404296875
v 2.0231165885925293 -4.895866394042969 38.82413864135742
v 1.9776055812835693 -4.909987926483154 38.80717086791992
v 2.0252346992492676 -5.092960357666016 38.7318115234375
v 2.1382107734680176 -4.951292991638184 38.82413864135742
v 2.1490349769592285 -4.851412773132324 38.921260833740234
v 2.196897268295288 -4.823949813842773 38.96794128417969
v 2.1400580406188965 -4.856563568115234 38.912506103515625
v 2.2442245483398438 -5.084230422973633 38.82413864135742
v 2.2278690338134766 -4.838865280151367 38.96794128417969
v 2.373784303665161 -5.02183723449707 38.96794128417969
v 2.4569671154022217 -4.981778621673584 39.149139404296875
v 2.0809695720672607 -5.162849426269531 38.7318115234375
v 2.100861072540283 -5.25 38.7318115234375
v 2.0809695720672607 -5.337150573730469 38.7318115234375
v 2.0252346992492676 -5.407039642333984 38.7318115234375
v 2.282060384750366 -5.25 38.82413864135742
v 2.2442245483398438 -5.415769577026367 38.82413864135742
v 2.425861120223999 -5.25 38.96794128417969
v 2.5181868076324463 -5.25 39.149139404296875
v 3.166750431060791 -4.455014228820801 37.349998474121094
v 4.324378967285156 1.921413772716391e-15 32.7672004699707
v 4.289544582366943 -0.3549056947231293 32.76683044433594
v 4.274978160858154 -0.5033128261566162 32.76667404174805
v 4.199999809265137 2.0298522011733076e-15 33.150001525878906
v 4.246448040008545 -0.7939907312393188 32.76637268066406
v 4.242120742797852 -0.8438102602958679 32.76458740234375
v 4.140094757080078 -1.181309461593628 32.76354217529297
v 4.1120924949646 -1.2739405632019043 32.76325607299805
v 4.119297981262207 -0.8193793296813965 33.150001525878906
v 5.837214469909668 1.9687468208419087e-15 32.152076721191406
v 5.747539043426514 -0.8662725687026978 32.1489143371582
v 5.7439775466918945 -0.9006786346435547 32.14878845214844
v 5.726376533508301 -1.070704460144043 32.14816665649414
v 5.708473205566406 -1.1354858875274658 32.139793395996094
v 4.023610591888428 -1.5666362047195435 32.76234817504883
v 3.997706651687622 -1.6559042930603027 32.75886917114258
v 5.4546027183532715 -1.9317423105239868 32.13117980957031
v 5.428499698638916 -2.0136141777038574 32.13029479980469
v 5.4001288414001465 -2.102598190307617 32.12933349609375
v 5.343443870544434 -2.2133266925811768 32.113197326660156
v 5.802304744720459 -2.403393268585205 32.47404861450195
v 6.678046226501465 1.7187508698113143e-15 28.069332122802734
v 6.675686359405518 -0.021374531090259552 28.060680389404297
v 6.619670867919922 -0.5702506899833679 28.168283462524414
v 6.614050388336182 -0.6253224611282349 28.179080963134766
v 6.600330829620361 -0.775062084197998 28.320913314819336
v 6.576236248016357 -1.038039207458496 28.570003509521484
v 6.571902751922607 -1.085336685180664 28.614803314208984
v 6.563501358032227 -1.2272279262542725 29.08032989501953
v 6.556379318237305 -1.2529973983764648 29.162992477416992
v 6.550012588500977 -1.276033878326416 29.23689079284668
v 6.4226555824279785 1.8647879261265467e-15 30.45429801940918
v 6.394728183746338 -0.2875996530056 30.447898864746094
v 6.393404483795166 -0.17882665991783142 30.48478889465332
v 6.394413471221924 -0.26173698902130127 30.456668853759766
v 6.5691237449646 -1.2282791137695312 29.493080139160156
v 6.572507381439209 -1.2092368602752686 29.593034744262695
v 6.574435710906982 -1.1983846426010132 29.649999618530273
v 6.571261405944824 -1.228678822517395 29.649999618530273
v 6.5083489418029785 -1.1518181562423706 29.85580062866211
v 6.533609867095947 -1.1696176528930664 29.777135848999023
v 6.4157843589782715 -0.8064707517623901 30.22917366027832
v 6.400340557098389 -0.7488507628440857 30.29146957397461
v 6.189992904663086 -2.4101402759552 29.649999618530273
v 6.280369758605957 1.838370239051106e-15 32.47404861450195
v 6.5 2.0298522011733076e-15 33.150001525878906
v 6.159694194793701 -1.2252392768859863 32.47404861450195
v 6.3751044273376465 -1.2680871486663818 33.150001525878906
v 6.0052170753479 -2.4874422550201416 33.150001525878906
v 5.5708465576171875 -3.498981237411499 29.649999618530273
v 4.871507167816162 -4.300000190734863 29.649999618530273
v 4.57446813583374 -4.300000190734863 30.319101333618164
v 4.5632710456848145 -4.300000190734863 30.339801788330078
v 4.868868350982666 -3.058077335357666 32.098358154296875
v 4.767289161682129 -3.18540096282959 32.07677459716797
v 4.828948020935059 -3.1081151962280273 32.08987808227539
v 4.288827419281006 -3.7400951385498047 32.06365966796875
v 4.150019645690918 -3.9010186195373535 32.05985641479492
v 4.034305572509766 -4.034305572509766 32.0562858581543
v 4.129437446594238 -3.9183871746063232 32.0562858581543
v 4.963808059692383 -2.8890833854675293 32.10132598876953
v 5.221936225891113 -3.4891862869262695 32.47404861450195
v 5.404552459716797 -3.611206531524658 33.150001525878906
v 4.300000190734863 -4.300000190734863 32.32928466796875
v 4.5565185546875 -4.300000190734863 32.47404861450195
v 4.8392744064331055 -4.300000190734863 33.150001525878906
v 6.5444111824035645 -4.300000190734863 33.303611755371094
v 4.376106262207031 2.1833881460497006e-15 33.69200134277344
v 4.337306976318359 -0.4180707335472107 33.69931411743164
v 4.5153326988220215 2.075499865492026e-15 33.895484924316406
v 4.497705459594727 -0.15881405770778656 33.89404296875
v 4.458466529846191 -0.5123435258865356 33.890830993652344
v 4.301464557647705 -0.8042775988578796 33.70607376098633
v 4.310479164123535 -0.7071423530578613 33.70437240600586
v 4.4235310554504395 -0.8271012902259827 33.88797378540039
v 4.30616569519043 -0.8565495610237122 33.736385345458984
v 4.396814823150635 -0.8745808601379395 33.8719596862793
v 4.363773345947266 -0.9712362289428711 33.869361877441406
v 4.196699619293213 -1.2395159006118774 33.75623321533203
v 4.250725746154785 -1.3019311428070068 33.86046600341797
v 4.898660182952881 -0.9744040369987488 34.24371337890625
v 4.994630336761475 2.339676100971723e-15 34.24371337890625
v 5.099999904632568 2.1278238435010026e-15 34.75
v 5.705369472503662 2.339676100971723e-15 34.24371337890625
v 5.002005100250244 -0.9352630376815796 34.75
v 5.595742702484131 -1.1130623817443848 34.24371337890625
v 4.095226287841797 -1.5945204496383667 33.774627685546875
v 4.144187927246094 -1.6135841608047485 33.85208511352539
v 4.087087631225586 -1.678523302078247 33.82595443725586
v 4.0832061767578125 -1.6913193464279175 33.82595443725586
v 4.614436626434326 -1.9113622903823853 34.24371337890625
v 4.711785793304443 -1.8345844745635986 34.75
v 4.240495204925537 -2.6634035110473633 34.75
v 5.271074295043945 -2.1833503246307373 34.24371337890625
v 5.802304744720459 -2.403393268585205 33.82595443725586
v 5.699999809265137 2.2870277093439478e-15 37.349998474121094
v 5.590476036071777 -1.0452940464019775 37.349998474121094
v 5.26611328125 -2.050417900085449 37.349998474121094
v 6.280369758605957 2.2213341632955092e-15 33.82595443725586
v 6.159694194793701 -1.2252392768859863 33.82595443725586
v 4.152883529663086 -2.7748680114746094 34.24371337890625
v 4.743841171264648 -3.1697335243225098 34.24371337890625
v 4.034305572509766 -4.034305572509766 34.24371337890625
v 5.221936225891113 -3.4891862869262695 33.82595443725586
v 4.2085490226745605 -4.631570339202881 33.82595443725586
v 4.592426776885986 -4.300000190734863 33.7401123046875
v 4.453475475311279 -4.453475475311279 33.771183013916016
v 4.440891742706299 -4.440891742706299 33.82595443725586
v 4.739377021789551 -2.976745367050171 37.349998474121094
v 4.030508518218994 -3.788677930831909 37.349998474121094
v 0.4539724588394165 -6.719263553619385 28.12099266052246
v 0.47661858797073364 -6.379527568817139 29.378114700317383
v 0.11771506816148758 -6.665743350982666 29.378114700317383
v 0.3298302888870239 -6.563594341278076 29.378114700317383
v 0.4539724588394165 -6.719263553619385 29.179006576538086
v 0.5936056971549988 -6.221538066864014 28.002811431884766
v 0.7139787673950195 -6.2119364738464355 28.12099266052246
v 0.7351329326629639 -6.210511684417725 28.16187286376953
v 0.6560091972351074 -6.465917587280273 28.12099266052246
v 0.8438102006912231 -6.203191757202148 28.371885299682617
v 0.8498175740242004 -6.203129768371582 28.409725189208984
v 0.8879635334014893 -6.20273494720459 28.649999618530273
v 0.8813124895095825 -6.2038774490356445 28.690345764160156
v 0.7711851000785828 -6.521383285522461 28.371885299682617
v 0.810871958732605 -6.5404953956604 28.649999618530273
v 0.5067450404167175 -6.24753475189209 29.378114700317383
v 0.7107579708099365 -6.226047515869141 29.179006576538086
v 0.6361826062202454 -6.2339019775390625 29.251789093017578
v 0.6560091972351074 -6.465917587280273 29.179006576538086
v 0.8421169519424438 -6.210610389709473 28.928115844726562
v 0.8156202435493469 -6.213724613189697 28.978723526000977
v 0.7711851000785828 -6.521383285522461 28.928115844726562
v 4.101514054502206e-16 -6.296383857727051 29.52621841430664
v 0.0327211432158947 -6.293360710144043 29.526710510253906
v 0.04467545822262764 -6.292245388031006 29.526029586791992
v 0.1086738184094429 -6.2862725257873535 29.52239418029785
v 4.1025667576369653e-16 -6.297999858856201 29.649999618530273
v 0.06188647449016571 -6.421142578125 29.505950927734375
v 0.17340205609798431 -6.367439270019531 29.505950927734375
v 0.25444358587265015 -6.272533893585205 29.503761291503906
v 0.2486351877450943 -6.27310037612915 29.505950927734375
v 1.3071051836013794 -6.176985740661621 29.649999618530273
v 0.16202089190483093 -6.859859943389893 28.12099266052246
v 0.1904669851064682 -6.984490394592285 28.371885299682617
v 0.20026883482933044 -7.027435302734375 28.649999618530273
v 0.1904669851064682 -6.984490394592285 28.928115844726562
v 0.16202089190483093 -6.859859943389893 29.179006576538086
v 0.5336766242980957 -6.819209575653076 28.371885299682617
v 0.5611408352851868 -6.8536481857299805 28.649999618530273
v 0.5336766242980957 -6.819209575653076 28.928115844726562
v 3.594489132000846e-16 -5.518031120300293 32.0562858581543
v 3.493531275017606e-16 -5.705369472503662 32.0562858581543
v 3.845617195505005e-16 -6.280369758605957 32.47404861450195
v 3.9801022047273465e-16 -6.5 33.150001525878906
v 1.1130623817443848 -5.595742702484131 32.0562858581543
v 1.2252392768859863 -6.159694194793701 32.47404861450195
v 1.2680871486663818 -6.3751044273376465 33.150001525878906
v 2.1409504413604736 -5.939218044281006 29.649999618530273
v 2.4069879055023193 -5.462324142456055 30.83968734741211
v 2.403393268585205 -5.802304744720459 32.47404861450195
v 2.772462844848633 -5.605032920837402 32.47404861450195
v 2.923619031906128 -5.772075653076172 33.150001525878906
v 2.4874422550201416 -6.0052170753479 33.150001525878906
v 3.493531275017606e-16 -5.705369472503662 34.24371337890625
v 3.845617195505005e-16 -6.280369758605957 33.82595443725586
v 1.1130623817443848 -5.595742702484131 34.24371337890625
v 1.2252392768859863 -6.159694194793701 33.82595443725586
v 1.343032956123352 -5.518221378326416 39.149139404296875
v 1.4262155294418335 -5.47816276550293 38.96794128417969
v 1.6617891788482666 -5.548707008361816 38.82413864135742
v 1.5721310377120972 -5.661134719848633 38.96794128417969
v 1.5145668983459473 -5.733317852020264 39.149139404296875
v 1.814983606338501 -5.622481346130371 38.82413864135742
v 1.7829848527908325 -5.76267671585083 38.96794128417969
v 1.76244056224823 -5.852687358856201 39.149139404296875
v 2.403393268585205 -5.802304744720459 33.82595443725586
v 3.128770112991333 -6.099999904632568 34.067413330078125
v 2.1382107734680176 -5.548707008361816 38.82413864135742
v 1.9850164651870728 -5.622481346130371 38.82413864135742
v 2.017014980316162 -5.76267671585083 38.96794128417969
v 2.373784303665161 -5.47816276550293 38.96794128417969
v 2.4569671154022217 -5.518221378326416 39.149139404296875
v 2.2278690338134766 -5.661134719848633 38.96794128417969
v 2.285433053970337 -5.733317852020264 39.149139404296875
v 2.0375595092773438 -5.852687358856201 39.149139404296875
v 0 -9.300000190734863 37.849998474121094
v 6.5444111824035645 -6.099999904632568 33.303611755371094
v 3.7962968349456787 2.587066261019208e-15 42.25
v 3.7233519554138184 -0.6961835026741028 42.25
v 2.8617196083068848 -2.320208787918091 42.25
v 2.68438720703125 -2.5233240127563477 42.25
v 3.1565053462982178 -1.9825628995895386 42.25
v 3.5073208808898926 -1.3656131029129028 42.25
v 3.3677786460858646e-16 -5.170000076293945 40.25
v 1.3024961948394775 -5.070834636688232 39.27674102783203
v 1.291291356086731 -5.069090843200684 39.349998474121094
v 1.3189678192138672 -5.0511603355407715 39.498905181884766
v 1.3286250829696655 -5.044903755187988 39.55086135864258
v 1.3355048894882202 -5.042115688323975 39.563114166259766
v 1.4076322317123413 -5.012887954711914 39.69157791137695
v 1.4437392950057983 -4.999863147735596 39.732059478759766
v 1.4262155294418335 -5.02183723449707 39.732059478759766
v 1.25 -5.25 39.349998474121094
v 1.2818132638931274 -5.25 39.55086135864258
v 1.3741389513015747 -5.25 39.732059478759766
v 1.072996735572815 -5.07066011428833 40.25
v 1.647643804550171 -4.9335551261901855 39.85317611694336
v 1.5557754039764404 -5.084230422973633 39.87586212158203
v 1.6617891788482666 -4.951292991638184 39.87586212158203
v 1.7804125547409058 -4.894166946411133 39.87586212158203
v 1.8387984037399292 -4.877518653869629 39.87586212158203
v 1.816392183303833 -4.883690357208252 39.87908935546875
v 1.517939567565918 -5.25 39.87586212158203
v 1.5557754039764404 -5.415769577026367 39.87586212158203
v 1.774765133857727 -5.092960357666016 39.96818542480469
v 1.85530424118042 -5.054174900054932 39.96818542480469
v 1.9446958303451538 -5.054174900054932 39.96818542480469
v 1.719030499458313 -5.162849426269531 39.96818542480469
v 1.6991389989852905 -5.25 39.96818542480469
v 1.719030499458313 -5.337150573730469 39.96818542480469
v 1.899999976158142 -5.25 40
v 1.774765133857727 -5.407039642333984 39.96818542480469
v 1.85530424118042 -5.445825099945068 39.96818542480469
v 1.9446958303451538 -5.445825099945068 39.96818542480469
v 2.3245612215444435e-16 -3.568519115447998 42.25
v 0.7406207323074341 -3.499950885772705 42.25
v 1.4527798891067505 -3.296881675720215 42.25
v 0 -4.675868034362793 44.775001525878906
v 0 -4.820000171661377 43.849998474121094
v 0 -4.820000171661377 44.775001525878906
v 1.072550892829895 -4.69915246963501 43.849998474121094
v 1.0404784679412842 -4.558634281158447 44.775001525878906
v 1.072550892829895 -4.69915246963501 44.775001525878906
v 3.889087200164795 -3.6557419300079346 40.25
v 2.3050060272216797 -4.741683006286621 39.349998474121094
v 2.3049848079681396 -4.741709232330322 39.34978485107422
v 2.3052682876586914 -4.741809368133545 39.349998474121094
v 2.2602996826171875 -4.750985145568848 39.5298957824707
v 2.255089521408081 -4.752069473266602 39.55086135864258
v 2.285433053970337 -4.766682147979736 39.55086135864258
v 1.994494080543518 -4.835994243621826 39.83327102661133
v 2.063514232635498 -4.8194169998168945 39.7872314453125
v 1.9850164651870728 -4.877518653869629 39.87586212158203
v 2.1179301738739014 -4.806347846984863 39.75093460083008
v 2.1400914192199707 -4.79659366607666 39.732059478759766
v 2.17315411567688 -4.783792972564697 39.679962158203125
v 2.1382107734680176 -4.951292991638184 39.87586212158203
v 2.4569671154022217 -4.981778621673584 39.55086135864258
v 2.2278690338134766 -4.838865280151367 39.732059478759766
v 2.2442245483398438 -5.084230422973633 39.87586212158203
v 2.373784303665161 -5.02183723449707 39.732059478759766
v 2.282060384750366 -5.25 39.87586212158203
v 2.425861120223999 -5.25 39.732059478759766
v 2.2442245483398438 -5.415769577026367 39.87586212158203
v 2.1047589778900146 -4.7764573097229 40.25
v 2.0252346992492676 -5.092960357666016 39.96818542480469
v 2.0809695720672607 -5.162849426269531 39.96818542480469
v 2.100861072540283 -5.25 39.96818542480469
v 2.0809695720672607 -5.337150573730469 39.96818542480469
v 2.0252346992492676 -5.407039642333984 39.96818542480469
v 2.4856297969818115 -4.967975616455078 39.349998474121094
v 2.549999952316284 -5.25 39.349998474121094
v 2.5181868076324463 -5.25 39.55086135864258
v 3.055636167526245 -4.2986979484558105 40.25
v 2.109109401702881 -2.9671149253845215 42.25
v 2.3251895904541016 -2.8004226684570312 42.25
v 2.915355920791626 -3.655740737915039 44.775001525878906
v 3.768427848815918 -3.005220890045166 43.849998474121094
v 3.655740737915039 -2.915355920791626 44.775001525878906
v 3.768427848815918 -3.005220890045166 44.775001525878906
v 3.005220890045166 -3.768427848815918 43.849998474121094
v 3.005220890045166 -3.768427848815918 44.775001525878906
v 2.0913195610046387 -4.34266996383667 43.849998474121094
v 2.028783082962036 -4.212811470031738 44.775001525878906
v 2.0913195610046387 -4.34266996383667 44.775001525878906
v 0 3.089171510283796e-15 50.45000076293945
v 1.9090884923934937 -3.9642629623413086 50.45000076293945
v 0 -4.400000095367432 50.45000076293945
v 0.9790921211242676 -4.289682865142822 50.45000076293945
v 2.7433550357818604 -3.440058469772339 50.45000076293945
v 3.440058469772339 -2.7433550357818604 50.45000076293945
v 5.5 2.4646016022304706e-15 40.25
v 5.3943190574646 -1.0086169242858887 40.25
v 5.0813374519348145 -1.978473424911499 40.25
v 4.820000171661377 2.389898166722088e-15 43.849998474121094
v 4.675868034362793 2.4553638609077152e-15 44.775001525878906
v 4.820000171661377 2.446538201113799e-15 44.775001525878906
v 4.69915246963501 -1.072550892829895 43.849998474121094
v 4.558634281158447 -1.0404784679412842 44.775001525878906
v 4.69915246963501 -1.072550892829895 44.775001525878906
v 4.212811470031738 -2.028783082962036 44.775001525878906
v 4.34266996383667 -2.0913195610046387 43.849998474121094
v 4.34266996383667 -2.0913195610046387 44.775001525878906
v 4.57308292388916 -2.872298002243042 40.25
v 4.400000095367432 2.8197493880035163e-15 50.45000076293945
v 4.289682865142822 -0.9790921211242676 50.45000076293945
v 3.9642629623413086 -1.9090884923934937 50.45000076293945
v 1.3143702745437622 -5.532024383544922 39.349998474121094
v 1.343032956123352 -5.518221378326416 39.55086135864258
v 1.4262155294418335 -5.47816276550293 39.732059478759766
v 1.4947316646575928 -5.758190631866455 39.349998474121094
v 1.5145668983459473 -5.733317852020264 39.55086135864258
v 1.6617891788482666 -5.548707008361816 39.87586212158203
v 1.5721310377120972 -5.661134719848633 39.732059478759766
v 1.7829848527908325 -5.76267671585083 39.732059478759766
v 1.814983606338501 -5.622481346130371 39.87586212158203
v 1.7553614377975464 -5.883703231811523 39.349998474121094
v 1.76244056224823 -5.852687358856201 39.55086135864258
v 2.1382107734680176 -5.548707008361816 39.87586212158203
v 2.017014980316162 -5.76267671585083 39.732059478759766
v 1.9850164651870728 -5.622481346130371 39.87586212158203
v 2.4569671154022217 -5.518221378326416 39.55086135864258
v 2.3052682876586914 -5.758190631866455 39.349998474121094
v 2.285433053970337 -5.733317852020264 39.55086135864258
v 2.373784303665161 -5.47816276550293 39.732059478759766
v 2.2278690338134766 -5.661134719848633 39.732059478759766
v 2.0446386337280273 -5.883703231811523 39.349998474121094
v 2.0375595092773438 -5.852687358856201 39.55086135864258
v 2.4856297969818115 -5.532024383544922 39.349998474121094
v 6.5 -5.5 42.25
v 6.5 -5.5 43.849998474121094
v 12.516539573669434 -0.48242297768592834 30.778949737548828
v 12.51692008972168 -0.48966729640960693 30.776599884033203
v 12.495336532592773 -0.531604528427124 30.777111053466797
v 12.501421928405762 -0.5624704957008362 30.787277221679688
v 12.524906158447266 -0.0666811466217041 30.928712844848633
v 12.526015281677246 -0.06541354954242706 30.929702758789062
v 12.498150825500488 -0.1329076737165451 30.892322540283203
v 12.496382713317871 -0.09928801655769348 30.903226852416992
v 12.203734397888184 -1.2702515125274658 32.05585479736328
v 12.204340934753418 -1.2843800783157349 32.03927230834961
v 12.236763954162598 -1.2914960384368896 32.04412078857422
v 12.573707580566406 -0.9291270971298218 30.90804100036621
v 12.574823379516602 -0.9347870945930481 30.90990447998047
v 12.546469688415527 -0.9753111600875854 30.93825912475586
v 12.55228042602539 -0.9824051260948181 30.947608947753906
v 12.739068031311035 -1.210447907447815 31.248140335083008
v 12.752030372619629 -1.226273775100708 31.26899528503418
v 12.325294494628906 -1.3109264373779297 32.05736541748047
v 12.191823959350586 -0.5004111528396606 32.478816986083984
v 12.221807479858398 -0.5320532917976379 32.49586486816406
v 12.244379997253418 -0.5558741092681885 32.50870132446289
v 12.288747787475586 -0.602694571018219 32.5339241027832
v 12.776610374450684 -0.22983576357364655 32.61183547973633
v 12.713623046875 -0.25897958874702454 32.59750747680664
v 12.081646919250488 -0.9420387148857117 32.3401985168457
v 12.103045463562012 -0.9558529853820801 32.34341812133789
v 12.107571601867676 -0.9587746858596802 32.34410095214844
v 12.192721366882324 -1.013744831085205 32.35690689086914
v 13.124645233154297 -0.08008824288845062 31.98663902282715
v 13.152974128723145 -0.09034198522567749 31.91478157043457
v 13.170324325561523 -0.04448624700307846 31.88054656982422
v 13.176668167114258 -0.09906135499477386 31.904037475585938
v 13.2185697555542 -0.1144813671708107 31.88503646850586
v 13.481184005737305 -0.42068567872047424 31.82279396057129
v 13.52015495300293 -0.498675137758255 31.767887115478516
v 13.497152328491211 -0.45264145731925964 31.800296783447266
v 13.453690528869629 -0.36566540598869324 31.861530303955078
v 13.252372741699219 -1.0932475328445435 31.481346130371094
v 13.2131929397583 -1.0649574995040894 31.583375930786133
v 13.193867683410645 -1.1318151950836182 31.618547439575195
v 13.153823852539062 -1.2703588008880615 31.691429138183594
v 13.166109085083008 -1.2278555631637573 31.669071197509766
v 13.221475601196289 -1.2882275581359863 31.52106285095215
v 13.314617156982422 -1.0596805810928345 31.333972930908203
v 13.295942306518555 -1.0697513818740845 31.37818717956543
v 13.463542938232422 -0.8180482983589172 31.677330017089844
v 13.494751930236816 -0.7737085819244385 31.712692260742188
v 13.435606956481934 -0.8577396273612976 31.645675659179688
v 13.401999473571777 -0.9054868221282959 31.607595443725586
v 13.009363174438477 -0.03836100175976753 32.27906799316406
v 13.002408981323242 -0.04708990454673767 32.29460144042969
v 12.988519668579102 -0.06452206522226334 32.325618743896484
v 12.850866317749023 -0.22501319646835327 32.63536071777344
v 12.855316162109375 -0.23171107470989227 32.62311935424805
v 12.848648071289062 -0.24008020758628845 32.63801193237305
v 12.561016082763672 -1.3970668315887451 31.735618591308594
v 12.656429290771484 -1.3980472087860107 31.780132293701172
v 13.063431739807129 -1.3714346885681152 31.8956356048584
v 13.06126880645752 -1.4170583486557007 31.892419815063477
v 13.036142349243164 -1.4019488096237183 31.95728302001953
v 15.319011688232422 -0.08567113429307938 29.42792320251465
v 15.473196029663086 -0.2273513525724411 29.610958099365234
v 15.69947624206543 -0.02924342267215252 30.046157836914062
v 15.618520736694336 -0.20579785108566284 29.847103118896484
v 15.18995475769043 -1.3049896955490112 34.50475311279297
v 15.492676734924316 -0.9611939787864685 34.24015426635742
v 15.653393745422363 -1.0199135541915894 34.020904541015625
v 15.736420631408691 -1.2238131761550903 33.85096740722656
v 15.315659523010254 -1.0700833797454834 34.42496871948242
v 15.163578987121582 -1.5761867761611938 34.44903564453125
v 15.449999809265137 -1.399999976158142 34.150001525878906
v 15.710044860839844 -1.495010256767273 33.79524612426758
v 15.246606826782227 -1.7800863981246948 34.27909469604492
v 15.407322883605957 -1.8388060331344604 34.059844970703125
v 15.584341049194336 -1.7299165725708008 33.875030517578125
vn -0.6221439435804859 0.46178014522122074 -0.6322151619073915
vn -0.4558741448703201 0.20037239782901417 -0.8671964403911063
vn -0.5686473209868204 0.30280536197418506 0.7648196761944575
vn -0.7022366508569071 0.13484814733931788 -0.6990562662278538
vn -0.7452206347105098 -0.025856268605691027 -0.6663164855948372
vn -0.6239704630407042 0.16927433395612698 0.7628938727742403
vn -0.6030074928200332 0.024441333382924334 0.7973610128576404
vn -0.9623889178760043 0.20856123841313418 -0.17409704357349984
vn -0.9709859097116404 0.19876887319323108 0.13295600095877957
vn -0.4947957996172915 0.5781335834917258 -0.6487978701568778
vn -0.34232554620790157 0.6519944816586014 -0.6765474235411686
vn -0.25170505185067027 0.5818451078895392 0.773369793370456
vn -0.3768703138718706 0.5139795075630481 0.7705801920159667
vn -0.48454587545969624 0.4196157657715244 0.767553192743652
vn -0.5206273717412798 0.8372387762604724 -0.16726736477757367
vn -0.1250984247711242 0.472001115362279 -0.8726771059312532
vn -0.11545186431338098 0.6207417814282209 0.7754679282961247
vn -0.27613436985499507 0.7722938007550952 -0.5721119602840286
vn -0.12869764662137204 0.8115866056656467 -0.5698807745995951
vn 0.0225840265886126 0.8218340244635454 -0.5692791915897663
vn -0.35375780250314914 0.9205412964385659 -0.1657079923218782
vn -0.17706089885318643 0.9703216373780024 -0.1646977781676913
vn 0.0042746093795229135 0.9863913380319894 -0.16435892421804776
vn -0.5403723073329266 0.6094877070415061 -0.5801055976569924
vn -0.6468872369639107 0.4895057932128755 -0.5847400970210874
vn -0.7293373520698431 0.3482844018757356 -0.5888675592064917
vn -0.783082421527568 0.19117276271244102 -0.5918064682743955
vn -0.13170084477281316 0.0650863131851645 0.9891504735489388
vn -0.1429437883547363 0.03697753422375776 0.9890398047265474
vn -0.800339115833406 0.5745990370303753 -0.17115269881239717
vn -0.8993927181781624 0.4014976296495729 -0.17289416379355066
vn -0.6717274162507689 0.721223113077081 -0.16917298667479494
vn -0.41502966960910687 0.704514077488494 -0.575682454105292
vn -0.09417592042914072 0.10901783469098539 0.9895685967787241
vn -0.0708052979889046 0.12372716066000364 0.9897869465151156
vn -0.020345698615987843 0.13928444391852468 0.990043380983952
vn -0.0459515055173423 0.13370672234089864 0.9899550351109607
vn 0.21495359162648006 -0.18615527898541437 -0.9587185017265177
vn 0.7512829154638377 -0.2602520533409295 -0.606500494364173
vn -0.11495041710111313 0.08939308566511556 0.9893408299688987
vn -0.6836632485083756 0.7182701820764394 0.12919948985523852
vn -0.5326301522657726 0.8366559253329743 0.1277183757435266
vn -0.39369238476459073 0.5670303258044598 0.7235211923616734
vn -0.36543107512210843 0.9222034336917538 0.126494886150543
vn -0.28075209124598866 0.6346991627603445 0.719955023631561
vn -0.18808453217143806 0.9740773067157485 0.12568854084300832
vn -0.0058260116141579206 0.9920895437548864 0.1253969487702677
vn -0.15840560252336308 0.6783829950787077 0.7174288655171691
vn -0.03090745971212348 0.6971167956995284 0.7162910735781687
vn -0.35441061254221107 0.9216515265799465 -0.1579606953337091
vn -0.17749141183560913 0.9715191736633363 -0.1569945665591979
vn 0.004072541018171441 0.987642613597529 -0.15666997866820956
vn -0.8117228575080536 0.569224762822635 0.13072555981320164
vn -0.9096683207153101 0.3937830900475344 0.13205462611965926
vn -0.5740584565332912 0.367665369622528 0.7316276815860273
vn -0.49288677641570805 0.4771126159610342 0.7276167791669942
vn -0.6332921416689173 0.24254666387262763 0.7349232471113256
vn -0.6674505900259547 0.10674635797322826 0.7369633131530064
vn -0.21116440165292436 0.19716254032745792 0.9573591427286763
vn -0.24349763017252102 0.14969234486925262 0.9582802857138984
vn -0.2664741042652007 0.09635352571050142 0.959013842360586
vn -0.745883594555634 0.5542250353877635 -0.36944860741678087
vn -0.6727903458825393 0.7220416040620073 -0.16127328511200084
vn -0.8015705516722604 0.5752057554877142 -0.16316552805551876
vn -0.9007480864126396 0.401850705891657 -0.16482989716172552
vn -0.9637592425610133 0.20873184482041274 -0.16612988694418954
vn -0.8408585363970419 0.39235187384997366 -0.3728497403172476
vn -0.9024339912686886 0.21165457364062315 -0.37525355809088673
vn -0.17077760297838357 0.2369600520487476 0.9563916269259223
vn -0.12392879724908673 0.26760780168645126 0.9555248388655
vn -0.0724242257614219 0.28799486260587576 0.9548893604158972
vn -0.01821273518321514 0.2973959071231414 0.9545805208066785
vn -0.47983863499663876 0.7992031499280152 -0.3619795705695294
vn -0.32141647537233975 0.8762355663385949 -0.3590301960037678
vn -0.6233979322380544 0.6911530338147001 -0.36562617785116847
vn -0.5214934859546078 0.8382241588395812 -0.15945157147105182
vn -0.15374983811803053 0.9212996342464471 -0.35716658748550717
vn 0.01812899330330023 0.9340738219689794 -0.35661945363941155
vn -0.7412454984358035 -0.19645851591880772 -0.6418404494667166
vn -0.6356233213357315 -0.11821968583739823 0.7628938977699589
vn -0.687766683637215 -0.3611075347498873 -0.6297446603390344
vn -0.5912885699851598 -0.25579029468572373 0.7648196860368431
vn -0.9846383827025693 0.004829147780468424 -0.1745392066000729
vn -0.9643718560951969 -0.19915710308410067 -0.17413607168721207
vn -0.3742728032163773 -0.32032147878791384 -0.870237909424589
vn -0.9910589013789458 -0.00658660205954752 0.13326241282096915
vn -0.9682775664323997 -0.211594282017636 0.13291506371059272
vn -0.8047782837556426 0.025028595883779266 -0.593047623200202
vn -0.7929970539662007 -0.14231526703773625 -0.5923698482948844
vn -0.7485200045449972 -0.30289053426280627 -0.5898941659738204
vn -0.6785400553010927 0.030469721377064735 0.7339311884851292
vn -0.14537115660422367 -0.024032174116950224 0.9890852751076437
vn -0.13639949104075325 -0.05305220870288747 0.9892323498529397
vn -0.6741747901149879 -0.44947576822909396 -0.5860545078303534
vn -0.5742906338745675 -0.576241136272483 -0.5814949876923664
vn -0.9032033479609681 -0.3928191275845114 -0.17296486705641043
vn -0.8057067566939106 -0.5670209052495581 -0.17124227056352434
vn -0.678325018583343 -0.7149992808204235 -0.16926664641973682
vn 0.23682798849020606 0.08203962585138085 -0.9680816100194487
vn 0.6010263536171685 0.5205041147576931 -0.6065004441696318
vn -0.12163541345353279 -0.07877799045389454 0.98944370957323
vn -0.10248780487296599 -0.10019794337941151 0.9896750082703194
vn -0.08036207612915668 -0.11695048511635467 0.989881063942159
vn -0.4539947906840471 -0.6789940147721859 -0.5769366151799491
vn -0.05638357978476446 -0.12912063258325915 0.9900246230129603
vn -0.03130788382610515 -0.13697008904717395 0.9900803053877703
vn -0.5169167067491163 -0.37902394999735994 0.7675532317774756
vn -0.4172314435265606 -0.48179260240670874 0.7705801780469786
vn -0.4327971416137207 -0.5830958589224028 -0.6875215294945594
vn -0.3033483856027617 -0.6901583520378225 -0.6570092891768237
vn -0.2979692253044855 -0.5595653713908999 0.7733698571263358
vn -0.5281257102241321 -0.8325123895526311 -0.16735099474345627
vn -0.31859532957895326 -0.755054198587711 -0.5730533772394573
vn -0.17319729997808492 -0.8029103909282831 -0.5703837299745609
vn -0.1454833014723885 -0.7576203418250381 -0.6362751186755666
vn -0.16531118199745995 -0.6093617474645817 0.7754679063852444
vn -0.36185694120312967 -0.9173765874744025 -0.16577017481119577
vn -0.18550047112766405 -0.9687380108163055 -0.16473081560862302
vn -0.6746040555018202 -0.03384944410164983 0.7374032705613032
vn -0.6543362003650164 -0.17291821177344693 0.7361680711148415
vn -0.6078153215432183 -0.3042783718575227 0.7334679320304666
vn -0.27914951060465715 0.039214999619983704 0.9594465772172963
vn -0.280996113817514 -0.01947533710418284 0.9595112793834855
vn -0.2719365389041824 -0.07739462045751386 0.9591978896625304
vn -0.2523491009019587 -0.13225727877399043 0.958555133252789
vn -0.9044650158688433 -0.40561577505784385 0.13198059741339815
vn -0.8043963757416245 -0.5795531163567341 0.13063175729866305
vn -0.5375997381125174 -0.422429230410598 0.7297534288210387
vn -0.44725620590320186 -0.5229099970664443 0.7256218169604908
vn -0.9769082600516797 -0.006067586556729209 -0.21357302225743754
vn -0.957961363617739 -0.21060186253782817 -0.1948252584015738
vn -0.9043282889402172 -0.3936487446273327 -0.16501821619380155
vn -0.9263042020607459 0.020346592692379793 -0.3762267154395277
vn -0.9106866788159247 -0.17199950053935015 -0.37558746629970896
vn -0.8567550886996068 -0.3556707546498262 -0.3734555291787123
vn -0.7683513795678997 -0.5220861458794928 -0.37021914293672364
vn -0.8066860674939802 -0.567985909021443 -0.16324703876083801
vn -0.6790775696835878 -0.716112498701152 -0.16135843193531804
vn -0.22304304201618474 -0.18192345113980146 0.9576824418008043
vn -0.1852079203181312 -0.22449162848701243 0.9567139253667641
vn -0.14034630086417532 -0.2583688149483124 0.9557972961334149
vn -0.0902000010844269 -0.28231764332113995 0.9550710487047375
vn -0.6511205285461281 -0.6646560278084382 -0.3664347445367583
vn -0.5114610871069152 -0.7790078046367633 -0.3627042827020699
vn -0.35567589861425647 -0.8626722515690687 -0.35957091305846
vn -0.5286381270579602 -0.8337221782555385 -0.15952761549491074
vn -0.18939012334352479 -0.9145483396473144 -0.35739713992737104
vn -0.6746616506665296 -0.7267492567711911 0.12910141324724203
vn -0.522404253989142 -0.843092025143464 0.12763084483595943
vn -0.340919787701694 -0.6024206789278317 0.7217084064589813
vn -0.3543892143923518 -0.926511629411655 0.12642976424613026
vn -0.22292581051824714 -0.658739085569565 0.718586738082297
vn -0.17658123037067894 -0.9762326292692718 0.12565397976499473
vn -0.09758193135501987 -0.6905257765311603 0.7166951364555657
vn -0.3621273846724938 -0.9186371937380177 -0.15801728877372725
vn -0.42649208689754736 -0.7270442705423324 -0.5380623834513454
vn -0.28627305891873717 -0.8338197373289622 -0.4720088784948536
vn -0.727510090673998 0.3162872774036492 -0.6088443365262571
vn -0.8792768327870385 0.29952505936404383 -0.37034712114037016
vn -0.540962514756031 -0.7570458615526322 -0.36638930270255404
vn -0.17825822122376617 -0.928664722551094 -0.3252780958737287
vn -0.6485425323175503 -0.7335916858633416 -0.203066053803484
vn -0.22030038062142074 -0.8933394125794908 -0.3916789964118421
vn -0.09529004754510846 -0.9449969891570276 -0.31289055166783775
vn -0.844145253095088 -0.5253391357324545 -0.10694664157844126
vn -0.4146416963502995 -0.8919966563371148 -0.18003951991480432
vn -0.36689359577747305 0.42792660730508675 -0.8259951017638266
vn -0.5497287538558091 -0.19872370458918318 -0.8113613168117458
vn -0.13527062747931984 -0.9039300226212281 -0.4057245020273452
vn -0.13345281797254704 -0.8987009537076298 -0.41776421720892165
vn -0.14697973224444086 0.48279147664510963 -0.8633130071927488
vn -0.09164952748579458 -0.940830734427868 -0.3262482080679515
vn -0.5309463646455459 0.2778675209520225 -0.8005533078250671
vn -0.3069082444508271 0.1852563437981048 -0.9335349037773948
vn -0.1961351469152604 0.30007260809749753 -0.9335349131200692
vn -0.04651513669852289 0.35545575421094044 -0.933534974629365
vn -0.6058447421723419 0.0287415872415125 -0.7950635632104939
vn -0.8158616345894025 0.020890045712090813 -0.5778697078020745
vn -0.7441297945676038 -0.3351678629574911 -0.5778696673794917
vn -0.9521848455780487 0.008715719821098164 -0.3053981926592028
vn -0.9997313956573334 -0.019117135060942984 -0.013102354143510308
vn -0.958557976438104 -0.04693931032628751 0.28100410486855815
vn -0.863074724768678 -0.4034422658763265 -0.3038689809277119
vn -0.9009687420689718 -0.4338840004132956 9.86378991216634e-8
vn -0.8535424208995505 -0.42323638690215765 0.303868880484563
vn -0.35689453372342567 0.033747636804712836 -0.9335348889079806
vn -0.3361934030580548 -0.12444515920282889 -0.9335348938798308
vn -0.5583177389175461 -0.23697089423964107 -0.7950635809124097
vn -0.24890508635985137 -0.2579900260932137 -0.9335348972698437
vn -0.11231805564404289 -0.3404369110857285 -0.9335348755920956
vn -0.4002090423492584 -0.45574856134639125 -0.795063501396325
vn -0.5250137512730582 -0.6248416977303487 -0.5778697203969482
vn -0.16283390205591858 -0.5842596392830804 -0.7950633900803433
vn -0.6025563544477139 -0.7379631480948823 -0.30386877392810857
vn -0.6234896870693374 -0.781831574009493 -1.3560829103547337e-7
vn -0.5853797092882914 -0.7516609892228229 0.30386897379318417
vn -0.2019124009797377 -0.7907577669768338 -0.5778698264284171
vn -0.22269433789428725 -0.9263211510614764 -0.3038689799337313
vn -0.22252087813204802 -0.9749279249232947 -3.174496401948419e-7
vn -0.2012751804404655 -0.9312097826867077 0.3038694495457428
vn -0.20968647719813727 -0.9708898857348617 -0.11577742032876003
vn -0.5619208206876307 -0.8247550115519969 -0.0634362845507621
vn -0.2567112200019169 -0.9474685384808608 -0.1907949635448194
vn -0.3227659686279781 -0.9416970389973657 -0.09502008334682219
vn -0.1595871269142341 -0.9621558006333255 -0.22088042971459584
vn -0.17319690987273836 -0.9711151014322081 -0.1641288828355528
vn -0.09387416918930747 -0.9520534651215491 -0.2911732128975274
vn -0.8312655018208577 -0.06422264072464845 0.5521531652547782
vn -0.7260030570885705 -0.3728111418570435 0.5778679897738731
vn -0.6298585604061914 -0.0667781464722826 0.7738338794836827
vn -0.3816677239860906 -0.053145023643538895 0.9227704779246056
vn -0.30745474440131504 -0.18552549748212566 0.933301596446257
vn -0.5333768044808187 -0.28876140256003024 0.7950635426388226
vn -0.1699744644011451 -0.964285153441818 0.2031325289145827
vn -0.1431163568948144 -0.24114767045947472 0.9598778617205027
vn -0.07389467409513305 -0.17708975555824588 0.9814167288245574
vn -0.0023094226812502886 -0.17739288309679516 0.9841374048340437
vn -0.19636837003474755 -0.3003604168430144 0.9333933164769217
vn -0.046588394160351286 -0.3557609867583941 0.9334150426419394
vn -0.4923493270144491 -0.6508922582243695 0.5778679852457651
vn -0.3552667478628039 -0.4915887387789367 0.7950635507735977
vn -0.10679199467919946 -0.5970506028069753 0.7950635493847427
vn -0.15412123652844661 -0.9822751380230474 -0.10668738291262644
vn -0.13507725430566533 -0.985599050628373 -0.10172829876535
vn -0.34778443523628894 -0.24269596122384882 -0.9056183837649321
vn -0.532922022531871 -0.2587025727801216 -0.8056470050446943
vn -0.09983967283408232 -0.9917722382924308 -0.08012407304178655
vn -0.10053337828552218 -0.9862763009085891 -0.13096601893838866
vn -0.09477432771274608 -0.990464563336404 -0.09998887728854425
vn -0.27848592460721455 -0.28359961570980086 -0.9176147599973085
vn -0.1209158428969931 -0.3594729538730888 -0.925288362820081
vn -0.4002090477850439 -0.4557485377342118 -0.795063512195168
vn -0.16283390205591858 -0.5842596392830804 -0.7950633900803433
vn -0.16117988833451966 -0.8000560555073939 0.5778679361605226
vn 0.4008363194264472 0.06984365743590179 -0.9134835020648351
vn -0.47834575133916774 0.5706771011071774 0.6674675935561782
vn 0.18216256984249368 0.9618412354945229 -0.20415248186281718
vn -0.14646925237267858 0.9453103078671398 0.2914364080713358
vn -0.8226733834596288 0.2157826133712844 -0.5259718318634043
vn -0.685627390476052 -0.0064152850727764435 0.7279243954879068
vn 0.39268710584567473 0.6306133765985229 -0.6694203508689869
vn -0.8985809674331434 0.3537867661562996 0.25959038707083104
vn -0.1976776417093313 0.8493093235096001 0.4894866933512112
vn -0.20262929685167452 0.8452677680022699 0.4944327744333467
vn -0.19618969852207574 0.8505109416993424 0.48799666007413933
vn -0.20044240703907207 0.9026048936381355 0.38095570272785406
vn -0.24791593723265226 0.8264898019615804 0.5054228876095377
vn -0.48909724871744287 0.5098934885667745 0.7076669496410245
vn -0.06915607963015107 0.9696484088332755 0.23451950856439394
vn 0.01635265184475751 0.9980633383319046 -0.06001802608732089
vn -0.18261641711620988 0.983005190150801 0.018762737972531387
vn 0.11658182686933385 0.787045236805411 0.6057792278262132
vn -0.08342559754713971 0.9908763907718238 -0.10584964754266664
vn -0.15426743024850217 0.9733574386816274 -0.16963742667131493
vn -0.07869512524699747 0.924137644511966 -0.3738672107289359
vn 0.02164128864198611 0.806710805362487 -0.5905500242463141
vn -0.3674538754883241 0.9223913608885757 0.11904548184090316
vn -0.382683513374954 0.9238794989558959 6.41677214382415e-8
vn -0.3183856572770615 0.7481467644627554 -0.5821571884501331
vn -0.19001251974374192 0.9746306206823697 0.1182810025698669
vn -0.007610852787450218 0.9929842893252979 0.11800116979496743
vn -0.1191381506351812 0.5058623519540579 -0.8543473426766994
vn -0.16631169373990629 0.7958853128405005 -0.5821571861019516
vn -0.1950903436474418 0.9807852761004878 1.1444842881574065e-7
vn -0.016911847827174552 0.4836848764945928 -0.8750788133953885
vn -0.03260571190620383 0.9693171541145397 0.2436413804967858
vn -0.007846519267753392 0.8130384001298573 -0.5821571884376787
vn -3.1589484361660425e-9 1 -1.1301217739401181e-9
vn -0.30388673872253413 0.7541513972599153 0.5821585007878006
vn -0.15091999042166507 0.7989460318294185 0.5821583931501381
vn -0.05155543133894457 0.3166496987821311 0.9471404361342837
vn 0.007846624867066004 0.813037483743168 0.5821584668342231
vn 0.011210466502218514 0.32062333156301176 0.9471404355734356
vn -0.6867563083488478 0.7158284736476205 0.12631456471199307
vn -0.816148398763837 0.564467727070888 0.12360411113976065
vn -0.5804532661604971 0.5693566100382462 -0.5821572437145893
vn -0.7071067513842252 0.7071068109888685 -1.1970808489014756e-9
vn -0.8468725510788572 0.4797964297486358 0.22935184374591566
vn -0.6819513605849015 0.44565064797929754 -0.5799464128279732
vn -0.8314696475898085 0.5555701802084744 -5.624694970478066e-8
vn -0.5933692872426429 0.7602123388907897 0.2645563999516042
vn -0.40016362018120544 0.39196494169854745 -0.8283915508759889
vn -0.7396937144479873 0.6654226898510696 0.10032872289382924
vn -0.7365211517126247 0.6404448981308754 0.21763943929821505
vn -0.7012404932211388 0.4683300047364244 -0.5375209552478442
vn -0.754757958343393 0.6490146072827266 0.09550111963197594
vn -0.8406256208661104 0.5246178961161265 0.13462774089375312
vn -0.9127720462615972 0.38854681884524656 0.1260101627991004
vn -0.8000746828286555 0.4886593734915071 -0.3479835033381818
vn -0.49636346133936715 0.6848424081473362 -0.5334924462915664
vn -0.20265022492675633 0.967288998272444 -0.15259384049897626
vn -0.13531212904648465 0.9905299834197699 0.02325896986837431
vn -0.34964546345888625 0.8418042011864936 -0.41123440608415773
vn -0.4140730477675891 0.8992181371365794 -0.1412453643737725
vn -0.4837433971348577 0.639908787616278 -0.5970838042183798
vn -0.5557491172248549 0.29017904343220907 -0.7790629252227079
vn -0.9466108785224541 0.2668187647979413 0.18092979692314054
vn -0.027540641414020274 0.9441362793728917 0.32840249548749967
vn -0.007319181568392352 0.9443135102245119 0.3289656881631116
vn -0.21293965511857316 0.6627785132331329 0.7179006516743532
vn 0.045222390922561674 0.6623768876686711 0.7478046496523085
vn 0.0009601153424184005 0.3916509147730793 0.9201133838478491
vn 0.011377963445332618 0.22648267861717974 0.9739487349107364
vn -0.9238794989558947 0.3826835133749535 -8.174994501535114e-8
vn -0.8190739387396042 0.14928952283389663 -0.5539228477411081
vn -0.9807852789517018 0.19509032931342193 -1.1444842914845053e-7
vn -0.8662995570082496 0.4848759699878212 0.1200848502338241
vn -0.9088112077514925 0.39781710337636367 0.12571293062574357
vn -0.8360078997572065 0.2613244077556547 -0.48249388126141124
vn -0.9238311717875998 0.2971554420894048 0.24131848099596676
vn -0.7649806353308567 0.3049355829605562 -0.5672908582141126
vn 0.5154768739070951 -0.23575363662185447 0.8238348228173772
vn 0.5584424818974952 -0.15788229049747024 0.8143802408945333
vn -0.9437297225177439 0.30059481427090157 0.1379020248945755
vn -0.9778203476394228 0.15331885388285577 0.14269091346811838
vn -0.9914377579122812 0.10292598861982644 0.08035803041700387
vn -0.9863664009953583 0.10257646543513535 0.12868330010649473
vn 0.5546526305378149 -0.16514429427853444 0.8155291665567376
vn 0.6181231648212155 -0.18449155720895058 0.764124740098121
vn 0.5703786700155511 -0.15071875091064477 0.8074354654801994
vn 0.5961849698589444 -0.05262139075090897 0.8011207592802285
vn 0.9743063163250096 -0.21117063735607924 0.07832090326226691
vn 0.5950342820835239 -0.05756734498381513 0.8016359547430864
vn 0.6556949572246027 -0.0635702978353465 0.752344960974254
vn -0.5693558889906526 0.580452664209307 0.5821585490946442
vn -0.6716566023952287 0.4582235472912821 0.5821585601592505
vn -0.21878801381114812 0.23464200002397698 0.9471403997493302
vn -0.2603604498489928 0.1874500068176327 0.9471403967197787
vn 0.250893469315797 -0.1568950238697442 0.9552153780899864
vn -0.6812055668071083 0.7288768845890349 -0.0685380395312622
vn -0.8113947591132163 0.5803686437903491 -0.06935980239703873
vn -0.7958843635778047 0.16631163505713187 0.5821585006310364
vn -0.7481458635907502 0.31838538616131745 0.582158494459163
vn -0.29192728686820313 0.13305440947369457 0.9471404242779294
vn -0.7507918917207229 0.5481054669056475 -0.3686352295624504
vn 0.2637601502671253 -0.1018579307262184 0.9591952590996456
vn -0.8598750786125454 0.4068944135551922 -0.3083046957129342
vn -0.5968070221888154 0.2690649417031242 -0.7559268717358929
vn 0.7282886892086144 -0.33565082182462164 0.5974396295687575
vn -0.7250700670499194 0.4172261401905752 -0.5479012190257474
vn -0.914714407989262 0.38672113925462603 -0.11723613892677537
vn -0.3122756538508641 0.07354559139346335 0.9471404130320916
vn -0.920806214519633 0.2244304830026152 -0.3189778575406709
vn 0.26691851661303834 -0.04775760810106818 0.9625350468204054
vn -0.7201178674948814 0.23958027379522523 -0.6511770491370449
vn -0.8436189675865969 0.27600129738537854 -0.46057607555073027
vn -0.5467141738817491 0.2245605237415457 -0.8066450168777585
vn 0.2875288143993818 -0.07260328569497408 0.9550162008030962
vn -0.919021380978495 0.36039636046961193 -0.15973153935474835
vn 0.9953573678763202 -0.09187067802003639 -0.02869649341753137
vn -0.9701744562667451 0.1554298440075274 -0.18601905278578626
vn -0.5585198447491354 0.18917310390594694 -0.8076317971575855
vn -0.8764055859060891 0.09298248474169458 -0.4725119115153238
vn 0.19744885163942072 -0.013012438210465462 0.9802268244840541
vn -0.7576215273441723 0.08164189762662774 -0.6475679283724658
vn -0.911630565022527 0.40499162413353657 -0.07008207544292773
vn -0.9752613059913786 0.2094847656071751 -0.07057986975404049
vn -0.5346913918808068 0.8364547467692706 0.12020221318977826
vn -0.5364008622078407 0.7920353525147301 0.2914688926618967
vn -0.31018533843000895 0.4308348830267322 -0.8474469655325946
vn -0.45822405887512035 0.6716573845029696 -0.5821572551387127
vn -0.5555701802084745 0.8314696475898086 5.3754387126341125e-8
vn -0.20861146347159734 0.45770279655058677 -0.8642854894871316
vn -0.38008908205104913 0.8852396190171046 0.26811025088206253
vn 0.4095202136697354 -0.3170748390433185 0.8554278117068371
vn 0.3524042011594873 -0.3593243599080377 0.8641164755875348
vn 0.6891496891699717 -0.722178411526516 0.059422620625228295
vn 0.6041204160035456 -0.7227632196075455 0.3356364869173761
vn 0.4676708064395791 -0.8704931291419425 0.15338099269734518
vn 0.031281106713415004 -0.04892143318972467 0.9983126693263223
vn 0.2584913392916087 -0.3961782187955626 0.8810363479807207
vn 0.53108680788777 -0.8408133473139852 0.10478414701771745
vn 0.1020195637597541 -0.11573086729173845 0.9880275173122313
vn -0.4800815879396787 0.830426633202007 -0.28268936271125567
vn -0.211132516586488 0.9502040972901287 0.2292056585970516
vn 0.28640141489232 -0.9389281674220765 0.19075671932883
vn 0.021680232074704923 -0.06103042122942517 0.9979004235001336
vn 0.13434182273468429 -0.420112495845749 0.897472988729231
vn 0.061763587595561505 -0.4307189531927125 0.9003701697679123
vn 0.09562487374706512 -0.9649468285812279 0.24440438116344806
vn 0.17758416039203384 -0.9812813026095886 0.07450416851885154
vn 0.008498629616842095 -0.07540764714420962 0.9971165729476219
vn 0.22599131784094245 -0.3997144597407251 0.8883446825048791
vn 0.161652996595246 -0.4192771599569398 0.8933504193933197
vn 0.36515919015376963 -0.9277923866138359 0.07655098423694948
vn -0.3181730775188267 0.9121776728521754 -0.25825914483748347
vn -0.14485893902664107 0.959724052680334 -0.24071898656090926
vn 0.4401905311456547 -0.30618343263796044 0.8440876742778217
vn 0.4927025013435598 -0.2476393815182675 0.8342175866589299
vn 0.8175485619586439 -0.5694208664165992 0.08587331208660204
vn 0.45356896808710434 -0.36544502014353664 0.8128500036542347
vn 0.40190696210225957 -0.3228924531809075 0.8568612825262606
vn 0.48642883111583796 -0.2549031100135552 0.8357101152700599
vn 0.5468011655452717 -0.28730616798406733 0.7864245998165644
vn -0.8701848731469058 0.4225079294729571 -0.25350608686731424
vn 0.9125704236614856 -0.3992220788851654 0.08852656996011621
vn -0.7468212719191004 0.5757022404642748 -0.3329037670762402
vn -0.6249673435925095 0.7172536929598882 -0.30816060646734955
vn -0.9753375094080146 0.2114827045677043 -0.0631807598126229
vn -0.44517516041402355 0.6803752619724022 0.5821585518107016
vn -0.16880767035692346 0.2728168664469794 0.9471403949841436
vn -0.11234019909323209 0.3005074319491893 0.94714041356654
vn 0.17175413632480016 -0.2409648741246894 0.9552153925128063
vn 0.21546387550896443 -0.20282721405069784 0.9552153891092259
vn -0.629489185017266 0.6845899241587896 -0.3675323137991555
vn 0.5709213143773689 -0.5651518826596564 0.595526827536647
vn -0.4869251490153408 0.7940500878293664 -0.3638521090698301
vn 0.4496956124163825 -0.6656739048449141 0.5955267488383531
vn -0.5282798313753937 0.8463632907120356 -0.06774658587028529
vn -0.3594463436992816 0.930750302496094 -0.06709843816846534
vn 0.12144403991199444 -0.26984232856357887 0.9552154013023656
vn -0.3292117134733922 0.8725870293795029 -0.36084833915450903
vn -0.16199560511526082 0.9192034629456991 -0.35891839968435096
vn 0.06646692696975344 -0.28834998365288883 0.9552153864687148
vn 0.008935456996397802 -0.2957764831162382 0.9552153839023192
vn 0.00966838072572504 0.9335557598602771 -0.358301780132116
vn 0.16072208713229583 -0.7870934973349701 0.595526856792239
vn 0.31118836564687613 -0.7406144038800867 0.5955267465457532
vn -0.18071339653757726 0.9812730349468676 -0.0666775764257814
vn 0.0027037083853047464 0.9977804502120329 -0.0665346761894888
vn 0.6702068941759481 -0.4429114393303905 0.5955268053658974
vn -0.39898896041088916 0.23576621607102086 -0.8861275872185623
vn -0.2570984012327655 0.6076871030935169 0.7514098727175238
vn -0.7800446214928347 0.5361261410576397 0.3226439978594733
vn -0.86469679547136 0.3689286388462802 0.3408681729651389
vn -0.9212688669502485 0.18347960443312372 0.34292697407067546
vn -0.3445740110044841 0.15027860094544787 0.9266526280317564
vn -0.8737292276259493 0.4619359068899263 0.15235634124624936
vn -0.8822916742600028 0.46476548891495945 0.07452812787880814
vn -0.44403658282220676 0.08395188484260818 0.8920670345590352
vn -0.954613395474517 0.25593126031685787 0.15235634274042614
vn -0.9635908186875329 0.2567845332707577 0.07452809949280548
vn -0.8021656488973508 0.34838263130536057 0.48493279321349836
vn -0.8595761050826424 0.16114927809773805 0.4849328095102788
vn -0.5104082368287489 0.7879119137857523 0.3444970941703876
vn -0.35225361244552134 0.8765932236673474 0.32787453810805167
vn -0.6580639594099159 0.6746602769850376 0.3343431410754779
vn -0.19873597334400434 0.37589938595765787 0.9050987043055951
vn -0.39509653925798205 0.905917343741922 0.15235646023042956
vn -0.40002697094656614 0.9134681085170923 0.07452809696698999
vn -0.23864069499069301 0.27722695374641093 0.9306964246255834
vn -0.5867762010612371 0.7952868398031308 0.15235659586671021
vn -0.2833151832344645 0.20903478673673162 0.9359684636154955
vn -0.7490325952121614 0.6447772199448856 0.15235651594165175
vn -0.7567507581706091 0.6494411789299857 0.0745281498377527
vn -0.6048361711226258 0.7840373583717847 -0.13949418188266963
vn -0.29106798042653187 0.511483358510757 -0.808495024559197
vn -0.5932631967847982 0.8015512064782718 0.07452813384158259
vn -0.18364615898837156 0.9273787817914567 0.3259488968715977
vn -0.010028043979684582 0.9455819931395281 0.3252293538169936
vn -0.14825253254678397 0.5529760146942414 0.8199016488374317
vn -0.18360530319098162 0.9711213365284996 0.15235630075336
vn -0.18673165351986654 0.9795799365247215 0.0745280989423404
vn -0.3805640845110305 0.873413303519896 -0.30384235849325414
vn -0.2214450576195202 0.9723408389213819 -0.07426560052642578
vn -0.8546068871662775 0.33325738507533426 -0.39822931044903737
vn -0.7829296483021493 0.4887351327607597 -0.38491445259277474
vn -0.36028337389561454 0.4025349011005699 -0.8415233472045486
vn -0.7437828784887429 0.649369001883301 -0.15845166158827578
vn -0.152176152655573 0.02529551395106895 -0.9880296329244882
vn -0.7045312564247398 0.518146577468843 0.4849328128492665
vn -0.5715687911993715 0.6619284796529469 0.4849327837455696
vn -0.2277657122831137 0.8443713303886035 0.4849328167137647
vn -0.40994545221529394 0.7725185639631276 0.48493277321742767
vn -0.6699645432770488 -0.5512280393014022 0.49728780342926887
vn -0.45460456403294036 -0.8901867230047072 0.030038118226026315
vn 0.20741900687197806 -0.5001353593883688 -0.8407389475203997
vn -0.11213545059164655 -0.8670710559524136 -0.4854002726103219
vn -0.29311237387177 0.3089105555164341 -0.9047979912520715
vn -0.14543282768752716 0.17123931390918323 -0.974436447390348
vn -0.23509662984961396 -0.1986906200153937 -0.9514471147421975
vn -0.03754239150175525 -0.3059261733821419 -0.9513147456441999
vn -0.7165492578961487 0.6461286965826806 0.2628209817743726
vn -0.9625615118099118 0.25659540926275076 0.08737351960118449
vn -0.9101263194307042 -0.0009117534992085598 -0.41432988232213747
vn -0.7500606238955027 0.45373016957087314 0.48118394996370756
vn -0.5774860324366543 0.6702379517329344 0.46614479552753996
vn -0.7252975695619299 0.6851759546657933 -0.06691297882605589
vn -0.4181898466407882 0.9076717944610848 0.03534353839597869
vn -0.4440923426952731 0.8940096686335244 0.059402891757893914
vn -0.3160144068722842 -0.9363450939051233 -0.1529469181414389
vn -0.9152774161521445 -0.15883022454408863 0.37018942617682676
vn -0.9166885693741663 -0.3712864252280091 -0.14774456748100778
vn -0.7042641104994869 -0.5425869273707645 -0.45783347290114007
vn -0.6342271460325388 -0.7015512468315339 -0.3249334936637667
vn -0.4821889607822107 -0.8663253025207003 0.13028536491942852
vn -0.296047743166267 -0.9446759693338643 -0.14121985246162722
vn -0.5684047257946395 -0.7102906003683687 0.4152148007027962
vn -0.7417619911392467 -0.6552755909513244 -0.1428392397226092
vn -0.5476476079734351 -0.5080306646585732 -0.6648209843616121
vn -0.21895675260128244 -0.8262445888542741 -0.5190162038697178
vn -0.4885475311674402 -0.6259719100280107 -0.6078490582752293
vn -0.18925052971768933 -0.9107564731294965 -0.3670243638429127
vn -0.5319916599943598 0.8103709211737725 0.24552768441138503
vn -0.3853654803703798 0.9225411276858794 0.020280884274918254
vn -0.007332232295023439 0.8703405237216709 0.4923957870833782
vn 0.24775335550295688 0.4499166970822428 0.858017039762982
vn 0.04481375098405621 0.8793290023890792 0.47410150103133597
vn 0.04324671319314719 0.8790952696944373 0.47468013293043376
vn 0.04789620187815349 0.8761326528791009 0.4796848219452812
vn -0.29696603767334834 0.7336982876611964 -0.6111448233860938
vn 0.007319032250343927 0.308185519293777 -0.9512981222858288
vn -0.22837691294302448 0.38798571117554265 -0.8929227702092846
vn -0.12754733424064885 0.7908602086302621 -0.5985581073992755
vn -0.2822133045406072 -0.24946911993151702 -0.9263481035447014
vn -0.15420463693725342 -0.4387621883135525 -0.8852732188727684
vn -0.19269502347698572 -0.6767383282700499 -0.7105588385049206
vn -0.09985724684576928 -0.761775243606873 -0.6400992176843154
vn -0.15216751639017878 -0.7521264076817086 -0.6412105066383839
vn 0.13068540082407415 -0.9774376516713369 0.1659426500531831
vn 0.13779316524303178 -0.9664640799463629 0.21670308208638148
vn 0.39140534299811136 -0.7074678521950697 0.5884650334412622
vn 0.2698163772991452 -0.8064180269990767 0.526202516406071
vn 0.34717130443372257 0.3434772171899585 0.8726370875966879
vn 0.36434090004135045 0.36657821997945106 0.8560818402429501
vn 0.36577609842603137 0.16945524820039032 0.9151463077986897
vn 0.4159216855618916 -0.0026055613840585967 0.9093967025062434
vn 0.3842337114502329 -0.2695902574057013 0.8829980453529367
vn 0.39424282295784285 -0.5755732653100397 0.7164412137827985
vn 0.469626326028837 -0.20379504072752655 0.8590219410908677
vn 0.38782189219688606 -0.3785563201436239 0.840410192948744
vn 0.30878260718434963 -0.729528724833917 0.6102795598269981
vn -0.17942601608153555 -0.9109429801248683 -0.37146896467179086
vn -0.0813385269160206 -0.9680514585278464 -0.237192785896285
vn -0.15907610886349705 -0.9225010833320493 -0.35169097634150986
vn -0.025482071799915927 -0.9940398427641646 -0.10599742928099047
vn 0.16454331391745264 -0.9762654194693702 0.14082375010401282
vn -0.5094038391721485 0.8542827608702857 -0.10348281556141826
vn -0.1466446522381547 0.915901365071685 0.3736576446826354
vn -0.7337769167946517 0.44974499315716054 -0.5092159438876598
vn 0.24934000265181036 0.6069477319380883 0.7546151428197064
vn 0.4928359880810637 0.051550044515988824 0.8685938531687646
vn -0.7265258319364483 -0.12004586124017975 -0.6765716567579191
vn -0.763814276722114 -0.2003443108437563 0.6135551383437469
vn -0.47802223353564105 -0.6712746423337765 -0.5664672089408684
vn -0.09391167683522718 -0.9784503499568343 -0.18388993888558602
vn 0.27090182783767436 -0.9228746255232549 0.27370536209493407
vn 0.4987732842256809 -0.5338721354748963 0.6827926141268679
vn -0.6161144239949435 0.28111627078090473 -0.735783024299702
vn -0.937116426863341 -0.06682331737077847 -0.34256013597388796
vn -0.5431681828423673 -0.21456923911022083 -0.8117440278655467
vn -0.6185153113236264 -0.21148405923050617 -0.7567782385544827
vn -0.513998859183523 -0.3830282338716373 -0.7675249473568994
vn -0.42902049960879834 -0.6415848812542695 -0.6358539541918112
vn -0.47079587931888434 -0.6605922116899438 -0.5847813008902962
vn -0.1623668792094877 -0.9446743566318033 -0.2850041341069637
vn -0.6722850850402572 -0.720451360428932 -0.17024277279378225
vn -0.24138430253591514 -0.9623206454227073 -0.12519023077889815
vn 0.06497962663948834 -0.9801049068230098 0.18754204793392867
vn -0.39917707029856564 0.20798368536618478 0.8929728177102335
vn 0.12133254947827504 0.18608229003314875 0.975013740299654
vn 0.11941014022081198 -0.20058865495513137 0.9723710248232089
vn 0.16319725303160887 -0.3186517433145894 0.9337171536849423
vn -0.046211298382805625 -0.9826145135475709 0.17981444232165056
vn 0.09419677423081732 -0.9772341268524521 0.19010636243806758
vn -0.9432431293198711 -0.30057382053915543 0.14123660077102118
vn -0.02181262310846467 -0.97358124295563 0.22729666261979853
vn 0.17130992171212256 -0.7440760885755593 0.6457582249829134
vn -0.2984911883327744 -0.6626303978245295 0.6868944361156191
vn -0.8082631106413728 -0.3858929217292825 0.4447441926945982
vn 0.14675159895940737 -0.6670375531605169 0.7304278683596949
vn -0.9028123153862834 -0.410948580585019 0.1266932804138245
vn -1 -2.7017934556283763e-9 1.1301218849624206e-9
vn -0.8346663271796101 -0.014578015813168468 -0.550562987974538
vn -0.8160463564172509 -0.17762939615883644 -0.5500146741664049
vn -0.9807852789517013 -0.19509032931342185 1.1815396646573388e-7
vn -0.9238795094926097 -0.38268348793708223 6.534463674260613e-8
vn -0.994374404023514 0.05748079400162747 0.08896911230210132
vn -0.9595067588362153 -0.10028779597923214 0.26322829962838085
vn -0.9914127457214685 -0.10233216597464871 -0.08141802888768425
vn -0.9828132595142972 -0.11646746340941627 0.14322509169087336
vn -0.9458005677706004 -0.29387623846573036 0.13819566733455568
vn -0.910388317643488 -0.2934147205773005 0.2917206075113725
vn 0.5999936253730548 -0.005887567327489569 0.7999831161109981
vn 0.5989954892612147 0.05795734578896836 0.7986522083571898
vn 0.6546780267518875 0.06347030207802772 0.7532384762094796
vn 0.998226691161206 -0.01073836988987448 0.05855049500609017
vn 0.29537958764671257 0.009691728560496795 0.9553308168373758
vn 0.924364906298074 0.24793278684633469 -0.28996353772700956
vn 0.1297823182070826 0.036160416660986516 0.9908829265597926
vn 0.9321560929152014 0.28108215541516485 0.22820569744910324
vn 0.9809680126756337 0.1851211365977775 0.058582615953578256
vn -0.9501786440201125 -0.30211568540729694 -0.07672455329931469
vn -0.9365388016710251 -0.3258286666447556 0.12934741186858284
vn -0.8724006446797247 -0.47360468086570195 0.12089549794966446
vn -0.8304418347415298 -0.47174278026572664 0.2963530131081581
vn -0.8674244786390447 -0.4853918797661609 -0.10940519601396544
vn -0.7621653587113961 -0.3307336828270126 -0.5565242106359882
vn 0.2855608522323207 0.06209736818303124 0.9563466508212866
vn 0.870875370642382 0.4042324777795757 -0.2795929053403867
vn -0.8016318904342891 -0.5847147867642252 0.12447863422296583
vn -0.6726077653195123 -0.7306846226153468 0.11704177162603163
vn -0.6785016642763182 -0.4674328258508992 -0.5666939605212935
vn -0.8314696751235626 -0.555570139001292 4.950129315020869e-8
vn -0.8514260776452145 -0.5134492592966441 0.10697426061166573
vn -0.7663501465585445 -0.6350753873971796 0.09688501015131121
vn -0.7170898287753429 -0.6257929775291514 0.3068636940762924
vn -0.750404016319262 -0.6437281507734881 -0.15002626501271737
vn -0.6632590727803804 -0.717381400215655 0.21319317296559004
vn -0.5976826624660229 -0.7651755907189343 0.23933606154413173
vn -0.37351201914403664 -0.4444039637046191 -0.8142443666360661
vn -0.5706759004818519 -0.583241870703692 -0.5780639556894076
vn -0.7071067513842252 -0.7071068109888685 1.1970808489014756e-9
vn -0.8130374837491097 0.00784662393580074 0.5821584668384775
vn -0.7989460318294185 -0.15091999042166507 0.5821583931501381
vn -0.32062333156301176 0.011210466502218514 0.9471404355734356
vn 0.27047151627933785 0.005473523461596856 0.9627124178187749
vn -0.9473137402675688 0.028980887001722806 -0.3189933944282589
vn -0.31664969872131565 -0.05155543505433311 0.9471404359523768
vn -0.9324138379831566 -0.16833702118495253 -0.3197922482426622
vn -0.9784181942848421 -0.03510525532199556 -0.20363069056791597
vn -0.8782256587434192 -0.09321569381528108 -0.46907411647971314
vn -0.5997106910071567 0.031265116608216015 -0.7996058901578912
vn 0.9954672103969442 0.09196392672380943 -0.024241889490382095
vn -0.759618928243645 -0.08178700401973522 -0.645205370271708
vn 0.27971842778254047 0.06370429670337807 0.9579662644062117
vn 0.1932144609930116 0.012534617432455373 0.9810764778695911
vn -0.9569620161041871 -0.22953065380146845 -0.1775932957610734
vn -0.7477215981892692 -0.22175472551738504 -0.6258891701507499
vn -0.6100436427914024 -0.2698093047330381 -0.7450165722782751
vn -0.9274753810969528 -0.33632820419596354 -0.1633179614169257
vn 0.9591399092123012 0.2771138027039667 0.05708392862413888
vn -0.8446094559281191 -0.2763953859145762 -0.4585198551883433
vn -0.5379242788196527 -0.19624092777883964 -0.8198335004870544
vn -0.754151423428479 -0.30388674926720655 0.5821584613836762
vn -0.3005074319491893 -0.11234019909323209 0.94714041356654
vn 0.2698423559516875 0.1214440462760447 0.9552153927562854
vn -0.8627957025139824 -0.3646436001612713 -0.3501694169753128
vn -0.6787605947319516 -0.3756363726219269 -0.6310161413169777
vn -0.9051517862026437 -0.35039386222228636 -0.24067485379888165
vn -0.7010456818677561 -0.4202358364124427 -0.5761395609826732
vn 0.7212427143605196 0.34584387585971066 0.6001674437290007
vn -0.7626563972739387 -0.529282455261197 -0.3717731865665071
vn -0.9974886212308978 0.0030589790651368216 -0.07076081657217899
vn -0.9765208402038509 -0.20352910539295774 -0.07059002695500048
vn -0.91404976151976 -0.39949838066242505 -0.0701004801251053
vn -0.6803752855809836 -0.4451751758613136 0.5821585124065812
vn -0.272816838862815 -0.168807671729427 0.9471404026849404
vn 0.24096486008875026 0.17175413694151026 0.9552153959426566
vn -0.23464202742049775 -0.21878802646905984 0.9471403900382309
vn -0.5804526839076962 -0.5693558487078137 0.5821585688509249
vn -0.814799799826201 -0.5755756001731739 -0.06938310088539683
vn -0.6853872479884071 -0.7249438105557731 -0.06856232078739243
vn -0.9989144968150425 0.0008472855110873551 -0.046573706745470046
vn -0.9825131294604682 -0.18608829374333785 0.006252788936986578
vn -0.9266696452080594 -0.3712130140781958 -0.05902767849873908
vn 0.10052349364881995 0.04854375843190534 0.9937497324487391
vn 0.926666714359407 0.36909168072709475 0.07113460280615562
vn -0.7892994951003526 -0.5173872755373938 -0.3306307822123058
vn 0.8553054735701169 0.4543385105089727 0.2490563485428275
vn 0.2434430013164277 0.09949180646476818 0.9647988834759432
vn 0.7830048327765101 0.5584026067684731 -0.2740254743683579
vn 0.07350207726303207 0.05337031829803483 0.9958659818282707
vn 0.8386724262572173 0.5380699210038821 0.08431679279187805
vn -0.6773436052094275 -0.6683310253146642 -0.3074724070282484
vn -0.5213316741668769 -0.8448611599437573 0.12009540344596996
vn 0.746168435820803 0.6084226975696322 0.2702859346448276
vn 0.18348101948677445 0.11286413470974328 0.9765226073083586
vn 0.6592283251599923 0.7012894156465704 -0.2713137866177153
vn 0.7174049854284081 0.6919389597064233 0.08093554795550603
vn 0.0515409629316061 0.054356067929659545 0.9971905269402177
vn 0.6100584286863007 0.7384235881059422 0.28733137336105063
vn -0.5400675644043421 -0.7940160792153864 -0.2790438887089039
vn 0.12393039488524736 0.10462610443467002 0.9867596645051987
vn 0.5017462388327502 0.8211876775438586 -0.2718483218033773
vn 0.034619386328285096 0.05515189323740604 0.9978776311565375
vn 0.5683637798583844 0.8190945898116923 0.07776031562632496
vn -0.47909883773942746 -0.8271419001399728 0.2937696048088788
vn -0.276150253184587 -0.44629752117053123 -0.8512106438850066
vn -0.44517576153417215 -0.6803759849824391 -0.5821572471434547
vn -0.5555701802084744 -0.8314696475898085 -5.624694970478066e-8
vn -0.3187509486897924 -0.9093475965685409 0.2673663803180485
vn -0.17613435180618736 -0.4711552664400416 -0.8642854881459179
vn -0.3826706422802941 -0.8880940110668167 -0.2546609649004729
vn 0.4523712969525003 0.8406006054788762 0.2979107781904838
vn 0.07713016210461457 0.08508033402346855 0.9933842533763917
vn 0.31691899756374337 0.9069767554473604 -0.27740856883191434
vn 0.397381435818225 0.9145615948097696 0.07526675073401655
vn -0.21173914980460412 -0.9477754703058947 -0.2385124531894788
vn -0.1457059258756193 -0.9569806616661297 0.25091392221593634
vn 0.020865125143222148 0.05835150432173054 0.9980780272584646
vn 0.27844813234276733 0.9116656108304474 0.3022125934238544
vn 0.045924968640840724 0.06506708210984524 0.9968235410949365
vn 0.1145798919207678 0.9503214215975653 -0.2894143120514395
vn 0.21117132355612372 0.974659060048568 0.07379965293141243
vn 0.007491045328314918 0.06519051782647663 0.9978447176917884
vn 0.09408139380476153 0.9487062039157029 0.30183642919901177
vn 0.6656738569448571 0.44969559052108765 0.5955268189141846
vn -0.6442726311035705 -0.6704582630855163 -0.36796534384536134
vn 0.5651518826596564 0.5709213143773689 0.595526827536647
vn 0.20282721405069784 0.21546387550896443 0.9552153891092259
vn -0.5037888822413276 -0.7832789324481596 -0.36424013523073623
vn 0.4429114393303905 0.6702068941759481 0.5955268053658974
vn -0.18744999389455033 -0.2603604227941415 0.9471404067145425
vn -0.4582236127252629 -0.671656551335129 0.5821585675652377
vn 0.15689503840409738 0.2508934687292286 0.9552153758567711
vn -0.13305440947369457 -0.29192728686820313 0.9471404242779294
vn -0.5330283510427205 -0.8433790595068239 -0.06776827406731908
vn -0.3625071974984095 -0.928061970365602 -0.08537863270728582
vn -0.7225728492118204 0.5957661752616595 -0.3506438962765578
vn -0.45489402316747 -0.8882344113483253 0.06411753413230453
vn -0.4484443508320348 -0.891447989516943 0.06494725700932391
vn -0.9526497138815568 0.010984650828251969 -0.30387145322910686
vn -0.5333817129610808 0.28876406628130813 -0.7950592822572334
vn -0.5961801350340388 0.5197826572145013 -0.6118784485907535
vn -0.7260029982442736 0.3728105163987152 -0.5778684672162414
vn -0.8535414377316879 0.423236372030686 -0.303871662820385
vn -0.3068371777734909 -0.951726456643936 0.008227883079949158
vn -0.28800781742702247 -0.957357558219327 -0.022759675332719706
vn -0.4298157692096777 -0.7002777457467311 -0.5699732303806642
vn -0.36904371156006494 0.4345620616282634 -0.8215610467587693
vn -0.19567461692478916 0.2915917393666478 -0.936314958667472
vn -0.47756079497941506 -0.8773762108691605 0.046332188589612626
vn -0.5170224347096941 -0.8556411329428695 -0.023791881453617512
vn -0.41463433977677194 -0.9099165639554038 0.011410999845412417
vn -0.31285384770666536 -0.9497640872633945 0.008405267388126343
vn -0.6058502800366856 0.028742114115447363 -0.7950593242366537
vn -0.5583229027078055 -0.2369730307482469 -0.7950593179190599
vn -0.8158626096393198 0.020889468839404377 -0.5778683520354153
vn -0.3568944062500623 0.033747934046495294 -0.9335349268961547
vn -0.30690822436618975 0.18525652847784324 -0.933534873731416
vn -0.3361934400902291 -0.12444490855928826 -0.9335349139555348
vn -0.24890546496917493 -0.2579897939768568 -0.9335348604697407
vn 0.30365012028769145 0.7437368263781473 0.5955267731498155
vn 0.10493347079712512 0.27668124518946996 0.9552153973145917
vn -0.3474822726391363 -0.865352771234657 -0.36113799511826533
vn -0.18107109270319283 -0.9155764235799643 -0.3590725163136177
vn 0.1527197801175626 0.7886851990602035 0.5955269309982636
vn 0.04893934726126275 0.29183641072576727 0.9552153943819911
vn -0.2047139908307915 -0.9720554613293322 -0.11489282857493736
vn -0.91942117876112 -0.3637843063874297 -0.149417784991377
vn -0.05638755355825565 0.32931487995533554 -0.9425349614967701
vn 0.09079362592319191 0.29645175199804935 -0.950722291854465
vn -0.28199190522854173 -0.958481809759924 -0.04234602395642299
vn -0.2616453712713057 -0.9626490870712369 -0.06963070338015336
vn 0.24406560746000194 0.25373917288422343 -0.9359745783936712
vn -0.27202764833484905 -0.960564041307652 0.05759931499699376
vn -0.2561020029981475 -0.9660215652847735 0.03484393010401393
vn -0.21194371989131358 -0.9681405611467151 -0.13335559028835697
vn 0.5704302188883235 0.20108100761853717 -0.7963515516115564
vn -0.2538056608307132 -0.9665997979323651 0.035602207338815646
vn -2.3009050220679228e-10 -2.3936833071225294e-10 -1
vn -0.11231818637115579 -0.34043678162152274 -0.9335349070760417
vn 0.046514494995665234 -0.35545604495203076 -0.9335348958996434
vn 0.196134479356294 -0.3000730001072127 -0.9335349273670975
vn 0.3361935038679804 0.12444464933367722 -0.9335349255433288
vn 0.3568942824559451 -0.03374792616237339 -0.9335349745081837
vn 0.6058502166807356 -0.028741936986193567 -0.7950593789184474
vn 0.3069083416663819 -0.18525636341269527 -0.9335348679244362
vn 0.5333815298756989 -0.2887640937711411 -0.795059395099505
vn -0.9281892140697755 -0.3314552292935996 0.1691218905359673
vn -0.03799942884603637 -0.9849616298819363 -0.16854266838903104
vn 0.03352998955886706 -0.9943673651464163 -0.10054492991670808
vn -0.2358431784172129 -0.9705752598971048 0.04859691419971072
vn 0.9884918989815878 0.0025278537226222433 -0.15125268792101385
vn 0.8181071716115175 -0.02721989659920388 -0.5744212156483534
vn 0.9565288036219155 -0.041598216602777245 -0.2886559131857438
vn -0.5515372848194977 -0.472790010970916 -0.6872235655011092
vn -0.5678304279255729 -0.6236656734454985 -0.5372240993176253
vn -0.9015588185553833 -0.28778567977944286 -0.3230651624655702
vn -0.2917854150067159 -0.5421277210664727 -0.7880093943860258
vn -0.7719994034605246 -0.4503805250222942 0.4485245854323226
vn -0.5989968855842448 -0.5047317809986638 0.6216498695490027
vn -0.4388440423973224 -0.5251093952808629 0.7291611820716621
vn -0.22499122223096543 -0.7727351955585933 0.5935143363593157
vn -0.35302867790556663 -0.9280183132607965 0.11896538500267123
vn -0.3826835133749538 -0.9238794989558955 -7.002846263061139e-8
vn -0.30388722281232394 -0.7541522497236897 -0.5821571437748667
vn -0.20858952324578173 -0.9626417123810834 0.17265961999295937
vn -0.13604088085976263 -0.9900528758264934 -0.03589124966603743
vn -0.18990106502730422 -0.9813884301376378 -0.028536550132740163
vn -0.5328667339630917 -0.8451170008019924 0.04278199143275924
vn -0.3680300741090168 -0.9269830656322888 -0.07250007298117202
vn -0.42162435837974477 -0.8784841213860332 -0.2247188218496128
vn -0.32659783429584915 -0.9090411515591652 -0.2588011580446423
vn -0.7286315572302361 -0.3502452379254391 -0.5885782251483602
vn -0.8525470007498485 -0.41765150958468233 -0.3142146210062063
vn -0.8929748938927597 -0.44996338113858025 -0.01134876696171148
vn -0.68944292689036 -0.7183044493256626 0.09331221056116046
vn -0.401102602738767 -0.9061035519681885 0.13451042779955438
vn -0.5301733597760501 -0.816847858462972 0.2273230844156207
vn -0.2929451754212662 -0.9405301779075873 0.1720061296655611
vn -0.3612841677860697 -0.8912904888479217 0.2739982018122741
vn -0.19015927467630123 -0.9713213369613701 0.1427386094165127
vn -0.724757120125769 -0.4008753813961181 0.5603802685833242
vn -0.8478701137836162 -0.4438427400803167 0.29003429492140087
vn -0.5250147123020062 -0.6248424813437883 -0.5778679999572388
vn -0.5426461774235013 -0.32785732022938957 0.7733335009552252
vn -0.3552424926577888 -0.49188444279972554 0.7948914808587927
vn -0.49234875220683705 -0.6508911144150835 0.5778697633341454
vn -0.10679199467919946 -0.5970506028069753 0.7950635493847427
vn -0.18062498682221514 -0.9687574842633835 0.16995161317020477
vn -0.31909084725106884 -0.7047508448413055 0.6336460193957358
vn -0.09975921435017772 -0.9938716364490647 0.047615852552417466
vn -0.11955521163317444 -0.6511255452369912 0.7494945468188398
vn -0.0921342678389701 -0.7369808614419308 0.6696047241157177
vn -0.22255714677497979 -0.34609771458784955 0.9114190520152887
vn -0.04860054698215201 -0.3835498091913755 0.9222404950457853
vn -0.6025558753430753 -0.7379635029457278 -0.3038688621915892
vn -0.623490050948678 -0.7818312838253509 -1.3560829239515943e-7
vn -0.5853793589797536 -0.7516612966444816 0.30386888818566066
vn -0.20191290783023383 -0.7907589002915014 -0.5778680984976717
vn -0.22269386434225535 -0.9263212243309938 -0.3038691036256266
vn -0.22252135845237794 -0.9749278152932184 -3.1744962390588827e-7
vn -0.20127470422294896 -0.9312099047627582 0.3038693908765722
vn -0.16117985416760053 -0.8000547821451122 0.5778697086517414
vn -0.07828749899635579 -0.48083607488487734 -0.8733085002392912
vn -0.15092025993912025 -0.7989469327628254 -0.5821570868492298
vn -0.19509032931342193 -0.9807852789517018 -1.1444842914845053e-7
vn -0.31838535938003437 -0.7481458706896246 0.5821584999830457
vn -0.7441304321504296 -0.335168629679639 -0.5778684016506594
vn -0.8630738350198994 -0.40344232750076775 -0.3038714262394653
vn -0.5250139374068807 -0.6248430773489263 -0.5778680595236665
vn -0.6025553892184017 -0.7379628955246547 -0.3038713012983099
vn -0.4002128893650203 -0.4557523491066856 -0.7950593936743592
vn -0.1628356005155165 -0.5842647643037685 -0.7950592760277772
vn -0.20191234051344123 -0.7907591345091183 -0.5778679762184216
vn -0.22269376169514782 -0.9263204563798141 -0.3038715198802905
vn -0.07354559139346335 -0.3122756538508641 0.9471404130320916
vn -0.16631163505713187 -0.7958843635778047 0.5821585006310364
vn 0.10679276049444784 -0.5970559583101848 -0.795059424793067
vn 0.16118093421025087 -0.8000560097734875 -0.5778677077605531
vn 0.3552703250344999 -0.49159309115367983 -0.7950592612377083
vn 0.492350102912213 -0.6508917231539944 -0.5778679268586874
vn 0.5853785817822773 -0.7516606975970647 -0.30387186720468845
vn 0.201274991926171 -0.9312090914927398 -0.3038716925716937
vn 0.7260031489539388 -0.3728104423622239 -0.5778683256371195
vn 0.8535416843762592 -0.4232361078887129 -0.30387133792339127
vn -0.9390490887788896 -0.01127064256462023 0.34359828503605416
vn -0.9166853386039174 -0.20544209982545303 0.3427557929604251
vn -0.8558723832878478 -0.38923376372656704 0.34055769070809455
vn -0.6366117396121493 -0.023909683517570137 0.7708137388643787
vn -0.9876292947895386 0.03709310667206781 0.15235641604780928
vn -0.9965715210123571 0.03592720556331448 0.07452811152530436
vn -0.11722632894810399 -0.03142830263711454 0.9926078025054511
vn -0.9711213391854219 -0.18360528879215168 0.15235630117019652
vn -0.9795799425200583 -0.1867316248604 0.07452809194789504
vn -0.9134681085170923 -0.40002697094656614 0.07452809696698999
vn -0.3323309499664815 -0.17570156272038837 0.9266526320860418
vn -0.9059173457986152 -0.3950965401549649 0.15235644567516143
vn -0.7551010884945522 -0.5535914925670704 0.35122472223877665
vn -0.8738838280375874 -0.034164793187930274 0.48493280153109725
vn -0.844371324657055 -0.22776574053937457 0.4849328134220661
vn -0.7725185304915233 -0.40994549588540224 0.4849327896219116
vn -0.9967426123586153 -0.043872304533433874 0.0676711578403145
vn -0.9445596318863665 -0.2434563184988313 -0.220309152768757
vn -0.8231881067119301 -0.40593012211949464 -0.3969660903957416
vn -0.4617815273148789 -0.29740202152716216 -0.8356493634427631
vn -0.7437828697079609 -0.6493689942171289 -0.1584517342234685
vn -0.3768489406162985 -0.38172632915232313 -0.8439608317856142
vn -0.604836169865398 -0.7840373567420648 -0.1394941964938748
vn -0.6328954166984014 -0.6986491753416407 0.3336655830567515
vn -0.49348386978654757 -0.8073846078283041 0.3234250536096877
vn -0.7804989676206366 0.6231759675981428 -0.04973002062375489
vn -0.4480277283064264 -0.8916373219401051 0.06522300814942682
vn -0.4700892284741422 -0.8797317175569561 0.07133177690814715
vn -0.7301444414833385 0.6316452029443136 0.2606020571070395
vn -0.4689541267213354 -0.880234976666438 0.07258383348973042
vn -0.5144416207035262 -0.8493988104820348 0.11777724584839662
vn -0.9009685569535765 0.4338843848088635 1.5571510040039825e-7
vn -0.9999999999997566 6.977030011510699e-7 6.909459115965173e-10
vn -0.9526506177518287 -0.010985320562197903 0.30386859533226745
vn -0.8630749572768663 0.40344208429959416 0.30386856161428494
vn -0.5602786417118145 0.5992391573032608 0.571839379542929
vn -0.7441304321504296 0.335168629679639 0.5778684016506594
vn -0.5583184774765623 0.2369703274890507 0.7950632311948436
vn -0.49569690101852243 -0.8619177319612065 0.10668835761920342
vn -0.45193382940557286 -0.8867784111669954 0.09684969451141293
vn -0.318659424137968 -0.9357984643148749 0.15078927546075876
vn -0.1669947036238213 0.5479789304972719 0.8196535003845579
vn -0.40021011444029664 0.4557479345950541 0.795063321007847
vn -0.8158626096710646 -0.020889466977571994 0.5778683520578999
vn -0.6058450937288916 -0.028742641210640466 0.7950632572197428
vn -0.5333768184358785 -0.28876230418475024 0.7950632058126784
vn -0.3139350137639154 -0.7603180460273075 0.568648640214911
vn -0.24890112697017436 0.25798645429137307 0.9335369400270898
vn -0.35688907194723446 -0.033746615323308984 0.9335370138772551
vn -0.33618810043785713 0.12444378910781517 0.9335369861320305
vn -0.3069040177425755 -0.18525305379330642 0.9335369462178341
vn -0.1961322554369875 -0.3000680175408068 0.9335369961744047
vn -0.2668374484826912 -0.22969722799536973 0.9359684607605591
vn -0.7952868398031308 -0.5867762010612371 0.15235659586671021
vn -0.801551206033188 -0.5932631964553722 0.0745281412507792
vn -0.21717373807820978 -0.2943462997801295 0.9306964184388395
vn -0.6447772487314944 -0.7490325690486914 0.15235652274373362
vn -0.45523295613332515 -0.8253289011370206 -0.3340586185059023
vn -0.6494411789299857 -0.7567507581706091 0.0745281498377527
vn -0.16998005904730584 -0.38974748898456024 0.9050987097308804
vn -0.4647655127959202 -0.8822916630191343 0.07452811202811888
vn -0.4619359068899263 -0.8737292276259493 0.15235634124624936
vn -0.2950101540943363 -0.9419971255811719 0.16003257286579528
vn -0.29339200418537514 -0.9423959306702384 0.16065815178902013
vn -0.2654752482360084 -0.9289277367597165 0.2581010508550884
vn -0.265767846982087 -0.9574165504579303 0.11278741250575461
vn -0.26506791278328706 -0.9577521360188763 0.11157888493793003
vn -0.2576155659469502 -0.9611876595497514 0.098754763485635
vn 0.35077422259505026 0.3762321110028331 0.8575586530454872
vn -0.12341184199956319 -0.943156185127621 0.3085869856455189
vn 0.5235989719794071 0.2467137887292914 0.8154608653963393
vn 0.605845030372701 0.028742464081370673 0.7950633119011543
vn 0.5583184884765667 -0.23697004903578692 0.795063306463843
vn -0.11231571948572763 0.34043189178780275 0.9335369870605991
vn 0.04609843645161032 0.3537486439207868 0.9342038487829737
vn 0.19605990979055424 0.2986801822306523 0.9339971415992577
vn 3.0579769827454584e-9 -2.66459632136673e-9 1
vn -0.046514638916110795 -0.355450579354801 0.9335369698104302
vn 0.11231562046398907 -0.3404319674156436 0.9335369713949756
vn 0.24890105899383314 -0.25798643125685317 0.9335369645167252
vn 0.30690418988044765 0.18525287094958146 0.9335369259106807
vn 0.3568890460305609 0.03374660824014638 0.9335370240411907
vn 0.33618816421555 -0.12444352988219738 0.9335369977198745
vn 0.6755490239154316 -0.7371814777278808 0.014035140962791723
vn 0.6650778264307383 -0.7166636811525436 0.20991582338415954
vn 0.1924306651484545 -0.9628380192158299 0.18950827914120438
vn -0.260176925400143 -0.9616530483969353 0.08678353529448973
vn -0.2546616454814144 -0.9634745566314373 0.08285061885437954
vn 0.7337829945804738 0.2286914400336891 0.6397364630219461
vn -0.2509912858388609 -0.9646582641565732 0.08023595096577603
vn 0.5355167931816218 -0.7072271038440042 0.4615751161066789
vn 0.9985645795002558 -0.047287831930074846 0.02515236606823197
vn 0.9448336135862354 -0.027010024807688736 0.3264351408740556
vn 0.8090925474833982 0.005852517858620853 0.5876521059619711
vn -0.16517092506374187 -0.8905436514586293 0.4238520618804623
vn -0.310464801084094 -0.9010380555271389 -0.3028894679246646
vn -0.02854207137026161 -0.1943269208634489 -0.9805214928749016
vn -0.10635648421856381 -0.5625385511961167 0.8199016262228296
vn -0.2567845332707577 -0.9635908186875329 0.07452809949280548
vn -0.25593126031685787 -0.954613395474517 0.15235634274042614
vn -0.6619284700866748 -0.5715687829389889 0.4849328065395833
vn -0.5181465699805243 -0.7045312462427666 0.4849328356432794
vn -0.34838262627049155 -0.8021656373043533 0.48493281600751226
vn -0.16114926125459722 -0.8595760947240514 0.48493283346876614
vn -0.19325463225270653 -0.45678367623367 -0.8683324940593464
vn -0.5593744518471979 -0.33053943527228863 0.7601604464522759
vn -0.9009691584706662 -0.433883135745832 -1.5429887596972643e-7
vn -0.8535419670918497 -0.4232373817981475 0.30386876947397007
vn -0.6234903202836849 -0.7818310690375656 -3.540849245034969e-7
vn -0.5853787570885872 -0.7516617063720167 0.3038690341632875
vn -0.7260030595050112 -0.372810487446814 0.5778684089297771
vn -0.4923501502111564 -0.6508916472810933 0.5778679720202154
vn -0.3552666250036813 -0.49158941918200105 0.7950631849776448
vn -0.16118087060243988 -0.80005598990292 0.5778677530130043
vn -0.10679115220522568 -0.5970510765223647 0.7950633068090652
vn -0.22252149885302305 -0.9749277832476602 -8.627628746843775e-8
vn -0.20127454442227025 -0.9312101026015545 0.3038688904452216
vn 0.2019124002502132 -0.7907590754219338 0.5778680362012126
vn 0.16283495308981544 -0.5842595547466491 0.7950632369437571
vn 0.6234892212667189 -0.7818319454742719 3.6827419818781016e-7
vn 0.6025565819174157 -0.737963075080925 0.3038685001856982
vn 0.40020995933918935 -0.4557481958814065 0.7950632493057187
vn 0.5250139791121183 -0.6248431156506687 0.5778679802176491
vn 0.2225201028470008 -0.9749281018767254 7.501864889787979e-8
vn 0.2226945763940192 -0.9263212110036827 0.3038686224165948
vn 0.9009685686037961 -0.433884360617001 5.3507499883828734e-8
vn 0.8630749470320778 -0.4034421987199831 0.30386843879804587
vn 0.7441305473756666 -0.3351686874898007 0.5778682197428363
vn -0.026959106540636442 0.7770062150798409 -0.6289153745153879
vn 0.02362062067187397 0.5827592089765556 0.8123015269172493
vn 0.14548331605816087 0.7576203401826155 -0.6362751172962047
vn 0.16531118199745995 0.6093617474645817 0.7754679063852444
vn 0.1731972940898063 0.8029103636313212 -0.5703837701875718
vn 0.31859532957895326 0.755054198587711 -0.5730533772394573
vn 0.18550048506072533 0.9687380057606042 -0.16473082965007807
vn 0.36185694120312967 0.9173765874744025 -0.16577017481119577
vn 0.30334842454203403 0.6901583728256111 -0.6570092493615066
vn 0.29796924252271134 0.5595654073634911 0.773369824464707
vn 0.4327970996579709 0.5830958425484191 -0.6875215697928302
vn 0.4172314621499985 0.48179261930035927 0.7705801574008205
vn 0.5169166831003126 0.37902393265711365 0.7675532562667603
vn 0.5281257102241321 0.8325123895526311 -0.16735099474345627
vn -0.04701768332048816 -0.24431108445832617 -0.9685563646303559
vn 0.0220871122678969 0.5566602995422888 0.8304465487827345
vn 0.03130788389000495 0.13697007442557035 0.9900803074085371
vn 0.15025659303273806 -0.780756136582005 -0.6065004628520373
vn 0.05638358338972695 0.12912064720886487 0.9900246209001561
vn 0.45399479597006176 0.6789940377102726 -0.5769365840246247
vn 0.08036209100410902 0.11695047762763174 0.9898810636193199
vn 0.10248781946458838 0.10019795797794986 0.9896750052812504
vn -0.23682798849020606 -0.08203962585138085 -0.9680816100194487
vn -0.6010263536171685 -0.5205041147576931 -0.6065004441696318
vn 0.12163541345353279 0.07877799045389454 0.98944370957323
vn 0.574290633694724 0.5762410764873839 -0.5814950471149116
vn 0.6741748226286257 0.4494757501673829 -0.5860544842803693
vn 0.13639947641682562 0.05305220881071664 0.989232351863565
vn 0.14537115661073097 0.024032172255380797 0.9890852751519185
vn 0.7485199783357726 0.3028905477763491 -0.5898941922921076
vn 0.7929970539662007 0.14231526703773625 -0.5923698482948844
vn 0.6783250202942617 0.7149992826238445 -0.16926663194551125
vn 0.8057067755494728 0.567020876572151 -0.17124227680400916
vn 0.9032033479609681 0.3928191275845114 -0.17296486705641043
vn 0.17658123037067894 0.9762326292692718 0.12565397976499473
vn 0.09758193873465437 0.6905257760291191 0.7166951359344983
vn 0.3543892143923518 0.926511629411655 0.12642976424613026
vn 0.22292581051824714 0.658739085569565 0.718586738082297
vn 0.1855320638706235 0.9700108799224612 -0.15702466719582517
vn 0.3621273596310161 0.9186372058152282 -0.15801727595000015
vn 0.522404253989142 0.843092025143464 0.12763084483595943
vn 0.6746616831410256 0.7267492275464461 0.12910140805569095
vn 0.34091976136318536 0.6024206850485468 0.7217084137916837
vn 0.036677577668779236 0.2954812135847247 0.9546442309650487
vn 0.09019999293554672 0.28231767093784993 0.9550710413108834
vn 0.1403462716488722 0.2583688160289775 0.955797300131176
vn 0.18520793284948814 0.22449167031804204 0.9567139131252536
vn 0.22304304080690293 0.18192347995578204 0.9576824366084974
vn 0.18951840477136264 0.9144993913539808 -0.357454385154409
vn 0.35567591309141233 0.8626722270779649 -0.3595709574964785
vn 0.511461063358507 0.7790078280701398 -0.3627042658608095
vn 0.6511205472306687 0.6646559872767481 -0.3664347848542843
vn 0.5286381270579602 0.8337221782555385 -0.15952761549491074
vn 0.4472561820624794 0.5229100040364545 0.7256218266325023
vn 0.8043963757416245 0.5795531163567341 0.13063175729866305
vn 0.9044650176476223 0.4056157758555539 0.13198058277179853
vn 0.5375996889663736 0.42242926843088746 0.7297534430177111
vn 0.252349101399285 0.13225726413348055 0.9585551351418968
vn 0.27193659457151814 0.07739459698519259 0.9591978757745169
vn 0.280996113817514 0.01947533710418284 0.9595112793834855
vn 0.607815257386352 0.30427836957863513 0.7334679861418152
vn 0.6543362290766584 0.1729182193609315 0.7361680438125411
vn 0.7683513795678997 0.5220861458794928 -0.37021914293672364
vn 0.6790775696835878 0.716112498701152 -0.16135843193531804
vn 0.8066860883113539 0.5679858817114103 -0.16324703091155532
vn 0.8567550886996068 0.3556707546498262 -0.3734555291787123
vn 0.910686684341419 0.17199953138526158 -0.37558743877622314
vn 0.9043800153759382 0.39358186369140286 -0.1648942217356928
vn 0.9597590974106391 0.2113202321942042 -0.1849492752159431
vn 0.3742728288439866 0.32032147521498416 -0.8702378997177818
vn 0.6877666578214062 0.36110752119546063 -0.6297446963057669
vn 0.5912886357056553 0.25579029733142855 0.7648196343429242
vn 0.6356233496789474 0.11821969855953836 0.7628938721836782
vn 0.7412454962658368 0.19645853024484422 -0.6418404475877543
vn 0.9643718560951969 0.19915710308410067 -0.17413607168721207
vn 0.9682775694853792 0.21159426778363172 0.13291506412967394
vn 0 0 -1
vn -0.21495359162648006 0.18615527898541437 -0.9587185017265177
vn -0.7512829154638377 0.2602520533409295 -0.606500494364173
vn 0.11495043165225519 -0.08939310029407856 0.9893408269563998
vn 0.04701768366282568 0.24431105643484116 -0.9685563716824512
vn -0.1502565714755565 0.780756161600952 -0.6065004359854651
vn 0.0459515055173423 -0.13370672234089864 0.9899550351109607
vn -0.022087110406160407 -0.55666029956519 0.8304465488168994
vn 0.020345698615987843 -0.13928444391852468 0.990043380983952
vn 0.0708052978583624 -0.12372717533305205 0.9897869446902666
vn 0.09417592773714735 -0.10901784197652266 0.9895685952806049
vn 0.41502969427798964 -0.7045140687744664 -0.5756824469847632
vn 0.6785401171074722 -0.030469723338578385 0.7339311312619518
vn 0.14294380293173273 -0.036977537865191215 0.9890398024836222
vn 0.13170084470894738 -0.0650863206041828 0.9891504730692693
vn 0.8047782343824379 -0.025028592476686606 -0.5930476903444798
vn 0.783082421527568 -0.19117276271244102 -0.5918064682743955
vn 0.7293374055679982 -0.3482843989596702 -0.5888674946714607
vn 0.6468872369639107 -0.4895057932128755 -0.5847400970210874
vn 0.5403723073329266 -0.6094877070415061 -0.5801055976569924
vn 0.6717274778371237 -0.7212230556001671 -0.169172987173884
vn 0.8993927158610353 -0.40149762861518495 -0.17289417824928036
vn 0.8003391178745701 -0.5745990384958178 -0.17115268434773911
vn -0.022584030312002838 -0.8218340243944027 -0.5692791915418715
vn 0.12869764662137204 -0.8115866056656467 -0.5698807745995951
vn 0.2761344006796546 -0.772293744009728 -0.5721120220068135
vn 0.026959106540636442 -0.7770062150798409 -0.6289153745153879
vn -0.023620621713013903 -0.5827592483133275 0.8123014986660904
vn 0.1250984101031601 -0.47200111624214186 -0.8726771075580209
vn 0.11545186431338098 -0.6207417814282209 0.7754679282961247
vn -0.0042746098556447915 -0.9863913404458352 -0.16435890971909758
vn 0.17706089885318643 -0.9703216373780024 -0.1646977781676913
vn 0.35375780250314914 -0.9205412964385659 -0.1657079923218782
vn 0.48454585871400324 -0.4196157472762171 0.7675532134262295
vn 0.3768702709926953 -0.5139794897287049 0.7705802248825961
vn 0.34232555921436414 -0.6519945092737904 -0.676547390347049
vn 0.25170504897726476 -0.5818450416426882 0.7733698441464931
vn 0.4947957771112591 -0.5781335920169206 -0.6487978797240926
vn 0.5206274411709481 -0.8372387324557848 -0.16726736793416094
vn -0.036677575581779996 -0.29548119677148055 0.9546442362492619
vn 0.018212738907269658 -0.2973959071029639 0.9545805207419127
vn 0.07242421897153252 -0.2879948354307913 0.9548893691268927
vn 0.12392879724908673 -0.26760780168645126 0.9555248388655
vn 0.17077760297838357 -0.2369600520487476 0.9563916269259223
vn -0.0010059779513318888 -0.9197965054560339 -0.39239441453622875
vn 0.16521188372803236 -0.909445153159099 -0.38159474167034574
vn 0.6330735017562116 -0.6718529984750521 -0.3844886081722182
vn 0.32478871252501434 -0.865133386377259 -0.38217341089060597
vn 0.1735431077292491 -0.6705657137059974 -0.7212658409779577
vn 0.481630284176477 -0.7841844374102416 -0.39126338633670904
vn 0.26546550140107184 -0.5902040080999623 -0.7623564103413948
vn 0.2707005064527092 -0.2562692984998197 -0.9279263346045618
vn 0.27914946728315043 -0.03921498654493423 0.9594465903560312
vn 0.2664741317600077 -0.0963535323267148 0.9590138340560657
vn 0.24349763017252102 -0.14969234486925262 0.9582802857138984
vn 0.21116439979175228 -0.19716258329317973 0.9573591342906532
vn 0.6746040555868871 0.03384944038062792 0.7374032706542889
vn 0.6674506193446808 -0.10674636266221538 0.7369632859205327
vn 0.6332920759391242 -0.24254667642789765 0.7349232996078539
vn 0.49288677641570805 -0.4771126159610342 0.7276167791669942
vn 0.9096683207153101 -0.3937830900475344 0.13205462611965926
vn 0.8117228575080536 -0.569224762822635 0.13072555981320164
vn 0.5740584565332912 -0.367665369622528 0.7316276815860273
vn 0.9263042020256403 -0.020346594554253798 -0.37622671542526925
vn 0.9024339811763832 -0.2116545712735995 -0.37525358369658773
vn 0.8408585538586342 -0.3923518541856613 -0.3728497216303641
vn 0.9757245077007323 0.008681570085460789 -0.21882942081222662
vn 0.9629965383644795 -0.20784620852425073 -0.17157395111182588
vn 0.9007480734128256 -0.40185072989437287 -0.1648299096840218
vn 0.7472269078333053 -0.5509306891161377 -0.3716548452528165
vn 0.9498388613522881 0.13495830973126605 -0.28212123652690224
vn 0.8078087623472029 -0.5534223355909414 -0.2029007687125593
vn 0.7549900012155308 -0.5553766632944928 -0.34863571235954677
vn 0.9659315704320656 0.254740380887802 -0.04564580580712028
vn 0.00582601207980339 -0.9920895437521949 0.1253969487699275
vn 0.18808453217143806 -0.9740773067157485 0.12568854084300832
vn 0.030907457851257654 -0.6971167957396612 0.7162910736194054
vn 0.15840560252336308 -0.6783829950787077 0.7174288655171691
vn 0.36543107512210843 -0.9222034336917538 0.126494886150543
vn 0.28075205317160046 -0.6346992036642402 0.719955002418839
vn -1.658460066327076e-10 -0.9417233639482857 -0.3363883258882878
vn 0.104176014895668 0.48383963216686554 -0.8689341564612878
vn 0.08818815848707752 -0.9457512116503327 -0.3126939308086836
vn 0.12203415427460096 -0.9122278648644382 -0.3910856527096734
vn 0.40038563934159055 0.44806437714155506 -0.7993307536594448
vn 0.1235179540281358 -0.9174102631590441 -0.3782878851921598
vn 0.11231825544719719 0.34043654932804174 -0.9335349834767382
vn 0.2489050882736083 0.25798999827450014 -0.933534904447515
vn 0.5583177779708087 0.23697090041802843 -0.7950635516465382
vn 0.3361934027463401 0.12444516653802513 -0.9335348930142678
vn 0.29439627934527757 -0.784738416383261 -0.5454506838935568
vn 0.19311698998589683 -0.9016701451810224 -0.3869066779832326
vn 0.2474495674056248 -0.8709206176960055 -0.42457742434422674
vn 0.7511536059419517 0.3258540110847519 -0.5740970508027202
vn 0.142383423235217 -0.9303392559298787 -0.33792873459305117
vn 0.9113246555526355 0.29881658353380836 -0.283189020950765
vn 0.1631524369781183 -0.9284358966059373 -0.3337485104111036
vn 0.9548855416118736 -0.16318629668719506 -0.24812060574268668
vn 0.9892258929188565 0.09376311572400556 0.11243047144176592
vn 0.17274754803693182 -0.9402179480827015 -0.293510638223527
vn 1.3008230048683345e-9 -8.662474210163751e-11 -1
vn 0.04651519381589953 -0.35545615110175216 -0.9335348206618741
vn 0.19613496445606143 -0.30007278133442833 -0.933534895769858
vn 0.3568944879481851 -0.033747627843747054 -0.9335349067319993
vn 0.3069082714459883 -0.18525634210364308 -0.9335348952387443
vn 0.5333768678148232 -0.2887614343813665 -0.7950634885932472
vn 0.10679200710562724 -0.5970506306258431 -0.7950635268251428
vn 0.3552667478628039 -0.4915887387789367 -0.7950635507735977
vn 0.49234875006393086 -0.6508911711867787 -0.5778697012143728
vn 0.6058447798019259 -0.028741591786939653 -0.7950635343721337
vn 0.8158616346528942 -0.02089004198842624 -0.5778697078470453
vn 0.7260020906220401 -0.3728103604277111 -0.5778697081264834
vn 0.9526504965940111 -0.010985127755954012 -0.30386898214093727
vn 0.9500497337880763 -0.008278506597376695 0.31198873322240733
vn 0.9999958937970269 -0.0024628653351548334 0.0014651564511036475
vn 0.853542220911093 -0.42323682319058675 -0.3038688345613922
vn 0.9009689271841996 -0.4338836160176404 -9.608388231874694e-8
vn 0.8630744900963949 -0.4034427444646879 0.30386901204902106
vn -0.207052395375507 -0.9354499010791897 -0.2864660331351681
vn 0.07852747128981274 -0.6894458389799488 -0.7200679630188127
vn -0.019371724162349727 -0.9992314190559223 -0.034077961712312595
vn 0.16117983965355584 -0.8000547840666571 -0.5778697100396495
vn 0.20127470604569536 -0.9312099131958075 -0.30386936382609536
vn 0.2225213301257405 -0.9749278217586007 3.18088659712265e-7
vn 0.22269386635897206 -0.9263212327197634 0.3038690765751435
vn 0.5853793589797536 -0.7516612966444816 -0.30386888818566066
vn 0.6234900218935586 -0.781831306996051 1.2862299743668928e-7
vn 0.6025558753430753 -0.7379635029457278 0.3038688621915892
vn 0.09163972752189543 -0.9504724758390747 -0.29699197465933713
vn 0.17319690944914876 -0.9711150990571412 -0.16412889733530198
vn 0.32276594238740575 -0.941697049389072 -0.09502006949421582
vn 0.26537826015832827 -0.9435398946621314 -0.19825954256053535
vn 0.1579703536642584 -0.9630309921294825 -0.2182124551012015
vn 0.5619208888298192 -0.824754964478265 -0.06343629296516186
vn 0.20477727479159136 -0.7347528490425885 0.6466873421930633
vn 0.14311637354785184 -0.24114761380669772 0.9598778734702907
vn 0.10670300711270082 -0.8835014815285731 0.4561135827948159
vn 0.07389467409513305 -0.17708975555824588 0.9814167288245574
vn 0 -0.8963790178529529 0.44328845727469113
vn 0.11019771333913359 -0.9742083957938833 -0.1969123295772372
vn 0.11232094004868479 -0.3404429640788946 0.9335323211521689
vn 0.24923651351173873 -0.2581973418517 0.933389143387274
vn 0.3240343104926534 -0.028530870255105166 0.9456150141923706
vn 0.3368282640502305 -0.12452539146612662 0.9332953162944279
vn 0.5583177779708087 -0.23697090041802843 0.7950635516465382
vn 0.1628339108913533 -0.5842596771234665 0.7950633604634346
vn 0.5250147123020062 -0.6248424813437883 0.5778679999572388
vn 0.4002090092261649 -0.45574849796013117 0.7950635544038576
vn -0.01704123661097238 -0.9983477855386518 -0.05487527097736244
vn 0.8018006001012777 -0.027726998257577865 0.5969480808620253
vn 0.7441310221197656 -0.33516815010525586 0.5778679200942147
vn 0.5771293502080895 -0.03548570637455742 0.8158814115859528
vn 0.09477431287482521 -0.9904645639973135 -0.09998888480584461
vn 1.7724273890284811e-9 -0.9624831470018865 -0.271341467043548
vn 0.10053337110643995 -0.9862763035721047 -0.13096600439091174
vn 0.09983967283408232 -0.9917722382924308 -0.08012407304178655
vn 0.048259798216432316 -0.37607461041905393 -0.9253317671377472
vn 0.21537819976678668 -0.3339485301237114 -0.9176549516530876
vn 0.09262022391237988 -0.9956015960795632 -0.014105176576244037
vn 0.36993032375435053 -0.2481162526707886 -0.8953155202092762
vn 0.1278469836112515 -0.9880835821081755 -0.0857087133830686
vn 0.5413855264819307 -0.3199424416414265 -0.7775207686952195
vn 0.10679200710562724 -0.5970506306258431 -0.7950635268251428
vn 0.3552667478628039 -0.4915887387789367 -0.7950635507735977
vn 0.1293958688947301 -0.9887825582292095 -0.07460403242907092
vn 0.2880208245483233 -0.9325744079518262 -0.21759820371456354
vn -0.6321631221804255 -0.7690755904781025 -0.09430017542854431
vn -0.4812620737205831 -0.8736734134265244 0.07128522336227651
vn 0.15223127720242421 -0.9869695381492523 -0.05212263430382859
vn 0.002436420838702228 -0.9999968835024174 -0.0005448292847928358
vn -0.04003083338424531 -0.9991557610722286 0.00923566428247265
vn 0.20191290783023383 -0.7907589002915014 0.5778680984976717
vn 0.5326300830091499 -0.8366559697762825 0.12771837342909703
vn 0.683663126478646 -0.7182702983225175 0.12919948932222833
vn 0.3936923595814393 -0.5670303324573969 0.7235212008507096
vn 0.656663413717021 -0.68839656876948 -0.30806383298257356
vn 0.60300755941014 -0.024441333666061767 0.7973609624899196
vn 0.6239704630407042 -0.16927433395612698 0.7628938727742403
vn 0.7452206347105098 0.025856268605691027 -0.6663164855948372
vn 0.7022365899743099 -0.13484816199507807 -0.6990563245603335
vn 0.4558741212615527 -0.2003724005512952 -0.8671964521729308
vn 0.5686472598647496 -0.3028053313638316 0.7648197337581922
vn 0.9846383827136402 -0.0048291454522163095 -0.17453920660203537
vn 0.9623889203726798 -0.2085612389541937 -0.17409702912398972
vn 0.6221438836023694 -0.4617801449440165 -0.6322152211325226
vn 0.9910589013728662 0.006586602990829704 0.13326241282015167
vn 0.9709859068356899 -0.1987688875056616 0.13295600056497892
vn 0.17498467881407004 0.9774456630718381 0.11823847902604155
vn 0.07828749899635579 0.48083607488487734 -0.8733085002392912
vn 0.15092025275215448 0.7989469543208585 -0.5821570591263578
vn 0.19509032931342185 0.9807852789517013 -1.1815396646573388e-7
vn 0.35302867790556663 0.9280183132607965 0.11896538500267123
vn 0.3038871852175049 0.7541522303851698 -0.5821571884514144
vn 0.38268348793708223 0.9238795094926097 -6.534463674260613e-8
vn 0.16631163717578423 0.7958843141119709 0.582158567651828
vn 0.07354559139346335 0.3122756538508641 0.9471404130320916
vn 0.31838538616131745 0.7481458635907502 0.582158494459163
vn 0.009885643843517526 -0.43103135655223024 0.9022827958653226
vn -0.09408138642012838 -0.948706204580709 0.30183642941058736
vn -0.007491045793950084 -0.06519051782624923 0.9978447176883076
vn -0.01701145056950668 -0.9971471408884404 0.073540396840988
vn -0.1145798919207678 -0.9503214215975653 -0.2894143120514395
vn -0.045924972380537825 -0.06506707467967648 0.9968235414076437
vn -0.2111713094355678 -0.974659063651442 0.07379964575363596
vn 0.14570591238037492 0.9569806709000409 0.25091389483468285
vn -0.278448129834886 -0.911665602619406 0.30221262050425707
vn -0.020865125143222148 -0.05835150432173054 0.9980780272584646
vn 0.033803090068589926 0.9718204626151271 -0.23328596088135106
vn 0.21173914980460412 0.9477754703058947 -0.2385124531894788
vn -0.31691899756374337 -0.9069767554473604 -0.27740856883191434
vn -0.07713016951087129 -0.08508033397457591 0.9933842528055289
vn -0.4523713049851962 -0.8406006204053074 0.29791072387579964
vn -0.397381435372537 -0.914561593784032 0.0752667655507618
vn 0.3826706422802941 0.8880940110668167 -0.2546609649004729
vn 0.5213316741668769 0.8448611599437573 0.12009540344596996
vn 0.17613434933299305 0.47115528962662734 -0.8642854760100345
vn 0.3187509486897924 0.9093475965685409 0.2673663803180485
vn 0.2761502568575793 0.44629749730427926 -0.851210655206706
vn 0.479098833544909 0.8271418928983314 0.2937696320392437
vn 0.44517577698144856 0.6803760085909929 -0.5821572077392433
vn 0.5555701802084744 0.8314696475898085 -5.536203623687714e-8
vn -0.03461937887952144 -0.055151896965590495 0.9978776312089039
vn -0.5017462388327502 -0.8211876775438586 -0.2718483218033773
vn -0.5683637798583844 -0.8190945898116923 0.07776031562632496
vn -0.12393040222139641 -0.10462610433806314 0.9867596635940709
vn 0.5400676021326352 0.7940160470524218 -0.27904390720808087
vn -0.6100584339103176 -0.7384235944291683 0.28733134601918725
vn -0.0515409629316061 -0.054356067929659545 0.9971905269402177
vn -0.6592283251599923 -0.7012894156465704 -0.2713137866177153
vn -0.18348103373199368 -0.1128641417568363 0.9765226038173063
vn -0.7461684237998067 -0.6084226877677608 0.2702859898950844
vn -0.717404984995801 -0.6919389592891725 0.08093555535728139
vn 0.6773436052094275 0.6683310253146642 -0.3074724070282484
vn -0.07350207723380471 -0.053370325727393114 0.9958659814322747
vn -0.7830048003209715 -0.5584026432273367 -0.27402549281232774
vn -0.24344298747883344 -0.09949179944885274 0.9647988876910099
vn -0.8553054491622015 -0.4543385590078089 0.24905634389059983
vn -0.8386724262572173 -0.5380699210038821 0.08431679279187805
vn 0.7892994405106495 0.5173873384293436 -0.330630814115345
vn -0.10052348625534867 -0.048543762184774235 0.9937497330133068
vn 0.9266696454118295 0.37121301415982366 -0.05902767478642873
vn -0.9266667148505348 -0.36909168092271116 0.07113459539327611
vn 0.9825131322278213 0.18608827936631414 0.006252781969678899
vn -0.04893934726126275 -0.29183641072576727 0.9552153943819911
vn 0.004079641209787557 -0.8033250375655111 0.5955268596360448
vn -0.15271975101032959 -0.7886852026498282 0.5955269337087471
vn 0.18107110711579388 0.9155764211095838 -0.35907251534477913
vn -0.10493347730041253 -0.2766812724940358 0.955215388691328
vn 0.3474822988430094 0.8653527622732547 -0.36113799137839997
vn -0.3036501068268302 -0.7437368530128117 0.5955267467500127
vn 0.18605209436085776 0.9802742362847959 -0.06668612944382483
vn 0.13305440947369457 0.29192728686820313 0.9471404242779294
vn -0.1568950238697442 -0.250893469315797 0.9552153780899864
vn 0.45822358918050016 0.6716565605073567 0.5821585755152695
vn 0.18744999389455033 0.2603604227941415 0.9471404067145425
vn -0.4429114393303905 -0.6702068941759481 0.5955268053658974
vn 0.5037889502385422 0.7832788858920815 -0.3642401412985769
vn -0.20282721405069784 -0.21546387550896443 0.9552153891092259
vn -0.5651518826596564 -0.5709213143773689 0.595526827536647
vn 0.6442726659670871 0.6704582373388187 -0.3679653297148883
vn 0.36457198157839354 0.9287534177683597 -0.06711452325386999
vn 0.5330283513118534 0.8433790599326569 -0.06776826665095576
vn -0.6656739284737815 -0.44969562837884997 0.5955267103726196
vn 0.6726077659060459 0.7306846232525251 0.11704176427751502
vn 0.801631912479636 0.584714759368264 0.12447862094011995
vn 0.570675860288709 0.5832418905426255 -0.5780639753522147
vn 0.7071068109888685 0.7071067513842252 -1.1970808489014756e-9
vn 0.37351201914403664 0.4444039637046191 -0.8142443666360661
vn 0.5976826582028893 0.7651755852611121 0.23933608963932498
vn 0.6632590372895101 0.7173814262971283 0.21319319561770794
vn 0.7504040146416846 0.6437281493343915 -0.1500262795784853
vn 0.7170898287753429 0.6257929775291514 0.3068636940762924
vn 0.7663501465585445 0.6350753873971796 0.09688501015131121
vn 0.8514260776452145 0.5134492592966441 0.10697426061166573
vn 0.6785015997414575 0.4674328522567005 -0.5666940160081528
vn 0.8314696935210228 0.5555701114675393 5.038620415030284e-8
vn -0.8708753601508881 -0.40423250271208244 -0.2795929019721123
vn -0.2855608794722949 -0.06209737507640985 0.9563466422399511
vn 0.8674244793461103 0.48539188016181944 -0.10940518865256461
vn 0.8304418274070605 0.47174277609929044 0.296353040293088
vn 0.8724006446797247 0.47360468086570195 0.12089549794966446
vn 0.9365388070863538 0.3258286685287879 0.12934736791302248
vn 0.9501786440201125 0.30211568540729694 -0.07672455329931469
vn 0.762165300936354 0.33073371342327146 -0.5565242715765865
vn -0.9321560929152014 -0.28108215541516485 0.22820569744910324
vn -0.1297823328572567 -0.03616041659105563 0.990882924643517
vn -0.924364906298074 -0.24793278684633469 -0.28996353772700956
vn -0.29537957082183075 -0.009691729871099048 0.9553308220261799
vn -0.9809680126756337 -0.1851211365977775 0.058582615953578256
vn -0.6546780561446471 -0.06347030492762287 0.753238450422614
vn -0.5989954511717809 -0.05795734414543753 0.7986522370438349
vn 0.9103883097286155 0.2934147180263669 0.2917206347774905
vn 0.9458005677706004 0.29387623846573036 0.13819566733455568
vn 0.9827935157044204 0.11645480313417465 0.14337079310768244
vn 0.9930187198954165 0.10258315975098967 -0.05822814845735117
vn 0.9602162732028311 0.10035157838000679 0.2606036634299434
vn 0.9028123136818849 0.41094857980919863 0.12669329507580457
vn 0.3591016744013458 0.9285334128892145 -0.09418964163036823
vn 0.24397994305542983 0.9579518330454547 -0.15100355277781508
vn 0.5199922829158987 0.6986755011595074 -0.49138637525619633
vn 0.4831219668928095 0.690102227491636 -0.5388432802928004
vn 0.622554778193604 0.4328065806614974 -0.6520000091138153
vn 0.640897998606704 0.2794661264588075 -0.7149464592149757
vn 0.6201462071295865 0.28246378541870093 -0.7318694499087429
vn 0.9567119883963863 0.2608312614271844 0.12910935024597056
vn 0.007172383377764643 0.9459280980570315 0.32429707094404886
vn 0.02740394756741662 0.9435856549421405 0.329992629380012
vn 0.2002894874571824 0.8653222902025561 0.4594577840158357
vn -0.08581217279503718 0.6651080174105213 0.74180024007575
vn -0.12411719944804578 0.48340995694339 0.8665504799659187
vn 0.03812236751076394 0.22748741744393208 0.9730345112071125
vn 0.9238794989558955 0.3826835133749538 7.002846263061139e-8
vn 0.8160464009220898 0.177629407773212 -0.5500146043845036
vn 0.9807852789517018 0.19509032931342193 1.1444842914845053e-7
vn 0.5804526839076962 0.5693558487078137 0.5821585688509249
vn 0.23464200002397698 0.21878801381114812 0.9471403997493302
vn -0.2409648741246894 -0.17175413632480016 0.9552153925128063
vn 0.27281683954906666 0.16880765725288957 0.9471404050674058
vn 0.6803752855809836 0.4451751758613136 0.5821585124065812
vn 0.6853872476382913 0.7249438101854506 -0.06856232820294932
vn 0.814799799826201 0.5755756001731739 -0.06938310088539683
vn 0.7626564547199074 0.5292823941584336 -0.37177315571189146
vn 0.6787605947319516 0.3756363726219269 -0.6310161413169777
vn -0.7212427327275529 -0.3458439144692294 0.6001673994081083
vn 0.7010457450330219 0.4202358087445047 -0.5761395043042504
vn 0.9051517956547369 0.35039383607896923 -0.240674856312141
vn -0.26984232856357887 -0.12144403991199444 0.9552154013023656
vn 0.8627956845059481 0.3646435925505304 -0.3501694692713161
vn 0.3005074319491893 0.11234019909323209 0.94714041356654
vn 0.7541514040899102 0.30388671167237113 0.5821585060601366
vn 0.5379243082518143 0.19624090871370534 -0.8198334857390409
vn 0.844609448970881 0.27639541344016794 -0.4585198514114121
vn -0.9591399043505899 -0.2771138311016486 0.05708387245543481
vn 0.6100436476967289 0.26980927710023694 -0.7450165782689113
vn 0.9274754202718587 0.3363281289948972 -0.16331789380937692
vn 0.7477216006600425 0.221754711348991 -0.6258891722189397
vn 0.9569620037525182 0.22953069554236213 -0.17759330837000842
vn -0.193214532717378 -0.012534617252012015 0.9810764637464049
vn -0.2797184279153043 -0.06370428928303372 0.9579662648608949
vn 0.7596189034950075 0.08178700032204739 -0.6452053998777164
vn -0.9954672116633644 -0.09196391939022393 -0.024241865306834743
vn 0.8782256593533564 0.09321568642944 -0.46907411680549016
vn 0.9324138356442736 0.16833703566385455 -0.31979224744048984
vn 0.3166496987821311 0.05155543133894457 0.9471404361342837
vn 0.91404976151976 0.39949838066242505 -0.0701004801251053
vn 0.9765208342806266 0.20352913396074568 -0.07059002652682676
vn 0.7989460318294185 0.15091999042166507 0.5821583931501381
vn 0.19325463225270653 0.45678367623367 -0.8683324940593464
vn 0.5593743855480827 0.3305394313164649 0.760160496959486
vn 0.16385799355630903 0.9311303331142697 0.3258018733865873
vn -0.009134459201858533 0.2432112218150107 0.9699303393740909
vn 0.03709310295190313 0.9876292949260118 0.15235641606886227
vn 0.03592720556331448 0.9965715210123571 0.07452811152530436
vn 0.10635648941619942 0.5625385786873452 0.8199016066867313
vn 0.25593126031685787 0.954613395474517 0.15235634274042614
vn 0.2567845054335488 0.9635908260616768 0.07452810006315227
vn -0.037785328375500735 0.9715399004880723 0.2338428761351992
vn 0.02854207137026161 0.1943269208634489 -0.9805214928749016
vn 0.310464801084094 0.9010380555271389 -0.3028894679246646
vn 0.3332923364186189 0.8840789825341033 0.327598185474344
vn 0.492588192867099 0.8111116896720117 0.3153643910230511
vn 0.632895396636422 0.6986492127999944 0.3336655426776553
vn 0.16998005904730584 0.38974748898456024 0.9050987097308804
vn 0.4619358823982386 0.8737292376707563 0.1523563578989717
vn 0.46476548891495945 0.8822916742600028 0.07452812787880814
vn 0.45523295613332515 0.8253289011370206 -0.3340586185059023
vn 0.6494411789299857 0.7567507581706091 0.0745281498377527
vn 0.21717373807820978 0.2943462997801295 0.9306964184388395
vn 0.6447772214087163 0.7490325969126819 0.1523565013863843
vn 0.26683742080236 0.22969722982200827 0.9359684682037315
vn 0.8015512064782718 0.5932631967847982 0.07452813384158259
vn 0.7952868398031308 0.5867762010612371 0.15235659586671021
vn 0.6048361761515358 0.784037364890663 -0.13949412343784817
vn 0.3768489406162985 0.38172632915232313 -0.8439608317856142
vn 0.7437828679518041 0.6493689926838941 -0.15845174875050677
vn 0.4617815273148789 0.29740202152716216 -0.8356493634427631
vn 0.8231880777589589 0.40593013723443355 -0.3969661349792247
vn 0.9445596318863665 0.2434563184988313 -0.220309152768757
vn -0.034164793187930274 0.8738838280375874 0.48493280153109725
vn 0.16114927809773805 0.8595761050826424 0.4849328095102788
vn 0.34838263130536057 0.8021656488973508 0.48493279321349836
vn 0.5181465849571616 0.704531266606713 0.4849327900552527
vn 0.6619284700866748 0.5715687829389889 0.4849328065395833
vn 0.7551010805906728 0.5535914867724551 0.35122474836471984
vn 0.8558723845294269 0.3892337344888905 0.3405577210044498
vn 0.9166853535803282 0.20544207337955495 0.34275576875789904
vn 0.3323309490963868 0.17570157716153553 0.9266526296599193
vn 0.905917343741922 0.39509653925798205 0.15235646023042956
vn 0.9134681085170923 0.40002697094656614 0.07452809696698999
vn 0.1172263289343792 0.03142830635872512 0.9926078023892372
vn 0.9795799365247215 0.18673165351986654 0.0745280989423404
vn 0.9711213365284996 0.18360530319098162 0.15235630075336
vn 0.7725185287651016 0.4099454651669346 0.48493281834050844
vn 0.8443713181856439 0.2277657089914153 0.48493283950777766
vn 0.09370927614210647 0.7992152658299511 -0.5936948125335806
vn 0.3320932943192072 0.7503520157320909 -0.5715644288748244
vn -0.043928680066678515 0.9896572454798941 -0.13656063684952588
vn 0.07389670766936648 0.9874026984486073 -0.1399113565513428
vn 0.11498282260373496 0.9887968435618453 -0.09518273303603846
vn 0.19804221539454572 0.877115136969427 0.43754807441094234
vn 0.2008675469767273 0.9073401616884822 0.3693048328395819
vn 0.19644712379785595 0.8505698645138555 0.4877903577690232
vn 0.41198863815657544 0.682414936293004 0.6038006432210103
vn 0.14661618627070866 0.9882872404021267 0.04233230895878338
vn 0.9335178908241556 0.16178034549886475 0.3199554145837945
vn 0.19796168274538262 0.8491219651021016 0.48969690681661643
vn 0.20149742077181398 0.8457093839208949 0.4941400888113079
vn -0.058737121680753616 0.8752266788232707 0.4801335347719921
vn -0.35053181714148246 -0.15643675654731626 -0.9233931916428918
vn -0.4208989773538369 0.44033161162658746 -0.7930650179303247
vn -0.2794001160374779 0.8765918794221583 -0.391819157379233
vn 0.020045373982726353 0.992019315187322 0.12448237335932051
vn 0.37531118395014823 0.7352494364304906 0.5644021451328688
vn 0.8226733808143953 0.21578262757861572 -0.5259718301721884
vn 0.6269273857161911 0.21866369593527915 0.7477621554471623
vn 0.9989144978541766 -0.0008472863850836844 -0.046573684442176785
vn 0.9753375028016541 -0.21148273293756764 -0.06318076683525431
vn 0.6249714373746774 -0.7172584395966038 -0.3081412554223708
vn 0.7468212719191004 -0.5757022404642748 -0.3329037670762402
vn 0.8701848841040274 -0.4225079049907355 -0.2535060900593911
vn -0.546801160863346 0.28730619532636237 0.7864245930828889
vn -0.4864288538665429 0.254903106318299 0.8357101031550135
vn -0.9125704230595775 0.3992220786218487 0.088526577352307
vn -0.4019070076171962 0.32289246580443676 0.8568612564207356
vn -0.45356892738047716 0.3654449815555077 0.812850043717055
vn -0.4927025013435598 0.2476393815182675 0.8342175866589299
vn -0.44019055517324945 0.30618342862123166 0.8440876632044882
vn -0.8175486094720985 0.5694207983904686 0.08587331081657301
vn -0.033803090068589926 -0.9718204626151271 -0.23328596088135106
vn 0.14485893850703316 -0.9597240492378112 -0.24071900059861298
vn 0.3181730775188267 -0.9121776728521754 -0.25825914483748347
vn -0.16165298006355328 0.419277185530174 0.8933504103824369
vn -0.22599131784094245 0.3997144597407251 0.8883446825048791
vn -0.36515918994550134 0.9277923860846701 0.0765509916438694
vn -0.009885643311865184 0.4310313333712586 0.9022828069449763
vn -0.008498629621616885 0.07540763973599529 0.9971165735078324
vn 0.01701145429371891 0.9971471408252486 0.07354039683632754
vn -0.09562487374706512 0.9649468285812279 0.24440438116344806
vn -0.061763587595561505 0.4307189531927125 0.9003701697679123
vn -0.13434182273468429 0.420112495845749 0.897472988729231
vn -0.17758416039203384 0.9812813026095886 0.07450416851885154
vn 0.1996273206521149 -0.9568770322366495 0.2110338314755235
vn -0.021680235788385932 0.06103042864732532 0.9979004229657805
vn -0.2864014124500347 0.9389281594153756 0.1907567624056362
vn 0.4800783378782515 -0.8304221004670476 -0.2827081968319139
vn -0.339697330582124 0.40549245404148276 0.8486351355622717
vn -0.2584913392916087 0.3961782187955626 0.8810363479807207
vn -0.46767082865476983 0.8704931150197311 0.15338100511017105
vn -0.03128110672481675 0.048921425756975466 0.9983126696902005
vn -0.538581313569583 0.8388237982261724 0.07940279719934377
vn -0.3185584775605735 0.36664294419036203 0.8741243892317114
vn -0.3523924015185808 0.359332766282313 0.8641177919866411
vn -0.40952018499567594 0.31707486971920973 0.8554278140636142
vn -0.6912962167177376 0.7178270188483659 0.0826674770572474
vn 0.3223225526093125 -0.9304077774613045 0.17449796479882707
vn 0.16734377944377862 -0.4286434327946527 -0.8878405639547498
vn 0.2043255128548858 -0.9620736875210903 0.1807354546738391
vn -0.5975388938409416 -0.30304217611738876 -0.7423696584865125
vn -0.7644158157049135 -0.4982510605747707 0.4091629764975176
vn -0.26806816551141766 -0.5789451023038784 -0.7700402763217615
vn 0.6410498191930764 -0.7036556786916762 0.3064699253719372
vn 0.055778791243793216 0.9891482169098947 -0.1359210485221366
vn -0.6702068941759481 0.4429114393303905 0.5955268053658974
vn -0.31118840360918726 0.7406144233004944 0.5955267025570236
vn -0.004079640939474999 0.8033250164271235 0.5955268881521362
vn -0.16072205809981543 0.7870935011050622 0.5955268596447477
vn -0.008935456065149597 0.29577648311869964 0.9552153839102683
vn -0.00655545482337692 -0.9305683995837665 -0.3660593936892845
vn -0.06646692696975344 0.28834998365288883 0.9552153864687148
vn 0.1674598786648449 -0.9137663426340158 -0.37011925119724604
vn -0.1214440462760447 0.2698423559516875 0.9552153927562854
vn 0.32921174004572806 -0.8725870208183125 -0.36084833561412716
vn -0.050776653199637124 -0.5660612606333366 -0.8227978978461489
vn 0.13392526207488598 -0.8374802655404533 -0.5298026321267806
vn 0.32723980887907966 -0.5758938148597021 -0.7491731585495589
vn 0.5155450155889316 -0.5528917366482431 -0.654617494761252
vn 0.5233853481868324 -0.6821525722278234 -0.5106228015926357
vn 0.9015569738132473 -0.287785770144632 -0.3230702299360942
vn -1.9511752252385337e-9 -0.5024387250312353 0.8646128194683368
vn 0.30580205692915857 -0.47836945974574735 0.8231936357628487
vn 0.7719994034605246 -0.4503805250222942 0.4485245854323226
vn 0.30771997443379395 -0.8300746048836215 0.4650640468384595
vn 0.6428960566845229 -0.4948630932913443 0.5846325163704231
vn 0.253134870693866 -0.9603693861420386 -0.1166763874996297
vn 0.908679184317551 -0.4174945936815203 0.0006357945364536353
vn 0.9016008285448164 -0.2877830237705975 -0.3229502704701642
vn 0.9281892140697755 -0.3314552292935996 0.1691218905359673
vn 0.23689190863550386 -0.9699997232236603 0.054614655258919675
vn -0.20424022851869092 -0.8838102636334636 -0.4209101411831041
vn 0.13935461916616035 -0.9900507527163174 -0.019488385333520552
vn -0.0335299747498123 -0.9943673678779333 -0.10054490784116202
vn -0.9435569657255614 -0.0370083600803591 -0.3291361932618997
vn -0.8025979918724124 -0.009580941778886463 -0.5964433493610273
vn 0.2559029683242244 -0.9660719350969313 0.03490969809266881
vn -0.5275844846085033 0.1862690269556577 -0.8288295730711908
vn 0.2038936928075143 -0.9702168774749419 -0.1307920972233747
vn 0.2718890062030071 -0.9605463326348362 0.058541533697948615
vn 0.19006577167925243 -0.9619829075750789 -0.19612212513984184
vn 0.26353513727156563 -0.9643956847834081 -0.022140338624295458
vn 0.2537541672394688 -0.9666126908980146 0.03561921396526057
vn 0.2812662956632433 -0.9596116927091471 -0.005888135508146141
vn 0.2616456087881382 -0.9626490241488969 -0.06963068078843519
vn -0.19136286777173858 0.2590093545699439 -0.9467282646480125
vn -0.051820240428560996 0.32637980274068 -0.9438171894201127
vn 0.11023211163064811 0.3307040834955429 -0.9372746079590663
vn -0.5994572068565166 0.02064076447204655 -0.8001406226344174
vn -0.30258419415146615 0.1774005849169089 -0.9364677452645374
vn -0.35689435428234384 0.03374793104335278 -0.9335349468722004
vn -0.5583229137084548 -0.2369727522952658 -0.7950593931887779
vn -0.3361935038679804 -0.12444464933367722 -0.9335349255433288
vn 1.7813460428950378e-10 1.8592798411987133e-9 -1
vn -0.24890542686276265 -0.25798974121005697 -0.9335348852124563
vn -0.112318086209957 -0.3404368835978559 -0.9335348819387054
vn 0.046514534263427894 -0.35545609015157176 -0.9335348767327412
vn -0.4496956124163825 0.6656739048449141 0.5955267488383531
vn 0.4869251490153408 -0.7940500878293664 -0.3638521090698301
vn -0.5709212347035365 0.5651519223979208 0.5955268662071627
vn 0.6294892038084132 -0.6845898849901256 -0.367532354572841
vn -0.21546387550896443 0.20282721405069784 0.9552153891092259
vn -0.17175413632480016 0.2409648741246894 0.9552153925128063
vn 0.11234021380633609 -0.30050743144613995 0.9471404119810274
vn 0.1452155828923331 -0.22845662668464364 0.9626629754016269
vn -0.04160746864569238 -0.3793840644836786 0.92430327824191
vn 0.2574455447756304 -0.13221252004173967 0.9572051196161623
vn -0.2466102397357389 -0.7681708354179694 0.5908442749750061
vn 0.3158701971476901 -0.26408508547110937 0.9113095446584526
vn 0.37317645541770844 -0.919513881009309 -0.1234242915842476
vn 0.7563978491391211 0.6041215704337488 -0.25079757166761435
vn 0.46086899778373513 -0.8856317060906267 0.05706354395602893
vn 0.44831800535332866 -0.8914948716676554 0.06517560790881571
vn 0.3075604710647745 -0.9514927783152725 0.008249209192273291
vn 0.32035415547458496 -0.9371879457772917 -0.1380288714722601
vn 0.24890545290495716 0.25798976711501787 -0.9335348711098675
vn 0.40428984738481505 0.4494734768230577 -0.7965697163049541
vn 0.495260659459881 -0.8687381807180014 0.0032943214993629696
vn 0.4595340565495966 -0.8863690640452802 0.0563767077308218
vn 0.43585973394842403 -0.8980498789787087 0.05943658123357725
vn 0.5583229701907144 0.23697303409207537 -0.7950592695331681
vn 0.6294237976524805 0.5545707945653601 -0.5443132524235236
vn 0.7441304247174566 0.33516865613402735 -0.5778683958784453
vn 0.8630738350198994 0.40344232750076775 -0.3038714262394653
vn 0.33619343977851507 0.12444491589448514 -0.9335349130899737
vn 0.35689438024376896 -0.03374793440544784 -0.9335349368254954
vn 0.30690815245133546 -0.18525653594829097 -0.9335348958916038
vn 0.196134538422029 -0.30007296948039286 -0.9335349248020648
vn 0.6058502136318538 -0.028742111930194852 -0.795059374917389
vn 0.5333817556084385 -0.28876405710091274 -0.7950592569806861
vn 0.8158626576387463 -0.020889470404907778 -0.5778682842108958
vn 0.9526497311165986 -0.010984652889628035 -0.30387139912200856
vn 0.5295154891287712 -0.845409308626535 -0.06997462154468813
vn -0.5999936253714098 0.005887567793134699 0.799983116108805
vn -0.6556949572246027 0.0635702978353465 0.752344960974254
vn -0.5950343103873836 0.05756735144739823 0.801635933269675
vn -0.9982266911412397 0.010738371752304823 0.05855049500491906
vn -0.5961849699758145 0.05262138703593403 0.8011207594372721
vn -0.5703787363984626 0.1507187676029176 0.8074354154709531
vn -0.6181231665205215 0.18449154281498234 0.7641247421988056
vn -0.5546526305378149 0.16514429427853444 0.8155291665567376
vn -0.9743063168935526 0.21117063747930498 0.07832089585738962
vn 0.9882411902900908 -0.038734823254136456 0.1479153923075461
vn 0.9902291235636044 -0.1028508984534635 0.0941699290313592
vn 0.9931322033540855 -0.10301042652459101 0.055473224967376424
vn 0.9778203519524798 -0.15331883965796678 0.14269089919635072
vn 0.9437297186392025 -0.30059481303551666 0.13790205413014864
vn -0.5584424818974952 0.15788229049747024 0.8143802408945333
vn -0.5154768739070951 0.23575363662185447 0.8238348228173772
vn 0.9238311717875998 -0.2971554420894048 0.24131848099596676
vn 0.8360078877358823 -0.2613244039979565 -0.4824939041257424
vn 0.9088112020840832 -0.39781713069787084 0.12571288513830595
vn 0.8662995562331699 -0.48487596955400186 0.12008485757696447
vn 0.7649806283788742 -0.3049356099916889 -0.5672908530586931
vn 0.983592289196493 0.1325060450618329 -0.12242694415558125
vn 0.5527705565937375 -0.02768576153057366 -0.8328734660028028
vn 0.5947526726948358 -0.212683559665738 -0.7752644463473479
vn 0.42802086963547836 -0.39274493310407477 -0.8139714692036599
vn 0.776866422553026 -0.4690647044024557 -0.42006769048987863
vn 0.5114858803215995 -0.6151540347565214 -0.5999730891918494
vn 0.27352607050859074 -0.8319606124323462 -0.48272665983279267
vn 0.21884105928727154 -0.9348106907330651 -0.27970978399261415
vn 0.21403515639914766 -0.9376509321476072 -0.27386069682945674
vn 0.5502772337531948 -0.8288928875867417 -0.10065558564255143
vn -0.036391156994459904 0.20767913380705044 0.9775198520100539
vn -0.01385736856429005 -0.32129210661367935 0.9468787438548916
vn 0.111574095550892 -0.16938887093684316 0.9792132717670559
vn -0.059753440237793096 -0.3212524051988502 0.9451065646442746
vn 0.10973260728126158 -0.9785640993101817 0.17427294236486937
vn -0.09380508747852896 -0.9774126786217983 0.18938073089020185
vn -0.09415067814930031 -0.9771813239946108 0.19040039348742507
vn 0.908876498409053 -0.27488563061651555 0.31365809525701555
vn -0.048750594011239524 -0.7830626328836888 0.6200292675066368
vn -0.06517452800622185 -0.9775714955252437 0.20026545392479655
vn -0.03987781396394349 -0.7384464861953999 0.6731318941924563
vn -0.13770983824785168 -0.5351305491898711 0.8334694330168907
vn 0.91236396216485 -0.3891489274824744 0.12710276465166212
vn 0.8346663271569459 0.014578017675417807 -0.5505629879595881
vn 1 3.1589484361660425e-9 -1.1301218849624206e-9
vn 0.8190739565344564 -0.14928953011454424 -0.5539228194660067
vn 0.9807852789517013 -0.19509032931342185 -1.1815396646573388e-7
vn 0.9238795094926097 -0.38268348793708223 -6.534463674260613e-8
vn 0.8111313577962088 -0.5758764145270343 0.10213851179239866
vn 0.8222505648356321 0.5478631390009379 0.15411031617488488
vn 0.3583955456342778 0.9198369357108357 0.1595388497251014
vn 0.12794904340329769 0.9893627708273345 0.06921235433822796
vn 0.8406256191797232 -0.5246178950636855 0.13462775552483586
vn 0.7547579572693138 -0.6490146063591284 0.09550113439723196
vn 0.7012405206239101 -0.4683299236254606 -0.5375209901688287
vn 0.7369749050787334 -0.6407766429790542 0.21511225696525405
vn 0.7414851806984596 -0.6700713654623766 0.03470002870256741
vn 0.42938274225940215 -0.37725815247967337 -0.8205527082628021
vn 0.6076325079081673 -0.7664461010907571 0.20819008010951934
vn 0.8468725510788572 -0.4797964297486358 0.22935184374591566
vn 0.6847482422187658 -0.44192350546701703 -0.5795027697035223
vn 0.8392041716311807 -0.5437427030102296 0.008957189288652835
vn 0.06561133231823756 0.9889604994565439 -0.13286189666751422
vn 0.2736785686758329 0.9374947468784134 -0.2149503212905881
vn 0.8111590892731754 0.5733729706699355 0.11517103973936511
vn 0.914708328925956 0.3994117732229456 0.06147282655277362
vn 0.5997107195196542 -0.03126512181996743 -0.7996058685695104
vn 0.7576214722484529 -0.08164190556309381 -0.6475679918310613
vn 0.9784182058643267 0.03510524987358178 -0.2036306358693248
vn -0.1974488086907126 0.013012433669497225 0.9802268331955698
vn 0.8764055859060891 -0.09298248474169458 -0.4725119115153238
vn 0.5585198447491354 -0.18917310390594694 -0.8076317971575855
vn -0.9953573675038975 0.09187067798566208 -0.02869650644530999
vn 0.9701744629006502 -0.1554298504223448 -0.18601901282697542
vn 0.5467140240581597 -0.22456052074804725 -0.8066451192559834
vn 0.9190213853533773 -0.3603963621852322 -0.15973151031280675
vn -0.2875288143993818 0.07260328569497408 0.9550162008030962
vn 0.7201179546613207 -0.23958026806375918 -0.6511769548509019
vn 0.8436189907460231 -0.27600130496229647 -0.46057602859003727
vn -0.2669184736204664 0.04775760574104155 0.9625350588596778
vn -0.27047151627933785 -0.005473523461596856 0.9627124178187749
vn 0.9473137492734377 -0.028980887277236668 -0.31899336765852426
vn 0.32062333156301176 -0.011210466502218514 0.9471404355734356
vn 0.9208062237579191 -0.22443044055080327 -0.3189778607409194
vn 0.3122756538508641 -0.07354559139346335 0.9471404130320916
vn 0.5968071210428332 -0.2690649623284601 -0.7559267863488828
vn 0.9147143942510766 -0.38672116324874567 -0.11723616696831664
vn 0.7250700760656636 -0.4172261155761703 -0.5479012258385197
vn -0.7282887078579036 0.33565086022195484 0.5974395852627501
vn -0.2637601502671253 0.1018579307262184 0.9591952590996456
vn 0.8598750786125454 -0.4068944135551922 -0.3083046957129342
vn 0.7507919162488168 -0.5481054252074054 -0.3686352416056272
vn 0.29192728686820313 -0.13305440947369457 0.9471404242779294
vn 0.7481458635907502 -0.31838538616131745 0.582158494459163
vn 0.9974886207057232 -0.003058978830695634 -0.07076082398550426
vn 0.9752613090357214 -0.2094847513599348 -0.07057986997436022
vn 0.911630576025626 -0.40499159921933764 -0.0700820762887967
vn 0.813037483743168 -0.007846624867066004 0.5821584668342231
vn 0.7958843635778047 -0.16631163505713187 0.5821585006310364
vn -0.250893469315797 0.1568950238697442 0.9552153780899864
vn 0.2603604227941415 -0.18744999389455033 0.9471404067145425
vn 0.2011621861210861 -0.20995379658311264 0.9567931741893451
vn 0.6631702870834656 -0.4438276947246979 0.6026791416043814
vn 0.24613371568916975 -0.06859503708022316 0.9668055207170706
vn 0.627664508926436 0.569673778887478 0.5305742642478964
vn 0.24278635018606215 -0.03005862078481678 0.9696139785914006
vn 0.4716951038827589 -0.40510932348122475 0.7831922912041573
vn 0.8113947595325215 -0.5803686440902667 -0.06935979498230119
vn 0.6812055668071083 -0.7288768845890349 -0.0685380395312622
vn 0.4923493044364434 -0.6508922677750114 -0.5778679937249106
vn 0.5275701853375832 -0.26971283416592295 0.8055586177486114
vn 0.1628339108913533 -0.5842596771234665 0.7950633604634346
vn 0.4002090477850439 -0.4557485377342118 0.795063512195168
vn 0.5250137944483105 -0.6248416781770157 0.5778697023135214
vn 0.17902128633394462 -0.9784547815004826 -0.10284755513955068
vn 0.1882441532100521 -0.9770422195713472 -0.09976291874903154
vn 0.37149650519973765 -0.9144793911690832 -0.16036767053057838
vn 0.7253038759250426 -0.39533870736619553 -0.5635970138548786
vn 0.2746818367259673 -0.9564651263350842 -0.09861212236667777
vn 0.5990082633691283 -0.7952308670871274 -0.0937921555747424
vn 0.14429282828042342 -0.9893558406077261 -0.018830835409398873
vn 0.6894429273696815 -0.7183044498250495 0.09331220317545337
vn 0.8488646596149104 -0.44049041687352025 -0.292227620699096
vn 0.8935632217754919 -0.4488160366478342 0.01043714223019022
vn 0.19097607254669008 -0.9715047690764876 0.14038028129435287
vn 0.3162876424587363 -0.9384998848348066 0.13849221419613833
vn 0.3612841936984063 -0.8912904792513011 0.27399819886210597
vn 0.7256131767013707 -0.35392764204784827 0.5901023148503957
vn 0.4648362019706729 -0.882148906228356 0.0757668303256469
vn 0.530173428439836 -0.8168478128159107 0.22732308829991946
vn 0.8518494969941436 -0.41875129969072966 0.31464231037505
vn -6.807812783373131e-11 -0.4489795953602095 0.8935420096168857
vn 0.07161799227038473 -0.7427526871944002 0.6657246494224593
vn 0.10657637508490453 -0.7327026089006116 0.6721520387412354
vn 0.12019297456994872 -0.6465974437421673 0.7533029899118431
vn -0.02570293098301556 -0.9552034138196562 0.29483181233740197
vn 0.12372863071236043 -0.3663843506561738 0.9222004844589371
vn 0.28836426509082935 -0.2931934930771744 0.9115281818110895
vn 0.22377509256153746 -0.9267352379710561 0.3018054118994645
vn 0.09975921435017772 -0.9938716364490647 0.047615852552417466
vn 0.17290787827108037 -0.9646331906839765 0.198961486380265
vn 0.16117986826885738 -0.8000560298721204 -0.5778679772492108
vn 0.20127516796572675 -0.9312097939126731 -0.3038694234066424
vn 0.22252086396872564 -0.9749279281559804 3.1518275406468624e-7
vn 0.2226943500397382 -0.9263211395988026 0.3038690059758553
vn 0.2019124009797377 -0.7907577669768338 0.5778698264284171
vn 0.5853797092882914 -0.7516609892228229 -0.30386897379318417
vn 0.6234896580142245 -0.7818315971801657 1.286229961470396e-7
vn 0.6025563544477139 -0.7379631480948823 0.30386877392810857
vn 0.03260571562753371 -0.9693171539968009 0.24364138046719172
vn 0.01691184718885664 -0.4836848284361512 -0.8750788399712061
vn 0.0078465195400219 -0.813038428341698 -0.5821571490334632
vn 2.7017934556283763e-9 -1 1.1301217739401181e-9
vn 0.1191381506351812 -0.5058623519540579 -0.8543473426766994
vn 0.166311716118479 -0.7958852890190362 -0.5821572122758694
vn 0.19509031790856673 -0.980785281220268 1.1815395955852902e-7
vn -0.48318395400104575 -0.846878952514527 0.2221020179642963
vn -0.3077329157532273 -0.8559200926006532 0.41557339621841366
vn 0.2730487307810785 -0.7231698687239757 -0.6344050217239691
vn -0.9288667441439352 -0.3704113066605158 -0.0014267170337671736
vn -0.6459360149830606 -0.7480417521447138 0.1523161238873608
vn 0.3489334506835396 -0.9367415699770095 -0.027580392874021482
vn -0.011210466502218514 -0.32062333156301176 0.9471404355734356
vn -0.007846622624281761 -0.8130375039592396 0.5821584386308606
vn 0.05155543505433311 -0.31664969872131565 0.9471404359523768
vn 0.15091999042166507 -0.7989460318294185 0.5821583931501381
vn -0.863073842968638 -0.40344242062336033 -0.3038712800264458
vn -0.7441305473756666 -0.3351686874898007 -0.5778682197428363
vn -0.40021278432122054 -0.45575259952074687 -0.7950593030057177
vn -0.5250139805821221 -0.6248430577955428 -0.577868041440285
vn -0.6025555072404604 -0.73796277486134 -0.303871360304229
vn -0.1628355839635448 -0.5842646987759079 -0.7950593275721939
vn -0.20191239291114513 -0.7907591050377178 -0.5778679982390812
vn -0.22269372510866953 -0.9263204877649767 -0.3038714510184859
vn 0.29214400324051226 -0.7595277499089689 0.5811793858085696
vn -0.08305355195604333 -0.91987586399945 0.38331514754670243
vn 0.35527025611699037 -0.49159307826732124 -0.7950593000010927
vn 0.10679281331406981 -0.5970560216358275 -0.7950593701434282
vn 0.16118088511647982 -0.8000559879813596 -0.5778677516250916
vn 0.7260030595050112 -0.372810487446814 -0.5778684089297771
vn 0.8535414454614283 -0.42323637586354884 -0.30387163576994863
vn 0.4923501502111564 -0.6508916472810933 -0.5778679720202154
vn 0.5853786863687452 -0.7516606192158598 -0.3038718596139377
vn 0.2012749758059171 -0.9312090858525447 -0.30387172053351036
vn -1.2105481012910494e-7 -0.9999539215539645 0.00959972753952649
vn 0.2623834544328136 -0.9643250462504899 0.03510168106934533
vn 0.9967426051600463 0.04387230794187425 0.06767126165971526
vn 0.1521761672116589 -0.025295513893708807 -0.9880296306840308
vn 0.7437828784887429 -0.649369001883301 -0.15845166158827578
vn 0.36028337389561454 -0.4025349011005699 -0.8415233472045486
vn 0.7829296483021493 -0.4887351327607597 -0.38491445259277474
vn 0.8546068770236673 -0.33325738112018266 -0.39822933552511136
vn -0.008058576857314242 -0.9027926340005097 0.4300006038756882
vn -0.9884918989612251 0.0025278618716427486 -0.15125268791789806
vn -0.3761348646043342 -0.9200876163582999 0.10936791967108424
vn -0.6650807275711287 -0.7166615143866184 0.20991402909414325
vn -0.19997935911137724 -0.9617924413192839 0.18698544261651623
vn -0.03271357687669575 -0.9704291143020369 0.23915926911348556
vn -0.04258462094688232 -0.9682713271650513 0.24624619194789718
vn 0.24246060605845274 -0.9631797575027805 0.11617921176636062
vn -0.7494033154434866 0.2623996796042709 0.6078989052020786
vn -0.9989504643453206 -0.041089437199861745 -0.02023926715241816
vn -0.9536073319709062 -0.02056036541140421 0.3003503417435703
vn -0.8158628297065074 -0.02088947768275832 0.5778680410140641
vn 0.14309683124697514 -0.8899379771236601 0.43305160634746814
vn 0.25866272827389486 -0.9607199945487166 0.10055190239980095
vn -0.5583185539881976 0.23697006644408128 0.7950632552709349
vn -0.3739571558770686 0.4098741100351948 0.8319610925344951
vn 0.2656447870718234 -0.9574757158159599 0.11257486719637158
vn 0.29366207176875825 -0.9423295872873622 0.160553843078608
vn 0.2743077018267616 -0.9263955483543499 0.25796622396694435
vn -0.605845030405136 -0.02874246222026432 0.7950633119437196
vn -0.5333766261695965 -0.28876238630881296 0.7950633049695971
vn -0.2489010869498501 0.2579864293431537 0.9335369575919067
vn -0.11195213350719849 0.33871796736397647 0.9342038633981358
vn 0.04705161577230367 0.3541688602922596 0.9339970898522636
vn -0.33618816421555 0.12444352988219738 0.9335369977198745
vn -0.3568890459856942 -0.03374661196119425 0.93353702392383
vn -0.30690413758438206 -0.1852528455588485 0.9335369481418162
vn 3.0876663448253794e-9 7.57072071699838e-10 1
vn -0.19613221245315124 -0.3000680201717414 0.9335370043594647
vn -0.04651460075832566 -0.35545063204461624 0.9335369516496796
vn 0.11231572459580977 -0.34043193707891883 0.9335369699295327
vn 0.03778533196380813 -0.9715398969659569 0.2338428901886115
vn 0.22144505774205062 -0.9723408394593993 -0.07426559311693783
vn 0.3805640845110305 -0.873413303519896 -0.30384235849325414
vn -0.03592720556331448 -0.9965715210123571 0.07452811152530436
vn 0.009134458270613679 -0.24321122181707974 0.9699303393823423
vn -0.03709310667206781 -0.9876292947895386 0.15235641604780928
vn 0.14825253254678397 -0.5529760146942414 0.8199016488374317
vn 0.1867316248604 -0.9795799425200583 0.07452809194789504
vn 0.18360528879215168 -0.9711213391854219 0.15235630117019652
vn 0.6580639866457941 -0.6746602437999355 0.33434315443217233
vn 0.4485001318871315 -0.8913894400768366 0.0653643466786721
vn 0.4484926703499788 -0.8914090282284898 0.06514805472985703
vn 0.7712041163660633 0.6343441625356512 0.05340125800936619
vn 0.5080763597945448 -0.8574068378081771 0.08192635166847478
vn 0.4569125570650021 -0.8866334150006645 0.07149896922739912
vn 0.691926956596427 0.6291277412415655 0.3541685642960032
vn 0.30458387386261265 -0.9395716083529613 0.15631332815813687
vn 0.5175807433321657 -0.6671600882774731 0.5357308939582606
vn 0.15409104792788741 0.5080462186069126 0.8474343565773709
vn 0.5144608521578242 -0.7583147743015821 0.40036075566042434
vn 0.7172951155288033 -0.17997290327092635 0.6731251527960863
vn 0.7225092484085895 -0.6198385812029373 0.30623605146420085
vn 0.3604615865735859 0.4689813176890504 0.8063026530177707
vn 0.853541970128292 0.4232373535014756 0.30386880035729374
vn 0.5615592607816197 0.5597144374182523 0.6094021210793167
vn 0.5333768863599878 0.2887623086887842 0.7950631586092064
vn 0.7260030344988221 0.3728104746058632 0.5778684486305281
vn 0.6058450937288916 0.028742641210640466 0.7950632572197428
vn 0.8158626096393198 0.020889468839404377 0.5778683520354153
vn 0.5583185039349743 -0.2369703387189469 0.7950632092678163
vn 0.336381409802347 -0.8284203513839439 0.4478473719385751
vn 0.1961322715188893 0.30006798954493147 0.9335370017944139
vn 0.30690399159453985 0.18525304109794166 0.9335369573334005
vn 0.35688907199210107 0.033746611602261146 0.9335370139946155
vn 0.33618810043785713 -0.12444378910781517 0.9335369861320305
vn 0.24890109901415855 -0.25798645620507304 0.9335369469519094
vn 0.900969158470666 0.43388313574583187 -1.5529959015989906e-7
vn 0.9999999999997506 -7.062120062071757e-7 -1.7681685976485037e-11
vn 0.9526506177128427 0.010985324287038684 0.303868595319832
vn 0.51040821285834 -0.7879119363875237 0.3444970779916984
vn 0.29106798042653187 -0.511483358510757 -0.808495024559197
vn 0.604836169865398 -0.7840373567420648 -0.1394941964938748
vn 0.5932631967847982 -0.8015512064782718 0.07452813384158259
vn 0.2833151832344645 -0.20903478673673162 0.9359684636154955
vn 0.7567507581706091 -0.6494411789299857 0.0745281498377527
vn 0.7490325690486914 -0.6447772487314944 0.15235652274373362
vn 0.23864067896649266 -0.27722698224410747 0.930696420245741
vn 0.5867762010612371 -0.7952868398031308 0.15235659586671021
vn 0.19873594830995409 -0.3758993667917926 0.905098717762252
vn 0.40002697094656614 -0.9134681085170923 0.07452809696698999
vn 0.3950965401549649 -0.9059173457986152 0.15235644567516143
vn 0 0 1
vn 0.40994542852388355 -0.772518515874144 0.48493286985311634
vn 0.034164793187930274 -0.8738838280375874 0.48493280153109725
vn 0.22776572311954563 -0.84437131531987 0.4849328378619284
vn 0.5715687972292864 -0.6619284270314891 0.484932848466141
vn 0.7045312564247398 -0.518146577468843 0.4849328128492665
vn 0.9390490958036584 0.01127064379619185 0.34359826579706565
vn 0.9212688644314448 -0.18347961883264058 0.34292697313309284
vn 0.8646968042555232 -0.36892864259410185 0.34086814662558124
vn 0.6366117395837977 0.023909685379150405 0.7708137388300502
vn 0.9965715210123571 -0.03592720556331448 0.07452811152530436
vn 0.9876292949260118 -0.03709310295190313 0.15235641606886227
vn 0.44403660674845036 -0.08395188373164587 0.8920670227540249
vn 0.9635908255266162 -0.25678450529096203 0.07452810747234927
vn 0.954613395474517 -0.25593126031685787 0.15235634274042614
vn 0.8822916625292173 -0.4647655125378462 0.07452811943731556
vn 0.3445740110044841 -0.15027860094544787 0.9266526280317564
vn 0.8737292396543722 -0.4619358834469655 0.15235634334370296
vn 0.7800446289933852 -0.5361261462127822 0.32264397115954674
vn 0.8738838280375874 0.034164793187930274 0.48493280153109725
vn 0.8595760947240514 -0.16114926125459722 0.48493283346876614
vn 0.8021656373043533 -0.34838262627049155 0.48493281600751226
vn -0.9009691813417052 -0.4338830882535694 -5.072194962305213e-8
vn -0.8535422060060719 -0.4232371138230168 0.3038684716272008
vn -0.7260031489539388 -0.3728104423622239 0.5778683256371195
vn -0.6234903202836812 -0.7818310690375609 -3.7078444058432684e-7
vn -0.5853785870956069 -0.7516618369079443 0.3038690387422285
vn -0.35526671996209497 -0.49158942686364693 0.79506313779677
vn -0.4923501445914939 -0.6508916792508038 0.5778679407985909
vn -0.16118091200996743 -0.800056033147378 0.577867681591657
vn -0.10679109201993657 -0.5970510136714318 0.7950633620907865
vn -0.22252144219975 -0.9749277961784337 -7.513408308171041e-8
vn -0.20127454806775402 -0.9312101194676281 0.3038688363442477
vn 0.40021011444029664 -0.4557479345950541 0.795063321007847
vn 0.20191235003015906 -0.7907591121752572 0.5778680034550256
vn 0.1628349696418696 -0.5842596202747764 0.7950631853998182
vn 0.8630749754700546 -0.4034420630016285 0.3038685382173592
vn 0.6234891922116153 -0.7818319686449128 3.569402003219967e-7
vn 0.6025565229063661 -0.7379631354125568 0.3038684706827251
vn 0.7441304321504296 -0.335168629679639 0.5778684016506594
vn 0.5250139805821221 -0.6248430577955428 0.577868041440285
vn 0.2225201311736555 -0.9749280954113755 8.39567574518463e-8
vn 0.2226946168638076 -0.926321193393191 0.30386864644200495
vn 0.9009685453033658 -0.4338844090007296 1.5708441370505182e-7
vn 0.39898896041088916 -0.23576621607102086 -0.8861275872185623
vn 0.2570983734003646 -0.6076871077496938 0.7514098784749231
vn 0.004173474414743874 0.30874020071385316 -0.9511372511759169
vn 0.15187070003893086 -0.02853757931338483 -0.9879883081477319
vn 0.36243665966420413 -0.2103177501457327 -0.9079681226260594
vn 0.17878433734674662 -0.27581881971820477 -0.9444364136397649
vn -0.2824741028259442 0.7318375764608221 -0.6201791216355385
vn 0.2803914247656834 0.5818243024063866 -0.7634534236266097
vn 0.1640766401508927 0.3121614436179595 -0.9357532202857471
vn 0.1230178897652746 0.4392788321765179 -0.8898880302596126
vn -0.342509834755029 -0.721283731310435 0.6020272353000145
vn -0.2617040181077693 -0.7454371776499231 0.6130533590835021
vn -0.23600206797334633 -0.9558064746489803 0.17531972773020182
vn 0.051580032696773845 -0.30322732639878885 -0.9515212497637887
vn 0.14985396294790218 -0.6017005574803234 -0.7845382265490172
vn 0.24040526048367303 -0.6699646086518098 -0.7023907273631995
vn 0.2047287283688567 -0.714284559446415 -0.6692411493003938
vn 0.10441591478566015 -0.7599452652423282 -0.6415454080384654
vn 0.2862694532021999 -0.8881304768719133 -0.3595470153047878
vn -0.14894389851287457 -0.9737695288892955 0.1720134288435245
vn -0.349612344943234 0.29919629408550474 0.8878360129375207
vn -0.5299387495556098 -0.04592591455972816 0.8467914336430719
vn -0.32111721807231175 0.19501481692981704 0.9267431971346374
vn -0.42997530890407026 -0.20270154251450853 0.8797916335105083
vn -0.36876451234022417 0.4473436087599877 0.8147983984643489
vn -0.3507268158071015 0.3265213395731385 0.8777098127953079
vn -0.4197475686723 -0.24996515062408042 0.8725419199483617
vn -0.3885552536058015 -0.40953656513894415 0.8254117861464824
vn -0.4100228208801744 -0.4503327264807455 0.7931467214947575
vn -0.3625182637409493 -0.6908309703584378 0.6255662066063568
vn 0.4197494382344068 0.9069232333213679 0.03606463591686022
vn 0.4390818414307651 0.8971639744159818 0.04799937016136601
vn 0.5116006718302019 0.3812886466317504 0.7699894288447174
vn 0.4817255686931464 0.749496154397116 0.45408808728175093
vn 0.5795149142859919 0.8016415149496302 0.14674244658367042
vn 0.8172458838632359 0.0026531940713052245 0.576283025838709
vn 0.9999284545063465 -0.00444572782600687 -0.011105015652682113
vn 0.7583838752078278 0.5834878722198046 -0.29050955371065296
vn 0.7632102898090627 0.613084728006245 0.20405188020470436
vn 0.5548524181783223 -0.7609047781731388 0.3363966596073068
vn 0.5362803889725862 -0.5251390292626708 -0.6607816162307116
vn 0.5846645856676767 -0.5035954138976865 -0.6360495117262978
vn 0.2830066736536943 -0.8629438450682398 -0.4186109684734899
vn 0.5337395013887662 -0.5093747321951975 -0.6750255749661207
vn 0.12562951156196586 -0.9400560639327035 -0.31703599557156725
vn 0.3030812704339362 -0.9387316592335428 -0.16408721907811954
vn 0.3156850320635313 -0.9453160114795386 -0.08197925939811936
vn 0.7086538530740258 -0.6714992984962522 0.2165604041425348
vn 0.985673997868252 -0.15794577781836663 -0.05915996277693464
vn 0.8189683810429992 -0.13082309472789858 -0.5587272221197247
vn 0.6955171103417822 -0.7053168290238272 -0.1370551710720553
vn 0.44647159980010337 0.8910568318104863 0.08173636311822877
vn 0.0008945422733344077 0.871593905927328 0.4902277663948313
vn -0.01874512622048218 0.8751766689972148 0.4834401910122057
vn -0.18977114944129608 0.6620834604433411 0.7250051049800271
vn 0.004871528647698871 0.8708263728612795 0.4915665738614684
vn -0.04789580005085114 0.8761329005178787 0.4796844097608528
vn -0.13986679528656418 -0.9800893396010351 0.14093319685820369
vn 0.1605830524201492 -0.9172908855751915 -0.36440432834436637
vn 0.17906633485120987 -0.9109485982328106 -0.3716287113513057
vn -0.005090171025312808 -0.9997363725324048 -0.022389184770370205
vn 0.15928912020892244 -0.923685840485089 -0.3484701483203722
vn -0.09187576823912508 -0.6799976754749537 -0.7274352236172854
vn 0.24826913441580603 -0.9187121157998077 -0.30713268334559735
vn 0.6990813231297326 -0.38103456473719444 0.6050602979263463
vn 0.5516665112917316 -0.8086103393037284 0.204483200997831
vn -0.4173548728615232 0.29707586131643887 0.8588136251375136
vn 0.28607571216798083 0.9379212290332979 0.19612357083290768
vn 0.6226740947517161 0.7334934322258808 -0.2725148741016316
vn 0.7580127783874855 0.2600044333352435 -0.5981758290396758
vn -0.0941414694786645 0.7694304077103251 0.631754882383287
vn -0.5259868405433474 -0.29530935933943236 0.7975777240255405
vn 0.7638143015526775 -0.2003443017227054 0.6135551104104972
vn 0.6534090026529761 -0.34632220781694445 -0.6731401069798473
vn -0.39445053752184317 -0.7900701009185817 0.469252606900837
vn -0.06697636033330025 -0.9977419876573538 -0.005009313531527708
vn 0.3449258792034977 -0.8250050515351964 -0.4476525469570143
f 4210//4210 3274//3274 4207//4207
f 3275//3275 3274//3274 4210//4210
f 3275//3275 3335//3335 3274//3274
f 3275//3275 4210//4210 4269//4269
f 3275//3275 3336//3336 3335//3335
f 3336//3336 4273//4273 3335//3335
f 3275//3275 4269//4269 3336//3336
f 3336//3336 4269//4269 4274//4274
f 3336//3336 4274//4274 4273//4273
f 4210//4210 4207//4207 4216//4216
f 4210//4210 4216//4216 4269//4269
f 4216//4216 4207//4207 4215//4215
f 4216//4216 4215//4215 4271//4271
f 4269//4269 4271//4271 4274//4274
f 4271//4271 4215//4215 4270//4270
f 4274//4274 4271//4271 4270//4270
f 4216//4216 4271//4271 4269//4269
f 4274//4274 4270//4270 4273//4273
f 3237//3237 3239//3239 3250//3250
f 3238//3238 3240//3240 3242//3242
f 3237//3237 3238//3238 3239//3239
f 3238//3238 3242//3242 3239//3239
f 3240//3240 3241//3241 3243//3243
f 3240//3240 3243//3243 3242//3242
f 3238//3238 3335//3335 3240//3240
f 3240//3240 3335//3335 3241//3241
f 3246//3246 3249//3249 3247//3247
f 3247//3247 3249//3249 3248//3248
f 3237//3237 3250//3250 3246//3246
f 3237//3237 3246//3246 3274//3274
f 3246//3246 3250//3250 3249//3249
f 3246//3246 3247//3247 3274//3274
f 3249//3249 3250//3250 3270//3270
f 3248//3248 3249//3249 3271//3271
f 3247//3247 3248//3248 3252//3252
f 3248//3248 3253//3253 3252//3252
f 3252//3252 3253//3253 4193//4193
f 3252//3252 4193//4193 4207//4207
f 3253//3253 4194//4194 4193//4193
f 3247//3247 3252//3252 3274//3274
f 3252//3252 4207//4207 3274//3274
f 3248//3248 3273//3273 3253//3253
f 3253//3253 3272//3272 4194//4194
f 3253//3253 3273//3273 3272//3272
f 3272//3272 4208//4208 4194//4194
f 3237//3237 3274//3274 3238//3238
f 3239//3239 3276//3276 3250//3250
f 3250//3250 3276//3276 3270//3270
f 3239//3239 3242//3242 3264//3264
f 3242//3242 3265//3265 3264//3264
f 3242//3242 3243//3243 3265//3265
f 3243//3243 3327//3327 3265//3265
f 3238//3238 3274//3274 3335//3335
f 3239//3239 3264//3264 3276//3276
f 3249//3249 3270//3270 3271//3271
f 3248//3248 3271//3271 3273//3273
f 3241//3241 3315//3315 3316//3316
f 3241//3241 3316//3316 3243//3243
f 3241//3241 3335//3335 3315//3315
f 3315//3315 3317//3317 3318//3318
f 3315//3315 3335//3335 3317//3317
f 3315//3315 3318//3318 3316//3316
f 3317//3317 3343//3343 3318//3318
f 3317//3317 3321//3321 3343//3343
f 3243//3243 3316//3316 3328//3328
f 3243//3243 3328//3328 3327//3327
f 3316//3316 3318//3318 3329//3329
f 3316//3316 3329//3329 3328//3328
f 3318//3318 3337//3337 3329//3329
f 3317//3317 3335//3335 3321//3321
f 3318//3318 3343//3343 3337//3337
f 3321//3321 3335//3335 4273//4273
f 3337//3337 3343//3343 3338//3338
f 3338//3338 3344//3344 3339//3339
f 3339//3339 3347//3347 3341//3341
f 3321//3321 3345//3345 3344//3344
f 3321//3321 3344//3344 3343//3343
f 3321//3321 4273//4273 3345//3345
f 3338//3338 3343//3343 3344//3344
f 3339//3339 3344//3344 3347//3347
f 3345//3345 3346//3346 3347//3347
f 3344//3344 3345//3345 3347//3347
f 3345//3345 4273//4273 3346//3346
f 3346//3346 4273//4273 3351//3351
f 3341//3341 3347//3347 3352//3352
f 3341//3341 3352//3352 3342//3342
f 3342//3342 4296//4296 4276//4276
f 3342//3342 3352//3352 4296//4296
f 3346//3346 3351//3351 3352//3352
f 3346//3346 3352//3352 3347//3347
f 3351//3351 4273//4273 4295//4295
f 3351//3351 4295//4295 4296//4296
f 3351//3351 4296//4296 3352//3352
f 4193//4193 4194//4194 4195//4195
f 4193//4193 4195//4195 4207//4207
f 4194//4194 4196//4196 4195//4195
f 4195//4195 4196//4196 4201//4201
f 4196//4196 4202//4202 4201//4201
f 4194//4194 4209//4209 4196//4196
f 4194//4194 4208//4208 4209//4209
f 4196//4196 4209//4209 4211//4211
f 4195//4195 4201//4201 4207//4207
f 4201//4201 4203//4203 4207//4207
f 4196//4196 4211//4211 4202//4202
f 4201//4201 4202//4202 4203//4203
f 4202//4202 4204//4204 4203//4203
f 4203//4203 4262//4262 4207//4207
f 4202//4202 4213//4213 4204//4204
f 4204//4204 4214//4214 4205//4205
f 4203//4203 4204//4204 4262//4262
f 4204//4204 4205//4205 4262//4262
f 4202//4202 4211//4211 4213//4213
f 4204//4204 4213//4213 4214//4214
f 4262//4262 4215//4215 4207//4207
f 4205//4205 4214//4214 4217//4217
f 4262//4262 4263//4263 4215//4215
f 4205//4205 4217//4217 4264//4264
f 4217//4217 4220//4220 4264//4264
f 4220//4220 4221//4221 4265//4265
f 4220//4220 4265//4265 4264//4264
f 4221//4221 4281//4281 4445//4445
f 4221//4221 4445//4445 4265//4265
f 4205//4205 4263//4263 4262//4262
f 4263//4263 4266//4266 4215//4215
f 4263//4263 4264//4264 4266//4266
f 4205//4205 4264//4264 4263//4263
f 4264//4264 4265//4265 4266//4266
f 4266//4266 4447//4447 4215//4215
f 4265//4265 4447//4447 4266//4266
f 4265//4265 4445//4445 4447//4447
f 4275//4275 4305//4305 4278//4278
f 4278//4278 4303//4303 4279//4279
f 4449//4449 4270//4270 4215//4215
f 4272//4272 4450//4450 4283//4283
f 4281//4281 4282//4282 4445//4445
f 4282//4282 4446//4446 4445//4445
f 4282//4282 4283//4283 4446//4446
f 4283//4283 4450//4450 4446//4446
f 4272//4272 4279//4279 4302//4302
f 4449//4449 4453//4453 4270//4270
f 4272//4272 4302//4302 4450//4450
f 4276//4276 4296//4296 4277//4277
f 4275//4275 4277//4277 4298//4298
f 4277//4277 4296//4296 4298//4298
f 4297//4297 4273//4273 4270//4270
f 4297//4297 4270//4270 4304//4304
f 4275//4275 4298//4298 4305//4305
f 4295//4295 4273//4273 4297//4297
f 4295//4295 4297//4297 4298//4298
f 4295//4295 4298//4298 4296//4296
f 4297//4297 4304//4304 4305//4305
f 4297//4297 4305//4305 4298//4298
f 4304//4304 4270//4270 4306//4306
f 4278//4278 4305//4305 4303//4303
f 4279//4279 4303//4303 4302//4302
f 4306//4306 4270//4270 4453//4453
f 4302//4302 4306//4306 4453//4453
f 4302//4302 4303//4303 4306//4306
f 4303//4303 4304//4304 4306//4306
f 4303//4303 4305//4305 4304//4304
f 4447//4447 4448//4448 4215//4215
f 4448//4448 4449//4449 4215//4215
f 4445//4445 4448//4448 4447//4447
f 4445//4445 4446//4446 4448//4448
f 4449//4449 4450//4450 4453//4453
f 4446//4446 4450//4450 4449//4449
f 4446//4446 4449//4449 4448//4448
f 4302//4302 4453//4453 4450//4450
f 3244//3244 3319//3319 3245//3245
f 3244//3244 3245//3245 3290//3290
f 3245//3245 3319//3319 3322//3322
f 3251//3251 3268//3268 3278//3278
f 3255//3255 3256//3256 3272//3272
f 3254//3254 3269//3269 3257//3257
f 3251//3251 3257//3257 3269//3269
f 3254//3254 3257//3257 3258//3258
f 3251//3251 3280//3280 3257//3257
f 3257//3257 3282//3282 3258//3258
f 3255//3255 3258//3258 3259//3259
f 3254//3254 3258//3258 3255//3255
f 3255//3255 3259//3259 3256//3256
f 3258//3258 3283//3283 3259//3259
f 3260//3260 3276//3276 3261//3261
f 3263//3263 3327//3327 3324//3324
f 3261//3261 3264//3264 3262//3262
f 3262//3262 3265//3265 3263//3263
f 3261//3261 3276//3276 3264//3264
f 3262//3262 3264//3264 3265//3265
f 3263//3263 3265//3265 3327//3327
f 3261//3261 3266//3266 3268//3268
f 3261//3261 3262//3262 3266//3266
f 3262//3262 3267//3267 3266//3266
f 3266//3266 3277//3277 3268//3268
f 3266//3266 3267//3267 3289//3289
f 3260//3260 3261//3261 3268//3268
f 3251//3251 3260//3260 3268//3268
f 3251//3251 3269//3269 3260//3260
f 3244//3244 3267//3267 3263//3263
f 3262//3262 3263//3263 3267//3267
f 3244//3244 3263//3263 3324//3324
f 3244//3244 3324//3324 3319//3319
f 3244//3244 3290//3290 3267//3267
f 3260//3260 3269//3269 3270//3270
f 3254//3254 3271//3271 3269//3269
f 3254//3254 3273//3273 3271//3271
f 3269//3269 3271//3271 3270//3270
f 3260//3260 3270//3270 3276//3276
f 3254//3254 3255//3255 3273//3273
f 3255//3255 3272//3272 3273//3273
f 3256//3256 4208//4208 3272//3272
f 3268//3268 3277//3277 3278//3278
f 3251//3251 3278//3278 3280//3280
f 3277//3277 3279//3279 3278//3278
f 3257//3257 3280//3280 3282//3282
f 3280//3280 3284//3284 3282//3282
f 3278//3278 3281//3281 3280//3280
f 3278//3278 3279//3279 3281//3281
f 3280//3280 3281//3281 3284//3284
f 3258//3258 3282//3282 3283//3283
f 3282//3282 3284//3284 3285//3285
f 3282//3282 3285//3285 3283//3283
f 3281//3281 3308//3308 3284//3284
f 3284//3284 4236//4236 3285//3285
f 3286//3286 3287//3287 3310//3310
f 3286//3286 3312//3312 3493//3493
f 3287//3287 3288//3288 3313//3313
f 3288//3288 3314//3314 3313//3313
f 3286//3286 3496//3496 3287//3287
f 3287//3287 3497//3497 3288//3288
f 3266//3266 3289//3289 3277//3277
f 3267//3267 3290//3290 3289//3289
f 3289//3289 3291//3291 3292//3292
f 3289//3289 3290//3290 3291//3291
f 3290//3290 3293//3293 3291//3291
f 3277//3277 3289//3289 3292//3292
f 3277//3277 3292//3292 3279//3279
f 3291//3291 3293//3293 3295//3295
f 3291//3291 3305//3305 3292//3292
f 3291//3291 3295//3295 3305//3305
f 3295//3295 3298//3298 3311//3311
f 3245//3245 3293//3293 3290//3290
f 3245//3245 3294//3294 3293//3293
f 3293//3293 3294//3294 3296//3296
f 3245//3245 3322//3322 3294//3294
f 3294//3294 3322//3322 3355//3355
f 3294//3294 3355//3355 3297//3297
f 3293//3293 3296//3296 3295//3295
f 3296//3296 3303//3303 3298//3298
f 3295//3295 3296//3296 3298//3298
f 3296//3296 3297//3297 3303//3303
f 3294//3294 3297//3297 3296//3296
f 3297//3297 3304//3304 3303//3303
f 3297//3297 3355//3355 3358//3358
f 3297//3297 3358//3358 3304//3304
f 3304//3304 3358//3358 3369//3369
f 3299//3299 3312//3312 3311//3311
f 3298//3298 3300//3300 3299//3299
f 3298//3298 3303//3303 3300//3300
f 3298//3298 3299//3299 3311//3311
f 3299//3299 3300//3300 3510//3510
f 3299//3299 3594//3594 3312//3312
f 3300//3300 3301//3301 3511//3511
f 3301//3301 3304//3304 3302//3302
f 3302//3302 3369//3369 3366//3366
f 3301//3301 3302//3302 3524//3524
f 3302//3302 3366//3366 3525//3525
f 3302//3302 3526//3526 3529//3529
f 3302//3302 3529//3529 3530//3530
f 3302//3302 3525//3525 3526//3526
f 3366//3366 3531//3531 3525//3525
f 3366//3366 3532//3532 3531//3531
f 3366//3366 3775//3775 3532//3532
f 3300//3300 3303//3303 3301//3301
f 3301//3301 3303//3303 3304//3304
f 3302//3302 3304//3304 3369//3369
f 3279//3279 3292//3292 3306//3306
f 3279//3279 3307//3307 3281//3281
f 3279//3279 3306//3306 3307//3307
f 3306//3306 3309//3309 3310//3310
f 3306//3306 3310//3310 3307//3307
f 3292//3292 3305//3305 3306//3306
f 3305//3305 3311//3311 3309//3309
f 3305//3305 3309//3309 3306//3306
f 3295//3295 3311//3311 3305//3305
f 3281//3281 3307//3307 3308//3308
f 3307//3307 3310//3310 3313//3313
f 3307//3307 3313//3313 3308//3308
f 3284//3284 3308//3308 4236//4236
f 3308//3308 3313//3313 3314//3314
f 3308//3308 3314//3314 4236//4236
f 3286//3286 3309//3309 3312//3312
f 3309//3309 3311//3311 3312//3312
f 3286//3286 3310//3310 3309//3309
f 3287//3287 3313//3313 3310//3310
f 3319//3319 3320//3320 3322//3322
f 3320//3320 3323//3323 3322//3322
f 3324//3324 3327//3327 3328//3328
f 3324//3324 3328//3328 3325//3325
f 3325//3325 3328//3328 3329//3329
f 3325//3325 3329//3329 3326//3326
f 3326//3326 3329//3329 3337//3337
f 3326//3326 3337//3337 3330//3330
f 3330//3330 3337//3337 3338//3338
f 3330//3330 3338//3338 3331//3331
f 3319//3319 3324//3324 3325//3325
f 3319//3319 3325//3325 3320//3320
f 3320//3320 3325//3325 3326//3326
f 3320//3320 3326//3326 3332//3332
f 3320//3320 3332//3332 3323//3323
f 3326//3326 3330//3330 3332//3332
f 3330//3330 3333//3333 3332//3332
f 3332//3332 3333//3333 3362//3362
f 3333//3333 3334//3334 3363//3363
f 3330//3330 3331//3331 3333//3333
f 3331//3331 3334//3334 3333//3333
f 3331//3331 3340//3340 3334//3334
f 3331//3331 3338//3338 3339//3339
f 3331//3331 3339//3339 3340//3340
f 3339//3339 3341//3341 3340//3340
f 3340//3340 3341//3341 3349//3349
f 3341//3341 3342//3342 3349//3349
f 3342//3342 3350//3350 3349//3349
f 3342//3342 4276//4276 3350//3350
f 3334//3334 3340//3340 3348//3348
f 3334//3334 3348//3348 3384//3384
f 3348//3348 3353//3353 3385//3385
f 3350//3350 4276//4276 4292//4292
f 3340//3340 3349//3349 3348//3348
f 3348//3348 3349//3349 3353//3353
f 3349//3349 3350//3350 3353//3353
f 3350//3350 3354//3354 3353//3353
f 3353//3353 3354//3354 3387//3387
f 3350//3350 4292//4292 3354//3354
f 3354//3354 4292//4292 4299//4299
f 3354//3354 4299//4299 3389//3389
f 3323//3323 3332//3332 3362//3362
f 3322//3322 3323//3323 3355//3355
f 3323//3323 3356//3356 3355//3355
f 3355//3355 3356//3356 3358//3358
f 3323//3323 3362//3362 3356//3356
f 3356//3356 3362//3362 3357//3357
f 3356//3356 3357//3357 3359//3359
f 3358//3358 3359//3359 3369//3369
f 3359//3359 3370//3370 3369//3369
f 3356//3356 3359//3359 3358//3358
f 3359//3359 3360//3360 3370//3370
f 3360//3360 3371//3371 3370//3370
f 3357//3357 3360//3360 3359//3359
f 3357//3357 3364//3364 3360//3360
f 3360//3360 3361//3361 3371//3371
f 3360//3360 3364//3364 3361//3361
f 3361//3361 3372//3372 3371//3371
f 3333//3333 3363//3363 3362//3362
f 3334//3334 3384//3384 3363//3363
f 3357//3357 3362//3362 3363//3363
f 3357//3357 3363//3363 3364//3364
f 3363//3363 3384//3384 3364//3364
f 3361//3361 3364//3364 3365//3365
f 3361//3361 3375//3375 3372//3372
f 3372//3372 3375//3375 3379//3379
f 3361//3361 3365//3365 3375//3375
f 3364//3364 3384//3384 3365//3365
f 3365//3365 3386//3386 3375//3375
f 3366//3366 3370//3370 3367//3367
f 3367//3367 3371//3371 3368//3368
f 3366//3366 3367//3367 3776//3776
f 3366//3366 3776//3776 3775//3775
f 3367//3367 3777//3777 3776//3776
f 3367//3367 3778//3778 3777//3777
f 3367//3367 3779//3779 3778//3778
f 3367//3367 3780//3780 3779//3779
f 3367//3367 3781//3781 3780//3780
f 3367//3367 3782//3782 3781//3781
f 3367//3367 3783//3783 3782//3782
f 3367//3367 3368//3368 3783//3783
f 3366//3366 3369//3369 3370//3370
f 3367//3367 3370//3370 3371//3371
f 3368//3368 3371//3371 3372//3372
f 3368//3368 3373//3373 3798//3798
f 3368//3368 3372//3372 3373//3373
f 3372//3372 3379//3379 3373//3373
f 3373//3373 3379//3379 3374//3374
f 3373//3373 3374//3374 3827//3827
f 3374//3374 3382//3382 3828//3828
f 3375//3375 3376//3376 3379//3379
f 3376//3376 3380//3380 3379//3379
f 3376//3376 3377//3377 3380//3380
f 3375//3375 3386//3386 3376//3376
f 3376//3376 3386//3386 3388//3388
f 3377//3377 3381//3381 3380//3380
f 3376//3376 3388//3388 3377//3377
f 3377//3377 3378//3378 3381//3381
f 3378//3378 3383//3383 3381//3381
f 3377//3377 3390//3390 3378//3378
f 3378//3378 4308//4308 3383//3383
f 3383//3383 4308//4308 4313//4313
f 3378//3378 4345//4345 4308//4308
f 3374//3374 3379//3379 3380//3380
f 3374//3374 3380//3380 3382//3382
f 3380//3380 3381//3381 3382//3382
f 3381//3381 3391//3391 3382//3382
f 3382//3382 3391//3391 3892//3892
f 3381//3381 3383//3383 3391//3391
f 3383//3383 4313//4313 3400//3400
f 3348//3348 3385//3385 3384//3384
f 3365//3365 3384//3384 3385//3385
f 3365//3365 3385//3385 3386//3386
f 3353//3353 3387//3387 3385//3385
f 3354//3354 3389//3389 3387//3387
f 3385//3385 3387//3387 3386//3386
f 3386//3386 3387//3387 3388//3388
f 3377//3377 3388//3388 3390//3390
f 3387//3387 3389//3389 3388//3388
f 3389//3389 4299//4299 4343//4343
f 3388//3388 3389//3389 3390//3390
f 3378//3378 3390//3390 4345//4345
f 3389//3389 4343//4343 3390//3390
f 3390//3390 4343//4343 4345//4345
f 3391//3391 3437//3437 4002//4002
f 3383//3383 3437//3437 3391//3391
f 3383//3383 3397//3397 3437//3437
f 3393//3393 4313//4313 3404//3404
f 3404//3404 4313//4313 3405//3405
f 3405//3405 4313//4313 3406//3406
f 3406//3406 4313//4313 3408//3408
f 3408//3408 4313//4313 4349//4349
f 3383//3383 3400//3400 3396//3396
f 3383//3383 3396//3396 3397//3397
f 3392//3392 3399//3399 4313//4313
f 3399//3399 3400//3400 4313//4313
f 3392//3392 4313//4313 3393//3393
f 3437//3437 4006//4006 4009//4009
f 3437//3437 4009//4009 4007//4007
f 3397//3397 3398//3398 3437//3437
f 3398//3398 3401//3401 3437//3437
f 3401//3401 3402//3402 3437//3437
f 3402//3402 3438//3438 3437//3437
f 3437//3437 3438//3438 3439//3439
f 3437//3437 3439//3439 3440//3440
f 3437//3437 3440//3440 3441//3441
f 3437//3437 3441//3441 3442//3442
f 3437//3437 3442//3442 3443//3443
f 3437//3437 3443//3443 4417//4417
f 3443//3443 3450//3450 4417//4417
f 3453//3453 4407//4407 4417//4417
f 3452//3452 3453//3453 4417//4417
f 3451//3451 3452//3452 4417//4417
f 3450//3450 3451//3451 4417//4417
f 3437//3437 4417//4417 4006//4006
f 4006//4006 4417//4417 4010//4010
f 3459//3459 4417//4417 3460//3460
f 3460//3460 4417//4417 3463//3463
f 3463//3463 4417//4417 3464//3464
f 3464//3464 4417//4417 3465//3465
f 3465//3465 4417//4417 4422//4422
f 4010//4010 4417//4417 4011//4011
f 3459//3459 4011//4011 4417//4417
f 3286//3286 3493//3493 3496//3496
f 3493//3493 3611//3611 3496//3496
f 3287//3287 3496//3496 3497//3497
f 3496//3496 3502//3502 3497//3497
f 3496//3496 3611//3611 3502//3502
f 3301//3301 3524//3524 3511//3511
f 3299//3299 3510//3510 3594//3594
f 3300//3300 3511//3511 3510//3510
f 3511//3511 3524//3524 3514//3514
f 3510//3510 3511//3511 3520//3520
f 3510//3510 3519//3519 3517//3517
f 3510//3510 3517//3517 3595//3595
f 3511//3511 3521//3521 3522//3522
f 3511//3511 3523//3523 3521//3521
f 3511//3511 3514//3514 3523//3523
f 3511//3511 3522//3522 3520//3520
f 3510//3510 3520//3520 3519//3519
f 3302//3302 3533//3533 3524//3524
f 3524//3524 3533//3533 3546//3546
f 3302//3302 3530//3530 3533//3533
f 3527//3527 3533//3533 3530//3530
f 3527//3527 3528//3528 3533//3533
f 3528//3528 3534//3534 3533//3533
f 3533//3533 3534//3534 3535//3535
f 3533//3533 3535//3535 3536//3536
f 3533//3533 3536//3536 3552//3552
f 3536//3536 3537//3537 3552//3552
f 3533//3533 3550//3550 3546//3546
f 3533//3533 3551//3551 3550//3550
f 3533//3533 3552//3552 3551//3551
f 3537//3537 3538//3538 3552//3552
f 3538//3538 3539//3539 3552//3552
f 3539//3539 3786//3786 3553//3553
f 3539//3539 3553//3553 3552//3552
f 3553//3553 3786//3786 3804//3804
f 3514//3514 3524//3524 3543//3543
f 3524//3524 3545//3545 3544//3544
f 3524//3524 3546//3546 3545//3545
f 3524//3524 3544//3544 3543//3543
f 3574//3574 3631//3631 3581//3581
f 3555//3555 3556//3556 3635//3635
f 3556//3556 3557//3557 3635//3635
f 3581//3581 3635//3635 3583//3583
f 3583//3583 3635//3635 3588//3588
f 3586//3586 3588//3588 3635//3635
f 3557//3557 3559//3559 3635//3635
f 3559//3559 3560//3560 3635//3635
f 3560//3560 3880//3880 3635//3635
f 3560//3560 3810//3810 3880//3880
f 3591//3591 3635//3635 3880//3880
f 3586//3586 3635//3635 3591//3591
f 3591//3591 3880//3880 3849//3849
f 3566//3566 3641//3641 3571//3571
f 3566//3566 3571//3571 3567//3567
f 3566//3566 3567//3567 3673//3673
f 3573//3573 3579//3579 3592//3592
f 3571//3571 3576//3576 3573//3573
f 3573//3573 3576//3576 3577//3577
f 3571//3571 3631//3631 3576//3576
f 3573//3573 3577//3577 3582//3582
f 3567//3567 3571//3571 3573//3573
f 3579//3579 3844//3844 3593//3593
f 3579//3579 3582//3582 3584//3584
f 3579//3579 3584//3584 3585//3585
f 3579//3579 3585//3585 3587//3587
f 3579//3579 3587//3587 3589//3589
f 3573//3573 3582//3582 3579//3579
f 3589//3589 3590//3590 3844//3844
f 3590//3590 3847//3847 3844//3844
f 3579//3579 3589//3589 3844//3844
f 3592//3592 3593//3593 3661//3661
f 3567//3567 3573//3573 3592//3592
f 3567//3567 3592//3592 3660//3660
f 3579//3579 3593//3593 3592//3592
f 3593//3593 3844//3844 3870//3870
f 3593//3593 3870//3870 3662//3662
f 3312//3312 3594//3594 3493//3493
f 3510//3510 3595//3595 3594//3594
f 3493//3493 3594//3594 3600//3600
f 3594//3594 3595//3595 3600//3600
f 3493//3493 3600//3600 3611//3611
f 3601//3601 3634//3634 3602//3602
f 3605//3605 3607//3607 3610//3610
f 3605//3605 3610//3610 3606//3606
f 3604//3604 3609//3609 3610//3610
f 3602//3602 3634//3634 3609//3609
f 3609//3609 3634//3634 3610//3610
f 3610//3610 3634//3634 3643//3643
f 3604//3604 3610//3610 3607//3607
f 3619//3619 3622//3622 3620//3620
f 3612//3612 3620//3620 3622//3622
f 3606//3606 3622//3622 3619//3619
f 3610//3610 3648//3648 3622//3622
f 3612//3612 3622//3622 3613//3613
f 3613//3613 3623//3623 3614//3614
f 3613//3613 3622//3622 3623//3623
f 3622//3622 3649//3649 3623//3623
f 3606//3606 3610//3610 3622//3622
f 3614//3614 3623//3623 3615//3615
f 3615//3615 3623//3623 3616//3616
f 3616//3616 3623//3623 3618//3618
f 3618//3618 3623//3623 4476//4476
f 3618//3618 4476//4476 4466//4466
f 3623//3623 3652//3652 4476//4476
f 3624//3624 3625//3625 3633//3633
f 3625//3625 3629//3629 3633//3633
f 3627//3627 3634//3634 3628//3628
f 3601//3601 3628//3628 3634//3634
f 3627//3627 3633//3633 3634//3634
f 3624//3624 3633//3633 3627//3627
f 3633//3633 3641//3641 3634//3634
f 3629//3629 3630//3630 3633//3633
f 3630//3630 3631//3631 3633//3633
f 3548//3548 3631//3631 3630//3630
f 3548//3548 3549//3549 3631//3631
f 3549//3549 3554//3554 3631//3631
f 3571//3571 3633//3633 3631//3631
f 3574//3574 3576//3576 3631//3631
f 3554//3554 3555//3555 3631//3631
f 3555//3555 3635//3635 3631//3631
f 3581//3581 3631//3631 3635//3635
f 3643//3643 3646//3646 3648//3648
f 3634//3634 3641//3641 3643//3643
f 3641//3641 3645//3645 3643//3643
f 3610//3610 3643//3643 3648//3648
f 3566//3566 3671//3671 3645//3645
f 3643//3643 3645//3645 3646//3646
f 3645//3645 3672//3672 3646//3646
f 3566//3566 3645//3645 3641//3641
f 3622//3622 3648//3648 3649//3649
f 3648//3648 3655//3655 3649//3649
f 3623//3623 3649//3649 3652//3652
f 3649//3649 3656//3656 3652//3652
f 3646//3646 3655//3655 3648//3648
f 3646//3646 3685//3685 3655//3655
f 3649//3649 3655//3655 3656//3656
f 3655//3655 3686//3686 3656//3656
f 3571//3571 3641//3641 3633//3633
f 3567//3567 3660//3660 3673//3673
f 3592//3592 3661//3661 3660//3660
f 3660//3660 3661//3661 3693//3693
f 3661//3661 3662//3662 3692//3692
f 3593//3593 3662//3662 3661//3661
f 3662//3662 3870//3870 4065//4065
f 3662//3662 3696//3696 3692//3692
f 3662//3662 4065//4065 3696//3696
f 3696//3696 4065//4065 4081//4081
f 3645//3645 3671//3671 3672//3672
f 3671//3671 3690//3690 3672//3672
f 3566//3566 3673//3673 3671//3671
f 3671//3671 3673//3673 3682//3682
f 3660//3660 3695//3695 3673//3673
f 3673//3673 3694//3694 3682//3682
f 3673//3673 3695//3695 3694//3694
f 3671//3671 3683//3683 3690//3690
f 3671//3671 3682//3682 3683//3683
f 3646//3646 3672//3672 3685//3685
f 3672//3672 3691//3691 3685//3685
f 3655//3655 3685//3685 3686//3686
f 3685//3685 4625//4625 3686//3686
f 3672//3672 3690//3690 3691//3691
f 3685//3685 3691//3691 4625//4625
f 3660//3660 3693//3693 3695//3695
f 3661//3661 3692//3692 3693//3693
f 3794//3794 3805//3805 3797//3797
f 3790//3790 3792//3792 3791//3791
f 3791//3791 3792//3792 3793//3793
f 3794//3794 3795//3795 3805//3805
f 3795//3795 3796//3796 3806//3806
f 3792//3792 3807//3807 3793//3793
f 3793//3793 3807//3807 3796//3796
f 3368//3368 3784//3784 3783//3783
f 3368//3368 3785//3785 3784//3784
f 3368//3368 3790//3790 3785//3785
f 3368//3368 3792//3792 3790//3790
f 3368//3368 3798//3798 3792//3792
f 3792//3792 3798//3798 3809//3809
f 3786//3786 3787//3787 3804//3804
f 3787//3787 3788//3788 3805//3805
f 3788//3788 3789//3789 3805//3805
f 3789//3789 3797//3797 3805//3805
f 3795//3795 3806//3806 3805//3805
f 3787//3787 3805//3805 3804//3804
f 3796//3796 3807//3807 3806//3806
f 3792//3792 3808//3808 3807//3807
f 3792//3792 3809//3809 3808//3808
f 3810//3810 3811//3811 3880//3880
f 3811//3811 3812//3812 3880//3880
f 3812//3812 3881//3881 3880//3880
f 3812//3812 3814//3814 3881//3881
f 3849//3849 3880//3880 3850//3850
f 3850//3850 3880//3880 3851//3851
f 3851//3851 3880//3880 3881//3881
f 3851//3851 3881//3881 3855//3855
f 3814//3814 3815//3815 3816//3816
f 3814//3814 3816//3816 3881//3881
f 3855//3855 3882//3882 3856//3856
f 3856//3856 3882//3882 3858//3858
f 3858//3858 3882//3882 3860//3860
f 3798//3798 3819//3819 3809//3809
f 3798//3798 3820//3820 3819//3819
f 3798//3798 3821//3821 3820//3820
f 3798//3798 3822//3822 3821//3821
f 3822//3822 3827//3827 3823//3823
f 3825//3825 3826//3826 3883//3883
f 3860//3860 3882//3882 3865//3865
f 3373//3373 3827//3827 3798//3798
f 3798//3798 3827//3827 3822//3822
f 3827//3827 3828//3828 3833//3833
f 3374//3374 3828//3828 3827//3827
f 3382//3382 3892//3892 3828//3828
f 3828//3828 3892//3892 3835//3835
f 3823//3823 3827//3827 3831//3831
f 3827//3827 3832//3832 3831//3831
f 3827//3827 3833//3833 3832//3832
f 3828//3828 3834//3834 3833//3833
f 3828//3828 3835//3835 3834//3834
f 3835//3835 3892//3892 3836//3836
f 3844//3844 3846//3846 3870//3870
f 3846//3846 3864//3864 3871//3871
f 3844//3844 3847//3847 3848//3848
f 3846//3846 3848//3848 3853//3853
f 3844//3844 3848//3848 3846//3846
f 3846//3846 3853//3853 3854//3854
f 3846//3846 3854//3854 3857//3857
f 3846//3846 3857//3857 3859//3859
f 3846//3846 3859//3859 3864//3864
f 3859//3859 3866//3866 3864//3864
f 3864//3864 3866//3866 3867//3867
f 3864//3864 3867//3867 3885//3885
f 3864//3864 3885//3885 3869//3869
f 3864//3864 3869//3869 3872//3872
f 3846//3846 3871//3871 3870//3870
f 3870//3870 3871//3871 4065//4065
f 3864//3864 3872//3872 3871//3871
f 3871//3871 3872//3872 4066//4066
f 3872//3872 3878//3878 4067//4067
f 3869//3869 3878//3878 3872//3872
f 3869//3869 3925//3925 3878//3878
f 3878//3878 3925//3925 3879//3879
f 3878//3878 3879//3879 4077//4077
f 3816//3816 3882//3882 3881//3881
f 3816//3816 3817//3817 3882//3882
f 3855//3855 3881//3881 3882//3882
f 3817//3817 3825//3825 3882//3882
f 3825//3825 3883//3883 3882//3882
f 3882//3882 3883//3883 3885//3885
f 3883//3883 3886//3886 3885//3885
f 3865//3865 3882//3882 3885//3885
f 3865//3865 3885//3885 3867//3867
f 3885//3885 3886//3886 3887//3887
f 3887//3887 3888//3888 3889//3889
f 3885//3885 3887//3887 3889//3889
f 3885//3885 3889//3889 3891//3891
f 3889//3889 3893//3893 3891//3891
f 3869//3869 3885//3885 3891//3891
f 3892//3892 4002//4002 3904//3904
f 3891//3891 3893//3893 3894//3894
f 3894//3894 3895//3895 3897//3897
f 3891//3891 3894//3894 3897//3897
f 3891//3891 3897//3897 3899//3899
f 3897//3897 3898//3898 3899//3899
f 3891//3891 3899//3899 3925//3925
f 3898//3898 3900//3900 3899//3899
f 3899//3899 3900//3900 3902//3902
f 3900//3900 3901//3901 3902//3902
f 3899//3899 3910//3910 3928//3928
f 3836//3836 3892//3892 3904//3904
f 3904//3904 4002//4002 3908//3908
f 3899//3899 3902//3902 3910//3910
f 3902//3902 3911//3911 3910//3910
f 3910//3910 3911//3911 3912//3912
f 3910//3910 3912//3912 3917//3917
f 3912//3912 3913//3913 3917//3917
f 3910//3910 3917//3917 3915//3915
f 3915//3915 3917//3917 3918//3918
f 3910//3910 3915//3915 3962//3962
f 3915//3915 3918//3918 3919//3919
f 3915//3915 3919//3919 3922//3922
f 3915//3915 4697//4697 3963//3963
f 3915//3915 3922//3922 4697//4697
f 3922//3922 3923//3923 4697//4697
f 3923//3923 4703//4703 4697//4697
f 3919//3919 3920//3920 3922//3922
f 3869//3869 3891//3891 3925//3925
f 3879//3879 3925//3925 3928//3928
f 3899//3899 3928//3928 3925//3925
f 3910//3910 3962//3962 3928//3928
f 3928//3928 3962//3962 3934//3934
f 3879//3879 3928//3928 3934//3934
f 3879//3879 3934//3934 4088//4088
f 3934//3934 3962//3962 3935//3935
f 3934//3934 3935//3935 4089//4089
f 3935//3935 4091//4091 4089//4089
f 3935//3935 3949//3949 3938//3938
f 3935//3935 3950//3950 3949//3949
f 3935//3935 3951//3951 3950//3950
f 3935//3935 3952//3952 3951//3951
f 3935//3935 3944//3944 3952//3952
f 3935//3935 3946//3946 3944//3944
f 3935//3935 3945//3945 3946//3946
f 3935//3935 3970//3970 3945//3945
f 3935//3935 3938//3938 3937//3937
f 3935//3935 3937//3937 4091//4091
f 3915//3915 3963//3963 3962//3962
f 3935//3935 3962//3962 3963//3963
f 3963//3963 4697//4697 4736//4736
f 3963//3963 4736//4736 3966//3966
f 3994//3994 3995//3995 4736//4736
f 3994//3994 4736//4736 3997//3997
f 3997//3997 4736//4736 4741//4741
f 3935//3935 3963//3963 3966//3966
f 3966//3966 3996//3996 3967//3967
f 3935//3935 3971//3971 3970//3970
f 3935//3935 3973//3973 3971//3971
f 3935//3935 3966//3966 3973//3973
f 3966//3966 3975//3975 3973//3973
f 3966//3966 3974//3974 3975//3975
f 3966//3966 3977//3977 3974//3974
f 3966//3966 3988//3988 3977//3977
f 3966//3966 3989//3989 3988//3988
f 3966//3966 3990//3990 3989//3989
f 3966//3966 3967//3967 4159//4159
f 3967//3967 3987//3987 4159//4159
f 3966//3966 4159//4159 3990//3990
f 3987//3987 3998//3998 4159//4159
f 3966//3966 4736//4736 3995//3995
f 3966//3966 3995//3995 3996//3996
f 3998//3998 3999//3999 4159//4159
f 3999//3999 4000//4000 4159//4159
f 3391//3391 4002//4002 3892//3892
f 3908//3908 4002//4002 4005//4005
f 3437//3437 4005//4005 4002//4002
f 3437//3437 4007//4007 4005//4005
f 4005//4005 4007//4007 4008//4008
f 4005//4005 4008//4008 4015//4015
f 4005//4005 4015//4015 4016//4016
f 4005//4005 4016//4016 4017//4017
f 4005//4005 4017//4017 4018//4018
f 4005//4005 4018//4018 4019//4019
f 3916//3916 4005//4005 4955//4955
f 4005//4005 4019//4019 4020//4020
f 4005//4005 4020//4020 4028//4028
f 4005//4005 4028//4028 4029//4029
f 4005//4005 4029//4029 4030//4030
f 4005//4005 4030//4030 4955//4955
f 4030//4030 4031//4031 4955//4955
f 4031//4031 4032//4032 4955//4955
f 4032//4032 4951//4951 4955//4955
f 3908//3908 4005//4005 3916//3916
f 3916//3916 4955//4955 4969//4969
f 3871//3871 4066//4066 4065//4065
f 4065//4065 4066//4066 4081//4081
f 4066//4066 4082//4082 4081//4081
f 4066//4066 4067//4067 4082//4082
f 4067//4067 4083//4083 4082//4082
f 3872//3872 4067//4067 4066//4066
f 3878//3878 4077//4077 4067//4067
f 4067//4067 4077//4077 4083//4083
f 3879//3879 4088//4088 4077//4077
f 4077//4077 4084//4084 4083//4083
f 4077//4077 4085//4085 4084//4084
f 4077//4077 4088//4088 4085//4085
f 4085//4085 4088//4088 4086//4086
f 4086//4086 4088//4088 4087//4087
f 4087//4087 4088//4088 4089//4089
f 4087//4087 4089//4089 4122//4122
f 4089//4089 4111//4111 4122//4122
f 3934//3934 4089//4089 4088//4088
f 4089//4089 4091//4091 4092//4092
f 4089//4089 4092//4092 4094//4094
f 4089//4089 4094//4094 4095//4095
f 4089//4089 4095//4095 4103//4103
f 4089//4089 4103//4103 4104//4104
f 4089//4089 4104//4104 4111//4111
f 4104//4104 4105//4105 4111//4111
f 4105//4105 4127//4127 4111//4111
f 4111//4111 4127//4127 4128//4128
f 4111//4111 4160//4160 4122//4122
f 4159//4159 4161//4161 4160//4160
f 4161//4161 5012//5012 5043//5043
f 4111//4111 4128//4128 4129//4129
f 4111//4111 4129//4129 4159//4159
f 4129//4129 4130//4130 4159//4159
f 4130//4130 4131//4131 4159//4159
f 3990//3990 4159//4159 3991//3991
f 4149//4149 4159//4159 4150//4150
f 4152//4152 4154//4154 4159//4159
f 4151//4151 4152//4152 4159//4159
f 4150//4150 4159//4159 4155//4155
f 4154//4154 4155//4155 4159//4159
f 3991//3991 4159//4159 4148//4148
f 4148//4148 4159//4159 4149//4149
f 4131//4131 4132//4132 4159//4159
f 4132//4132 4134//4134 4159//4159
f 4134//4134 4151//4151 4159//4159
f 4111//4111 4159//4159 4160//4160
f 4000//4000 4001//4001 4159//4159
f 4001//4001 5012//5012 4159//4159
f 4001//4001 4747//4747 5012//5012
f 4159//4159 5012//5012 4161//4161
f 3256//3256 4197//4197 4208//4208
f 3256//3256 3259//3259 4199//4199
f 3256//3256 4199//4199 4197//4197
f 3259//3259 4227//4227 4199//4199
f 4197//4197 4199//4199 4200//4200
f 4197//4197 4200//4200 4198//4198
f 4198//4198 4206//4206 4212//4212
f 4198//4198 4200//4200 4206//4206
f 4199//4199 4229//4229 4200//4200
f 4206//4206 4224//4224 4212//4212
f 4200//4200 4233//4233 4206//4206
f 4206//4206 4234//4234 4224//4224
f 4197//4197 4209//4209 4208//4208
f 4197//4197 4198//4198 4209//4209
f 4198//4198 4211//4211 4209//4209
f 4198//4198 4212//4212 4211//4211
f 4211//4211 4212//4212 4213//4213
f 4212//4212 4218//4218 4213//4213
f 4213//4213 4218//4218 4214//4214
f 4214//4214 4218//4218 4219//4219
f 4214//4214 4219//4219 4217//4217
f 4217//4217 4219//4219 4222//4222
f 4217//4217 4222//4222 4220//4220
f 4220//4220 4222//4222 4223//4223
f 4220//4220 4223//4223 4221//4221
f 4221//4221 4223//4223 4284//4284
f 4221//4221 4284//4284 4281//4281
f 4212//4212 4224//4224 4218//4218
f 4218//4218 4224//4224 4225//4225
f 4218//4218 4225//4225 4219//4219
f 4219//4219 4226//4226 4222//4222
f 4219//4219 4225//4225 4226//4226
f 4224//4224 4247//4247 4225//4225
f 4225//4225 4248//4248 4226//4226
f 4222//4222 4267//4267 4223//4223
f 4222//4222 4226//4226 4267//4267
f 4223//4223 4451//4451 4284//4284
f 4223//4223 4267//4267 4451//4451
f 4226//4226 4268//4268 4267//4267
f 3259//3259 3283//3283 4227//4227
f 3283//3283 3285//3285 4228//4228
f 3283//3283 4228//4228 4227//4227
f 3285//3285 4237//4237 4228//4228
f 4227//4227 4228//4228 4230//4230
f 4199//4199 4227//4227 4229//4229
f 4200//4200 4229//4229 4233//4233
f 4227//4227 4230//4230 4229//4229
f 4228//4228 4238//4238 4230//4230
f 4229//4229 4235//4235 4233//4233
f 4229//4229 4230//4230 4235//4235
f 3288//3288 4231//4231 3314//3314
f 3314//3314 4231//4231 4241//4241
f 4231//4231 4232//4232 4241//4241
f 3288//3288 4456//4456 4231//4231
f 4231//4231 4460//4460 4232//4232
f 4206//4206 4233//4233 4234//4234
f 4233//4233 4235//4235 4246//4246
f 4233//4233 4246//4246 4234//4234
f 3285//3285 4236//4236 4237//4237
f 3314//3314 4241//4241 4236//4236
f 4236//4236 4241//4241 4237//4237
f 4228//4228 4237//4237 4238//4238
f 4237//4237 4241//4241 4242//4242
f 4237//4237 4242//4242 4238//4238
f 4230//4230 4238//4238 4239//4239
f 4238//4238 4242//4242 4243//4243
f 4230//4230 4239//4239 4235//4235
f 4235//4235 4239//4239 4240//4240
f 4238//4238 4243//4243 4239//4239
f 4239//4239 4243//4243 4244//4244
f 4239//4239 4244//4244 4240//4240
f 4232//4232 4242//4242 4241//4241
f 4232//4232 4245//4245 4242//4242
f 4242//4242 4245//4245 4243//4243
f 4243//4243 4256//4256 4244//4244
f 4243//4243 4245//4245 4256//4256
f 4232//4232 4483//4483 4245//4245
f 4235//4235 4240//4240 4246//4246
f 4234//4234 4246//4246 4249//4249
f 4240//4240 4250//4250 4246//4246
f 4240//4240 4244//4244 4255//4255
f 4240//4240 4255//4255 4250//4250
f 4246//4246 4250//4250 4249//4249
f 4224//4224 4234//4234 4247//4247
f 4225//4225 4247//4247 4248//4248
f 4234//4234 4249//4249 4247//4247
f 4247//4247 4249//4249 4253//4253
f 4247//4247 4253//4253 4248//4248
f 4250//4250 4255//4255 4258//4258
f 4249//4249 4250//4250 4251//4251
f 4250//4250 4258//4258 4251//4251
f 4249//4249 4251//4251 4253//4253
f 4251//4251 4252//4252 4253//4253
f 4251//4251 4258//4258 4259//4259
f 4251//4251 4259//4259 4252//4252
f 4252//4252 4321//4321 4254//4254
f 4252//4252 4259//4259 4332//4332
f 4252//4252 4332//4332 4321//4321
f 4226//4226 4248//4248 4268//4268
f 4252//4252 4254//4254 4253//4253
f 4248//4248 4254//4254 4268//4268
f 4248//4248 4253//4253 4254//4254
f 4254//4254 4321//4321 4325//4325
f 4268//4268 4325//4325 4454//4454
f 4254//4254 4325//4325 4268//4268
f 4244//4244 4256//4256 4257//4257
f 4244//4244 4257//4257 4255//4255
f 4255//4255 4257//4257 4260//4260
f 4245//4245 4532//4532 4256//4256
f 4256//4256 4533//4533 4257//4257
f 4257//4257 4565//4565 4260//4260
f 4255//4255 4260//4260 4258//4258
f 4258//4258 4261//4261 4259//4259
f 4259//4259 4335//4335 4332//4332
f 4258//4258 4260//4260 4261//4261
f 4259//4259 4261//4261 4335//4335
f 4260//4260 4573//4573 4261//4261
f 4261//4261 4567//4567 4568//4568
f 4261//4261 4569//4569 4570//4570
f 4261//4261 4570//4570 4571//4571
f 4261//4261 4568//4568 4569//4569
f 4261//4261 4840//4840 4335//4335
f 4261//4261 4571//4571 4572//4572
f 4261//4261 4572//4572 4840//4840
f 4267//4267 4454//4454 4451//4451
f 4267//4267 4268//4268 4454//4454
f 4276//4276 4277//4277 4292//4292
f 4275//4275 4293//4293 4277//4277
f 4275//4275 4294//4294 4293//4293
f 4272//4272 4288//4288 4279//4279
f 4278//4278 4279//4279 4280//4280
f 4275//4275 4278//4278 4294//4294
f 4278//4278 4280//4280 4294//4294
f 4279//4279 4288//4288 4280//4280
f 4281//4281 4285//4285 4282//4282
f 4282//4282 4286//4286 4283//4283
f 4272//4272 4283//4283 4287//4287
f 4282//4282 4285//4285 4286//4286
f 4283//4283 4286//4286 4287//4287
f 4281//4281 4284//4284 4285//4285
f 4272//4272 4287//4287 4288//4288
f 4284//4284 4452//4452 4285//4285
f 4284//4284 4451//4451 4452//4452
f 4285//4285 4290//4290 4286//4286
f 4285//4285 4452//4452 4290//4290
f 4290//4290 4452//4452 4329//4329
f 4280//4280 4288//4288 4307//4307
f 4287//4287 4289//4289 4288//4288
f 4288//4288 4289//4289 4307//4307
f 4286//4286 4291//4291 4287//4287
f 4286//4286 4290//4290 4291//4291
f 4287//4287 4291//4291 4289//4289
f 4290//4290 4330//4330 4291//4291
f 4289//4289 4291//4291 4442//4442
f 4277//4277 4293//4293 4292//4292
f 4292//4292 4293//4293 4299//4299
f 4293//4293 4294//4294 4300//4300
f 4293//4293 4300//4300 4299//4299
f 4299//4299 4300//4300 4343//4343
f 4294//4294 4301//4301 4300//4300
f 4280//4280 4301//4301 4294//4294
f 4280//4280 4307//4307 4301//4301
f 4300//4300 4301//4301 4344//4344
f 4301//4301 4307//4307 4347//4347
f 4289//4289 4441//4441 4307//4307
f 4308//4308 4309//4309 4313//4313
f 4309//4309 4314//4314 4313//4313
f 4308//4308 4346//4346 4309//4309
f 4309//4309 4310//4310 4314//4314
f 4310//4310 4316//4316 4314//4314
f 4309//4309 4348//4348 4310//4310
f 4312//4312 4324//4324 4315//4315
f 4311//4311 4312//4312 4318//4318
f 4312//4312 4315//4315 4318//4318
f 4311//4311 4328//4328 4312//4312
f 4310//4310 4311//4311 4316//4316
f 4311//4311 4318//4318 4316//4316
f 4310//4310 4443//4443 4311//4311
f 4310//4310 4348//4348 4443//4443
f 4311//4311 4443//4443 4328//4328
f 4313//4313 4314//4314 4351//4351
f 4314//4314 4352//4352 4351//4351
f 4314//4314 4354//4354 4352//4352
f 4314//4314 4359//4359 4354//4354
f 4314//4314 4316//4316 4388//4388
f 4316//4316 4317//4317 4388//4388
f 4316//4316 4318//4318 4317//4317
f 4317//4317 4318//4318 4319//4319
f 4315//4315 4319//4319 4318//4318
f 4315//4315 4320//4320 4319//4319
f 4321//4321 4332//4332 4333//4333
f 4321//4321 4333//4333 4322//4322
f 4321//4321 4322//4322 4325//4325
f 4322//4322 4333//4333 4334//4334
f 4322//4322 4323//4323 4326//4326
f 4322//4322 4334//4334 4323//4323
f 4323//4323 4338//4338 4324//4324
f 4323//4323 4334//4334 4338//4338
f 4323//4323 4324//4324 4327//4327
f 4322//4322 4326//4326 4325//4325
f 4326//4326 4455//4455 4454//4454
f 4325//4325 4326//4326 4454//4454
f 4323//4323 4327//4327 4326//4326
f 4327//4327 4329//4329 4455//4455
f 4326//4326 4327//4327 4455//4455
f 4315//4315 4324//4324 4338//4338
f 4312//4312 4331//4331 4324//4324
f 4312//4312 4328//4328 4331//4331
f 4324//4324 4331//4331 4327//4327
f 4328//4328 4442//4442 4330//4330
f 4328//4328 4443//4443 4442//4442
f 4290//4290 4329//4329 4330//4330
f 4291//4291 4330//4330 4442//4442
f 4329//4329 4331//4331 4330//4330
f 4327//4327 4331//4331 4329//4329
f 4328//4328 4330//4330 4331//4331
f 4332//4332 4336//4336 4333//4333
f 4333//4333 4337//4337 4334//4334
f 4334//4334 4337//4337 4340//4340
f 4332//4332 4335//4335 4336//4336
f 4333//4333 4336//4336 4337//4337
f 4335//4335 4844//4844 4336//4336
f 4335//4335 4840//4840 4841//4841
f 4335//4335 4841//4841 4842//4842
f 4335//4335 4842//4842 4843//4843
f 4335//4335 4843//4843 4844//4844
f 4336//4336 4844//4844 4845//4845
f 4336//4336 4845//4845 4846//4846
f 4336//4336 4846//4846 4847//4847
f 4336//4336 4862//4862 4337//4337
f 4315//4315 4338//4338 4341//4341
f 4315//4315 4341//4341 4320//4320
f 4338//4338 4340//4340 4341//4341
f 4334//4334 4340//4340 4338//4338
f 4340//4340 4342//4342 4341//4341
f 4337//4337 4868//4868 4340//4340
f 4340//4340 4868//4868 4342//4342
f 4300//4300 4344//4344 4343//4343
f 4308//4308 4345//4345 4346//4346
f 4309//4309 4346//4346 4348//4348
f 4343//4343 4344//4344 4345//4345
f 4344//4344 4346//4346 4345//4345
f 4301//4301 4347//4347 4344//4344
f 4346//4346 4347//4347 4348//4348
f 4347//4347 4441//4441 4348//4348
f 4348//4348 4441//4441 4443//4443
f 4344//4344 4347//4347 4346//4346
f 4313//4313 4351//4351 4349//4349
f 4314//4314 4360//4360 4359//4359
f 4314//4314 4361//4361 4360//4360
f 4314//4314 4363//4363 4361//4361
f 4314//4314 4365//4365 4363//4363
f 4314//4314 4366//4366 4365//4365
f 4314//4314 4367//4367 4366//4366
f 4314//4314 4368//4368 4367//4367
f 4314//4314 4387//4387 4368//4368
f 4314//4314 4388//4388 4387//4387
f 4397//4397 4398//4398 4437//4437
f 4398//4398 4401//4401 4437//4437
f 4368//4368 4437//4437 4402//4402
f 4399//4399 4400//4400 4437//4437
f 4399//4399 4437//4437 4401//4401
f 4400//4400 4402//4402 4437//4437
f 4405//4405 4417//4417 4407//4407
f 4403//4403 4417//4417 4404//4404
f 4404//4404 4417//4417 4406//4406
f 4405//4405 4406//4406 4417//4417
f 4403//4403 4408//4408 4417//4417
f 4397//4397 4417//4417 4408//4408
f 4397//4397 4437//4437 4417//4417
f 4417//4417 4421//4421 4422//4422
f 4417//4417 4423//4423 4421//4421
f 4417//4417 4424//4424 4423//4423
f 4417//4417 4427//4427 4424//4424
f 4417//4417 4437//4437 4427//4427
f 4427//4427 4437//4437 4429//4429
f 4429//4429 4437//4437 4433//4433
f 4433//4433 4437//4437 4434//4434
f 4434//4434 4437//4437 4934//4934
f 4437//4437 4935//4935 4934//4934
f 4437//4437 4936//4936 4935//4935
f 4437//4437 4938//4938 4936//4936
f 4368//4368 4387//4387 4435//4435
f 4368//4368 4435//4435 4437//4437
f 4435//4435 4436//4436 4437//4437
f 4436//4436 4438//4438 4437//4437
f 4437//4437 4438//4438 4439//4439
f 4437//4437 4439//4439 4976//4976
f 4437//4437 4939//4939 4938//4938
f 4437//4437 4940//4940 4939//4939
f 4307//4307 4441//4441 4347//4347
f 4289//4289 4442//4442 4441//4441
f 4441//4441 4442//4442 4443//4443
f 4451//4451 4455//4455 4452//4452
f 4451//4451 4454//4454 4455//4455
f 4329//4329 4452//4452 4455//4455
f 3288//3288 3497//3497 4456//4456
f 3497//3497 4473//4473 4456//4456
f 4231//4231 4456//4456 4460//4460
f 3497//3497 3502//3502 4473//4473
f 4456//4456 4473//4473 4485//4485
f 4232//4232 4460//4460 4483//4483
f 4456//4456 4485//4485 4460//4460
f 4468//4468 4471//4471 4470//4470
f 4466//4466 4476//4476 4467//4467
f 4467//4467 4476//4476 4468//4468
f 4468//4468 4476//4476 4477//4477
f 4468//4468 4477//4477 4471//4471
f 4471//4471 4477//4477 4474//4474
f 4476//4476 4515//4515 4477//4477
f 4474//4474 4477//4477 4475//4475
f 4475//4475 4477//4477 4482//4482
f 4477//4477 4517//4517 4482//4482
f 4475//4475 4479//4479 4478//4478
f 4475//4475 4482//4482 4479//4479
f 4479//4479 4482//4482 4480//4480
f 4480//4480 4482//4482 4490//4490
f 4482//4482 4494//4494 4490//4490
f 4460//4460 4487//4487 4483//4483
f 4460//4460 4485//4485 4487//4487
f 4483//4483 4487//4487 4537//4537
f 4490//4490 4493//4493 4491//4491
f 4490//4490 4494//4494 4493//4493
f 4482//4482 4525//4525 4494//4494
f 4493//4493 4494//4494 4495//4495
f 4494//4494 4496//4496 4495//4495
f 4494//4494 4501//4501 4496//4496
f 4496//4496 4501//4501 4498//4498
f 4494//4494 4528//4528 4501//4501
f 4496//4496 4498//4498 4497//4497
f 4498//4498 4501//4501 4499//4499
f 4499//4499 4501//4501 4502//4502
f 4501//4501 4507//4507 4502//4502
f 4502//4502 4507//4507 4504//4504
f 4501//4501 4590//4590 4507//4507
f 4502//4502 4504//4504 4503//4503
f 4504//4504 4507//4507 4505//4505
f 4505//4505 4507//4507 4508//4508
f 4507//4507 4509//4509 4508//4508
f 4508//4508 4509//4509 4546//4546
f 4509//4509 4553//4553 4546//4546
f 4507//4507 4593//4593 4591//4591
f 4507//4507 4591//4591 4509//4509
f 4509//4509 4554//4554 4553//4553
f 4509//4509 4511//4511 4554//4554
f 4509//4509 4604//4604 4511//4511
f 3652//3652 4515//4515 4476//4476
f 3652//3652 4519//4519 4515//4515
f 4477//4477 4515//4515 4517//4517
f 4515//4515 4529//4529 4517//4517
f 3652//3652 3656//3656 4519//4519
f 3656//3656 4618//4618 4519//4519
f 4515//4515 4519//4519 4529//4529
f 4519//4519 4628//4628 4529//4529
f 4517//4517 4530//4530 4525//4525
f 4482//4482 4517//4517 4525//4525
f 4494//4494 4525//4525 4528//4528
f 4501//4501 4528//4528 4590//4590
f 4525//4525 4588//4588 4528//4528
f 4517//4517 4529//4529 4530//4530
f 4529//4529 4629//4629 4530//4530
f 4525//4525 4530//4530 4588//4588
f 4530//4530 4630//4630 4588//4588
f 4245//4245 4483//4483 4532//4532
f 4483//4483 4538//4538 4532//4532
f 4256//4256 4532//4532 4533//4533
f 4257//4257 4533//4533 4565//4565
f 4532//4532 4540//4540 4533//4533
f 4533//4533 4548//4548 4565//4565
f 4483//4483 4537//4537 4538//4538
f 4532//4532 4538//4538 4539//4539
f 4532//4532 4539//4539 4540//4540
f 4533//4533 4540//4540 4541//4541
f 4533//4533 4541//4541 4542//4542
f 4533//4533 4542//4542 4547//4547
f 4508//4508 4546//4546 4545//4545
f 4509//4509 4591//4591 4599//4599
f 4533//4533 4547//4547 4548//4548
f 4548//4548 4549//4549 4565//4565
f 4549//4549 4550//4550 4565//4565
f 4550//4550 4551//4551 4565//4565
f 4551//4551 4560//4560 4565//4565
f 4511//4511 4556//4556 4554//4554
f 4554//4554 4556//4556 4555//4555
f 4509//4509 4599//4599 4601//4601
f 4509//4509 4601//4601 4602//4602
f 4509//4509 4602//4602 4604//4604
f 4511//4511 4558//4558 4556//4556
f 4511//4511 4684//4684 4558//4558
f 4558//4558 4684//4684 4559//4559
f 4559//4559 4684//4684 4819//4819
f 4511//4511 4608//4608 4684//4684
f 4511//4511 4604//4604 4608//4608
f 4608//4608 4609//4609 4684//4684
f 4609//4609 4886//4886 4684//4684
f 4260//4260 4565//4565 4573//4573
f 4560//4560 4573//4573 4565//4565
f 4261//4261 4566//4566 4567//4567
f 4261//4261 4573//4573 4566//4566
f 4564//4564 4576//4576 4573//4573
f 4566//4566 4573//4573 4574//4574
f 4573//4573 4576//4576 4575//4575
f 4573//4573 4575//4575 4574//4574
f 4564//4564 4577//4577 4576//4576
f 4560//4560 4561//4561 4573//4573
f 4561//4561 4562//4562 4573//4573
f 4562//4562 4563//4563 4573//4573
f 4563//4563 4564//4564 4573//4573
f 4564//4564 4578//4578 4577//4577
f 4564//4564 4579//4579 4578//4578
f 4579//4579 4828//4828 4850//4850
f 4564//4564 4828//4828 4579//4579
f 4528//4528 4589//4589 4590//4590
f 4528//4528 4588//4588 4589//4589
f 4588//4588 4652//4652 4589//4589
f 4507//4507 4590//4590 4596//4596
f 4507//4507 4596//4596 4593//4593
f 4593//4593 4596//4596 4594//4594
f 4594//4594 4596//4596 4600//4600
f 4590//4590 4613//4613 4596//4596
f 4600//4600 4611//4611 4603//4603
f 4603//4603 4611//4611 4605//4605
f 4605//4605 4611//4611 4606//4606
f 4596//4596 4611//4611 4600//4600
f 4606//4606 4611//4611 4610//4610
f 4610//4610 4901//4901 4888//4888
f 4610//4610 4611//4611 4901//4901
f 4596//4596 4614//4614 4611//4611
f 4611//4611 4914//4914 4901//4901
f 4589//4589 4613//4613 4590//4590
f 4596//4596 4613//4613 4614//4614
f 4589//4589 4653//4653 4613//4613
f 4613//4613 4654//4654 4614//4614
f 4611//4611 4614//4614 4914//4914
f 4614//4614 5100//5100 4914//4914
f 3656//3656 3686//3686 4618//4618
f 3686//3686 4626//4626 4618//4618
f 4519//4519 4618//4618 4628//4628
f 4618//4618 4627//4627 4628//4628
f 3686//3686 4625//4625 4626//4626
f 4618//4618 4626//4626 4627//4627
f 4627//4627 4634//4634 4628//4628
f 4529//4529 4628//4628 4629//4629
f 4530//4530 4629//4629 4630//4630
f 4628//4628 4634//4634 4629//4629
f 4629//4629 4634//4634 4641//4641
f 4629//4629 4641//4641 4630//4630
f 4630//4630 4641//4641 4642//4642
f 4630//4630 4642//4642 4643//4643
f 4630//4630 4643//4643 4652//4652
f 4643//4643 4644//4644 4652//4652
f 4644//4644 4645//4645 4652//4652
f 4588//4588 4630//4630 4652//4652
f 4589//4589 4652//4652 4653//4653
f 4645//4645 4653//4653 4652//4652
f 4613//4613 4653//4653 4654//4654
f 4645//4645 4646//4646 4653//4653
f 4646//4646 4654//4654 4653//4653
f 4646//4646 5006//5006 4654//4654
f 4654//4654 5006//5006 5100//5100
f 4614//4614 4654//4654 5100//5100
f 4685//4685 4688//4688 4825//4825
f 4688//4688 4826//4826 4825//4825
f 4685//4685 4897//4897 4688//4688
f 4688//4688 4833//4833 4826//4826
f 4688//4688 4834//4834 4833//4833
f 4688//4688 4689//4689 4834//4834
f 4687//4687 4689//4689 4688//4688
f 4687//4687 4690//4690 4689//4689
f 4688//4688 4905//4905 4907//4907
f 4687//4687 4688//4688 4911//4911
f 4687//4687 4693//4693 4695//4695
f 4686//4686 4693//4693 4687//4687
f 4686//4686 4721//4721 4692//4692
f 4686//4686 4692//4692 4693//4693
f 4686//4686 4687//4687 4786//4786
f 4687//4687 4694//4694 4690//4690
f 4687//4687 4695//4695 4694//4694
f 4697//4697 4703//4703 4704//4704
f 4697//4697 4704//4704 4698//4698
f 4697//4697 4698//4698 4736//4736
f 4698//4698 4704//4704 4706//4706
f 4698//4698 4706//4706 4707//4707
f 4698//4698 4707//4707 4708//4708
f 4699//4699 4717//4717 4713//4713
f 4698//4698 4711//4711 4699//4699
f 4698//4698 4708//4708 4711//4711
f 4699//4699 4711//4711 4712//4712
f 4698//4698 4699//4699 4738//4738
f 4699//4699 4701//4701 4717//4717
f 4699//4699 4712//4712 4700//4700
f 4699//4699 4700//4700 4701//4701
f 4699//4699 4713//4713 4740//4740
f 4710//4710 4977//4977 4723//4723
f 4713//4713 4715//4715 4719//4719
f 4686//4686 4713//4713 4714//4714
f 4686//4686 4714//4714 4720//4720
f 4713//4713 4719//4719 4714//4714
f 4686//4686 4784//4784 4713//4713
f 4713//4713 4717//4717 4716//4716
f 4713//4713 4716//4716 4715//4715
f 4686//4686 4720//4720 4721//4721
f 4723//4723 4977//4977 4727//4727
f 4723//4723 4727//4727 4725//4725
f 4687//4687 4911//4911 4786//4786
f 4698//4698 4738//4738 4736//4736
f 4736//4736 4738//4738 4742//4742
f 4736//4736 4742//4742 4741//4741
f 4738//4738 4743//4743 4742//4742
f 4738//4738 4744//4744 4743//4743
f 4738//4738 4745//4745 4744//4744
f 4699//4699 4740//4740 4738//4738
f 4738//4738 4740//4740 4752//4752
f 4745//4745 4752//4752 4746//4746
f 4750//4750 4751//4751 5024//5024
f 4749//4749 5024//5024 4751//4751
f 4738//4738 4752//4752 4745//4745
f 4746//4746 4752//4752 4754//4754
f 4752//4752 4753//4753 4754//4754
f 4740//4740 4795//4795 4752//4752
f 4752//4752 4764//4764 4762//4762
f 4752//4752 4765//4765 4764//4764
f 4752//4752 4762//4762 4768//4768
f 4752//4752 5024//5024 4753//4753
f 4752//4752 4768//4768 4757//4757
f 4752//4752 4757//4757 4758//4758
f 4752//4752 4758//4758 4759//4759
f 4753//4753 5024//5024 4755//4755
f 4749//4749 4755//4755 5024//5024
f 4752//4752 4756//4756 5024//5024
f 4752//4752 4759//4759 4756//4756
f 4752//4752 4795//4795 4765//4765
f 4765//4765 4795//4795 4766//4766
f 4766//4766 4795//4795 4767//4767
f 4767//4767 4795//4795 4770//4770
f 4769//4769 4770//4770 4795//4795
f 4713//4713 4784//4784 4740//4740
f 4686//4686 4786//4786 4784//4784
f 4784//4784 4786//4786 4818//4818
f 4740//4740 4784//4784 4795//4795
f 4786//4786 4928//4928 4818//4818
f 4784//4784 4818//4818 4795//4795
f 4795//4795 4818//4818 4805//4805
f 4797//4797 4804//4804 4818//4818
f 4803//4803 4805//4805 4818//4818
f 4803//4803 4818//4818 4804//4804
f 4797//4797 4818//4818 4798//4798
f 4818//4818 5056//5056 5053//5053
f 4818//4818 5057//5057 5056//5056
f 4798//4798 4818//4818 5054//5054
f 4818//4818 5053//5053 5054//5054
f 4818//4818 5073//5073 5057//5057
f 4769//4769 4795//4795 4800//4800
f 4795//4795 4799//4799 4800//4800
f 4795//4795 4805//4805 4799//4799
f 4818//4818 4928//4928 5082//5082
f 4684//4684 4820//4820 4819//4819
f 4684//4684 4685//4685 4820//4820
f 4685//4685 4821//4821 4820//4820
f 4685//4685 4823//4823 4821//4821
f 4684//4684 4886//4886 4887//4887
f 4684//4684 4887//4887 4685//4685
f 4685//4685 4887//4887 4892//4892
f 4685//4685 4824//4824 4823//4823
f 4685//4685 4825//4825 4824//4824
f 4685//4685 4892//4892 4891//4891
f 4685//4685 4891//4891 4894//4894
f 4685//4685 4894//4894 4897//4897
f 4688//4688 4897//4897 4905//4905
f 4837//4837 4838//4838 4862//4862
f 4835//4835 4836//4836 4862//4862
f 4836//4836 4837//4837 4862//4862
f 4838//4838 4879//4879 4862//4862
f 4336//4336 4847//4847 4848//4848
f 4336//4336 4848//4848 4849//4849
f 4830//4830 4858//4858 4860//4860
f 4830//4830 4859//4859 4858//4858
f 4830//4830 4857//4857 4859//4859
f 4854//4854 4855//4855 4857//4857
f 4855//4855 4856//4856 4857//4857
f 4856//4856 4859//4859 4857//4857
f 4336//4336 4849//4849 4862//4862
f 4835//4835 4862//4862 4857//4857
f 4849//4849 4854//4854 4862//4862
f 4854//4854 4857//4857 4862//4862
f 4828//4828 4852//4852 4850//4850
f 4829//4829 4853//4853 4852//4852
f 4829//4829 4851//4851 4853//4853
f 4830//4830 4861//4861 4851//4851
f 4828//4828 4829//4829 4852//4852
f 4830//4830 4860//4860 4861//4861
f 4830//4830 4831//4831 4857//4857
f 4831//4831 4832//4832 4857//4857
f 4829//4829 4830//4830 4851//4851
f 4832//4832 4835//4835 4857//4857
f 4868//4868 4875//4875 4869//4869
f 4342//4342 4868//4868 4869//4869
f 4862//4862 4879//4879 4868//4868
f 4869//4869 4875//4875 4870//4870
f 4871//4871 4876//4876 4878//4878
f 4870//4870 4875//4875 4876//4876
f 4868//4868 4873//4873 4875//4875
f 4868//4868 4879//4879 4872//4872
f 4868//4868 4872//4872 4874//4874
f 4868//4868 4874//4874 4873//4873
f 4729//4729 4871//4871 4878//4878
f 4870//4870 4876//4876 4871//4871
f 4337//4337 4862//4862 4868//4868
f 4888//4888 4901//4901 4889//4889
f 4889//4889 4901//4901 4890//4890
f 4890//4890 4901//4901 4903//4903
f 4890//4890 4903//4903 4893//4893
f 4893//4893 4903//4903 4895//4895
f 4895//4895 4903//4903 4896//4896
f 4896//4896 4903//4903 4898//4898
f 4898//4898 4903//4903 4910//4910
f 4901//4901 4915//4915 4903//4903
f 4898//4898 4910//4910 4906//4906
f 4688//4688 4907//4907 4911//4911
f 4906//4906 4910//4910 4907//4907
f 4907//4907 4910//4910 4911//4911
f 4910//4910 4927//4927 4911//4911
f 4903//4903 4916//4916 4910//4910
f 4901//4901 4914//4914 4915//4915
f 4903//4903 4915//4915 4916//4916
f 4914//4914 5101//5101 4915//4915
f 4910//4910 4916//4916 4927//4927
f 4916//4916 5112//5112 4927//4927
f 4915//4915 5102//5102 4916//4916
f 4786//4786 4911//4911 4928//4928
f 4911//4911 4927//4927 4928//4928
f 4927//4927 5052//5052 4928//4928
f 4945//4945 4960//4960 4946//4946
f 4945//4945 4949//4949 4960//4960
f 4955//4955 4960//4960 4969//4969
f 4951//4951 4952//4952 4955//4955
f 4952//4952 4953//4953 4955//4955
f 4953//4953 4954//4954 4955//4955
f 4954//4954 4959//4959 4955//4955
f 4958//4958 4960//4960 4959//4959
f 4955//4955 4959//4959 4960//4960
f 4944//4944 4960//4960 4958//4958
f 4944//4944 4946//4946 4960//4960
f 4437//4437 4976//4976 4960//4960
f 4437//4437 4960//4960 4940//4940
f 4940//4940 4960//4960 4941//4941
f 4941//4941 4960//4960 4948//4948
f 4948//4948 4960//4960 4949//4949
f 4960//4960 4976//4976 4977//4977
f 4710//4710 4969//4969 4960//4960
f 4710//4710 4960//4960 4977//4977
f 5010//5010 5102//5102 5011//5011
f 5008//5008 5112//5112 5010//5010
f 5024//5024 5044//5044 5043//5043
f 5044//5044 5073//5073 5045//5045
f 4747//4747 4748//4748 5012//5012
f 4748//4748 4750//4750 5012//5012
f 4750//4750 5024//5024 5012//5012
f 5012//5012 5024//5024 5043//5043
f 5013//5013 5014//5014 5024//5024
f 5014//5014 5015//5015 5024//5024
f 4756//4756 5013//5013 5024//5024
f 5015//5015 5016//5016 5024//5024
f 5016//5016 5017//5017 5024//5024
f 5017//5017 5018//5018 5024//5024
f 5018//5018 5019//5019 5024//5024
f 5019//5019 5025//5025 5024//5024
f 5024//5024 5030//5030 5073//5073
f 5024//5024 5025//5025 5028//5028
f 5024//5024 5028//5028 5030//5030
f 5029//5029 5073//5073 5030//5030
f 5024//5024 5073//5073 5044//5044
f 5082//5082 5084//5084 5083//5083
f 5045//5045 5082//5082 5083//5083
f 4928//4928 5052//5052 5082//5082
f 5008//5008 5009//5009 5052//5052
f 5009//5009 5084//5084 5052//5052
f 5008//5008 5052//5052 5112//5112
f 5052//5052 5084//5084 5082//5082
f 4818//4818 5082//5082 5073//5073
f 5063//5063 5064//5064 5073//5073
f 5062//5062 5063//5063 5073//5073
f 5057//5057 5073//5073 5064//5064
f 5029//5029 5059//5059 5073//5073
f 5059//5059 5060//5060 5073//5073
f 5060//5060 5062//5062 5073//5073
f 5045//5045 5073//5073 5082//5082
f 5006//5006 5007//5007 5100//5100
f 5007//5007 5101//5101 5100//5100
f 5007//5007 5011//5011 5101//5101
f 4914//4914 5100//5100 5101//5101
f 4915//4915 5101//5101 5102//5102
f 5011//5011 5102//5102 5101//5101
f 5010//5010 5112//5112 5102//5102
f 4916//4916 5102//5102 5112//5112
f 4927//4927 5112//5112 5052//5052
f 3495//3495 3597//3597 3598//3598
f 3494//3494 3598//3598 3636//3636
f 3494//3494 3495//3495 3598//3598
f 3494//3494 3636//3636 3505//3505
f 3494//3494 3499//3499 3495//3495
f 3494//3494 3505//3505 3500//3500
f 3495//3495 3498//3498 3599//3599
f 3494//3494 3500//3500 3499//3499
f 3495//3495 3499//3499 3498//3498
f 3500//3500 3505//3505 3506//3506
f 3498//3498 3499//3499 3501//3501
f 3498//3498 3501//3501 3611//3611
f 3501//3501 3502//3502 3611//3611
f 3499//3499 3500//3500 3503//3503
f 3500//3500 3506//3506 3504//3504
f 3500//3500 3504//3504 3503//3503
f 3504//3504 3506//3506 3508//3508
f 3499//3499 3503//3503 3501//3501
f 3505//3505 3638//3638 3506//3506
f 3506//3506 3638//3638 3507//3507
f 3506//3506 3507//3507 3508//3508
f 3507//3507 3509//3509 3508//3508
f 3513//3513 3561//3561 3598//3598
f 3512//3512 3516//3516 3513//3513
f 3513//3513 3562//3562 3561//3561
f 3512//3512 3513//3513 3597//3597
f 3512//3512 3515//3515 3516//3516
f 3513//3513 3516//3516 3562//3562
f 3515//3515 3547//3547 3540//3540
f 3515//3515 3540//3540 3516//3516
f 3516//3516 3569//3569 3562//3562
f 3516//3516 3540//3540 3569//3569
f 3515//3515 3522//3522 3521//3521
f 3515//3515 3521//3521 3547//3547
f 3521//3521 3523//3523 3547//3547
f 3514//3514 3547//3547 3523//3523
f 3515//3515 3517//3517 3519//3519
f 3515//3515 3518//3518 3517//3517
f 3515//3515 3520//3520 3522//3522
f 3515//3515 3519//3519 3520//3520
f 3512//3512 3518//3518 3515//3515
f 3540//3540 3547//3547 3542//3542
f 3541//3541 3542//3542 3547//3547
f 3540//3540 3568//3568 3569//3569
f 3540//3540 3542//3542 3568//3568
f 3541//3541 3552//3552 3800//3800
f 3541//3541 3799//3799 3542//3542
f 3542//3542 3840//3840 3568//3568
f 3541//3541 3800//3800 3799//3799
f 3552//3552 3553//3553 3800//3800
f 3553//3553 3804//3804 3800//3800
f 3542//3542 3799//3799 3840//3840
f 3543//3543 3544//3544 3547//3547
f 3544//3544 3545//3545 3547//3547
f 3514//3514 3543//3543 3547//3547
f 3541//3541 3547//3547 3545//3545
f 3541//3541 3545//3545 3546//3546
f 3541//3541 3546//3546 3550//3550
f 3548//3548 3632//3632 3549//3549
f 3549//3549 3632//3632 3554//3554
f 3558//3558 3575//3575 3574//3574
f 3558//3558 3632//3632 3575//3575
f 3541//3541 3550//3550 3551//3551
f 3541//3541 3551//3551 3552//3552
f 3554//3554 3632//3632 3555//3555
f 3556//3556 3558//3558 3557//3557
f 3557//3557 3558//3558 3559//3559
f 3555//3555 3558//3558 3556//3556
f 3555//3555 3632//3632 3558//3558
f 3558//3558 3574//3574 3581//3581
f 3558//3558 3581//3581 3583//3583
f 3558//3558 3588//3588 3586//3586
f 3558//3558 3583//3583 3588//3588
f 3558//3558 3560//3560 3559//3559
f 3560//3560 3813//3813 3810//3810
f 3558//3558 3813//3813 3560//3560
f 3558//3558 3586//3586 3813//3813
f 3586//3586 3591//3591 3813//3813
f 3591//3591 3849//3849 3813//3813
f 3561//3561 3563//3563 3636//3636
f 3562//3562 3570//3570 3564//3564
f 3561//3561 3562//3562 3564//3564
f 3561//3561 3564//3564 3563//3563
f 3563//3563 3564//3564 3565//3565
f 3568//3568 3840//3840 3842//3842
f 3562//3562 3569//3569 3570//3570
f 3569//3569 3578//3578 3570//3570
f 3568//3568 3578//3578 3569//3569
f 3570//3570 3578//3578 3580//3580
f 3570//3570 3580//3580 3572//3572
f 3564//3564 3570//3570 3572//3572
f 3564//3564 3572//3572 3565//3565
f 3565//3565 3572//3572 3575//3575
f 3565//3565 3575//3575 3657//3657
f 3572//3572 3576//3576 3575//3575
f 3572//3572 3577//3577 3576//3576
f 3572//3572 3582//3582 3577//3577
f 3572//3572 3584//3584 3582//3582
f 3574//3574 3575//3575 3576//3576
f 3568//3568 3842//3842 3578//3578
f 3578//3578 3843//3843 3580//3580
f 3578//3578 3842//3842 3843//3843
f 3572//3572 3580//3580 3584//3584
f 3580//3580 3585//3585 3584//3584
f 3580//3580 3587//3587 3585//3585
f 3580//3580 3589//3589 3587//3587
f 3580//3580 3843//3843 3590//3590
f 3580//3580 3590//3590 3589//3589
f 3590//3590 3843//3843 3847//3847
f 3518//3518 3596//3596 3595//3595
f 3512//3512 3596//3596 3518//3518
f 3517//3517 3518//3518 3595//3595
f 3512//3512 3597//3597 3596//3596
f 3513//3513 3598//3598 3597//3597
f 3561//3561 3636//3636 3598//3598
f 3596//3596 3597//3597 3599//3599
f 3595//3595 3596//3596 3600//3600
f 3596//3596 3599//3599 3600//3600
f 3495//3495 3599//3599 3597//3597
f 3603//3603 3627//3627 3628//3628
f 3601//3601 3602//3602 3603//3603
f 3601//3601 3603//3603 3628//3628
f 3603//3603 3642//3642 3626//3626
f 3605//3605 3608//3608 3607//3607
f 3604//3604 3607//3607 3608//3608
f 3608//3608 3654//3654 3644//3644
f 3605//3605 3621//3621 3608//3608
f 3603//3603 3609//3609 3604//3604
f 3602//3602 3609//3609 3603//3603
f 3603//3603 3644//3644 3642//3642
f 3603//3603 3604//3604 3608//3608
f 3603//3603 3608//3608 3644//3644
f 3599//3599 3611//3611 3600//3600
f 3498//3498 3611//3611 3599//3599
f 3612//3612 3613//3613 3617//3617
f 3613//3613 3614//3614 3617//3617
f 3621//3621 3653//3653 3654//3654
f 3617//3617 3653//3653 3621//3621
f 3614//3614 3615//3615 3617//3617
f 3615//3615 3616//3616 3617//3617
f 3617//3617 4513//4513 3653//3653
f 3616//3616 3618//3618 4469//4469
f 3618//3618 4466//4466 4469//4469
f 3616//3616 4469//4469 3617//3617
f 3617//3617 4469//4469 4513//4513
f 3605//3605 3606//3606 3621//3621
f 3606//3606 3619//3619 3621//3621
f 3619//3619 3620//3620 3621//3621
f 3612//3612 3621//3621 3620//3620
f 3608//3608 3621//3621 3654//3654
f 3612//3612 3617//3617 3621//3621
f 3624//3624 3627//3627 3626//3626
f 3626//3626 3630//3630 3629//3629
f 3624//3624 3626//3626 3625//3625
f 3625//3625 3626//3626 3629//3629
f 3626//3626 3657//3657 3632//3632
f 3603//3603 3626//3626 3627//3627
f 3626//3626 3642//3642 3657//3657
f 3548//3548 3630//3630 3632//3632
f 3626//3626 3632//3632 3630//3630
f 3575//3575 3632//3632 3657//3657
f 3505//3505 3636//3636 3637//3637
f 3563//3563 3637//3637 3636//3636
f 3563//3563 3640//3640 3637//3637
f 3637//3637 3640//3640 3639//3639
f 3505//3505 3637//3637 3638//3638
f 3637//3637 3639//3639 3638//3638
f 3638//3638 3639//3639 3647//3647
f 3639//3639 3644//3644 3647//3647
f 3644//3644 3654//3654 3647//3647
f 3563//3563 3565//3565 3640//3640
f 3639//3639 3640//3640 3642//3642
f 3565//3565 3657//3657 3640//3640
f 3640//3640 3657//3657 3642//3642
f 3639//3639 3642//3642 3644//3644
f 3507//3507 3638//3638 3647//3647
f 3507//3507 3647//3647 3650//3650
f 3647//3647 3654//3654 3650//3650
f 3650//3650 3654//3654 3653//3653
f 3507//3507 3650//3650 3509//3509
f 3509//3509 3650//3650 3651//3651
f 3650//3650 3653//3653 3651//3651
f 3651//3651 3653//3653 4513//4513
f 3800//3800 3804//3804 3805//3805
f 3800//3800 3805//3805 3806//3806
f 3800//3800 3806//3806 3801//3801
f 3799//3799 3800//3800 3802//3802
f 3799//3799 3841//3841 3840//3840
f 3800//3800 3801//3801 3802//3802
f 3799//3799 3802//3802 3841//3841
f 3801//3801 3824//3824 3803//3803
f 3801//3801 3803//3803 3802//3802
f 3802//3802 3861//3861 3841//3841
f 3802//3802 3803//3803 3861//3861
f 3801//3801 3806//3806 3807//3807
f 3801//3801 3807//3807 3808//3808
f 3801//3801 3808//3808 3809//3809
f 3801//3801 3809//3809 3819//3819
f 3810//3810 3813//3813 3811//3811
f 3811//3811 3813//3813 3812//3812
f 3813//3813 3849//3849 3850//3850
f 3813//3813 3850//3850 3818//3818
f 3812//3812 3813//3813 3818//3818
f 3818//3818 3850//3850 3851//3851
f 3818//3818 3851//3851 3855//3855
f 3812//3812 3818//3818 3814//3814
f 3814//3814 3818//3818 3815//3815
f 3815//3815 3818//3818 3816//3816
f 3816//3816 3818//3818 3817//3817
f 3818//3818 3855//3855 3856//3856
f 3818//3818 3856//3856 3858//3858
f 3817//3817 3818//3818 3884//3884
f 3818//3818 3858//3858 3884//3884
f 3858//3858 3860//3860 3884//3884
f 3801//3801 3819//3819 3824//3824
f 3819//3819 3820//3820 3824//3824
f 3820//3820 3821//3821 3824//3824
f 3821//3821 3822//3822 3824//3824
f 3822//3822 3823//3823 3824//3824
f 3817//3817 3884//3884 3825//3825
f 3825//3825 3884//3884 3826//3826
f 3860//3860 3865//3865 3884//3884
f 3865//3865 3867//3867 3884//3884
f 3867//3867 3868//3868 3884//3884
f 3823//3823 3829//3829 3824//3824
f 3824//3824 3829//3829 3830//3830
f 3803//3803 3824//3824 3830//3830
f 3803//3803 3873//3873 3861//3861
f 3803//3803 3830//3830 3873//3873
f 3823//3823 3831//3831 3829//3829
f 3829//3829 3831//3831 3832//3832
f 3829//3829 3839//3839 3830//3830
f 3830//3830 3877//3877 3873//3873
f 3829//3829 3832//3832 3833//3833
f 3829//3829 3833//3833 3834//3834
f 3834//3834 3835//3835 3838//3838
f 3835//3835 3836//3836 3838//3838
f 3829//3829 3834//3834 3838//3838
f 3836//3836 3837//3837 3838//3838
f 3829//3829 3838//3838 3839//3839
f 3830//3830 3839//3839 3877//3877
f 3837//3837 3906//3906 3838//3838
f 3839//3839 3931//3931 3877//3877
f 3838//3838 3907//3907 3839//3839
f 3840//3840 3841//3841 3845//3845
f 3840//3840 3845//3845 3842//3842
f 3842//3842 3852//3852 3843//3843
f 3842//3842 3845//3845 3852//3852
f 3845//3845 3863//3863 3852//3852
f 3843//3843 3848//3848 3847//3847
f 3843//3843 3852//3852 3853//3853
f 3843//3843 3853//3853 3848//3848
f 3852//3852 3854//3854 3853//3853
f 3852//3852 3857//3857 3854//3854
f 3852//3852 3859//3859 3857//3857
f 3852//3852 3866//3866 3859//3859
f 3841//3841 3862//3862 3845//3845
f 3841//3841 3861//3861 3862//3862
f 3845//3845 3862//3862 3863//3863
f 3861//3861 3874//3874 3862//3862
f 3852//3852 3863//3863 3868//3868
f 3852//3852 3868//3868 3866//3866
f 3866//3866 3868//3868 3867//3867
f 3863//3863 3924//3924 3868//3868
f 3862//3862 3875//3875 3863//3863
f 3862//3862 3874//3874 3875//3875
f 3863//3863 3875//3875 3924//3924
f 3861//3861 3873//3873 3874//3874
f 3874//3874 3927//3927 3875//3875
f 3873//3873 3876//3876 3874//3874
f 3873//3873 3877//3877 3876//3876
f 3874//3874 3876//3876 3927//3927
f 3826//3826 3884//3884 3883//3883
f 3883//3883 3884//3884 3886//3886
f 3884//3884 3890//3890 3886//3886
f 3868//3868 3890//3890 3884//3884
f 3886//3886 3890//3890 3887//3887
f 3887//3887 3890//3890 3888//3888
f 3888//3888 3890//3890 3889//3889
f 3868//3868 3924//3924 3890//3890
f 3889//3889 3890//3890 3893//3893
f 3890//3890 3896//3896 3893//3893
f 3890//3890 3924//3924 3896//3896
f 3893//3893 3896//3896 3894//3894
f 3894//3894 3896//3896 3895//3895
f 3895//3895 3896//3896 3897//3897
f 3896//3896 3924//3924 3926//3926
f 3896//3896 3898//3898 3897//3897
f 3896//3896 3926//3926 3903//3903
f 3896//3896 3903//3903 3898//3898
f 3898//3898 3903//3903 3900//3900
f 3903//3903 3926//3926 3929//3929
f 3900//3900 3903//3903 3901//3901
f 3901//3901 3903//3903 3902//3902
f 3902//3902 3903//3903 3911//3911
f 3903//3903 3929//3929 3914//3914
f 3836//3836 3905//3905 3837//3837
f 3836//3836 3904//3904 3905//3905
f 3837//3837 3905//3905 3906//3906
f 3838//3838 3906//3906 3907//3907
f 3839//3839 3907//3907 3931//3931
f 3905//3905 4004//4004 3906//3906
f 3904//3904 3908//3908 3905//3905
f 3905//3905 3908//3908 3909//3909
f 3905//3905 3909//3909 4004//4004
f 3911//3911 3914//3914 3912//3912
f 3912//3912 3914//3914 3913//3913
f 3913//3913 3914//3914 3917//3917
f 3903//3903 3914//3914 3911//3911
f 3914//3914 3929//3929 3960//3960
f 3914//3914 3918//3918 3917//3917
f 3914//3914 3960//3960 3921//3921
f 3914//3914 3921//3921 3918//3918
f 3908//3908 3916//3916 3909//3909
f 3909//3909 3916//3916 4043//4043
f 3921//3921 3960//3960 3964//3964
f 3918//3918 3921//3921 3919//3919
f 3919//3919 3921//3921 3920//3920
f 3920//3920 3921//3921 3922//3922
f 3921//3921 3923//3923 3922//3922
f 3921//3921 3964//3964 4705//4705
f 3923//3923 4705//4705 4703//4703
f 3921//3921 4705//4705 3923//3923
f 3964//3964 4733//4733 4705//4705
f 3875//3875 3926//3926 3924//3924
f 3875//3875 3927//3927 3926//3926
f 3876//3876 3932//3932 3927//3927
f 3926//3926 3927//3927 3929//3929
f 3927//3927 3932//3932 3929//3929
f 3929//3929 3932//3932 3960//3960
f 3876//3876 3877//3877 3930//3930
f 3876//3876 3930//3930 3932//3932
f 3877//3877 3931//3931 3930//3930
f 3930//3930 3961//3961 3932//3932
f 3932//3932 3961//3961 3960//3960
f 3930//3930 3931//3931 3933//3933
f 3931//3931 4046//4046 3933//3933
f 3930//3930 3933//3933 3961//3961
f 3960//3960 3961//3961 3964//3964
f 3961//3961 3965//3965 3964//3964
f 3933//3933 3965//3965 3961//3961
f 3933//3933 4055//4055 3965//3965
f 3964//3964 3965//3965 4733//4733
f 3965//3965 4055//4055 4735//4735
f 3965//3965 4735//4735 4733//4733
f 4055//4055 4982//4982 4735//4735
f 3906//3906 4003//4003 3907//3907
f 3907//3907 4046//4046 3931//3931
f 3906//3906 4004//4004 4003//4003
f 3907//3907 4003//4003 4046//4046
f 4003//4003 4004//4004 4045//4045
f 4003//4003 4056//4056 4046//4046
f 3909//3909 4043//4043 4044//4044
f 3909//3909 4044//4044 4004//4004
f 4004//4004 4044//4044 4045//4045
f 4003//4003 4045//4045 4056//4056
f 3916//3916 4969//4969 4043//4043
f 4043//4043 4969//4969 4970//4970
f 4043//4043 4970//4970 4971//4971
f 4043//4043 4971//4971 4044//4044
f 4044//4044 4972//4972 4045//4045
f 4045//4045 4983//4983 4056//4056
f 4044//4044 4971//4971 4972//4972
f 4045//4045 4972//4972 4983//4983
f 3933//3933 4046//4046 4055//4055
f 4046//4046 4056//4056 4055//4055
f 4055//4055 4056//4056 4982//4982
f 4056//4056 4983//4983 4982//4982
f 3501//3501 3503//3503 4457//4457
f 3501//3501 4457//4457 3502//3502
f 3502//3502 4457//4457 4473//4473
f 3503//3503 3504//3504 4458//4458
f 3504//3504 3508//3508 4459//4459
f 3504//3504 4459//4459 4458//4458
f 3508//3508 4463//4463 4459//4459
f 3503//3503 4458//4458 4457//4457
f 4457//4457 4458//4458 4484//4484
f 4459//4459 4463//4463 4462//4462
f 4458//4458 4459//4459 4461//4461
f 4458//4458 4461//4461 4484//4484
f 4459//4459 4462//4462 4461//4461
f 4462//4462 4463//4463 4465//4465
f 4461//4461 4462//4462 4488//4488
f 4462//4462 4465//4465 4489//4489
f 4462//4462 4489//4489 4488//4488
f 4465//4465 4522//4522 4489//4489
f 3508//3508 3509//3509 4463//4463
f 3509//3509 4464//4464 4463//4463
f 4463//4463 4464//4464 4465//4465
f 4464//4464 4520//4520 4465//4465
f 4466//4466 4467//4467 4469//4469
f 4467//4467 4472//4472 4469//4469
f 4469//4469 4514//4514 4513//4513
f 4467//4467 4468//4468 4472//4472
f 4468//4468 4470//4470 4472//4472
f 4470//4470 4471//4471 4472//4472
f 4471//4471 4474//4474 4472//4472
f 4469//4469 4472//4472 4514//4514
f 4457//4457 4484//4484 4473//4473
f 4473//4473 4484//4484 4485//4485
f 4472//4472 4518//4518 4514//4514
f 4474//4474 4475//4475 4481//4481
f 4472//4472 4474//4474 4481//4481
f 4472//4472 4481//4481 4518//4518
f 4475//4475 4478//4478 4481//4481
f 4478//4478 4479//4479 4481//4481
f 4479//4479 4480//4480 4481//4481
f 4481//4481 4524//4524 4518//4518
f 4480//4480 4492//4492 4481//4481
f 4461//4461 4486//4486 4484//4484
f 4484//4484 4486//4486 4485//4485
f 4485//4485 4486//4486 4487//4487
f 4486//4486 4488//4488 4536//4536
f 4486//4486 4537//4537 4487//4487
f 4486//4486 4536//4536 4537//4537
f 4461//4461 4488//4488 4486//4486
f 4488//4488 4489//4489 4534//4534
f 4489//4489 4522//4522 4535//4535
f 4480//4480 4490//4490 4492//4492
f 4490//4490 4491//4491 4492//4492
f 4491//4491 4493//4493 4492//4492
f 4481//4481 4492//4492 4524//4524
f 4492//4492 4493//4493 4495//4495
f 4492//4492 4527//4527 4524//4524
f 4495//4495 4496//4496 4500//4500
f 4492//4492 4495//4495 4500//4500
f 4492//4492 4500//4500 4527//4527
f 4496//4496 4497//4497 4500//4500
f 4497//4497 4498//4498 4500//4500
f 4498//4498 4499//4499 4500//4500
f 4500//4500 4531//4531 4527//4527
f 4499//4499 4502//4502 4506//4506
f 4499//4499 4506//4506 4500//4500
f 4500//4500 4506//4506 4531//4531
f 4502//4502 4503//4503 4506//4506
f 4503//4503 4504//4504 4506//4506
f 4504//4504 4505//4505 4506//4506
f 4506//4506 4592//4592 4531//4531
f 4505//4505 4508//4508 4510//4510
f 4508//4508 4545//4545 4510//4510
f 4505//4505 4510//4510 4506//4506
f 4506//4506 4510//4510 4592//4592
f 3509//3509 3651//3651 4464//4464
f 3651//3651 4513//4513 4512//4512
f 3651//3651 4512//4512 4464//4464
f 4512//4512 4513//4513 4514//4514
f 4464//4464 4512//4512 4520//4520
f 4512//4512 4516//4516 4520//4520
f 4512//4512 4514//4514 4516//4516
f 4514//4514 4518//4518 4516//4516
f 4516//4516 4523//4523 4520//4520
f 4465//4465 4520//4520 4522//4522
f 4520//4520 4523//4523 4522//4522
f 4516//4516 4518//4518 4521//4521
f 4516//4516 4521//4521 4523//4523
f 4522//4522 4523//4523 4583//4583
f 4521//4521 4584//4584 4523//4523
f 4523//4523 4584//4584 4583//4583
f 4518//4518 4524//4524 4521//4521
f 4521//4521 4524//4524 4526//4526
f 4524//4524 4527//4527 4526//4526
f 4521//4521 4526//4526 4584//4584
f 4526//4526 4527//4527 4585//4585
f 4527//4527 4531//4531 4585//4585
f 4534//4534 4537//4537 4536//4536
f 4489//4489 4535//4535 4534//4534
f 4488//4488 4534//4534 4536//4536
f 4522//4522 4583//4583 4535//4535
f 4534//4534 4535//4535 4543//4543
f 4535//4535 4583//4583 4544//4544
f 4534//4534 4538//4538 4537//4537
f 4534//4534 4539//4539 4538//4538
f 4539//4539 4543//4543 4540//4540
f 4540//4540 4543//4543 4541//4541
f 4534//4534 4543//4543 4539//4539
f 4535//4535 4544//4544 4543//4543
f 4544//4544 4583//4583 4587//4587
f 4541//4541 4543//4543 4542//4542
f 4542//4542 4543//4543 4547//4547
f 4543//4543 4544//4544 4552//4552
f 4543//4543 4552//4552 4547//4547
f 4544//4544 4587//4587 4580//4580
f 4544//4544 4580//4580 4552//4552
f 4580//4580 4587//4587 4598//4598
f 4510//4510 4545//4545 4546//4546
f 4510//4510 4546//4546 4553//4553
f 4510//4510 4593//4593 4592//4592
f 4510//4510 4591//4591 4593//4593
f 4510//4510 4599//4599 4591//4591
f 4547//4547 4552//4552 4548//4548
f 4548//4548 4552//4552 4549//4549
f 4549//4549 4552//4552 4550//4550
f 4550//4550 4552//4552 4551//4551
f 4551//4551 4552//4552 4581//4581
f 4553//4553 4554//4554 4557//4557
f 4554//4554 4555//4555 4557//4557
f 4555//4555 4556//4556 4557//4557
f 4556//4556 4558//4558 4557//4557
f 4510//4510 4553//4553 4557//4557
f 4510//4510 4601//4601 4599//4599
f 4510//4510 4557//4557 4601//4601
f 4557//4557 4602//4602 4601//4601
f 4557//4557 4604//4604 4602//4602
f 4558//4558 4559//4559 4822//4822
f 4559//4559 4819//4819 4822//4822
f 4557//4557 4558//4558 4822//4822
f 4557//4557 4608//4608 4604//4604
f 4557//4557 4609//4609 4608//4608
f 4557//4557 4822//4822 4609//4609
f 4609//4609 4822//4822 4886//4886
f 4551//4551 4581//4581 4560//4560
f 4560//4560 4581//4581 4561//4561
f 4561//4561 4581//4581 4562//4562
f 4562//4562 4581//4581 4563//4563
f 4580//4580 4598//4598 4582//4582
f 4552//4552 4580//4580 4581//4581
f 4582//4582 4598//4598 4615//4615
f 4580//4580 4582//4582 4581//4581
f 4581//4581 4582//4582 4863//4863
f 4582//4582 4615//4615 4864//4864
f 4563//4563 4581//4581 4863//4863
f 4563//4563 4863//4863 4564//4564
f 4564//4564 4863//4863 4828//4828
f 4582//4582 4864//4864 4863//4863
f 4615//4615 4917//4917 4864//4864
f 4526//4526 4586//4586 4584//4584
f 4583//4583 4584//4584 4587//4587
f 4584//4584 4586//4586 4587//4587
f 4526//4526 4585//4585 4586//4586
f 4586//4586 4598//4598 4587//4587
f 4531//4531 4595//4595 4585//4585
f 4585//4585 4597//4597 4586//4586
f 4585//4585 4595//4595 4597//4597
f 4531//4531 4592//4592 4595//4595
f 4592//4592 4593//4593 4594//4594
f 4592//4592 4594//4594 4607//4607
f 4592//4592 4607//4607 4595//4595
f 4586//4586 4597//4597 4598//4598
f 4595//4595 4612//4612 4597//4597
f 4597//4597 4615//4615 4598//4598
f 4597//4597 4612//4612 4615//4615
f 4594//4594 4600//4600 4607//4607
f 4600//4600 4603//4603 4607//4607
f 4603//4603 4605//4605 4607//4607
f 4605//4605 4606//4606 4607//4607
f 4606//4606 4610//4610 4900//4900
f 4606//4606 4900//4900 4607//4607
f 4610//4610 4888//4888 4900//4900
f 4595//4595 4607//4607 4612//4612
f 4607//4607 4902//4902 4612//4612
f 4607//4607 4900//4900 4902//4902
f 4612//4612 4902//4902 4917//4917
f 4612//4612 4917//4917 4615//4615
f 4689//4689 4691//4691 4834//4834
f 4689//4689 4696//4696 4691//4691
f 4691//4691 4731//4731 4908//4908
f 4693//4693 4722//4722 4696//4696
f 4696//4696 4785//4785 4731//4731
f 4690//4690 4694//4694 4696//4696
f 4694//4694 4695//4695 4696//4696
f 4689//4689 4690//4690 4696//4696
f 4693//4693 4696//4696 4695//4695
f 4691//4691 4696//4696 4731//4731
f 4702//4702 4712//4712 4709//4709
f 4700//4700 4712//4712 4702//4702
f 4700//4700 4702//4702 4701//4701
f 4701//4701 4702//4702 4717//4717
f 4702//4702 4716//4716 4717//4717
f 4702//4702 4732//4732 4718//4718
f 4703//4703 4705//4705 4704//4704
f 4704//4704 4705//4705 4706//4706
f 4705//4705 4709//4709 4706//4706
f 4705//4705 4733//4733 4709//4709
f 4706//4706 4709//4709 4707//4707
f 4707//4707 4709//4709 4708//4708
f 4709//4709 4733//4733 4734//4734
f 4710//4710 4724//4724 4973//4973
f 4710//4710 4723//4723 4724//4724
f 4708//4708 4709//4709 4711//4711
f 4709//4709 4712//4712 4711//4711
f 4702//4702 4709//4709 4734//4734
f 4702//4702 4734//4734 4732//4732
f 4714//4714 4722//4722 4720//4720
f 4718//4718 4783//4783 4722//4722
f 4714//4714 4718//4718 4722//4722
f 4722//4722 4783//4783 4785//4785
f 4715//4715 4718//4718 4719//4719
f 4715//4715 4716//4716 4718//4718
f 4702//4702 4718//4718 4716//4716
f 4718//4718 4732//4732 4783//4783
f 4714//4714 4719//4719 4718//4718
f 4729//4729 4878//4878 4877//4877
f 4692//4692 4721//4721 4722//4722
f 4720//4720 4722//4722 4721//4721
f 4692//4692 4722//4722 4693//4693
f 4696//4696 4722//4722 4785//4785
f 4723//4723 4726//4726 4724//4724
f 4723//4723 4725//4725 4726//4726
f 4724//4724 4726//4726 4728//4728
f 4724//4724 4728//4728 4978//4978
f 4729//4729 4877//4877 4730//4730
f 4733//4733 4735//4735 4734//4734
f 4734//4734 4735//4735 4737//4737
f 4735//4735 4982//4982 4737//4737
f 4737//4737 4982//4982 4984//4984
f 4732//4732 4734//4734 4737//4737
f 4732//4732 4737//4737 4739//4739
f 4737//4737 4984//4984 4739//4739
f 4739//4739 4984//4984 4789//4789
f 4783//4783 4788//4788 4785//4785
f 4731//4731 4785//4785 4787//4787
f 4731//4731 4787//4787 4919//4919
f 4785//4785 4788//4788 4787//4787
f 4787//4787 4921//4921 4919//4919
f 4732//4732 4739//4739 4783//4783
f 4739//4739 4788//4788 4783//4783
f 4739//4739 4789//4789 4788//4788
f 4788//4788 4789//4789 4790//4790
f 4789//4789 4994//4994 4790//4790
f 4791//4791 4994//4994 4793//4793
f 4790//4790 4994//4994 4791//4791
f 4787//4787 4788//4788 4790//4790
f 4787//4787 4790//4790 4921//4921
f 4790//4790 4794//4794 4921//4921
f 4790//4790 4791//4791 4792//4792
f 4790//4790 4792//4792 4794//4794
f 4819//4819 4820//4820 4822//4822
f 4820//4820 4821//4821 4827//4827
f 4822//4822 4887//4887 4886//4886
f 4820//4820 4827//4827 4822//4822
f 4822//4822 4827//4827 4892//4892
f 4822//4822 4892//4892 4887//4887
f 4824//4824 4825//4825 4827//4827
f 4821//4821 4823//4823 4827//4827
f 4823//4823 4824//4824 4827//4827
f 4691//4691 4825//4825 4826//4826
f 4827//4827 4891//4891 4892//4892
f 4827//4827 4894//4894 4891//4891
f 4827//4827 4897//4897 4894//4894
f 4691//4691 4827//4827 4825//4825
f 4827//4827 4905//4905 4897//4897
f 4830//4830 4865//4865 4831//4831
f 4831//4831 4865//4865 4832//4832
f 4691//4691 4826//4826 4833//4833
f 4691//4691 4833//4833 4834//4834
f 4691//4691 4908//4908 4827//4827
f 4827//4827 4908//4908 4905//4905
f 4832//4832 4865//4865 4835//4835
f 4835//4835 4865//4865 4836//4836
f 4836//4836 4865//4865 4839//4839
f 4838//4838 4839//4839 4879//4879
f 4836//4836 4839//4839 4837//4837
f 4837//4837 4839//4839 4838//4838
f 4828//4828 4863//4863 4829//4829
f 4829//4829 4863//4863 4830//4830
f 4863//4863 4864//4864 4865//4865
f 4864//4864 4917//4917 4866//4866
f 4830//4830 4863//4863 4865//4865
f 4864//4864 4866//4866 4865//4865
f 4866//4866 4917//4917 4918//4918
f 4839//4839 4865//4865 4866//4866
f 4866//4866 4918//4918 4867//4867
f 4867//4867 4918//4918 4913//4913
f 4839//4839 4866//4866 4867//4867
f 4875//4875 4880//4880 4876//4876
f 4873//4873 4880//4880 4875//4875
f 4877//4877 4878//4878 4880//4880
f 4876//4876 4880//4880 4878//4878
f 4877//4877 4880//4880 4883//4883
f 4884//4884 4922//4922 4924//4924
f 4839//4839 4872//4872 4879//4879
f 4839//4839 4874//4874 4872//4872
f 4839//4839 4880//4880 4874//4874
f 4873//4873 4874//4874 4880//4880
f 4839//4839 4867//4867 4880//4880
f 4867//4867 4913//4913 4881//4881
f 4867//4867 4881//4881 4880//4880
f 4881//4881 4913//4913 4922//4922
f 4880//4880 4881//4881 4883//4883
f 4881//4881 4884//4884 4883//4883
f 4881//4881 4922//4922 4884//4884
f 4730//4730 4877//4877 4882//4882
f 4877//4877 4883//4883 4882//4882
f 4888//4888 4889//4889 4900//4900
f 4889//4889 4890//4890 4899//4899
f 4889//4889 4899//4899 4900//4900
f 4890//4890 4893//4893 4899//4899
f 4893//4893 4895//4895 4899//4899
f 4895//4895 4896//4896 4899//4899
f 4896//4896 4909//4909 4899//4899
f 4900//4900 4904//4904 4902//4902
f 4899//4899 4904//4904 4900//4900
f 4902//4902 4904//4904 4918//4918
f 4905//4905 4908//4908 4907//4907
f 4896//4896 4898//4898 4909//4909
f 4898//4898 4906//4906 4909//4909
f 4906//4906 4907//4907 4909//4909
f 4907//4907 4908//4908 4909//4909
f 4731//4731 4919//4919 4908//4908
f 4908//4908 4919//4919 4909//4909
f 4909//4909 4919//4919 4920//4920
f 4909//4909 4920//4920 4912//4912
f 4899//4899 4909//4909 4912//4912
f 4899//4899 4912//4912 4904//4904
f 4904//4904 4913//4913 4918//4918
f 4904//4904 4912//4912 4913//4913
f 4912//4912 4922//4922 4913//4913
f 4902//4902 4918//4918 4917//4917
f 4919//4919 4921//4921 4920//4920
f 4920//4920 4921//4921 4926//4926
f 4920//4920 4926//4926 4922//4922
f 4922//4922 4926//4926 4924//4924
f 4912//4912 4920//4920 4922//4922
f 4921//4921 4923//4923 4926//4926
f 4794//4794 4923//4923 4921//4921
f 4923//4923 4925//4925 4926//4926
f 4924//4924 4926//4926 4925//4925
f 4710//4710 4970//4970 4969//4969
f 4710//4710 4973//4973 4970//4970
f 4970//4970 4973//4973 4974//4974
f 4970//4970 4974//4974 4971//4971
f 4971//4971 4975//4975 4972//4972
f 4972//4972 4985//4985 4983//4983
f 4971//4971 4974//4974 4975//4975
f 4972//4972 4975//4975 4985//4985
f 4724//4724 4978//4978 4973//4973
f 4973//4973 4978//4978 4974//4974
f 4975//4975 4994//4994 4985//4985
f 4974//4974 4981//4981 4975//4975
f 4974//4974 4978//4978 4981//4981
f 4975//4975 4981//4981 4994//4994
f 4728//4728 4979//4979 4978//4978
f 4978//4978 4979//4979 4980//4980
f 4793//4793 4994//4994 4981//4981
f 4793//4793 4981//4981 4980//4980
f 4978//4978 4980//4980 4981//4981
f 4982//4982 4983//4983 4984//4984
f 4983//4983 4985//4985 4984//4984
f 4789//4789 4984//4984 4985//4985
f 4789//4789 4985//4985 4994//4994
f 4317//4317 4319//4319 4444//4444
f 4319//4319 4320//4320 4444//4444
f 4320//4320 4341//4341 4339//4339
f 4320//4320 4339//4339 4444//4444
f 4339//4339 4341//4341 4342//4342
f 4339//4339 4342//4342 4885//4885
f 4339//4339 4885//4885 4444//4444
f 4387//4387 4388//4388 4389//4389
f 4387//4387 4389//4389 4435//4435
f 4389//4389 4436//4436 4435//4435
f 4389//4389 4438//4438 4436//4436
f 4388//4388 4444//4444 4389//4389
f 4317//4317 4444//4444 4388//4388
f 4389//4389 4444//4444 5005//5005
f 4725//4725 4727//4727 4726//4726
f 4727//4727 4977//4977 4979//4979
f 4726//4726 4727//4727 4728//4728
f 4727//4727 4979//4979 4728//4728
f 4791//4791 4995//4995 4792//4792
f 4792//4792 4995//4995 4794//4794
f 4794//4794 4995//4995 4923//4923
f 4342//4342 4869//4869 4885//4885
f 4729//4729 4730//4730 4871//4871
f 4730//4730 4882//4882 4871//4871
f 4871//4871 4882//4882 4883//4883
f 4869//4869 4870//4870 4885//4885
f 4870//4870 4871//4871 4885//4885
f 4871//4871 4883//4883 4885//4885
f 4883//4883 4884//4884 4885//4885
f 4885//4885 4924//4924 4925//4925
f 4884//4884 4924//4924 4885//4885
f 4885//4885 4923//4923 4995//4995
f 4885//4885 4925//4925 4923//4923
f 4439//4439 4995//4995 4976//4976
f 4389//4389 5005//5005 4438//4438
f 4438//4438 5005//5005 4439//4439
f 4977//4977 4980//4980 4979//4979
f 4976//4976 4995//4995 4977//4977
f 4977//4977 4995//4995 4980//4980
f 4439//4439 5005//5005 4995//4995
f 4793//4793 4980//4980 4995//4995
f 4791//4791 4793//4793 4995//4995
f 4444//4444 4885//4885 5005//5005
f 4885//4885 4995//4995 5005//5005
f 3658//3658 3659//3659 4616//4616
f 3659//3659 3679//3679 3677//3677
f 3659//3659 3666//3666 3663//3663
f 3658//3658 3694//3694 3695//3695
f 3658//3658 3695//3695 3693//3693
f 3658//3658 3693//3693 3692//3692
f 3659//3659 3663//3663 3679//3679
f 3658//3658 4170//4170 3659//3659
f 3659//3659 4068//4068 3666//3666
f 3659//3659 4071//4071 4068//4068
f 3658//3658 3692//3692 3696//3696
f 3658//3658 3696//3696 4169//4169
f 3659//3659 3674//3674 3687//3687
f 3659//3659 3677//3677 3674//3674
f 3658//3658 3691//3691 3690//3690
f 3658//3658 4625//4625 3691//3691
f 3659//3659 3687//3687 4619//4619
f 3658//3658 3683//3683 3682//3682
f 3658//3658 3682//3682 3694//3694
f 3658//3658 3690//3690 3683//3683
f 3658//3658 4626//4626 4625//4625
f 3658//3658 4169//4169 4170//4170
f 3659//3659 4170//4170 4071//4071
f 3696//3696 4081//4081 4169//4169
f 4081//4081 4082//4082 4169//4169
f 4082//4082 4083//4083 4169//4169
f 4071//4071 4170//4170 4075//4075
f 4083//4083 4084//4084 4169//4169
f 4084//4084 4085//4085 4169//4169
f 4085//4085 4086//4086 4169//4169
f 4075//4075 4170//4170 4117//4117
f 4117//4117 4170//4170 4120//4120
f 4086//4086 4087//4087 4169//4169
f 4087//4087 4122//4122 4169//4169
f 4122//4122 4160//4160 4169//4169
f 4120//4120 4170//4170 4124//4124
f 4124//4124 4170//4170 4162//4162
f 4160//4160 4161//4161 4169//4169
f 4162//4162 4170//4170 5047//5047
f 4161//4161 5138//5138 4169//4169
f 4169//4169 5139//5139 4170//4170
f 3659//3659 4617//4617 4616//4616
f 3658//3658 4616//4616 4626//4626
f 3659//3659 4619//4619 4617//4617
f 4616//4616 4627//4627 4626//4626
f 4617//4617 4619//4619 4622//4622
f 4617//4617 4622//4622 4631//4631
f 4617//4617 4631//4631 4636//4636
f 4616//4616 4634//4634 4627//4627
f 4616//4616 4641//4641 4634//4634
f 4616//4616 4642//4642 4641//4641
f 4617//4617 4636//4636 4638//4638
f 4616//4616 4643//4643 4642//4642
f 4616//4616 4644//4644 4643//4643
f 4616//4616 4645//4645 4644//4644
f 4617//4617 4638//4638 4655//4655
f 4617//4617 4655//4655 4658//4658
f 4616//4616 4646//4646 4645//4645
f 4616//4616 5006//5006 4646//4646
f 4616//4616 5007//5007 5006//5006
f 4617//4617 4658//4658 5139//5139
f 4616//4616 4617//4617 5138//5138
f 4170//4170 5139//5139 5047//5047
f 4161//4161 5043//5043 5138//5138
f 5045//5045 5083//5083 5138//5138
f 5009//5009 5138//5138 5084//5084
f 5083//5083 5084//5084 5138//5138
f 5043//5043 5044//5044 5138//5138
f 5044//5044 5045//5045 5138//5138
f 5047//5047 5139//5139 5049//5049
f 5089//5089 5091//5091 5139//5139
f 5049//5049 5139//5139 5091//5091
f 4616//4616 5138//5138 5007//5007
f 5007//5007 5138//5138 5011//5011
f 4658//4658 5103//5103 5139//5139
f 5103//5103 5106//5106 5139//5139
f 4617//4617 5139//5139 5138//5138
f 5010//5010 5011//5011 5138//5138
f 5008//5008 5010//5010 5138//5138
f 5008//5008 5138//5138 5009//5009
f 5086//5086 5139//5139 5110//5110
f 5106//5106 5110//5110 5139//5139
f 5086//5086 5089//5089 5139//5139
f 4169//4169 5138//5138 5139//5139
f 3665//3665 3668//3668 3669//3669
f 3668//3668 4070//4070 3670//3670
f 3668//3668 3670//3670 3669//3669
f 3670//3670 4070//4070 4078//4078
f 3681//3681 3698//3698 3684//3684
f 3676//3676 3684//3684 3700//3700
f 3681//3681 3697//3697 3698//3698
f 3684//3684 3698//3698 3700//3700
f 3676//3676 3699//3699 3689//3689
f 3689//3689 4647//4647 4621//4621
f 3676//3676 3700//3700 3699//3699
f 3689//3689 3699//3699 4647//4647
f 3699//3699 3700//3700 5094//5094
f 3699//3699 5094//5094 4647//4647
f 3665//3665 3697//3697 3681//3681
f 3665//3665 3669//3669 3697//3697
f 3697//3697 5094//5094 3698//3698
f 3669//3669 5094//5094 3697//3697
f 3669//3669 3670//3670 5094//5094
f 3670//3670 4078//4078 5094//5094
f 3698//3698 5094//5094 3700//3700
f 4070//4070 4073//4073 4078//4078
f 4073//4073 4074//4074 4079//4079
f 4074//4074 4119//4119 4080//4080
f 4073//4073 4079//4079 4078//4078
f 4074//4074 4080//4080 4079//4079
f 4078//4078 4079//4079 5094//5094
f 4079//4079 4080//4080 5094//5094
f 4080//4080 4119//4119 4165//4165
f 4080//4080 4165//4165 5094//5094
f 4165//4165 4166//4166 5094//5094
f 4166//4166 4167//4167 5094//5094
f 4119//4119 4123//4123 4165//4165
f 4123//4123 4125//4125 4166//4166
f 4123//4123 4166//4166 4165//4165
f 4125//4125 4167//4167 4166//4166
f 4125//4125 4163//4163 4167//4167
f 4163//4163 5046//5046 4168//4168
f 4167//4167 4168//4168 5094//5094
f 4168//4168 5096//5096 5094//5094
f 4163//4163 4168//4168 4167//4167
f 4168//4168 5046//5046 5096//5096
f 4621//4621 4648//4648 4624//4624
f 4624//4624 4649//4649 4633//4633
f 4621//4621 4647//4647 4648//4648
f 4624//4624 4648//4648 4649//4649
f 4647//4647 5094//5094 4648//4648
f 4648//4648 5094//5094 4649//4649
f 4633//4633 4650//4650 4635//4635
f 4635//4635 4651//4651 4639//4639
f 4633//4633 4649//4649 4650//4650
f 4635//4635 4650//4650 4651//4651
f 4649//4649 5094//5094 4650//4650
f 4650//4650 5094//5094 4651//4651
f 4651//4651 5094//5094 4661//4661
f 4639//4639 4651//4651 4661//4661
f 4661//4661 5094//5094 4662//4662
f 4662//4662 5094//5094 5113//5113
f 4639//4639 4661//4661 4657//4657
f 4657//4657 4662//4662 4659//4659
f 4659//4659 5113//5113 5104//5104
f 4657//4657 4661//4661 4662//4662
f 4659//4659 4662//4662 5113//5113
f 5094//5094 5095//5095 5098//5098
f 5087//5087 5109//5109 5099//5099
f 5094//5094 5114//5114 5113//5113
f 5094//5094 5115//5115 5114//5114
f 5094//5094 5099//5099 5115//5115
f 5094//5094 5098//5098 5099//5099
f 5099//5099 5109//5109 5115//5115
f 5046//5046 5050//5050 5096//5096
f 5050//5050 5092//5092 5097//5097
f 5094//5094 5096//5096 5097//5097
f 5094//5094 5097//5097 5095//5095
f 5050//5050 5097//5097 5096//5096
f 5092//5092 5095//5095 5097//5097
f 5085//5085 5095//5095 5092//5092
f 5085//5085 5087//5087 5098//5098
f 5085//5085 5098//5098 5095//5095
f 5087//5087 5099//5099 5098//5098
f 5104//5104 5114//5114 5107//5107
f 5107//5107 5115//5115 5109//5109
f 5104//5104 5113//5113 5114//5114
f 5107//5107 5114//5114 5115//5115
f 3664//3664 3680//3680 3679//3679
f 3663//3663 3664//3664 3679//3679
f 3664//3664 3665//3665 3680//3680
f 3663//3663 3667//3667 3664//3664
f 3663//3663 3666//3666 3667//3667
f 3664//3664 3667//3667 3668//3668
f 3664//3664 3668//3668 3665//3665
f 3666//3666 4069//4069 3667//3667
f 3667//3667 4070//4070 3668//3668
f 3666//3666 4068//4068 4069//4069
f 3667//3667 4069//4069 4070//4070
f 3674//3674 3678//3678 3675//3675
f 3677//3677 3680//3680 3678//3678
f 3678//3678 3681//3681 3684//3684
f 3677//3677 3679//3679 3680//3680
f 3678//3678 3680//3680 3681//3681
f 3674//3674 3677//3677 3678//3678
f 3675//3675 3678//3678 3684//3684
f 3675//3675 3684//3684 3676//3676
f 3674//3674 3675//3675 3687//3687
f 3675//3675 3676//3676 3688//3688
f 3675//3675 3688//3688 3687//3687
f 3676//3676 3689//3689 3688//3688
f 3688//3688 4620//4620 4619//4619
f 3687//3687 3688//3688 4619//4619
f 3688//3688 3689//3689 4620//4620
f 3689//3689 4621//4621 4620//4620
f 3665//3665 3681//3681 3680//3680
f 4068//4068 4072//4072 4069//4069
f 4069//4069 4073//4073 4070//4070
f 4068//4068 4071//4071 4072//4072
f 4069//4069 4072//4072 4073//4073
f 4071//4071 4076//4076 4072//4072
f 4072//4072 4074//4074 4073//4073
f 4071//4071 4075//4075 4076//4076
f 4072//4072 4076//4076 4074//4074
f 4074//4074 4076//4076 4119//4119
f 4075//4075 4118//4118 4076//4076
f 4075//4075 4117//4117 4118//4118
f 4076//4076 4118//4118 4119//4119
f 4117//4117 4121//4121 4118//4118
f 4118//4118 4123//4123 4119//4119
f 4117//4117 4120//4120 4121//4121
f 4118//4118 4121//4121 4123//4123
f 4120//4120 4126//4126 4121//4121
f 4121//4121 4125//4125 4123//4123
f 4120//4120 4124//4124 4126//4126
f 4121//4121 4126//4126 4125//4125
f 4125//4125 4126//4126 4163//4163
f 4124//4124 4164//4164 4126//4126
f 4124//4124 4162//4162 4164//4164
f 4126//4126 4164//4164 4163//4163
f 4162//4162 5048//5048 4164//4164
f 4163//4163 4164//4164 5046//5046
f 4164//4164 5048//5048 5046//5046
f 4162//4162 5047//5047 5048//5048
f 4619//4619 4620//4620 4622//4622
f 4620//4620 4621//4621 4623//4623
f 4620//4620 4623//4623 4622//4622
f 4621//4621 4624//4624 4623//4623
f 4622//4622 4623//4623 4631//4631
f 4623//4623 4624//4624 4632//4632
f 4623//4623 4632//4632 4631//4631
f 4624//4624 4633//4633 4632//4632
f 4631//4631 4632//4632 4636//4636
f 4632//4632 4633//4633 4637//4637
f 4632//4632 4637//4637 4636//4636
f 4633//4633 4635//4635 4637//4637
f 4636//4636 4637//4637 4638//4638
f 4635//4635 4640//4640 4637//4637
f 4637//4637 4640//4640 4638//4638
f 4635//4635 4639//4639 4640//4640
f 4639//4639 4656//4656 4640//4640
f 4638//4638 4640//4640 4655//4655
f 4640//4640 4656//4656 4655//4655
f 4639//4639 4657//4657 4656//4656
f 4656//4656 4657//4657 4660//4660
f 4655//4655 4656//4656 4658//4658
f 4656//4656 4660//4660 4658//4658
f 4657//4657 4659//4659 4660//4660
f 4658//4658 4660//4660 5103//5103
f 4659//4659 5105//5105 4660//4660
f 4660//4660 5105//5105 5103//5103
f 4659//4659 5104//5104 5105//5105
f 5087//5087 5088//5088 5109//5109
f 5046//5046 5048//5048 5050//5050
f 5047//5047 5049//5049 5051//5051
f 5048//5048 5051//5051 5050//5050
f 5047//5047 5051//5051 5048//5048
f 5049//5049 5093//5093 5051//5051
f 5050//5050 5051//5051 5092//5092
f 5051//5051 5093//5093 5092//5092
f 5049//5049 5091//5091 5093//5093
f 5085//5085 5092//5092 5093//5093
f 5089//5089 5090//5090 5091//5091
f 5085//5085 5093//5093 5090//5090
f 5086//5086 5088//5088 5089//5089
f 5087//5087 5090//5090 5088//5088
f 5085//5085 5090//5090 5087//5087
f 5088//5088 5090//5090 5089//5089
f 5090//5090 5093//5093 5091//5091
f 5103//5103 5105//5105 5106//5106
f 5104//5104 5108//5108 5105//5105
f 5104//5104 5107//5107 5108//5108
f 5105//5105 5108//5108 5106//5106
f 5107//5107 5109//5109 5111//5111
f 5106//5106 5108//5108 5110//5110
f 5107//5107 5111//5111 5108//5108
f 5108//5108 5111//5111 5110//5110
f 5088//5088 5111//5111 5109//5109
f 5086//5086 5110//5110 5111//5111
f 5086//5086 5111//5111 5088//5088
f 3936//3936 3937//3937 3938//3938
f 3936//3936 4090//4090 3937//3937
f 3939//3939 4096//4096 3943//3943
f 3939//3939 3943//3943 3955//3955
f 3939//3939 4048//4048 4097//4097
f 3936//3936 3943//3943 4090//4090
f 3936//3936 3942//3942 3943//3943
f 3936//3936 3949//3949 3941//3941
f 3936//3936 3941//3941 3942//3942
f 3936//3936 3938//3938 3949//3949
f 3942//3942 3955//3955 3943//3943
f 3940//3940 3942//3942 3941//3941
f 3947//3947 3951//3951 3952//3952
f 3944//3944 3947//3947 3952//3952
f 3944//3944 3946//3946 3947//3947
f 3940//3940 3941//3941 3947//3947
f 3940//3940 3947//3947 3957//3957
f 3946//3946 3948//3948 3947//3947
f 3945//3945 3968//3968 3946//3946
f 3946//3946 3968//3968 3948//3948
f 3947//3947 3948//3948 3957//3957
f 3941//3941 3949//3949 3950//3950
f 3941//3941 3950//3950 3947//3947
f 3947//3947 3950//3950 3951//3951
f 3940//3940 3953//3953 3942//3942
f 3953//3953 3954//3954 3955//3955
f 3942//3942 3953//3953 3955//3955
f 3939//3939 3955//3955 4047//4047
f 3954//3954 4047//4047 3955//3955
f 3939//3939 4047//4047 4048//4048
f 3940//3940 3957//3957 3956//3956
f 3953//3953 3956//3956 3958//3958
f 3940//3940 3956//3956 3953//3953
f 3948//3948 3978//3978 3957//3957
f 3956//3956 3957//3957 3978//3978
f 3956//3956 3978//3978 3958//3958
f 3953//3953 3958//3958 3954//3954
f 3954//3954 3958//3958 3959//3959
f 3958//3958 3978//3978 3959//3959
f 3945//3945 3970//3970 3968//3968
f 3968//3968 3970//3970 3969//3969
f 3969//3969 3970//3970 3971//3971
f 3971//3971 3973//3973 3972//3972
f 3969//3969 3971//3971 3972//3972
f 3972//3972 3973//3973 3975//3975
f 3972//3972 3975//3975 3976//3976
f 3974//3974 3976//3976 3975//3975
f 3974//3974 3977//3977 3976//3976
f 3976//3976 3977//3977 3988//3988
f 3948//3948 3968//3968 3978//3978
f 3968//3968 3969//3969 3978//3978
f 3969//3969 3972//3972 3978//3978
f 3972//3972 3982//3982 3978//3978
f 3978//3978 3982//3982 3983//3983
f 3978//3978 3983//3983 3985//3985
f 3959//3959 3978//3978 3979//3979
f 3978//3978 3980//3980 3979//3979
f 3978//3978 3985//3985 3981//3981
f 3978//3978 3981//3981 3980//3980
f 3972//3972 3976//3976 3982//3982
f 3982//3982 3984//3984 3983//3983
f 3976//3976 3984//3984 3982//3982
f 3976//3976 3992//3992 3984//3984
f 3983//3983 3986//3986 3985//3985
f 3981//3981 3985//3985 4059//4059
f 3985//3985 3986//3986 4059//4059
f 3983//3983 3984//3984 3986//3986
f 3984//3984 4063//4063 3986//3986
f 3976//3976 3988//3988 3992//3992
f 3988//3988 3989//3989 3992//3992
f 3989//3989 3993//3993 3992//3992
f 3989//3989 3990//3990 3993//3993
f 3990//3990 3991//3991 3993//3993
f 3984//3984 3992//3992 4063//4063
f 3992//3992 4064//4064 4063//4063
f 3992//3992 3993//3993 4064//4064
f 3993//3993 4190//4190 4064//4064
f 3954//3954 4051//4051 4047//4047
f 4047//4047 4049//4049 4048//4048
f 4048//4048 4050//4050 4171//4171
f 4047//4047 4051//4051 4049//4049
f 4048//4048 4049//4049 4050//4050
f 3954//3954 3959//3959 4051//4051
f 4049//4049 4051//4051 4052//4052
f 3959//3959 3979//3979 4051//4051
f 3979//3979 4052//4052 4051//4051
f 4049//4049 4053//4053 4050//4050
f 4050//4050 4054//4054 4173//4173
f 4050//4050 4053//4053 4054//4054
f 4049//4049 4052//4052 4053//4053
f 3979//3979 3980//3980 4052//4052
f 3980//3980 4057//4057 4052//4052
f 3980//3980 3981//3981 4057//4057
f 3981//3981 4059//4059 4057//4057
f 4052//4052 4057//4057 4053//4053
f 4057//4057 4059//4059 4058//4058
f 4053//4053 4057//4057 4058//4058
f 3986//3986 4060//4060 4059//4059
f 3986//3986 4063//4063 4060//4060
f 4058//4058 4059//4059 4060//4060
f 4058//4058 4060//4060 4062//4062
f 4060//4060 4061//4061 4062//4062
f 4060//4060 4063//4063 4061//4061
f 4053//4053 4058//4058 4054//4054
f 4054//4054 4062//4062 4180//4180
f 4054//4054 4058//4058 4062//4062
f 4061//4061 4188//4188 4062//4062
f 4061//4061 4063//4063 4064//4064
f 4061//4061 4064//4064 4184//4184
f 3937//3937 4090//4090 4091//4091
f 4090//4090 4092//4092 4091//4091
f 4090//4090 4093//4093 4092//4092
f 4092//4092 4093//4093 4094//4094
f 4093//4093 4095//4095 4094//4094
f 4096//4096 4097//4097 4099//4099
f 3939//3939 4097//4097 4096//4096
f 4097//4097 4098//4098 4099//4099
f 4048//4048 4171//4171 4097//4097
f 4097//4097 4171//4171 4098//4098
f 4098//4098 4171//4171 4172//4172
f 4098//4098 4172//4172 4108//4108
f 3943//3943 4096//4096 4090//4090
f 4090//4090 4096//4096 4093//4093
f 4093//4093 4096//4096 4099//4099
f 4093//4093 4100//4100 4095//4095
f 4093//4093 4099//4099 4100//4100
f 4100//4100 4101//4101 4107//4107
f 4099//4099 4101//4101 4100//4100
f 4098//4098 4101//4101 4099//4099
f 4101//4101 4102//4102 4107//4107
f 4095//4095 4100//4100 4103//4103
f 4100//4100 4104//4104 4103//4103
f 4100//4100 4106//4106 4104//4104
f 4100//4100 4107//4107 4106//4106
f 4104//4104 4106//4106 4105//4105
f 4105//4105 4106//4106 4127//4127
f 4102//4102 4112//4112 4107//4107
f 4106//4106 4107//4107 4138//4138
f 4098//4098 4108//4108 4101//4101
f 4101//4101 4108//4108 4102//4102
f 4102//4102 4108//4108 4109//4109
f 4108//4108 4172//4172 4175//4175
f 4108//4108 4175//4175 4109//4109
f 4109//4109 4175//4175 4110//4110
f 4102//4102 4109//4109 4114//4114
f 4109//4109 4110//4110 4113//4113
f 4110//4110 4177//4177 4115//4115
f 4107//4107 4112//4112 4138//4138
f 4102//4102 4114//4114 4112//4112
f 4109//4109 4113//4113 4114//4114
f 4112//4112 4114//4114 4141//4141
f 4113//4113 4141//4141 4114//4114
f 4113//4113 4115//4115 4141//4141
f 4110//4110 4115//4115 4113//4113
f 4115//4115 4116//4116 4141//4141
f 4115//4115 4177//4177 4116//4116
f 4106//4106 4128//4128 4127//4127
f 4106//4106 4129//4129 4128//4128
f 4106//4106 4139//4139 4129//4129
f 4129//4129 4133//4133 4130//4130
f 4129//4129 4140//4140 4133//4133
f 4130//4130 4133//4133 4131//4131
f 4131//4131 4133//4133 4132//4132
f 4132//4132 4133//4133 4134//4134
f 4133//4133 4145//4145 4135//4135
f 4133//4133 4135//4135 4134//4134
f 4134//4134 4135//4135 4153//4153
f 4134//4134 4153//4153 4151//4151
f 4135//4135 4136//4136 4153//4153
f 4135//4135 4146//4146 4136//4136
f 4136//4136 4147//4147 4137//4137
f 4136//4136 4137//4137 4158//4158
f 4106//4106 4138//4138 4139//4139
f 4129//4129 4139//4139 4140//4140
f 4133//4133 4140//4140 4145//4145
f 4112//4112 4141//4141 4138//4138
f 4138//4138 4141//4141 4139//4139
f 4139//4139 4141//4141 4140//4140
f 4140//4140 4141//4141 4145//4145
f 4141//4141 4146//4146 4145//4145
f 4141//4141 4147//4147 4146//4146
f 4116//4116 4142//4142 4141//4141
f 4141//4141 4142//4142 4143//4143
f 4141//4141 4144//4144 4147//4147
f 4141//4141 4143//4143 4144//4144
f 4135//4135 4145//4145 4146//4146
f 4136//4136 4146//4146 4147//4147
f 4137//4137 4147//4147 4144//4144
f 4151//4151 4153//4153 4152//4152
f 4152//4152 4153//4153 4154//4154
f 4153//4153 4155//4155 4154//4154
f 4153//4153 4158//4158 4155//4155
f 3991//3991 4148//4148 4156//4156
f 3991//3991 4156//4156 3993//3993
f 4148//4148 4149//4149 4156//4156
f 4149//4149 4150//4150 4157//4157
f 4150//4150 4155//4155 4157//4157
f 4149//4149 4157//4157 4156//4156
f 3993//3993 4156//4156 4190//4190
f 4156//4156 4157//4157 4191//4191
f 4156//4156 4191//4191 4190//4190
f 4136//4136 4158//4158 4153//4153
f 4155//4155 4158//4158 4157//4157
f 4157//4157 4158//4158 4192//4192
f 4137//4137 4192//4192 4158//4158
f 4157//4157 4192//4192 4191//4191
f 4171//4171 4173//4173 4172//4172
f 4050//4050 4173//4173 4171//4171
f 4172//4172 4173//4173 4174//4174
f 4172//4172 4174//4174 4175//4175
f 4110//4110 4175//4175 4176//4176
f 4174//4174 4176//4176 4175//4175
f 4110//4110 4176//4176 4177//4177
f 4116//4116 4177//4177 4179//4179
f 4174//4174 4181//4181 4176//4176
f 4176//4176 4181//4181 4178//4178
f 4176//4176 4178//4178 4177//4177
f 4177//4177 4178//4178 4179//4179
f 4054//4054 4180//4180 4173//4173
f 4173//4173 4180//4180 4174//4174
f 4174//4174 4180//4180 4181//4181
f 4116//4116 4179//4179 4142//4142
f 4142//4142 4179//4179 4183//4183
f 4143//4143 4183//4183 4186//4186
f 4179//4179 4182//4182 4183//4183
f 4178//4178 4182//4182 4179//4179
f 4182//4182 4187//4187 4183//4183
f 4184//4184 4185//4185 4189//4189
f 4137//4137 4144//4144 4186//4186
f 4183//4183 4187//4187 4186//4186
f 4137//4137 4186//4186 4192//4192
f 4186//4186 4187//4187 4192//4192
f 4182//4182 4189//4189 4185//4185
f 4182//4182 4185//4185 4187//4187
f 4185//4185 4191//4191 4187//4187
f 4062//4062 4188//4188 4180//4180
f 4180//4180 4188//4188 4181//4181
f 4181//4181 4188//4188 4189//4189
f 4178//4178 4181//4181 4189//4189
f 4178//4178 4189//4189 4182//4182
f 4184//4184 4189//4189 4188//4188
f 4061//4061 4184//4184 4188//4188
f 4142//4142 4183//4183 4143//4143
f 4143//4143 4186//4186 4144//4144
f 4064//4064 4190//4190 4184//4184
f 4185//4185 4190//4190 4191//4191
f 4184//4184 4190//4190 4185//4185
f 4187//4187 4191//4191 4192//4192
f 3478//3478 3479//3479 3480//3480
f 3482//3482 3485//3485 3487//3487
f 3478//3478 3482//3482 3481//3481
f 3478//3478 3481//3481 3479//3479
f 3478//3478 3480//3480 3483//3483
f 3478//3478 3485//3485 3482//3482
f 3478//3478 3483//3483 3485//3485
f 3483//3483 3484//3484 3485//3485
f 3484//3484 3716//3716 3485//3485
f 3485//3485 3716//3716 3715//3715
f 3485//3485 3715//3715 3731//3731
f 3485//3485 3731//3731 3730//3730
f 3485//3485 3730//3730 3488//3488
f 3488//3488 3730//3730 3732//3732
f 3532//3532 3738//3738 3739//3739
f 3531//3531 3739//3739 3737//3737
f 3490//3490 3529//3529 3491//3491
f 3491//3491 3529//3529 3492//3492
f 3486//3486 3528//3528 3489//3489
f 3489//3489 3527//3527 3490//3490
f 3492//3492 3529//3529 3740//3740
f 3526//3526 3737//3737 3740//3740
f 3485//3485 3528//3528 3487//3487
f 3485//3485 3488//3488 3535//3535
f 3486//3486 3487//3487 3528//3528
f 3488//3488 3733//3733 3537//3537
f 3525//3525 3531//3531 3737//3737
f 3532//3532 3775//3775 3705//3705
f 3531//3531 3532//3532 3739//3739
f 3490//3490 3530//3530 3529//3529
f 3490//3490 3527//3527 3530//3530
f 3489//3489 3528//3528 3527//3527
f 3485//3485 3534//3534 3528//3528
f 3485//3485 3535//3535 3534//3534
f 3526//3526 3740//3740 3529//3529
f 3525//3525 3737//3737 3526//3526
f 3488//3488 3536//3536 3535//3535
f 3488//3488 3537//3537 3536//3536
f 3537//3537 3733//3733 3538//3538
f 3538//3538 3733//3733 3539//3539
f 3539//3539 3733//3733 3786//3786
f 3717//3717 3727//3727 3722//3722
f 3717//3717 3723//3723 3727//3727
f 3723//3723 3745//3745 3727//3727
f 3724//3724 3726//3726 3725//3725
f 3722//3722 3727//3727 3724//3724
f 3724//3724 3727//3727 3726//3726
f 3726//3726 3727//3727 3728//3728
f 3727//3727 3729//3729 3728//3728
f 3727//3727 3760//3760 3729//3729
f 3729//3729 3760//3760 3759//3759
f 3488//3488 3732//3732 3733//3733
f 3732//3732 3734//3734 3733//3733
f 3733//3733 3734//3734 3735//3735
f 3733//3733 3735//3735 3736//3736
f 3733//3733 3736//3736 3750//3750
f 3759//3759 3760//3760 3761//3761
f 3760//3760 3762//3762 3761//3761
f 3727//3727 3745//3745 3780//3780
f 3727//3727 3782//3782 3760//3760
f 3532//3532 3705//3705 3738//3738
f 3705//3705 3776//3776 3706//3706
f 3708//3708 3777//3777 3741//3741
f 3706//3706 3776//3776 3707//3707
f 3707//3707 3777//3777 3708//3708
f 3741//3741 3779//3779 3742//3742
f 3742//3742 3779//3779 3743//3743
f 3743//3743 3780//3780 3744//3744
f 3744//3744 3780//3780 3745//3745
f 3733//3733 3750//3750 3787//3787
f 3750//3750 3751//3751 3787//3787
f 3751//3751 3752//3752 3787//3787
f 3752//3752 3753//3753 3788//3788
f 3753//3753 3754//3754 3788//3788
f 3760//3760 3785//3785 3762//3762
f 3762//3762 3785//3785 3763//3763
f 3746//3746 3763//3763 3785//3785
f 3746//3746 3791//3791 3747//3747
f 3747//3747 3796//3796 3749//3749
f 3748//3748 3794//3794 3758//3758
f 3748//3748 3749//3749 3794//3794
f 3754//3754 3756//3756 3789//3789
f 3756//3756 3757//3757 3789//3789
f 3755//3755 3758//3758 3797//3797
f 3755//3755 3797//3797 3757//3757
f 3705//3705 3775//3775 3776//3776
f 3707//3707 3776//3776 3777//3777
f 3741//3741 3777//3777 3778//3778
f 3741//3741 3778//3778 3779//3779
f 3743//3743 3779//3779 3780//3780
f 3727//3727 3780//3780 3781//3781
f 3727//3727 3781//3781 3782//3782
f 3760//3760 3782//3782 3783//3783
f 3760//3760 3783//3783 3784//3784
f 3760//3760 3784//3784 3785//3785
f 3746//3746 3785//3785 3790//3790
f 3746//3746 3790//3790 3791//3791
f 3749//3749 3795//3795 3794//3794
f 3749//3749 3796//3796 3795//3795
f 3747//3747 3791//3791 3793//3793
f 3747//3747 3793//3793 3796//3796
f 3733//3733 3787//3787 3786//3786
f 3752//3752 3788//3788 3787//3787
f 3754//3754 3789//3789 3788//3788
f 3758//3758 3794//3794 3797//3797
f 3757//3757 3797//3797 3789//3789
f 3473//3473 3477//3477 3475//3475
f 3472//3472 3474//3474 3475//3475
f 3473//3473 3475//3475 3474//3474
f 3472//3472 3475//3475 3476//3476
f 3475//3475 3701//3701 3476//3476
f 3471//3471 3475//3475 3477//3477
f 3471//3471 3703//3703 3475//3475
f 3472//3472 3476//3476 3712//3712
f 3471//3471 3477//3477 3738//3738
f 3473//3473 3474//3474 3486//3486
f 3472//3472 3483//3483 3474//3474
f 3473//3473 3492//3492 3477//3477
f 3472//3472 3709//3709 3714//3714
f 3472//3472 3714//3714 3713//3713
f 3474//3474 3480//3480 3479//3479
f 3474//3474 3479//3479 3481//3481
f 3474//3474 3481//3481 3482//3482
f 3474//3474 3483//3483 3480//3480
f 3474//3474 3482//3482 3487//3487
f 3472//3472 3484//3484 3483//3483
f 3472//3472 3713//3713 3484//3484
f 3477//3477 3737//3737 3739//3739
f 3477//3477 3739//3739 3738//3738
f 3477//3477 3492//3492 3740//3740
f 3473//3473 3491//3491 3492//3492
f 3473//3473 3490//3490 3491//3491
f 3477//3477 3740//3740 3737//3737
f 3474//3474 3487//3487 3486//3486
f 3473//3473 3486//3486 3489//3489
f 3473//3473 3489//3489 3490//3490
f 3475//3475 3704//3704 3702//3702
f 3475//3475 3702//3702 3701//3701
f 3475//3475 3703//3703 3704//3704
f 3476//3476 3701//3701 3718//3718
f 3701//3701 3702//3702 3724//3724
f 3471//3471 3708//3708 3703//3703
f 3703//3703 3744//3744 3704//3704
f 3702//3702 3704//3704 3723//3723
f 3472//3472 3712//3712 3709//3709
f 3476//3476 3710//3710 3712//3712
f 3476//3476 3711//3711 3710//3710
f 3701//3701 3720//3720 3719//3719
f 3701//3701 3721//3721 3720//3720
f 3476//3476 3718//3718 3711//3711
f 3701//3701 3719//3719 3718//3718
f 3702//3702 3717//3717 3722//3722
f 3702//3702 3722//3722 3724//3724
f 3701//3701 3724//3724 3721//3721
f 3702//3702 3723//3723 3717//3717
f 3471//3471 3738//3738 3705//3705
f 3471//3471 3705//3705 3706//3706
f 3471//3471 3706//3706 3707//3707
f 3471//3471 3707//3707 3708//3708
f 3703//3703 3708//3708 3741//3741
f 3703//3703 3741//3741 3742//3742
f 3703//3703 3742//3742 3743//3743
f 3704//3704 3744//3744 3745//3745
f 3704//3704 3745//3745 3723//3723
f 3703//3703 3743//3743 3744//3744
f 3484//3484 3713//3713 3716//3716
f 3721//3721 3724//3724 3725//3725
f 3714//3714 3766//3766 3764//3764
f 3711//3711 3769//3769 3766//3766
f 3731//3731 3764//3764 3765//3765
f 3709//3709 3712//3712 3766//3766
f 3709//3709 3766//3766 3714//3714
f 3713//3713 3714//3714 3764//3764
f 3713//3713 3764//3764 3716//3716
f 3715//3715 3716//3716 3764//3764
f 3715//3715 3764//3764 3731//3731
f 3730//3730 3731//3731 3765//3765
f 3730//3730 3765//3765 3732//3732
f 3732//3732 3765//3765 3734//3734
f 3710//3710 3711//3711 3766//3766
f 3710//3710 3766//3766 3712//3712
f 3711//3711 3718//3718 3769//3769
f 3718//3718 3719//3719 3769//3769
f 3719//3719 3720//3720 3769//3769
f 3720//3720 3721//3721 3771//3771
f 3721//3721 3726//3726 3771//3771
f 3720//3720 3771//3771 3769//3769
f 3729//3729 3772//3772 3771//3771
f 3763//3763 3773//3773 3772//3772
f 3726//3726 3728//3728 3771//3771
f 3728//3728 3729//3729 3771//3771
f 3729//3729 3759//3759 3772//3772
f 3759//3759 3761//3761 3772//3772
f 3748//3748 3774//3774 3773//3773
f 3721//3721 3725//3725 3726//3726
f 3734//3734 3767//3767 3735//3735
f 3736//3736 3767//3767 3750//3750
f 3735//3735 3767//3767 3736//3736
f 3750//3750 3767//3767 3751//3751
f 3751//3751 3768//3768 3752//3752
f 3752//3752 3768//3768 3753//3753
f 3753//3753 3768//3768 3754//3754
f 3754//3754 3768//3768 3756//3756
f 3756//3756 3774//3774 3757//3757
f 3755//3755 3757//3757 3774//3774
f 3755//3755 3774//3774 3758//3758
f 3748//3748 3758//3758 3774//3774
f 3761//3761 3762//3762 3772//3772
f 3762//3762 3763//3763 3772//3772
f 3746//3746 3773//3773 3763//3763
f 3746//3746 3747//3747 3773//3773
f 3748//3748 3773//3773 3749//3749
f 3747//3747 3749//3749 3773//3773
f 3764//3764 3770//3770 3765//3765
f 3764//3764 3766//3766 3770//3770
f 3765//3765 3770//3770 3767//3767
f 3767//3767 3770//3770 3768//3768
f 3734//3734 3765//3765 3767//3767
f 3751//3751 3767//3767 3768//3768
f 3756//3756 3768//3768 3774//3774
f 3766//3766 3769//3769 3770//3770
f 3769//3769 3771//3771 3770//3770
f 3770//3770 3771//3771 3772//3772
f 3770//3770 3772//3772 3773//3773
f 3770//3770 3773//3773 3774//3774
f 3768//3768 3770//3770 3774//3774
f 4756//4756 4759//4759 4760//4760
f 4759//4759 4761//4761 4760//4760
f 4756//4756 4760//4760 5013//5013
f 4757//4757 4761//4761 4758//4758
f 4758//4758 4761//4761 4759//4759
f 4757//4757 4774//4774 4761//4761
f 4760//4760 4986//4986 5021//5021
f 4760//4760 4987//4987 4986//4986
f 4760//4760 4761//4761 4987//4987
f 4761//4761 4777//4777 4987//4987
f 4762//4762 4763//4763 4768//4768
f 4762//4762 4764//4764 4763//4763
f 4764//4764 4765//4765 4775//4775
f 4763//4763 4764//4764 4775//4775
f 4765//4765 4766//4766 4775//4775
f 4766//4766 4767//4767 4771//4771
f 4757//4757 4768//4768 4763//4763
f 4767//4767 4770//4770 4771//4771
f 4769//4769 4772//4772 4770//4770
f 4766//4766 4771//4771 4775//4775
f 4770//4770 4772//4772 4771//4771
f 4769//4769 4800//4800 4772//4772
f 4772//4772 4800//4800 4773//4773
f 4757//4757 4763//4763 4774//4774
f 4763//4763 4776//4776 4774//4774
f 4763//4763 4775//4775 4776//4776
f 4774//4774 4776//4776 4778//4778
f 4761//4761 4774//4774 4777//4777
f 4774//4774 4778//4778 4777//4777
f 4777//4777 4778//4778 4780//4780
f 4771//4771 4772//4772 4779//4779
f 4771//4771 4779//4779 4775//4775
f 4775//4775 4779//4779 4776//4776
f 4776//4776 4779//4779 4778//4778
f 4772//4772 4773//4773 4779//4779
f 4773//4773 4801//4801 4779//4779
f 4778//4778 4779//4779 4780//4780
f 4779//4779 4781//4781 4780//4780
f 4779//4779 4782//4782 4781//4781
f 4779//4779 4813//4813 4782//4782
f 4796//4796 4797//4797 4798//4798
f 4796//4796 4798//4798 5054//5054
f 4799//4799 4802//4802 4800//4800
f 4799//4799 4805//4805 4802//4802
f 4773//4773 4800//4800 4802//4802
f 4773//4773 4802//4802 4801//4801
f 4801//4801 4802//4802 4806//4806
f 4803//4803 4804//4804 4807//4807
f 4802//4802 4805//4805 4803//4803
f 4802//4802 4803//4803 4807//4807
f 4802//4802 4808//4808 4806//4806
f 4797//4797 4807//4807 4804//4804
f 4802//4802 4807//4807 4808//4808
f 4796//4796 4807//4807 4797//4797
f 4796//4796 4809//4809 4807//4807
f 4796//4796 5079//5079 4809//4809
f 4807//4807 4809//4809 4808//4808
f 4808//4808 4809//4809 4817//4817
f 4779//4779 4801//4801 4810//4810
f 4779//4779 4810//4810 4811//4811
f 4779//4779 4811//4811 4812//4812
f 4801//4801 4806//4806 4810//4810
f 4806//4806 4814//4814 4810//4810
f 4810//4810 4814//4814 4811//4811
f 4779//4779 4812//4812 4813//4813
f 4812//4812 4996//4996 4813//4813
f 4811//4811 4815//4815 4812//4812
f 4811//4811 4814//4814 4815//4815
f 4812//4812 4815//4815 4996//4996
f 4806//4806 4816//4816 4814//4814
f 4814//4814 4999//4999 4815//4815
f 4806//4806 4808//4808 4816//4816
f 4808//4808 4817//4817 4816//4816
f 4814//4814 4816//4816 4999//4999
f 4816//4816 5000//5000 4999//4999
f 4809//4809 5080//5080 4817//4817
f 4816//4816 4817//4817 5000//5000
f 4817//4817 5137//5137 5000//5000
f 4986//4986 4987//4987 4989//4989
f 4986//4986 4990//4990 5116//5116
f 4777//4777 4988//4988 4987//4987
f 4777//4777 4780//4780 4988//4988
f 4988//4988 4991//4991 4989//4989
f 4987//4987 4988//4988 4989//4989
f 4986//4986 4989//4989 4990//4990
f 4990//4990 4993//4993 5119//5119
f 4989//4989 4992//4992 4990//4990
f 4990//4990 4992//4992 4993//4993
f 4780//4780 4781//4781 4988//4988
f 4781//4781 4991//4991 4988//4988
f 4781//4781 4782//4782 4991//4991
f 4782//4782 4997//4997 4991//4991
f 4991//4991 4997//4997 4992//4992
f 4989//4989 4991//4991 4992//4992
f 4992//4992 4997//4997 4998//4998
f 4992//4992 4998//4998 4993//4993
f 4993//4993 5003//5003 5125//5125
f 4993//4993 4998//4998 5003//5003
f 4782//4782 4813//4813 4997//4997
f 4813//4813 4996//4996 4997//4997
f 4815//4815 5001//5001 4996//4996
f 4996//4996 4998//4998 4997//4997
f 4996//4996 5001//5001 4998//4998
f 4998//4998 5001//5001 5003//5003
f 5001//5001 5002//5002 5003//5003
f 4815//4815 4999//4999 5001//5001
f 4999//4999 5000//5000 5002//5002
f 4999//4999 5002//5002 5001//5001
f 5000//5000 5131//5131 5002//5002
f 5002//5002 5135//5135 5003//5003
f 5017//5017 5022//5022 5018//5018
f 5018//5018 5020//5020 5019//5019
f 5018//5018 5022//5022 5020//5020
f 4760//4760 5021//5021 5013//5013
f 5013//5013 5021//5021 5014//5014
f 5014//5014 5021//5021 5015//5015
f 5015//5015 5021//5021 5022//5022
f 5016//5016 5022//5022 5017//5017
f 5015//5015 5022//5022 5016//5016
f 4986//4986 5116//5116 5021//5021
f 5021//5021 5116//5116 5022//5022
f 5022//5022 5116//5116 5117//5117
f 5020//5020 5022//5022 5023//5023
f 5020//5020 5023//5023 5026//5026
f 5022//5022 5117//5117 5023//5023
f 5023//5023 5117//5117 5118//5118
f 5023//5023 5118//5118 5031//5031
f 5025//5025 5027//5027 5028//5028
f 5019//5019 5020//5020 5027//5027
f 5019//5019 5027//5027 5025//5025
f 5020//5020 5026//5026 5027//5027
f 5026//5026 5033//5033 5027//5027
f 5027//5027 5030//5030 5028//5028
f 5029//5029 5030//5030 5061//5061
f 5029//5029 5061//5061 5059//5059
f 5030//5030 5035//5035 5061//5061
f 5027//5027 5034//5034 5030//5030
f 5026//5026 5031//5031 5036//5036
f 5023//5023 5031//5031 5026//5026
f 5031//5031 5032//5032 5037//5037
f 5031//5031 5118//5118 5032//5032
f 5032//5032 5121//5121 5038//5038
f 5027//5027 5033//5033 5034//5034
f 5030//5030 5034//5034 5035//5035
f 5026//5026 5036//5036 5033//5033
f 5031//5031 5037//5037 5036//5036
f 5032//5032 5038//5038 5037//5037
f 5038//5038 5121//5121 5040//5040
f 5033//5033 5039//5039 5034//5034
f 5033//5033 5036//5036 5039//5039
f 5036//5036 5037//5037 5039//5039
f 5037//5037 5038//5038 5039//5039
f 5034//5034 5039//5039 5035//5035
f 5035//5035 5039//5039 5074//5074
f 5038//5038 5040//5040 5039//5039
f 5039//5039 5040//5040 5041//5041
f 5039//5039 5041//5041 5042//5042
f 5039//5039 5042//5042 5078//5078
f 4796//4796 5054//5054 5055//5055
f 5053//5053 5055//5055 5054//5054
f 5056//5056 5057//5057 5058//5058
f 5053//5053 5056//5056 5055//5055
f 5055//5055 5056//5056 5058//5058
f 5057//5057 5064//5064 5058//5058
f 5059//5059 5061//5061 5060//5060
f 5060//5060 5061//5061 5065//5065
f 5063//5063 5067//5067 5064//5064
f 5062//5062 5065//5065 5063//5063
f 5060//5060 5065//5065 5062//5062
f 5063//5063 5065//5065 5067//5067
f 5061//5061 5074//5074 5065//5065
f 5065//5065 5068//5068 5067//5067
f 5065//5065 5075//5075 5068//5068
f 4796//4796 5055//5055 5079//5079
f 5055//5055 5058//5058 5066//5066
f 5055//5055 5066//5066 5079//5079
f 5058//5058 5064//5064 5067//5067
f 5058//5058 5067//5067 5069//5069
f 5058//5058 5069//5069 5066//5066
f 5067//5067 5068//5068 5069//5069
f 5066//5066 5069//5069 5071//5071
f 5068//5068 5076//5076 5070//5070
f 5070//5070 5077//5077 5072//5072
f 5068//5068 5070//5070 5069//5069
f 5069//5069 5070//5070 5071//5071
f 5070//5070 5072//5072 5071//5071
f 5071//5071 5133//5133 5081//5081
f 5081//5081 5133//5133 5130//5130
f 5071//5071 5072//5072 5133//5133
f 5035//5035 5074//5074 5061//5061
f 5065//5065 5074//5074 5075//5075
f 5039//5039 5075//5075 5074//5074
f 5039//5039 5076//5076 5075//5075
f 5039//5039 5077//5077 5076//5076
f 5068//5068 5075//5075 5076//5076
f 5070//5070 5076//5076 5077//5077
f 5039//5039 5078//5078 5077//5077
f 5072//5072 5077//5077 5078//5078
f 4809//4809 5079//5079 5080//5080
f 5066//5066 5081//5081 5079//5079
f 5079//5079 5081//5081 5080//5080
f 4817//4817 5080//5080 5137//5137
f 5080//5080 5081//5081 5130//5130
f 5080//5080 5130//5130 5137//5137
f 5066//5066 5071//5071 5081//5081
f 5116//5116 5119//5119 5117//5117
f 4990//4990 5119//5119 5116//5116
f 5117//5117 5119//5119 5120//5120
f 5117//5117 5120//5120 5118//5118
f 5032//5032 5118//5118 5122//5122
f 5032//5032 5122//5122 5121//5121
f 5118//5118 5120//5120 5122//5122
f 5120//5120 5126//5126 5122//5122
f 5122//5122 5126//5126 5123//5123
f 5121//5121 5122//5122 5123//5123
f 5040//5040 5121//5121 5124//5124
f 5041//5041 5124//5124 5129//5129
f 5121//5121 5123//5123 5124//5124
f 5124//5124 5128//5128 5129//5129
f 5123//5123 5128//5128 5124//5124
f 5119//5119 5125//5125 5120//5120
f 4993//4993 5125//5125 5119//5119
f 5120//5120 5125//5125 5126//5126
f 5003//5003 5135//5135 5125//5125
f 5125//5125 5135//5135 5126//5126
f 5126//5126 5135//5135 5136//5136
f 5123//5123 5126//5126 5136//5136
f 5123//5123 5136//5136 5128//5128
f 5040//5040 5124//5124 5041//5041
f 5041//5041 5129//5129 5042//5042
f 5131//5131 5132//5132 5136//5136
f 5042//5042 5129//5129 5127//5127
f 5072//5072 5078//5078 5127//5127
f 5127//5127 5129//5129 5134//5134
f 5128//5128 5134//5134 5129//5129
f 5128//5128 5136//5136 5132//5132
f 5128//5128 5132//5132 5134//5134
f 5000//5000 5137//5137 5131//5131
f 5130//5130 5132//5132 5137//5137
f 5131//5131 5137//5137 5132//5132
f 5072//5072 5127//5127 5133//5133
f 5127//5127 5134//5134 5133//5133
f 5130//5130 5133//5133 5134//5134
f 5130//5130 5134//5134 5132//5132
f 5002//5002 5131//5131 5135//5135
f 5131//5131 5136//5136 5135//5135
f 5042//5042 5127//5127 5078//5078
f 4569//4569 5145//5145 4570//4570
f 4570//4570 5145//5145 4571//4571
f 4571//4571 5145//5145 4572//4572
f 4567//4567 4666//4666 4568//4568
f 4566//4566 4672//4672 4567//4567
f 4566//4566 4574//4574 4672//4672
f 4574//4574 4575//4575 4676//4676
f 4568//4568 4664//4664 4569//4569
f 4575//4575 4576//4576 4676//4676
f 4576//4576 4577//4577 4676//4676
f 4578//4578 4579//4579 5158//5158
f 4577//4577 4578//4578 5192//5192
f 4568//4568 4665//4665 4664//4664
f 4568//4568 4666//4666 4665//4665
f 4567//4567 4667//4667 4666//4666
f 4569//4569 4663//4663 5145//5145
f 4569//4569 4664//4664 4663//4663
f 4577//4577 5192//5192 4676//4676
f 4567//4567 4672//4672 4667//4667
f 4574//4574 4676//4676 4672//4672
f 4667//4667 4672//4672 4668//4668
f 4668//4668 4672//4672 4669//4669
f 4669//4669 4673//4673 4670//4670
f 4671//4671 4673//4673 4672//4672
f 4669//4669 4672//4672 4673//4673
f 4671//4671 4675//4675 4673//4673
f 4672//4672 5169//5169 5170//5170
f 4672//4672 5168//5168 5169//5169
f 4672//4672 5189//5189 5168//5168
f 4671//4671 4672//4672 5170//5170
f 4670//4670 4673//4673 4674//4674
f 4673//4673 4675//4675 4674//4674
f 4676//4676 5190//5190 5189//5189
f 4672//4672 4676//4676 5189//5189
f 4572//4572 5146//5146 4840//4840
f 4840//4840 5146//5146 4841//4841
f 4841//4841 5142//5142 4842//4842
f 4842//4842 5143//5143 4843//4843
f 4843//4843 5153//5153 4844//4844
f 4844//4844 5154//5154 4845//4845
f 4845//4845 5154//5154 4846//4846
f 4846//4846 5182//5182 4847//4847
f 4847//4847 5182//5182 4848//4848
f 4848//4848 5182//5182 4849//4849
f 4858//4858 5149//5149 4860//4860
f 4858//4858 4859//4859 5157//5157
f 4849//4849 5198//5198 4854//4854
f 4856//4856 5198//5198 4859//4859
f 4855//4855 5198//5198 4856//4856
f 4854//4854 5198//5198 4855//4855
f 4850//4850 4852//4852 5160//5160
f 4852//4852 4853//4853 5164//5164
f 4851//4851 5165//5165 4853//4853
f 4851//4851 4861//4861 5165//5165
f 4579//4579 4850//4850 5160//5160
f 4860//4860 5148//5148 4861//4861
f 4572//4572 5144//5144 5147//5147
f 4572//4572 5147//5147 5146//5146
f 4841//4841 5146//5146 5140//5140
f 4841//4841 5140//5140 5141//5141
f 4572//4572 5145//5145 5144//5144
f 4841//4841 5141//5141 5142//5142
f 4842//4842 5142//5142 5143//5143
f 4843//4843 5143//5143 5151//5151
f 4844//4844 5153//5153 5154//5154
f 4843//4843 5151//5151 5152//5152
f 4843//4843 5152//5152 5153//5153
f 4846//4846 5154//5154 5155//5155
f 4846//4846 5155//5155 5156//5156
f 4846//4846 5156//5156 5182//5182
f 4579//4579 5160//5160 5159//5159
f 4579//4579 5159//5159 5158//5158
f 4852//4852 5161//5161 5160//5160
f 4852//4852 5164//5164 5161//5161
f 4578//4578 5158//5158 5163//5163
f 4578//4578 5163//5163 5162//5162
f 4578//4578 5162//5162 5192//5192
f 4860//4860 5149//5149 5148//5148
f 4858//4858 5150//5150 5149//5149
f 4853//4853 5165//5165 5164//5164
f 4861//4861 5166//5166 5165//5165
f 4861//4861 5167//5167 5166//5166
f 4861//4861 5148//5148 5167//5167
f 4858//4858 5157//5157 5150//5150
f 4859//4859 5195//5195 5157//5157
f 4859//4859 5198//5198 5195//5195
f 4849//4849 5182//5182 5198//5198
f 5156//5156 5183//5183 5182//5182
f 5182//5182 5183//5183 5184//5184
f 5177//5177 5182//5182 5184//5184
f 5177//5177 5178//5178 5179//5179
f 5177//5177 5179//5179 5182//5182
f 5180//5180 5197//5197 5198//5198
f 5180//5180 5198//5198 5182//5182
f 5179//5179 5181//5181 5182//5182
f 5180//5180 5182//5182 5181//5181
f 4676//4676 5192//5192 5193//5193
f 4676//4676 5191//5191 5190//5190
f 4676//4676 5193//5193 5191//5191
f 5162//5162 5194//5194 5192//5192
f 5192//5192 5194//5194 5193//5193
f 5195//5195 5198//5198 5196//5196
f 5196//5196 5198//5198 5199//5199
f 5197//5197 5199//5199 5198//5198
f 4678//4678 5146//5146 5147//5147
f 4678//4678 5147//5147 5144//5144
f 4663//4663 4679//4679 5145//5145
f 4663//4663 4664//4664 4679//4679
f 4664//4664 4665//4665 4679//4679
f 4679//4679 5144//5144 5145//5145
f 4666//4666 4667//4667 4680//4680
f 4667//4667 4668//4668 4680//4680
f 4665//4665 4666//4666 4680//4680
f 4678//4678 5144//5144 4679//4679
f 4677//4677 5140//5140 4678//4678
f 4665//4665 4680//4680 4679//4679
f 4668//4668 4681//4681 4680//4680
f 4681//4681 5170//5170 4683//4683
f 4678//4678 4679//4679 4682//4682
f 4679//4679 4680//4680 4682//4682
f 4680//4680 4681//4681 4682//4682
f 4677//4677 4678//4678 4682//4682
f 4677//4677 4682//4682 5200//5200
f 4681//4681 4683//4683 4682//4682
f 4682//4682 4683//4683 5202//5202
f 4668//4668 4669//4669 4681//4681
f 4671//4671 5170//5170 4681//4681
f 4683//4683 5170//5170 5171//5171
f 4669//4669 4670//4670 4681//4681
f 4670//4670 4674//4674 4681//4681
f 4674//4674 4675//4675 4681//4681
f 4671//4671 4681//4681 4675//4675
f 4683//4683 5171//5171 5172//5172
f 4678//4678 5140//5140 5146//5146
f 4677//4677 5141//5141 5140//5140
f 4677//4677 5142//5142 5141//5141
f 4677//4677 5143//5143 5142//5142
f 4677//4677 5151//5151 5143//5143
f 5151//5151 5200//5200 5152//5152
f 5152//5152 5200//5200 5153//5153
f 5153//5153 5200//5200 5154//5154
f 5154//5154 5200//5200 5155//5155
f 5155//5155 5201//5201 5156//5156
f 5169//5169 5171//5171 5170//5170
f 5177//5177 5188//5188 5178//5178
f 4677//4677 5200//5200 5151//5151
f 5155//5155 5200//5200 5201//5201
f 5156//5156 5201//5201 5183//5183
f 5183//5183 5201//5201 5184//5184
f 4683//4683 5173//5173 5202//5202
f 5184//5184 5201//5201 5203//5203
f 5185//5185 5203//5203 5202//5202
f 4682//4682 5201//5201 5200//5200
f 4682//4682 5203//5203 5201//5201
f 4682//4682 5202//5202 5203//5203
f 4683//4683 5172//5172 5176//5176
f 4683//4683 5176//5176 5173//5173
f 5173//5173 5175//5175 5202//5202
f 5174//5174 5202//5202 5175//5175
f 5185//5185 5202//5202 5186//5186
f 5185//5185 5187//5187 5203//5203
f 5187//5187 5188//5188 5203//5203
f 5174//5174 5186//5186 5202//5202
f 5177//5177 5203//5203 5188//5188
f 5177//5177 5184//5184 5203//5203
f 5191//5191 5193//5193 5208//5208
f 5162//5162 5163//5163 5204//5204
f 5162//5162 5208//5208 5194//5194
f 5193//5193 5194//5194 5208//5208
f 5148//5148 5212//5212 5167//5167
f 5158//5158 5159//5159 5204//5204
f 5159//5159 5160//5160 5209//5209
f 5160//5160 5161//5161 5209//5209
f 5164//5164 5165//5165 5209//5209
f 5161//5161 5164//5164 5209//5209
f 5165//5165 5166//5166 5212//5212
f 5166//5166 5167//5167 5212//5212
f 5158//5158 5204//5204 5163//5163
f 5148//5148 5149//5149 5212//5212
f 5149//5149 5150//5150 5212//5212
f 5150//5150 5157//5157 5213//5213
f 5157//5157 5195//5195 5213//5213
f 5196//5196 5199//5199 5214//5214
f 5195//5195 5196//5196 5213//5213
f 5168//5168 5189//5189 5205//5205
f 5168//5168 5205//5205 5169//5169
f 5169//5169 5205//5205 5171//5171
f 5171//5171 5205//5205 5172//5172
f 5173//5173 5206//5206 5175//5175
f 5172//5172 5206//5206 5176//5176
f 5173//5173 5176//5176 5206//5206
f 5190//5190 5191//5191 5205//5205
f 5189//5189 5190//5190 5205//5205
f 5174//5174 5175//5175 5207//5207
f 5174//5174 5207//5207 5186//5186
f 5185//5185 5207//5207 5187//5187
f 5185//5185 5186//5186 5207//5207
f 5178//5178 5188//5188 5211//5211
f 5187//5187 5211//5211 5188//5188
f 5178//5178 5211//5211 5179//5179
f 5179//5179 5211//5211 5181//5181
f 5175//5175 5206//5206 5207//5207
f 5172//5172 5205//5205 5206//5206
f 5187//5187 5207//5207 5211//5211
f 5180//5180 5181//5181 5214//5214
f 5180//5180 5214//5214 5197//5197
f 5197//5197 5214//5214 5199//5199
f 5150//5150 5213//5213 5212//5212
f 5196//5196 5214//5214 5213//5213
f 5181//5181 5211//5211 5214//5214
f 5159//5159 5209//5209 5204//5204
f 5162//5162 5204//5204 5208//5208
f 5191//5191 5208//5208 5205//5205
f 5205//5205 5208//5208 5210//5210
f 5205//5205 5210//5210 5206//5206
f 5206//5206 5210//5210 5207//5207
f 5204//5204 5210//5210 5208//5208
f 5165//5165 5212//5212 5209//5209
f 5209//5209 5212//5212 5210//5210
f 5210//5210 5213//5213 5214//5214
f 5210//5210 5212//5212 5213//5213
f 5207//5207 5210//5210 5211//5211
f 5210//5210 5214//5214 5211//5211
f 5204//5204 5209//5209 5210//5210
f 3994//3994 5004//5004 3995//3995
f 3967//3967 3996//3996 5004//5004
f 3995//3995 5004//5004 3996//3996
f 3994//3994 3997//3997 5004//5004
f 3997//3997 4741//4741 5004//5004
f 3967//3967 5004//5004 3987//3987
f 3987//3987 5004//5004 3998//3998
f 3998//3998 5004//5004 3999//3999
f 3999//3999 5004//5004 4000//4000
f 4000//4000 5004//5004 4001//4001
f 4001//4001 5004//5004 4747//4747
f 4741//4741 4742//4742 5004//5004
f 4742//4742 4743//4743 5004//5004
f 4743//4743 4744//4744 5004//5004
f 4744//4744 4745//4745 5004//5004
f 4745//4745 4746//4746 5004//5004
f 4746//4746 4754//4754 5004//5004
f 4753//4753 5004//5004 4754//4754
f 4747//4747 5004//5004 4748//4748
f 4748//4748 5004//5004 4750//4750
f 4750//4750 5004//5004 4751//4751
f 4753//4753 4755//4755 5004//5004
f 4749//4749 5004//5004 4755//4755
f 4749//4749 4751//4751 5004//5004
f 3392//3392 3394//3394 3395//3395
f 3393//3393 3404//3404 3394//3394
f 3392//3392 3393//3393 3394//3394
f 3395//3395 3414//3414 3416//3416
f 3394//3394 3414//3414 3395//3395
f 3394//3394 3404//3404 3409//3409
f 3394//3394 3413//3413 3414//3414
f 3394//3394 3409//3409 3413//3413
f 3395//3395 3396//3396 3400//3400
f 3392//3392 3395//3395 3399//3399
f 3395//3395 3400//3400 3399//3399
f 3395//3395 3416//3416 3396//3396
f 3396//3396 3416//3416 3397//3397
f 3397//3397 3416//3416 3417//3417
f 3397//3397 3417//3417 3398//3398
f 3398//3398 3417//3417 3401//3401
f 3401//3401 3418//3418 3402//3402
f 3401//3401 3417//3417 3418//3418
f 3402//3402 3418//3418 3438//3438
f 3403//3403 3404//3404 3405//3405
f 3403//3403 3409//3409 3404//3404
f 3403//3403 3405//3405 3406//3406
f 3403//3403 3407//3407 3411//3411
f 3407//3407 3408//3408 4349//4349
f 3407//3407 4350//4350 3412//3412
f 3403//3403 3406//3406 3407//3407
f 3406//3406 3408//3408 3407//3407
f 3403//3403 3410//3410 3409//3409
f 3403//3403 3411//3411 3410//3410
f 3409//3409 3422//3422 3413//3413
f 3409//3409 3410//3410 3422//3422
f 3407//3407 3412//3412 3411//3411
f 3410//3410 3411//3411 4369//4369
f 3410//3410 4369//4369 3422//3422
f 3411//3411 3412//3412 4369//4369
f 3414//3414 3415//3415 3416//3416
f 3415//3415 3419//3419 3416//3416
f 3413//3413 3424//3424 3414//3414
f 3414//3414 3424//3424 3415//3415
f 3415//3415 3428//3428 3419//3419
f 3419//3419 3428//3428 3430//3430
f 3416//3416 3419//3419 3417//3417
f 3417//3417 3419//3419 3420//3420
f 3417//3417 3420//3420 3418//3418
f 3418//3418 3420//3420 3421//3421
f 3419//3419 3430//3430 3420//3420
f 3420//3420 3430//3430 3431//3431
f 3420//3420 3431//3431 3421//3421
f 3421//3421 3431//3431 3432//3432
f 3413//3413 3423//3423 3424//3424
f 3413//3413 3422//3422 3423//3423
f 3423//3423 3425//3425 3424//3424
f 3424//3424 3425//3425 3427//3427
f 3415//3415 3424//3424 3427//3427
f 3422//3422 4369//4369 3423//3423
f 3423//3423 4369//4369 3425//3425
f 3425//3425 3426//3426 3427//3427
f 3425//3425 4369//4369 3426//3426
f 3415//3415 3427//3427 3428//3428
f 3428//3428 3433//3433 3430//3430
f 3427//3427 3429//3429 3428//3428
f 3426//3426 3429//3429 3427//3427
f 3426//3426 4370//4370 3429//3429
f 3428//3428 3429//3429 3433//3433
f 3429//3429 4375//4375 3433//3433
f 3430//3430 3433//3433 3434//3434
f 3433//3433 4390//4390 3434//3434
f 3430//3430 3434//3434 3431//3431
f 3431//3431 3434//3434 3435//3435
f 3431//3431 3435//3435 3432//3432
f 3432//3432 3435//3435 3436//3436
f 3434//3434 4391//4391 3435//3435
f 3435//3435 4392//4392 3436//3436
f 3418//3418 3444//3444 3438//3438
f 3438//3438 3444//3444 3439//3439
f 3439//3439 3444//3444 3440//3440
f 3440//3440 3444//3444 3446//3446
f 3440//3440 3446//3446 3441//3441
f 3441//3441 3446//3446 3442//3442
f 3442//3442 3446//3446 3447//3447
f 3442//3442 3447//3447 3443//3443
f 3418//3418 3421//3421 3444//3444
f 3444//3444 3445//3445 3446//3446
f 3421//3421 3445//3445 3444//3444
f 3445//3445 3449//3449 3446//3446
f 3421//3421 3432//3432 3445//3445
f 3445//3445 3456//3456 3449//3449
f 3432//3432 3456//3456 3445//3445
f 3446//3446 3449//3449 3447//3447
f 3447//3447 3449//3449 3448//3448
f 3448//3448 3449//3449 3457//3457
f 3448//3448 3457//3457 3454//3454
f 3443//3443 3447//3447 3450//3450
f 3447//3447 3448//3448 3450//3450
f 3448//3448 3454//3454 3451//3451
f 3448//3448 3451//3451 3450//3450
f 3451//3451 3454//3454 3452//3452
f 3452//3452 3455//3455 3453//3453
f 3452//3452 3454//3454 3455//3455
f 3453//3453 3455//3455 4409//4409
f 3449//3449 3456//3456 3457//3457
f 3456//3456 3470//3470 3457//3457
f 3457//3457 3470//3470 3458//3458
f 3458//3458 3470//3470 4440//4440
f 3454//3454 3457//3457 3458//3458
f 3454//3454 3458//3458 3455//3455
f 3455//3455 3458//3458 4414//4414
f 3432//3432 3436//3436 3456//3456
f 3436//3436 3470//3470 3456//3456
f 3436//3436 4393//4393 3470//3470
f 3407//3407 4349//4349 4350//4350
f 4349//4349 4351//4351 4350//4350
f 4350//4350 4352//4352 4353//4353
f 4350//4350 4353//4353 4355//4355
f 4350//4350 4351//4351 4352//4352
f 4352//4352 4354//4354 4353//4353
f 4353//4353 4354//4354 4359//4359
f 3412//3412 4350//4350 4355//4355
f 4353//4353 4356//4356 4355//4355
f 3412//3412 4355//4355 4369//4369
f 4355//4355 4356//4356 4369//4369
f 4356//4356 4358//4358 4369//4369
f 4358//4358 4372//4372 4369//4369
f 4353//4353 4357//4357 4356//4356
f 4356//4356 4357//4357 4358//4358
f 4358//4358 4378//4378 4372//4372
f 4357//4357 4378//4378 4358//4358
f 4353//4353 4362//4362 4357//4357
f 4353//4353 4359//4359 4362//4362
f 4359//4359 4360//4360 4362//4362
f 4360//4360 4361//4361 4362//4362
f 4361//4361 4364//4364 4362//4362
f 4357//4357 4379//4379 4378//4378
f 4357//4357 4362//4362 4379//4379
f 4362//4362 4364//4364 4381//4381
f 4362//4362 4381//4381 4379//4379
f 4361//4361 4363//4363 4364//4364
f 4363//4363 4365//4365 4364//4364
f 4364//4364 4365//4365 4366//4366
f 4364//4364 4366//4366 4383//4383
f 4364//4364 4383//4383 4381//4381
f 4366//4366 4367//4367 4383//4383
f 4367//4367 4368//4368 4382//4382
f 4367//4367 4382//4382 4383//4383
f 4368//4368 4402//4402 4382//4382
f 4369//4369 4372//4372 4373//4373
f 4369//4369 4373//4373 4371//4371
f 3426//3426 4369//4369 4370//4370
f 4369//4369 4371//4371 4370//4370
f 4372//4372 4374//4374 4373//4373
f 4372//4372 4378//4378 4374//4374
f 4371//4371 4373//4373 4376//4376
f 4373//4373 4374//4374 4376//4376
f 4370//4370 4371//4371 4375//4375
f 3429//3429 4370//4370 4375//4375
f 4371//4371 4376//4376 4375//4375
f 3433//3433 4375//4375 4390//4390
f 4375//4375 4376//4376 4390//4390
f 4374//4374 4377//4377 4376//4376
f 4376//4376 4377//4377 4390//4390
f 4378//4378 4379//4379 4380//4380
f 4374//4374 4378//4378 4380//4380
f 4379//4379 4384//4384 4380//4380
f 4379//4379 4381//4381 4384//4384
f 4374//4374 4380//4380 4377//4377
f 4380//4380 4384//4384 4394//4394
f 4377//4377 4380//4380 4394//4394
f 4381//4381 4383//4383 4385//4385
f 4381//4381 4385//4385 4384//4384
f 4382//4382 4386//4386 4383//4383
f 4383//4383 4386//4386 4385//4385
f 4384//4384 4385//4385 4395//4395
f 4384//4384 4395//4395 4394//4394
f 4385//4385 4386//4386 4396//4396
f 4385//4385 4396//4396 4395//4395
f 3434//3434 4390//4390 4391//4391
f 4377//4377 4391//4391 4390//4390
f 4377//4377 4394//4394 4391//4391
f 3435//3435 4391//4391 4392//4392
f 3436//3436 4392//4392 4393//4393
f 4391//4391 4394//4394 4392//4392
f 4392//4392 4394//4394 4395//4395
f 4392//4392 4395//4395 4393//4393
f 4393//4393 4395//4395 4396//4396
f 4397//4397 4411//4411 4398//4398
f 4398//4398 4420//4420 4401//4401
f 4399//4399 4420//4420 4418//4418
f 4400//4400 4418//4418 4402//4402
f 4399//4399 4418//4418 4400//4400
f 4399//4399 4401//4401 4420//4420
f 4382//4382 4402//4402 4418//4418
f 4403//4403 4404//4404 4412//4412
f 3453//3453 4409//4409 4407//4407
f 4405//4405 4407//4407 4409//4409
f 4405//4405 4409//4409 4406//4406
f 4404//4404 4406//4406 4410//4410
f 4403//4403 4412//4412 4411//4411
f 4397//4397 4408//4408 4411//4411
f 4403//4403 4411//4411 4408//4408
f 4404//4404 4410//4410 4412//4412
f 4406//4406 4409//4409 4410//4410
f 4409//4409 4416//4416 4410//4410
f 4413//4413 4416//4416 4419//4419
f 4411//4411 4412//4412 4420//4420
f 4398//4398 4411//4411 4420//4420
f 4412//4412 4413//4413 4420//4420
f 4410//4410 4413//4413 4412//4412
f 4410//4410 4416//4416 4413//4413
f 3458//3458 4440//4440 4414//4414
f 4414//4414 4440//4440 4415//4415
f 3455//3455 4414//4414 4409//4409
f 4409//4409 4414//4414 4416//4416
f 4415//4415 4419//4419 4416//4416
f 4414//4414 4415//4415 4416//4416
f 4396//4396 4415//4415 4440//4440
f 4413//4413 4418//4418 4420//4420
f 4413//4413 4419//4419 4418//4418
f 4382//4382 4418//4418 4419//4419
f 4382//4382 4419//4419 4386//4386
f 4386//4386 4419//4419 4415//4415
f 4386//4386 4415//4415 4396//4396
f 3470//3470 4393//4393 4440//4440
f 4393//4393 4396//4396 4440//4440
f 3459//3459 3462//3462 4011//4011
f 3459//3459 3460//3460 3462//3462
f 3460//3460 3461//3461 3462//3462
f 3462//3462 3468//3468 4012//4012
f 3461//3461 3466//3466 3462//3462
f 3462//3462 3466//3466 3468//3468
f 3460//3460 3463//3463 3461//3461
f 3461//3461 3463//3463 3466//3466
f 3463//3463 3464//3464 3466//3466
f 3466//3466 3467//3467 3468//3468
f 3464//3464 3467//3467 3466//3466
f 3464//3464 3465//3465 3467//3467
f 3465//3465 4422//4422 3467//3467
f 3468//3468 3469//3469 4023//4023
f 3467//3467 3469//3469 3468//3468
f 3467//3467 4425//4425 3469//3469
f 3469//3469 4431//4431 4038//4038
f 4006//4006 4012//4012 4013//4013
f 4006//4006 4013//4013 4009//4009
f 4007//4007 4009//4009 4013//4013
f 4007//4007 4014//4014 4008//4008
f 4007//4007 4013//4013 4014//4014
f 4010//4010 4011//4011 4012//4012
f 4006//4006 4010//4010 4012//4012
f 3462//3462 4012//4012 4011//4011
f 4012//4012 4023//4023 4013//4013
f 4013//4013 4023//4023 4035//4035
f 4013//4013 4035//4035 4014//4014
f 4014//4014 4035//4035 4036//4036
f 4008//4008 4014//4014 4015//4015
f 4014//4014 4022//4022 4015//4015
f 4015//4015 4022//4022 4016//4016
f 4016//4016 4022//4022 4017//4017
f 4019//4019 4024//4024 4020//4020
f 4017//4017 4021//4021 4018//4018
f 4018//4018 4021//4021 4019//4019
f 4017//4017 4022//4022 4021//4021
f 4019//4019 4021//4021 4024//4024
f 4014//4014 4036//4036 4022//4022
f 4021//4021 4022//4022 4037//4037
f 4022//4022 4036//4036 4037//4037
f 4021//4021 4026//4026 4024//4024
f 4021//4021 4037//4037 4026//4026
f 3468//3468 4023//4023 4012//4012
f 4023//4023 4038//4038 4035//4035
f 3469//3469 4038//4038 4023//4023
f 4020//4020 4024//4024 4028//4028
f 4024//4024 4026//4026 4025//4025
f 4025//4025 4026//4026 4042//4042
f 4025//4025 4042//4042 4027//4027
f 4027//4027 4042//4042 4965//4965
f 4024//4024 4029//4029 4028//4028
f 4024//4024 4025//4025 4029//4029
f 4025//4025 4033//4033 4029//4029
f 4029//4029 4033//4033 4030//4030
f 4030//4030 4033//4033 4031//4031
f 4031//4031 4034//4034 4032//4032
f 4031//4031 4033//4033 4034//4034
f 4032//4032 4034//4034 4951//4951
f 4025//4025 4027//4027 4033//4033
f 4027//4027 4034//4034 4033//4033
f 4027//4027 4931//4931 4034//4034
f 4035//4035 4038//4038 4039//4039
f 4035//4035 4039//4039 4036//4036
f 4036//4036 4039//4039 4040//4040
f 4038//4038 4961//4961 4039//4039
f 4039//4039 4962//4962 4040//4040
f 4036//4036 4040//4040 4037//4037
f 4026//4026 4037//4037 4041//4041
f 4037//4037 4040//4040 4041//4041
f 4026//4026 4041//4041 4042//4042
f 4041//4041 4964//4964 4042//4042
f 4040//4040 4963//4963 4041//4041
f 4423//4423 4424//4424 4426//4426
f 4424//4424 4427//4427 4428//4428
f 4424//4424 4428//4428 4426//4426
f 4421//4421 4425//4425 4422//4422
f 4421//4421 4423//4423 4425//4425
f 3467//3467 4422//4422 4425//4425
f 4423//4423 4426//4426 4425//4425
f 4427//4427 4429//4429 4428//4428
f 4428//4428 4429//4429 4430//4430
f 4429//4429 4433//4433 4430//4430
f 4426//4426 4428//4428 4432//4432
f 4428//4428 4430//4430 4432//4432
f 4425//4425 4426//4426 4431//4431
f 3469//3469 4425//4425 4431//4431
f 4426//4426 4432//4432 4431//4431
f 4431//4431 4432//4432 4961//4961
f 4430//4430 4929//4929 4432//4432
f 4430//4430 4433//4433 4434//4434
f 4038//4038 4431//4431 4961//4961
f 4432//4432 4929//4929 4961//4961
f 4930//4930 4932//4932 4947//4947
f 4027//4027 4965//4965 4931//4931
f 4931//4931 4965//4965 4933//4933
f 4932//4932 4933//4933 4947//4947
f 4931//4931 4933//4933 4932//4932
f 4933//4933 4965//4965 4968//4968
f 4934//4934 4935//4935 4937//4937
f 4935//4935 4936//4936 4937//4937
f 4434//4434 4934//4934 4937//4937
f 4430//4430 4434//4434 4937//4937
f 4936//4936 4942//4942 4937//4937
f 4936//4936 4938//4938 4942//4942
f 4938//4938 4939//4939 4942//4942
f 4939//4939 4943//4943 4942//4942
f 4939//4939 4940//4940 4943//4943
f 4940//4940 4941//4941 4943//4943
f 4430//4430 4937//4937 4929//4929
f 4937//4937 4942//4942 4966//4966
f 4929//4929 4937//4937 4966//4966
f 4942//4942 4943//4943 4967//4967
f 4942//4942 4967//4967 4966//4966
f 4930//4930 4946//4946 4944//4944
f 4930//4930 4947//4947 4946//4946
f 4945//4945 4946//4946 4947//4947
f 4945//4945 4947//4947 4949//4949
f 4941//4941 4948//4948 4950//4950
f 4941//4941 4950//4950 4943//4943
f 4948//4948 4949//4949 4950//4950
f 4947//4947 4950//4950 4949//4949
f 4943//4943 4950//4950 4968//4968
f 4933//4933 4968//4968 4950//4950
f 4943//4943 4968//4968 4967//4967
f 4933//4933 4950//4950 4947//4947
f 4951//4951 4956//4956 4952//4952
f 4952//4952 4956//4956 4953//4953
f 4034//4034 4956//4956 4951//4951
f 4953//4953 4956//4956 4954//4954
f 4954//4954 4956//4956 4957//4957
f 4954//4954 4957//4957 4959//4959
f 4957//4957 4958//4958 4959//4959
f 4932//4932 4957//4957 4956//4956
f 4930//4930 4944//4944 4958//4958
f 4930//4930 4958//4958 4957//4957
f 4930//4930 4957//4957 4932//4932
f 4034//4034 4931//4931 4956//4956
f 4931//4931 4932//4932 4956//4956
f 4039//4039 4961//4961 4962//4962
f 4040//4040 4962//4962 4963//4963
f 4929//4929 4962//4962 4961//4961
f 4929//4929 4966//4966 4962//4962
f 4962//4962 4966//4966 4963//4963
f 4963//4963 4966//4966 4967//4967
f 4041//4041 4963//4963 4964//4964
f 4042//4042 4964//4964 4965//4965
f 4963//4963 4967//4967 4964//4964
f 4964//4964 4968//4968 4965//4965
f 4964//4964 4967//4967 4968//4968
