o universal_adapter
v -11.667262077331543 11.667262077331543 -1.8034344791762046e-23
v -12.405356407165527 10.879205703735352 3.646255126742193e-24
v -10.879205703735352 12.405356407165527 -1.8113579558804255e-23
v -15.624346733093262 5.303750991821289 3.814801570029904e-24
v -15.937776565551758 4.270514011383057 1.0518915068236685e-23
v -16.18295669555664 3.2189903259277344 3.874844534539444e-24
v -16.358840942382812 2.153682231903076 -6.274646182921336e-24
v -16.464672088623047 1.0791516304016113 -3.716352320704001e-25
v -16.5 2.0206671876515188e-15 4.203877176094415e-39
v -14.289419174194336 8.25 -7.73540358694624e-24
v -13.71924877166748 9.166909217834473 1.544567879861757e-23
v -13.090330123901367 10.044563293457031 2.1541266966689125e-24
v -14.798399925231934 7.297763347625732 -1.276353357706531e-23
v -15.244011878967285 6.314276695251465 -7.535402892784652e-24
v -5.303750991821289 15.624346733093262 3.8700824967989866e-23
v -10.044563293457031 13.090330123901367 2.179013996051187e-23
v -9.166909217834473 13.71924877166748 2.5332780968366453e-24
v -8.25 14.289419174194336 -2.018662555391274e-23
v -7.297763347625732 14.798399925231934 5.121183391410216e-23
v -6.314276695251465 15.244011878967285 -2.1461099766056945e-23
v -4.270514011383057 15.937776565551758 -3.6713283606398285e-23
v -3.2189903259277344 16.18295669555664 3.393083550960808e-23
v -2.153682231903076 16.358840942382812 4.2102131289482335e-23
v -1.0791516304016113 16.464672088623047 -2.1059558521246777e-23
v -2.0250000953674316 3.5074028968811035 1.0113586305005324e-24
v -16.464672088623047 -1.0791516304016113 3.716352320704001e-25
v -16.358840942382812 -2.153682231903076 6.274646182921336e-24
v -16.18295669555664 -3.2189903259277344 -3.874844534539444e-24
v -15.937776565551758 -4.270514011383057 -1.0518915068236685e-23
v -15.624346733093262 -5.303750991821289 -3.814801570029904e-24
v -15.244011878967285 -6.314276695251465 7.535402892784652e-24
v -14.798399925231934 -7.297763347625732 1.276353357706531e-23
v -14.289419174194336 -8.25 7.73540358694624e-24
v -13.71924877166748 -9.166909217834473 -1.544567879861757e-23
v -13.090330123901367 -10.044563293457031 -2.1541266966689125e-24
v -12.405356407165527 -10.879205703735352 -3.646255126742193e-24
v -11.667262077331543 -11.667262077331543 1.8034344791762046e-23
v -10.879205703735352 -12.405356407165527 1.8113579558804255e-23
v -4.050000190734863 -4.959819422097685e-16 1.1368061817804365e-39
v -2.0250000953674316 -3.5074028968811035 -1.0113586305005324e-24
v -10.044563293457031 -13.090330123901367 -2.179013996051187e-23
v -9.166909217834473 -13.71924877166748 -2.5332780968366453e-24
v -8.25 -14.289419174194336 2.018662555391274e-23
v -7.297763347625732 -14.798399925231934 -5.121183391410216e-23
v -6.314276695251465 -15.244011878967285 2.1461099766056945e-23
v -5.303750991821289 -15.624346733093262 -3.8700824967989866e-23
v -4.270514011383057 -15.937776565551758 3.6713283606398285e-23
v -3.2189903259277344 -16.18295669555664 -3.393083550960808e-23
v -2.153682231903076 -16.358840942382812 -4.2102131289482335e-23
v -1.0791516304016113 -16.464672088623047 2.1059558521246777e-23
v -3.0310008873563965e-15 -16.5 1.547080717389248e-23
v -13.366279602050781 10.256306648254395 3.299999952316284
v -13.504253387451172 10.362177848815918 3.4000000953674316
v -11.667262077331543 11.667262077331543 3.0999999046325684
v -12.405356407165527 10.879205703735352 3.0999999046325684
v -10.879205703735352 12.405356407165527 3.0999999046325684
v -10.256306648254395 13.366279602050781 3.299999952316284
v -10.362177848815918 13.504253387451172 3.4000000953674316
v -11.790237426757812 11.790237426757812 3.200000047683716
v -11.913211822509766 11.913211822509766 3.299999952316284
v -12.536111831665039 10.993874549865723 3.200000047683716
v -12.666866302490234 11.108543395996094 3.299999952316284
v -12.036187171936035 12.036187171936035 3.4000000953674316
v -12.79762077331543 11.223212242126465 3.4000000953674316
v -10.993874549865723 12.536111831665039 3.200000047683716
v -11.108543395996094 12.666866302490234 3.299999952316284
v -11.223212242126465 12.79762077331543 3.4000000953674316
v -13.642228126525879 10.468050003051758 3.5
v -13.780202865600586 10.573921203613281 3.5999999046325684
v -12.928376197814941 11.337881088256836 3.5
v -13.059130668640137 11.452549934387207 3.5999999046325684
v -13.189885139465332 11.567218780517578 3.700000047683716
v -13.320639610290527 11.68188762664795 3.799999952316284
v -13.918177604675293 10.679792404174805 3.700000047683716
v -14.056151390075684 10.785664558410645 3.799999952316284
v -12.897012710571289 12.897012710571289 4.099999904632568
v -13.019988059997559 13.019988059997559 4.199999809265137
v -14.19412612915039 10.891535758972168 3.9000000953674316
v -14.332100868225098 10.997406959533691 4
v -14.470075607299805 11.103279113769531 4.099999904632568
v -14.608049392700195 11.209150314331055 4.199999809265137
v -13.582149505615234 11.911225318908691 4
v -13.451395034790039 11.79655647277832 3.9000000953674316
v -13.71290397644043 12.025894165039062 4.099999904632568
v -13.843659400939941 12.140563011169434 4.199999809265137
v -11.567218780517578 13.189885139465332 3.700000047683716
v -11.68188762664795 13.320639610290527 3.799999952316284
v -11.337881088256836 12.928376197814941 3.5
v -11.452549934387207 13.059130668640137 3.5999999046325684
v -10.468050003051758 13.642228126525879 3.5
v -10.573921203613281 13.780202865600586 3.5999999046325684
v -10.679792404174805 13.918177604675293 3.700000047683716
v -10.785664558410645 14.056151390075684 3.799999952316284
v -12.282136917114258 12.282136917114258 3.5999999046325684
v -12.159162521362305 12.159162521362305 3.5
v -12.405112266540527 12.405112266540527 3.700000047683716
v -12.528087615966797 12.528087615966797 3.799999952316284
v -11.79655647277832 13.451395034790039 3.9000000953674316
v -11.911225318908691 13.582149505615234 4
v -12.025894165039062 13.71290397644043 4.099999904632568
v -12.140563011169434 13.843659400939941 4.199999809265137
v -10.891535758972168 14.19412612915039 3.9000000953674316
v -10.997406959533691 14.332100868225098 4
v -11.103279113769531 14.470075607299805 4.099999904632568
v -11.209150314331055 14.608049392700195 4.199999809265137
v -12.651062965393066 12.651062965393066 3.9000000953674316
v -12.77403736114502 12.77403736114502 4
v -15.624346733093262 5.303750991821289 3.0999999046325684
v -15.565361976623535 6.447383880615234 3.299999952316284
v -15.40468692779541 6.38083028793335 3.200000047683716
v -15.789031028747559 5.359653472900391 3.200000047683716
v -15.953714370727539 5.415555953979492 3.299999952316284
v -15.726036071777344 6.513937950134277 3.4000000953674316
v -16.118396759033203 5.471458911895752 3.4000000953674316
v -15.937776565551758 4.270514011383057 3.0999999046325684
v -16.18295669555664 3.2189903259277344 3.0999999046325684
v -16.358840942382812 2.153682231903076 3.0999999046325684
v -16.464672088623047 1.0791516304016113 3.0999999046325684
v -16.5 2.2104874828894443e-15 3.0999999046325684
v -16.694671630859375 3.3207767009735107 3.4000000953674316
v -16.105762481689453 4.315526008605957 3.200000047683716
v -16.27375030517578 4.360538005828857 3.299999952316284
v -16.35352897644043 3.2529191970825195 3.200000047683716
v -16.524099349975586 3.2868478298187256 3.299999952316284
v -16.44173812866211 4.405550003051758 3.4000000953674316
v -16.703691482543945 2.199082612991333 3.299999952316284
v -16.673913955688477 2.231721116569452e-15 3.200000047683716
v -16.81175422668457 1.101900577545166 3.299999952316284
v -16.84782600402832 2.25282578948324e-15 3.299999952316284
v -16.876115798950195 2.221782684326172 3.4000000953674316
v -16.985294342041016 1.1132750511169434 3.4000000953674316
v -17.021739959716797 2.273801289872572e-15 3.4000000953674316
v -16.531265258789062 2.176382303237915 3.200000047683716
v -16.638212203979492 1.0905261039733887 3.200000047683716
v -15.734267234802246 7.759282112121582 3.700000047683716
v -15.89024543762207 7.8362016677856445 3.799999952316284
v -16.777132034301758 5.695068836212158 3.799999952316284
v -16.047386169433594 6.647045135498047 3.5999999046325684
v -15.422311782836914 7.605442523956299 3.5
v -15.886711120605469 6.580491542816162 3.5
v -15.578289985656738 7.6823625564575195 3.5999999046325684
v -16.2830810546875 5.5273613929748535 3.5
v -16.447765350341797 5.583263874053955 3.5999999046325684
v -16.20806121826172 6.713598728179932 3.700000047683716
v -16.36873435974121 6.780152320861816 3.799999952316284
v -16.61244773864746 5.639166355133057 3.700000047683716
v -15.644937515258789 9.032608985900879 4
v -16.046222686767578 7.913121700286865 3.9000000953674316
v -16.20220184326172 7.990041255950928 4
v -15.49432373046875 8.94565200805664 3.9000000953674316
v -15.795550346374512 9.1195650100708 4.099999904632568
v -15.946163177490234 9.206521987915039 4.199999809265137
v -16.358179092407227 8.066961288452148 4.099999904632568
v -16.514156341552734 8.143880844116211 4.199999809265137
v -16.69008445739746 6.913259506225586 4
v -16.941814422607422 5.75097131729126 3.9000000953674316
v -17.10649871826172 5.806873798370361 4
v -16.850759506225586 6.979813098907471 4.099999904632568
v -17.01143455505371 7.0463666915893555 4.199999809265137
v -17.43586540222168 5.9186787605285645 4.199999809265137
v -17.271183013916016 5.862776279449463 4.099999904632568
v -16.529409408569336 6.846705913543701 3.9000000953674316
v -18.059242248535156 3.5922067165374756 4.199999809265137
v -18.026538848876953 1.1815217733383179 4
v -18.065217971801758 2.3969435750191125e-15 4
v -18.083091735839844 2.3806841373443604 4.099999904632568
v -18.255517959594727 2.4033844470977783 4.199999809265137
v -18.2000789642334 1.1928962469100952 4.099999904632568
v -18.2391300201416 2.417015291253724e-15 4.099999904632568
v -18.373619079589844 1.2042707204818726 4.199999809265137
v -18.413043975830078 2.436958258480353e-15 4.199999809265137
v -16.777711868286133 4.495573997497559 3.5999999046325684
v -16.86524200439453 3.354705333709717 3.5
v -17.03581428527832 3.388634204864502 3.5999999046325684
v -16.94569969177246 4.540585994720459 3.700000047683716
v -17.113685607910156 4.585597991943359 3.799999952316284
v -17.376956939697266 3.456491708755493 3.799999952316284
v -17.206384658813477 3.422562837600708 3.700000047683716
v -16.609724044799805 4.450562000274658 3.5
v -17.048540115356445 2.24448299407959 3.5
v -17.220966339111328 2.2671830654144287 3.5999999046325684
v -17.33237648010254 1.1360238790512085 3.5999999046325684
v -17.369565963745117 2.3153649848361036e-15 3.5999999046325684
v -17.15883445739746 1.1246495246887207 3.5
v -17.19565200805664 2.2946474059792107e-15 3.5
v -17.393390655517578 2.2898833751678467 3.700000047683716
v -17.56581687927246 2.3125836849212646 3.799999952316284
v -17.505916595458984 1.1473983526229858 3.700000047683716
v -17.54347801208496 2.3359531794103034e-15 3.700000047683716
v -17.67945671081543 1.1587728261947632 3.799999952316284
v -17.717391967773438 2.356412413218284e-15 3.799999952316284
v -17.44965934753418 4.67562198638916 4
v -17.281673431396484 4.63060998916626 3.9000000953674316
v -17.547527313232422 3.490420341491699 3.9000000953674316
v -17.71809959411621 3.5243492126464844 4
v -17.617647171020508 4.7206339836120605 4.099999904632568
v -17.785634994506836 4.765645980834961 4.199999809265137
v -17.888669967651367 3.5582778453826904 4.099999904632568
v -17.73824119567871 2.3352837562561035 3.9000000953674316
v -17.910667419433594 2.3579840660095215 4
v -17.852996826171875 1.1701472997665405 3.9000000953674316
v -17.89130401611328 2.376742474501808e-15 3.9000000953674316
v -14.289419174194336 8.25 3.0999999046325684
v -13.71924877166748 9.166909217834473 3.0999999046325684
v -13.090330123901367 10.044563293457031 3.0999999046325684
v -14.798399925231934 7.297763347625732 3.0999999046325684
v -15.244011878967285 6.314276695251465 3.0999999046325684
v -14.440032005310059 8.336956977844238 3.200000047683716
v -14.590645790100098 8.42391300201416 3.299999952316284
v -14.153059005737305 9.456771850585938 3.4000000953674316
v -14.74125862121582 8.510869979858398 3.4000000953674316
v -13.863851547241211 9.263529777526855 3.200000047683716
v -14.008455276489258 9.360151290893555 3.299999952316284
v -13.228304862976074 10.150434494018555 3.200000047683716
v -14.954378128051758 7.374683380126953 3.200000047683716
v -15.110356330871582 7.451602935791016 3.299999952316284
v -15.26633358001709 7.528522968292236 3.4000000953674316
v -14.297661781311035 9.55339241027832 3.5
v -14.442265510559082 9.65001392364502 3.5999999046325684
v -14.891871452331543 8.59782600402832 3.5
v -15.042484283447266 8.684782981872559 3.5999999046325684
v -14.586869239807129 9.746634483337402 3.700000047683716
v -14.73147201538086 9.843255043029785 3.799999952316284
v -15.193098068237305 8.77173900604248 3.700000047683716
v -15.343710899353027 8.858695983886719 3.799999952316284
v -14.876075744628906 9.939876556396484 3.9000000953674316
v -15.020679473876953 10.036497116088867 4
v -15.165282249450684 10.13311767578125 4.099999904632568
v -15.30988597869873 10.22973918914795 4.199999809265137
v -15.454489707946777 10.326359748840332 4.300000190734863
v -15.599092483520508 10.422981262207031 4.400000095367432
v -15.743696212768555 10.519601821899414 4.5
v -16.03290367126465 10.712843894958496 4.699999809265137
v -15.888299942016602 10.616222381591797 4.599999904632568
v -15.435896873474121 11.844379425048828 4.800000190734863
v -16.177507400512695 10.809464454650879 4.800000190734863
v -16.75592041015625 11.195947647094727 5.199999809265137
v -15.573870658874512 11.950251579284668 4.900000095367432
v -15.711845397949219 12.056122779846191 5
v -16.32210922241211 10.906085014343262 4.900000095367432
v -16.466712951660156 11.002706527709961 5
v -15.849820137023926 12.161993980407715 5.099999904632568
v -15.987794876098633 12.267866134643555 5.199999809265137
v -16.611316680908203 11.099327087402344 5.099999904632568
v -15.412715911865234 13.516589164733887 5.400000095367432
v -15.412715911865234 13.516589164733887 5.5
v -15.412715911865234 13.516589164733887 5.599999904632568
v -16.900524139404297 11.292569160461426 5.300000190734863
v -17.04512596130371 11.389189720153809 5.400000095367432
v -17.04512596130371 11.389189720153809 5.5
v -17.04512596130371 11.389189720153809 5.599999904632568
v -16.125768661499023 12.373737335205078 5.300000190734863
v -16.263744354248047 12.479609489440918 5.400000095367432
v -16.263744354248047 12.479609489440918 5.5
v -16.263744354248047 12.479609489440918 5.599999904632568
v -10.326359748840332 15.454489707946777 4.300000190734863
v -10.422981262207031 15.599092483520508 4.400000095367432
v -10.519601821899414 15.743696212768555 4.5
v -11.844379425048828 15.435896873474121 4.800000190734863
v -10.616222381591797 15.888299942016602 4.599999904632568
v -10.712843894958496 16.03290367126465 4.699999809265137
v -10.809464454650879 16.177507400512695 4.800000190734863
v -13.142963409423828 13.142963409423828 4.300000190734863
v -13.265937805175781 13.265937805175781 4.400000095367432
v -13.38891315460205 13.38891315460205 4.5
v -14.746024131774902 11.315022468566895 4.300000190734863
v -14.105168342590332 12.369900703430176 4.400000095367432
v -14.235922813415527 12.484569549560547 4.5
v -14.88399887084961 11.420893669128418 4.400000095367432
v -15.021973609924316 11.526764869689941 4.5
v -13.974413871765137 12.255231857299805 4.300000190734863
v -14.62818717956543 12.82857608795166 4.800000190734863
v -13.51188850402832 13.51188850402832 4.599999904632568
v -13.63486385345459 13.63486385345459 4.699999809265137
v -12.82857608795166 14.62818717956543 4.800000190734863
v -13.757838249206543 13.757838249206543 4.800000190734863
v -15.159947395324707 11.632637023925781 4.599999904632568
v -15.297922134399414 11.738508224487305 4.699999809265137
v -14.366678237915039 12.599238395690918 4.599999904632568
v -14.497432708740234 12.713907241821289 4.699999809265137
v -12.255231857299805 13.974413871765137 4.300000190734863
v -12.369900703430176 14.105168342590332 4.400000095367432
v -12.484569549560547 14.235922813415527 4.5
v -11.315022468566895 14.746024131774902 4.300000190734863
v -11.420893669128418 14.88399887084961 4.400000095367432
v -11.526764869689941 15.021973609924316 4.5
v -12.599238395690918 14.366678237915039 4.599999904632568
v -12.713907241821289 14.497432708740234 4.699999809265137
v -11.632637023925781 15.159947395324707 4.599999904632568
v -11.738508224487305 15.297922134399414 4.699999809265137
v -13.516589164733887 15.412715911865234 5.400000095367432
v -13.516589164733887 15.412715911865234 5.5
v -13.516589164733887 15.412715911865234 5.599999904632568
v -11.950251579284668 15.573870658874512 4.900000095367432
v -12.056122779846191 15.711845397949219 5
v -12.267866134643555 15.987794876098633 5.199999809265137
v -12.161993980407715 15.849820137023926 5.099999904632568
v -10.906085014343262 16.32210922241211 4.900000095367432
v -11.002706527709961 16.466712951660156 5
v -11.195947647094727 16.75592041015625 5.199999809265137
v -11.099327087402344 16.611316680908203 5.099999904632568
v -12.373737335205078 16.125768661499023 5.300000190734863
v -12.479609489440918 16.263744354248047 5.400000095367432
v -12.479609489440918 16.263744354248047 5.5
v -12.479609489440918 16.263744354248047 5.599999904632568
v -11.292569160461426 16.900524139404297 5.300000190734863
v -11.389189720153809 17.04512596130371 5.400000095367432
v -11.389189720153809 17.04512596130371 5.5
v -11.389189720153809 17.04512596130371 5.599999904632568
v -14.758942604064941 12.943244934082031 4.900000095367432
v -14.889697074890137 13.057913780212402 5
v -14.126763343811035 14.126763343811035 5.099999904632568
v -14.249738693237305 14.249738693237305 5.199999809265137
v -15.020451545715332 13.172582626342773 5.099999904632568
v -15.151206016540527 13.287251472473145 5.199999809265137
v -12.943244934082031 14.758942604064941 4.900000095367432
v -13.057913780212402 14.889697074890137 5
v -13.880813598632812 13.880813598632812 4.900000095367432
v -14.003788948059082 14.003788948059082 5
v -13.172582626342773 15.020451545715332 5.099999904632568
v -13.287251472473145 15.151206016540527 5.199999809265137
v -14.372714042663574 14.372714042663574 5.300000190734863
v -14.495689392089844 14.495689392089844 5.400000095367432
v -15.281961441040039 13.401920318603516 5.300000190734863
v -14.495689392089844 14.495689392089844 5.5
v -14.495689392089844 14.495689392089844 5.599999904632568
v -13.401920318603516 15.281961441040039 5.300000190734863
v -18.0945987701416 6.142288684844971 4.599999904632568
v -18.2592830657959 6.198191165924072 4.699999809265137
v -17.975482940673828 7.445688724517822 4.800000190734863
v -18.423967361450195 6.254094123840332 4.800000190734863
v -16.670135498046875 8.220800399780273 4.300000190734863
v -16.826112747192383 8.297720909118652 4.400000095367432
v -16.98208999633789 8.374640464782715 4.5
v -16.096776962280273 9.293478012084961 4.300000190734863
v -16.24738883972168 9.3804349899292 4.400000095367432
v -16.39800262451172 9.467391014099121 4.5
v -17.172109603881836 7.112920761108398 4.300000190734863
v -17.600549697875977 5.974581241607666 4.300000190734863
v -17.332782745361328 7.179474353790283 4.400000095367432
v -17.493457794189453 7.246027946472168 4.5
v -17.76523208618164 6.030483722686768 4.400000095367432
v -17.929916381835938 6.086386203765869 4.5
v -16.699228286743164 9.641304016113281 4.699999809265137
v -17.13806915283203 8.451560020446777 4.599999904632568
v -17.29404640197754 8.52847957611084 4.699999809265137
v -16.849842071533203 9.72826099395752 4.800000190734863
v -17.450023651123047 8.605400085449219 4.800000190734863
v -16.548616409301758 9.55434799194336 4.599999904632568
v -17.654132843017578 7.312581539154053 4.599999904632568
v -17.814807891845703 7.3791351318359375 4.699999809265137
v -17.95362091064453 4.810657978057861 4.300000190734863
v -18.229812622070312 3.6261353492736816 4.300000190734863
v -18.12160873413086 4.855669975280762 4.400000095367432
v -18.289594650268555 4.900681972503662 4.5
v -18.4003849029541 3.660064220428467 4.400000095367432
v -18.570955276489258 3.693992853164673 4.5
v -18.427942276000977 2.426084518432617 4.300000190734863
v -18.586956024169922 2.4567722649407623e-15 4.300000190734863
v -18.547161102294922 1.2156450748443604 4.300000190734863
v -18.60036849975586 2.448784828186035 4.400000095367432
v -18.77279281616211 2.471485137939453 4.5
v -18.720701217651367 1.2270195484161377 4.400000095367432
v -18.7608699798584 2.4764568871184786e-15 4.400000095367432
v -18.894241333007812 1.238394021987915 4.5
v -18.934782028198242 2.4960125485299755e-15 4.5
v -18.62557029724121 4.990705966949463 4.699999809265137
v -18.457582473754883 4.9456939697265625 4.599999904632568
v -18.741527557373047 3.727921724319458 4.599999904632568
v -18.912097930908203 3.761850357055664 4.699999809265137
v -18.793556213378906 5.035717964172363 4.800000190734863
v -19.082670211791992 3.795779228210449 4.800000190734863
v -19.241323471069336 1.2611429691314697 4.699999809265137
v -19.282608032226562 2.534736565537837e-15 4.699999809265137
v -19.290067672729492 2.539585590362549 4.800000190734863
v -19.41486358642578 1.272517442703247 4.800000190734863
v -19.45652198791504 2.553904709375965e-15 4.800000190734863
v -18.945219039916992 2.494185209274292 4.599999904632568
v -19.117643356323242 2.51688551902771 4.699999809265137
v -19.06778335571289 1.2497684955596924 4.599999904632568
v -19.10869598388672 2.515439037417016e-15 4.599999904632568
v -18.618181228637695 7.711903095245361 5.199999809265137
v -18.07393455505371 8.913078308105469 5.199999809265137
v -19.297517776489258 5.1707539558410645 5.099999904632568
v -19.465505599975586 5.215765953063965 5.199999809265137
v -18.13615608215332 7.512242317199707 4.900000095367432
v -18.296831130981445 7.578795909881592 5
v -18.58864974975586 6.309996604919434 4.900000095367432
v -18.753334045410156 6.365899085998535 5
v -19.129531860351562 5.125741958618164 5
v -18.91801643371582 6.421801567077637 5.099999904632568
v -19.082700729370117 6.477704048156738 5.199999809265137
v -18.45750617980957 7.645349502563477 5.099999904632568
v -18.22991371154785 8.989998817443848 5.300000190734863
v -18.38589096069336 9.06691837310791 5.400000095367432
v -18.77885627746582 7.778457164764404 5.300000190734863
v -18.939529418945312 7.845010757446289 5.400000095367432
v -18.38589096069336 9.06691837310791 5.5
v -18.38589096069336 9.06691837310791 5.599999904632568
v -18.939529418945312 7.845010757446289 5.5
v -18.939529418945312 7.845010757446289 5.599999904632568
v -19.247385025024414 6.53360652923584 5.300000190734863
v -19.412067413330078 6.589509010314941 5.400000095367432
v -19.633493423461914 5.260777950286865 5.300000190734863
v -19.80147933959961 5.305789947509766 5.400000095367432
v -19.412067413330078 6.589509010314941 5.5
v -19.412067413330078 6.589509010314941 5.599999904632568
v -19.80147933959961 5.305789947509766 5.5
v -19.80147933959961 5.305789947509766 5.599999904632568
v -17.000455856323242 9.815217018127441 4.900000095367432
v -17.15106773376465 9.90217399597168 5
v -17.606000900268555 8.682319641113281 4.900000095367432
v -17.761980056762695 8.759239196777344 5
v -17.301681518554688 9.989130020141602 5.099999904632568
v -17.452295303344727 10.07608699798584 5.199999809265137
v -17.917957305908203 8.836158752441406 5.099999904632568
v -17.602907180786133 10.163043975830078 5.300000190734863
v -17.753520965576172 10.25 5.400000095367432
v -17.753520965576172 10.25 5.5
v -17.753520965576172 10.25 5.599999904632568
v -19.423812866210938 3.8636367321014404 5
v -19.25324058532715 3.8297078609466553 4.900000095367432
v -19.634918212890625 2.5849859714508057 5
v -19.594383239746094 3.8975653648376465 5.099999904632568
v -19.764955520629883 3.9314942359924316 5.199999809265137
v -19.979768753051758 2.6303863525390625 5.199999809265137
v -19.807344436645508 2.6076862812042236 5.099999904632568
v -18.961544036865234 5.080729961395264 4.900000095367432
v -19.462493896484375 2.562285900115967 4.900000095367432
v -19.588403701782227 1.2838919162750244 4.900000095367432
v -19.761945724487305 1.2952662706375122 5
v -19.630434036254883 2.5729441042061105e-15 4.900000095367432
v -19.80434799194336 2.5918543265117996e-15 5
v -19.93548583984375 1.3066407442092896 5.099999904632568
v -20.109025955200195 1.318015217781067 5.199999809265137
v -19.978260040283203 2.610635588051269e-15 5.099999904632568
v -20.15217399597168 2.6292876770662825e-15 5.199999809265137
v -19.935527801513672 3.9654228687286377 5.300000190734863
v -20.106098175048828 3.999351739883423 5.400000095367432
v -20.15219497680664 2.6530866622924805 5.300000190734863
v -20.32461929321289 2.6757869720458984 5.400000095367432
v -20.106098175048828 3.999351739883423 5.5
v -20.106098175048828 3.999351739883423 5.599999904632568
v -20.32461929321289 2.6757869720458984 5.5
v -20.32461929321289 2.6757869720458984 5.599999904632568
v -20.282567977905273 1.3293896913528442 5.300000190734863
v -20.45610809326172 1.3407641649246216 5.400000095367432
v -20.326087951660156 2.6478105935568395e-15 5.300000190734863
v -20.5 2.6662043375229403e-15 5.400000095367432
v -20.45610809326172 1.3407641649246216 5.5
v -20.45610809326172 1.3407641649246216 5.599999904632568
v -20.5 2.664720124041114e-15 5.5
v -20.5 2.6632356988010508e-15 5.599999904632568
v -5.303750991821289 15.624346733093262 3.0999999046325684
v -6.447383880615234 15.565361976623535 3.299999952316284
v -6.513937950134277 15.726036071777344 3.4000000953674316
v -6.38083028793335 15.40468692779541 3.200000047683716
v -5.359653472900391 15.789031028747559 3.200000047683716
v -5.415555953979492 15.953714370727539 3.299999952316284
v -5.471458911895752 16.118396759033203 3.4000000953674316
v -10.044563293457031 13.090330123901367 3.0999999046325684
v -9.166909217834473 13.71924877166748 3.0999999046325684
v -8.25 14.289419174194336 3.0999999046325684
v -10.150434494018555 13.228304862976074 3.200000047683716
v -9.263529777526855 13.863851547241211 3.200000047683716
v -9.360151290893555 14.008455276489258 3.299999952316284
v -9.456771850585938 14.153059005737305 3.4000000953674316
v -8.336956977844238 14.440032005310059 3.200000047683716
v -8.42391300201416 14.590645790100098 3.299999952316284
v -8.510869979858398 14.74125862121582 3.4000000953674316
v -7.297763347625732 14.798399925231934 3.0999999046325684
v -6.314276695251465 15.244011878967285 3.0999999046325684
v -7.374683380126953 14.954378128051758 3.200000047683716
v -7.451602935791016 15.110356330871582 3.299999952316284
v -7.528522968292236 15.26633358001709 3.4000000953674316
v -7.759282112121582 15.734267234802246 3.700000047683716
v -7.8362016677856445 15.89024543762207 3.799999952316284
v -9.032608985900879 15.644937515258789 4
v -9.1195650100708 15.795550346374512 4.099999904632568
v -9.206521987915039 15.946163177490234 4.199999809265137
v -8.94565200805664 15.49432373046875 3.9000000953674316
v -7.913121700286865 16.046222686767578 3.9000000953674316
v -7.990041255950928 16.20220184326172 4
v -8.066961288452148 16.358179092407227 4.099999904632568
v -8.143880844116211 16.514156341552734 4.199999809265137
v -7.605442523956299 15.422311782836914 3.5
v -7.6823625564575195 15.578289985656738 3.5999999046325684
v -6.580491542816162 15.886711120605469 3.5
v -6.647045135498047 16.047386169433594 3.5999999046325684
v -6.713598728179932 16.20806121826172 3.700000047683716
v -6.780152320861816 16.36873435974121 3.799999952316284
v -5.5273613929748535 16.2830810546875 3.5
v -5.583263874053955 16.447765350341797 3.5999999046325684
v -5.695068836212158 16.777132034301758 3.799999952316284
v -5.639166355133057 16.61244773864746 3.700000047683716
v -6.913259506225586 16.69008445739746 4
v -6.846705913543701 16.529409408569336 3.9000000953674316
v -6.979813098907471 16.850759506225586 4.099999904632568
v -7.0463666915893555 17.01143455505371 4.199999809265137
v -5.806873798370361 17.10649871826172 4
v -5.75097131729126 16.941814422607422 3.9000000953674316
v -5.862776279449463 17.271183013916016 4.099999904632568
v -5.9186787605285645 17.43586540222168 4.199999809265137
v -9.65001392364502 14.442265510559082 3.5999999046325684
v -9.55339241027832 14.297661781311035 3.5
v -9.746634483337402 14.586869239807129 3.700000047683716
v -9.843255043029785 14.73147201538086 3.799999952316284
v -8.59782600402832 14.891871452331543 3.5
v -8.684782981872559 15.042484283447266 3.5999999046325684
v -8.77173900604248 15.193098068237305 3.700000047683716
v -8.858695983886719 15.343710899353027 3.799999952316284
v -9.939876556396484 14.876075744628906 3.9000000953674316
v -10.036497116088867 15.020679473876953 4
v -10.13311767578125 15.165282249450684 4.099999904632568
v -10.22973918914795 15.30988597869873 4.199999809265137
v -4.270514011383057 15.937776565551758 3.0999999046325684
v -3.2189903259277344 16.18295669555664 3.0999999046325684
v -4.315526008605957 16.105762481689453 3.200000047683716
v -4.360538005828857 16.27375030517578 3.299999952316284
v -4.405550003051758 16.44173812866211 3.4000000953674316
v -3.2529191970825195 16.35352897644043 3.200000047683716
v -3.2868478298187256 16.524099349975586 3.299999952316284
v -3.3207767009735107 16.694671630859375 3.4000000953674316
v -2.153682231903076 16.358840942382812 3.0999999046325684
v -1.0791516304016113 16.464672088623047 3.0999999046325684
v -2.199082612991333 16.703691482543945 3.299999952316284
v -2.176382303237915 16.531265258789062 3.200000047683716
v -2.221782684326172 16.876115798950195 3.4000000953674316
v -1.101900577545166 16.81175422668457 3.299999952316284
v -1.0905261039733887 16.638212203979492 3.200000047683716
v -1.1132750511169434 16.985294342041016 3.4000000953674316
v -4.495573997497559 16.777711868286133 3.5999999046325684
v -4.450562000274658 16.609724044799805 3.5
v -4.540585994720459 16.94569969177246 3.700000047683716
v -4.585597991943359 17.113685607910156 3.799999952316284
v -3.354705333709717 16.86524200439453 3.5
v -3.388634204864502 17.03581428527832 3.5999999046325684
v -3.422562837600708 17.206384658813477 3.700000047683716
v -3.456491708755493 17.376956939697266 3.799999952316284
v -3.5922067165374756 18.059242248535156 4.199999809265137
v -4.63060998916626 17.281673431396484 3.9000000953674316
v -4.67562198638916 17.44965934753418 4
v -4.7206339836120605 17.617647171020508 4.099999904632568
v -4.765645980834961 17.785634994506836 4.199999809265137
v -3.490420341491699 17.547527313232422 3.9000000953674316
v -3.5243492126464844 17.71809959411621 4
v -3.5582778453826904 17.888669967651367 4.099999904632568
v -2.24448299407959 17.048540115356445 3.5
v -2.2671830654144287 17.220966339111328 3.5999999046325684
v -2.2898833751678467 17.393390655517578 3.700000047683716
v -2.3125836849212646 17.56581687927246 3.799999952316284
v -1.1246495246887207 17.15883445739746 3.5
v -1.1360238790512085 17.33237648010254 3.5999999046325684
v -1.1473983526229858 17.505916595458984 3.700000047683716
v -1.1587728261947632 17.67945671081543 3.799999952316284
v -2.3806841373443604 18.083091735839844 4.099999904632568
v -2.4033844470977783 18.255517959594727 4.199999809265137
v -1.1815217733383179 18.026538848876953 4
v -1.1928962469100952 18.2000789642334 4.099999904632568
v -1.2042707204818726 18.373619079589844 4.199999809265137
v -2.3352837562561035 17.73824119567871 3.9000000953674316
v -2.3579840660095215 17.910667419433594 4
v -1.1701472997665405 17.852996826171875 3.9000000953674316
v -2.835003137588501 2.1044366359710693 3.140000104904175
v -2.0250000953674316 3.5074028968811035 3.0999999046325684
v -2.0250000953674316 3.5074028968811035 3.140000104904175
v -2.0250000953674316 3.5074028968811035 3.200000047683716
v -2.0250000953674316 3.5074028968811035 3.299999952316284
v -2.0250000953674316 3.5074028968811035 3.4000000953674316
v -2.0250000953674316 3.5074028968811035 3.5
v -2.0250000953674316 3.5074028968811035 3.5999999046325684
v -2.0250000953674316 3.5074028968811035 3.700000047683716
v -2.0250000953674316 3.5074028968811035 3.799999952316284
v -2.0250000953674316 3.5074028968811035 3.9000000953674316
v -2.0250000953674316 3.5074028968811035 4
v -2.0250000953674316 3.5074028968811035 4.099999904632568
v -2.0250000953674316 3.5074028968811035 4.199999809265137
v -9.293478012084961 16.096776962280273 4.300000190734863
v -9.3804349899292 16.24738883972168 4.400000095367432
v -9.467391014099121 16.39800262451172 4.5
v -8.220800399780273 16.670135498046875 4.300000190734863
v -8.374640464782715 16.98208999633789 4.5
v -8.297720909118652 16.826112747192383 4.400000095367432
v -9.641304016113281 16.699228286743164 4.699999809265137
v -9.55434799194336 16.548616409301758 4.599999904632568
v -9.72826099395752 16.849842071533203 4.800000190734863
v -8.451560020446777 17.13806915283203 4.599999904632568
v -8.52847957611084 17.29404640197754 4.699999809265137
v -8.605400085449219 17.450023651123047 4.800000190734863
v -7.112920761108398 17.172109603881836 4.300000190734863
v -7.179474353790283 17.332782745361328 4.400000095367432
v -7.246027946472168 17.493457794189453 4.5
v -5.974581241607666 17.600549697875977 4.300000190734863
v -6.030483722686768 17.76523208618164 4.400000095367432
v -6.086386203765869 17.929916381835938 4.5
v -7.445688724517822 17.975482940673828 4.800000190734863
v -6.142288684844971 18.0945987701416 4.599999904632568
v -6.198191165924072 18.2592830657959 4.699999809265137
v -6.254094123840332 18.423967361450195 4.800000190734863
v -7.312581539154053 17.654132843017578 4.599999904632568
v -7.3791351318359375 17.814807891845703 4.699999809265137
v -8.913078308105469 18.07393455505371 5.199999809265137
v -7.711903095245361 18.618181228637695 5.199999809265137
v -9.815217018127441 17.000455856323242 4.900000095367432
v -9.90217399597168 17.15106773376465 5
v -9.989130020141602 17.301681518554688 5.099999904632568
v -10.07608699798584 17.452295303344727 5.199999809265137
v -8.682319641113281 17.606000900268555 4.900000095367432
v -8.759239196777344 17.761980056762695 5
v -8.836158752441406 17.917957305908203 5.099999904632568
v -8.989998817443848 18.22991371154785 5.300000190734863
v -9.06691837310791 18.38589096069336 5.400000095367432
v -9.06691837310791 18.38589096069336 5.5
v -9.06691837310791 18.38589096069336 5.599999904632568
v -7.778457164764404 18.77885627746582 5.300000190734863
v -7.845010757446289 18.939529418945312 5.400000095367432
v -7.845010757446289 18.939529418945312 5.5
v -7.845010757446289 18.939529418945312 5.599999904632568
v -10.163043975830078 17.602907180786133 5.300000190734863
v -10.25 17.753520965576172 5.400000095367432
v -10.25 17.753520965576172 5.5
v -10.25 17.753520965576172 5.599999904632568
v -7.512242317199707 18.13615608215332 4.900000095367432
v -7.578795909881592 18.296831130981445 5
v -7.645349502563477 18.45750617980957 5.099999904632568
v -6.421801567077637 18.91801643371582 5.099999904632568
v -6.477704048156738 19.082700729370117 5.199999809265137
v -6.309996604919434 18.58864974975586 4.900000095367432
v -6.365899085998535 18.753334045410156 5
v -5.125741958618164 19.129531860351562 5
v -5.1707539558410645 19.297517776489258 5.099999904632568
v -5.215765953063965 19.465505599975586 5.199999809265137
v -6.53360652923584 19.247385025024414 5.300000190734863
v -6.589509010314941 19.412067413330078 5.400000095367432
v -6.589509010314941 19.412067413330078 5.5
v -6.589509010314941 19.412067413330078 5.599999904632568
v -5.260777950286865 19.633493423461914 5.300000190734863
v -5.305789947509766 19.80147933959961 5.400000095367432
v -5.305789947509766 19.80147933959961 5.5
v -5.305789947509766 19.80147933959961 5.599999904632568
v -4.810657978057861 17.95362091064453 4.300000190734863
v -4.855669975280762 18.12160873413086 4.400000095367432
v -4.900681972503662 18.289594650268555 4.5
v -3.6261353492736816 18.229812622070312 4.300000190734863
v -3.660064220428467 18.4003849029541 4.400000095367432
v -3.693992853164673 18.570955276489258 4.5
v -4.9456939697265625 18.457582473754883 4.599999904632568
v -4.990705966949463 18.62557029724121 4.699999809265137
v -5.035717964172363 18.793556213378906 4.800000190734863
v -3.727921724319458 18.741527557373047 4.599999904632568
v -3.761850357055664 18.912097930908203 4.699999809265137
v -3.795779228210449 19.082670211791992 4.800000190734863
v -2.426084518432617 18.427942276000977 4.300000190734863
v -2.448784828186035 18.60036849975586 4.400000095367432
v -2.471485137939453 18.77279281616211 4.5
v -1.2156450748443604 18.547161102294922 4.300000190734863
v -1.2270195484161377 18.720701217651367 4.400000095367432
v -1.238394021987915 18.894241333007812 4.5
v -2.494185209274292 18.945219039916992 4.599999904632568
v -2.51688551902771 19.117643356323242 4.699999809265137
v -2.539585590362549 19.290067672729492 4.800000190734863
v -1.2611429691314697 19.241323471069336 4.699999809265137
v -1.2497684955596924 19.06778335571289 4.599999904632568
v -1.272517442703247 19.41486358642578 4.800000190734863
v -3.8636367321014404 19.423812866210938 5
v -5.080729961395264 18.961544036865234 4.900000095367432
v -3.8975653648376465 19.594383239746094 5.099999904632568
v -3.9314942359924316 19.764955520629883 5.199999809265137
v -3.8297078609466553 19.25324058532715 4.900000095367432
v -2.5849859714508057 19.634918212890625 5
v -2.6076862812042236 19.807344436645508 5.099999904632568
v -2.6303863525390625 19.979768753051758 5.199999809265137
v -3.9654228687286377 19.935527801513672 5.300000190734863
v -3.999351739883423 20.106098175048828 5.400000095367432
v -3.999351739883423 20.106098175048828 5.5
v -3.999351739883423 20.106098175048828 5.599999904632568
v -2.6530866622924805 20.15219497680664 5.300000190734863
v -2.6757869720458984 20.32461929321289 5.400000095367432
v -2.6757869720458984 20.32461929321289 5.5
v -2.6757869720458984 20.32461929321289 5.599999904632568
v -2.562285900115967 19.462493896484375 4.900000095367432
v -1.2838919162750244 19.588403701782227 4.900000095367432
v -1.2952662706375122 19.761945724487305 5
v -1.3066407442092896 19.93548583984375 5.099999904632568
v -1.318015217781067 20.109025955200195 5.199999809265137
v -1.3293896913528442 20.282567977905273 5.300000190734863
v -1.3407641649246216 20.45610809326172 5.400000095367432
v -1.3407641649246216 20.45610809326172 5.5
v -1.3407641649246216 20.45610809326172 5.599999904632568
v -2.0250000953674316 3.5074028968811035 4.300000190734863
v -2.0250000953674316 3.5074028968811035 4.400000095367432
v -2.0250000953674316 3.5074028968811035 4.5
v -2.0250000953674316 3.5074028968811035 4.599999904632568
v -2.0250000953674316 3.5074028968811035 4.699999809265137
v -2.0250000953674316 3.5074028968811035 4.800000190734863
v -2.0250000953674316 3.5074028968811035 4.900000095367432
v -2.0250000953674316 3.5074028968811035 5
v -2.0250000953674316 3.5074028968811035 5.099999904632568
v -2.0250000953674316 3.5074028968811035 5.199999809265137
v -2.0250000953674316 3.5074028968811035 5.300000190734863
v -2.0250000953674316 3.5074028968811035 5.400000095367432
v -2.0250000953674316 3.5074028968811035 5.5
v -2.0250000953674316 3.5074028968811035 5.599999904632568
v -16.464672088623047 -1.0791516304016113 3.0999999046325684
v -16.358840942382812 -2.153682231903076 3.0999999046325684
v -16.18295669555664 -3.2189903259277344 3.0999999046325684
v -15.937776565551758 -4.270514011383057 3.0999999046325684
v -16.81175422668457 -1.101900577545166 3.299999952316284
v -16.703691482543945 -2.199082612991333 3.299999952316284
v -16.985294342041016 -1.1132750511169434 3.4000000953674316
v -16.876115798950195 -2.221782684326172 3.4000000953674316
v -16.638212203979492 -1.0905261039733887 3.200000047683716
v -16.531265258789062 -2.176382303237915 3.200000047683716
v -16.694671630859375 -3.3207767009735107 3.4000000953674316
v -16.35352897644043 -3.2529191970825195 3.200000047683716
v -16.524099349975586 -3.2868478298187256 3.299999952316284
v -16.105762481689453 -4.315526008605957 3.200000047683716
v -16.27375030517578 -4.360538005828857 3.299999952316284
v -16.44173812866211 -4.405550003051758 3.4000000953674316
v -15.624346733093262 -5.303750991821289 3.0999999046325684
v -15.789031028747559 -5.359653472900391 3.200000047683716
v -15.40468692779541 -6.38083028793335 3.200000047683716
v -15.953714370727539 -5.415555953979492 3.299999952316284
v -15.565361976623535 -6.447383880615234 3.299999952316284
v -16.118396759033203 -5.471458911895752 3.4000000953674316
v -15.726036071777344 -6.513937950134277 3.4000000953674316
v -18.026538848876953 -1.1815217733383179 4
v -18.2000789642334 -1.1928962469100952 4.099999904632568
v -18.373619079589844 -1.2042707204818726 4.199999809265137
v -18.083091735839844 -2.3806841373443604 4.099999904632568
v -18.255517959594727 -2.4033844470977783 4.199999809265137
v -18.059242248535156 -3.5922067165374756 4.199999809265137
v -17.33237648010254 -1.1360238790512085 3.5999999046325684
v -17.15883445739746 -1.1246495246887207 3.5
v -17.048540115356445 -2.24448299407959 3.5
v -17.220966339111328 -2.2671830654144287 3.5999999046325684
v -17.505916595458984 -1.1473983526229858 3.700000047683716
v -17.67945671081543 -1.1587728261947632 3.799999952316284
v -17.393390655517578 -2.2898833751678467 3.700000047683716
v -17.56581687927246 -2.3125836849212646 3.799999952316284
v -16.86524200439453 -3.354705333709717 3.5
v -17.03581428527832 -3.388634204864502 3.5999999046325684
v -16.777711868286133 -4.495573997497559 3.5999999046325684
v -17.376956939697266 -3.456491708755493 3.799999952316284
v -17.206384658813477 -3.422562837600708 3.700000047683716
v -16.94569969177246 -4.540585994720459 3.700000047683716
v -17.113685607910156 -4.585597991943359 3.799999952316284
v -16.609724044799805 -4.450562000274658 3.5
v -17.852996826171875 -1.1701472997665405 3.9000000953674316
v -17.73824119567871 -2.3352837562561035 3.9000000953674316
v -17.910667419433594 -2.3579840660095215 4
v -17.547527313232422 -3.490420341491699 3.9000000953674316
v -17.71809959411621 -3.5243492126464844 4
v -17.44965934753418 -4.67562198638916 4
v -17.281673431396484 -4.63060998916626 3.9000000953674316
v -17.888669967651367 -3.5582778453826904 4.099999904632568
v -17.617647171020508 -4.7206339836120605 4.099999904632568
v -17.785634994506836 -4.765645980834961 4.199999809265137
v -16.777132034301758 -5.695068836212158 3.799999952316284
v -16.2830810546875 -5.5273613929748535 3.5
v -16.447765350341797 -5.583263874053955 3.5999999046325684
v -16.047386169433594 -6.647045135498047 3.5999999046325684
v -15.886711120605469 -6.580491542816162 3.5
v -15.422311782836914 -7.605442523956299 3.5
v -15.578289985656738 -7.6823625564575195 3.5999999046325684
v -16.61244773864746 -5.639166355133057 3.700000047683716
v -16.20806121826172 -6.713598728179932 3.700000047683716
v -16.36873435974121 -6.780152320861816 3.799999952316284
v -15.734267234802246 -7.759282112121582 3.700000047683716
v -15.89024543762207 -7.8362016677856445 3.799999952316284
v -16.941814422607422 -5.75097131729126 3.9000000953674316
v -17.10649871826172 -5.806873798370361 4
v -16.69008445739746 -6.913259506225586 4
v -17.43586540222168 -5.9186787605285645 4.199999809265137
v -17.271183013916016 -5.862776279449463 4.099999904632568
v -16.850759506225586 -6.979813098907471 4.099999904632568
v -17.01143455505371 -7.0463666915893555 4.199999809265137
v -16.529409408569336 -6.846705913543701 3.9000000953674316
v -16.046222686767578 -7.913121700286865 3.9000000953674316
v -16.20220184326172 -7.990041255950928 4
v -15.49432373046875 -8.94565200805664 3.9000000953674316
v -15.644937515258789 -9.032608985900879 4
v -16.358179092407227 -8.066961288452148 4.099999904632568
v -16.514156341552734 -8.143880844116211 4.199999809265137
v -15.795550346374512 -9.1195650100708 4.099999904632568
v -15.946163177490234 -9.206521987915039 4.199999809265137
v -15.244011878967285 -6.314276695251465 3.0999999046325684
v -14.798399925231934 -7.297763347625732 3.0999999046325684
v -14.289419174194336 -8.25 3.0999999046325684
v -13.71924877166748 -9.166909217834473 3.0999999046325684
v -13.090330123901367 -10.044563293457031 3.0999999046325684
v -14.954378128051758 -7.374683380126953 3.200000047683716
v -15.110356330871582 -7.451602935791016 3.299999952316284
v -15.26633358001709 -7.528522968292236 3.4000000953674316
v -14.440032005310059 -8.336956977844238 3.200000047683716
v -14.590645790100098 -8.42391300201416 3.299999952316284
v -14.74125862121582 -8.510869979858398 3.4000000953674316
v -14.153059005737305 -9.456771850585938 3.4000000953674316
v -13.863851547241211 -9.263529777526855 3.200000047683716
v -14.008455276489258 -9.360151290893555 3.299999952316284
v -13.228304862976074 -10.150434494018555 3.200000047683716
v -14.891871452331543 -8.59782600402832 3.5
v -15.042484283447266 -8.684782981872559 3.5999999046325684
v -14.297661781311035 -9.55339241027832 3.5
v -14.442265510559082 -9.65001392364502 3.5999999046325684
v -15.193098068237305 -8.77173900604248 3.700000047683716
v -15.343710899353027 -8.858695983886719 3.799999952316284
v -14.586869239807129 -9.746634483337402 3.700000047683716
v -14.73147201538086 -9.843255043029785 3.799999952316284
v -14.876075744628906 -9.939876556396484 3.9000000953674316
v -15.020679473876953 -10.036497116088867 4
v -15.165282249450684 -10.13311767578125 4.099999904632568
v -15.30988597869873 -10.22973918914795 4.199999809265137
v -13.366279602050781 -10.256306648254395 3.299999952316284
v -13.504253387451172 -10.362177848815918 3.4000000953674316
v -12.405356407165527 -10.879205703735352 3.0999999046325684
v -11.667262077331543 -11.667262077331543 3.0999999046325684
v -10.879205703735352 -12.405356407165527 3.0999999046325684
v -12.536111831665039 -10.993874549865723 3.200000047683716
v -12.666866302490234 -11.108543395996094 3.299999952316284
v -11.790237426757812 -11.790237426757812 3.200000047683716
v -11.913211822509766 -11.913211822509766 3.299999952316284
v -12.79762077331543 -11.223212242126465 3.4000000953674316
v -12.036187171936035 -12.036187171936035 3.4000000953674316
v -10.993874549865723 -12.536111831665039 3.200000047683716
v -11.108543395996094 -12.666866302490234 3.299999952316284
v -11.223212242126465 -12.79762077331543 3.4000000953674316
v -10.256306648254395 -13.366279602050781 3.299999952316284
v -10.362177848815918 -13.504253387451172 3.4000000953674316
v -13.642228126525879 -10.468050003051758 3.5
v -13.780202865600586 -10.573921203613281 3.5999999046325684
v -12.928376197814941 -11.337881088256836 3.5
v -13.059130668640137 -11.452549934387207 3.5999999046325684
v -13.918177604675293 -10.679792404174805 3.700000047683716
v -14.056151390075684 -10.785664558410645 3.799999952316284
v -13.189885139465332 -11.567218780517578 3.700000047683716
v -13.320639610290527 -11.68188762664795 3.799999952316284
v -14.19412612915039 -10.891535758972168 3.9000000953674316
v -14.332100868225098 -10.997406959533691 4
v -14.470075607299805 -11.103279113769531 4.099999904632568
v -14.608049392700195 -11.209150314331055 4.199999809265137
v -13.582149505615234 -11.911225318908691 4
v -13.451395034790039 -11.79655647277832 3.9000000953674316
v -13.71290397644043 -12.025894165039062 4.099999904632568
v -13.843659400939941 -12.140563011169434 4.199999809265137
v -12.897012710571289 -12.897012710571289 4.099999904632568
v -13.019988059997559 -13.019988059997559 4.199999809265137
v -12.282136917114258 -12.282136917114258 3.5999999046325684
v -12.159162521362305 -12.159162521362305 3.5
v -12.405112266540527 -12.405112266540527 3.700000047683716
v -12.528087615966797 -12.528087615966797 3.799999952316284
v -11.567218780517578 -13.189885139465332 3.700000047683716
v -11.68188762664795 -13.320639610290527 3.799999952316284
v -11.337881088256836 -12.928376197814941 3.5
v -11.452549934387207 -13.059130668640137 3.5999999046325684
v -10.468050003051758 -13.642228126525879 3.5
v -10.573921203613281 -13.780202865600586 3.5999999046325684
v -10.679792404174805 -13.918177604675293 3.700000047683716
v -10.785664558410645 -14.056151390075684 3.799999952316284
v -12.651062965393066 -12.651062965393066 3.9000000953674316
v -12.77403736114502 -12.77403736114502 4
v -11.79655647277832 -13.451395034790039 3.9000000953674316
v -11.911225318908691 -13.582149505615234 4
v -12.025894165039062 -13.71290397644043 4.099999904632568
v -12.140563011169434 -13.843659400939941 4.199999809265137
v -10.891535758972168 -14.19412612915039 3.9000000953674316
v -10.997406959533691 -14.332100868225098 4
v -11.103279113769531 -14.470075607299805 4.099999904632568
v -11.209150314331055 -14.608049392700195 4.199999809265137
v -18.547161102294922 -1.2156450748443604 4.300000190734863
v -18.427942276000977 -2.426084518432617 4.300000190734863
v -18.720701217651367 -1.2270195484161377 4.400000095367432
v -18.894241333007812 -1.238394021987915 4.5
v -18.60036849975586 -2.448784828186035 4.400000095367432
v -18.77279281616211 -2.471485137939453 4.5
v -18.229812622070312 -3.6261353492736816 4.300000190734863
v -17.95362091064453 -4.810657978057861 4.300000190734863
v -18.4003849029541 -3.660064220428467 4.400000095367432
v -18.570955276489258 -3.693992853164673 4.5
v -18.12160873413086 -4.855669975280762 4.400000095367432
v -18.289594650268555 -4.900681972503662 4.5
v -19.241323471069336 -1.2611429691314697 4.699999809265137
v -19.41486358642578 -1.272517442703247 4.800000190734863
v -19.290067672729492 -2.539585590362549 4.800000190734863
v -19.06778335571289 -1.2497684955596924 4.599999904632568
v -18.945219039916992 -2.494185209274292 4.599999904632568
v -19.117643356323242 -2.51688551902771 4.699999809265137
v -18.741527557373047 -3.727921724319458 4.599999904632568
v -18.912097930908203 -3.761850357055664 4.699999809265137
v -18.62557029724121 -4.990705966949463 4.699999809265137
v -18.457582473754883 -4.9456939697265625 4.599999904632568
v -19.082670211791992 -3.795779228210449 4.800000190734863
v -18.793556213378906 -5.035717964172363 4.800000190734863
v -18.0945987701416 -6.142288684844971 4.599999904632568
v -18.2592830657959 -6.198191165924072 4.699999809265137
v -18.423967361450195 -6.254094123840332 4.800000190734863
v -17.975482940673828 -7.445688724517822 4.800000190734863
v -17.600549697875977 -5.974581241607666 4.300000190734863
v -17.172109603881836 -7.112920761108398 4.300000190734863
v -17.76523208618164 -6.030483722686768 4.400000095367432
v -17.929916381835938 -6.086386203765869 4.5
v -17.332782745361328 -7.179474353790283 4.400000095367432
v -17.493457794189453 -7.246027946472168 4.5
v -16.670135498046875 -8.220800399780273 4.300000190734863
v -16.826112747192383 -8.297720909118652 4.400000095367432
v -16.98208999633789 -8.374640464782715 4.5
v -16.096776962280273 -9.293478012084961 4.300000190734863
v -16.24738883972168 -9.3804349899292 4.400000095367432
v -16.39800262451172 -9.467391014099121 4.5
v -17.654132843017578 -7.312581539154053 4.599999904632568
v -17.814807891845703 -7.3791351318359375 4.699999809265137
v -17.13806915283203 -8.451560020446777 4.599999904632568
v -17.29404640197754 -8.52847957611084 4.699999809265137
v -16.699228286743164 -9.641304016113281 4.699999809265137
v -17.450023651123047 -8.605400085449219 4.800000190734863
v -16.849842071533203 -9.72826099395752 4.800000190734863
v -16.548616409301758 -9.55434799194336 4.599999904632568
v -19.588403701782227 -1.2838919162750244 4.900000095367432
v -19.462493896484375 -2.562285900115967 4.900000095367432
v -19.761945724487305 -1.2952662706375122 5
v -19.93548583984375 -1.3066407442092896 5.099999904632568
v -20.109025955200195 -1.318015217781067 5.199999809265137
v -19.25324058532715 -3.8297078609466553 4.900000095367432
v -19.634918212890625 -2.5849859714508057 5
v -19.423812866210938 -3.8636367321014404 5
v -19.979768753051758 -2.6303863525390625 5.199999809265137
v -19.807344436645508 -2.6076862812042236 5.099999904632568
v -19.594383239746094 -3.8975653648376465 5.099999904632568
v -19.764955520629883 -3.9314942359924316 5.199999809265137
v -18.961544036865234 -5.080729961395264 4.900000095367432
v -20.282567977905273 -1.3293896913528442 5.300000190734863
v -20.45610809326172 -1.3407641649246216 5.400000095367432
v -20.45610809326172 -1.3407641649246216 5.5
v -20.45610809326172 -1.3407641649246216 5.599999904632568
v -20.15219497680664 -2.6530866622924805 5.300000190734863
v -20.32461929321289 -2.6757869720458984 5.400000095367432
v -19.935527801513672 -3.9654228687286377 5.300000190734863
v -20.106098175048828 -3.999351739883423 5.400000095367432
v -20.32461929321289 -2.6757869720458984 5.5
v -20.32461929321289 -2.6757869720458984 5.599999904632568
v -20.106098175048828 -3.999351739883423 5.5
v -20.106098175048828 -3.999351739883423 5.599999904632568
v -19.297517776489258 -5.1707539558410645 5.099999904632568
v -19.465505599975586 -5.215765953063965 5.199999809265137
v -18.58864974975586 -6.309996604919434 4.900000095367432
v -19.129531860351562 -5.125741958618164 5
v -18.753334045410156 -6.365899085998535 5
v -18.13615608215332 -7.512242317199707 4.900000095367432
v -18.296831130981445 -7.578795909881592 5
v -18.91801643371582 -6.421801567077637 5.099999904632568
v -19.082700729370117 -6.477704048156738 5.199999809265137
v -18.45750617980957 -7.645349502563477 5.099999904632568
v -18.618181228637695 -7.711903095245361 5.199999809265137
v -18.07393455505371 -8.913078308105469 5.199999809265137
v -19.633493423461914 -5.260777950286865 5.300000190734863
v -19.80147933959961 -5.305789947509766 5.400000095367432
v -19.247385025024414 -6.53360652923584 5.300000190734863
v -19.412067413330078 -6.589509010314941 5.400000095367432
v -19.80147933959961 -5.305789947509766 5.5
v -19.80147933959961 -5.305789947509766 5.599999904632568
v -19.412067413330078 -6.589509010314941 5.5
v -19.412067413330078 -6.589509010314941 5.599999904632568
v -18.77885627746582 -7.778457164764404 5.300000190734863
v -18.939529418945312 -7.845010757446289 5.400000095367432
v -18.22991371154785 -8.989998817443848 5.300000190734863
v -18.38589096069336 -9.06691837310791 5.400000095367432
v -18.939529418945312 -7.845010757446289 5.5
v -18.939529418945312 -7.845010757446289 5.599999904632568
v -18.38589096069336 -9.06691837310791 5.5
v -18.38589096069336 -9.06691837310791 5.599999904632568
v -17.606000900268555 -8.682319641113281 4.900000095367432
v -17.761980056762695 -8.759239196777344 5
v -17.000455856323242 -9.815217018127441 4.900000095367432
v -17.15106773376465 -9.90217399597168 5
v -17.917957305908203 -8.836158752441406 5.099999904632568
v -17.301681518554688 -9.989130020141602 5.099999904632568
v -17.452295303344727 -10.07608699798584 5.199999809265137
v -17.602907180786133 -10.163043975830078 5.300000190734863
v -15.454489707946777 -10.326359748840332 4.300000190734863
v -15.599092483520508 -10.422981262207031 4.400000095367432
v -15.743696212768555 -10.519601821899414 4.5
v -16.03290367126465 -10.712843894958496 4.699999809265137
v -15.888299942016602 -10.616222381591797 4.599999904632568
v -16.177507400512695 -10.809464454650879 4.800000190734863
v -15.435896873474121 -11.844379425048828 4.800000190734863
v -16.75592041015625 -11.195947647094727 5.199999809265137
v -16.32210922241211 -10.906085014343262 4.900000095367432
v -16.466712951660156 -11.002706527709961 5
v -15.573870658874512 -11.950251579284668 4.900000095367432
v -15.711845397949219 -12.056122779846191 5
v -16.611316680908203 -11.099327087402344 5.099999904632568
v -15.849820137023926 -12.161993980407715 5.099999904632568
v -15.987794876098633 -12.267866134643555 5.199999809265137
v -17.753520965576172 -10.25 5.400000095367432
v -16.900524139404297 -11.292569160461426 5.300000190734863
v -17.04512596130371 -11.389189720153809 5.400000095367432
v -17.753520965576172 -10.25 5.5
v -17.753520965576172 -10.25 5.599999904632568
v -17.04512596130371 -11.389189720153809 5.5
v -17.04512596130371 -11.389189720153809 5.599999904632568
v -16.125768661499023 -12.373737335205078 5.300000190734863
v -16.263744354248047 -12.479609489440918 5.400000095367432
v -16.263744354248047 -12.479609489440918 5.5
v -16.263744354248047 -12.479609489440918 5.599999904632568
v -15.412715911865234 -13.516589164733887 5.400000095367432
v -15.412715911865234 -13.516589164733887 5.5
v -15.412715911865234 -13.516589164733887 5.599999904632568
v -14.746024131774902 -11.315022468566895 4.300000190734863
v -14.88399887084961 -11.420893669128418 4.400000095367432
v -15.021973609924316 -11.526764869689941 4.5
v -14.105168342590332 -12.369900703430176 4.400000095367432
v -14.235922813415527 -12.484569549560547 4.5
v -13.974413871765137 -12.255231857299805 4.300000190734863
v -13.142963409423828 -13.142963409423828 4.300000190734863
v -13.265937805175781 -13.265937805175781 4.400000095367432
v -13.38891315460205 -13.38891315460205 4.5
v -15.159947395324707 -11.632637023925781 4.599999904632568
v -15.297922134399414 -11.738508224487305 4.699999809265137
v -14.366678237915039 -12.599238395690918 4.599999904632568
v -14.497432708740234 -12.713907241821289 4.699999809265137
v -14.62818717956543 -12.82857608795166 4.800000190734863
v -13.51188850402832 -13.51188850402832 4.599999904632568
v -13.63486385345459 -13.63486385345459 4.699999809265137
v -13.757838249206543 -13.757838249206543 4.800000190734863
v -12.82857608795166 -14.62818717956543 4.800000190734863
v -12.255231857299805 -13.974413871765137 4.300000190734863
v -12.369900703430176 -14.105168342590332 4.400000095367432
v -12.484569549560547 -14.235922813415527 4.5
v -11.315022468566895 -14.746024131774902 4.300000190734863
v -11.420893669128418 -14.88399887084961 4.400000095367432
v -11.526764869689941 -15.021973609924316 4.5
v -12.599238395690918 -14.366678237915039 4.599999904632568
v -12.713907241821289 -14.497432708740234 4.699999809265137
v -11.632637023925781 -15.159947395324707 4.599999904632568
v -11.738508224487305 -15.297922134399414 4.699999809265137
v -10.326359748840332 -15.454489707946777 4.300000190734863
v -10.422981262207031 -15.599092483520508 4.400000095367432
v -10.519601821899414 -15.743696212768555 4.5
v -11.844379425048828 -15.435896873474121 4.800000190734863
v -10.616222381591797 -15.888299942016602 4.599999904632568
v -10.712843894958496 -16.03290367126465 4.699999809265137
v -10.809464454650879 -16.177507400512695 4.800000190734863
v -14.758942604064941 -12.943244934082031 4.900000095367432
v -14.889697074890137 -13.057913780212402 5
v -15.020451545715332 -13.172582626342773 5.099999904632568
v -15.151206016540527 -13.287251472473145 5.199999809265137
v -14.126763343811035 -14.126763343811035 5.099999904632568
v -14.249738693237305 -14.249738693237305 5.199999809265137
v -13.880813598632812 -13.880813598632812 4.900000095367432
v -14.003788948059082 -14.003788948059082 5
v -12.943244934082031 -14.758942604064941 4.900000095367432
v -13.057913780212402 -14.889697074890137 5
v -13.172582626342773 -15.020451545715332 5.099999904632568
v -13.287251472473145 -15.151206016540527 5.199999809265137
v -15.281961441040039 -13.401920318603516 5.300000190734863
v -14.372714042663574 -14.372714042663574 5.300000190734863
v -14.495689392089844 -14.495689392089844 5.400000095367432
v -14.495689392089844 -14.495689392089844 5.5
v -14.495689392089844 -14.495689392089844 5.599999904632568
v -13.401920318603516 -15.281961441040039 5.300000190734863
v -13.516589164733887 -15.412715911865234 5.400000095367432
v -13.516589164733887 -15.412715911865234 5.5
v -13.516589164733887 -15.412715911865234 5.599999904632568
v -11.950251579284668 -15.573870658874512 4.900000095367432
v -12.056122779846191 -15.711845397949219 5
v -12.267866134643555 -15.987794876098633 5.199999809265137
v -12.161993980407715 -15.849820137023926 5.099999904632568
v -10.906085014343262 -16.32210922241211 4.900000095367432
v -11.002706527709961 -16.466712951660156 5
v -11.099327087402344 -16.611316680908203 5.099999904632568
v -11.195947647094727 -16.75592041015625 5.199999809265137
v -12.373737335205078 -16.125768661499023 5.300000190734863
v -12.479609489440918 -16.263744354248047 5.400000095367432
v -12.479609489440918 -16.263744354248047 5.5
v -12.479609489440918 -16.263744354248047 5.599999904632568
v -11.292569160461426 -16.900524139404297 5.300000190734863
v -11.389189720153809 -17.04512596130371 5.400000095367432
v -11.389189720153809 -17.04512596130371 5.5
v -11.389189720153809 -17.04512596130371 5.599999904632568
v -4.050000190734863 -4.959819422097685e-16 3.0999999046325684
v -4.050000190734863 -4.010718475303649e-16 3.140000104904175
v -4.050000190734863 -3.0616169991140216e-16 3.200000047683716
v -4.050000190734863 -3.0616167344162256e-16 3.299999952316284
v -4.050000190734863 -3.0616169991140216e-16 3.4000000953674316
v -2.0250000953674316 -3.5074028968811035 3.0999999046325684
v -2.0250000953674316 -3.5074028968811035 3.200000047683716
v -2.0250000953674316 -3.5074028968811035 3.299999952316284
v -2.0250000953674316 -3.5074028968811035 3.4000000953674316
v -4.050000190734863 -3.0616167344162256e-16 3.5
v -4.050000190734863 -3.0616169991140216e-16 3.5999999046325684
v -4.050000190734863 -3.0616169991140216e-16 3.700000047683716
v -4.050000190734863 -3.0616167344162256e-16 3.799999952316284
v -4.050000190734863 -3.0616167344162256e-16 3.9000000953674316
v -4.050000190734863 -3.0616169991140216e-16 4
v -4.050000190734863 -3.0616167344162256e-16 4.099999904632568
v -4.050000190734863 -3.0616169991140216e-16 4.199999809265137
v -2.0250000953674316 -3.5074028968811035 3.5
v -2.0250000953674316 -3.5074028968811035 3.5999999046325684
v -2.0250000953674316 -3.5074028968811035 3.700000047683716
v -2.0250000953674316 -3.5074028968811035 3.799999952316284
v -2.0250000953674316 -3.5074028968811035 3.9000000953674316
v -2.0250000953674316 -3.5074028968811035 4
v -2.0250000953674316 -3.5074028968811035 4.099999904632568
v -2.0250000953674316 -3.5074028968811035 4.199999809265137
v -10.044563293457031 -13.090330123901367 3.0999999046325684
v -9.166909217834473 -13.71924877166748 3.0999999046325684
v -8.25 -14.289419174194336 3.0999999046325684
v -10.150434494018555 -13.228304862976074 3.200000047683716
v -9.263529777526855 -13.863851547241211 3.200000047683716
v -9.360151290893555 -14.008455276489258 3.299999952316284
v -9.456771850585938 -14.153059005737305 3.4000000953674316
v -8.336956977844238 -14.440032005310059 3.200000047683716
v -8.42391300201416 -14.590645790100098 3.299999952316284
v -8.510869979858398 -14.74125862121582 3.4000000953674316
v -7.297763347625732 -14.798399925231934 3.0999999046325684
v -6.314276695251465 -15.244011878967285 3.0999999046325684
v -7.374683380126953 -14.954378128051758 3.200000047683716
v -7.451602935791016 -15.110356330871582 3.299999952316284
v -7.528522968292236 -15.26633358001709 3.4000000953674316
v -5.303750991821289 -15.624346733093262 3.0999999046325684
v -6.447383880615234 -15.565361976623535 3.299999952316284
v -6.513937950134277 -15.726036071777344 3.4000000953674316
v -6.38083028793335 -15.40468692779541 3.200000047683716
v -5.359653472900391 -15.789031028747559 3.200000047683716
v -5.415555953979492 -15.953714370727539 3.299999952316284
v -5.471458911895752 -16.118396759033203 3.4000000953674316
v -9.65001392364502 -14.442265510559082 3.5999999046325684
v -9.55339241027832 -14.297661781311035 3.5
v -9.746634483337402 -14.586869239807129 3.700000047683716
v -9.843255043029785 -14.73147201538086 3.799999952316284
v -8.59782600402832 -14.891871452331543 3.5
v -8.684782981872559 -15.042484283447266 3.5999999046325684
v -8.77173900604248 -15.193098068237305 3.700000047683716
v -8.858695983886719 -15.343710899353027 3.799999952316284
v -9.939876556396484 -14.876075744628906 3.9000000953674316
v -10.036497116088867 -15.020679473876953 4
v -10.13311767578125 -15.165282249450684 4.099999904632568
v -10.22973918914795 -15.30988597869873 4.199999809265137
v -7.759282112121582 -15.734267234802246 3.700000047683716
v -7.8362016677856445 -15.89024543762207 3.799999952316284
v -9.032608985900879 -15.644937515258789 4
v -9.1195650100708 -15.795550346374512 4.099999904632568
v -9.206521987915039 -15.946163177490234 4.199999809265137
v -8.94565200805664 -15.49432373046875 3.9000000953674316
v -7.913121700286865 -16.046222686767578 3.9000000953674316
v -7.990041255950928 -16.20220184326172 4
v -8.066961288452148 -16.358179092407227 4.099999904632568
v -8.143880844116211 -16.514156341552734 4.199999809265137
v -7.605442523956299 -15.422311782836914 3.5
v -7.6823625564575195 -15.578289985656738 3.5999999046325684
v -6.580491542816162 -15.886711120605469 3.5
v -6.647045135498047 -16.047386169433594 3.5999999046325684
v -6.713598728179932 -16.20806121826172 3.700000047683716
v -6.780152320861816 -16.36873435974121 3.799999952316284
v -5.5273613929748535 -16.2830810546875 3.5
v -5.583263874053955 -16.447765350341797 3.5999999046325684
v -5.639166355133057 -16.61244773864746 3.700000047683716
v -5.695068836212158 -16.777132034301758 3.799999952316284
v -6.846705913543701 -16.529409408569336 3.9000000953674316
v -6.913259506225586 -16.69008445739746 4
v -6.979813098907471 -16.850759506225586 4.099999904632568
v -7.0463666915893555 -17.01143455505371 4.199999809265137
v -5.806873798370361 -17.10649871826172 4
v -5.75097131729126 -16.941814422607422 3.9000000953674316
v -5.862776279449463 -17.271183013916016 4.099999904632568
v -5.9186787605285645 -17.43586540222168 4.199999809265137
v -4.270514011383057 -15.937776565551758 3.0999999046325684
v -3.2189903259277344 -16.18295669555664 3.0999999046325684
v -4.315526008605957 -16.105762481689453 3.200000047683716
v -4.360538005828857 -16.27375030517578 3.299999952316284
v -4.405550003051758 -16.44173812866211 3.4000000953674316
v -3.2529191970825195 -16.35352897644043 3.200000047683716
v -3.2868478298187256 -16.524099349975586 3.299999952316284
v -3.3207767009735107 -16.694671630859375 3.4000000953674316
v -2.153682231903076 -16.358840942382812 3.0999999046325684
v -1.0791516304016113 -16.464672088623047 3.0999999046325684
v -3.0310008873563965e-15 -16.5 3.0999999046325684
v -2.176382303237915 -16.531265258789062 3.200000047683716
v -2.199082612991333 -16.703691482543945 3.299999952316284
v -2.221782684326172 -16.876115798950195 3.4000000953674316
v -1.0905261039733887 -16.638212203979492 3.200000047683716
v -1.101900577545166 -16.81175422668457 3.299999952316284
v -3.06294821726975e-15 -16.673913955688477 3.200000047683716
v -3.0948955471831038e-15 -16.84782600402832 3.299999952316284
v -1.1132750511169434 -16.985294342041016 3.4000000953674316
v -3.1268428770964574e-15 -17.021739959716797 3.4000000953674316
v -4.450562000274658 -16.609724044799805 3.5
v -4.495573997497559 -16.777711868286133 3.5999999046325684
v -4.540585994720459 -16.94569969177246 3.700000047683716
v -4.585597991943359 -17.113685607910156 3.799999952316284
v -3.354705333709717 -16.86524200439453 3.5
v -3.388634204864502 -17.03581428527832 3.5999999046325684
v -3.422562837600708 -17.206384658813477 3.700000047683716
v -3.456491708755493 -17.376956939697266 3.799999952316284
v -4.63060998916626 -17.281673431396484 3.9000000953674316
v -4.67562198638916 -17.44965934753418 4
v -4.7206339836120605 -17.617647171020508 4.099999904632568
v -4.765645980834961 -17.785634994506836 4.199999809265137
v -3.490420341491699 -17.547527313232422 3.9000000953674316
v -3.5243492126464844 -17.71809959411621 4
v -3.5582778453826904 -17.888669967651367 4.099999904632568
v -3.5922067165374756 -18.059242248535156 4.199999809265137
v -2.24448299407959 -17.048540115356445 3.5
v -2.2671830654144287 -17.220966339111328 3.5999999046325684
v -2.2898833751678467 -17.393390655517578 3.700000047683716
v -2.3125836849212646 -17.56581687927246 3.799999952316284
v -1.1246495246887207 -17.15883445739746 3.5
v -1.1360238790512085 -17.33237648010254 3.5999999046325684
v -3.158790207009811e-15 -17.19565200805664 3.5
v -3.190737325164928e-15 -17.369565963745117 3.5999999046325684
v -1.1473983526229858 -17.505916595458984 3.700000047683716
v -1.1587728261947632 -17.67945671081543 3.799999952316284
v -3.2226846550782815e-15 -17.54347801208496 3.700000047683716
v -3.254631984991635e-15 -17.717391967773438 3.799999952316284
v -2.3352837562561035 -17.73824119567871 3.9000000953674316
v -2.3579840660095215 -17.910667419433594 4
v -1.1701472997665405 -17.852996826171875 3.9000000953674316
v -3.2865793149049888e-15 -17.89130401611328 3.9000000953674316
v -2.3806841373443604 -18.083091735839844 4.099999904632568
v -2.4033844470977783 -18.255517959594727 4.199999809265137
v -1.1815217733383179 -18.026538848876953 4
v -3.3185266448183424e-15 -18.065217971801758 4
v -1.1928962469100952 -18.2000789642334 4.099999904632568
v -1.2042707204818726 -18.373619079589844 4.199999809265137
v -3.350473974731696e-15 -18.2391300201416 4.099999904632568
v -3.3824213046450497e-15 -18.413043975830078 4.199999809265137
v -4.050000190734863 -3.0616164697184296e-16 4.300000190734863
v -4.050000190734863 -3.0616167344162256e-16 4.400000095367432
v -4.050000190734863 -3.0616169991140216e-16 4.5
v -4.050000190734863 -3.0616167344162256e-16 4.599999904632568
v -4.050000190734863 -3.0616169991140216e-16 4.699999809265137
v -4.050000190734863 -3.0616169991140216e-16 4.800000190734863
v -2.0250000953674316 -3.5074028968811035 4.300000190734863
v -2.0250000953674316 -3.5074028968811035 4.400000095367432
v -2.0250000953674316 -3.5074028968811035 4.5
v -2.0250000953674316 -3.5074028968811035 4.599999904632568
v -2.0250000953674316 -3.5074028968811035 4.699999809265137
v -2.0250000953674316 -3.5074028968811035 4.800000190734863
v -4.050000190734863 -3.0616167344162256e-16 4.900000095367432
v -4.050000190734863 -3.0616169991140216e-16 5
v -4.050000190734863 -3.0616167344162256e-16 5.099999904632568
v -4.050000190734863 -3.0616169991140216e-16 5.199999809265137
v -4.050000190734863 -3.0616169991140216e-16 5.300000190734863
v -4.050000190734863 -3.0616167344162256e-16 5.400000095367432
v -4.050000190734863 -3.0616169991140216e-16 5.5
v -4.050000190734863 -3.0616167344162256e-16 5.599999904632568
v -2.0250000953674316 -3.5074028968811035 4.900000095367432
v -2.0250000953674316 -3.5074028968811035 5
v -2.0250000953674316 -3.5074028968811035 5.099999904632568
v -2.0250000953674316 -3.5074028968811035 5.199999809265137
v -2.0250000953674316 -3.5074028968811035 5.300000190734863
v -2.0250000953674316 -3.5074028968811035 5.400000095367432
v -2.0250000953674316 -3.5074028968811035 5.5
v -2.0250000953674316 -3.5074028968811035 5.599999904632568
v -9.293478012084961 -16.096776962280273 4.300000190734863
v -9.3804349899292 -16.24738883972168 4.400000095367432
v -9.467391014099121 -16.39800262451172 4.5
v -8.220800399780273 -16.670135498046875 4.300000190734863
v -8.374640464782715 -16.98208999633789 4.5
v -8.297720909118652 -16.826112747192383 4.400000095367432
v -9.55434799194336 -16.548616409301758 4.599999904632568
v -9.641304016113281 -16.699228286743164 4.699999809265137
v -9.72826099395752 -16.849842071533203 4.800000190734863
v -8.451560020446777 -17.13806915283203 4.599999904632568
v -8.52847957611084 -17.29404640197754 4.699999809265137
v -8.605400085449219 -17.450023651123047 4.800000190734863
v -7.112920761108398 -17.172109603881836 4.300000190734863
v -7.179474353790283 -17.332782745361328 4.400000095367432
v -7.246027946472168 -17.493457794189453 4.5
v -5.974581241607666 -17.600549697875977 4.300000190734863
v -6.030483722686768 -17.76523208618164 4.400000095367432
v -6.086386203765869 -17.929916381835938 4.5
v -7.312581539154053 -17.654132843017578 4.599999904632568
v -7.3791351318359375 -17.814807891845703 4.699999809265137
v -7.445688724517822 -17.975482940673828 4.800000190734863
v -6.142288684844971 -18.0945987701416 4.599999904632568
v -6.198191165924072 -18.2592830657959 4.699999809265137
v -6.254094123840332 -18.423967361450195 4.800000190734863
v -9.815217018127441 -17.000455856323242 4.900000095367432
v -9.90217399597168 -17.15106773376465 5
v -9.989130020141602 -17.301681518554688 5.099999904632568
v -10.07608699798584 -17.452295303344727 5.199999809265137
v -8.682319641113281 -17.606000900268555 4.900000095367432
v -8.759239196777344 -17.761980056762695 5
v -8.836158752441406 -17.917957305908203 5.099999904632568
v -8.913078308105469 -18.07393455505371 5.199999809265137
v -7.711903095245361 -18.618181228637695 5.199999809265137
v -10.163043975830078 -17.602907180786133 5.300000190734863
v -10.25 -17.753520965576172 5.400000095367432
v -10.25 -17.753520965576172 5.5
v -10.25 -17.753520965576172 5.599999904632568
v -8.989998817443848 -18.22991371154785 5.300000190734863
v -9.06691837310791 -18.38589096069336 5.400000095367432
v -9.06691837310791 -18.38589096069336 5.5
v -9.06691837310791 -18.38589096069336 5.599999904632568
v -7.778457164764404 -18.77885627746582 5.300000190734863
v -7.845010757446289 -18.939529418945312 5.400000095367432
v -7.845010757446289 -18.939529418945312 5.5
v -7.845010757446289 -18.939529418945312 5.599999904632568
v -7.512242317199707 -18.13615608215332 4.900000095367432
v -7.578795909881592 -18.296831130981445 5
v -7.645349502563477 -18.45750617980957 5.099999904632568
v -6.421801567077637 -18.91801643371582 5.099999904632568
v -6.477704048156738 -19.082700729370117 5.199999809265137
v -6.309996604919434 -18.58864974975586 4.900000095367432
v -6.365899085998535 -18.753334045410156 5
v -5.125741958618164 -19.129531860351562 5
v -5.1707539558410645 -19.297517776489258 5.099999904632568
v -5.215765953063965 -19.465505599975586 5.199999809265137
v -6.53360652923584 -19.247385025024414 5.300000190734863
v -6.589509010314941 -19.412067413330078 5.400000095367432
v -6.589509010314941 -19.412067413330078 5.5
v -6.589509010314941 -19.412067413330078 5.599999904632568
v -5.260777950286865 -19.633493423461914 5.300000190734863
v -5.305789947509766 -19.80147933959961 5.400000095367432
v -5.305789947509766 -19.80147933959961 5.5
v -5.305789947509766 -19.80147933959961 5.599999904632568
v -4.810657978057861 -17.95362091064453 4.300000190734863
v -4.855669975280762 -18.12160873413086 4.400000095367432
v -4.900681972503662 -18.289594650268555 4.5
v -3.6261353492736816 -18.229812622070312 4.300000190734863
v -3.660064220428467 -18.4003849029541 4.400000095367432
v -3.693992853164673 -18.570955276489258 4.5
v -4.9456939697265625 -18.457582473754883 4.599999904632568
v -4.990705966949463 -18.62557029724121 4.699999809265137
v -5.035717964172363 -18.793556213378906 4.800000190734863
v -3.727921724319458 -18.741527557373047 4.599999904632568
v -3.761850357055664 -18.912097930908203 4.699999809265137
v -3.795779228210449 -19.082670211791992 4.800000190734863
v -2.426084518432617 -18.427942276000977 4.300000190734863
v -2.448784828186035 -18.60036849975586 4.400000095367432
v -2.471485137939453 -18.77279281616211 4.5
v -1.2156450748443604 -18.547161102294922 4.300000190734863
v -3.4143686345584033e-15 -18.586956024169922 4.300000190734863
v -1.2270195484161377 -18.720701217651367 4.400000095367432
v -1.238394021987915 -18.894241333007812 4.5
v -3.446315964471757e-15 -18.7608699798584 4.400000095367432
v -3.4782632943851106e-15 -18.934782028198242 4.5
v -2.494185209274292 -18.945219039916992 4.599999904632568
v -2.51688551902771 -19.117643356323242 4.699999809265137
v -2.539585590362549 -19.290067672729492 4.800000190734863
v -1.2497684955596924 -19.06778335571289 4.599999904632568
v -3.5102104125402274e-15 -19.10869598388672 4.599999904632568
v -1.2611429691314697 -19.241323471069336 4.699999809265137
v -3.542157742453581e-15 -19.282608032226562 4.699999809265137
v -1.272517442703247 -19.41486358642578 4.800000190734863
v -3.574105072366935e-15 -19.45652198791504 4.800000190734863
v -2.775135040283203 -15.316757202148438 5
v -2.775135040283203 -15.316757202148438 5.599999904632568
v -0.018378378823399544 -11.411351203918457 5
v -0.707567572593689 -12.100540161132812 5
v -0.707567572593689 -12.330269813537598 5
v -0.9372972846031189 -12.559999465942383 5
v -0.9372972846031189 -12.789730072021484 5
v -0.707567572593689 -12.559999465942383 5
v -0.707567572593689 -12.596756935119629 5
v -0.47783783078193665 -11.870810508728027 5
v -0.47783783078193665 -12.100540161132812 5
v -0.47783783078193665 -12.137297630310059 5
v -0.24810810387134552 -11.641080856323242 5
v -0.018378378823399544 -11.641080856323242 5
v -0.24810810387134552 -11.870810508728027 5
v -0.5123732089996338 -12.559999465942383 5
v -2.0859458446502686 -14.627567291259766 5
v -2.315675735473633 -14.85729694366455 5
v -2.545405387878418 -15.087026596069336 5
v -2.545405387878418 -15.316757202148438 5
v -2.545405387878418 -15.353513717651367 5
v -2.315675735473633 -15.087026596069336 5
v -2.315675735473633 -15.123784065246582 5
v -2.0859458446502686 -14.85729694366455 5
v -1.6264865398406982 -14.39783763885498 5
v -1.6264865398406982 -14.627567291259766 5
v -0.9372972846031189 -13.0562162399292 5
v -0.9372972846031189 -13.249189376831055 5
v -0.9372972846031189 -13.51567554473877 5
v -0.707567572593689 -13.51567554473877 5
v -0.707567572593689 -13.708648681640625 5
v -0.707567572593689 -13.97513484954834 5
v -0.47783783078193665 -13.97513484954834 5
v -0.21135134994983673 -13.51567554473877 5
v -0.21135134994983673 -13.708648681640625 5
v -0.21135134994983673 -13.745405197143555 5
v -0.018378378823399544 -13.51567554473877 5
v -0.018378378823399544 -13.708648681640625 5
v -0.21135134994983673 -13.93837833404541 5
v -0.21135134994983673 -13.97513484954834 5
v -0.018378378823399544 -13.93837833404541 5
v -0.018378378823399544 -13.97513484954834 5
v -1.13027024269104 -15.353513717651367 5
v -0.9372972846031189 -15.353513717651367 5
v -0.6708108186721802 -15.123784065246582 5
v -0.6708108186721802 -15.316757202148438 5
v -0.6708108186721802 -15.353513717651367 5
v -0.47783783078193665 -14.204864501953125 5
v -0.20850339531898499 -14.664324760437012 5
v -0.44108107686042786 -14.85729694366455 5
v -0.44108107686042786 -14.894054412841797 5
v -0.44108107686042786 -15.123784065246582 5
v -0.018378378823399544 -15.087026596069336 5
v -0.018378378823399544 -15.316757202148438 5
v -0.018378378823399544 -11.411351203918457 5.599999904632568
v -0.707567572593689 -12.100540161132812 5.599999904632568
v -0.707567572593689 -12.330269813537598 5.599999904632568
v -0.9372972846031189 -12.559999465942383 5.599999904632568
v -0.9372972846031189 -12.789730072021484 5.599999904632568
v -0.707567572593689 -12.559999465942383 5.599999904632568
v -0.47783783078193665 -11.870810508728027 5.599999904632568
v -0.47783783078193665 -12.100540161132812 5.599999904632568
v -0.24810810387134552 -11.641080856323242 5.599999904632568
v -0.018378378823399544 -11.641080856323242 5.599999904632568
v -0.24810810387134552 -11.870810508728027 5.599999904632568
v -2.0859458446502686 -14.627567291259766 5.599999904632568
v -2.315675735473633 -14.85729694366455 5.599999904632568
v -2.545405387878418 -15.087026596069336 5.599999904632568
v -2.545405387878418 -15.316757202148438 5.599999904632568
v -2.315675735473633 -15.087026596069336 5.599999904632568
v -2.0859458446502686 -14.85729694366455 5.599999904632568
v -1.6264865398406982 -14.39783763885498 5.599999904632568
v -1.6264865398406982 -14.627567291259766 5.599999904632568
v -0.9372972846031189 -13.0562162399292 5.599999904632568
v -0.9372972846031189 -13.249189376831055 5.599999904632568
v -0.9372972846031189 -13.51567554473877 5.599999904632568
v -0.707567572593689 -13.51567554473877 5.599999904632568
v -0.707567572593689 -13.708648681640625 5.599999904632568
v -0.707567572593689 -13.97513484954834 5.599999904632568
v -0.47783783078193665 -13.97513484954834 5.599999904632568
v -0.21135134994983673 -13.51567554473877 5.599999904632568
v -0.21135134994983673 -13.745405197143555 5.599999904632568
v -0.018378378823399544 -13.51567554473877 5.599999904632568
v -0.018378378823399544 -13.708648681640625 5.599999904632568
v -0.21135134994983673 -13.93837833404541 5.599999904632568
v -0.018378378823399544 -13.93837833404541 5.599999904632568
v -1.13027024269104 -15.353513717651367 5.599999904632568
v -0.9372972846031189 -15.353513717651367 5.599999904632568
v -0.6708108186721802 -15.123784065246582 5.599999904632568
v -0.6708108186721802 -15.316757202148438 5.599999904632568
v -0.47783783078193665 -14.204864501953125 5.599999904632568
v -0.44108107686042786 -14.894054412841797 5.599999904632568
v -0.44108107686042786 -15.123784065246582 5.599999904632568
v -0.018378378823399544 -15.087026596069336 5.599999904632568
v -0.018378378823399544 -15.316757202148438 5.599999904632568
v -3.2345945835113525 -16.005945205688477 5
v -3.2345945835113525 -16.272432327270508 5
v -3.0048649311065674 -15.546486854553223 5
v -3.0048649311065674 -15.812973022460938 5
v -3.0048649311065674 -16.005945205688477 5
v -2.775135040283203 -15.546486854553223 5
v -3.0048649311065674 -16.272432327270508 5
v -3.0048649311065674 -16.50216293334961 5
v -5.080729961395264 -18.961544036865234 4.900000095367432
v -3.8636367321014404 -19.423812866210938 5
v -3.8975653648376465 -19.594383239746094 5.099999904632568
v -3.9314942359924316 -19.764955520629883 5.199999809265137
v -3.8297078609466553 -19.25324058532715 4.900000095367432
v -2.5849859714508057 -19.634918212890625 5
v -2.6076862812042236 -19.807344436645508 5.099999904632568
v -2.6303863525390625 -19.979768753051758 5.199999809265137
v -3.0048649311065674 -15.812973022460938 5.305000305175781
v -3.0048649311065674 -15.776216506958008 5.347068786621094
v -3.2345945835113525 -16.005945205688477 5.599999904632568
v -3.2345945835113525 -16.272432327270508 5.599999904632568
v -3.0048649311065674 -15.812973022460938 5.525863170623779
v -3.0048649311065674 -15.546486854553223 5.599999904632568
v -3.0048649311065674 -15.780585289001465 5.599999904632568
v -3.0048649311065674 -15.776216506958008 5.599999904632568
v -3.0048649311065674 -15.812973022460938 5.599999904632568
v -3.0048649311065674 -16.005945205688477 5.599999904632568
v -2.775135040283203 -15.546486854553223 5.599999904632568
v -3.0048649311065674 -16.272432327270508 5.599999904632568
v -3.0048649311065674 -16.50216293334961 5.599999904632568
v -3.9654228687286377 -19.935527801513672 5.300000190734863
v -3.999351739883423 -20.106098175048828 5.400000095367432
v -3.999351739883423 -20.106098175048828 5.5
v -3.999351739883423 -20.106098175048828 5.599999904632568
v -2.6530866622924805 -20.15219497680664 5.300000190734863
v -2.6757869720458984 -20.32461929321289 5.400000095367432
v -2.6757869720458984 -20.32461929321289 5.5
v -2.6757869720458984 -20.32461929321289 5.599999904632568
v -1.13027024269104 -15.546486854553223 5
v -0.9372972846031189 -15.546486854553223 5
v -0.6708108186721802 -16.272432327270508 5
v -0.6708108186721802 -16.50216293334961 5
v -0.21135134994983673 -16.005945205688477 5
v -0.21135134994983673 -16.04270362854004 5
v -0.21135134994983673 -16.272432327270508 5
v -2.562285900115967 -19.462493896484375 4.900000095367432
v -1.2838919162750244 -19.588403701782227 4.900000095367432
v -1.2952662706375122 -19.761945724487305 5
v -1.3066407442092896 -19.93548583984375 5.099999904632568
v -1.318015217781067 -20.109025955200195 5.199999809265137
v -3.606052614038525e-15 -19.630434036254883 4.900000095367432
v -3.637999732193642e-15 -19.80434799194336 5
v -3.669946850348759e-15 -19.978260040283203 5.099999904632568
v -3.701894392020349e-15 -20.15217399597168 5.199999809265137
v -1.13027024269104 -15.546486854553223 5.599999904632568
v -0.9372972846031189 -15.546486854553223 5.599999904632568
v -0.6708108186721802 -16.272432327270508 5.599999904632568
v -0.6708108186721802 -16.50216293334961 5.599999904632568
v -0.21135134994983673 -16.04270362854004 5.599999904632568
v -0.21135134994983673 -16.272432327270508 5.599999904632568
v -1.3293896913528442 -20.282567977905273 5.300000190734863
v -1.3407641649246216 -20.45610809326172 5.400000095367432
v -1.3407641649246216 -20.45610809326172 5.5
v -1.3407641649246216 -20.45610809326172 5.599999904632568
v -3.733841510175466e-15 -20.326087951660156 5.300000190734863
v -3.7657890518470565e-15 -20.5 5.400000095367432
v -3.7657890518470565e-15 -20.5 5.5
v -3.7657890518470565e-15 -20.5 5.599999904632568
v 1.0103335938257594e-15 16.5 -1.547080717389248e-23
v 1.0791516304016113 16.464672088623047 -2.1059558521246777e-23
v 2.153682231903076 16.358840942382812 4.2102131289482335e-23
v 3.2189903259277344 16.18295669555664 3.393083550960808e-23
v 4.270514011383057 15.937776565551758 -3.6713283606398285e-23
v 5.303750991821289 15.624346733093262 3.8700824967989866e-23
v 6.314276695251465 15.244011878967285 -2.1461099766056945e-23
v 7.297763347625732 14.798399925231934 5.121183391410216e-23
v 8.25 14.289419174194336 -2.018662555391274e-23
v 9.166909217834473 13.71924877166748 2.5332780968366453e-24
v 10.044563293457031 13.090330123901367 2.179013996051187e-23
v 2.0250000953674316 3.5074028968811035 1.0113586305005324e-24
v 10.879205703735352 12.405356407165527 -1.8113579558804255e-23
v 11.667262077331543 11.667262077331543 -1.8034344791762046e-23
v 12.405356407165527 10.879205703735352 3.646255126742193e-24
v 13.090330123901367 10.044563293457031 2.1541266966689125e-24
v 13.71924877166748 9.166909217834473 1.544567879861757e-23
v 14.289419174194336 8.25 -7.73540358694624e-24
v 14.798399925231934 7.297763347625732 -1.276353357706531e-23
v 15.244011878967285 6.314276695251465 -7.535402892784652e-24
v 15.624346733093262 5.303750991821289 3.814801570029904e-24
v 15.937776565551758 4.270514011383057 1.0518915068236685e-23
v 16.18295669555664 3.2189903259277344 3.874844534539444e-24
v 16.358840942382812 2.153682231903076 -6.274646182921336e-24
v 16.464672088623047 1.0791516304016113 -3.716352320704001e-25
v 2.0250000953674316 -3.5074028968811035 -1.0113586305005324e-24
v 4.050000190734863 0 0
v 1.0791516304016113 -16.464672088623047 2.1059558521246777e-23
v 2.153682231903076 -16.358840942382812 -4.2102131289482335e-23
v 3.2189903259277344 -16.18295669555664 -3.393083550960808e-23
v 4.270514011383057 -15.937776565551758 3.6713283606398285e-23
v 6.314276695251465 -15.244011878967285 2.1461099766056945e-23
v 7.297763347625732 -14.798399925231934 -5.121183391410216e-23
v 8.25 -14.289419174194336 2.018662555391274e-23
v 9.166909217834473 -13.71924877166748 -2.5332780968366453e-24
v 10.044563293457031 -13.090330123901367 -2.179013996051187e-23
v 5.303750991821289 -15.624346733093262 -3.8700824967989866e-23
v 15.244011878967285 -6.314276695251465 7.535402892784652e-24
v 14.798399925231934 -7.297763347625732 1.276353357706531e-23
v 13.090330123901367 -10.044563293457031 -2.1541266966689125e-24
v 13.71924877166748 -9.166909217834473 -1.544567879861757e-23
v 14.289419174194336 -8.25 7.73540358694624e-24
v 16.5 0 0
v 16.464672088623047 -1.0791516304016113 3.716352320704001e-25
v 16.358840942382812 -2.153682231903076 6.274646182921336e-24
v 16.18295669555664 -3.2189903259277344 -3.874844534539444e-24
v 15.937776565551758 -4.270514011383057 -1.0518915068236685e-23
v 15.624346733093262 -5.303750991821289 -3.814801570029904e-24
v 10.879205703735352 -12.405356407165527 1.8113579558804255e-23
v 12.405356407165527 -10.879205703735352 -3.646255126742193e-24
v 11.667262077331543 -11.667262077331543 1.8034344791762046e-23
v 1.0103335938257594e-15 16.5 3.0999999046325684
v 1.0791516304016113 16.464672088623047 3.0999999046325684
v 2.153682231903076 16.358840942382812 3.0999999046325684
v 1.0209827037968773e-15 16.673913955688477 3.200000047683716
v 1.0316318137679951e-15 16.84782600402832 3.299999952316284
v 1.101900577545166 16.81175422668457 3.299999952316284
v 1.0905261039733887 16.638212203979492 3.200000047683716
v 1.042280923739113e-15 17.021739959716797 3.4000000953674316
v 1.1132750511169434 16.985294342041016 3.4000000953674316
v 2.199082612991333 16.703691482543945 3.299999952316284
v 2.176382303237915 16.531265258789062 3.200000047683716
v 2.221782684326172 16.876115798950195 3.4000000953674316
v 3.2189903259277344 16.18295669555664 3.0999999046325684
v 4.270514011383057 15.937776565551758 3.0999999046325684
v 3.2529191970825195 16.35352897644043 3.200000047683716
v 3.2868478298187256 16.524099349975586 3.299999952316284
v 3.3207767009735107 16.694671630859375 3.4000000953674316
v 4.315526008605957 16.105762481689453 3.200000047683716
v 4.360538005828857 16.27375030517578 3.299999952316284
v 4.405550003051758 16.44173812866211 3.4000000953674316
v 1.0529300337102309e-15 17.19565200805664 3.5
v 1.0635791436813488e-15 17.369565963745117 3.5999999046325684
v 1.1246495246887207 17.15883445739746 3.5
v 1.1360238790512085 17.33237648010254 3.5999999046325684
v 1.0742282536524666e-15 17.54347801208496 3.700000047683716
v 1.0848772577444661e-15 17.717391967773438 3.799999952316284
v 1.1473983526229858 17.505916595458984 3.700000047683716
v 1.1587728261947632 17.67945671081543 3.799999952316284
v 2.24448299407959 17.048540115356445 3.5
v 2.2671830654144287 17.220966339111328 3.5999999046325684
v 2.2898833751678467 17.393390655517578 3.700000047683716
v 2.3125836849212646 17.56581687927246 3.799999952316284
v 1.1061754776867019e-15 18.065217971801758 4
v 1.1815217733383179 18.026538848876953 4
v 1.1168245876578197e-15 18.2391300201416 4.099999904632568
v 1.1274736976289376e-15 18.413043975830078 4.199999809265137
v 1.1928962469100952 18.2000789642334 4.099999904632568
v 1.2042707204818726 18.373619079589844 4.199999809265137
v 2.3806841373443604 18.083091735839844 4.099999904632568
v 2.4033844470977783 18.255517959594727 4.199999809265137
v 1.095526367715584e-15 17.89130401611328 3.9000000953674316
v 1.1701472997665405 17.852996826171875 3.9000000953674316
v 2.3352837562561035 17.73824119567871 3.9000000953674316
v 2.3579840660095215 17.910667419433594 4
v 3.354705333709717 16.86524200439453 3.5
v 3.388634204864502 17.03581428527832 3.5999999046325684
v 3.422562837600708 17.206384658813477 3.700000047683716
v 3.456491708755493 17.376956939697266 3.799999952316284
v 4.495573997497559 16.777711868286133 3.5999999046325684
v 4.450562000274658 16.609724044799805 3.5
v 4.540585994720459 16.94569969177246 3.700000047683716
v 4.585597991943359 17.113685607910156 3.799999952316284
v 3.5922067165374756 18.059242248535156 4.199999809265137
v 3.490420341491699 17.547527313232422 3.9000000953674316
v 3.5243492126464844 17.71809959411621 4
v 3.5582778453826904 17.888669967651367 4.099999904632568
v 4.63060998916626 17.281673431396484 3.9000000953674316
v 4.67562198638916 17.44965934753418 4
v 4.7206339836120605 17.617647171020508 4.099999904632568
v 4.765645980834961 17.785634994506836 4.199999809265137
v 5.303750991821289 15.624346733093262 3.0999999046325684
v 5.359653472900391 15.789031028747559 3.200000047683716
v 5.415555953979492 15.953714370727539 3.299999952316284
v 6.38083028793335 15.40468692779541 3.200000047683716
v 5.471458911895752 16.118396759033203 3.4000000953674316
v 6.447383880615234 15.565361976623535 3.299999952316284
v 6.513937950134277 15.726036071777344 3.4000000953674316
v 6.314276695251465 15.244011878967285 3.0999999046325684
v 7.297763347625732 14.798399925231934 3.0999999046325684
v 7.374683380126953 14.954378128051758 3.200000047683716
v 7.451602935791016 15.110356330871582 3.299999952316284
v 7.528522968292236 15.26633358001709 3.4000000953674316
v 8.25 14.289419174194336 3.0999999046325684
v 9.166909217834473 13.71924877166748 3.0999999046325684
v 10.044563293457031 13.090330123901367 3.0999999046325684
v 8.336956977844238 14.440032005310059 3.200000047683716
v 8.42391300201416 14.590645790100098 3.299999952316284
v 8.510869979858398 14.74125862121582 3.4000000953674316
v 9.263529777526855 13.863851547241211 3.200000047683716
v 9.360151290893555 14.008455276489258 3.299999952316284
v 10.150434494018555 13.228304862976074 3.200000047683716
v 9.456771850585938 14.153059005737305 3.4000000953674316
v 5.5273613929748535 16.2830810546875 3.5
v 5.583263874053955 16.447765350341797 3.5999999046325684
v 5.695068836212158 16.777132034301758 3.799999952316284
v 5.639166355133057 16.61244773864746 3.700000047683716
v 6.580491542816162 15.886711120605469 3.5
v 6.647045135498047 16.047386169433594 3.5999999046325684
v 7.605442523956299 15.422311782836914 3.5
v 7.6823625564575195 15.578289985656738 3.5999999046325684
v 6.713598728179932 16.20806121826172 3.700000047683716
v 6.780152320861816 16.36873435974121 3.799999952316284
v 5.75097131729126 16.941814422607422 3.9000000953674316
v 5.806873798370361 17.10649871826172 4
v 5.862776279449463 17.271183013916016 4.099999904632568
v 5.9186787605285645 17.43586540222168 4.199999809265137
v 6.913259506225586 16.69008445739746 4
v 6.846705913543701 16.529409408569336 3.9000000953674316
v 6.979813098907471 16.850759506225586 4.099999904632568
v 7.0463666915893555 17.01143455505371 4.199999809265137
v 7.759282112121582 15.734267234802246 3.700000047683716
v 7.8362016677856445 15.89024543762207 3.799999952316284
v 7.913121700286865 16.046222686767578 3.9000000953674316
v 7.990041255950928 16.20220184326172 4
v 8.94565200805664 15.49432373046875 3.9000000953674316
v 8.066961288452148 16.358179092407227 4.099999904632568
v 8.143880844116211 16.514156341552734 4.199999809265137
v 9.032608985900879 15.644937515258789 4
v 9.1195650100708 15.795550346374512 4.099999904632568
v 9.206521987915039 15.946163177490234 4.199999809265137
v 8.59782600402832 14.891871452331543 3.5
v 8.684782981872559 15.042484283447266 3.5999999046325684
v 8.77173900604248 15.193098068237305 3.700000047683716
v 8.858695983886719 15.343710899353027 3.799999952316284
v 9.55339241027832 14.297661781311035 3.5
v 9.65001392364502 14.442265510559082 3.5999999046325684
v 9.746634483337402 14.586869239807129 3.700000047683716
v 9.843255043029785 14.73147201538086 3.799999952316284
v 9.939876556396484 14.876075744628906 3.9000000953674316
v 10.036497116088867 15.020679473876953 4
v 10.13311767578125 15.165282249450684 4.099999904632568
v 10.22973918914795 15.30988597869873 4.199999809265137
v 2.0250000953674316 3.5074028968811035 3.0999999046325684
v 2.0507965087890625 3.4627223014831543 3.0999999046325684
v 2.0250000953674316 3.5074028968811035 3.140000104904175
v 2.0250000953674316 3.5074028968811035 3.200000047683716
v 2.0250000953674316 3.5074028968811035 3.299999952316284
v 2.0250000953674316 3.5074028968811035 3.4000000953674316
v 2.0250000953674316 3.5074028968811035 3.5
v 2.0250000953674316 3.5074028968811035 3.5999999046325684
v 2.0250000953674316 3.5074028968811035 3.700000047683716
v 2.0250000953674316 3.5074028968811035 3.799999952316284
v 2.0250000953674316 3.5074028968811035 3.9000000953674316
v 2.0250000953674316 3.5074028968811035 4
v 2.0250000953674316 3.5074028968811035 4.099999904632568
v 2.0250000953674316 3.5074028968811035 4.199999809265137
v 1.1381228076000555e-15 18.586956024169922 4.300000190734863
v 1.2156450748443604 18.547161102294922 4.300000190734863
v 1.1487719175711734e-15 18.7608699798584 4.400000095367432
v 1.1594210275422913e-15 18.934782028198242 4.5
v 1.2270195484161377 18.720701217651367 4.400000095367432
v 1.238394021987915 18.894241333007812 4.5
v 2.426084518432617 18.427942276000977 4.300000190734863
v 2.448784828186035 18.60036849975586 4.400000095367432
v 2.471485137939453 18.77279281616211 4.5
v 1.180719247484527e-15 19.282608032226562 4.699999809265137
v 1.2611429691314697 19.241323471069336 4.699999809265137
v 1.1700701375134091e-15 19.10869598388672 4.599999904632568
v 1.2497684955596924 19.06778335571289 4.599999904632568
v 1.1913683574556449e-15 19.45652198791504 4.800000190734863
v 1.272517442703247 19.41486358642578 4.800000190734863
v 2.494185209274292 18.945219039916992 4.599999904632568
v 2.51688551902771 19.117643356323242 4.699999809265137
v 2.539585590362549 19.290067672729492 4.800000190734863
v 3.6261353492736816 18.229812622070312 4.300000190734863
v 3.660064220428467 18.4003849029541 4.400000095367432
v 3.693992853164673 18.570955276489258 4.5
v 4.810657978057861 17.95362091064453 4.300000190734863
v 4.855669975280762 18.12160873413086 4.400000095367432
v 4.900681972503662 18.289594650268555 4.5
v 3.727921724319458 18.741527557373047 4.599999904632568
v 3.761850357055664 18.912097930908203 4.699999809265137
v 3.795779228210449 19.082670211791992 4.800000190734863
v 4.9456939697265625 18.457582473754883 4.599999904632568
v 4.990705966949463 18.62557029724121 4.699999809265137
v 5.035717964172363 18.793556213378906 4.800000190734863
v 1.2020174674267628e-15 19.630434036254883 4.900000095367432
v 1.2126665773978806e-15 19.80434799194336 5
v 1.2233156873689985e-15 19.978260040283203 5.099999904632568
v 1.233964691460998e-15 20.15217399597168 5.199999809265137
v 1.2838919162750244 19.588403701782227 4.900000095367432
v 1.2952662706375122 19.761945724487305 5
v 2.562285900115967 19.462493896484375 4.900000095367432
v 1.3066407442092896 19.93548583984375 5.099999904632568
v 1.318015217781067 20.109025955200195 5.199999809265137
v 1.2446138014321159e-15 20.326087951660156 5.300000190734863
v 1.2552629114032337e-15 20.5 5.400000095367432
v 1.2552629114032337e-15 20.5 5.5
v 1.2552629114032337e-15 20.5 5.599999904632568
v 1.3293896913528442 20.282567977905273 5.300000190734863
v 1.3407641649246216 20.45610809326172 5.400000095367432
v 1.3407641649246216 20.45610809326172 5.5
v 1.3407641649246216 20.45610809326172 5.599999904632568
v 2.5849859714508057 19.634918212890625 5
v 3.8297078609466553 19.25324058532715 4.900000095367432
v 2.6076862812042236 19.807344436645508 5.099999904632568
v 2.6303863525390625 19.979768753051758 5.199999809265137
v 3.8636367321014404 19.423812866210938 5
v 5.080729961395264 18.961544036865234 4.900000095367432
v 3.8975653648376465 19.594383239746094 5.099999904632568
v 3.9314942359924316 19.764955520629883 5.199999809265137
v 2.6530866622924805 20.15219497680664 5.300000190734863
v 2.6757869720458984 20.32461929321289 5.400000095367432
v 2.6757869720458984 20.32461929321289 5.5
v 2.6757869720458984 20.32461929321289 5.599999904632568
v 3.9654228687286377 19.935527801513672 5.300000190734863
v 3.999351739883423 20.106098175048828 5.400000095367432
v 3.999351739883423 20.106098175048828 5.5
v 3.999351739883423 20.106098175048828 5.599999904632568
v 5.974581241607666 17.600549697875977 4.300000190734863
v 6.030483722686768 17.76523208618164 4.400000095367432
v 6.086386203765869 17.929916381835938 4.5
v 7.112920761108398 17.172109603881836 4.300000190734863
v 7.179474353790283 17.332782745361328 4.400000095367432
v 7.246027946472168 17.493457794189453 4.5
v 6.142288684844971 18.0945987701416 4.599999904632568
v 6.198191165924072 18.2592830657959 4.699999809265137
v 6.254094123840332 18.423967361450195 4.800000190734863
v 7.445688724517822 17.975482940673828 4.800000190734863
v 7.312581539154053 17.654132843017578 4.599999904632568
v 7.3791351318359375 17.814807891845703 4.699999809265137
v 8.220800399780273 16.670135498046875 4.300000190734863
v 8.297720909118652 16.826112747192383 4.400000095367432
v 8.374640464782715 16.98208999633789 4.5
v 9.293478012084961 16.096776962280273 4.300000190734863
v 9.3804349899292 16.24738883972168 4.400000095367432
v 9.467391014099121 16.39800262451172 4.5
v 8.451560020446777 17.13806915283203 4.599999904632568
v 8.52847957611084 17.29404640197754 4.699999809265137
v 8.605400085449219 17.450023651123047 4.800000190734863
v 9.641304016113281 16.699228286743164 4.699999809265137
v 9.55434799194336 16.548616409301758 4.599999904632568
v 9.72826099395752 16.849842071533203 4.800000190734863
v 5.125741958618164 19.129531860351562 5
v 6.309996604919434 18.58864974975586 4.900000095367432
v 6.365899085998535 18.753334045410156 5
v 5.1707539558410645 19.297517776489258 5.099999904632568
v 5.215765953063965 19.465505599975586 5.199999809265137
v 7.512242317199707 18.13615608215332 4.900000095367432
v 7.578795909881592 18.296831130981445 5
v 6.421801567077637 18.91801643371582 5.099999904632568
v 6.477704048156738 19.082700729370117 5.199999809265137
v 7.645349502563477 18.45750617980957 5.099999904632568
v 5.260777950286865 19.633493423461914 5.300000190734863
v 5.305789947509766 19.80147933959961 5.400000095367432
v 5.305789947509766 19.80147933959961 5.5
v 5.305789947509766 19.80147933959961 5.599999904632568
v 6.53360652923584 19.247385025024414 5.300000190734863
v 6.589509010314941 19.412067413330078 5.400000095367432
v 6.589509010314941 19.412067413330078 5.5
v 6.589509010314941 19.412067413330078 5.599999904632568
v 7.711903095245361 18.618181228637695 5.199999809265137
v 8.913078308105469 18.07393455505371 5.199999809265137
v 8.682319641113281 17.606000900268555 4.900000095367432
v 8.759239196777344 17.761980056762695 5
v 8.836158752441406 17.917957305908203 5.099999904632568
v 9.815217018127441 17.000455856323242 4.900000095367432
v 9.90217399597168 17.15106773376465 5
v 9.989130020141602 17.301681518554688 5.099999904632568
v 10.07608699798584 17.452295303344727 5.199999809265137
v 7.778457164764404 18.77885627746582 5.300000190734863
v 7.845010757446289 18.939529418945312 5.400000095367432
v 7.845010757446289 18.939529418945312 5.5
v 7.845010757446289 18.939529418945312 5.599999904632568
v 8.989998817443848 18.22991371154785 5.300000190734863
v 9.06691837310791 18.38589096069336 5.400000095367432
v 9.06691837310791 18.38589096069336 5.5
v 9.06691837310791 18.38589096069336 5.599999904632568
v 10.163043975830078 17.602907180786133 5.300000190734863
v 2.0250000953674316 3.5074028968811035 4.300000190734863
v 2.0250000953674316 3.5074028968811035 4.400000095367432
v 2.0250000953674316 3.5074028968811035 4.5
v 2.0250000953674316 3.5074028968811035 4.599999904632568
v 2.0250000953674316 3.5074028968811035 4.699999809265137
v 2.0250000953674316 3.5074028968811035 4.800000190734863
v 2.0250000953674316 3.5074028968811035 4.900000095367432
v 2.0250000953674316 3.5074028968811035 5
v 2.0250000953674316 3.5074028968811035 5.099999904632568
v 2.0250000953674316 3.5074028968811035 5.199999809265137
v 2.0250000953674316 3.5074028968811035 5.300000190734863
v 2.0250000953674316 3.5074028968811035 5.400000095367432
v 2.0250000953674316 3.5074028968811035 5.5
v 2.0250000953674316 3.5074028968811035 5.599999904632568
v 10.879205703735352 12.405356407165527 3.0999999046325684
v 11.667262077331543 11.667262077331543 3.0999999046325684
v 12.405356407165527 10.879205703735352 3.0999999046325684
v 10.256306648254395 13.366279602050781 3.299999952316284
v 10.362177848815918 13.504253387451172 3.4000000953674316
v 10.993874549865723 12.536111831665039 3.200000047683716
v 11.108543395996094 12.666866302490234 3.299999952316284
v 11.223212242126465 12.79762077331543 3.4000000953674316
v 11.790237426757812 11.790237426757812 3.200000047683716
v 11.913211822509766 11.913211822509766 3.299999952316284
v 12.536111831665039 10.993874549865723 3.200000047683716
v 12.666866302490234 11.108543395996094 3.299999952316284
v 12.036187171936035 12.036187171936035 3.4000000953674316
v 12.79762077331543 11.223212242126465 3.4000000953674316
v 13.366279602050781 10.256306648254395 3.299999952316284
v 13.504253387451172 10.362177848815918 3.4000000953674316
v 10.468050003051758 13.642228126525879 3.5
v 10.573921203613281 13.780202865600586 3.5999999046325684
v 11.337881088256836 12.928376197814941 3.5
v 11.452549934387207 13.059130668640137 3.5999999046325684
v 10.679792404174805 13.918177604675293 3.700000047683716
v 10.785664558410645 14.056151390075684 3.799999952316284
v 11.567218780517578 13.189885139465332 3.700000047683716
v 11.68188762664795 13.320639610290527 3.799999952316284
v 12.159162521362305 12.159162521362305 3.5
v 12.282136917114258 12.282136917114258 3.5999999046325684
v 12.405112266540527 12.405112266540527 3.700000047683716
v 12.528087615966797 12.528087615966797 3.799999952316284
v 10.891535758972168 14.19412612915039 3.9000000953674316
v 10.997406959533691 14.332100868225098 4
v 11.103279113769531 14.470075607299805 4.099999904632568
v 11.209150314331055 14.608049392700195 4.199999809265137
v 11.79655647277832 13.451395034790039 3.9000000953674316
v 11.911225318908691 13.582149505615234 4
v 12.025894165039062 13.71290397644043 4.099999904632568
v 12.140563011169434 13.843659400939941 4.199999809265137
v 12.651062965393066 12.651062965393066 3.9000000953674316
v 12.77403736114502 12.77403736114502 4
v 12.928376197814941 11.337881088256836 3.5
v 13.059130668640137 11.452549934387207 3.5999999046325684
v 13.642228126525879 10.468050003051758 3.5
v 13.780202865600586 10.573921203613281 3.5999999046325684
v 13.189885139465332 11.567218780517578 3.700000047683716
v 13.320639610290527 11.68188762664795 3.799999952316284
v 13.918177604675293 10.679792404174805 3.700000047683716
v 14.056151390075684 10.785664558410645 3.799999952316284
v 12.897012710571289 12.897012710571289 4.099999904632568
v 13.019988059997559 13.019988059997559 4.199999809265137
v 13.451395034790039 11.79655647277832 3.9000000953674316
v 13.582149505615234 11.911225318908691 4
v 13.71290397644043 12.025894165039062 4.099999904632568
v 13.843659400939941 12.140563011169434 4.199999809265137
v 14.19412612915039 10.891535758972168 3.9000000953674316
v 14.332100868225098 10.997406959533691 4
v 14.470075607299805 11.103279113769531 4.099999904632568
v 14.608049392700195 11.209150314331055 4.199999809265137
v 13.090330123901367 10.044563293457031 3.0999999046325684
v 13.71924877166748 9.166909217834473 3.0999999046325684
v 14.289419174194336 8.25 3.0999999046325684
v 14.798399925231934 7.297763347625732 3.0999999046325684
v 15.244011878967285 6.314276695251465 3.0999999046325684
v 13.228304862976074 10.150434494018555 3.200000047683716
v 13.863851547241211 9.263529777526855 3.200000047683716
v 14.008455276489258 9.360151290893555 3.299999952316284
v 14.440032005310059 8.336956977844238 3.200000047683716
v 14.590645790100098 8.42391300201416 3.299999952316284
v 14.153059005737305 9.456771850585938 3.4000000953674316
v 14.74125862121582 8.510869979858398 3.4000000953674316
v 14.954378128051758 7.374683380126953 3.200000047683716
v 15.110356330871582 7.451602935791016 3.299999952316284
v 15.26633358001709 7.528522968292236 3.4000000953674316
v 14.297661781311035 9.55339241027832 3.5
v 14.442265510559082 9.65001392364502 3.5999999046325684
v 14.891871452331543 8.59782600402832 3.5
v 15.042484283447266 8.684782981872559 3.5999999046325684
v 14.586869239807129 9.746634483337402 3.700000047683716
v 14.73147201538086 9.843255043029785 3.799999952316284
v 15.193098068237305 8.77173900604248 3.700000047683716
v 15.343710899353027 8.858695983886719 3.799999952316284
v 14.876075744628906 9.939876556396484 3.9000000953674316
v 15.020679473876953 10.036497116088867 4
v 15.165282249450684 10.13311767578125 4.099999904632568
v 15.30988597869873 10.22973918914795 4.199999809265137
v 15.624346733093262 5.303750991821289 3.0999999046325684
v 15.565361976623535 6.447383880615234 3.299999952316284
v 15.40468692779541 6.38083028793335 3.200000047683716
v 15.789031028747559 5.359653472900391 3.200000047683716
v 15.953714370727539 5.415555953979492 3.299999952316284
v 15.726036071777344 6.513937950134277 3.4000000953674316
v 16.118396759033203 5.471458911895752 3.4000000953674316
v 15.937776565551758 4.270514011383057 3.0999999046325684
v 16.18295669555664 3.2189903259277344 3.0999999046325684
v 16.358840942382812 2.153682231903076 3.0999999046325684
v 16.464672088623047 1.0791516304016113 3.0999999046325684
v 16.105762481689453 4.315526008605957 3.200000047683716
v 16.27375030517578 4.360538005828857 3.299999952316284
v 16.35352897644043 3.2529191970825195 3.200000047683716
v 16.524099349975586 3.2868478298187256 3.299999952316284
v 16.44173812866211 4.405550003051758 3.4000000953674316
v 16.694671630859375 3.3207767009735107 3.4000000953674316
v 16.531265258789062 2.176382303237915 3.200000047683716
v 16.638212203979492 1.0905261039733887 3.200000047683716
v 16.703691482543945 2.199082612991333 3.299999952316284
v 16.81175422668457 1.101900577545166 3.299999952316284
v 16.876115798950195 2.221782684326172 3.4000000953674316
v 16.985294342041016 1.1132750511169434 3.4000000953674316
v 15.734267234802246 7.759282112121582 3.700000047683716
v 15.89024543762207 7.8362016677856445 3.799999952316284
v 15.422311782836914 7.605442523956299 3.5
v 15.886711120605469 6.580491542816162 3.5
v 15.578289985656738 7.6823625564575195 3.5999999046325684
v 16.047386169433594 6.647045135498047 3.5999999046325684
v 16.2830810546875 5.5273613929748535 3.5
v 16.447765350341797 5.583263874053955 3.5999999046325684
v 16.20806121826172 6.713598728179932 3.700000047683716
v 16.36873435974121 6.780152320861816 3.799999952316284
v 16.61244773864746 5.639166355133057 3.700000047683716
v 16.777132034301758 5.695068836212158 3.799999952316284
v 15.644937515258789 9.032608985900879 4
v 15.49432373046875 8.94565200805664 3.9000000953674316
v 16.046222686767578 7.913121700286865 3.9000000953674316
v 16.20220184326172 7.990041255950928 4
v 15.795550346374512 9.1195650100708 4.099999904632568
v 15.946163177490234 9.206521987915039 4.199999809265137
v 16.358179092407227 8.066961288452148 4.099999904632568
v 16.514156341552734 8.143880844116211 4.199999809265137
v 16.529409408569336 6.846705913543701 3.9000000953674316
v 16.69008445739746 6.913259506225586 4
v 16.941814422607422 5.75097131729126 3.9000000953674316
v 17.10649871826172 5.806873798370361 4
v 16.850759506225586 6.979813098907471 4.099999904632568
v 17.01143455505371 7.0463666915893555 4.199999809265137
v 17.271183013916016 5.862776279449463 4.099999904632568
v 17.43586540222168 5.9186787605285645 4.199999809265137
v 16.609724044799805 4.450562000274658 3.5
v 16.777711868286133 4.495573997497559 3.5999999046325684
v 16.86524200439453 3.354705333709717 3.5
v 17.03581428527832 3.388634204864502 3.5999999046325684
v 16.94569969177246 4.540585994720459 3.700000047683716
v 17.113685607910156 4.585597991943359 3.799999952316284
v 17.206384658813477 3.422562837600708 3.700000047683716
v 17.376956939697266 3.456491708755493 3.799999952316284
v 17.048540115356445 2.24448299407959 3.5
v 17.220966339111328 2.2671830654144287 3.5999999046325684
v 17.15883445739746 1.1246495246887207 3.5
v 17.33237648010254 1.1360238790512085 3.5999999046325684
v 17.393390655517578 2.2898833751678467 3.700000047683716
v 17.56581687927246 2.3125836849212646 3.799999952316284
v 17.505916595458984 1.1473983526229858 3.700000047683716
v 17.67945671081543 1.1587728261947632 3.799999952316284
v 17.281673431396484 4.63060998916626 3.9000000953674316
v 17.44965934753418 4.67562198638916 4
v 17.547527313232422 3.490420341491699 3.9000000953674316
v 17.71809959411621 3.5243492126464844 4
v 17.617647171020508 4.7206339836120605 4.099999904632568
v 17.785634994506836 4.765645980834961 4.199999809265137
v 17.888669967651367 3.5582778453826904 4.099999904632568
v 17.73824119567871 2.3352837562561035 3.9000000953674316
v 17.910667419433594 2.3579840660095215 4
v 17.852996826171875 1.1701472997665405 3.9000000953674316
v 18.059242248535156 3.5922067165374756 4.199999809265137
v 18.026538848876953 1.1815217733383179 4
v 18.083091735839844 2.3806841373443604 4.099999904632568
v 18.255517959594727 2.4033844470977783 4.199999809265137
v 18.2000789642334 1.1928962469100952 4.099999904632568
v 18.373619079589844 1.2042707204818726 4.199999809265137
v 10.326359748840332 15.454489707946777 4.300000190734863
v 10.422981262207031 15.599092483520508 4.400000095367432
v 10.519601821899414 15.743696212768555 4.5
v 10.616222381591797 15.888299942016602 4.599999904632568
v 10.712843894958496 16.03290367126465 4.699999809265137
v 10.809464454650879 16.177507400512695 4.800000190734863
v 11.844379425048828 15.435896873474121 4.800000190734863
v 11.315022468566895 14.746024131774902 4.300000190734863
v 11.420893669128418 14.88399887084961 4.400000095367432
v 11.526764869689941 15.021973609924316 4.5
v 12.255231857299805 13.974413871765137 4.300000190734863
v 12.369900703430176 14.105168342590332 4.400000095367432
v 12.484569549560547 14.235922813415527 4.5
v 11.632637023925781 15.159947395324707 4.599999904632568
v 11.738508224487305 15.297922134399414 4.699999809265137
v 12.599238395690918 14.366678237915039 4.599999904632568
v 12.713907241821289 14.497432708740234 4.699999809265137
v 13.142963409423828 13.142963409423828 4.300000190734863
v 13.265937805175781 13.265937805175781 4.400000095367432
v 13.38891315460205 13.38891315460205 4.5
v 13.974413871765137 12.255231857299805 4.300000190734863
v 14.746024131774902 11.315022468566895 4.300000190734863
v 14.105168342590332 12.369900703430176 4.400000095367432
v 14.235922813415527 12.484569549560547 4.5
v 14.88399887084961 11.420893669128418 4.400000095367432
v 15.021973609924316 11.526764869689941 4.5
v 13.51188850402832 13.51188850402832 4.599999904632568
v 13.63486385345459 13.63486385345459 4.699999809265137
v 12.82857608795166 14.62818717956543 4.800000190734863
v 13.757838249206543 13.757838249206543 4.800000190734863
v 14.62818717956543 12.82857608795166 4.800000190734863
v 14.366678237915039 12.599238395690918 4.599999904632568
v 14.497432708740234 12.713907241821289 4.699999809265137
v 15.159947395324707 11.632637023925781 4.599999904632568
v 15.297922134399414 11.738508224487305 4.699999809265137
v 10.906085014343262 16.32210922241211 4.900000095367432
v 11.002706527709961 16.466712951660156 5
v 11.195947647094727 16.75592041015625 5.199999809265137
v 11.099327087402344 16.611316680908203 5.099999904632568
v 11.950251579284668 15.573870658874512 4.900000095367432
v 12.056122779846191 15.711845397949219 5
v 12.161993980407715 15.849820137023926 5.099999904632568
v 12.267866134643555 15.987794876098633 5.199999809265137
v 10.25 17.753520965576172 5.400000095367432
v 11.292569160461426 16.900524139404297 5.300000190734863
v 11.389189720153809 17.04512596130371 5.400000095367432
v 10.25 17.753520965576172 5.5
v 10.25 17.753520965576172 5.599999904632568
v 11.389189720153809 17.04512596130371 5.5
v 11.389189720153809 17.04512596130371 5.599999904632568
v 12.373737335205078 16.125768661499023 5.300000190734863
v 12.479609489440918 16.263744354248047 5.400000095367432
v 12.479609489440918 16.263744354248047 5.5
v 12.479609489440918 16.263744354248047 5.599999904632568
v 13.516589164733887 15.412715911865234 5.400000095367432
v 13.516589164733887 15.412715911865234 5.5
v 13.516589164733887 15.412715911865234 5.599999904632568
v 12.943244934082031 14.758942604064941 4.900000095367432
v 13.057913780212402 14.889697074890137 5
v 13.880813598632812 13.880813598632812 4.900000095367432
v 14.003788948059082 14.003788948059082 5
v 13.172582626342773 15.020451545715332 5.099999904632568
v 13.287251472473145 15.151206016540527 5.199999809265137
v 14.758942604064941 12.943244934082031 4.900000095367432
v 14.889697074890137 13.057913780212402 5
v 14.126763343811035 14.126763343811035 5.099999904632568
v 14.249738693237305 14.249738693237305 5.199999809265137
v 15.020451545715332 13.172582626342773 5.099999904632568
v 15.151206016540527 13.287251472473145 5.199999809265137
v 13.401920318603516 15.281961441040039 5.300000190734863
v 14.372714042663574 14.372714042663574 5.300000190734863
v 14.495689392089844 14.495689392089844 5.400000095367432
v 15.281961441040039 13.401920318603516 5.300000190734863
v 14.495689392089844 14.495689392089844 5.5
v 14.495689392089844 14.495689392089844 5.599999904632568
v 15.454489707946777 10.326359748840332 4.300000190734863
v 15.599092483520508 10.422981262207031 4.400000095367432
v 15.743696212768555 10.519601821899414 4.5
v 15.888299942016602 10.616222381591797 4.599999904632568
v 16.03290367126465 10.712843894958496 4.699999809265137
v 15.435896873474121 11.844379425048828 4.800000190734863
v 16.177507400512695 10.809464454650879 4.800000190734863
v 15.573870658874512 11.950251579284668 4.900000095367432
v 15.711845397949219 12.056122779846191 5
v 16.32210922241211 10.906085014343262 4.900000095367432
v 16.466712951660156 11.002706527709961 5
v 15.849820137023926 12.161993980407715 5.099999904632568
v 15.987794876098633 12.267866134643555 5.199999809265137
v 16.611316680908203 11.099327087402344 5.099999904632568
v 16.75592041015625 11.195947647094727 5.199999809265137
v 15.412715911865234 13.516589164733887 5.400000095367432
v 15.412715911865234 13.516589164733887 5.5
v 15.412715911865234 13.516589164733887 5.599999904632568
v 16.125768661499023 12.373737335205078 5.300000190734863
v 16.263744354248047 12.479609489440918 5.400000095367432
v 16.263744354248047 12.479609489440918 5.5
v 16.263744354248047 12.479609489440918 5.599999904632568
v 16.900524139404297 11.292569160461426 5.300000190734863
v 17.04512596130371 11.389189720153809 5.400000095367432
v 17.04512596130371 11.389189720153809 5.5
v 17.04512596130371 11.389189720153809 5.599999904632568
v 16.096776962280273 9.293478012084961 4.300000190734863
v 16.24738883972168 9.3804349899292 4.400000095367432
v 16.39800262451172 9.467391014099121 4.5
v 16.670135498046875 8.220800399780273 4.300000190734863
v 16.826112747192383 8.297720909118652 4.400000095367432
v 16.98208999633789 8.374640464782715 4.5
v 17.172109603881836 7.112920761108398 4.300000190734863
v 17.600549697875977 5.974581241607666 4.300000190734863
v 17.332782745361328 7.179474353790283 4.400000095367432
v 17.493457794189453 7.246027946472168 4.5
v 17.76523208618164 6.030483722686768 4.400000095367432
v 17.929916381835938 6.086386203765869 4.5
v 16.548616409301758 9.55434799194336 4.599999904632568
v 16.699228286743164 9.641304016113281 4.699999809265137
v 17.13806915283203 8.451560020446777 4.599999904632568
v 17.29404640197754 8.52847957611084 4.699999809265137
v 16.849842071533203 9.72826099395752 4.800000190734863
v 17.450023651123047 8.605400085449219 4.800000190734863
v 17.654132843017578 7.312581539154053 4.599999904632568
v 17.814807891845703 7.3791351318359375 4.699999809265137
v 18.0945987701416 6.142288684844971 4.599999904632568
v 18.2592830657959 6.198191165924072 4.699999809265137
v 17.975482940673828 7.445688724517822 4.800000190734863
v 18.423967361450195 6.254094123840332 4.800000190734863
v 17.95362091064453 4.810657978057861 4.300000190734863
v 18.229812622070312 3.6261353492736816 4.300000190734863
v 18.12160873413086 4.855669975280762 4.400000095367432
v 18.289594650268555 4.900681972503662 4.5
v 18.4003849029541 3.660064220428467 4.400000095367432
v 18.570955276489258 3.693992853164673 4.5
v 18.427942276000977 2.426084518432617 4.300000190734863
v 18.547161102294922 1.2156450748443604 4.300000190734863
v 18.60036849975586 2.448784828186035 4.400000095367432
v 18.77279281616211 2.471485137939453 4.5
v 18.720701217651367 1.2270195484161377 4.400000095367432
v 18.894241333007812 1.238394021987915 4.5
v 18.457582473754883 4.9456939697265625 4.599999904632568
v 18.62557029724121 4.990705966949463 4.699999809265137
v 18.741527557373047 3.727921724319458 4.599999904632568
v 18.912097930908203 3.761850357055664 4.699999809265137
v 18.793556213378906 5.035717964172363 4.800000190734863
v 19.082670211791992 3.795779228210449 4.800000190734863
v 18.945219039916992 2.494185209274292 4.599999904632568
v 19.117643356323242 2.51688551902771 4.699999809265137
v 19.06778335571289 1.2497684955596924 4.599999904632568
v 19.241323471069336 1.2611429691314697 4.699999809265137
v 19.290067672729492 2.539585590362549 4.800000190734863
v 19.41486358642578 1.272517442703247 4.800000190734863
v 17.000455856323242 9.815217018127441 4.900000095367432
v 17.15106773376465 9.90217399597168 5
v 17.606000900268555 8.682319641113281 4.900000095367432
v 17.761980056762695 8.759239196777344 5
v 17.301681518554688 9.989130020141602 5.099999904632568
v 17.452295303344727 10.07608699798584 5.199999809265137
v 17.917957305908203 8.836158752441406 5.099999904632568
v 17.602907180786133 10.163043975830078 5.300000190734863
v 17.753520965576172 10.25 5.400000095367432
v 17.753520965576172 10.25 5.5
v 17.753520965576172 10.25 5.599999904632568
v 18.07393455505371 8.913078308105469 5.199999809265137
v 18.618181228637695 7.711903095245361 5.199999809265137
v 18.13615608215332 7.512242317199707 4.900000095367432
v 18.296831130981445 7.578795909881592 5
v 18.58864974975586 6.309996604919434 4.900000095367432
v 18.753334045410156 6.365899085998535 5
v 19.129531860351562 5.125741958618164 5
v 18.45750617980957 7.645349502563477 5.099999904632568
v 18.91801643371582 6.421801567077637 5.099999904632568
v 19.082700729370117 6.477704048156738 5.199999809265137
v 19.297517776489258 5.1707539558410645 5.099999904632568
v 19.465505599975586 5.215765953063965 5.199999809265137
v 18.22991371154785 8.989998817443848 5.300000190734863
v 18.38589096069336 9.06691837310791 5.400000095367432
v 18.77885627746582 7.778457164764404 5.300000190734863
v 18.939529418945312 7.845010757446289 5.400000095367432
v 18.38589096069336 9.06691837310791 5.5
v 18.38589096069336 9.06691837310791 5.599999904632568
v 18.939529418945312 7.845010757446289 5.5
v 18.939529418945312 7.845010757446289 5.599999904632568
v 19.247385025024414 6.53360652923584 5.300000190734863
v 19.412067413330078 6.589509010314941 5.400000095367432
v 19.633493423461914 5.260777950286865 5.300000190734863
v 19.80147933959961 5.305789947509766 5.400000095367432
v 19.412067413330078 6.589509010314941 5.5
v 19.412067413330078 6.589509010314941 5.599999904632568
v 19.80147933959961 5.305789947509766 5.5
v 19.80147933959961 5.305789947509766 5.599999904632568
v 18.961544036865234 5.080729961395264 4.900000095367432
v 19.423812866210938 3.8636367321014404 5
v 19.25324058532715 3.8297078609466553 4.900000095367432
v 19.634918212890625 2.5849859714508057 5
v 19.594383239746094 3.8975653648376465 5.099999904632568
v 19.764955520629883 3.9314942359924316 5.199999809265137
v 19.807344436645508 2.6076862812042236 5.099999904632568
v 19.979768753051758 2.6303863525390625 5.199999809265137
v 19.462493896484375 2.562285900115967 4.900000095367432
v 19.588403701782227 1.2838919162750244 4.900000095367432
v 19.761945724487305 1.2952662706375122 5
v 19.93548583984375 1.3066407442092896 5.099999904632568
v 20.109025955200195 1.318015217781067 5.199999809265137
v 19.935527801513672 3.9654228687286377 5.300000190734863
v 20.106098175048828 3.999351739883423 5.400000095367432
v 20.15219497680664 2.6530866622924805 5.300000190734863
v 20.32461929321289 2.6757869720458984 5.400000095367432
v 20.106098175048828 3.999351739883423 5.5
v 20.106098175048828 3.999351739883423 5.599999904632568
v 20.32461929321289 2.6757869720458984 5.5
v 20.32461929321289 2.6757869720458984 5.599999904632568
v 20.282567977905273 1.3293896913528442 5.300000190734863
v 20.45610809326172 1.3407641649246216 5.400000095367432
v 20.45610809326172 1.3407641649246216 5.5
v 20.45610809326172 1.3407641649246216 5.599999904632568
v 2.0250000953674316 -3.5074028968811035 3.0999999046325684
v 2.0250000953674316 -3.5074028968811035 3.140000104904175
v 2.0250000953674316 -3.5074028968811035 3.200000047683716
v 2.0250000953674316 -3.5074028968811035 3.299999952316284
v 2.0250000953674316 -3.5074028968811035 3.4000000953674316
v 4.050000190734863 9.491012114918316e-17 3.0999999046325684
v 4.050000190734863 1.8982025553325612e-16 3.140000104904175
v 4.050000190734863 1.8982025553325612e-16 3.299999952316284
v 4.050000190734863 1.8982025553325612e-16 3.4000000953674316
v 2.0250000953674316 -3.5074028968811035 3.5
v 2.0250000953674316 -3.5074028968811035 3.5999999046325684
v 2.0250000953674316 -3.5074028968811035 3.700000047683716
v 2.0250000953674316 -3.5074028968811035 3.799999952316284
v 2.0250000953674316 -3.5074028968811035 3.9000000953674316
v 2.0250000953674316 -3.5074028968811035 4
v 2.0250000953674316 -3.5074028968811035 4.099999904632568
v 2.0250000953674316 -3.5074028968811035 4.199999809265137
v 4.050000190734863 1.8982025553325612e-16 3.5
v 4.050000190734863 1.8982024229836632e-16 3.5999999046325684
v 4.050000190734863 1.8982025553325612e-16 3.700000047683716
v 4.050000190734863 1.8982025553325612e-16 3.799999952316284
v 4.050000190734863 1.8982025553325612e-16 3.9000000953674316
v 4.050000190734863 1.8982025553325612e-16 4
v 4.050000190734863 1.8982024229836632e-16 4.099999904632568
v 4.050000190734863 1.8982024229836632e-16 4.199999809265137
v 1.0791516304016113 -16.464672088623047 3.0999999046325684
v 2.153682231903076 -16.358840942382812 3.0999999046325684
v 1.0905261039733887 -16.638212203979492 3.200000047683716
v 1.101900577545166 -16.81175422668457 3.299999952316284
v 1.1132750511169434 -16.985294342041016 3.4000000953674316
v 2.176382303237915 -16.531265258789062 3.200000047683716
v 2.199082612991333 -16.703691482543945 3.299999952316284
v 2.221782684326172 -16.876115798950195 3.4000000953674316
v 3.2189903259277344 -16.18295669555664 3.0999999046325684
v 4.270514011383057 -15.937776565551758 3.0999999046325684
v 3.2529191970825195 -16.35352897644043 3.200000047683716
v 3.2868478298187256 -16.524099349975586 3.299999952316284
v 3.3207767009735107 -16.694671630859375 3.4000000953674316
v 4.315526008605957 -16.105762481689453 3.200000047683716
v 4.360538005828857 -16.27375030517578 3.299999952316284
v 4.405550003051758 -16.44173812866211 3.4000000953674316
v 1.1246495246887207 -17.15883445739746 3.5
v 1.1360238790512085 -17.33237648010254 3.5999999046325684
v 1.1473983526229858 -17.505916595458984 3.700000047683716
v 1.1587728261947632 -17.67945671081543 3.799999952316284
v 2.24448299407959 -17.048540115356445 3.5
v 2.2671830654144287 -17.220966339111328 3.5999999046325684
v 2.2898833751678467 -17.393390655517578 3.700000047683716
v 2.3125836849212646 -17.56581687927246 3.799999952316284
v 1.1701472997665405 -17.852996826171875 3.9000000953674316
v 2.3352837562561035 -17.73824119567871 3.9000000953674316
v 2.3579840660095215 -17.910667419433594 4
v 1.1815217733383179 -18.026538848876953 4
v 1.1928962469100952 -18.2000789642334 4.099999904632568
v 1.2042707204818726 -18.373619079589844 4.199999809265137
v 2.3806841373443604 -18.083091735839844 4.099999904632568
v 2.4033844470977783 -18.255517959594727 4.199999809265137
v 3.354705333709717 -16.86524200439453 3.5
v 3.388634204864502 -17.03581428527832 3.5999999046325684
v 3.422562837600708 -17.206384658813477 3.700000047683716
v 3.456491708755493 -17.376956939697266 3.799999952316284
v 4.450562000274658 -16.609724044799805 3.5
v 4.495573997497559 -16.777711868286133 3.5999999046325684
v 4.540585994720459 -16.94569969177246 3.700000047683716
v 4.585597991943359 -17.113685607910156 3.799999952316284
v 3.490420341491699 -17.547527313232422 3.9000000953674316
v 3.5243492126464844 -17.71809959411621 4
v 3.5582778453826904 -17.888669967651367 4.099999904632568
v 4.63060998916626 -17.281673431396484 3.9000000953674316
v 4.67562198638916 -17.44965934753418 4
v 4.7206339836120605 -17.617647171020508 4.099999904632568
v 4.765645980834961 -17.785634994506836 4.199999809265137
v 3.5922067165374756 -18.059242248535156 4.199999809265137
v 6.314276695251465 -15.244011878967285 3.0999999046325684
v 7.297763347625732 -14.798399925231934 3.0999999046325684
v 7.374683380126953 -14.954378128051758 3.200000047683716
v 7.451602935791016 -15.110356330871582 3.299999952316284
v 7.528522968292236 -15.26633358001709 3.4000000953674316
v 8.25 -14.289419174194336 3.0999999046325684
v 9.166909217834473 -13.71924877166748 3.0999999046325684
v 10.044563293457031 -13.090330123901367 3.0999999046325684
v 8.336956977844238 -14.440032005310059 3.200000047683716
v 8.42391300201416 -14.590645790100098 3.299999952316284
v 8.510869979858398 -14.74125862121582 3.4000000953674316
v 9.263529777526855 -13.863851547241211 3.200000047683716
v 9.360151290893555 -14.008455276489258 3.299999952316284
v 10.150434494018555 -13.228304862976074 3.200000047683716
v 9.456771850585938 -14.153059005737305 3.4000000953674316
v 5.303750991821289 -15.624346733093262 3.0999999046325684
v 5.359653472900391 -15.789031028747559 3.200000047683716
v 5.415555953979492 -15.953714370727539 3.299999952316284
v 6.38083028793335 -15.40468692779541 3.200000047683716
v 5.471458911895752 -16.118396759033203 3.4000000953674316
v 6.447383880615234 -15.565361976623535 3.299999952316284
v 6.513937950134277 -15.726036071777344 3.4000000953674316
v 8.59782600402832 -14.891871452331543 3.5
v 8.684782981872559 -15.042484283447266 3.5999999046325684
v 8.77173900604248 -15.193098068237305 3.700000047683716
v 8.858695983886719 -15.343710899353027 3.799999952316284
v 9.55339241027832 -14.297661781311035 3.5
v 9.65001392364502 -14.442265510559082 3.5999999046325684
v 9.746634483337402 -14.586869239807129 3.700000047683716
v 9.843255043029785 -14.73147201538086 3.799999952316284
v 9.939876556396484 -14.876075744628906 3.9000000953674316
v 10.036497116088867 -15.020679473876953 4
v 10.13311767578125 -15.165282249450684 4.099999904632568
v 10.22973918914795 -15.30988597869873 4.199999809265137
v 5.5273613929748535 -16.2830810546875 3.5
v 5.583263874053955 -16.447765350341797 3.5999999046325684
v 5.639166355133057 -16.61244773864746 3.700000047683716
v 5.695068836212158 -16.777132034301758 3.799999952316284
v 6.580491542816162 -15.886711120605469 3.5
v 6.647045135498047 -16.047386169433594 3.5999999046325684
v 7.605442523956299 -15.422311782836914 3.5
v 7.6823625564575195 -15.578289985656738 3.5999999046325684
v 6.713598728179932 -16.20806121826172 3.700000047683716
v 6.780152320861816 -16.36873435974121 3.799999952316284
v 5.75097131729126 -16.941814422607422 3.9000000953674316
v 5.806873798370361 -17.10649871826172 4
v 5.862776279449463 -17.271183013916016 4.099999904632568
v 5.9186787605285645 -17.43586540222168 4.199999809265137
v 6.846705913543701 -16.529409408569336 3.9000000953674316
v 6.913259506225586 -16.69008445739746 4
v 6.979813098907471 -16.850759506225586 4.099999904632568
v 7.0463666915893555 -17.01143455505371 4.199999809265137
v 7.759282112121582 -15.734267234802246 3.700000047683716
v 7.8362016677856445 -15.89024543762207 3.799999952316284
v 7.913121700286865 -16.046222686767578 3.9000000953674316
v 7.990041255950928 -16.20220184326172 4
v 8.94565200805664 -15.49432373046875 3.9000000953674316
v 8.066961288452148 -16.358179092407227 4.099999904632568
v 8.143880844116211 -16.514156341552734 4.199999809265137
v 9.032608985900879 -15.644937515258789 4
v 9.1195650100708 -15.795550346374512 4.099999904632568
v 9.206521987915039 -15.946163177490234 4.199999809265137
v 2.0250000953674316 -3.5074028968811035 4.300000190734863
v 2.0250000953674316 -3.5074028968811035 4.400000095367432
v 2.0250000953674316 -3.5074028968811035 4.5
v 2.0250000953674316 -3.5074028968811035 4.599999904632568
v 2.0250000953674316 -3.5074028968811035 4.699999809265137
v 2.0250000953674316 -3.5074028968811035 4.800000190734863
v 4.050000190734863 1.8982026876814592e-16 4.300000190734863
v 4.050000190734863 1.8982026876814592e-16 4.400000095367432
v 4.050000190734863 1.8982025553325612e-16 4.5
v 4.050000190734863 1.8982025553325612e-16 4.599999904632568
v 4.050000190734863 1.8982024229836632e-16 4.699999809265137
v 4.050000190734863 1.8982025553325612e-16 4.800000190734863
v 2.0250000953674316 -3.5074028968811035 4.900000095367432
v 2.0250000953674316 -3.5074028968811035 5
v 2.0250000953674316 -3.5074028968811035 5.099999904632568
v 2.0250000953674316 -3.5074028968811035 5.199999809265137
v 2.0250000953674316 -3.5074028968811035 5.300000190734863
v 2.0250000953674316 -3.5074028968811035 5.400000095367432
v 2.0250000953674316 -3.5074028968811035 5.5
v 2.0250000953674316 -3.5074028968811035 5.599999904632568
v 4.050000190734863 1.8982025553325612e-16 4.900000095367432
v 4.050000190734863 1.8982025553325612e-16 5
v 4.050000190734863 1.8982024229836632e-16 5.099999904632568
v 4.050000190734863 1.8982024229836632e-16 5.199999809265137
v 4.050000190734863 1.8982025553325612e-16 5.300000190734863
v 4.050000190734863 1.8982025553325612e-16 5.400000095367432
v 4.050000190734863 1.8982024229836632e-16 5.5
v 4.050000190734863 1.8982024229836632e-16 5.599999904632568
v 1.2156450748443604 -18.547161102294922 4.300000190734863
v 1.2270195484161377 -18.720701217651367 4.400000095367432
v 1.238394021987915 -18.894241333007812 4.5
v 2.426084518432617 -18.427942276000977 4.300000190734863
v 2.448784828186035 -18.60036849975586 4.400000095367432
v 2.471485137939453 -18.77279281616211 4.5
v 1.2497684955596924 -19.06778335571289 4.599999904632568
v 1.2611429691314697 -19.241323471069336 4.699999809265137
v 1.272517442703247 -19.41486358642578 4.800000190734863
v 2.494185209274292 -18.945219039916992 4.599999904632568
v 2.51688551902771 -19.117643356323242 4.699999809265137
v 2.539585590362549 -19.290067672729492 4.800000190734863
v 3.6261353492736816 -18.229812622070312 4.300000190734863
v 3.660064220428467 -18.4003849029541 4.400000095367432
v 3.693992853164673 -18.570955276489258 4.5
v 4.810657978057861 -17.95362091064453 4.300000190734863
v 4.855669975280762 -18.12160873413086 4.400000095367432
v 4.900681972503662 -18.289594650268555 4.5
v 3.727921724319458 -18.741527557373047 4.599999904632568
v 3.761850357055664 -18.912097930908203 4.699999809265137
v 3.795779228210449 -19.082670211791992 4.800000190734863
v 4.9456939697265625 -18.457582473754883 4.599999904632568
v 4.990705966949463 -18.62557029724121 4.699999809265137
v 5.035717964172363 -18.793556213378906 4.800000190734863
v 0.21135134994983673 -11.181621551513672 5
v 0.21135134994983673 -11.411351203918457 5
v 0.47783783078193665 -11.181621551513672 5
v 0.47783783078193665 -11.411351203918457 5
v 0.707567572593689 -11.411351203918457 5
v 0.5123732089996338 -12.137297630310059 5
v 0.4806858003139496 -12.596756935119629 5
v 0.707567572593689 -11.641080856323242 5
v 0.707567572593689 -11.870810508728027 5
v 0.707567572593689 -11.907567024230957 5
v 0.707567572593689 -12.100540161132812 5
v 0.707567572593689 -12.330269813537598 5
v 0.707567572593689 -12.367027282714844 5
v 0.707567572593689 -12.559999465942383 5
v 0.707567572593689 -12.789730072021484 5
v 0.707567572593689 -12.80810832977295 5
v 0.707567572593689 -12.80810832977295 5.0420684814453125
v 0.707567572593689 -12.789730072021484 5.084136962890625
v 0.018378378823399544 -13.97513484954834 5
v 0.21135134994983673 -13.97513484954834 5
v 0.707567572593689 -12.826486587524414 5
v 0.707567572593689 -13.01945972442627 5
v 0.707567572593689 -13.0562162399292 5
v 0.707567572593689 -13.249189376831055 5
v 0.707567572593689 -13.285945892333984 5
v 0.707567572593689 -13.47891902923584 5
v 0.707567572593689 -13.51567554473877 5
v 0.707567572593689 -13.708648681640625 5
v 0.707567572593689 -13.745405197143555 5
v 0.707567572593689 -13.93837833404541 5
v 0.707567572593689 -13.97513484954834 5
v 0.018378378823399544 -14.204864501953125 5
v 0.018378378823399544 -14.39783763885498 5
v 0.21135134994983673 -14.204864501953125 5
v 0.018378378823399544 -14.627567291259766 5
v 0.018378378823399544 -14.645946502685547 5
v 0.018378378823399544 -14.664324760437012 5
v 0.018378378823399544 -14.894054412841797 5
v 0.21135134994983673 -14.85729694366455 5
v 0.21135134994983673 -15.087026596069336 5
v 0.47783783078193665 -14.85729694366455 5
v 0.47783783078193665 -15.087026596069336 5
v 0.47783783078193665 -15.123784065246582 5
v 0.47783783078193665 -15.316757202148438 5
v 0.707567572593689 -14.204864501953125 5
v 0.9005405306816101 -14.39783763885498 5
v 0.9005405306816101 -14.664324760437012 5
v 1.13027024269104 -14.627567291259766 5
v 1.13027024269104 -14.664324760437012 5
v 0.6708108186721802 -14.85729694366455 5
v 0.9372972846031189 -14.85729694366455 5
v 0.6708108186721802 -15.087026596069336 5
v 0.6708108186721802 -15.353513717651367 5
v 0.9372972846031189 -15.087026596069336 5
v 1.13027024269104 -14.894054412841797 5
v 1.1670269966125488 -15.087026596069336 5
v 1.1670269966125488 -15.316757202148438 5
v 1.1670269966125488 -15.353513717651367 5
v 0.6708108186721802 -15.316757202148438 5.084136962890625
v 1.3967567682266235 -14.39783763885498 5
v 1.3967567682266235 -14.627567291259766 5
v 1.8562161922454834 -14.627567291259766 5
v 1.3600000143051147 -14.894054412841797 5
v 1.3600000143051147 -15.123784065246582 5
v 1.3967567682266235 -15.316757202148438 5
v 1.5897297859191895 -15.087026596069336 5
v 1.5897297859191895 -15.123784065246582 5
v 1.5897297859191895 -15.353513717651367 5
v 1.8562161922454834 -14.85729694366455 5
v 1.8562161922454834 -14.894054412841797 5
v 1.8194594383239746 -15.353513717651367 5
v 2.315675735473633 -14.85729694366455 5
v 2.315675735473633 -15.087026596069336 5
v 2.545405387878418 -15.087026596069336 5
v 2.545405387878418 -15.316757202148438 5
v 2.545405387878418 -15.353513717651367 5
v 0.21135134994983673 -11.181621551513672 5.599999904632568
v 0.21135134994983673 -11.411351203918457 5.599999904632568
v 0.47783783078193665 -11.181621551513672 5.599999904632568
v 0.47783783078193665 -11.411351203918457 5.599999904632568
v 0.707567572593689 -11.411351203918457 5.599999904632568
v 0.707567572593689 -11.641080856323242 5.599999904632568
v 0.707567572593689 -11.907567024230957 5.599999904632568
v 0.707567572593689 -12.100540161132812 5.599999904632568
v 0.707567572593689 -12.367027282714844 5.599999904632568
v 0.707567572593689 -12.559999465942383 5.599999904632568
v 0.018378378823399544 -13.97513484954834 5.599999904632568
v 0.21135134994983673 -13.97513484954834 5.599999904632568
v 0.707567572593689 -12.826486587524414 5.599999904632568
v 0.707567572593689 -13.01945972442627 5.599999904632568
v 0.707567572593689 -13.285945892333984 5.599999904632568
v 0.707567572593689 -13.47891902923584 5.599999904632568
v 0.707567572593689 -13.745405197143555 5.599999904632568
v 0.707567572593689 -13.93837833404541 5.599999904632568
v 0.018378378823399544 -14.204864501953125 5.599999904632568
v 0.018378378823399544 -14.39783763885498 5.599999904632568
v 0.21135134994983673 -14.204864501953125 5.599999904632568
v 0.018378378823399544 -14.627567291259766 5.599999904632568
v 0.018378378823399544 -14.894054412841797 5.599999904632568
v 0.21135134994983673 -14.85729694366455 5.599999904632568
v 0.21135134994983673 -15.087026596069336 5.599999904632568
v 0.47783783078193665 -14.85729694366455 5.599999904632568
v 0.47783783078193665 -15.123784065246582 5.599999904632568
v 0.47783783078193665 -15.316757202148438 5.599999904632568
v 0.707567572593689 -14.204864501953125 5.599999904632568
v 0.9005405306816101 -14.39783763885498 5.599999904632568
v 0.9005405306816101 -14.664324760437012 5.599999904632568
v 1.13027024269104 -14.664324760437012 5.599999904632568
v 0.6708108186721802 -15.123784065246582 5.525860786437988
v 0.6708108186721802 -14.85729694366455 5.599999904632568
v 0.9372972846031189 -14.85729694366455 5.599999904632568
v 0.6708108186721802 -15.087026596069336 5.599999904632568
v 0.6708108186721802 -15.091395378112793 5.599999904632568
v 0.6708108186721802 -15.123784065246582 5.599999904632568
v 0.6708108186721802 -15.316757202148438 5.599999904632568
v 0.9372972846031189 -15.087026596069336 5.599999904632568
v 1.13027024269104 -14.894054412841797 5.599999904632568
v 1.1670269966125488 -15.087026596069336 5.599999904632568
v 1.1670269966125488 -15.316757202148438 5.599999904632568
v 1.3967567682266235 -14.39783763885498 5.599999904632568
v 1.3967567682266235 -14.627567291259766 5.599999904632568
v 1.8562161922454834 -14.627567291259766 5.599999904632568
v 1.3600000143051147 -14.894054412841797 5.599999904632568
v 1.3600000143051147 -15.123784065246582 5.599999904632568
v 1.3967567682266235 -15.316757202148438 5.599999904632568
v 1.5897297859191895 -15.123784065246582 5.599999904632568
v 1.5897297859191895 -15.353513717651367 5.599999904632568
v 1.8562161922454834 -14.85729694366455 5.599999904632568
v 1.8194594383239746 -15.353513717651367 5.599999904632568
v 2.315675735473633 -14.85729694366455 5.599999904632568
v 2.315675735473633 -15.087026596069336 5.599999904632568
v 2.545405387878418 -15.087026596069336 5.599999904632568
v 2.545405387878418 -15.316757202148438 5.599999904632568
v 2.775135040283203 -15.316757202148438 5
v 2.775135040283203 -15.316757202148438 5.599999904632568
v 0.24810810387134552 -15.546486854553223 5
v 0.24810810387134552 -15.583243370056152 5
v 0.018378378823399544 -15.812973022460938 5
v 0.24810810387134552 -15.812973022460938 5
v 0.47783783078193665 -15.583243370056152 5
v 0.018378378823399544 -16.04270362854004 5
v 0.6708108186721802 -15.546486854553223 5
v 0.6708108186721802 -15.812973022460938 5
v 0.6708108186721802 -16.005945205688477 5
v 0.6708108186721802 -16.272432327270508 5
v 0.781228244304657 -16.241641998291016 5
v 0.8026269674301147 -16.235675811767578 5
v 0.6708108186721802 -16.465404510498047 5
v 0.6708108186721802 -16.731891632080078 5
v 0.6708108186721802 -16.92486572265625 5
v 0.8343135714530945 -16.69513511657715 5
v 0.6708108186721802 -17.19135093688965 5
v 0.6708108186721802 -17.42108154296875 5
v 0.9005405306816101 -17.42108154296875 5
v 0.9005405306816101 -17.65081024169922 5
v 0.9005405306816101 -17.88054084777832 5
v 1.13027024269104 -17.88054084777832 5
v 1.3967567682266235 -15.546486854553223 5
v 1.3967567682266235 -15.583243370056152 5
v 1.3967567682266235 -15.776216506958008 5
v 1.3967567682266235 -15.812973022460938 5
v 1.8194594383239746 -15.546486854553223 5
v 1.6264865398406982 -15.776216506958008 5
v 1.6264865398406982 -16.005945205688477 5
v 1.8194594383239746 -15.812973022460938 5
v 1.350982427597046 -16.272432327270508 5
v 1.6264865398406982 -16.04270362854004 5
v 1.6264865398406982 -16.235675811767578 5
v 1.8562161922454834 -16.235675811767578 5
v 1.8562161922454834 -16.465404510498047 5
v 1.8562161922454834 -16.50216293334961 5
v 2.0491890907287598 -15.812973022460938 5
v 2.0491890907287598 -16.005945205688477 5
v 2.0491890907287598 -16.272432327270508 5
v 2.0491890907287598 -16.465404510498047 5
v 1.8562161922454834 -16.69513511657715 5
v 2.0491890907287598 -16.69513511657715 5
v 2.0491890907287598 -16.731891632080078 5
v 2.0859458446502686 -16.731891632080078 5
v 2.0859458446502686 -16.92486572265625 5
v 2.0859458446502686 -16.96162223815918 5
v 2.0859458446502686 -17.15459442138672 5
v 2.0859458446502686 -17.19135093688965 5
v 2.278918981552124 -16.731891632080078 5
v 2.278918981552124 -16.92486572265625 5
v 2.278918981552124 -17.15459442138672 5
v 1.13027024269104 -18.11026954650879 5
v 1.3600000143051147 -18.11026954650879 5
v 1.3600000143051147 -18.34000015258789 5
v 1.5897297859191895 -18.30324363708496 5
v 1.5897297859191895 -18.307342529296875 5
v 1.5897297859191895 -18.34000015258789 5
v 1.5897297859191895 -18.56972885131836 5
v 1.6185624599456787 -18.30324363708496 5
v 1.5897297859191895 -18.79945945739746 5
v 2.0491890907287598 -18.79945945739746 5
v 2.0491890907287598 -19.029190063476562 5
v 2.278918981552124 -19.029190063476562 5
v 1.2838919162750244 -19.588403701782227 4.900000095367432
v 1.2952662706375122 -19.761945724487305 5
v 2.562285900115967 -19.462493896484375 4.900000095367432
v 2.278918981552124 -19.25891876220703 5
v 2.508648633956909 -19.25891876220703 5
v 2.508648633956909 -19.488649368286133 5
v 1.3066407442092896 -19.93548583984375 5.099999904632568
v 1.318015217781067 -20.109025955200195 5.199999809265137
v 0.24810810387134552 -15.583243370056152 5.599999904632568
v 0.018378378823399544 -15.812973022460938 5.599999904632568
v 0.24810810387134552 -15.812973022460938 5.599999904632568
v 0.47783783078193665 -15.583243370056152 5.599999904632568
v 0.018378378823399544 -16.04270362854004 5.599999904632568
v 0.6708108186721802 -15.546486854553223 5.599999904632568
v 0.6708108186721802 -15.812973022460938 5.599999904632568
v 0.6708108186721802 -16.005945205688477 5.599999904632568
v 0.6708108186721802 -16.272432327270508 5.599999904632568
v 0.6708108186721802 -16.465404510498047 5.599999904632568
v 0.6708108186721802 -16.731891632080078 5.599999904632568
v 0.6708108186721802 -16.92486572265625 5.599999904632568
v 0.6708108186721802 -17.19135093688965 5.599999904632568
v 0.6708108186721802 -17.42108154296875 5.599999904632568
v 0.9005405306816101 -17.42108154296875 5.599999904632568
v 0.9005405306816101 -17.65081024169922 5.599999904632568
v 0.9005405306816101 -17.88054084777832 5.599999904632568
v 1.13027024269104 -17.88054084777832 5.599999904632568
v 2.0491890907287598 -16.272432327270508 5.2629313468933105
v 2.0491890907287598 -16.235675811767578 5.347068786621094
v 1.3967567682266235 -15.583243370056152 5.599999904632568
v 1.3967567682266235 -15.776216506958008 5.599999904632568
v 1.8194594383239746 -15.546486854553223 5.599999904632568
v 1.6264865398406982 -15.776216506958008 5.599999904632568
v 1.8194594383239746 -15.812973022460938 5.599999904632568
v 1.6264865398406982 -16.04270362854004 5.599999904632568
v 1.6264865398406982 -16.235675811767578 5.599999904632568
v 1.8562161922454834 -16.235675811767578 5.599999904632568
v 1.8562161922454834 -16.50216293334961 5.599999904632568
v 2.0491890907287598 -15.812973022460938 5.599999904632568
v 2.0491890907287598 -16.005945205688477 5.599999904632568
v 2.0491890907287598 -16.272432327270508 5.525863170623779
v 2.0491890907287598 -16.24004364013672 5.599999904632568
v 2.0491890907287598 -16.235675811767578 5.599999904632568
v 2.0491890907287598 -16.272432327270508 5.599999904632568
v 2.0491890907287598 -16.465404510498047 5.599999904632568
v 1.8562161922454834 -16.69513511657715 5.599999904632568
v 2.0491890907287598 -16.69513511657715 5.599999904632568
v 2.0859458446502686 -16.731891632080078 5.599999904632568
v 2.0859458446502686 -16.96162223815918 5.599999904632568
v 2.0859458446502686 -17.15459442138672 5.599999904632568
v 2.278918981552124 -16.731891632080078 5.599999904632568
v 2.278918981552124 -16.92486572265625 5.599999904632568
v 2.278918981552124 -17.15459442138672 5.599999904632568
v 1.13027024269104 -18.11026954650879 5.599999904632568
v 1.3293896913528442 -20.282567977905273 5.300000190734863
v 1.3407641649246216 -20.45610809326172 5.400000095367432
v 1.3600000143051147 -18.11026954650879 5.599999904632568
v 1.3600000143051147 -18.34000015258789 5.599999904632568
v 1.5897297859191895 -18.34000015258789 5.599999904632568
v 1.5897297859191895 -18.56972885131836 5.599999904632568
v 1.5897297859191895 -18.79945945739746 5.599999904632568
v 2.0491890907287598 -18.79945945739746 5.599999904632568
v 2.0491890907287598 -19.029190063476562 5.599999904632568
v 2.278918981552124 -19.029190063476562 5.599999904632568
v 1.3407641649246216 -20.45610809326172 5.5
v 1.3407641649246216 -20.45610809326172 5.599999904632568
v 2.278918981552124 -19.25891876220703 5.599999904632568
v 2.508648633956909 -19.25891876220703 5.599999904632568
v 2.508648633956909 -19.488649368286133 5.599999904632568
v 2.775135040283203 -15.546486854553223 5
v 2.775135040283203 -15.583243370056152 5
v 2.775135040283203 -15.776216506958008 5
v 2.775135040283203 -15.812973022460938 5
v 3.0048649311065674 -15.776216506958008 5
v 3.0048649311065674 -16.005945205688477 5
v 3.0048649311065674 -16.04270362854004 5
v 3.0048649311065674 -16.235675811767578 5
v 3.0048649311065674 -16.272432327270508 5
v 3.0048649311065674 -16.465404510498047 5
v 3.2345945835113525 -16.465404510498047 5
v 3.2345945835113525 -16.69513511657715 5
v 3.2345945835113525 -16.731891632080078 5
v 3.2345945835113525 -16.92486572265625 5
v 3.2345945835113525 -16.96162223815918 5
v 3.2345945835113525 -17.15459442138672 5
v 3.2345945835113525 -17.42108154296875 5
v 3.2345945835113525 -17.61405372619629 5
v 3.2345945835113525 -17.65081024169922 5
v 3.2345945835113525 -17.88054084777832 5
v 3.2345945835113525 -18.07351303100586 5
v 3.2345945835113525 -18.11026954650879 5
v 3.2345945835113525 -18.34000015258789 5
v 3.2345945835113525 -18.53297233581543 5
v 3.2345945835113525 -18.56972885131836 5
v 3.2345945835113525 -18.79945945739746 5
v 3.2345945835113525 -18.992431640625 5
v 3.2345945835113525 -19.029190063476562 5
v 2.5849859714508057 -19.634918212890625 5
v 3.134464979171753 -19.25891876220703 5
v 3.8297078609466553 -19.25324058532715 4.900000095367432
v 3.2345945835113525 -19.2221622467041 5
v 3.2345945835113525 -19.25891876220703 5
v 3.2345945835113525 -19.488649368286133 5
v 2.6076862812042236 -19.807344436645508 5.099999904632568
v 2.6303863525390625 -19.979768753051758 5.199999809265137
v 5.080729961395264 -18.961544036865234 4.900000095367432
v 3.8636367321014404 -19.423812866210938 5
v 3.8975653648376465 -19.594383239746094 5.099999904632568
v 3.9314942359924316 -19.764955520629883 5.199999809265137
v 2.775135040283203 -15.583243370056152 5.599999904632568
v 2.775135040283203 -15.776216506958008 5.599999904632568
v 3.0048649311065674 -15.776216506958008 5.599999904632568
v 3.0048649311065674 -16.04270362854004 5.599999904632568
v 3.0048649311065674 -16.235675811767578 5.599999904632568
v 3.0048649311065674 -16.465404510498047 5.599999904632568
v 3.2345945835113525 -16.465404510498047 5.599999904632568
v 3.2345945835113525 -16.69513511657715 5.599999904632568
v 3.2345945835113525 -16.96162223815918 5.599999904632568
v 3.2345945835113525 -17.15459442138672 5.599999904632568
v 3.2345945835113525 -17.42108154296875 5.599999904632568
v 3.2345945835113525 -17.61405372619629 5.599999904632568
v 3.2345945835113525 -17.88054084777832 5.599999904632568
v 2.6530866622924805 -20.15219497680664 5.300000190734863
v 2.6757869720458984 -20.32461929321289 5.400000095367432
v 3.2345945835113525 -18.07351303100586 5.599999904632568
v 3.2345945835113525 -18.34000015258789 5.599999904632568
v 3.2345945835113525 -18.53297233581543 5.599999904632568
v 3.2345945835113525 -18.79945945739746 5.599999904632568
v 3.2345945835113525 -18.992431640625 5.599999904632568
v 2.6757869720458984 -20.32461929321289 5.5
v 2.6757869720458984 -20.32461929321289 5.599999904632568
v 3.2345945835113525 -19.25891876220703 5.599999904632568
v 3.2345945835113525 -19.488649368286133 5.599999904632568
v 3.9654228687286377 -19.935527801513672 5.300000190734863
v 3.999351739883423 -20.106098175048828 5.400000095367432
v 3.999351739883423 -20.106098175048828 5.5
v 3.999351739883423 -20.106098175048828 5.599999904632568
v 5.974581241607666 -17.600549697875977 4.300000190734863
v 6.030483722686768 -17.76523208618164 4.400000095367432
v 6.086386203765869 -17.929916381835938 4.5
v 7.112920761108398 -17.172109603881836 4.300000190734863
v 7.179474353790283 -17.332782745361328 4.400000095367432
v 7.246027946472168 -17.493457794189453 4.5
v 7.312581539154053 -17.654132843017578 4.599999904632568
v 7.3791351318359375 -17.814807891845703 4.699999809265137
v 6.142288684844971 -18.0945987701416 4.599999904632568
v 6.198191165924072 -18.2592830657959 4.699999809265137
v 6.254094123840332 -18.423967361450195 4.800000190734863
v 7.445688724517822 -17.975482940673828 4.800000190734863
v 8.220800399780273 -16.670135498046875 4.300000190734863
v 8.297720909118652 -16.826112747192383 4.400000095367432
v 8.374640464782715 -16.98208999633789 4.5
v 9.293478012084961 -16.096776962280273 4.300000190734863
v 9.3804349899292 -16.24738883972168 4.400000095367432
v 9.467391014099121 -16.39800262451172 4.5
v 8.451560020446777 -17.13806915283203 4.599999904632568
v 8.52847957611084 -17.29404640197754 4.699999809265137
v 8.605400085449219 -17.450023651123047 4.800000190734863
v 9.55434799194336 -16.548616409301758 4.599999904632568
v 9.641304016113281 -16.699228286743164 4.699999809265137
v 9.72826099395752 -16.849842071533203 4.800000190734863
v 5.125741958618164 -19.129531860351562 5
v 6.309996604919434 -18.58864974975586 4.900000095367432
v 6.365899085998535 -18.753334045410156 5
v 5.1707539558410645 -19.297517776489258 5.099999904632568
v 5.215765953063965 -19.465505599975586 5.199999809265137
v 7.512242317199707 -18.13615608215332 4.900000095367432
v 7.578795909881592 -18.296831130981445 5
v 6.421801567077637 -18.91801643371582 5.099999904632568
v 6.477704048156738 -19.082700729370117 5.199999809265137
v 7.645349502563477 -18.45750617980957 5.099999904632568
v 5.260777950286865 -19.633493423461914 5.300000190734863
v 5.305789947509766 -19.80147933959961 5.400000095367432
v 5.305789947509766 -19.80147933959961 5.5
v 5.305789947509766 -19.80147933959961 5.599999904632568
v 6.53360652923584 -19.247385025024414 5.300000190734863
v 6.589509010314941 -19.412067413330078 5.400000095367432
v 6.589509010314941 -19.412067413330078 5.5
v 6.589509010314941 -19.412067413330078 5.599999904632568
v 8.682319641113281 -17.606000900268555 4.900000095367432
v 8.759239196777344 -17.761980056762695 5
v 8.836158752441406 -17.917957305908203 5.099999904632568
v 9.815217018127441 -17.000455856323242 4.900000095367432
v 9.90217399597168 -17.15106773376465 5
v 9.989130020141602 -17.301681518554688 5.099999904632568
v 10.07608699798584 -17.452295303344727 5.199999809265137
v 7.711903095245361 -18.618181228637695 5.199999809265137
v 8.913078308105469 -18.07393455505371 5.199999809265137
v 10.163043975830078 -17.602907180786133 5.300000190734863
v 7.778457164764404 -18.77885627746582 5.300000190734863
v 7.845010757446289 -18.939529418945312 5.400000095367432
v 7.845010757446289 -18.939529418945312 5.5
v 7.845010757446289 -18.939529418945312 5.599999904632568
v 8.989998817443848 -18.22991371154785 5.300000190734863
v 9.06691837310791 -18.38589096069336 5.400000095367432
v 9.06691837310791 -18.38589096069336 5.5
v 9.06691837310791 -18.38589096069336 5.599999904632568
v 15.244011878967285 -6.314276695251465 3.0999999046325684
v 14.798399925231934 -7.297763347625732 3.0999999046325684
v 13.090330123901367 -10.044563293457031 3.0999999046325684
v 13.71924877166748 -9.166909217834473 3.0999999046325684
v 14.289419174194336 -8.25 3.0999999046325684
v 14.954378128051758 -7.374683380126953 3.200000047683716
v 15.110356330871582 -7.451602935791016 3.299999952316284
v 15.26633358001709 -7.528522968292236 3.4000000953674316
v 13.228304862976074 -10.150434494018555 3.200000047683716
v 13.863851547241211 -9.263529777526855 3.200000047683716
v 14.008455276489258 -9.360151290893555 3.299999952316284
v 14.440032005310059 -8.336956977844238 3.200000047683716
v 14.590645790100098 -8.42391300201416 3.299999952316284
v 14.74125862121582 -8.510869979858398 3.4000000953674316
v 14.153059005737305 -9.456771850585938 3.4000000953674316
v 14.891871452331543 -8.59782600402832 3.5
v 15.042484283447266 -8.684782981872559 3.5999999046325684
v 14.297661781311035 -9.55339241027832 3.5
v 14.442265510559082 -9.65001392364502 3.5999999046325684
v 15.193098068237305 -8.77173900604248 3.700000047683716
v 15.343710899353027 -8.858695983886719 3.799999952316284
v 14.586869239807129 -9.746634483337402 3.700000047683716
v 14.73147201538086 -9.843255043029785 3.799999952316284
v 14.876075744628906 -9.939876556396484 3.9000000953674316
v 15.020679473876953 -10.036497116088867 4
v 15.165282249450684 -10.13311767578125 4.099999904632568
v 15.30988597869873 -10.22973918914795 4.199999809265137
v 16.5 -7.50498757172295e-24 3.0999999046325684
v 16.464672088623047 -1.0791516304016113 3.0999999046325684
v 16.358840942382812 -2.153682231903076 3.0999999046325684
v 16.18295669555664 -3.2189903259277344 3.0999999046325684
v 15.937776565551758 -4.270514011383057 3.0999999046325684
v 16.638212203979492 -1.0905261039733887 3.200000047683716
v 16.531265258789062 -2.176382303237915 3.200000047683716
v 16.673913955688477 1.8975572221058718e-16 3.200000047683716
v 16.84782600402832 1.8956209577280077e-16 3.299999952316284
v 16.81175422668457 -1.101900577545166 3.299999952316284
v 16.703691482543945 -2.199082612991333 3.299999952316284
v 17.021739959716797 1.8923940268967648e-16 3.4000000953674316
v 16.985294342041016 -1.1132750511169434 3.4000000953674316
v 16.876115798950195 -2.221782684326172 3.4000000953674316
v 16.35352897644043 -3.2529191970825195 3.200000047683716
v 16.524099349975586 -3.2868478298187256 3.299999952316284
v 16.105762481689453 -4.315526008605957 3.200000047683716
v 16.27375030517578 -4.360538005828857 3.299999952316284
v 16.44173812866211 -4.405550003051758 3.4000000953674316
v 16.694671630859375 -3.3207767009735107 3.4000000953674316
v 15.624346733093262 -5.303750991821289 3.0999999046325684
v 15.789031028747559 -5.359653472900391 3.200000047683716
v 15.40468692779541 -6.38083028793335 3.200000047683716
v 15.953714370727539 -5.415555953979492 3.299999952316284
v 15.565361976623535 -6.447383880615234 3.299999952316284
v 16.118396759033203 -5.471458911895752 3.4000000953674316
v 15.726036071777344 -6.513937950134277 3.4000000953674316
v 17.19565200805664 1.8878761649143472e-16 3.5
v 17.15883445739746 -1.1246495246887207 3.5
v 17.369565963745117 1.8820675041296528e-16 3.5999999046325684
v 17.33237648010254 -1.1360238790512085 3.5999999046325684
v 17.048540115356445 -2.24448299407959 3.5
v 17.220966339111328 -2.2671830654144287 3.5999999046325684
v 17.54347801208496 1.8749681768915797e-16 3.700000047683716
v 17.505916595458984 -1.1473983526229858 3.700000047683716
v 17.717391967773438 1.8665779185023318e-16 3.799999952316284
v 17.67945671081543 -1.1587728261947632 3.799999952316284
v 17.393390655517578 -2.2898833751678467 3.700000047683716
v 17.56581687927246 -2.3125836849212646 3.799999952316284
v 16.609724044799805 -4.450562000274658 3.5
v 16.86524200439453 -3.354705333709717 3.5
v 17.03581428527832 -3.388634204864502 3.5999999046325684
v 16.777711868286133 -4.495573997497559 3.5999999046325684
v 17.206384658813477 -3.422562837600708 3.700000047683716
v 17.376956939697266 -3.456491708755493 3.799999952316284
v 16.94569969177246 -4.540585994720459 3.700000047683716
v 17.113685607910156 -4.585597991943359 3.799999952316284
v 17.89130401611328 1.8568969936597052e-16 3.9000000953674316
v 17.852996826171875 -1.1701472997665405 3.9000000953674316
v 17.73824119567871 -2.3352837562561035 3.9000000953674316
v 17.910667419433594 -2.3579840660095215 4
v 17.547527313232422 -3.490420341491699 3.9000000953674316
v 17.71809959411621 -3.5243492126464844 4
v 17.281673431396484 -4.63060998916626 3.9000000953674316
v 17.44965934753418 -4.67562198638916 4
v 17.888669967651367 -3.5582778453826904 4.099999904632568
v 17.617647171020508 -4.7206339836120605 4.099999904632568
v 17.785634994506836 -4.765645980834961 4.199999809265137
v 18.065217971801758 1.8459251376659038e-16 4
v 18.026538848876953 -1.1815217733383179 4
v 18.2391300201416 1.8336624828698257e-16 4.099999904632568
v 18.2000789642334 -1.1928962469100952 4.099999904632568
v 18.413043975830078 1.8201090292714709e-16 4.199999809265137
v 18.373619079589844 -1.2042707204818726 4.199999809265137
v 18.083091735839844 -2.3806841373443604 4.099999904632568
v 18.255517959594727 -2.4033844470977783 4.199999809265137
v 18.059242248535156 -3.5922067165374756 4.199999809265137
v 16.2830810546875 -5.5273613929748535 3.5
v 16.447765350341797 -5.583263874053955 3.5999999046325684
v 15.886711120605469 -6.580491542816162 3.5
v 15.422311782836914 -7.605442523956299 3.5
v 15.578289985656738 -7.6823625564575195 3.5999999046325684
v 16.047386169433594 -6.647045135498047 3.5999999046325684
v 16.61244773864746 -5.639166355133057 3.700000047683716
v 16.20806121826172 -6.713598728179932 3.700000047683716
v 16.36873435974121 -6.780152320861816 3.799999952316284
v 16.777132034301758 -5.695068836212158 3.799999952316284
v 15.734267234802246 -7.759282112121582 3.700000047683716
v 15.89024543762207 -7.8362016677856445 3.799999952316284
v 16.529409408569336 -6.846705913543701 3.9000000953674316
v 16.941814422607422 -5.75097131729126 3.9000000953674316
v 17.10649871826172 -5.806873798370361 4
v 16.69008445739746 -6.913259506225586 4
v 17.271183013916016 -5.862776279449463 4.099999904632568
v 17.43586540222168 -5.9186787605285645 4.199999809265137
v 16.850759506225586 -6.979813098907471 4.099999904632568
v 17.01143455505371 -7.0463666915893555 4.199999809265137
v 15.49432373046875 -8.94565200805664 3.9000000953674316
v 16.046222686767578 -7.913121700286865 3.9000000953674316
v 16.20220184326172 -7.990041255950928 4
v 15.644937515258789 -9.032608985900879 4
v 16.358179092407227 -8.066961288452148 4.099999904632568
v 16.514156341552734 -8.143880844116211 4.199999809265137
v 15.795550346374512 -9.1195650100708 4.099999904632568
v 15.946163177490234 -9.206521987915039 4.199999809265137
v 10.879205703735352 -12.405356407165527 3.0999999046325684
v 12.405356407165527 -10.879205703735352 3.0999999046325684
v 11.667262077331543 -11.667262077331543 3.0999999046325684
v 10.993874549865723 -12.536111831665039 3.200000047683716
v 11.108543395996094 -12.666866302490234 3.299999952316284
v 11.223212242126465 -12.79762077331543 3.4000000953674316
v 12.536111831665039 -10.993874549865723 3.200000047683716
v 12.666866302490234 -11.108543395996094 3.299999952316284
v 11.790237426757812 -11.790237426757812 3.200000047683716
v 11.913211822509766 -11.913211822509766 3.299999952316284
v 12.79762077331543 -11.223212242126465 3.4000000953674316
v 12.036187171936035 -12.036187171936035 3.4000000953674316
v 10.256306648254395 -13.366279602050781 3.299999952316284
v 10.362177848815918 -13.504253387451172 3.4000000953674316
v 13.366279602050781 -10.256306648254395 3.299999952316284
v 13.504253387451172 -10.362177848815918 3.4000000953674316
v 12.159162521362305 -12.159162521362305 3.5
v 12.282136917114258 -12.282136917114258 3.5999999046325684
v 12.405112266540527 -12.405112266540527 3.700000047683716
v 12.528087615966797 -12.528087615966797 3.799999952316284
v 10.468050003051758 -13.642228126525879 3.5
v 10.573921203613281 -13.780202865600586 3.5999999046325684
v 11.337881088256836 -12.928376197814941 3.5
v 11.452549934387207 -13.059130668640137 3.5999999046325684
v 10.679792404174805 -13.918177604675293 3.700000047683716
v 10.785664558410645 -14.056151390075684 3.799999952316284
v 11.567218780517578 -13.189885139465332 3.700000047683716
v 11.68188762664795 -13.320639610290527 3.799999952316284
v 12.651062965393066 -12.651062965393066 3.9000000953674316
v 12.77403736114502 -12.77403736114502 4
v 10.891535758972168 -14.19412612915039 3.9000000953674316
v 10.997406959533691 -14.332100868225098 4
v 11.103279113769531 -14.470075607299805 4.099999904632568
v 11.209150314331055 -14.608049392700195 4.199999809265137
v 11.79655647277832 -13.451395034790039 3.9000000953674316
v 11.911225318908691 -13.582149505615234 4
v 12.025894165039062 -13.71290397644043 4.099999904632568
v 12.140563011169434 -13.843659400939941 4.199999809265137
v 12.928376197814941 -11.337881088256836 3.5
v 13.059130668640137 -11.452549934387207 3.5999999046325684
v 13.642228126525879 -10.468050003051758 3.5
v 13.780202865600586 -10.573921203613281 3.5999999046325684
v 13.918177604675293 -10.679792404174805 3.700000047683716
v 14.056151390075684 -10.785664558410645 3.799999952316284
v 13.189885139465332 -11.567218780517578 3.700000047683716
v 13.320639610290527 -11.68188762664795 3.799999952316284
v 13.451395034790039 -11.79655647277832 3.9000000953674316
v 13.582149505615234 -11.911225318908691 4
v 13.71290397644043 -12.025894165039062 4.099999904632568
v 13.843659400939941 -12.140563011169434 4.199999809265137
v 14.19412612915039 -10.891535758972168 3.9000000953674316
v 14.332100868225098 -10.997406959533691 4
v 14.470075607299805 -11.103279113769531 4.099999904632568
v 14.608049392700195 -11.209150314331055 4.199999809265137
v 12.897012710571289 -12.897012710571289 4.099999904632568
v 13.019988059997559 -13.019988059997559 4.199999809265137
v 18.547161102294922 -1.2156450748443604 4.300000190734863
v 18.586956024169922 1.8052650415686353e-16 4.300000190734863
v 18.427942276000977 -2.426084518432617 4.300000190734863
v 18.7608699798584 1.789129990365727e-16 4.400000095367432
v 18.720701217651367 -1.2270195484161377 4.400000095367432
v 18.934782028198242 1.7717041403605418e-16 4.5
v 18.894241333007812 -1.238394021987915 4.5
v 18.60036849975586 -2.448784828186035 4.400000095367432
v 18.77279281616211 -2.471485137939453 4.5
v 18.229812622070312 -3.6261353492736816 4.300000190734863
v 17.95362091064453 -4.810657978057861 4.300000190734863
v 18.4003849029541 -3.660064220428467 4.400000095367432
v 18.570955276489258 -3.693992853164673 4.5
v 18.12160873413086 -4.855669975280762 4.400000095367432
v 18.289594650268555 -4.900681972503662 4.5
v 19.10869598388672 1.75298749155308e-16 4.599999904632568
v 19.06778335571289 -1.2497684955596924 4.599999904632568
v 18.945219039916992 -2.494185209274292 4.599999904632568
v 19.117643356323242 -2.51688551902771 4.699999809265137
v 19.282608032226562 1.7329799115944433e-16 4.699999809265137
v 19.241323471069336 -1.2611429691314697 4.699999809265137
v 19.45652198791504 1.711681929880224e-16 4.800000190734863
v 19.41486358642578 -1.272517442703247 4.800000190734863
v 19.290067672729492 -2.539585590362549 4.800000190734863
v 18.741527557373047 -3.727921724319458 4.599999904632568
v 18.912097930908203 -3.761850357055664 4.699999809265137
v 18.457582473754883 -4.9456939697265625 4.599999904632568
v 18.62557029724121 -4.990705966949463 4.699999809265137
v 19.082670211791992 -3.795779228210449 4.800000190734863
v 18.793556213378906 -5.035717964172363 4.800000190734863
v 17.600549697875977 -5.974581241607666 4.300000190734863
v 17.172109603881836 -7.112920761108398 4.300000190734863
v 17.76523208618164 -6.030483722686768 4.400000095367432
v 17.929916381835938 -6.086386203765869 4.5
v 17.332782745361328 -7.179474353790283 4.400000095367432
v 17.493457794189453 -7.246027946472168 4.5
v 16.096776962280273 -9.293478012084961 4.300000190734863
v 16.24738883972168 -9.3804349899292 4.400000095367432
v 16.39800262451172 -9.467391014099121 4.5
v 16.670135498046875 -8.220800399780273 4.300000190734863
v 16.826112747192383 -8.297720909118652 4.400000095367432
v 16.98208999633789 -8.374640464782715 4.5
v 17.654132843017578 -7.312581539154053 4.599999904632568
v 17.814807891845703 -7.3791351318359375 4.699999809265137
v 16.548616409301758 -9.55434799194336 4.599999904632568
v 17.13806915283203 -8.451560020446777 4.599999904632568
v 17.29404640197754 -8.52847957611084 4.699999809265137
v 16.699228286743164 -9.641304016113281 4.699999809265137
v 17.450023651123047 -8.605400085449219 4.800000190734863
v 16.849842071533203 -9.72826099395752 4.800000190734863
v 18.0945987701416 -6.142288684844971 4.599999904632568
v 18.2592830657959 -6.198191165924072 4.699999809265137
v 18.423967361450195 -6.254094123840332 4.800000190734863
v 17.975482940673828 -7.445688724517822 4.800000190734863
v 19.630434036254883 1.68909301701483e-16 4.900000095367432
v 19.80434799194336 1.665213040649363e-16 5
v 19.588403701782227 -1.2838919162750244 4.900000095367432
v 19.462493896484375 -2.562285900115967 4.900000095367432
v 19.761945724487305 -1.2952662706375122 5
v 19.978260040283203 1.6400423978305174e-16 5.099999904632568
v 20.15217399597168 1.613580956209395e-16 5.199999809265137
v 19.93548583984375 -1.3066407442092896 5.099999904632568
v 20.109025955200195 -1.318015217781067 5.199999809265137
v 18.961544036865234 -5.080729961395264 4.900000095367432
v 19.25324058532715 -3.8297078609466553 4.900000095367432
v 19.634918212890625 -2.5849859714508057 5
v 19.423812866210938 -3.8636367321014404 5
v 19.807344436645508 -2.6076862812042236 5.099999904632568
v 19.979768753051758 -2.6303863525390625 5.199999809265137
v 19.594383239746094 -3.8975653648376465 5.099999904632568
v 19.764955520629883 -3.9314942359924316 5.199999809265137
v 20.326087951660156 1.585828848134894e-16 5.300000190734863
v 20.5 1.5567859412581161e-16 5.400000095367432
v 20.282567977905273 -1.3293896913528442 5.300000190734863
v 20.45610809326172 -1.3407641649246216 5.400000095367432
v 20.5 1.5419415565085865e-16 5.5
v 20.5 1.527097304107955e-16 5.599999904632568
v 20.45610809326172 -1.3407641649246216 5.5
v 20.45610809326172 -1.3407641649246216 5.599999904632568
v 20.15219497680664 -2.6530866622924805 5.300000190734863
v 20.32461929321289 -2.6757869720458984 5.400000095367432
v 19.935527801513672 -3.9654228687286377 5.300000190734863
v 20.106098175048828 -3.999351739883423 5.400000095367432
v 20.32461929321289 -2.6757869720458984 5.5
v 20.32461929321289 -2.6757869720458984 5.599999904632568
v 20.106098175048828 -3.999351739883423 5.5
v 20.106098175048828 -3.999351739883423 5.599999904632568
v 17.606000900268555 -8.682319641113281 4.900000095367432
v 17.761980056762695 -8.759239196777344 5
v 17.000455856323242 -9.815217018127441 4.900000095367432
v 17.15106773376465 -9.90217399597168 5
v 17.917957305908203 -8.836158752441406 5.099999904632568
v 17.301681518554688 -9.989130020141602 5.099999904632568
v 17.452295303344727 -10.07608699798584 5.199999809265137
v 17.602907180786133 -10.163043975830078 5.300000190734863
v 18.58864974975586 -6.309996604919434 4.900000095367432
v 19.129531860351562 -5.125741958618164 5
v 18.753334045410156 -6.365899085998535 5
v 18.13615608215332 -7.512242317199707 4.900000095367432
v 18.296831130981445 -7.578795909881592 5
v 18.45750617980957 -7.645349502563477 5.099999904632568
v 18.91801643371582 -6.421801567077637 5.099999904632568
v 19.082700729370117 -6.477704048156738 5.199999809265137
v 19.297517776489258 -5.1707539558410645 5.099999904632568
v 19.465505599975586 -5.215765953063965 5.199999809265137
v 18.07393455505371 -8.913078308105469 5.199999809265137
v 18.618181228637695 -7.711903095245361 5.199999809265137
v 19.633493423461914 -5.260777950286865 5.300000190734863
v 19.80147933959961 -5.305789947509766 5.400000095367432
v 19.247385025024414 -6.53360652923584 5.300000190734863
v 19.412067413330078 -6.589509010314941 5.400000095367432
v 19.80147933959961 -5.305789947509766 5.5
v 19.80147933959961 -5.305789947509766 5.599999904632568
v 19.412067413330078 -6.589509010314941 5.5
v 19.412067413330078 -6.589509010314941 5.599999904632568
v 18.77885627746582 -7.778457164764404 5.300000190734863
v 18.939529418945312 -7.845010757446289 5.400000095367432
v 18.22991371154785 -8.989998817443848 5.300000190734863
v 18.38589096069336 -9.06691837310791 5.400000095367432
v 18.939529418945312 -7.845010757446289 5.5
v 18.939529418945312 -7.845010757446289 5.599999904632568
v 18.38589096069336 -9.06691837310791 5.5
v 18.38589096069336 -9.06691837310791 5.599999904632568
v 11.315022468566895 -14.746024131774902 4.300000190734863
v 11.420893669128418 -14.88399887084961 4.400000095367432
v 11.526764869689941 -15.021973609924316 4.5
v 12.255231857299805 -13.974413871765137 4.300000190734863
v 12.369900703430176 -14.105168342590332 4.400000095367432
v 12.484569549560547 -14.235922813415527 4.5
v 11.632637023925781 -15.159947395324707 4.599999904632568
v 11.738508224487305 -15.297922134399414 4.699999809265137
v 12.599238395690918 -14.366678237915039 4.599999904632568
v 12.713907241821289 -14.497432708740234 4.699999809265137
v 13.974413871765137 -12.255231857299805 4.300000190734863
v 14.746024131774902 -11.315022468566895 4.300000190734863
v 14.88399887084961 -11.420893669128418 4.400000095367432
v 15.021973609924316 -11.526764869689941 4.5
v 14.105168342590332 -12.369900703430176 4.400000095367432
v 14.235922813415527 -12.484569549560547 4.5
v 13.142963409423828 -13.142963409423828 4.300000190734863
v 13.265937805175781 -13.265937805175781 4.400000095367432
v 13.38891315460205 -13.38891315460205 4.5
v 14.366678237915039 -12.599238395690918 4.599999904632568
v 14.497432708740234 -12.713907241821289 4.699999809265137
v 15.159947395324707 -11.632637023925781 4.599999904632568
v 15.297922134399414 -11.738508224487305 4.699999809265137
v 13.51188850402832 -13.51188850402832 4.599999904632568
v 13.63486385345459 -13.63486385345459 4.699999809265137
v 13.757838249206543 -13.757838249206543 4.800000190734863
v 12.82857608795166 -14.62818717956543 4.800000190734863
v 14.62818717956543 -12.82857608795166 4.800000190734863
v 10.326359748840332 -15.454489707946777 4.300000190734863
v 10.422981262207031 -15.599092483520508 4.400000095367432
v 10.519601821899414 -15.743696212768555 4.5
v 10.616222381591797 -15.888299942016602 4.599999904632568
v 10.712843894958496 -16.03290367126465 4.699999809265137
v 10.809464454650879 -16.177507400512695 4.800000190734863
v 11.844379425048828 -15.435896873474121 4.800000190734863
v 13.880813598632812 -13.880813598632812 4.900000095367432
v 14.003788948059082 -14.003788948059082 5
v 12.943244934082031 -14.758942604064941 4.900000095367432
v 13.057913780212402 -14.889697074890137 5
v 13.172582626342773 -15.020451545715332 5.099999904632568
v 13.287251472473145 -15.151206016540527 5.199999809265137
v 14.758942604064941 -12.943244934082031 4.900000095367432
v 14.889697074890137 -13.057913780212402 5
v 15.020451545715332 -13.172582626342773 5.099999904632568
v 15.151206016540527 -13.287251472473145 5.199999809265137
v 14.126763343811035 -14.126763343811035 5.099999904632568
v 14.249738693237305 -14.249738693237305 5.199999809265137
v 13.401920318603516 -15.281961441040039 5.300000190734863
v 15.281961441040039 -13.401920318603516 5.300000190734863
v 14.372714042663574 -14.372714042663574 5.300000190734863
v 14.495689392089844 -14.495689392089844 5.400000095367432
v 14.495689392089844 -14.495689392089844 5.5
v 14.495689392089844 -14.495689392089844 5.599999904632568
v 10.906085014343262 -16.32210922241211 4.900000095367432
v 11.002706527709961 -16.466712951660156 5
v 11.099327087402344 -16.611316680908203 5.099999904632568
v 11.195947647094727 -16.75592041015625 5.199999809265137
v 11.950251579284668 -15.573870658874512 4.900000095367432
v 12.056122779846191 -15.711845397949219 5
v 12.161993980407715 -15.849820137023926 5.099999904632568
v 12.267866134643555 -15.987794876098633 5.199999809265137
v 10.25 -17.753520965576172 5.400000095367432
v 11.292569160461426 -16.900524139404297 5.300000190734863
v 11.389189720153809 -17.04512596130371 5.400000095367432
v 10.25 -17.753520965576172 5.5
v 10.25 -17.753520965576172 5.599999904632568
v 11.389189720153809 -17.04512596130371 5.5
v 11.389189720153809 -17.04512596130371 5.599999904632568
v 12.373737335205078 -16.125768661499023 5.300000190734863
v 12.479609489440918 -16.263744354248047 5.400000095367432
v 12.479609489440918 -16.263744354248047 5.5
v 12.479609489440918 -16.263744354248047 5.599999904632568
v 13.516589164733887 -15.412715911865234 5.400000095367432
v 13.516589164733887 -15.412715911865234 5.5
v 13.516589164733887 -15.412715911865234 5.599999904632568
v 15.454489707946777 -10.326359748840332 4.300000190734863
v 15.599092483520508 -10.422981262207031 4.400000095367432
v 15.743696212768555 -10.519601821899414 4.5
v 15.888299942016602 -10.616222381591797 4.599999904632568
v 16.03290367126465 -10.712843894958496 4.699999809265137
v 16.177507400512695 -10.809464454650879 4.800000190734863
v 15.435896873474121 -11.844379425048828 4.800000190734863
v 16.32210922241211 -10.906085014343262 4.900000095367432
v 16.466712951660156 -11.002706527709961 5
v 15.573870658874512 -11.950251579284668 4.900000095367432
v 15.711845397949219 -12.056122779846191 5
v 16.611316680908203 -11.099327087402344 5.099999904632568
v 15.849820137023926 -12.161993980407715 5.099999904632568
v 15.987794876098633 -12.267866134643555 5.199999809265137
v 16.75592041015625 -11.195947647094727 5.199999809265137
v 16.125768661499023 -12.373737335205078 5.300000190734863
v 16.263744354248047 -12.479609489440918 5.400000095367432
v 16.263744354248047 -12.479609489440918 5.5
v 16.263744354248047 -12.479609489440918 5.599999904632568
v 16.900524139404297 -11.292569160461426 5.300000190734863
v 17.04512596130371 -11.389189720153809 5.400000095367432
v 17.753520965576172 -10.25 5.400000095367432
v 17.04512596130371 -11.389189720153809 5.5
v 17.04512596130371 -11.389189720153809 5.599999904632568
v 17.753520965576172 -10.25 5.5
v 17.753520965576172 -10.25 5.599999904632568
v 15.412715911865234 -13.516589164733887 5.400000095367432
v 15.412715911865234 -13.516589164733887 5.5
v 15.412715911865234 -13.516589164733887 5.599999904632568
vn -0.6973497327637761 0.7127372679827797 -0.07555750818239884
vn -0.7445793127292846 0.6674907781515881 -0.007596587271515236
vn -0.6510840167934353 0.7589676507926921 -0.007596586493138511
vn -0.9433390651489734 0.33174342456246997 -0.007596606046500494
vn -0.9602912354401189 0.26857370938147124 -0.07555730120886577
vn -0.9785699464525641 0.20577452041375208 -0.00759648920988556
vn -0.0683959732083108 0.009764910812133416 -0.9976104637410932
vn -0.9970571357913194 0.07628472863197407 -0.007596587731134387
vn -0.06727348975318172 0.0007341050618088643 -0.9977343026408316
vn -0.8580583507028114 0.5079634888101665 -0.07555766556064877
vn -0.8253340295473454 0.5645936844083704 -0.007596788619086499
vn -0.014425933174982555 0.011321632976830863 -0.9998318424008954
vn -0.8919676515655807 0.4520353959418039 -0.007596668764623624
vn -0.7834328227984326 0.3345696847100772 -0.5237328882503743
vn -0.31107928681094615 0.9503536020335384 -0.007596605759936522
vn -0.5111879127144449 0.6814618133063585 -0.5237334387833747
vn -0.5464487002345739 0.8374581224394336 -0.007596786963142807
vn -0.48911811757097023 0.8689387237374052 -0.07555766971949283
vn -0.4324635233204258 0.9016194272570766 -0.007596669658804781
vn -0.07710728954223771 0.19205446939547965 -0.9783504212114748
vn -0.24755395262209057 0.9659234613468272 -0.07555731176361538
vn -0.18437194818505193 0.9828271862799014 -0.007596488108367013
vn -0.10197036086395558 0.8457574346261074 -0.5237331451034396
vn -0.05450928917828946 0.9984843660510976 -0.0075965877086636175
vn 0.10355587523992017 -0.11896515890778714 -0.987483403237411
vn -0.9984843660510976 -0.05450928917828946 -0.0075965877086636175
vn -0.11055907878471896 -0.013329767017941628 -0.9937801605030772
vn -0.9828271862799014 -0.18437194818505193 -0.007596488108367013
vn -0.9659234496837602 -0.24755399471123327 -0.07555732296432437
vn -0.9503536020335384 -0.31107928681094615 -0.007596605759936522
vn -0.028880842404504614 -0.011595269815461178 -0.9995156060111882
vn -0.9016194272570766 -0.4324635233204258 -0.007596669658804781
vn -0.8689387237374052 -0.48911811757097023 -0.07555766971949283
vn -0.8374581224394336 -0.5464487002345739 -0.007596786963142807
vn -0.6814618133063585 -0.5111879127144449 -0.5237334387833747
vn -0.7589676507926921 -0.6510840167934353 -0.007596586493138511
vn -0.7127372086305986 -0.6973497926154351 -0.07555751565974332
vn -0.6674907781515881 -0.7445793127292846 -0.007596587271515236
vn 0.3490957329080308 0.06718350964885435 -0.9346756364090525
vn 0.07363367138267288 0.2136591987627923 -0.9741292672036653
vn -0.12777047058832514 -0.16280408457889922 -0.9783504162058013
vn -0.5645936844083704 -0.8253340295473454 -0.007596788619086499
vn -0.5079634625447914 -0.8580583659396506 -0.07555766910435302
vn -0.4520353959418039 -0.8919676515655807 -0.007596668764623624
vn -0.3345696847100772 -0.7834328227984326 -0.5237328882503743
vn -0.33174342456246997 -0.9433390651489734 -0.007596606046500494
vn -0.2685736940088986 -0.9602912400797885 -0.07555729688413083
vn -0.20577452041375208 -0.9785699464525641 -0.00759648920988556
vn -0.0020700115120271916 -0.014498899277397925 -0.9998927427339814
vn -0.07628472863197407 -0.9970571357913194 -0.007596587731134387
vn -0.01088040795866954 -0.9970821216794601 -0.07555699404978616
vn -0.3954296380419237 0.30349465976966145 -0.8669062191779054
vn -0.39542987954991893 0.30349415550132636 -0.8669062855555226
vn -0.7132404308436975 0.6988013847404984 -0.054449173498397375
vn -0.7574170440840917 0.6506571353227509 -0.0544491835063518
vn -0.6660091963170455 0.7439536548566832 -0.05444914918073849
vn -0.3034057042724115 0.3954981295586387 -0.8669061126388371
vn -0.30340632174437265 0.3954979696276333 -0.8669059694949447
vn -0.3524325767746008 0.3525126854167181 -0.8669060418801503
vn -0.3524331089249605 0.35251247250805595 -0.866905912114887
vn -0.37473329591399535 0.3287075730761908 -0.8669061588982944
vn -0.37473341839279545 0.32870709910697304 -0.8669062856712534
vn -0.35243257238892073 0.35251125051859256 -0.8669066271387861
vn -0.3747338613882452 0.32870661872657203 -0.86690627632657
vn -0.3286218003513623 0.37480756142833177 -0.86690657179997
vn -0.32862333007977607 0.37480822826810933 -0.8669057036089908
vn -0.32862271989154634 0.37480678162737907 -0.8669065603726901
vn -0.3954299698147006 0.3034933514969961 -0.8669065258547001
vn -0.39543052669855794 0.3034931953013707 -0.8669063265201524
vn -0.3747338427508135 0.3287059430666907 -0.8669065405739227
vn -0.37473467722254933 0.32870609208417617 -0.866906123356884
vn -0.3747350532908258 0.32870557547837187 -0.8669061566770386
vn -0.3747350895587353 0.3287048658940356 -0.8669064100530061
vn -0.3954310332977211 0.30349304625882656 -0.8669061476178573
vn -0.39543146652396194 0.3034925518945049 -0.8669061230763514
vn -0.35243490194214 0.35250830506188074 -0.8669068777875938
vn -0.35243588643086027 0.3525086338997201 -0.8669063438352766
vn -0.3954315557612914 0.3034919259155253 -0.866906301518388
vn -0.39543121842967993 0.30349123316625076 -0.8669066979107077
vn -0.39543209160995 0.3034910611929185 -0.8669063598226606
vn -0.39543289304594764 0.30349105871644044 -0.8669059951208585
vn -0.3747357742013748 0.32870409032246306 -0.8669064081773639
vn -0.3747357708928907 0.32870474307147507 -0.8669061621050034
vn -0.37473550354835683 0.3287033133287213 -0.8669068197834643
vn -0.3747369591229124 0.3287037264041705 -0.8669060339594624
vn -0.3286246341890279 0.37480616370405156 -0.8669061018666204
vn -0.3286245539622086 0.37480548872085495 -0.8669064241069276
vn -0.32862297201664165 0.37480620121372404 -0.8669067157397543
vn -0.3286244581804763 0.3748068523570917 -0.8669058708485932
vn -0.30340556048703166 0.39549637803412485 -0.8669069620365492
vn -0.30340691822515775 0.395496986717198 -0.8669062091545595
vn -0.30340760686485624 0.39549696106826787 -0.8669059798399743
vn -0.3034077346420682 0.39549628678326865 -0.8669062427390952
vn -0.3524342749500993 0.3525112841505844 -0.8669059213010969
vn -0.3524334351705829 0.3525111298233063 -0.8669063254611531
vn -0.35243392373205124 0.3525102772828373 -0.8669064735095753
vn -0.3524341925638019 0.3525097116496829 -0.8669065942214065
vn -0.3286248395276827 0.374805176489229 -0.8669064508482348
vn -0.3286255807606954 0.3748049635104353 -0.8669062619439527
vn -0.3286256275203462 0.3748042675948989 -0.8669065450955542
vn -0.32862616293941643 0.37480435583540717 -0.8669063039789949
vn -0.30340803467022587 0.39549578275722413 -0.8669063676769261
vn -0.30340817657420366 0.3954953264575055 -0.8669065261827182
vn -0.3034086488532585 0.3954949926904415 -0.8669065131591915
vn -0.3034095431244313 0.3954953505809774 -0.8669060368978021
vn -0.3524352925624485 0.35250994738040015 -0.8669060511694959
vn -0.35243546828217925 0.35250949725070774 -0.8669061627677902
vn -0.9487576479144092 0.31127834301904994 -0.05444923040073877
vn -0.4605060823466643 0.1908086690498448 -0.8669061079131662
vn -0.46050489201110706 0.19080881878960565 -0.8669067072678318
vn -0.4719990690574016 0.16028193792207768 -0.8669063266494768
vn -0.47200003581816274 0.16028154003462922 -0.8669058738477785
vn -0.4605064194390243 0.19080804704072157 -0.8669060657533522
vn -0.47199928346577236 0.1602809266100182 -0.8669063968923241
vn -0.9670850571189277 0.24855947331593609 -0.05444887989834827
vn -0.9812708802357621 0.18477758217751614 -0.05444910215939274
vn -0.991255018764369 0.1202031565757041 -0.0544489570486666
vn -0.9969943362330883 0.05511459444340068 -0.05444882917458588
vn -0.9984643445941984 -0.010209797867863876 -0.0544491744802013
vn -0.4888831836420968 0.09730156239086496 -0.8669057842166383
vn -0.4814715964686732 0.12906859770093532 -0.8669062226569961
vn -0.4814713921354453 0.12906810711076963 -0.8669064091826747
vn -0.4888822038124976 0.09730271050611325 -0.8669062079161731
vn -0.4888816578410308 0.09730194713118541 -0.8669066014923897
vn -0.481471562833491 0.12906756849334586 -0.8669063945697315
vn -0.4941984778817497 0.065119200321022 -0.8669067736549948
vn -0.4984710282696227 0.00005666237923566751 -0.866906356399121
vn -0.4974004078455473 0.03265760125592107 -0.8669061744821595
vn -0.4984710058884453 0.00005609080993680964 -0.8669063693054647
vn -0.4942012724659804 0.06511878218800153 -0.8669052119461259
vn -0.4974011553191327 0.032657180456705626 -0.8669057614595778
vn -0.4984716755780702 0.00005564704750962489 -0.8669059842623059
vn -0.49419976230156154 0.06511969989468216 -0.8669060039166337
vn -0.4973989607808844 0.03265825582017047 -0.8669069800969885
vn -0.44704155238269727 0.22051670202044948 -0.8669061278900343
vn -0.4470424342821687 0.22051641289507104 -0.866905746661633
vn -0.4720007222890019 0.16027918599663415 -0.8669059353210801
vn -0.46050604680047286 0.19080690833289593 -0.8669065143327985
vn -0.44703998963686087 0.2205171575314321 -0.8669068178874433
vn -0.46050514935265957 0.19080693673550575 -0.8669069848105374
vn -0.4470410633485014 0.22051708343408294 -0.8669062830513844
vn -0.4719985977300461 0.16028004734564685 -0.8669069328155977
vn -0.4719998647770999 0.1602797098312692 -0.8669063053564691
vn -0.46050781559382736 0.19080688286306072 -0.8669055803425676
vn -0.4605075637521902 0.19080625145258762 -0.866905853096883
vn -0.4720005284858613 0.16027958323803063 -0.8669059673956058
vn -0.4316618142252172 0.24928066121401507 -0.8669067020645863
vn -0.44704109189507013 0.22051516056485934 -0.8669067574533709
vn -0.44704132379716127 0.22051474011792188 -0.8669067448165386
vn -0.4316621943448921 0.2492812977421844 -0.8669063297550231
vn -0.4316626398581931 0.24928053690431126 -0.8669063266993465
vn -0.4316634298200029 0.24928030720663485 -0.8669059993995871
vn -0.44704255265633225 0.2205147733553975 -0.8669061026700228
vn -0.4470424081944052 0.22051432856480388 -0.8669062903067207
vn -0.4605064386581114 0.19080457068506812 -0.8669068206907302
vn -0.4720003102946811 0.1602784129149936 -0.866906302569762
vn -0.47199943567581454 0.16027754513255296 -0.8669069392085837
vn -0.46050654960824094 0.19080437354790677 -0.8669068051428039
vn -0.46050753321390386 0.190804164985121 -0.8669063285485784
vn -0.4720011622762596 0.16027699313277843 -0.8669061011909972
vn -0.4720002643881917 0.16027709614429175 -0.8669065710150261
vn -0.46050672437174195 0.19080534044511965 -0.8669064994946286
vn -0.48888373910852934 0.09729740875328378 -0.8669059371610971
vn -0.4973995133127565 0.03265384240757068 -0.8669068293261131
vn -0.4984706117992766 0.00005230512110884185 -0.8669065961432231
vn -0.49419922727238863 0.06511499876436272 -0.8669066620457423
vn -0.4942009313077383 0.06511454105096515 -0.8669057250002945
vn -0.49740091079294907 0.032653275951465444 -0.86690604883804
vn -0.4984712142945368 0.00005193898103630349 -0.8669062497306569
vn -0.49740050051536916 0.03265287407668321 -0.8669062993781926
vn -0.49847146739893666 0.000051330127329634736 -0.8669061042318073
vn -0.48147117347929047 0.12906624177425133 -0.8669068083379813
vn -0.48888215132889734 0.09730073751957527 -0.8669064589620818
vn -0.488882063956304 0.09730008227337913 -0.8669065817788084
vn -0.48147265825133 0.12906597212079934 -0.8669060238554759
vn -0.4814727794574367 0.12906549581892934 -0.8669060274508101
vn -0.48888226595004186 0.09729917198450959 -0.8669065700354804
vn -0.48888347458782344 0.09729974152146599 -0.8669058245131318
vn -0.4814719775496703 0.12906685256307135 -0.8669062708297088
vn -0.49419883832015543 0.06511798624669764 -0.8669066593758431
vn -0.49419935835759626 0.06511759665499643 -0.8669063921813112
vn -0.49739982653306597 0.032656076622883154 -0.8669065654524001
vn -0.4984710059348394 0.00005440618560014421 -0.8669063693861502
vn -0.49739933365947914 0.032656617693760624 -0.8669068278632426
vn -0.49847054117726963 0.00005494988687048544 -0.8669066365872105
vn -0.49419939574675187 0.06511713571866903 -0.8669064054898556
vn -0.4942001797738516 0.06511652597887917 -0.8669060043372262
vn -0.4974012026737044 0.032655443667157946 -0.866905799713933
vn -0.4984716756232952 0.00005399202909749895 -0.8669059843409579
vn -0.4974012114474888 0.032654904076078135 -0.8669058150055013
vn -0.4984716308426917 0.0000534753940431915 -0.866906010121864
vn -0.48147199680719427 0.12906414571398167 -0.8669066631313967
vn -0.4814729484355784 0.12906502433406813 -0.8669060037964884
vn -0.48888367587243536 0.09729884599261482 -0.8669058115123933
vn -0.48888198418346185 0.09729820664447357 -0.8669068372810371
vn -0.4814720922084914 0.12906367739598942 -0.8669066798689475
vn -0.48147308456951515 0.1290634711612895 -0.8669061594237959
vn -0.48888277502983274 0.09729763765060316 -0.8669064551534622
vn -0.49419954912462566 0.06511586969526595 -0.866906413148989
vn -0.49419919180179744 0.06511540034887608 -0.8669066521026678
vn -0.49739994353865713 0.03265439637232012 -0.8669065616116307
vn -0.4984709578235129 0.00005280705182302011 -0.8669063971490377
vn -0.8698004966843529 0.4903900559398592 -0.054448957776569794
vn -0.835865034820613 0.5462279411700217 -0.054448873721084756
vn -0.7983500860178573 0.5997269676541037 -0.054449099383672935
vn -0.9000111819197228 0.43245249990894374 -0.054449129855018125
vn -0.9263679017133243 0.37266311966646887 -0.05444914981620737
vn -0.4316598204470726 0.24928450743308753 -0.866906588834947
vn -0.43166034483592397 0.24928409814114427 -0.8669064454196241
vn -0.4144329968644935 0.27698215467480003 -0.8669060947424582
vn -0.43166163450671297 0.24928408795869972 -0.8669058061782677
vn -0.41443208532368003 0.27698287817198036 -0.8669062993506461
vn -0.414432202807938 0.2769823405772568 -0.8669064149515244
vn -0.3954292191214473 0.30349504590432225 -0.8669062750819927
vn -0.44703952021206417 0.22051875561209283 -0.8669066534476834
vn -0.4470404908755976 0.22051852577414915 -0.8669062113678161
vn -0.44704109545736914 0.220518172356629 -0.8669059895010343
vn -0.4144329542070359 0.27698136133855794 -0.8669063686109753
vn -0.41443303243485125 0.2769807578206561 -0.8669065240404807
vn -0.43166091460606953 0.24928308689847975 -0.8669064525009701
vn -0.43166110980832734 0.2492826344266842 -0.866906485413701
vn -0.41443406425620055 0.2769807800975703 -0.8669060236499853
vn -0.41443408300547485 0.2769802561865532 -0.8669061820786854
vn -0.43166201299959495 0.24928245857088718 -0.8669060862527103
vn -0.4316620535704908 0.24928189854555335 -0.8669062270885077
vn -0.41443405134704947 0.27697956949263286 -0.866906416614704
vn -0.4144341935140646 0.2769790284763679 -0.8669065215065775
vn -0.41443493136049236 0.2769789044473368 -0.8669062083982195
vn -0.4144349185838046 0.2769784389888952 -0.8669063632213747
vn -0.4144357799997965 0.27697828807163105 -0.8669059996290651
vn -0.41443568098012956 0.2769775663914805 -0.866906277544689
vn -0.4144354763839733 0.27697691342711966 -0.8669065839770598
vn -0.41443681497386214 0.27697679253725715 -0.8669059826706088
vn -0.4144350954296 0.27697632170860675 -0.866906955150914
vn -0.39543440880271646 0.3034889395575105 -0.8669060456018887
vn -0.41443777616386607 0.27697679756014015 -0.8669055215544992
vn -0.41443747330207487 0.2769748571754746 -0.8669062862937478
vn -0.39543477131061416 0.30348843666335773 -0.8669060563003084
vn -0.3954343140035762 0.3034875645123025 -0.866906570222485
vn -0.41443700146075324 0.2769759035955697 -0.8669061775345919
vn -0.4144365419939897 0.27697518003135235 -0.866906628367014
vn -0.3954342909145753 0.30348721203676704 -0.8669067041493205
vn -0.39543550358529306 0.30348756258504506 -0.8669060282755184
vn -0.41443665947627734 0.27697464243537673 -0.8669067439638126
vn -0.5676647986523786 0.49787506161009465 -0.6556501349025247
vn -0.751839760658698 0.6593458684883615 0
vn -0.7284484428706407 0.6249033742698819 0.28081780375441795
vn -0.41443856906114607 0.27697494195312805 -0.8669057353626236
vn -0.6277960611474804 0.41952157505786003 -0.6556475834384516
vn -0.8314697669859799 0.5555700015194128 0
vn -0.8037837562876171 0.5244760991324345 0.280813985704048
vn -0.3954353425324739 0.3034869801698298 -0.8669063056314806
vn -0.5990117219519717 0.4596820792606888 -0.6556503206517201
vn -0.7933535135015166 0.6087612032766206 0
vn -0.00036539353275828117 0.00027409368020672004 0.9999998956801048
vn -0.2768937898319004 0.4144924212601424 -0.8669059129285209
vn -0.27689349129728996 0.4144913774133569 -0.8669065073738781
vn -0.27689369851732604 0.4144907494745585 -0.8669067414211374
vn -0.3034123173317859 0.39549425127292576 -0.866905567464775
vn -0.27689436517607857 0.4144908553592186 -0.8669064778609743
vn -0.2768946574517891 0.41449069774399744 -0.8669064598665478
vn -0.27689620844796087 0.414491772536794 -0.8669054505806559
vn -0.3524371348406535 0.35250901804149454 -0.8669056800971673
vn -0.3524368355215624 0.35250815247802186 -0.8669061537468048
vn -0.3524362430807023 0.352506963991446 -0.8669068778713741
vn -0.3954328925498915 0.3034905516962374 -0.8669061728472922
vn -0.3747369933734388 0.32870271702699266 -0.8669064018776814
vn -0.37473693342554526 0.3287020014701753 -0.8669066991068411
vn -0.39543283921948663 0.30348990086054306 -0.8669064250208747
vn -0.39543295257157735 0.3034894493303735 -0.8669065313894406
vn -0.37473767442405903 0.3287036966416891 -0.8669057360413162
vn -0.3747384791634404 0.3287015211394544 -0.8669062130558763
vn -0.35243657091438035 0.3525066361740357 -0.8669068778913793
vn -0.35243842717832946 0.35250780698624984 -0.8669056471507209
vn -0.3286287524376078 0.37480307056738504 -0.8669058780309206
vn -0.3524385696936292 0.3525072640468546 -0.866905809985439
vn -0.3954334530436483 0.30348917637607287 -0.8669063986593648
vn -0.3954341144619441 0.3034893000116004 -0.8669060536748874
vn -0.37473731784307096 0.32870158159509955 -0.8669066921374302
vn -0.37473904572384176 0.3287024452888637 -0.866905617741116
vn -0.32862701372923053 0.37480451927797337 -0.8669059107978301
vn -0.3286272296308024 0.37480387193590026 -0.8669061088301553
vn -0.3286268656243091 0.3748028513820401 -0.8669066880500086
vn -0.30340979040762095 0.3954949747058234 -0.8669061218305265
vn -0.3034098704987783 0.3954941877022852 -0.8669064528411494
vn -0.30341034772659214 0.395493949792935 -0.8669063943527073
vn -0.32862711500231284 0.37480256585816096 -0.8669067169605941
vn -0.3286283398862157 0.37480340373179905 -0.866905890379508
vn -0.3034104106570085 0.3954933580816153 -0.8669066422737068
vn -0.30341155192328845 0.3954939953724614 -0.8669059520985131
vn -0.49782297021376654 0.5677112341632629 -0.6556494832853667
vn -0.6593458684883615 0.751839760658698 0
vn -0.6406503348474125 0.7146387132272012 0.28081783778255304
vn -0.30341131182492365 0.3954926222760233 -0.8669066625548068
vn -0.3034119036097101 0.3954925869186749 -0.8669064715644393
vn -0.3034131818297401 0.39549267205043587 -0.8669059853561742
vn -0.3034119935986204 0.39549199163077337 -0.8669067116457426
vn -0.2768960899510313 0.414490849731145 -0.8669059296480696
vn -0.2768954300888467 0.414489323509049 -0.8669068701382655
vn -0.2768967469296455 0.41448977883471605 -0.8669062318274843
vn -0.276895964277581 0.414489230729445 -0.8669067438750846
vn -0.30341338417268304 0.39549242545473645 -0.8669060270368465
vn -0.45962565801477234 0.5990539149382058 -0.6556513261572009
vn -0.6087612032766206 0.7933535135015166 0
vn -0.02604980369188501 0.03319246662519832 0.999109437392596
vn -0.2768978546723451 0.41449050165996604 -0.8669055324033423
vn -0.4194633948035755 0.627834198959968 -0.6556482891277572
vn -0.5555700015194128 0.8314697669859799 0
vn -0.5418906258718412 0.7921477028691046 0.2808141136613771
vn -0.3747382231937745 0.3287006378159311 -0.8669066586299663
vn -0.37473923541057025 0.32870090510514755 -0.8669061197309419
vn -0.3524389924486943 0.3525059284659446 -0.8669061811973148
vn -0.3524390455545073 0.3525054749310432 -0.8669063440258513
vn -0.37473905463868756 0.3287003371436121 -0.8669064132247368
vn -0.374739429051384 0.3287001469114655 -0.8669063235059619
vn -0.3286281216324308 0.37480172381006793 -0.8669066994211901
vn -0.3286287537832118 0.37480182040449467 -0.8669064180223666
vn -0.35243752090939384 0.35250570862203434 -0.8669068688412371
vn -0.35243869071585693 0.3525062525811772 -0.8669061720726573
vn -0.3286293414446531 0.3748016320274505 -0.866906276693861
vn -0.328629880533878 0.3748016946514799 -0.8669060452590396
vn -0.352439343584677 0.352505176914767 -0.8669063440429369
vn -0.5338868019966582 0.5339363930622 -0.6556499148307036
vn -0.3747401773109591 0.32870006031269783 -0.8669060328890207
vn -0.7071067811865476 0.7071067811865476 0
vn -0.23169452570056157 0.22669242927176733 0.946006442510439
vn -0.32862966735124166 0.37480094438548167 -0.8669064504457004
vn -0.47200106010240994 0.1602748680513734 -0.8669065497118568
vn -0.47200061992481 0.16027445792868608 -0.8669068651973294
vn -0.46050978702042983 0.19080208654251318 -0.866905588763518
vn -0.4720032742315046 0.1602746820912863 -0.8669053785709695
vn -0.4470426059671647 0.22051401029161288 -0.8669062692789784
vn -0.4470434416419924 0.22051371286516216 -0.86690591399719
vn -0.44704209925392596 0.22051246053449006 -0.8669069247870084
vn -0.43166375895148795 0.24927993543175897 -0.866905942417636
vn -0.4316634483723719 0.2492793172332988 -0.8669062748296223
vn -0.43166279125603674 0.24927839251515702 -0.8669068679334053
vn -0.4605088256452706 0.19080393109583757 -0.8669056934760486
vn -0.4720026453649255 0.16027688643835705 -0.8669053134236394
vn -0.46050900581793447 0.19080348462396396 -0.8669056960338479
vn -0.4605068057215781 0.1908022500133857 -0.8669071364765308
vn -0.47200065456020657 0.1602759198836093 -0.8669065760508451
vn -0.47200145559977175 0.1602755312231298 -0.8669062117685166
vn -0.43166509170830086 0.24927851500077083 -0.8669056872344735
vn -0.44704300091080806 0.22051244937587297 -0.8669064626630213
vn -0.447044078624061 0.22051257096747384 -0.8669058759822077
vn -0.431664618139722 0.24927786123721973 -0.8669061110312266
vn -0.44704442460347293 0.2205121926926415 -0.8669057937889406
vn -0.43166341536235503 0.24927815309035142 -0.8669066260154955
vn -0.4605082536767919 0.19080211078239626 -0.8669063979557042
vn -0.4605084145226069 0.19080189216823149 -0.8669063606289306
vn -0.4814745217004076 0.12906323451710497 -0.866905396481846
vn -0.48888382805628683 0.0972969690776323 -0.8669059363468087
vn -0.4814724961894749 0.12906237053040734 -0.8669066500645545
vn -0.4814738827707974 0.12906217302825143 -0.8669059093712755
vn -0.48888301529532935 0.0972964012218067 -0.8669064584284928
vn -0.48888310176212196 0.0972960132064738 -0.8669064532148624
vn -0.4941995783577233 0.065114074030325 -0.8669065313597664
vn -0.4984714450146083 0.00005082352862444936 -0.8669061171326553
vn -0.4974004834054392 0.03265234396225404 -0.8669063291623876
vn -0.49420007754885914 0.06511363346470408 -0.8669062798755848
vn -0.4941994928005847 0.0651130463574262 -0.8669066573222867
vn -0.4974010026445309 0.03265176364407693 -0.866906053098689
vn -0.49847125912587414 0.00005049476012095907 -0.8669062240379548
vn -0.49739966647956435 0.03265131693348989 -0.8669068365681096
vn -0.4984704965146553 0.00004990284400656052 -0.8669066625733932
vn -0.4814743296377727 0.1290613087159272 -0.8669057898597687
vn -0.48147136855182143 0.12906131384818828 -0.8669074336586438
vn -0.48888250182291654 0.0972953716818285 -0.8669068635445568
vn -0.48888480636497056 0.09729532147080226 -0.8669055695549421
vn -0.48147442609720065 0.12906086357153768 -0.8669058025578904
vn -0.4888843004344359 0.09729466596079998 -0.8669059284399366
vn -0.4974026858586219 0.03265057798309922 -0.8669051319827323
vn -0.4984721628876275 0.00004914142204883517 -0.8669057044519034
vn -0.49420126369950657 0.06511191159769598 -0.8669057330101726
vn -0.49740132738694054 0.032650124313952235 -0.8669059285158875
vn -0.4984721147449076 0.00004867617005401514 -0.866905732160291
vn -0.4941995723589212 0.06511267253079543 -0.8669066400461798
vn -0.49420185146002016 0.06511250302839924 -0.8669053535207085
vn -0.49739971902127406 0.032650843357981095 -0.8669068242582766
vn -0.4984705413204098 0.00004944868816785813 -0.8669066368361503
vn -0.46050847822188246 0.19079980770213067 -0.8669067855695882
vn -0.44704451953136265 0.2205103178696279 -0.866906221727592
vn -0.48147392213816353 0.12905950828437257 -0.8669062842212472
vn -0.4814729805714185 0.12905887077987718 -0.8669069020677466
vn -0.46050923944442296 0.19080133687124268 -0.8669060446406323
vn -0.4605082053453275 0.1908005061277706 -0.8669067768053333
vn -0.47200136941298204 0.16027381868307 -0.8669065753107517
vn -0.4720014648284537 0.16027347799662217 -0.8669065863463378
vn -0.48147382845684117 0.1290599094699758 -0.8669062765251581
vn -0.47200228452099885 0.16027314515492835 -0.8669062015864838
vn -0.4720013733100043 0.16027247890184526 -0.8669068208868399
vn -0.4605089665097188 0.19080041104620413 -0.8669063933947829
vn -0.4470441619450606 0.22050987085529652 -0.8669065198314171
vn -0.6771836420713065 0.3339888522477871 -0.6556475893994017
vn -0.4605106186580953 0.19080010351658347 -0.8669055834410109
vn -0.6975783030661707 0.2889842060262392 -0.6556467339647972
vn -0.8968728838647412 0.4422884015980324 0
vn -0.8653628451522347 0.4150726901404562 0.28082344654532315
vn -0.9238795305660377 0.3826834370613369 0
vn -0.03915606765870423 0.01572064291935329 0.9991094353231328
vn -0.472003345156114 0.1602727487841499 -0.8669056973850217
vn -0.7149847216975346 0.24274176587074972 -0.6556472243829367
vn -0.4814750026233994 0.12905898878134256 -0.8669057614663399
vn -0.7293300586416664 0.195459647834616 -0.6556471548249954
vn -0.9469300549733575 0.32143968483706875 0
vn -0.9121370227564833 0.2985695571708908 0.2808242711157935
vn -0.9659258182961655 0.25881907493243805 0
vn -0.31399739125334464 0.08047366973630697 0.9460072022798061
vn -0.4316646105521523 0.24927730551258945 -0.8669062746071469
vn -0.4316644642242487 0.2492767110159304 -0.8669065184153784
vn -0.4470440523882352 0.22051142533728144 -0.8669061809215719
vn -0.44704325907884995 0.22051059667316886 -0.8669068007963734
vn -0.4316641468896877 0.24927615083011087 -0.8669068375075384
vn -0.4316658153615434 0.24927637408291722 -0.8669059425175994
vn -0.44704442595837496 0.22051053933210019 -0.8669062136488659
vn -0.43166616058095225 0.24927627751037365 -0.8669057983886546
vn -0.6538880916606981 0.3775633190713322 -0.6556495280835409
vn -0.8660252003375697 0.5000003523801481 0
vn -0.28247157061355693 0.15900097968699414 0.9460066068763403
vn -0.4888842740118622 0.09729368315676978 -0.8669060536423104
vn -0.48888284672706317 0.09729389986576047 -0.8669068342243902
vn -0.49419983213098856 0.06511089817948425 -0.8669066252255566
vn -0.4888829465587922 0.09729317330308057 -0.8669068594679649
vn -0.4888832905985174 0.09729278164910819 -0.8669067094056571
vn -0.49420081147997996 0.06511000749242252 -0.8669061338212262
vn -0.4941998429194074 0.06511056432473261 -0.8669066441501921
vn -0.48147242070082313 0.12906004169148913 -0.8669070386973916
vn -0.4941997312481188 0.06511123587012536 -0.8669066573730715
vn -0.4974005017486764 0.0326496331550258 -0.8669064207369833
vn -0.4973990945391968 0.032649215495825584 -0.8669072438727768
vn -0.4984705413523909 0.00004813372618842667 -0.8669066368917697
vn -0.4984705413624733 0.00004771165880506129 -0.8669066369093044
vn -0.4974019049135914 0.03264871689478608 -0.8669056501566103
vn -0.4974000565280469 0.03264841882944744 -0.8669067219221643
vn -0.4984711886496716 0.00004741780027332659 -0.8669062647355456
vn -0.49847003184137434 0.00004702141754298736 -0.8669069299209953
vn -0.4888846955578926 0.09729255897751983 -0.8669059420818802
vn -0.7405518316947547 0.14734055148760128 -0.6556475779417427
vn -0.4942008675551498 0.06510966430070497 -0.8669061276299682
vn -0.7486024861909297 0.0985907285511757 -0.655647913069589
vn -0.9807852926251279 0.19509026057249068 0
vn -0.9433048856698627 0.17695726253818508 0.2808238236089651
vn -0.9914448482045445 0.13052629225051873 0
vn -0.0017107938276444414 0.00020626574517563834 0.9999985153183587
vn -0.4974008017616224 0.03264813571889774 -0.8669063049955142
vn -0.7534476965635756 0.04941878742570527 -0.6556480397228494
vn -0.49847144512008756 0.00004647387016956522 -0.8669061173160973
vn -0.7550669418452929 0.000034959103267726776 -0.6556477042667488
vn -0.9978589147635325 0.06540325853461215 8.097995874364377e-20
vn -0.9583321208757561 0.05231751871378917 0.2808245419001113
vn -1 -1.221014123142794e-10 1.6197147651492718e-19
vn -0.0018860130981006966 -0.000020580479224720216 0.9999982212639368
vn -0.3306139395703231 0.942194100250801 -0.05444906256653382
vn -0.19070484007384655 0.46054918209649803 -0.8669060588337443
vn -0.19070522834934067 0.46054867749838474 -0.8669062414902284
vn -0.19070407403435205 0.4605485415639411 -0.8669065676357673
vn -0.16017421949716354 0.47203495714453403 -0.866906695464992
vn -0.1601753546493022 0.4720358590646881 -0.8669059946268869
vn -0.16017596647537008 0.4720358616534764 -0.8669058801719719
vn -0.6159268534824279 0.7859194769103812 -0.05444893912785097
vn -0.5632063724884074 0.8245204059496679 -0.05444889494786887
vn -0.5080738545827939 0.8595907488762632 -0.05444908388326654
vn -0.3034045116329025 0.39549774141592736 -0.8669067071234944
vn -0.27688867404261674 0.41449514855565794 -0.8669062429183128
vn -0.2768886662418062 0.4144943322153495 -0.866906635727392
vn -0.27689019593711256 0.4144952409206676 -0.8669057126631622
vn -0.24918652627521837 0.4317170304725889 -0.8669062698601386
vn -0.2491868732661012 0.4317165610231388 -0.8669064039042614
vn -0.24918760002141435 0.4317167637461599 -0.8669060940471638
vn -0.4507662442262251 0.8909798435206574 -0.05444916442047818
vn -0.3915283707754935 0.9185536568995658 -0.05444918984082655
vn -0.22041703436258597 0.44708984432319077 -0.8669065705517911
vn -0.2204178698315349 0.4470902337897321 -0.8669061572677699
vn -0.2204183302415394 0.4470899028689214 -0.8669062108706975
vn -0.22042024520679435 0.44708970970192047 -0.8669058235942524
vn -0.22042019637256566 0.447088956265259 -0.8669062245806758
vn -0.24919002836214935 0.43171440841245656 -0.8669065689761233
vn -0.24919098745580603 0.4317150138477468 -0.8669059917829846
vn -0.24919092152087743 0.43171413861340885 -0.8669064465978197
vn -0.24918938556568745 0.4317144346691967 -0.8669067406703279
vn -0.2204205669200819 0.4470883263973031 -0.8669064552060322
vn -0.22042059556186103 0.44708728096205785 -0.8669069870834522
vn -0.22042193919954953 0.44708844839078243 -0.8669060433720789
vn -0.22042219045553121 0.4470878779606879 -0.8669062736740315
vn -0.22041848662763322 0.44708884494346995 -0.866906716711722
vn -0.2204195373329629 0.4470893070200202 -0.8669062112537206
vn -0.19070538845743612 0.4605472974033501 -0.8669069394506936
vn -0.19070625701309207 0.46054802301517983 -0.8669063628979002
vn -0.19070721884639263 0.46054869218652955 -0.8669057958077979
vn -0.1907078795983619 0.4605488237141715 -0.8669055805764488
vn -0.16017545896857166 0.47203341530706155 -0.8669073059893766
vn -0.1601767218436837 0.4720347752405931 -0.8669063321622318
vn -0.1601779645642327 0.4720350609197252 -0.8669059469922736
vn -0.16017741384696998 0.47203524157761234 -0.8669059503787373
vn -0.19070768538580646 0.46054599129218426 -0.8669071280359202
vn -0.19070753363268372 0.46054708735754485 -0.8669065791319274
vn -0.19070861014628007 0.4605469471120998 -0.8669064168189082
vn -0.19070912780789717 0.46054687813991035 -0.8669063395813493
vn -0.16017797197675626 0.4720325056538097 -0.8669073369741425
vn -0.16017855883795692 0.47203487688165696 -0.8669059373980054
vn -0.16017906058213974 0.47203355115343 -0.8669065665551884
vn -0.16017996122218578 0.4720348222132536 -0.866905708044976
vn -0.2768900455427406 0.414493480513668 -0.8669066024036294
vn -0.2768897161136499 0.41449383574110754 -0.8669065377785118
vn -0.2768912311669755 0.4144939774698204 -0.8669059861046552
vn -0.2768915605959549 0.41449362224221675 -0.8669060507294104
vn -0.2491881071590406 0.43171622816741023 -0.8669062149894873
vn -0.24918839504012993 0.4317157893775403 -0.8669063507550577
vn -0.2491886700967899 0.4317154475788053 -0.8669064419054833
vn -0.24918981298309498 0.4317160318373736 -0.8669058224282739
vn -0.2768913233112386 0.41449240204433074 -0.8669067099304698
vn -0.2768924539003857 0.4144929058409465 -0.866906107938196
vn -0.2768922735279258 0.41449203924057176 -0.8669065798958551
vn -0.2768930824459246 0.41449234363371973 -0.8669061759859719
vn -0.26828369192681534 0.9617999682551343 -0.05444889081092805
vn -0.2048041788472685 0.977287336789811 -0.05444914762395254
vn -0.12895921181391906 0.48150129278766135 -0.8669060080147926
vn -0.12895907213462918 0.48149957326266224 -0.8669069838581585
vn -0.12896059308840194 0.4815015142793155 -0.8669056795159517
vn -0.09719142230424146 0.4889043227602841 -0.8669062178902551
vn -0.09719205747561602 0.48890427257249197 -0.8669061749832093
vn -0.09719226334754862 0.488904169360798 -0.8669062101098417
vn -0.1404486171076098 0.9885896595842198 -0.054448791682793894
vn -0.07549012266389206 0.995658849983024 -0.0544490204748671
vn -0.06500805122385292 0.49421450138723383 -0.8669059810006184
vn -0.06500707682640265 0.4942132322687416 -0.8669067775793247
vn -0.06500866897080741 0.4942150626805082 -0.8669056146884421
vn -0.03254533126912291 0.49740635437176817 -0.866906984654738
vn -0.03254501906206411 0.4974077958465171 -0.8669061692970926
vn -0.03254635241974015 0.49740907281867885 -0.8669053865456324
vn -0.12896080597915155 0.4814994738787274 -0.8669067811337713
vn -0.12896056634729178 0.48149976737195405 -0.8669066537685243
vn -0.12896183040274922 0.4815005327366602 -0.8669060406257906
vn -0.1289623866422313 0.48150043180927116 -0.8669060139363581
vn -0.09719281033653986 0.48890358889110347 -0.866906476148543
vn -0.09719348502933689 0.48890392986873715 -0.8669062082063764
vn -0.09719371170624477 0.48890320070356186 -0.8669065940149354
vn -0.0971946797736605 0.48890439024078153 -0.866905814622895
vn -0.09719659476302203 0.4889037951507156 -0.8669059355280133
vn -0.12896289114605092 0.48150021521917374 -0.866906059184697
vn -0.1289633062445826 0.4814997006121915 -0.866906283258367
vn -0.12896292263654555 0.48149771812703873 -0.8669074414396816
vn -0.1289645868112951 0.48150097862806157 -0.8669053829160429
vn -0.09719485958591048 0.48890296475094974 -0.8669065983875118
vn -0.09719572046202629 0.4889036927507209 -0.8669060913031911
vn -0.09719588770366112 0.4889023385883444 -0.8669068362496314
vn -0.06500893831809788 0.4942132234996608 -0.8669066429880602
vn -0.0650096326418958 0.4942136217234164 -0.8669063638979643
vn -0.06501020587427764 0.4942141844528236 -0.8669060001048641
vn -0.06501045663200566 0.4942134795227955 -0.8669063831732174
vn -0.03254672196338259 0.49740652112681927 -0.8669068367650318
vn -0.032547264769558264 0.49740695156143366 -0.8669065694147103
vn -0.03254801387617497 0.4974082380017153 -0.8669058031647644
vn -0.03254849861585057 0.4974081853036424 -0.8669058152018542
vn -0.06501212714190444 0.49421343192823364 -0.8669062850309727
vn -0.06501249256089087 0.4942129576797771 -0.8669065279904328
vn -0.03254923207909015 0.4974063907619572 -0.866906817322499
vn -0.032549925365565634 0.4974076781066878 -0.8669060526488495
vn -0.03255021937929258 0.4974072565311158 -0.8669062834981349
vn -0.06501107528915712 0.4942133920845714 -0.8669063866266122
vn -0.06501159842412658 0.4942128677628102 -0.866906646305125
vn -0.0325487812864297 0.49740683729956964 -0.8669065780373382
vn 0.8660253998985324 -0.5000000067305869 -2.490143556933154e-17
vn 0.2773508726389174 -0.9607686992436999 0
vn 0.010757510683913746 -0.9999421363078393 0
vn 0.5218893934281894 -0.8530131657994177 -1.0721141408048932e-7
vn 0.500000192460167 -0.8660252926674809 -2.5470552276312675e-23
vn 0.4999997986492412 -0.8660255200343221 2.547055195127141e-23
vn 0.5000000067305869 -0.8660253998985324 -2.5470581900737097e-23
vn 0.500000192460167 -0.8660252926674809 0
vn 0.4999997986492412 -0.8660255200343221 2.547055195127141e-23
vn 0.500000192460167 -0.8660252926674809 0
vn 0.4999997986492412 -0.8660255200343221 -2.547055195127141e-23
vn 0.5000000067305869 -0.8660253998985324 2.5470581900737097e-23
vn 0.5000000067305869 -0.8660253998985324 -2.5470581900737097e-23
vn 0.5000004228931902 -0.8660251596268038 5.0941043785609835e-23
vn -0.24919208920403083 0.4317148632115919 -0.8669057501022397
vn -0.2491921340278458 0.43171411836199974 -0.8669061081487254
vn -0.24919145924680144 0.43171226329183326 -0.866907225925527
vn -0.22042266948291853 0.4470879718101549 -0.8669061034741342
vn -0.2204229661362478 0.44708644911314743 -0.8669068133421814
vn -0.22042321145115967 0.44708789361255397 -0.8669060059998702
vn -0.24919341310421175 0.43171387574484116 -0.8669058612991619
vn -0.24919291201820307 0.43171352773806454 -0.8669061786420971
vn -0.24919319664092812 0.43171299389605866 -0.8669063626766027
vn -0.22042324502977623 0.44708611271084236 -0.8669069159209951
vn -0.22042500296182654 0.44708813844740714 -0.866905424212417
vn -0.22042530742222138 0.4470878236783792 -0.8669055091336942
vn -0.1907101289829974 0.4605478981741099 -0.8669055774366076
vn -0.19071010057324989 0.4605468882580775 -0.8669061202086088
vn -0.19071033601779028 0.4605462552272843 -0.8669064047128194
vn -0.16018002995985992 0.4720340899594042 -0.8669060940599365
vn -0.1601807937771524 0.47203433974730435 -0.8669058169168365
vn -0.1601807607963064 0.4720329594737446 -0.8669065745748932
vn -0.1907125698087977 0.4605474737823112 -0.8669052659372047
vn -0.16018126795669596 0.47203278219487627 -0.8669065773940983
vn -0.16018157038013434 0.472032854766348 -0.8669064819988865
vn -0.16018215022123003 0.4720333277602213 -0.866906117312662
vn -0.19071010057390064 0.460544980910986 -0.8669071334905443
vn -0.19071122774856955 0.46054613036983266 -0.8669062748717453
vn -0.22042575974424047 0.4470854800188112 -0.8669066028111236
vn -0.19071338897446663 0.46054511843728574 -0.8669063370107871
vn -0.24919391682785008 0.43171288721670237 -0.8669062087832876
vn -0.24919433695474802 0.4317125048008604 -0.8669062784570492
vn -0.24919393023476843 0.43171157332586907 -0.8669068592361304
vn -0.24919484740055534 0.4317121835695114 -0.8669062916986233
vn -0.22042435216284892 0.4470857641031723 -0.8669068142020058
vn -0.22042507493007132 0.44708592835026406 -0.8669065457206185
vn -0.22042594411838776 0.4470863849447226 -0.8669060892372233
vn -0.22042674364508807 0.44708649415816326 -0.8669058296189877
vn -0.3339255707782892 0.6772136006204486 -0.6556488788330848
vn -0.4422884015980324 0.8968728838647412 0
vn -0.4338576775795514 0.8560991251959759 0.28082343820265915
vn -0.19071420860048077 0.46054601265704637 -0.8669056816422349
vn -0.2889195702571197 0.6976048403340119 -0.6556469847905951
vn -0.3826834370613369 0.9238795305660377 0
vn -0.002156998957734316 0.005050859869329893 0.9999849179713046
vn -0.2491957581020004 0.43171272300946095 -0.8669057612772715
vn -0.3775027295725326 0.6539237328491597 -0.655648870037849
vn -0.5000003523801481 0.8660252003375697 0
vn -0.1651272898755554 0.2789346237174881 0.9460065823396461
vn -0.19071243549576833 0.4605460725839651 -0.8669060398767319
vn -0.19071217133363566 0.46054480088550026 -0.8669067735821108
vn -0.19071250032370282 0.4605446546860349 -0.866906778875562
vn -0.16018330886323878 0.4720320951132665 -0.8669065744038421
vn -0.1601835173267489 0.4720315880236811 -0.866906811995772
vn -0.1601828163085389 0.47203292717252826 -0.8669062123577149
vn -0.16018326314009163 0.4720327775618983 -0.8669062112575913
vn -0.1289676571895629 0.4814985375970337 -0.8669062819537955
vn -0.12896807673566857 0.4814983972231547 -0.8669062975054662
vn -0.1289681957966596 0.4814972939835383 -0.8669068925550684
vn -0.16018456094477276 0.4720331989307772 -0.866905742017036
vn -0.24267549064847063 0.715007461922055 -0.6556469596012059
vn -0.32143965811402525 0.9469300640446149 0
vn -0.31840306785648625 0.9054044560500081 0.28082424636125464
vn -0.12896913453153014 0.48149908197992564 -0.8669057598093791
vn -0.19539205493127895 0.7293481738378386 -0.6556471506756832
vn -0.25881907493243805 0.9659258182961655 0
vn -0.087306513419099 0.31216659797527685 0.946007181697445
vn -0.1289646311208871 0.48149957644829916 -0.8669061551286631
vn -0.12896534448021496 0.48149983758887277 -0.8669059039624709
vn -0.12896534964280087 0.4814984859568493 -0.8669066539211543
vn -0.09719714656214289 0.48890367823587744 -0.8669059395964517
vn -0.0971974787883884 0.4889027092206406 -0.8669064488362621
vn -0.09719799368648123 0.48890259407577025 -0.8669064560431566
vn -0.1289658131489639 0.48149834280748294 -0.8669066644757522
vn -0.12896649609763391 0.48149904871165805 -0.8669061708017007
vn -0.12896700283300927 0.4814995557091551 -0.8669058138184084
vn -0.09719850120436468 0.4889024792848179 -0.8669064638776109
vn -0.09719878578273912 0.4889033508773173 -0.8669059404245029
vn -0.09719930806099147 0.4889032353780981 -0.8669059470030717
vn -0.06501338726301258 0.49421418438268183 -0.8669057615632451
vn -0.06501346277208939 0.49421258268380097 -0.8669066690107934
vn -0.06501401178465151 0.49421256496881694 -0.8669066379366397
vn -0.032550699198200715 0.4974071557621254 -0.8669063233004711
vn -0.03255129254610899 0.4974075886843582 -0.8669060526220761
vn -0.03255150919749626 0.49740619690744187 -0.8669068430500709
vn -0.06501453303596114 0.4942125031648168 -0.866906634078712
vn -0.06501543479630237 0.4942153064082008 -0.8669049683501046
vn -0.06501532239502592 0.4942132451634943 -0.8669061518750683
vn -0.0325526296524357 0.497408448781776 -0.8669055089127181
vn -0.03255194411208067 0.4974062122791042 -0.8669068178995241
vn -0.032553362715475785 0.49740906211413133 -0.8669051294707255
vn -0.09719970914745597 0.48890158998866556 -0.866906829969752
vn -0.12896674703050978 0.48149740067255337 -0.8669070488270026
vn -0.09720055175128325 0.4889027855431647 -0.8669060612473422
vn -0.09720042227421387 0.48890095343146495 -0.8669071090050645
vn -0.09719960338611412 0.48890226813260357 -0.8669064593809288
vn -0.06501620257216428 0.4942122693539361 -0.8669066421611544
vn -0.0650166626027919 0.49421288071937386 -0.8669062591278556
vn -0.06501694832695602 0.494212364056967 -0.866906532241783
vn -0.09720128222219775 0.48890284672718665 -0.866905944838547
vn -0.14727192864417296 0.7405657045119073 -0.6556473261855098
vn -0.19509026057249068 0.9807852926251279 0
vn -0.19749985489809804 0.9392186930141744 0.2808238843260599
vn -0.0650174241533294 0.49421295242016827 -0.8669061611366057
vn -0.09852138099720932 0.7486118627214615 -0.655647631337982
vn -0.13052629225051873 0.9914448482045445 0
vn -0.005963549899744305 0.04177039081960703 0.9991094387119815
vn -0.06501571003966627 0.49421235272400693 -0.866906631571728
vn -0.03255327064728753 0.49740538288491304 -0.8669072439697788
vn -0.032553884337863846 0.4974067387823034 -0.8669064429501435
vn -0.03255427604396007 0.4974066875908183 -0.8669064576130368
vn -0.03255478261528744 0.49740686536349127 -0.8669063365889864
vn -0.03255518452023159 0.49740685884851077 -0.8669063252343424
vn -0.049348863773940814 0.7534522272150628 -0.6556480999353863
vn -0.06540325853461215 0.9978589147635325 0
vn -0.07321776559763869 0.9569622422093598 0.2808245462678145
vn 0.4999996129196202 -0.8660256272652848 -2.547052162226414e-23
vn 0.5000000067305869 -0.8660253998985324 -2.5470581900737097e-23
vn 0.5000000067305869 -0.8660253998985324 2.5470581900737097e-23
vn 0.5000000067305869 -0.8660253998985324 -2.5470581900737097e-23
vn 0.5000004228931902 -0.8660251596268038 0
vn 0.4999996129196202 -0.8660256272652848 2.547052162226414e-23
vn 0.5000000067305869 -0.8660253998985324 -2.5470581900737097e-23
vn 0.5000000067305869 -0.8660253998985324 2.5470581900737097e-23
vn 0.5000000067305869 -0.8660253998985324 -2.5470581900737097e-23
vn 0.5000004228931902 -0.8660251596268038 0
vn 0.4999996129196202 -0.8660256272652848 2.547052162226414e-23
vn 0.5000000067305869 -0.8660253998985324 -2.5470581900737097e-23
vn 0.5000000067305869 -0.8660253998985324 2.5470581900737097e-23
vn 0.0010998941910395342 -0.00317512108704861 0.9999943544034892
vn -0.9956588494230205 -0.07549013007201341 -0.05444902044424251
vn -0.9885896616531872 -0.1404486025003859 -0.05444879179674691
vn -0.977287336789811 -0.2048041788472685 -0.05444914762395254
vn -0.9617999682551343 -0.26828369192681534 -0.05444889081092805
vn -0.4974063544320741 -0.0325453275477785 -0.8669069847598425
vn -0.49421447886406794 -0.06500805218133959 -0.866905993769051
vn -0.4974090279611624 -0.032546353384670844 -0.8669054122475484
vn -0.4942150626805082 -0.06500866897080741 -0.8669056146884421
vn -0.4974077734177213 -0.03254501954450846 -0.8669061821480294
vn -0.4942132325081092 -0.0650070694073075 -0.866906777999203
vn -0.48890416865272895 -0.09719227810794813 -0.8669062088543208
vn -0.48890437034748957 -0.09719143329035655 -0.8669061898210734
vn -0.48890427257249197 -0.09719205747561602 -0.8669061749832093
vn -0.48150129186238816 -0.12895922646726715 -0.8669060063489095
vn -0.48149957233739343 -0.12895908678797716 -0.8669069821922755
vn -0.4815015620521135 -0.1289605979014358 -0.8669056522657347
vn -0.942194100250801 -0.3306139395703231 -0.05444906256653382
vn -0.47203495714453403 -0.16017421949716354 -0.866906695464992
vn -0.4605485415639411 -0.19070407403435205 -0.8669065676357673
vn -0.4720358126386509 -0.16017533410723617 -0.8669060237016487
vn -0.46054918209649803 -0.19070484007384655 -0.8669060588337443
vn -0.4720358605268174 -0.16017598099422214 -0.8669058781028339
vn -0.46054867749838474 -0.19070522834934067 -0.8669062414902284
vn -0.4974063907619572 -0.03254923207909015 -0.866906817322499
vn -0.4974076781066878 -0.032549925365565634 -0.8669060526488495
vn -0.49740721173380653 -0.032550216622991006 -0.8669063093051039
vn -0.4942135247952555 -0.06501213504764365 -0.8669062314956539
vn -0.49421295744038984 -0.0650124999799807 -0.8669065275705199
vn -0.4889038181835303 -0.09719658596662847 -0.8669059235245756
vn -0.49740695156143366 -0.032547264769558264 -0.8669065694147103
vn -0.49740654355565217 -0.03254672148091422 -0.8669068239141177
vn -0.4942132234996608 -0.06500893831809788 -0.8669066429880602
vn -0.4942135739027706 -0.06500962282115683 -0.8669063918964385
vn -0.49740823806202644 -0.032548010154831164 -0.8669058032698774
vn -0.49740820767211374 -0.03254850185469793 -0.8669058022457977
vn -0.4942141842134441 -0.06501021329336974 -0.8669059996849661
vn -0.4942134795227955 -0.06501045663200566 -0.8669063831732174
vn -0.4889036122779464 -0.09719279415999738 -0.8669064647728426
vn -0.48890392986873715 -0.09719348502933689 -0.8669062082063764
vn -0.4814994738787274 -0.12896080597915155 -0.8669067811337713
vn -0.48890439024078153 -0.0971946797736605 -0.866905814622895
vn -0.48890324606112523 -0.09719370887393232 -0.866906568752495
vn -0.4815005795841557 -0.12896184986917392 -0.866906011709714
vn -0.48150043180927116 -0.1289623866422313 -0.8669060139363581
vn -0.48149976737195405 -0.12896056634729178 -0.8669066537685243
vn -0.49740681481043314 -0.032548785490272555 -0.8669065907831405
vn -0.49421336980075536 -0.06501106882759503 -0.8669063998149256
vn -0.4942128677628102 -0.06501159842412658 -0.866906646305125
vn -0.48890296510499276 -0.0971948522057142 -0.8669065990152892
vn -0.4889037630166594 -0.0971957300321084 -0.8669060506027604
vn -0.48149969968689194 -0.12896332089791454 -0.8669062815924304
vn -0.4815002371867548 -0.1289629039487896 -0.866906045078816
vn -0.48890233929643706 -0.09719587294327152 -0.8669068375051998
vn -0.48149771812703873 -0.12896292263654555 -0.8669074414396816
vn -0.48150095573520446 -0.1289645886619172 -0.8669053953560026
vn -0.4720350609197252 -0.1601779645642327 -0.8669059469922736
vn -0.47203341756036044 -0.1601754299308625 -0.8669073101276455
vn -0.4720348216666079 -0.16017674238580343 -0.8669063030875053
vn -0.46054802432393976 -0.19070624265386904 -0.8669063653614268
vn -0.4605472974033501 -0.19070538845743612 -0.8669069394506936
vn -0.44708884494346995 -0.22041848662763322 -0.866906716711722
vn -0.4470893569039637 -0.22041951743108096 -0.8669061905873378
vn -0.4720352647394627 -0.16017741159363466 -0.8669059381833237
vn -0.46054869218652955 -0.19070721884639263 -0.8669057958077979
vn -0.46054884719526556 -0.19070787698081523 -0.8669055686778014
vn -0.4470896656918616 -0.22042020839989865 -0.8669058556501302
vn -0.447088956265259 -0.22042019637256566 -0.8669062245806758
vn -0.47203487688165696 -0.16017855883795692 -0.8669059373980054
vn -0.4720325056538097 -0.16017797197675626 -0.8669073369741425
vn -0.46054599129218426 -0.19070768538580646 -0.8669071280359202
vn -0.47203484650180016 -0.16017994444998354 -0.8669056979187655
vn -0.4720335279915322 -0.16017906283549005 -0.8669065787505662
vn -0.46054689983373426 -0.19070860290959757 -0.8669064435276771
vn -0.46054687683113393 -0.1907091421671034 -0.8669063371177856
vn -0.46054708735754485 -0.19070753363268372 -0.8669065791319274
vn -0.4470883278657747 -0.2204205527428971 -0.8669064580534057
vn -0.4470872585853015 -0.220420584321613 -0.8669070014817037
vn -0.43171440881830553 -0.2491894027476492 -0.8669067486050221
vn -0.43171440841245656 -0.24919002836214935 -0.8669065689761233
vn -0.44708851771447505 -0.2204219588923605 -0.8669060026126983
vn -0.4470879018058956 -0.22042218751856926 -0.8669062621231493
vn -0.4317150138477468 -0.24919098745580603 -0.8669059917829846
vn -0.4317140917207593 -0.24919091395724266 -0.8669064721242274
vn -0.9185536568995658 -0.3915283707754935 -0.05444918984082655
vn -0.8909798675970378 -0.45076619644937577 -0.054449165974580965
vn -0.8595907488762632 -0.5080738545827939 -0.05444908388326654
vn -0.8245204059496679 -0.5632063724884074 -0.05444889494786887
vn -0.7859195059225509 -0.6159268166146842 -0.05444893741253986
vn -0.44708984432319077 -0.22041703436258597 -0.8669065705517911
vn -0.44709027633138043 -0.22041792081557465 -0.8669061223646245
vn -0.44708988049222853 -0.2204183190012635 -0.8669062252689747
vn -0.4317170304725889 -0.24918652627521837 -0.8669062698601386
vn -0.431716541584464 -0.24918683454451612 -0.8669064247149364
vn -0.4317167637461599 -0.24918760002141435 -0.8669060940471638
vn -0.4144952229234348 -0.27689015411231893 -0.8669057346270749
vn -0.41449510587629923 -0.27688863563825045 -0.8669062755909566
vn -0.4144943322153495 -0.2768886662418062 -0.866906635727392
vn -0.39549774141592736 -0.3034045116329025 -0.8669067071234944
vn -0.4317161844809476 -0.24918807164358683 -0.8669062469539385
vn -0.43171576673277556 -0.2491883842703449 -0.8669063651277839
vn -0.41449383574110754 -0.2768897161136499 -0.8669065377785118
vn -0.4144935017754205 -0.27689006963978924 -0.8669065845411615
vn -0.4317154475788053 -0.2491886700967899 -0.8669064419054833
vn -0.4317160318373736 -0.24918981298309498 -0.8669058224282739
vn -0.4144939774698204 -0.2768912311669755 -0.8669059861046552
vn -0.41449362224221675 -0.2768915605959549 -0.8669060507294104
vn -0.41449242330610264 -0.27689134740825894 -0.8669066920679949
vn -0.41449288115879274 -0.27689245732079687 -0.8669061186469579
vn -0.41449208191983594 -0.27689231193240565 -0.8669065472232214
vn -0.41449236147505697 -0.2768931340602786 -0.8669061509697041
vn -0.3954981295586387 -0.3034057042724115 -0.8669061126388371
vn -0.3954979444869498 -0.3034063253205494 -0.8669059797129551
vn -0.7439536548566832 -0.6660091963170455 -0.05444914918073849
vn -0.6988013847404984 -0.7132404308436975 -0.054449173498397375
vn -0.6506571353227509 -0.7574170440840917 -0.0544491835063518
vn -0.37480759071475217 -0.32862177009671084 -0.8669065706067218
vn -0.37480822826810933 -0.32862333007977607 -0.8669057036089908
vn -0.35251268911926775 -0.35243255067398654 -0.8669060509855323
vn -0.35251247250805595 -0.3524331089249605 -0.866905912114887
vn -0.37480673039600176 -0.3286227272330513 -0.8669065797395763
vn -0.35251122071709695 -0.3524326021920687 -0.866906627140818
vn -0.32870759965841134 -0.37473329224301455 -0.8669061504058655
vn -0.3287071293601798 -0.37473338910449117 -0.8669062868603803
vn -0.32870661872657203 -0.3747338613882452 -0.86690627632657
vn -0.30349465976966145 -0.3954296380419237 -0.8669062191779054
vn -0.30349415550132636 -0.39542987954991893 -0.8669062855555226
vn -0.39549637803412485 -0.30340556048703166 -0.8669069620365492
vn -0.3954969902933728 -0.30340689116631087 -0.8669062169933252
vn -0.37480620121372404 -0.32862297201664165 -0.8669067157397543
vn -0.3748068523570917 -0.3286244581804763 -0.8669058708485932
vn -0.3954969574920849 -0.3034076339236902 -0.8669059720011923
vn -0.39549628678326865 -0.3034077346420682 -0.8669062427390952
vn -0.37480616737481953 -0.32862460760518175 -0.8669061103569053
vn -0.3748055143365725 -0.3286245502914479 -0.8669064144235183
vn -0.3954958043217817 -0.30340805815287525 -0.86690634962017
vn -0.39549530131675914 -0.30340818015037846 -0.8669065364006672
vn -0.39549501783119445 -0.3034086452770811 -0.866906502941251
vn -0.39549537572172194 -0.3034095395482401 -0.866906026679858
vn -0.37480500849295145 -0.3286255940705508 -0.8669062374503809
vn -0.374805176489229 -0.3286248395276827 -0.8669064508482348
vn -0.3748042675948989 -0.3286256275203462 -0.8669065450955542
vn -0.37480435583540717 -0.32862616293941643 -0.8669063039789949
vn -0.35250830135935246 -0.35243492804270465 -0.8669068686821424
vn -0.352508563486988 -0.35243587562500156 -0.8669063768601419
vn -0.3525112841505844 -0.3524342749500993 -0.8669059213010969
vn -0.35251114803813616 -0.35243345338139814 -0.8669063106509822
vn -0.35251030338181877 -0.35243392002951246 -0.8669064644021807
vn -0.3525097153522183 -0.352434166463221 -0.8669066033268361
vn -0.32870557547837187 -0.3747350532908258 -0.8669061566770386
vn -0.3287048658940356 -0.3747350895587353 -0.8669064100530061
vn -0.3287059430666907 -0.3747338427508135 -0.8669065405739227
vn -0.32870604851714647 -0.3747346615303747 -0.8669061466594633
vn -0.3034933514969961 -0.3954299698147006 -0.8669065258547001
vn -0.30349316824408434 -0.3954305302751485 -0.8669063343611481
vn -0.30349304625882656 -0.3954310332977211 -0.8669061476178573
vn -0.30349257537521107 -0.395431488089621 -0.8669061050190786
vn -0.35250995108294964 -0.352435266461891 -0.8669060602749484
vn -0.35250949725070774 -0.35243546828217925 -0.8669061627677902
vn -0.32870474307147507 -0.3747357708928907 -0.8669061621050034
vn -0.32870412057571835 -0.3747357449131336 -0.8669064093666295
vn -0.3287033133287213 -0.37473550354835683 -0.8669068197834643
vn -0.3287037264041705 -0.3747369591229124 -0.8669060339594624
vn -0.3034919138101841 -0.3954315101864449 -0.8669063265448576
vn -0.3034912096855022 -0.3954311968639964 -0.8669067159679512
vn -0.3034910220302905 -0.3954320496116663 -0.8669063926900795
vn -0.30349105871644044 -0.39543289304594764 -0.8669059951208585
vn -0.4974071557621254 -0.032550699198200715 -0.8669063233004711
vn -0.4942142772496571 -0.06501339516875373 -0.8669057080278285
vn -0.49740756631587335 -0.03255128930730302 -0.8669060655781295
vn -0.49740619690744187 -0.03255150919749626 -0.8669068430500709
vn -0.4942126277302445 -0.06501346085696397 -0.8669066434740057
vn -0.49421256496881694 -0.06501401178465151 -0.8669066379366397
vn -0.4889037005605938 -0.09719715252612807 -0.8669059263374371
vn -0.4814995755229905 -0.12896464577421382 -0.8669061534627099
vn -0.4889026868958961 -0.09719747282440568 -0.866906462095261
vn -0.48890259336766173 -0.09719800844686426 -0.8669064547875612
vn -0.48149983758887277 -0.12896534448021496 -0.8669059039624709
vn -0.4814984381840937 -0.1289653448295702 -0.8669066811712021
vn -0.49740837822233636 -0.032552628935504924 -0.8669055494248565
vn -0.49740903968537364 -0.03255336319804503 -0.8669051423216789
vn -0.49421322240089377 -0.06501533077170427 -0.8669061642235397
vn -0.4974062122791042 -0.03255194411208067 -0.8669068178995241
vn -0.4942124804021975 -0.06501454141262723 -0.8669066464271763
vn -0.49421528412445787 -0.06501542833481233 -0.8669049815384741
vn -0.4889025495507672 -0.09719851077451477 -0.8669064231772516
vn -0.48890335016920206 -0.09719880054312025 -0.8669059391688982
vn -0.48149909449748074 -0.12896649239634958 -0.8669061459218573
vn -0.4814983647751005 -0.12896582595165673 -0.8669066503698717
vn -0.4889032353780981 -0.09719930806099147 -0.8669059470030717
vn -0.4814996024202744 -0.12896698447838895 -0.866905790604532
vn -0.472032783321565 -0.16018125343786938 -0.8669065794633061
vn -0.472032854766348 -0.16018157038013434 -0.8669064819988865
vn -0.4720332802075856 -0.16018214419774968 -0.8669061443182176
vn -0.4605474737823112 -0.1907125698087977 -0.8669052659372047
vn -0.4720340899594042 -0.16018002995985992 -0.8669060940599365
vn -0.4605478274146239 -0.19071012436384402 -0.866905616044098
vn -0.47203431771211724 -0.16018078151170165 -0.8669058311814246
vn -0.4720329594737446 -0.1601807607963064 -0.8669065745748932
vn -0.46054691173922474 -0.1907100979556837 -0.8669061083100039
vn -0.46054625391850146 -0.19071035037698975 -0.86690640224924
vn -0.4470879718101549 -0.22042266948291853 -0.8669061034741342
vn -0.4470878510710505 -0.220423160467007 -0.8669060409031686
vn -0.4470864476446659 -0.2204229803134167 -0.8669068104947755
vn -0.4317148632115919 -0.24919208920403083 -0.8669057501022397
vn -0.43171411836199974 -0.2491921340278458 -0.8669061081487254
vn -0.43171226329183326 -0.24919145924680144 -0.866907225925527
vn -0.460544980910986 -0.19071010057390064 -0.8669071334905443
vn -0.46054610819745284 -0.19071121600695226 -0.8669062892339228
vn -0.4470861156478064 -0.22042321667544212 -0.8669069216158141
vn -0.4470881146022058 -0.22042500589882758 -0.8669054357632942
vn -0.4317138531000526 -0.24919340233451442 -0.8669058756718948
vn -0.4470878236783792 -0.22042530742222138 -0.8669055091336942
vn -0.43171299389605866 -0.24919319664092812 -0.8669063626766027
vn -0.43171355198593225 -0.2491929088120706 -0.866906167488425
vn -0.49740538288491304 -0.03255327064728753 -0.8669072439697788
vn -0.4942123302007779 -0.06501571099726157 -0.8669066443401146
vn -0.49740680934178205 -0.03255388505482719 -0.8669064024381556
vn -0.49740666522231236 -0.03255427280519823 -0.8669064705690822
vn -0.4974068429346682 -0.03255478309787562 -0.8669063494399015
vn -0.48890229081141245 -0.09719960196987476 -0.8669064467497349
vn -0.4942122693539361 -0.06501620257216428 -0.8669066421611544
vn -0.4889016123134349 -0.09719971511140613 -0.8669068167107612
vn -0.494212364056967 -0.06501694832695602 -0.866906532241783
vn -0.49421288071937386 -0.0650166626027919 -0.8669062591278556
vn -0.4889028075138316 -0.09720056509540437 -0.8669060473605127
vn -0.48890095449365045 -0.0972004001336498 -0.8669071108885057
vn -0.48149737777959367 -0.12896674888114912 -0.8669070612668938
vn -0.49740683641968775 -0.032555185002825705 -0.866906338085257
vn -0.753452201447393 -0.04934886599016141 -0.6556481293800526
vn -0.9978589142772835 -0.06540326595332203 0
vn -0.9569622342003283 -0.07321776498486281 0.28082457371985353
vn -0.49421300048017086 -0.06501742655526417 -0.8669061335580209
vn -0.7486118627214615 -0.09852138099720932 -0.655647631337982
vn -0.4889028463731203 -0.09720128960238474 -0.8669059442107285
vn -0.7405657061370954 -0.14727191406620355 -0.6556473276243425
vn -0.991444850132898 -0.13052627760322993 0
vn -0.002776225334845049 -0.00039636108041322585 0.9999960677276607
vn -0.980785298327553 -0.19509023190445116 0
vn -0.9392186930141744 -0.19749985489809804 0.2808238843260599
vn -0.48149839907381675 -0.1289680474290406 -0.8669063008374619
vn -0.4814973159511706 -0.12896820859931296 -0.8669068784491807
vn -0.4720329051373127 -0.16018280404311977 -0.8669062266222987
vn -0.48149849366183467 -0.12896763158424498 -0.8669063101655995
vn -0.4720328239878214 -0.1601832836824345 -0.8669061821828216
vn -0.4605460477939982 -0.19071245247254934 -0.8669060493117082
vn -0.46054482305791333 -0.19071218307524196 -0.8669067592199468
vn -0.4720320708246259 -0.16018332563545878 -0.8669065845299482
vn -0.47203161118563347 -0.16018351507334525 -0.8669067998004412
vn -0.4605446546860349 -0.19071250032370282 -0.866906778875562
vn -0.460545141918481 -0.19071338635686547 -0.8669063251122253
vn -0.4470855291778523 -0.22042573969310192 -0.8669065825569148
vn -0.4814990810545856 -0.12896914918483993 -0.8669057581433685
vn -0.7293481110665206 -0.19539209878641117 -0.6556472074336469
vn -0.4720331989307772 -0.16018456094477276 -0.866905742017036
vn -0.715007461922055 -0.24267549064847063 -0.6556469596012059
vn -0.9659258033950012 -0.2588191305443268 0
vn -0.31216659817833625 -0.08730650602530997 0.9460071823128076
vn -0.9469300549733575 -0.32143968483706875 0
vn -0.9054044560500081 -0.31840306785648625 0.28082424636125464
vn -0.4605459904846833 -0.19071419685892058 -0.8669056960044379
vn -0.6976048981940264 -0.2889195695345646 -0.6556469235462513
vn -0.44708649415816326 -0.22042674364508807 -0.8669058296189877
vn -0.6772136006204486 -0.3339255707782892 -0.6556488788330848
vn -0.9238795498316468 -0.3826833905500394 0
vn -0.000747144068266793 -0.0003190722288190906 0.9999996699842725
vn -0.8968728838647412 -0.4422884015980324 0
vn -0.8560990871372464 -0.4338577481033317 0.28082344527029673
vn -0.4470857641031723 -0.22042435216284892 -0.8669068142020058
vn -0.44708592835026406 -0.22042507493007132 -0.8669065457206185
vn -0.4317128888197727 -0.2491939028520156 -0.8669062120023521
vn -0.43171243880699295 -0.24919428856325915 -0.8669063252317227
vn -0.4470863625679752 -0.22042593287824025 -0.8669061036355059
vn -0.4317115490779512 -0.24919393344089927 -0.86690687038976
vn -0.4317122110235608 -0.24919481624275214 -0.8669062869831374
vn -0.43171267966044397 -0.24919572048017544 -0.8669057936793163
vn -0.4144924639393779 -0.27689382823640013 -0.8669058802557832
vn -0.4144913774133569 -0.27689349129728996 -0.8669065073738781
vn -0.4144907674715781 -0.27689374034226066 -0.8669067194572292
vn -0.41449072242620466 -0.2768946540313688 -0.8669064491578383
vn -0.41449088004142237 -0.27689436175566046 -0.86690646715226
vn -0.4144917937985262 -0.2768962325448452 -0.8669054327180971
vn -0.3954942764136964 -0.30341231375557187 -0.8669055572468647
vn -0.41448977883471605 -0.2768967469296455 -0.8669062318274843
vn -0.41449084631070554 -0.2768961174683663 -0.8669059224942345
vn -0.4144893696086494 -0.2768954409760791 -0.8669068446194708
vn -0.39549264741683304 -0.3034113082487362 -0.8669066523369255
vn -0.3954926120594851 -0.303411900033516 -0.8669064613465615
vn -0.414489206047201 -0.2768959676980052 -0.8669067545837592
vn -0.3954919880545836 -0.30341202065737566 -0.8669067038068407
vn -0.39549267205043587 -0.3034131818297401 -0.8669059853561742
vn -0.6539236987324284 -0.37750274428641545 -0.6556488955930037
vn -0.41449051950126153 -0.27689790628649863 -0.8669055073868938
vn -0.627834198959968 -0.4194633948035755 -0.6556482891277572
vn -0.866025241048328 -0.5000002818671057 0
vn -0.27893459692026445 -0.165127276753391 0.946006592531436
vn -0.8314697669859799 -0.5555700015194128 0
vn -0.7921477028691046 -0.5418906258718412 0.2808141136613771
vn -0.39549242545473645 -0.30341338417268304 -0.8669060270368465
vn -0.5990539149382058 -0.45962565801477234 -0.6556513261572009
vn -0.7933535135015166 -0.6087612032766206 0
vn -0.03319247034477373 -0.026049805550045064 0.9991094372205761
vn -0.5677112341632629 -0.49782297021376654 -0.6556494832853667
vn -0.751839760658698 -0.6593458684883615 0
vn -0.7146387132272012 -0.6406503348474125 0.28081783778255304
vn -0.39549493270538905 -0.30340975124733754 -0.86690615469749
vn -0.3954941661376966 -0.30340984701616885 -0.8669064708979123
vn -0.3954939953695381 -0.3034103598281167 -0.8669063693246306
vn -0.3748038499909207 -0.32862720671778123 -0.8669061270038713
vn -0.3748028513820401 -0.3286268656243091 -0.8669066880500086
vn -0.37480456058968975 -0.3286270536229408 -0.8669058778138918
vn -0.3525090702395085 -0.3524371274355349 -0.8669056618824598
vn -0.3525081300815421 -0.3524368131235843 -0.8669061719596338
vn -0.3525069602889177 -0.3524362691812388 -0.866906868765888
vn -0.3954933329408226 -0.30341041423319187 -0.8669066524916063
vn -0.3954939953724614 -0.30341155192328845 -0.8669059520985131
vn -0.37480256585816096 -0.32862711500231284 -0.8669067169605941
vn -0.3748033744452516 -0.32862837014077206 -0.8669058915724775
vn -0.37480302925571674 -0.3286287125438474 -0.8669059110148642
vn -0.35250665857056485 -0.3524365933123815 -0.8669068596785805
vn -0.35250780328368964 -0.3524384532788207 -0.866905638045191
vn -0.3525072640468546 -0.3524385696936292 -0.866905809985439
vn -0.3287015211394544 -0.3747384791634404 -0.8669062130558763
vn -0.32870367373037196 -0.37473765247780677 -0.8669057542152893
vn -0.32870271335602985 -0.3747370189906856 -0.8669063921960422
vn -0.32870197488784475 -0.3747369370964992 -0.8669067075991309
vn -0.3034905751769902 -0.3954329141155274 -0.8669061547900335
vn -0.3034899513986615 -0.3954328572085587 -0.8669063991227159
vn -0.30348941869645013 -0.3954329812903619 -0.8669065290140033
vn -0.32870162149104315 -0.3747373591526593 -0.866906659153366
vn -0.3287024452888637 -0.37473904572384176 -0.866905617741116
vn -0.30348914931871346 -0.3954334566202181 -0.8669064065002575
vn -0.3034893000116004 -0.3954341144619441 -0.8669060536748874
vn -0.27697829149263115 -0.41443575531623134 -0.8669060103363502
vn -0.2769775663914805 -0.41443568098012956 -0.866906277544689
vn -0.27697693752213964 -0.414435497646564 -0.866906566113847
vn -0.3034889630382975 -0.39543443036832165 -0.8669060275446352
vn -0.27697632170860675 -0.4144350954296 -0.866906955150914
vn -0.27697679253725715 -0.41443681497386214 -0.8669059826706088
vn -0.27697676662313847 -0.4144378042683792 -0.8669055180030844
vn -0.37480174942586886 -0.32862811796166713 -0.8669066897378752
vn -0.37480184234952196 -0.32862877669620505 -0.8669063998486571
vn -0.37480168692983173 -0.3286293075193469 -0.8669062658176528
vn -0.3748016946514799 -0.328629880533878 -0.8669060452590396
vn -0.3525059769615431 -0.3524390111440803 -0.8669061538772065
vn -0.35250547122850107 -0.35243907165498495 -0.8669063349202984
vn -0.35250570862203434 -0.35243752090939384 -0.8669068688412371
vn -0.35250624887863063 -0.35243871681634237 -0.8669061629671154
vn -0.3287006378159311 -0.3747382231937745 -0.8669066586299663
vn -0.32870083495593216 -0.37473922338911053 -0.8669061515256421
vn -0.3287003334726557 -0.3747390802558888 -0.8669064035430443
vn -0.3287001904783093 -0.3747394447438282 -0.8669063002035517
vn -0.3748009224404356 -0.32862964443826714 -0.8669064686194102
vn -0.35250518061730884 -0.35243931748420465 -0.8669063531484967
vn -0.5339363930622 -0.5338868019966582 -0.6556499148307036
vn -0.7071067811865476 -0.7071067811865476 0
vn -0.22669242927176733 -0.23169452570056157 0.946006442510439
vn -0.32870006398366186 -0.3747401516937828 -0.8669060425707374
vn -0.4978750365841338 -0.5676647444936227 -0.6556502007971456
vn -0.6593458684883615 -0.751839760658698 0
vn -0.6249033742698819 -0.7284484428706407 0.28081780375441795
vn -0.3034883975008169 -0.3954347293122559 -0.8669060891677536
vn -0.3034876036748378 -0.395434356001948 -0.8669065373551116
vn -0.30348756258504506 -0.39543550358529306 -0.8669060282755184
vn -0.30348721561332137 -0.39543426577239027 -0.8669067143656946
vn -0.2769759035955697 -0.41443700146075324 -0.8669061775345919
vn -0.2769751525153227 -0.4144365454149574 -0.8669066355228974
vn -0.27697465332615623 -0.41443670557445406 -0.8669067184463674
vn -0.2769748571754746 -0.41443747330207487 -0.8669062862937478
vn -0.30348700722722904 -0.39543533895591254 -0.8669062977906449
vn -0.4596820792606888 -0.5990117219519717 -0.6556503206517201
vn -0.6087612032766206 -0.7933535135015166 0
vn -0.0032956683940984655 -0.004393446715895975 0.9999849179841619
vn -0.2769749385321463 -0.41443859374464076 -0.8669057246552698
vn -0.41952157505786003 -0.6277960611474804 -0.6556475834384516
vn -0.5555700015194128 -0.8314697669859799 0
vn -0.5244760991324345 -0.8037837562876171 0.280813985704048
vn 0.9999590567735198 0.009049020754342675 1.2780632646928265e-25
vn 0.8867457016849806 -0.462257569481789 2.511385617790661e-8
vn 0.9967330075879188 0.08076702040267097 -1.2752494143267136e-7
vn 0.9999999999999774 2.1270760441893317e-7 0
vn 0.9999999999999738 -2.2913511088517534e-7 0
vn 0.6481627634638495 0.7615018266943987 0
vn 0.500000192460167 0.8660252926674809 -1.8265458677770343e-16
vn 0.4999997986492412 0.8660255200343221 -2.547055195127141e-23
vn 0.500000192460167 0.8660252926674809 2.5470552276312675e-23
vn 1 -1.671074123521521e-8 0
vn 0.9999999999999774 2.1270760441893317e-7 0
vn 0.9999999999999738 -2.2913511088517534e-7 0
vn 0.9999999999999774 2.1270760441893317e-7 0
vn 0.9999999999999738 -2.2913511088517534e-7 0
vn 1 -1.671074123521521e-8 0
vn 1 -1.671074123521521e-8 0
vn 0.9999999999999023 4.421254402586351e-7 0
vn 0.5000000067305869 0.8660253998985324 -2.5470581900737097e-23
vn 0.4999997986492412 0.8660255200343221 2.547055195127141e-23
vn 0.500000192460167 0.8660252926674809 0
vn 0.4999997986492412 0.8660255200343221 -2.547055195127141e-23
vn 0.500000192460167 0.8660252926674809 0
vn 0.5000000067305869 0.8660253998985324 2.5470581900737097e-23
vn 0.5000000067305869 0.8660253998985324 -2.5470581900737097e-23
vn 0.4999996129196202 0.8660256272652848 2.547052162226414e-23
vn -0.5997269676541037 -0.7983500860178573 -0.054449099383672935
vn -0.5462279411700217 -0.835865034820613 -0.054448873721084756
vn -0.4903900559398592 -0.8698004966843529 -0.054448957776569794
vn -0.30349504590432225 -0.3954292191214473 -0.8669062750819927
vn -0.27698287817198036 -0.41443208532368003 -0.8669062993506461
vn -0.2769823405772568 -0.414432202807938 -0.8669064149515244
vn -0.2769821580958247 -0.41443297218086017 -0.8669061054496721
vn -0.24928450743308753 -0.4316598204470726 -0.866906588834947
vn -0.24928412499723052 -0.4316603655370715 -0.8669064273892351
vn -0.24928408795869972 -0.43166163450671297 -0.8669058061782677
vn -0.43245254827889607 -0.9000111585383169 -0.054449132165773455
vn -0.37266311966646887 -0.9263679017133243 -0.05444914981620737
vn -0.22051874973623103 -0.4470395679050571 -0.8669066303484069
vn -0.22051852577414915 -0.4470404908755976 -0.8669062113678161
vn -0.2205182062283813 -0.4470411633116851 -0.8669059458942201
vn -0.31127834301904994 -0.9487576479144092 -0.05444923040073877
vn -0.1908086736718655 -0.4605061531062998 -0.8669060693078695
vn -0.19080804704072157 -0.4605064194390243 -0.8669060657533522
vn -0.19080878745364407 -0.460504918112089 -0.8669067003000084
vn -0.16028193792207768 -0.4719990690574016 -0.8669063266494768
vn -0.16028154003462922 -0.47200003581816274 -0.8669058738477785
vn -0.1602809266100182 -0.47199928346577236 -0.8669063968923241
vn -0.2769807578206561 -0.41443303243485125 -0.8669065240404807
vn -0.27698136133855794 -0.4144329542070359 -0.8669063686109753
vn -0.27698079098860057 -0.4144341103542891 -0.8669059981325414
vn -0.2769802561865532 -0.41443408300547485 -0.8669061820786854
vn -0.24928308689847975 -0.43166091460606953 -0.8669064525009701
vn -0.24928264519496257 -0.43166113245409515 -0.8669064710411675
vn -0.24928244780261186 -0.4316619903538525 -0.8669061006252572
vn -0.24928189533865838 -0.4316620778196826 -0.8669062159361649
vn -0.2769795729136345 -0.4144340266634416 -0.8669064273219496
vn -0.2769790284763679 -0.4144341935140646 -0.8669065215065775
vn -0.2769789044473368 -0.41443493136049236 -0.8669062083982195
vn -0.2769784389888952 -0.4144349185838046 -0.8669063632213747
vn -0.22051670202044948 -0.44704155238269727 -0.8669061278900343
vn -0.22051641289507104 -0.4470424342821687 -0.866905746661633
vn -0.24928066121401507 -0.4316618142252172 -0.8669067020645863
vn -0.24928052934288294 -0.43166259296327864 -0.8669063522242474
vn -0.24928030720663485 -0.4316634298200029 -0.8669059993995871
vn -0.24928129344088448 -0.43166224250222057 -0.8669063070126977
vn -0.22051520015665485 -0.4470411113346845 -0.8669067373579008
vn -0.22051474011792188 -0.44704132379716127 -0.8669067448165386
vn -0.2205147733553975 -0.44704255265633225 -0.8669061026700228
vn -0.22051431732612548 -0.44704238581692973 -0.8669063047050126
vn -0.22051717170798227 -0.44703998816790463 -0.8669068150388207
vn -0.22051708343408294 -0.4470410633485014 -0.8669062830513844
vn -0.19080693673550575 -0.46050514935265957 -0.8669069848105374
vn -0.19080691095155847 -0.46050602331820417 -0.866906526230353
vn -0.19080688286306072 -0.46050781559382736 -0.8669055803425676
vn -0.19080625145258762 -0.4605075637521902 -0.866905853096883
vn -0.16028004734564685 -0.4719985977300461 -0.8669069328155977
vn -0.1602797098312692 -0.4719998647770999 -0.8669063053564691
vn -0.16027958701072273 -0.47200059920054666 -0.8669059281963628
vn -0.16027918825123622 -0.47200069912617976 -0.8669059475156011
vn -0.1908053287051052 -0.46050670219881457 -0.866906513857007
vn -0.19080457068506812 -0.4605064386581114 -0.8669068206907302
vn -0.1908043899098595 -0.46050664254082935 -0.8669067521751684
vn -0.190804164985121 -0.46050753321390386 -0.8669063285485784
vn -0.16027754513255296 -0.47199943567581454 -0.8669069392085837
vn -0.1602783923693713 -0.47200026387011135 -0.8669063316449103
vn -0.16027710065343256 -0.4720002180625217 -0.8669065954040616
vn -0.1602769953873517 -0.47200113911345015 -0.8669061133855317
vn -0.24855947331593609 -0.9670850571189277 -0.05444887989834827
vn -0.18477758217751614 -0.9812708802357621 -0.05444910215939274
vn -0.12906859770093532 -0.4814715964686732 -0.8669062226569961
vn -0.1290681187985238 -0.48147132054361574 -0.8669064472039626
vn -0.12906755754438787 -0.4814715179720808 -0.8669064211154434
vn -0.09730271050611325 -0.4888822038124976 -0.8669062079161731
vn -0.09730194352110295 -0.48888160990029395 -0.866906628933193
vn -0.09730157402391511 -0.4888831152495799 -0.8669058214802429
vn -0.1202031565757041 -0.991255018764369 -0.0544489570486666
vn -0.05511459444340068 -0.9969943362330883 -0.05444882917458588
vn 0.010209797867863876 -0.9984643445941984 -0.0544491744802013
vn -0.06511971377355137 -0.49419978434560985 -0.8669059903073709
vn -0.065119191942943 -0.49419850064516024 -0.8669067613075664
vn -0.06511878218800153 -0.4942012724659804 -0.8669052119461259
vn -0.03265825750767754 -0.4973989864823262 -0.8669069652868855
vn -0.03265760449313218 -0.497400430214048 -0.8669061615259462
vn -0.000056662297955802806 -0.4984709577183277 -0.8669063969661069
vn -0.00005609080993680964 -0.4984710058884453 -0.8669063693054647
vn -0.03265717650024068 -0.49740106239114684 -0.8669058149275447
vn -0.00005564699293994313 -0.49847167557807165 -0.8669059842623085
vn -0.12906685256307135 -0.4814719775496703 -0.8669062708297088
vn -0.12906626124429008 -0.48147122032544043 -0.8669067794213816
vn -0.12906597212079934 -0.48147265825133 -0.8669060238554759
vn -0.12906549581892934 -0.4814727794574367 -0.8669060274508101
vn -0.09730073751957527 -0.48888215132889734 -0.8669064589620818
vn -0.09730008227337913 -0.488882063956304 -0.8669065817788084
vn -0.09729974152146599 -0.48888347458782344 -0.8669058245131318
vn -0.09729917198450959 -0.48888226595004186 -0.8669065700354804
vn -0.12906502433406813 -0.4814729484355784 -0.8669060037964884
vn -0.12906414571398167 -0.48147199680719427 -0.8669066631313967
vn -0.1290636822129914 -0.48147213998064164 -0.8669066526195803
vn -0.1290634711612895 -0.48147308456951515 -0.8669061594237959
vn -0.09729884599261482 -0.48888367587243536 -0.8669058115123933
vn -0.0972981918843805 -0.4888819848922704 -0.8669068385379274
vn -0.09729763388047409 -0.488882823324994 -0.8669064283410546
vn -0.09729740875328378 -0.48888373910852934 -0.8669059371610971
vn -0.06511798624669764 -0.49419883832015543 -0.8669066593758431
vn -0.06511760407398422 -0.49419935811782856 -0.8669063917607194
vn -0.06511713571866903 -0.49419939574675187 -0.8669064054898556
vn -0.06511653985780047 -0.4942002018179106 -0.8669059907279936
vn -0.032656617693760624 -0.49739933365947914 -0.8669068278632426
vn -0.032656076622883154 -0.49739982653306597 -0.8669065654524001
vn -0.00005494988687048544 -0.49847054117726963 -0.8669066365872105
vn -0.000054406356585152465 -0.49847100593483473 -0.8669063693861421
vn -0.03265544787255054 -0.49740118018420404 -0.8669058124592337
vn -0.032654904076078135 -0.4974012114474888 -0.8669058150055013
vn -0.00005399202909749895 -0.4984716756232952 -0.8669059843409579
vn -0.0000534753940431915 -0.4984716308426917 -0.866906010121864
vn -0.06511586969526595 -0.49419954912462566 -0.866906413148989
vn -0.06511540776786617 -0.49419919156203784 -0.86690665168209
vn -0.03265439637232012 -0.49739994353865713 -0.8669065616116307
vn -0.00005280705182302011 -0.4984709578235129 -0.8669063971490377
vn -0.06511499876436272 -0.49419922727238863 -0.8669066620457423
vn -0.06511454105096515 -0.4942009313077383 -0.8669057250002945
vn -0.03265384192352119 -0.497399535741797 -0.8669068164753803
vn -0.000052304982865645506 -0.49847061179928015 -0.8669065961432292
vn -0.032653275951465444 -0.49740091079294907 -0.86690604883804
vn -0.03265287407668321 -0.49740050051536916 -0.8669062993781926
vn -0.00005193898103630349 -0.4984712142945368 -0.8669062497306569
vn -0.000051330127329634736 -0.49847146739893666 -0.8669061042318073
vn 0.9999999999998963 -4.5572056706073274e-7 0
vn 1 -1.671074123521521e-8 0
vn 1 -1.671074123521521e-8 0
vn 1 -1.671074123521521e-8 0
vn 0.9999999999999023 4.421254402586351e-7 0
vn 0.9999999999998963 -4.5572056706073274e-7 0
vn 0.5000004228931902 0.8660251596268038 -5.0941043785609835e-23
vn 0.5000000067305869 0.8660253998985324 2.5470581900737097e-23
vn 0.5000000067305869 0.8660253998985324 2.5470581900737097e-23
vn 0.5000000067305869 0.8660253998985324 -2.5470581900737097e-23
vn 0.4999996129196202 0.8660256272652848 2.547052162226414e-23
vn 0.5000004228931902 0.8660251596268038 0
vn 1 -1.671074123521521e-8 0
vn 1 -1.671074123521521e-8 0
vn 1 -1.671074123521521e-8 0
vn 0.9999999999999023 4.421254402586351e-7 0
vn 0.9999999999998963 -4.5572056706073274e-7 0
vn 1 -1.671074123521521e-8 0
vn 1 -1.671074123521521e-8 0
vn 0.009118139592033819 -0.001754786790011225 0.9999568891975802
vn 0.5000000067305869 0.8660253998985324 -2.5470581900737097e-23
vn 0.5000000067305869 0.8660253998985324 2.5470581900737097e-23
vn 0.5000000067305869 0.8660253998985324 -2.5470581900737097e-23
vn 0.4999996129196202 0.8660256272652848 2.547052162226414e-23
vn 0.5000004228931902 0.8660251596268038 0
vn 0.5000000067305869 0.8660253998985324 -2.5470581900737097e-23
vn 0.5000000067305869 0.8660253998985324 2.5470581900737097e-23
vn 0.0032247543276228965 0.0037236258929485254 0.9999878677112717
vn -0.24927993543175897 -0.43166375895148795 -0.866905942417636
vn -0.24927930646497035 -0.4316634257266514 -0.8669062892021694
vn -0.24927840649036395 -0.431662789652609 -0.8669068647132471
vn -0.22051401029161288 -0.4470426059671647 -0.8669062692789784
vn -0.22051245481429374 -0.44704214766870276 -0.8669069012757527
vn -0.22051369868858942 -0.44704344311093697 -0.8669059168457649
vn -0.24927814232199916 -0.4316633927166262 -0.8669066403880322
vn -0.2492785085870228 -0.431665140206527 -0.8669056649296445
vn -0.24927786123721973 -0.431664618139722 -0.8669061110312266
vn -0.22051244937587297 -0.44704300091080806 -0.8669064626630213
vn -0.22051258220617578 -0.4470441010014973 -0.8669058615839023
vn -0.22051218109665105 -0.44704452071101336 -0.8669057471780067
vn -0.19080393371447504 -0.4605088021630778 -0.8669057053736637
vn -0.1908034820053315 -0.4605090293001215 -0.8669056841362278
vn -0.1908022500133857 -0.4605068057215781 -0.8669071364765308
vn -0.16027688643835705 -0.4720026453649255 -0.8669053134236394
vn -0.16027593214742777 -0.47200067659575123 -0.866906561785886
vn -0.1602755312231298 -0.47200145559977175 -0.8669062117685166
vn -0.19080211340100547 -0.46050823019458365 -0.8669064098533141
vn -0.19080191826698217 -0.46050843538620284 -0.8669063438017923
vn -0.1908021100226331 -0.46050983136614254 -0.866905560038715
vn -0.16027486202424812 -0.47200101255052074 -0.8669065767165407
vn -0.16027447244706738 -0.4720006187975425 -0.866906863126917
vn -0.16027469660966664 -0.4720032731042292 -0.8669053765005578
vn -0.24927731948780454 -0.4316646089487249 -0.866906271387005
vn -0.2492767561484351 -0.43166443516484887 -0.8669065199073805
vn -0.24927611320598353 -0.43166410354257645 -0.8669068699103161
vn -0.2492763364588102 -0.4316657720144271 -0.8669059749205
vn -0.22051140270437058 -0.44704400691129326 -0.8669062101300501
vn -0.22051058837226847 -0.4470432128549774 -0.8669068267443829
vn -0.22051052809335991 -0.4470444035809351 -0.8669062280471596
vn -0.22051031493177664 -0.447044543377726 -0.8669062101778306
vn -0.1907998050835516 -0.4605085017040843 -0.8669067736719664
vn -0.24927631192761984 -0.43166622817715755 -0.8669057548332864
vn -0.37756333382641494 -0.6538881172144857 -0.6556494941015193
vn -0.5000003523801481 -0.8660252003375697 0
vn -0.15900097968699414 -0.28247157061355693 0.9460066068763403
vn -0.22050987085529652 -0.4470441619450606 -0.8669065198314171
vn -0.3339888522477871 -0.6771836420713065 -0.6556475893994017
vn -0.4422884015980324 -0.8968728838647412 0
vn -0.4150726901404562 -0.8653628451522347 0.28082344654532315
vn -0.19080010351658347 -0.4605106186580953 -0.8669055834410109
vn -0.2889842060262392 -0.6975783030661707 -0.6556467339647972
vn -0.3826834370613369 -0.9238795305660377 0
vn -0.01572064291935329 -0.03915606765870423 0.9991094353231328
vn -0.19080134861132028 -0.460509261617301 -0.8669060302782474
vn -0.1908005061277706 -0.4605082053453275 -0.8669067768053333
vn -0.19080039930610654 -0.46050894433682515 -0.8669064077571541
vn -0.1602731306365408 -0.472002285648261 -0.8669062036568775
vn -0.16027248115635606 -0.4720013501472006 -0.86690683308139
vn -0.16027381868307 -0.47200136941298204 -0.8669065753107517
vn -0.16027349026048293 -0.47200148686399107 -0.866906572081389
vn -0.12905989666890066 -0.48147380648914767 -0.8669062906316135
vn -0.12905950828437257 -0.48147392213816353 -0.8669062842212472
vn -0.12905887077987718 -0.4814729805714185 -0.8669069020677466
vn -0.1602727487841499 -0.472003345156114 -0.8669056973850217
vn -0.24274176587074972 -0.7149847216975346 -0.6556472243829367
vn -0.32143965811402525 -0.9469300640446149 0
vn -0.2985695571708908 -0.9121370227564833 0.2808242711157935
vn -0.12905898878134256 -0.4814750026233994 -0.8669057614663399
vn -0.19545963350274584 -0.7293300607658953 -0.6556471567346172
vn -0.25881907493243805 -0.9659258182961655 0
vn -0.08047366973630697 -0.31399739125334464 0.9460072022798061
vn -0.12906324917005282 -0.48147452077443953 -0.8669053948146203
vn -0.12906237053040734 -0.4814724961894749 -0.8669066500645545
vn -0.12906217302825143 -0.4814738827707974 -0.8669059093712755
vn -0.09729695808769674 -0.4888837804699221 -0.8669059644161633
vn -0.09729639980421281 -0.4888830379746993 -0.8669064457977964
vn -0.0972960132064738 -0.48888310176212196 -0.8669064532148624
vn -0.12906131384818828 -0.48147136855182143 -0.8669074336586438
vn -0.1290613087159272 -0.4814743296377727 -0.8669057898597687
vn -0.1290608811894742 -0.4814744958370469 -0.8669057612019071
vn -0.0972953716818285 -0.48888250182291654 -0.8669068635445568
vn -0.09729532147080226 -0.48888480636497056 -0.8669055695549421
vn -0.09729465999832067 -0.48888427810949536 -0.8669059416990801
vn -0.065114074030325 -0.4941995783577233 -0.8669065313597664
vn -0.06511363250569031 -0.49420010007244897 -0.8669062671075203
vn -0.0651130463574262 -0.4941994928005847 -0.8669066573222867
vn -0.0326523484027163 -0.4974005539044589 -0.8669062885452643
vn -0.00005082352862444936 -0.4984714450146083 -0.8669061171326553
vn -0.03265176364407693 -0.4974010026445309 -0.866906053098689
vn -0.03265131693348989 -0.49739966647956435 -0.8669068365681096
vn -0.00005049476012095907 -0.49847125912587414 -0.8669062240379548
vn -0.00004990284400656052 -0.4984704965146553 -0.8669066625733932
vn -0.06511268090878682 -0.49419954959556583 -0.8669066523936764
vn -0.06511250302839924 -0.49420185146002016 -0.8669053535207085
vn -0.0651118977186999 -0.49420124165544627 -0.8669057466193685
vn -0.032650843357981095 -0.49739971902127406 -0.8669068242582766
vn -0.00004944868816785813 -0.4984705413204098 -0.8669066368361503
vn -0.03265057846710338 -0.49740266342967526 -0.8669051448335214
vn -0.000049141340204113574 -0.4984721147335669 -0.8669057321405681
vn -0.032650124313952235 -0.49740132738694054 -0.8669059285158875
vn -0.00004867566801295061 -0.49847211474491976 -0.8669057321603122
vn 0.4386444378423713 -0.8772888756847426 0.19482116350579196
vn 0.05068810788595742 -0.02534405394297871 0.9983929059486938
vn 0.36425118019752023 -0.7285025988136284 0.5801767327689926
vn 0.43864423499903904 -0.8772888276259505 0.19482183662206176
vn 0.42257951605039545 0 0.9063258534404794
vn 0.4386456921557604 -0.8772879868467571 0.19482234185934114
vn 0.38699210092103853 0 0.9220830297889233
vn 0.8776992138206468 -0.4388497559219383 0.19249670590914963
vn 0 0 1
vn 0.4407980920772322 -0.8815964821776804 0.16877406386353014
vn 0.6161329255089997 -0.3080665819637914 0.7248966817284158
vn 0 0 1
vn 0.6825342213598292 -0.6825344597784095 0.26133072511231115
vn 0.5022787899585048 -0.5022789687724338 0.7038692028258664
vn 0.3555667691217419 -0.17778344416551561 0.9175866823777321
vn 0 0 1
vn 0.23845781644835481 -0.9538312657934193 0.18260280986229777
vn 0.4407978285384035 -0.8815966107511081 0.16877408055737517
vn 0.4386458113649576 -0.8772879272419267 0.19482234185929995
vn 0.5073148448262931 -0.2536563495295744 0.823583696148852
vn 0 0 1
vn 0.4639530782504349 -0.23197653912521746 0.8549470313869931
vn 0 0 1
vn 0.2130478772396851 -0.10652405037855164 0.9712173951771107
vn 0.06507728098125391 -0.9319070361805774 0.356811187348742
vn 0.2915884865859541 -0.2915884865859541 0.9110171836914086
vn 0.3426848036270958 0 0.9394504379492612
vn 0.3426848036270958 0 0.9394504379492612
vn 0.5251430335204514 0.2263550040091926 0.8203585840990125
vn 0.27833470291971535 0.6627010605420327 0.695238878017519
vn 0.7706058722456258 0 0.6373120033865346
vn 0.741241395824109 0.3195010127148387 0.5903221967628517
vn 0.4330539102950633 0.8661081782179948 0.2496416119200916
vn -0.5425958615435703 0.24770675517459817 0.8026400777911994
vn -0.4884651640603006 0 0.8725833963006306
vn -0.9121019647071656 0 0.4099634202917724
vn 0.2495729007191632 0.4991453842058166 0.829799525579914
vn 0.6370741750528954 0 0.7708025009564206
vn -0.40078270547939565 -0.801564755307697 0.4436971557685803
vn 0 0 1
vn 0.7656997934889191 -0.3215940253220767 0.5570288225291129
vn 0 0 1
vn -0.3311431016074876 0.16557140179213609 0.9289404486652306
vn 0.4324146268813792 0.864828478902366 0.2551260326553472
vn -0.19151626853691234 0.11399769232236703 0.9748466777041773
vn -0.1268558804385549 -0.8577867178470415 0.4981059448384038
vn 0 0 1
vn 0.5975451513392399 0.6453489708705444 0.4758828615397846
vn 0 0 1
vn 0 0 1
vn -0.42603219118085633 0.4260323401924702 0.7981184230349313
vn -0.44079804405394557 0.8815965053404045 0.16877406829783445
vn 0.3933274989910869 -0.786651958145332 0.47589092792732585
vn 0.5473810432441383 -0.7772781250162966 0.31018173683843686
vn 0.09792503490352601 -0.04896253607821407 0.9939886103974898
vn 0.05326826912431759 -0.02663414573802978 0.9982249815473989
vn 0.04930381479630408 0 0.9987838273853517
vn 0.052731520867288995 -0.02636565798816238 0.998260606648321
vn 0.051161079988723386 0 0.9986904144400242
vn 0.026102680270090637 -0.05220537916663245 0.9982951710134562
vn 0.0016204847937372532 -0.0008102426879069392 0.9999983587665631
vn 0.0263657343449594 -0.05273149104166035 0.9982606062071038
vn 0.09757479300004342 -0.09757482280236586 0.9904333969157572
vn 0.6825342213598292 -0.6825344597784095 0.26133072511231115
vn 0.4407980920772322 -0.8815964821776804 0.16877406386353014
vn 0.03938816521315023 -0.03938816521315023 0.9984473671066908
vn 0.05068809671247906 -0.025344074433272298 0.9983929059958245
vn 0.050688178575546916 -0.02534398311699738 0.9983929041577063
vn 0.025100903430842737 -0.050201594520139774 0.9984236298058009
vn 0.02510086788450108 -0.05020173576900216 0.9984236235973305
vn 0.025100860391672187 -0.050201772937407824 0.9984236219168389
vn 0.010987219254563847 -0.039334259404091194 0.9991657004972617
vn 0.019369145494334532 -0.07747658197733813 0.9968060069280924
vn 0.04727455958942161 0 0.9988819329708722
vn 0.052587248154456895 0 0.9986163333991396
vn 0.006449559132428972 0.011119941999124194 0.9999173716247425
vn 0.4970914557667715 0.2958875080358901 0.815690301028511
vn 0.7180341031307805 0 0.6960079214643866
vn 0.3420447985398289 0.5897331799699469 0.7315874057379487
vn 0.5807787091265209 0.29038947377254815 0.7605064395174014
vn -0.5047002994760548 0.847896808295551 0.16232254985367275
vn -0.9230498500542673 0 0.38468035342969453
vn 0.8530879599189294 0.4265436223315968 0.30050203142341514
vn 0.9789723495341035 0 0.20399298725122195
vn -0.8853164547404395 -0.4426578697423417 0.14236848429688115
vn 0.4895489014366361 -0.82244242859492 0.28970730876019124
vn -0.42978446541071125 0.8595681559610608 0.27645596131993727
vn 0.8853164793071434 0.44265782242106383 0.14236847866240052
vn -0.3365149475649427 0.8012254780993214 0.49476805000917096
vn -0.49068516920225236 -0.8294909072644512 0.2667824947228631
vn 0.1511175916301796 0.6528282104190951 0.742279462992811
vn -0.22480827308000365 0.899233390343235 0.37528729001472644
vn -0.7073236191953034 0.3536619586092654 0.6120592428524511
vn 0.7073253436593071 -0.3536613009228153 0.6120576300045812
vn 0.164345871548211 -0.9334809562338425 0.31875341387004796
vn 0.4927104059903654 -0.8494983815682663 0.18865035261484572
vn 0.3104105554312505 0.1337972863262644 0.9411395078566142
vn 0.4927087360890199 -0.8494994527771834 0.18864989030695542
vn 0.13150902434841183 0 0.9913149734140652
vn 0.1158077480527635 -0.07082613479402423 0.9907432685217126
vn 0.23290103787526045 -0.11645064559750098 0.9655031608941276
vn 0.2315040924880821 0.2315031239126258 0.9448873788870106
vn 0.07790751014616107 0.7915372853018298 0.6061345938319604
vn -0.1290600465083569 -0.4814724684729912 -0.8669070114480477
vn -0.09729368315676978 -0.4888842740118622 -0.8669060536423104
vn -0.09729317330308057 -0.4888829465587922 -0.8669068594679649
vn -0.09729278164910819 -0.4888832905985174 -0.8669067094056571
vn -0.0972938888759262 -0.48888279914068217 -0.8669068622936205
vn -0.06511089817948425 -0.49419983213098856 -0.8669066252255566
vn -0.06511056432473261 -0.4941998429194074 -0.8669066441501921
vn -0.06511000749242252 -0.49420081147997996 -0.8669061338212262
vn 1 0 0
vn 1 0 0
vn 0.05268305898215682 -0.0227081532900804 0.99835306133173
vn 0.02701612453288683 0.046579395827661844 0.9985491920278909
vn 1 0 0
vn 0.053027258007589305 -0.025340989559092333 0.9982714781843477
vn 0.0046524942159355005 0 0.9999891770902176
vn 0.03174168627294322 0 0.9994961057215531
vn 0.0046524942159355005 0 0.9999891770902176
vn 0.026232328474453916 -0.05558946027842244 0.9981090505795257
vn 0.025100860391672187 -0.050201772937407824 0.9984236219168389
vn 0.682535687272122 0.6825328262492595 0.26133116287991787
vn 0.004008981495584811 0.04073109575646281 0.9991621019163236
vn -0.09729255159746514 -0.48888469591227834 -0.8669059427102883
vn -0.14734055148760128 -0.7405518316947547 -0.6556475779417427
vn -0.19509026057249068 -0.9807852926251279 0
vn -0.17695726253818508 -0.9433048856698627 0.2808238236089651
vn -0.06510965447634365 -0.4942008197351564 -0.86690615562878
vn -0.0985907285511757 -0.7486024861909297 -0.655647913069589
vn -0.13052629225051873 -0.9914448482045445 0
vn -0.0002953202627642376 -0.0024494232987055295 0.9999969565510919
vn -0.1365894532431646 -0.27317866806774904 0.9522167487371056
vn 0.24652850579142083 -0.12326414113700168 0.9612646083893898
vn -0.15681860050914595 0.15681798956152923 0.9750979667111572
vn -0.04827865340667698 0.9810184499444472 0.18780833978775363
vn 0 0 1
vn -0.31668846987095073 0.15834493529003352 0.9352193830961755
vn -0.2384568514527485 0.9538316377408825 0.18260212715022683
vn -0.06511123587012536 -0.4941997312481188 -0.8669066573730715
vn -0.0326496331550258 -0.4974005017486764 -0.8669064207369833
vn -0.032649215495825584 -0.4973990945391968 -0.8669072438727768
vn -0.03264871689478608 -0.4974019049135914 -0.8669056501566103
vn -0.03264841882944744 -0.4974000565280469 -0.8669067219221643
vn -0.00004813372618842667 -0.4984705413523909 -0.8669066368917697
vn -0.00004771165880506129 -0.4984705413624733 -0.8669066369093044
vn -0.00004741780027332659 -0.4984711886496716 -0.8669062647355456
vn -0.00004702141754298736 -0.49847003184137434 -0.8669069299209953
vn -0.8853164793071434 -0.44265782242106383 0.14236847866240052
vn 0.42978446541071125 -0.8595681559610608 0.27645596131993727
vn -0.23845866836397397 0.9538309183631941 0.18260351216914178
vn -0.026453358705254074 0.1343825441838286 0.9905763734472435
vn -0.44079670232269663 0.8815972789472968 0.16877353161606284
vn -0.14820733699297023 0.14820800754522545 0.977787794851688
vn -0.03264813571889774 -0.4974008017616224 -0.8669063049955142
vn -0.049418789356975086 -0.7534477260080616 -0.6556480057407114
vn -0.06540325853461215 -0.9978589147635325 0
vn -0.05231751871378917 -0.9583321208757561 0.2808245419001113
vn -0.00004647387016956522 -0.49847144512008756 -0.8669061173160973
vn -0.000034959103267726776 -0.7550669418452929 -0.6556477042667488
vn 1.221014123142794e-10 -1 0
vn 0.003536918506832661 -0.3241262801246118 0.9460072117801521
vn 0.01088040702745721 0.9970821216895636 -0.07555699405055179
vn 0.07628472863197407 0.9970571357913194 -0.007596587731134387
vn 0.004435011706185885 0.031063976150267247 -0.9995075587792729
vn 0.2057745346832235 0.9785699434485338 -0.0075964896522270255
vn 0.2685737092302788 0.9602912348995268 -0.07555730861691191
vn 0.33174342456246997 0.9433390651489734 -0.007596606046500494
vn 0.3345696951543095 0.7834328472547859 -0.5237328449950525
vn 0.4520353959418039 0.8919676515655807 -0.007596668764623624
vn 0.5079634888101665 0.8580583507028114 -0.07555766556064877
vn 0.5645936844083704 0.8253340295473454 -0.007596788619086499
vn 0.12777045624039676 0.16280407038266284 -0.978350420441959
vn -0.05242237907430756 -0.1505787993398473 -0.987207130931275
vn 0.6674907781515881 0.7445793127292846 -0.007596587271515236
vn 0.7127372675815462 0.697349732371205 -0.0755575155904446
vn 0.7589676507926921 0.6510840167934353 -0.007596586493138511
vn 0.6814618133063585 0.5111879127144449 -0.5237334387833747
vn 0.8374581224394336 0.5464487002345739 -0.007596786963142807
vn 0.8689387237374052 0.48911811757097023 -0.07555766971949283
vn 0.9016194272570766 0.4324635233204258 -0.007596669658804781
vn 0.010579732039802848 0.004247620618724648 -0.9999350113827624
vn 0.9503536020335384 0.31107928681094615 -0.007596605759936522
vn 0.9659234613468272 0.24755395262209057 -0.07555731176361538
vn 0.9828271862799014 0.18437194818505193 -0.007596488108367013
vn 0.8457574346261074 0.10197036086395558 -0.5237331451034396
vn 0.9984843660510976 0.05450928917828946 -0.0075965877086636175
vn -0.09241979475065944 0.10671719054963395 -0.9899848598738463
vn -0.15467912285390348 -0.029514127102989986 -0.9875238150315645
vn 0.05450928917828946 -0.9984843660510976 -0.0075965877086636175
vn 0.10197036086395558 -0.8457574346261074 -0.5237331451034396
vn 0.18437194818505193 -0.9828271862799014 -0.007596488108367013
vn 0.24755399471123327 -0.9659234496837602 -0.07555732296432437
vn 0.07710728976290603 -0.19205445504394625 -0.978350424011352
vn 0.4324635233204258 -0.9016194272570766 -0.007596669658804781
vn 0.48911811757097023 -0.8689387237374052 -0.07555766971949283
vn 0.5464487002345739 -0.8374581224394336 -0.007596786963142807
vn 0.5111879127144449 -0.6814618133063585 -0.5237334387833747
vn 0.31107928681094615 -0.9503536020335384 -0.007596605759936522
vn 0.7834328472547859 -0.3345696951543095 -0.5237328449950525
vn 0.8919676515655807 -0.4520353959418039 -0.007596668764623624
vn 0.024684684659977082 -0.01937281550867224 -0.9995075589321495
vn 0.8253340295473454 -0.5645936844083704 -0.007596788619086499
vn 0.8580583659396506 -0.5079634625447914 -0.07555766910435302
vn 0.9970821216895636 -0.01088040702745721 -0.07555699405055179
vn 0.9970571357913194 -0.07628472863197407 -0.007596587731134387
vn 0.20487762428272788 -0.029250431007276652 -0.9783504338191679
vn 0.9785699434485338 -0.2057745346832235 -0.0075964896522270255
vn 0.9602912395391965 -0.2685736938577061 -0.07555730429217655
vn 0.9433390651489734 -0.33174342456246997 -0.007596606046500494
vn 0.6510840167934353 -0.7589676507926921 -0.007596586493138511
vn 0.7445793127292846 -0.6674907781515881 -0.007596587271515236
vn 0.6973497926154351 -0.7127372086305986 -0.07555751565974332
vn -0.01020979879701842 0.9984643443821768 -0.054449178193929436
vn 0.05511459444340068 0.9969943362330883 -0.05444882917458588
vn 0.12020314923277561 0.9912550196521203 -0.05444895709743017
vn 0.00005666327781644191 0.4984710282695974 -0.8669063563990769
vn 0.00005609065714169591 0.4984710058884495 -0.866906369305472
vn 0.03265760125592107 0.4974004078455473 -0.8669061744821595
vn 0.032658252098853514 0.49739896084139873 -0.8669069802024578
vn 0.000055647117853254334 0.4984717461293482 -0.866905943695253
vn 0.03265717277892335 0.49740106245165944 -0.8669058150330103
vn 0.065119191942943 0.49419850064516024 -0.8669067613075664
vn 0.06511971377355137 0.49419978434560985 -0.8669059903073709
vn 0.0651187812289096 0.4942012949895352 -0.8669051991780463
vn 0.1847776073772383 0.9812708753221528 -0.05444910519410816
vn 0.24855947331593609 0.9670850571189277 -0.05444887989834827
vn 0.09730271050611325 0.4888822038124976 -0.8669062079161731
vn 0.09730193833347359 0.4888816808748586 -0.8669065894901952
vn 0.09730156239086496 0.4888831836420968 -0.8669057842166383
vn 0.12906859770093532 0.4814715964686732 -0.8669062226569961
vn 0.12906810711076963 0.4814713921354453 -0.8669064091826747
vn 0.1290675666413591 0.48147158572719123 -0.8669063821305171
vn 0.000054949552176438645 0.4984705411772788 -0.8669066365872264
vn 0.000054406323843342375 0.4984710059348356 -0.8669063693861436
vn 0.032656617693760624 0.49739933365947914 -0.8669068278632426
vn 0.03265607290156565 0.4973998265935763 -0.8669065655578622
vn 0.00005399176716302649 0.49847167562330225 -0.8669059843409702
vn 0.00005347499512028061 0.498471698034363 -0.866905971486622
vn 0.032655443667157946 0.4974012026737044 -0.866905799713933
vn 0.032654904076078135 0.4974012114474888 -0.8669058150055013
vn 0.06511799174753402 0.49419888312763915 -0.8669066334191716
vn 0.06511759665499643 0.49419935835759626 -0.8669063921813112
vn 0.06511714313765737 0.4941993955069858 -0.8669064050692669
vn 0.06511653339786824 0.49420017953408746 -0.8669060039166416
vn 0.00005230447603795279 0.49847054124798557 -0.866906636710195
vn 0.03265383868625252 0.4973995133732626 -0.8669068294315678
vn 0.000051938594638961263 0.49847123669178034 -0.8669062368522615
vn 0.000051329997124936624 0.49847144500171353 -0.8669061171102297
vn 0.03265327271418956 0.49740088842445446 -0.8669060617942501
vn 0.03265287779800163 0.49740050045486467 -0.866906299272741
vn 0.06511498942730781 0.4941992725593767 -0.8669066369302202
vn 0.06511454942898466 0.4942009085444159 -0.8669057373478007
vn 0.00005280680117767046 0.4984710507720556 -0.8669063437036578
vn 0.032654396856378214 0.49739992110962916 -0.8669065744623701
vn 0.06511586873622026 0.4941995716482314 -0.866906400380936
vn 0.06511539843079986 0.49419923684902894 -0.866906626566573
vn 0.09730072417714422 0.4888821293583285 -0.8669064728496781
vn 0.09730008227337913 0.488882063956304 -0.8669065817788084
vn 0.09729974010382206 0.48888349726718056 -0.8669058118824325
vn 0.09729916743972858 0.4888822209456637 -0.8669065959252881
vn 0.12906624177425133 0.48147117347929047 -0.8669068083379813
vn 0.12906685256307135 0.4814719775496703 -0.8669062708297088
vn 0.12906597212079934 0.48147265825133 -0.8669060238554759
vn 0.12906548301795193 0.48147275748975127 -0.8669060415573061
vn 0.09729740875328378 0.48888373910852934 -0.8669059371610971
vn 0.09729884741024622 0.48888365319308336 -0.866905824143097
vn 0.0972981918843805 0.4888819848922704 -0.8669068385379274
vn 0.0972976316881671 0.48888275270485776 -0.8669064684125933
vn 0.12906500486408345 0.48147290158940553 -0.8669060327131844
vn 0.12906414089696172 0.4814719490350466 -0.8669066903807598
vn 0.1290636822129914 0.48147213998064164 -0.8669066526195803
vn 0.1290634858142362 0.48147308364354807 -0.8669061577565655
vn 0.31127831610439954 0.9487576567158603 -0.05444923090585432
vn 0.16028192340373207 0.471999070184718 -0.8669063287199845
vn 0.16028155004371278 0.4720000810165267 -0.8669058473882715
vn 0.19080880181228377 0.4605049168027479 -0.8669066978351562
vn 0.16028093887374883 0.47199930550132363 -0.8669063826273387
vn 0.19080868078979812 0.46050610451958784 -0.8669060935507672
vn 0.19080804704072157 0.4605064194390243 -0.8669060657533522
vn 0.37266311966646887 0.9263679017133243 -0.05444914981620737
vn 0.43245249990894374 0.9000111819197228 -0.054449129855018125
vn 0.22051874973623103 0.4470395679050571 -0.8669066303484069
vn 0.22051852577414915 0.4470404908755976 -0.8669062113678161
vn 0.22051818947110607 0.4470410701419468 -0.8669059982020707
vn 0.4903900559398592 0.8698004966843529 -0.054448957776569794
vn 0.5462279411700217 0.835865034820613 -0.054448873721084756
vn 0.5997269676541037 0.7983500860178573 -0.054449099383672935
vn 0.24928449345792555 0.43165982205052844 -0.8669065920551831
vn 0.24928409814114427 0.43166034483592397 -0.8669064454196241
vn 0.24928411270210893 0.4316616555489952 -0.8669057885854857
vn 0.2769828397649437 0.4144320426466639 -0.8669063320240896
vn 0.2769823405772568 0.414432202807938 -0.8669064149515244
vn 0.3034950188470692 0.395429222698048 -0.8669062829230358
vn 0.2769821821907139 0.41443299344346857 -0.8669060875863983
vn 0.16028004734564685 0.4719985977300461 -0.8669069328155977
vn 0.16027970380395856 0.4719998172252461 -0.8669063323611437
vn 0.16027917147827497 0.472000723416303 -0.8669059373915515
vn 0.16027958323803063 0.4720005284858613 -0.8669059673956058
vn 0.19080693673550575 0.46050514935265957 -0.8669069848105374
vn 0.19080689397424552 0.46050604810980406 -0.8669065167976255
vn 0.22051717170798227 0.44703998816790463 -0.8669068150388207
vn 0.22051708343408294 0.4470410633485014 -0.8669062830513844
vn 0.19080686126378574 0.4605077696257685 -0.8669056095152242
vn 0.19080627043318416 0.4605076332024812 -0.8669058120266743
vn 0.16027842743335655 0.4720003091673863 -0.8669063004992995
vn 0.16027753286875868 0.4719994136402427 -0.8669069534735381
vn 0.16027710065343256 0.4720002180625217 -0.8669065954040616
vn 0.16027697861440893 0.4720011634035462 -0.8669061032614404
vn 0.19080457068506812 0.4605064386581114 -0.8669068206907302
vn 0.19080534044511965 0.46050672437174195 -0.8669064994946286
vn 0.19080439514712214 0.4605065955763238 -0.8669067759703145
vn 0.19080416760375432 0.4605075097316762 -0.8669063404461688
vn 0.220516716197003 0.44704155091373876 -0.8669061250414196
vn 0.22051640165643438 0.4470424119047081 -0.8669057610599433
vn 0.22051517180352917 0.4470411142725782 -0.8669067430550946
vn 0.22051472852205167 0.4470414199048212 -0.8669066982059415
vn 0.2492812977421844 0.4316621943448921 -0.8669063297550231
vn 0.2205147733553975 0.44704255265633225 -0.8669061026700228
vn 0.22051432856480388 0.4470424081944052 -0.8669062903067207
vn 0.24928064723882462 0.4316618158286558 -0.8669067052847731
vn 0.24928057773542958 0.4316626589560293 -0.8669063054488073
vn 0.24928030720663485 0.4316634298200029 -0.8669059993995871
vn 0.24928309010538136 0.4316608903568479 -0.8669064636532858
vn 0.2492826344266842 0.43166110980832734 -0.866906485413701
vn 0.24928248652124035 0.4316620097926931 -0.8669060798122947
vn 0.24928189854555335 0.4316620535704908 -0.8669062270885077
vn 0.27698136133855794 0.4144329542070359 -0.8669063686109753
vn 0.2769808162735385 0.41443300090920243 -0.866906520435645
vn 0.27698079098860057 0.4144341103542891 -0.8669059981325414
vn 0.2769802286706064 0.41443408642648505 -0.8669061892346965
vn 0.2769795729136345 0.4144340266634416 -0.8669064273219496
vn 0.2769790043813971 0.41443417225145635 -0.8669065393698101
vn 0.27697894285425756 0.4144349740376078 -0.8669061757247928
vn 0.2769784315189521 0.41443484780209794 -0.8669063994460723
vn -0.010757529308209937 -0.9999421361074766 0
vn -0.8660253998985324 -0.5000000067305869 7.460276697771444e-18
vn -0.5012701063698052 -0.8652908646576127 -2.9181165403831133e-7
vn -0.37740326691584986 -0.9260490128072293 0
vn -0.5447044965080065 -0.838628053122455 0
vn -0.500000121947118 -0.8660253333782257 0
vn -0.4999999585692771 -0.8660254277044763 0
vn -0.4999997504879324 -0.86602554784025 -1.2735274719161094e-23
vn -0.500000121947118 -0.8660253333782257 1.273527507145246e-23
vn -0.4999997504879324 -0.86602554784025 0
vn -0.500000121947118 -0.8660253333782257 0
vn -0.49999993621753414 -0.8660254406092593 0
vn -0.49999993621753414 -0.8660254406092593 -1.2735289883664143e-23
vn -0.4999995905678664 -0.8660256401700622 0
vn 0.00005082329215582461 0.49847144501461443 -0.8669061171326659
vn 0.03265234396225404 0.4974004834054392 -0.8669063291623876
vn 0.000050494619740042015 0.4984712143314114 -0.8669062497947867
vn 0.000049902634417766636 0.498470563706422 -0.8669066239382007
vn 0.03265176364407693 0.4974010026445309 -0.866906053098689
vn 0.032651315730353854 0.4973996183490549 -0.8669068642289618
vn 0.065114074030325 0.4941995783577233 -0.8669065313597664
vn 0.06511363250569031 0.49420010007244897 -0.8669062671075203
vn 0.0651130463574262 0.4941994928005847 -0.8669066573222867
vn 0.00004914122088083915 0.4984720923363631 -0.8669057450190009
vn 0.03265057798309922 0.4974026858586219 -0.8669051319827323
vn 0.000049448455337216674 0.4984705413204154 -0.8669066368361601
vn 0.0326508401206674 0.4973996966527394 -0.8669068372144595
vn 0.00004867590448156796 0.49847211474491404 -0.8669057321603022
vn 0.032650127551275075 0.49740134975542755 -0.8669059155596784
vn 0.06511267348979406 0.4941995498353155 -0.8669066528142364
vn 0.06511249320394072 0.49420180364003863 -0.8669053815196324
vn 0.0651118977186999 0.49420124165544627 -0.8669057466193685
vn 0.0972969690776323 0.48888382805628683 -0.8669059363468087
vn 0.0972964012218067 0.48888301529532935 -0.8669064584284928
vn 0.0972960132064738 0.48888310176212196 -0.8669064532148624
vn 0.1290632638230006 0.48147451984847145 -0.8669053931473945
vn 0.1290623723823231 0.4814724732958 -0.8669066625037968
vn 0.12906217784518445 0.48147393054296683 -0.8669058821217932
vn 0.09729537387408826 0.48888257244306416 -0.8669068234730614
vn 0.09729532885085283 0.4888848060105747 -0.8669055689265166
vn 0.09729467475842393 0.48888427740070917 -0.8669059404422368
vn 0.1290613266492472 0.4814713905195797 -0.8669074195522143
vn 0.12906127941001724 0.4814743314896801 -0.8669057931941713
vn 0.12906086171963613 0.4814744489908189 -0.8669057901186105
vn 0.000048134326454924274 0.4984705413523765 -0.8669066368917447
vn 0.00004771160858214204 0.49847051896522065 -0.866906649787707
vn 0.00004741741100960433 0.49847118864968076 -0.8669062647355615
vn 0.00004702177336637014 0.4984700542386339 -0.866906917042589
vn 0.032649629433706584 0.4974005018091749 -0.8669064208424245
vn 0.03264921824918376 0.4973991393368039 -0.8669072180658803
vn 0.06511123587012536 0.4941997312481188 -0.8669066573730715
vn 0.03264871689478608 0.4974019049135914 -0.8669056501566103
vn 0.03264842206679728 0.49740007889657534 -0.8669067089659814
vn 0.00004647361551104608 0.49847144512009345 -0.8669061173161076
vn 0.000034959288804648316 0.755066941845288 -0.6556477042667446
vn 1.221014123142794e-10 1 0
vn -0.003536918506832661 0.3241262801246118 0.9460072117801521
vn 0.032648134515881055 0.49740075363110337 -0.8669063326564429
vn 0.04941879307316749 0.7534477258693524 -0.6556480056200069
vn 0.06540326595332203 0.9978589142772835 0
vn 0.05231751827593214 0.9583321128552601 0.28082456935214994
vn 0.06511089913845723 0.49419980960739085 -0.8669066379936193
vn 0.09729389248570773 0.48888284708145247 -0.8669068348528075
vn 0.06511056432473261 0.4941998429194074 -0.8669066441501921
vn 0.06511000749242252 0.49420081147997996 -0.8669061338212262
vn 0.09729368457432772 0.4888842513325276 -0.8669060662730335
vn 0.12906004169148913 0.48147242070082313 -0.8669070386973916
vn 0.0972931990529963 0.48888299343640523 -0.8669068301419095
vn 0.09729278164910819 0.4888832905985174 -0.8669067094056571
vn 0.06510966189533915 0.49420081949541717 -0.8669061552082397
vn 0.09859073240406788 0.7486025154460605 -0.6556478790874414
vn 0.13052627760322993 0.991444850132898 0
vn 0.00009756996107803245 0.0008092573467526091 0.9999996677912695
vn 0.0972925649400316 0.48888471788282845 -0.8669059288227396
vn 0.14734053690993285 0.7405518333206695 -0.6556475793812464
vn 0.19509023190445116 0.980785298327553 0
vn 0.17695726253818508 0.9433048856698627 0.2808238236089651
vn 0.16027687191998727 0.4720026464922148 -0.8669053154940792
vn 0.1602759198836093 0.47200065456020657 -0.8669065760508451
vn 0.1602755312231298 0.47200145559977175 -0.8669062117685166
vn 0.19080394283586724 0.46050884781814355 -0.8669056791136466
vn 0.19080351072267104 0.4605090266814888 -0.8669056792066663
vn 0.1908022330361055 0.46050683051312713 -0.8669071270437161
vn 0.16027484750586848 0.472001013677792 -0.8669065787869576
vn 0.16027449299256427 0.472000665222162 -0.8669068340518565
vn 0.1602746988642177 0.4720032499414794 -0.8669053886951366
vn 0.19080209828257338 0.4605098091932867 -0.8669055744011165
vn 0.19080211340100547 0.46050823019458365 -0.8669064098533141
vn 0.19080189216823149 0.4605084145226069 -0.8669063606289306
vn 0.22051400457147424 0.44704265438194873 -0.8669062457676684
vn 0.22051370162647854 0.4470434192645442 -0.866905928395494
vn 0.22051246053449006 0.44704209925392596 -0.8669069247870084
vn 0.2492799257579429 0.43166371239757406 -0.8669059683802269
vn 0.24927934518369893 0.4316634451654998 -0.8669062683892866
vn 0.24927838174680492 0.4316627686102909 -0.866906882305933
vn 0.22051242102271035 0.4470430038486775 -0.8669064683601422
vn 0.2205125792682971 0.4470441248478716 -0.8669058500341564
vn 0.2205121614016007 0.447044451387714 -0.8669057879362972
vn 0.24927851500077083 0.43166509170830086 -0.8669056872344735
vn 0.24927815309035142 0.43166341536235503 -0.8669066260154955
vn 0.24927786123721973 0.431664618139722 -0.8669061110312266
vn 0.12905988016405476 0.4814738303087265 -0.8669062798595263
vn 0.16027380416468542 0.4720013705402468 -0.8669065773811552
vn 0.16027347799662217 0.4720014648284537 -0.8669065863463378
vn 0.12905951124932843 0.48147399280397785 -0.8669062445325213
vn 0.12905886781492315 0.4814729099055794 -0.866906941756371
vn 0.19080133687124268 0.46050923944442296 -0.8669060446406323
vn 0.1908005061277706 0.4605082053453275 -0.8669067768053333
vn 0.16027314515492835 0.47200228452099885 -0.8669062015864838
vn 0.16027246061092856 0.47200130372255267 -0.8669068621564424
vn 0.19080038756600842 0.4605089221639304 -0.866906422119525
vn 0.1290590034343069 0.48147500169746094 -0.8669057597991685
vn 0.1954596773567835 0.7293299979916644 -0.6556472134898926
vn 0.2588191305443268 0.9659258033950012 0
vn 0.08047367789169829 0.31399736420109736 0.9460072105651979
vn 0.16027276104801552 0.4720033671915994 -0.8669056831200486
vn 0.24274176587074972 0.7149847216975346 -0.6556472243829367
vn 0.32143968483706875 0.9469300549733575 0
vn 0.29856953252405266 0.9121370385066097 0.2808242461625425
vn 0.19079982206082188 0.46050847691259295 -0.8669067831048519
vn 0.22051031493177664 0.447044543377726 -0.8669062101778306
vn 0.22051142533728144 0.4470440523882352 -0.8669061809215719
vn 0.22051059667316886 0.44704325907884995 -0.8669068007963734
vn 0.22051053933210019 0.44704442595837496 -0.8669062136488659
vn 0.2492772807690132 0.4316645895098801 -0.8669062921998394
vn 0.24927674217321572 0.4316644367682721 -0.8669065231275161
vn 0.24927612718120748 0.4316641019391586 -0.8669068666901875
vn 0.24927635364088352 0.431665746161905 -0.8669059828528068
vn 0.19080010351658347 0.4605106186580953 -0.8669055834410109
vn 0.28898421731962376 0.6975783303272454 -0.6556466999825569
vn 0.3826833905500394 0.9238795498316468 0
vn 0.01572064291935329 0.03915606765870423 0.9991094353231328
vn 0.22050987085529652 0.4470441619450606 -0.8669065198314171
vn 0.333988838766898 0.67718367434259 -0.6556475629353076
vn 0.4422884015980324 0.8968728838647412 0
vn 0.4150726901404562 0.8653628451522347 0.28082344654532315
vn 0.24927626032829783 0.4316661864334646 -0.8669057904563379
vn -0.5000003523801481 -0.8660252003375697 2.5470519759398413e-23
vn -0.49999993621753414 -0.8660254406092593 0
vn -0.49999993621753414 -0.8660254406092593 -1.2735289883664143e-23
vn -0.49999993621753414 -0.8660254406092593 0
vn -0.4999995424065584 -0.8660256679759741 -1.2735259744427864e-23
vn -0.5000003523801481 -0.8660252003375697 1.2735259879699206e-23
vn -0.4999999585692771 -0.8660254277044763 0
vn -0.49999993621753414 -0.8660254406092593 0
vn -0.49999993621753414 -0.8660254406092593 -1.2735289883664143e-23
vn -0.4999995424065584 -0.8660256679759741 0
vn -0.5000003523801481 -0.8660252003375697 1.2735259879699206e-23
vn -0.49999993621753414 -0.8660254406092593 0
vn -0.49999993621753414 -0.8660254406092593 -1.2735289883664143e-23
vn -0.002090606894722396 -0.0024140249656057684 0.9999949009101383
vn 0.6506571353227509 0.7574170440840917 -0.0544491835063518
vn 0.6988013847404984 0.7132404308436975 -0.054449173498397375
vn 0.7439536548566832 0.6660091963170455 -0.05444914918073849
vn 0.3034946362890009 0.395429616476229 -0.8669062372351864
vn 0.3034941590779226 0.39542985440762995 -0.8669062957717779
vn 0.3287075767471714 0.37473327029666514 -0.8669061685798348
vn 0.32870712201822616 0.37473344033914535 -0.8669062674972902
vn 0.3287065958153073 0.37473383944190297 -0.8669062945005316
vn 0.3525126854167181 0.3524325767746008 -0.8669060418801503
vn 0.35251247250805595 0.3524331089249605 -0.866905912114887
vn 0.37480759071475217 0.32862177009671084 -0.8669065706067218
vn 0.37480822092656124 0.3286233832475183 -0.8669056866284941
vn 0.35251129112986085 0.35243261299777656 -0.8669065941158355
vn 0.3748067596824432 0.3286226969784156 -0.8669065785463734
vn 0.3954981295586387 0.3034057042724115 -0.8669061126388371
vn 0.3954979696276333 0.30340632174437265 -0.8669059694949447
vn 0.3034933514969961 0.3954299698147006 -0.8669065258547001
vn 0.30349316824408434 0.3954305302751485 -0.8669063343611481
vn 0.3287059430666907 0.3747338427508135 -0.8669065405739227
vn 0.32870609208417617 0.37473467722254933 -0.866906123356884
vn 0.30349305836421403 0.39543107887255 -0.8669061225913837
vn 0.3034925518945049 0.39543146652396194 -0.8669061230763514
vn 0.32870557547837187 0.3747350532908258 -0.8669061566770386
vn 0.3287048658940356 0.3747350895587353 -0.8669064100530061
vn 0.3525111298233063 0.3524334351705829 -0.8669063254611531
vn 0.3525113247618211 0.3524343155589747 -0.8669058882780429
vn 0.3525102772828373 0.35243392373205124 -0.8669064735095753
vn 0.35250973774867633 0.35243418886126626 -0.8669065851140253
vn 0.3034919259155253 0.3954315557612914 -0.866906301518388
vn 0.3034912096855022 0.3954311968639964 -0.8669067159679512
vn 0.3034910611929185 0.39543209160995 -0.8669063598226606
vn 0.303491051563266 0.3954329433303813 -0.8669059746881979
vn 0.3287047164891982 0.37473577456386387 -0.8669061705973586
vn 0.3287041132337858 0.3747357961476828 -0.8669063900034151
vn 0.3287033133287213 0.37473550354835683 -0.8669068197834643
vn 0.3287037264041705 0.3747369591229124 -0.8669060339594624
vn 0.35250995108294964 0.352435266461891 -0.8669060602749484
vn 0.35250949725070774 0.35243546828217925 -0.8669061627677902
vn 0.3748062231586752 0.3286229949297698 -0.8669066975660747
vn 0.3748068523570917 0.3286244581804763 -0.8669058708485932
vn 0.39549637803412485 0.30340556048703166 -0.8669069620365492
vn 0.395496986717198 0.30340691822515775 -0.8669062091545595
vn 0.37480611614341325 0.32862461494671713 -0.8669061297237505
vn 0.3748055143365725 0.3286245502914479 -0.8669064144235183
vn 0.39549696106826787 0.30340760686485624 -0.8669059798399743
vn 0.39549628678326865 0.3034077346420682 -0.8669062427390952
vn 0.35250830506188074 0.35243490194214 -0.8669068777875938
vn 0.3525086338997201 0.35243588643086027 -0.8669063438352766
vn 0.374805176489229 0.3286248395276827 -0.8669064508482348
vn 0.3748049635104353 0.3286255807606954 -0.8669062619439527
vn 0.3748042675948989 0.3286256275203462 -0.8669065450955542
vn 0.37480435583540717 0.32862616293941643 -0.8669063039789949
vn 0.3954958043217817 0.30340805815287525 -0.86690634962017
vn 0.3954953264575055 0.30340817657420366 -0.8669065261827182
vn 0.3954949926904415 0.3034086488532585 -0.8669065131591915
vn 0.3954953505809774 0.3034095431244313 -0.8669060368978021
vn 0.7859194769103812 0.6159268534824279 -0.05444893912785097
vn 0.8245204059496679 0.5632063724884074 -0.05444889494786887
vn 0.8595907488762632 0.5080738545827939 -0.05444908388326654
vn 0.8909798435206574 0.4507662442262251 -0.05444916442047818
vn 0.9185536568995658 0.3915283707754935 -0.05444918984082655
vn 0.39549774141592736 0.3034045116329025 -0.8669067071234944
vn 0.41449510587629923 0.27688863563825045 -0.8669062755909566
vn 0.4144943075332313 0.2768886696621824 -0.8669066464361972
vn 0.4317170304725889 0.24918652627521837 -0.8669062698601386
vn 0.4317165610231388 0.2491868732661012 -0.8669064039042614
vn 0.4144952409206676 0.27689019593711256 -0.8669057126631622
vn 0.4317167637461599 0.24918760002141435 -0.8669060940471638
vn 0.44708984432319077 0.22041703436258597 -0.8669065705517911
vn 0.4470902337897321 0.2204178698315349 -0.8669061572677699
vn 0.4470899028689214 0.2204183302415394 -0.8669062108706975
vn 0.41449383574110754 0.2768897161136499 -0.8669065377785118
vn 0.4144935017754205 0.27689006963978924 -0.8669065845411615
vn 0.4317162039196118 0.24918811036513117 -0.8669062261432292
vn 0.43171576673277556 0.2491883842703449 -0.8669063651277839
vn 0.4144939774698204 0.2768912311669755 -0.8669059861046552
vn 0.41449362224221675 0.2768915605959549 -0.8669060507294104
vn 0.431715399083168 0.2491886765089737 -0.8669064642129318
vn 0.43171610458078064 0.2491898033647611 -0.8669057889670759
vn 0.4144924760908242 0.27689131305005854 -0.8669066778041983
vn 0.4144929058409465 0.2768924539003857 -0.866906107938196
vn 0.41449203924057176 0.2768922735279258 -0.8669065798958551
vn 0.4144923402133051 0.27689310996330946 -0.8669061688322124
vn 0.942194100250801 0.3306139395703231 -0.05444906256653382
vn 0.46054918209649803 0.19070484007384655 -0.8669060588337443
vn 0.4605485415639411 0.19070407403435205 -0.8669065676357673
vn 0.47203495714453403 0.16017421949716354 -0.866906695464992
vn 0.4720358590646881 0.1601753546493022 -0.8669059946268869
vn 0.4605486302199819 0.19070522111279828 -0.8669062681990578
vn 0.4720358616534764 0.16017596647537008 -0.8669058801719719
vn 0.9617999682551343 0.26828369192681534 -0.05444889081092805
vn 0.977287336789811 0.2048041788472685 -0.05444914762395254
vn 0.9885896595842198 0.1404486171076098 -0.054448791682793894
vn 0.995658849983024 0.07549012266389206 -0.0544490204748671
vn 0.48150129278766135 0.12895921181391906 -0.8669060080147926
vn 0.48149957326266224 0.12895907213462918 -0.8669069838581585
vn 0.4889043227602841 0.09719142230424146 -0.8669062178902551
vn 0.4889042722184582 0.09719206485581632 -0.8669061743554504
vn 0.4815015142793155 0.12896059308840194 -0.8669056795159517
vn 0.48890416865272895 0.09719227810794813 -0.8669062088543208
vn 0.4942132325081092 0.0650070694073075 -0.866906777999203
vn 0.4974077734177213 0.03254501954450846 -0.8669061821480294
vn 0.49421447886406794 0.06500805218133959 -0.866905993769051
vn 0.49740635437176817 0.03254533126912291 -0.866906984654738
vn 0.4942150626805082 0.06500866897080741 -0.8669056146884421
vn 0.49740907281867885 0.03254635241974015 -0.8669053865456324
vn 0.4470896656918616 0.22042020839989865 -0.8669058556501302
vn 0.447088956265259 0.22042019637256566 -0.8669062245806758
vn 0.44708884494346995 0.22041848662763322 -0.866906716711722
vn 0.4605472974033501 0.19070538845743612 -0.8669069394506936
vn 0.4470893070200202 0.2204195373329629 -0.8669062112537206
vn 0.46054802301517983 0.19070625701309207 -0.8669063628979002
vn 0.4720333932718086 0.16017544670301595 -0.8669073202538962
vn 0.4720347752405931 0.1601767218436837 -0.8669063321622318
vn 0.46054869218652955 0.19070721884639263 -0.8669057958077979
vn 0.46054884719526556 0.19070787698081523 -0.8669055686778014
vn 0.4720352404509447 0.16017742836581536 -0.8669059483095806
vn 0.4720350818282382 0.16017799134857533 -0.8669059306585372
vn 0.43171440841245656 0.24919002836214935 -0.8669065689761233
vn 0.43171450226619473 0.2491894199812668 -0.866906697114777
vn 0.4470883263973031 0.2204205669200819 -0.8669064552060322
vn 0.44708728096205785 0.22042059556186103 -0.8669069870834522
vn 0.43171498959991667 0.24919099066192468 -0.8669060029366923
vn 0.43171413861340885 0.24919092152087743 -0.8669064465978197
vn 0.44708844839078243 0.22042193919954953 -0.8669060433720789
vn 0.4470879018058956 0.22042218751856926 -0.8669062621231493
vn 0.4605470860487789 0.19070754799189907 -0.8669065766683838
vn 0.46054601608212004 0.190707668409064 -0.866907118600872
vn 0.47203487688165696 0.16017855883795692 -0.8669059373980054
vn 0.4720325056538097 0.16017797197675626 -0.8669073369741425
vn 0.4605469484208728 0.19070859578707047 -0.8669064192824653
vn 0.46054687813991035 0.19070912780789717 -0.8669063395813493
vn 0.47203355115343 0.16017906058213974 -0.8669065665551884
vn 0.47203489169883694 0.16017995446207814 -0.8669056714587774
vn 0.48149976737195405 0.12896056634729178 -0.8669066537685243
vn 0.48149947295344625 0.12896082063249345 -0.8669067794678661
vn 0.48890358889110347 0.09719281033653986 -0.866906476148543
vn 0.4889039295146983 0.09719349240953486 -0.8669062075786079
vn 0.4815005327366602 0.12896183040274922 -0.8669060406257906
vn 0.48150043180927116 0.1289623866422313 -0.8669060139363581
vn 0.48890320070356186 0.09719371170624477 -0.8669065940149354
vn 0.48890439024078153 0.0971946797736605 -0.866905814622895
vn 0.4942132234996608 0.06500893831809788 -0.8669066429880602
vn 0.4942136219627934 0.06500962522280307 -0.8669063643178585
vn 0.49740652112681927 0.03254672196338259 -0.8669068367650318
vn 0.4974069996920961 0.03254726596885255 -0.8669065417536425
vn 0.4942141844528236 0.06501020587427764 -0.8669060001048641
vn 0.4942134795227955 0.06501045663200566 -0.8669063831732174
vn 0.4974082380017153 0.03254801387617497 -0.8669058031647644
vn 0.4974081853036424 0.03254849861585057 -0.8669058152018542
vn 0.48150021521917374 0.12896289114605092 -0.866906059184697
vn 0.4814997006121915 0.1289633062445826 -0.866906283258367
vn 0.48890296475094974 0.09719485958591048 -0.8669065983875118
vn 0.4889037403378928 0.09719573144829562 -0.8669060632339868
vn 0.4814977410199894 0.12896292078595978 -0.866907428999776
vn 0.48150097862806157 0.1289645868112951 -0.8669053829160429
vn 0.48890236162119816 0.097195878907281 -0.8669068242462142
vn 0.49421334727755606 0.06501106978512394 -0.866906412583335
vn 0.4942128677628102 0.06501159842412658 -0.866906646305125
vn 0.49740683729956964 0.0325487812864297 -0.8669065780373382
vn 0.4889037951507156 0.09719659476302203 -0.8669059355280133
vn 0.4974063907619572 0.03254923207909015 -0.866906817322499
vn 0.49421343168884746 0.06501213456099458 -0.8669062846110622
vn 0.4942129576797771 0.06501249256089087 -0.8669065279904328
vn 0.4974076781066878 0.032549925365565634 -0.8669060526488495
vn 0.4974072565311158 0.03255021937929258 -0.8669062834981349
vn 0.27697829149263115 0.41443575531623134 -0.8669060103363502
vn 0.2769775663914805 0.41443568098012956 -0.866906277544689
vn 0.27697688249013785 0.4144355044885253 -0.866906580425703
vn 0.27697632170860675 0.4144350954296 -0.866906955150914
vn 0.27697679253725715 0.41443681497386214 -0.8669059826706088
vn 0.27697679071814363 0.4144378255308951 -0.8669055001398369
vn 0.3034889359809346 0.39543443394489775 -0.8669060353855188
vn 0.3034905588493993 0.3954328422654543 -0.8669061932799553
vn 0.30348990086054306 0.39543283921948663 -0.8669064250208747
vn 0.3034894222730186 0.3954329561481459 -0.8669065392303417
vn 0.32870367373037196 0.37473765247780677 -0.8669057542152893
vn 0.32870271702699266 0.3747369933734388 -0.8669064018776814
vn 0.32870199412826684 0.37473698466004085 -0.8669066797435588
vn 0.30348917637607287 0.3954334530436483 -0.8669063986593648
vn 0.3034893000116004 0.3954341144619441 -0.8669060536748874
vn 0.3287016081774374 0.37473731417211775 -0.866906683645151
vn 0.3287024755421644 0.37473901643566043 -0.8669056189305075
vn 0.35250901804149454 0.3524371348406535 -0.8669056800971673
vn 0.3525081300815421 0.3524368131235843 -0.8669061719596338
vn 0.352506963991446 0.3524362430807023 -0.8669068778713741
vn 0.3748045349739509 0.32862705729372016 -0.8669058874972705
vn 0.39549497112963244 0.3034098174664161 -0.8669061139916865
vn 0.3748038499909207 0.32862720671778123 -0.8669061270038713
vn 0.3748028257662638 0.32862686929506946 -0.8669066977333518
vn 0.3954941877022852 0.3034098704987783 -0.8669064528411494
vn 0.3954939953695381 0.3034103598281167 -0.8669063693246306
vn 0.3525066361740357 0.35243657091438035 -0.8669068778913793
vn 0.35250776637513237 0.3524383865693394 -0.8669056801738099
vn 0.32870159128867965 0.37473849118486235 -0.8669061812611458
vn 0.3525072416503646 0.352438547295696 -0.8669058281982828
vn 0.37480307056738504 0.3286287524376078 -0.8669058780309206
vn 0.37480259147394357 0.3286271113315521 -0.8669067072772569
vn 0.37480340373179905 0.3286283398862157 -0.866905890379508
vn 0.3954933329408226 0.30341041423319187 -0.8669066524916063
vn 0.3954939953724614 0.30341155192328845 -0.8669059520985131
vn 0.2769759345325684 0.4144369733562375 -0.8669061810860109
vn 0.2769751525153227 0.4144365454149574 -0.8669066355228974
vn 0.2769748571754746 0.41443747330207487 -0.8669062862937478
vn 0.27697464243537673 0.41443665947627734 -0.8669067439638126
vn 0.30348840960598444 0.39543477488718726 -0.866906064141179
vn 0.3034875645123025 0.3954343140035762 -0.866906570222485
vn 0.3034872084602126 0.39543431605675944 -0.8669066939329458
vn 0.3034875661616144 0.3954354784431372 -0.8669060384919157
vn 0.377563267963571 0.6538881063761396 -0.6556495428386228
vn 0.27697498035992074 0.4144386117383671 -0.866905702689166
vn 0.41952157505786003 0.6277960611474804 -0.6556475834384516
vn 0.5000002818671057 0.866025241048328 0
vn 0.1590009665010728 0.2824715438584264 0.9460066170814884
vn 0.5555700015194128 0.8314697669859799 0
vn 0.5244760991324345 0.8037837562876171 0.280813985704048
vn 0.3034869801698298 0.3954353425324739 -0.8669063056314806
vn 0.4596820393433897 0.5990117683757885 -0.6556503062246011
vn 0.6087612032766206 0.7933535135015166 0
vn 0.0032956683940984655 0.004393446715895975 0.9999849179841619
vn 0.49787506161009465 0.5676647986523786 -0.6556501349025247
vn 0.6593458684883615 0.751839760658698 0
vn 0.6249033742698819 0.7284484428706407 0.28081780375441795
vn 0.3287006378159311 0.3747382231937745 -0.8669066586299663
vn 0.32870090510514755 0.37473923541057025 -0.8669061197309419
vn 0.35250570862203434 0.35243752090939384 -0.8669068688412371
vn 0.3525062264821104 0.3524386944184033 -0.8669061811799443
vn 0.32870032980169905 0.37473910587308906 -0.8669063938613509
vn 0.3287001941492678 0.3747394191266347 -0.866906309885253
vn 0.37480172381006793 0.3286281216324308 -0.8669066994211901
vn 0.37480184602029387 0.3286287501124401 -0.8669064083390521
vn 0.3525059284659446 0.3524389924486943 -0.8669061811973148
vn 0.3525054749310432 0.3524390455545073 -0.8669063440258513
vn 0.3748016989548956 0.32862937766767053 -0.8669062340266582
vn 0.3748017165964983 0.32862990344683746 -0.8669060270853124
vn 0.32870006031269783 0.3747401773109591 -0.8669060328890207
vn 0.35250520301385535 0.3524393398821349 -0.8669063349356755
vn 0.5339363930622 0.5338868019966582 -0.6556499148307036
vn 0.3748009224404356 0.32862964443826714 -0.8669064686194102
vn 0.7071067811865476 0.7071067811865476 0
vn 0.22669241727206216 0.2316944985349153 0.9460064520393101
vn 0.4144924212601424 0.2768937898319004 -0.8669059129285209
vn 0.41449135615157706 0.27689346720032304 -0.8669065252363776
vn 0.4144907494745585 0.27689369851732604 -0.8669067414211374
vn 0.41449088004142237 0.27689436175566046 -0.86690646715226
vn 0.41449069774399744 0.2768946574517891 -0.8669064598665478
vn 0.3954943184140739 0.30341235291590624 -0.8669055243798027
vn 0.414491772536794 0.27689620844796087 -0.8669054505806559
vn 0.3954926438406453 0.3034113353075037 -0.8669066444980417
vn 0.39549260848329076 0.30341192709227244 -0.8669064535076642
vn 0.414490849731145 0.2768960899510313 -0.8669059296480696
vn 0.414489323509049 0.2768954300888467 -0.8669068701382655
vn 0.39549199163077337 0.3034119935986204 -0.8669067116457426
vn 0.39549267205043587 0.3034131818297401 -0.8669059853561742
vn 0.41448927340861424 0.27689600268217024 -0.8669067112024421
vn 0.41448977883471605 0.2768967469296455 -0.8669062318274843
vn 0.5677112341632629 0.49782297021376654 -0.6556494832853667
vn 0.751839760658698 0.6593458684883615 0
vn 0.7146387132272012 0.6406503348474125 0.28081783778255304
vn 0.39549242545473645 0.30341338417268304 -0.8669060270368465
vn 0.5990539149382058 0.45962565801477234 -0.6556513261572009
vn 0.7933535135015166 0.6087612032766206 0
vn 0.03319246662519832 0.02604980369188501 0.999109437392596
vn 0.41449050165996604 0.2768978546723451 -0.8669055324033423
vn 0.627834191111423 0.41946341936219245 -0.6556482809315088
vn 0.8314697669859799 0.5555700015194128 0
vn 0.7921477028691046 0.5418906258718412 0.2808141136613771
vn 0.4317148632115919 0.24919208920403083 -0.8669057501022397
vn 0.43171411836199974 0.2491921340278458 -0.8669061081487254
vn 0.4317123082439869 0.24919148289269577 -0.8669071967427586
vn 0.4470879718101549 0.22042266948291853 -0.8669061034741342
vn 0.44708789361255397 0.22042321145115967 -0.8669060059998702
vn 0.44708644911314743 0.2204229661362478 -0.8669068133421814
vn 0.4605478981741099 0.1907101289829974 -0.8669055774366076
vn 0.4720340899594042 0.16018002995985992 -0.8669060940599365
vn 0.4605468882580775 0.19071010057324989 -0.8669061202086088
vn 0.4605462552272843 0.19071033601779028 -0.8669064047128194
vn 0.47203433974730435 0.1601807937771524 -0.8669058169168365
vn 0.4720329583470587 0.1601807753151352 -0.8669065725056916
vn 0.43171352773806454 0.24919291201820307 -0.8669061786420971
vn 0.43171387574484116 0.24919341310421175 -0.8669058612991619
vn 0.44708615818930525 0.22042326765961803 -0.8669068867126296
vn 0.44708813844740714 0.22042500296182654 -0.866905424212417
vn 0.43171299389605866 0.24919319664092812 -0.8669063626766027
vn 0.4470878236783792 0.22042530742222138 -0.8669055091336942
vn 0.460544980910986 0.19071010057390064 -0.8669071334905443
vn 0.4605461316786213 0.19071121338937524 -0.866906277335336
vn 0.47203275903295644 0.16018127021007364 -0.8669065895894564
vn 0.47203285701973025 0.1601815413424832 -0.8669064861373096
vn 0.4605474737823112 0.1907125698087977 -0.8669052659372047
vn 0.4720333277602213 0.16018215022123003 -0.866906117312662
vn 0.48149957644829916 0.1289646311208871 -0.8669061551286631
vn 0.48890367823587744 0.09719714656214289 -0.8669059395964517
vn 0.48149983758887277 0.12896534448021496 -0.8669059039624709
vn 0.4814984859568493 0.12896534964280087 -0.8669066539211543
vn 0.48890268618779137 0.09719748758479034 -0.8669064608396725
vn 0.48890259407577025 0.09719799368648123 -0.8669064560431566
vn 0.49421422942903026 0.0650133853478832 -0.8669057360264018
vn 0.4974071557621254 0.032550699198200715 -0.8669063233004711
vn 0.4942126277302445 0.06501346085696397 -0.8669066434740057
vn 0.49421256496881694 0.06501401178465151 -0.8669066379366397
vn 0.4974075886843582 0.03255129254610899 -0.8669060526220761
vn 0.49740619690744187 0.03255150919749626 -0.8669068430500709
vn 0.4814983647751005 0.12896582595165673 -0.8669066503698717
vn 0.4814990706792487 0.12896650890031136 -0.8669061566958015
vn 0.4889024792848179 0.09719850120436468 -0.8669064638776109
vn 0.4889033508773173 0.09719878578273912 -0.8669059404245029
vn 0.4814995557091551 0.12896700283300927 -0.8669058138184084
vn 0.488903236086217 0.09719929330061171 -0.8669059482586831
vn 0.4942124804021975 0.06501454141262723 -0.8669066464271763
vn 0.4942153064082008 0.06501543479630237 -0.8669049683501046
vn 0.4974062122791042 0.03255194411208067 -0.8669068178995241
vn 0.4974083782826561 0.03255262521416231 -0.8669055495299846
vn 0.49421322240089377 0.06501533077170427 -0.8669061642235397
vn 0.49740906211413133 0.032553362715475785 -0.8669051294707255
vn 0.43171288721670237 0.24919391682785008 -0.8669062087832876
vn 0.4317125048008604 0.24919433695474802 -0.8669062784570492
vn 0.447085786479948 0.22042436340303176 -0.8669067998037474
vn 0.44708592835026406 0.22042507493007132 -0.8669065457206185
vn 0.43171157332586907 0.24919393023476843 -0.8669068592361304
vn 0.4317121835695114 0.24919484740055534 -0.8669062916986233
vn 0.4470863625679752 0.22042593287824025 -0.8669061036355059
vn 0.43171267805736274 0.2491957344559964 -0.86690579046023
vn 0.6539237328491597 0.3775027295725326 -0.655648870037849
vn 0.8660252003375697 0.5000003523801481 0
vn 0.2789346237174881 0.1651272898755554 0.9460065823396461
vn 0.44708548148730815 0.22042574556708933 -0.8669066056585649
vn 0.46054511843728574 0.19071338897446663 -0.8669063370107871
vn 0.4605460725839651 0.19071243549576833 -0.8669060398767319
vn 0.46054480088550026 0.19071217133363566 -0.8669067735821108
vn 0.47203292717252826 0.1601828163085389 -0.8669062123577149
vn 0.4720327775618983 0.16018326314009163 -0.8669062112575913
vn 0.4814985375970337 0.1289676571895629 -0.8669062819537955
vn 0.4605446781672436 0.19071249770611642 -0.8669067669770059
vn 0.4720321182752045 0.1601833066098356 -0.8669065622085015
vn 0.47203161118563347 0.16018351507334525 -0.8669067998004412
vn 0.481498375255554 0.12896806393301674 -0.8669063116113707
vn 0.4814972939835383 0.1289681957966596 -0.8669068925550684
vn 0.44708649415816326 0.22042674364508807 -0.8669058296189877
vn 0.6772135683515808 0.33392558425722035 -0.6556489052984019
vn 0.4605459904846833 0.19071419685892058 -0.8669056960044379
vn 0.6976048403340119 0.2889195702571197 -0.6556469847905951
vn 0.8968728838647412 0.4422884015980324 0
vn 0.8560991251959759 0.4338576775795514 0.28082343820265915
vn 0.9238795305660377 0.3826834370613369 0
vn 0.0002889281925099793 0.00012338846990217595 0.9999999506478912
vn 0.4720331989307772 0.16018456094477276 -0.866905742017036
vn 0.7150074302038577 0.24267551501436876 -0.6556469851724983
vn 0.48149908197992564 0.12896913453153014 -0.8669057598093791
vn 0.7293481738378386 0.19539205493127895 -0.6556471506756832
vn 0.9469300640446149 0.32143965811402525 0
vn 0.9054044560500081 0.31840306785648625 0.28082424636125464
vn 0.9659258182961655 0.25881907493243805 0
vn 0.31216659797527685 0.087306513419099 0.946007181697445
vn 0.48149737777959367 0.12896674888114912 -0.8669070612668938
vn 0.48890158998866556 0.09719970914745597 -0.866906829969752
vn 0.48890226813260357 0.09719960338611412 -0.8669064593809288
vn 0.4942122693539361 0.06501620257216428 -0.8669066421611544
vn 0.4889027376019677 0.0972005481450271 -0.8669060886887391
vn 0.4889010017267138 0.0972004185002882 -0.8669070821916178
vn 0.49421288071937386 0.0650166626027919 -0.8669062591278556
vn 0.494212364056967 0.06501694832695602 -0.866906532241783
vn 0.49421235272400693 0.06501571003966627 -0.866906631571728
vn 0.49740538288491304 0.03255327064728753 -0.8669072439697788
vn 0.49740671635347694 0.032553884820438576 -0.8669064558010567
vn 0.4974066875908183 0.03255427604396007 -0.8669064576130368
vn 0.49740686536349127 0.03255478261528744 -0.8669063365889864
vn 0.48890284672718665 0.09720128222219775 -0.866905944838547
vn 0.7405657045119073 0.14727192864417296 -0.6556473261855098
vn 0.49421295242016827 0.0650174241533294 -0.8669061611366057
vn 0.7486118627214615 0.09852138099720932 -0.655647631337982
vn 0.9807852926251279 0.19509026057249068 0
vn 0.9392186930141744 0.19749985489809804 0.2808238843260599
vn 0.9914448482045445 0.13052629225051873 0
vn 0.04177039081960703 0.005963549899744305 0.9991094387119815
vn 0.49740685884851077 0.03255518452023159 -0.8669063252343424
vn 0.7534522566597286 0.04934886570247821 -0.655648065953253
vn 0.9978589147635325 0.06540325853461215 8.099151342251514e-20
vn 0.9569622422093598 0.07321776559763869 0.2808245462678145
vn -0.503161180960412 0.8641925861603555 -8.670256355854408e-18
vn -0.026637514650802423 0.9996451584503514 0
vn -0.5507424417659096 0.8346752439348634 0
vn -0.500000121947118 0.8660253333782257 0
vn -0.4999997504879324 0.86602554784025 0
vn -0.9816789582842668 0.190542443728207 -1.467367476750941e-19
vn -0.9966452726904592 -0.0818425343189811 -8.336763109710872e-8
vn -0.9999999999999845 -1.7678431163403454e-7 0
vn -0.9999999999999742 2.2686923273340068e-7 0
vn -0.4999999585692771 0.8660254277044763 1.2735290482754446e-23
vn -0.500000121947118 0.8660253333782257 -1.273527507145246e-23
vn -0.4999997504879324 0.86602554784025 0
vn -0.500000121947118 0.8660253333782257 0
vn -0.4999997504879324 0.86602554784025 0
vn -0.49999993621753414 0.8660254406092593 1.2735289883664143e-23
vn -0.49999993621753414 0.8660254406092593 0
vn -0.5000003523801481 0.8660252003375697 -2.5470519759398413e-23
vn -1 -1.671074123521521e-8 0
vn -0.9999999999999705 -2.432967391996427e-7 0
vn -0.9999999999999749 2.2403692412353287e-7 0
vn -0.9999999999999705 -2.432967391996427e-7 0
vn -0.9999999999999742 2.2686923273340068e-7 0
vn -1 -1.671074123521521e-8 0
vn -1 -1.671074123521521e-8 0
vn -0.9999999999998923 -4.642174928903342e-7 0
vn 0.07549013007201341 -0.9956588494230205 -0.05444902044424251
vn 0.1404486025003859 -0.9885896616531872 -0.05444879179674691
vn 0.03254501857961975 -0.49740781827531194 -0.8669061564461557
vn 0.0325453275477785 -0.4974063544320741 -0.8669069847598425
vn 0.0325463529022055 -0.49740905038992106 -0.8669053993965904
vn 0.0650070694073075 -0.4942132325081092 -0.866906777999203
vn 0.06500805122385292 -0.49421450138723383 -0.8669059810006184
vn 0.06500866897080741 -0.4942150626805082 -0.8669056146884421
vn 0.2048041788472685 -0.977287336789811 -0.05444914762395254
vn 0.26828369192681534 -0.9617999682551343 -0.05444889081092805
vn 0.09719143329035655 -0.48890437034748957 -0.8669061898210734
vn 0.09719205747561602 -0.48890427257249197 -0.8669061749832093
vn 0.0971922795240862 -0.48890414597397475 -0.8669062214855597
vn 0.12895922646726715 -0.48150129186238816 -0.8669060063489095
vn 0.12895908678797716 -0.48149957233739343 -0.8669069821922755
vn 0.12896059308840194 -0.4815015142793155 -0.8669056795159517
vn 0.03254672148091422 -0.49740654355565217 -0.8669068239141177
vn 0.032547261048214315 -0.4974069516217432 -0.8669065695198209
vn 0.03254801387617497 -0.4974082380017153 -0.8669058031647644
vn 0.03254850185469793 -0.49740820767211374 -0.8669058022457977
vn 0.06500893831809788 -0.4942132234996608 -0.8669066429880602
vn 0.06500962282115683 -0.4942135739027706 -0.8669063918964385
vn 0.06501021329336974 -0.4942141842134441 -0.8669059996849661
vn 0.06501045663200566 -0.4942134795227955 -0.8669063831732174
vn 0.0325487812864297 -0.49740683729956964 -0.8669065780373382
vn 0.06501106882759503 -0.49421336980075536 -0.8669063998149256
vn 0.06501159842412658 -0.4942128677628102 -0.866906646305125
vn 0.032549231362227676 -0.4974063202024634 -0.8669068578344348
vn 0.032549928604391994 -0.4974077004751716 -0.866906039692798
vn 0.032550216622991006 -0.49740721173380653 -0.8669063093051039
vn 0.06501212762855346 -0.49421352503464167 -0.8669062319155643
vn 0.0650124999799807 -0.49421295744038984 -0.8669065275705199
vn 0.09719279415999738 -0.4889036122779464 -0.8669064647728426
vn 0.09719348502933689 -0.48890392986873715 -0.8669062082063764
vn 0.09719371170624477 -0.48890320070356186 -0.8669065940149354
vn 0.0971946797736605 -0.48890439024078153 -0.866905814622895
vn 0.12896056634729178 -0.48149976737195405 -0.8669066537685243
vn 0.12896080597915155 -0.4814994738787274 -0.8669067811337713
vn 0.12896184986917392 -0.4815005795841557 -0.866906011709714
vn 0.1289623866422313 -0.48150043180927116 -0.8669060139363581
vn 0.0971948581697382 -0.48890298742973887 -0.8669065857562976
vn 0.09719572784222104 -0.4889036923966741 -0.8669060906754082
vn 0.097195878907281 -0.48890236162119816 -0.8669068242462142
vn 0.1289629039487896 -0.4815002371867548 -0.866906045078816
vn 0.12896332089791454 -0.48149969968689194 -0.8669062815924304
vn 0.1289629354392934 -0.48149774009469637 -0.8669074273338422
vn 0.1289645886619172 -0.48150095573520446 -0.8669053953560026
vn 0.09719658596662847 -0.4889038181835303 -0.8669059235245756
vn 0.3915283707754935 -0.9185536568995658 -0.05444918984082655
vn 0.45076619644937577 -0.8909798675970378 -0.054449165974580965
vn 0.22041703436258597 -0.44708984432319077 -0.8669065705517911
vn 0.2204178698315349 -0.4470902337897321 -0.8669061572677699
vn 0.2204183190012635 -0.44708988049222853 -0.8669062252689747
vn 0.5080738545827939 -0.8595907488762632 -0.05444908388326654
vn 0.5632063724884074 -0.8245204059496679 -0.05444889494786887
vn 0.6159268166146842 -0.7859195059225509 -0.05444893741253986
vn 0.24918652627521837 -0.4317170304725889 -0.8669062698601386
vn 0.2491868313384394 -0.43171656583225426 -0.866906413561183
vn 0.24918760002141435 -0.4317167637461599 -0.8669060940471638
vn 0.27688863221786814 -0.4144951305583973 -0.8669062648821354
vn 0.2768886696621824 -0.4144943075332313 -0.8669066464361972
vn 0.3034045116329025 -0.39549774141592736 -0.8669067071234944
vn 0.2768901925167097 -0.41449526560276323 -0.866905701954344
vn 0.3306139395703231 -0.942194100250801 -0.05444906256653382
vn 0.16017421949716354 -0.47203495714453403 -0.866906695464992
vn 0.16017533410723617 -0.4720358126386509 -0.8669060237016487
vn 0.19070407403435205 -0.4605485415639411 -0.8669065676357673
vn 0.1601759764875859 -0.47203590685048175 -0.866905853711977
vn 0.19070484007384655 -0.46054918209649803 -0.8669060588337443
vn 0.19070522834934067 -0.46054867749838474 -0.8669062414902284
vn 0.24918807164358683 -0.4317161844809476 -0.8669062469539385
vn 0.24918835741849557 -0.4317157460283569 -0.8669063831569422
vn 0.24918868407266317 -0.4317154459757593 -0.8669064386864859
vn 0.24918979259500726 -0.43171608193603483 -0.8669058033398185
vn 0.2768897161136499 -0.41449383574110754 -0.8669065377785118
vn 0.27689007306017593 -0.4144934770932815 -0.8669065952499448
vn 0.2768912311669755 -0.4144939774698204 -0.8669059861046552
vn 0.2768915605959549 -0.41449362224221675 -0.8669060507294104
vn 0.2768913233112386 -0.41449240204433074 -0.8669067099304698
vn 0.27689245732079687 -0.41449288115879274 -0.8669061186469579
vn 0.2768922735279258 -0.41449203924057176 -0.8669065798958551
vn 0.27689310996330946 -0.4144923402133051 -0.8669061688322124
vn 0.1601754299308625 -0.47203341756036044 -0.8669073101276455
vn 0.16017672786695483 -0.47203482279326975 -0.866906305156654
vn 0.16017741384696998 -0.47203524157761234 -0.8669059503787373
vn 0.1601779645642327 -0.4720350609197252 -0.8669059469922736
vn 0.19070538845743612 -0.4605472974033501 -0.8669069394506936
vn 0.19070624265386904 -0.46054802432393976 -0.8669063653614268
vn 0.22041848662763322 -0.44708884494346995 -0.866906716711722
vn 0.2204195373329629 -0.4470893070200202 -0.8669062112537206
vn 0.19070721884639263 -0.46054869218652955 -0.8669057958077979
vn 0.1907078795983619 -0.4605488237141715 -0.8669055805764488
vn 0.16017855883795692 -0.47203487688165696 -0.8669059373980054
vn 0.16017795745791424 -0.4720325067804747 -0.8669073390433096
vn 0.16017906283549005 -0.4720335279915322 -0.8669065787505662
vn 0.16017994444998354 -0.47203484650180016 -0.8669056979187655
vn 0.19070754799189907 -0.4605470860487789 -0.8669065766683838
vn 0.190707668409064 -0.46054601608212004 -0.866907118600872
vn 0.19070859116793382 -0.46054687766136 -0.8669064578898431
vn 0.1907091421671034 -0.46054687683113393 -0.8669063371177856
vn 0.2204202367542725 -0.4470896627549143 -0.866905849955396
vn 0.22042019637256566 -0.447088956265259 -0.8669062245806758
vn 0.22042054150265494 -0.44708830548904915 -0.866906472451675
vn 0.220420584321613 -0.4470872585853015 -0.8669070014817037
vn 0.2491894027476492 -0.43171440881830553 -0.8669067486050221
vn 0.2204219588923605 -0.44708851771447505 -0.8669060026126983
vn 0.22042218751856926 -0.4470879018058956 -0.8669062621231493
vn 0.24919002836214935 -0.43171440841245656 -0.8669065689761233
vn 0.2491909638099656 -0.4317149688955615 -0.8669060209659205
vn 0.24919091395724266 -0.4317140917207593 -0.8669064721242274
vn -0.4999995424065584 0.8660256679759741 0
vn -0.49999993621753414 0.8660254406092593 1.2735289883664143e-23
vn -0.49999993621753414 0.8660254406092593 0
vn -0.49999993621753414 0.8660254406092593 1.2735289883664143e-23
vn -0.5000003523801481 0.8660252003375697 -1.2735259879699206e-23
vn -0.4999995424065584 0.8660256679759741 0
vn -0.9999999999998959 4.5628704015138986e-7 0
vn -1 -1.671074123521521e-8 0
vn -1 -1.671074123521521e-8 0
vn -1 -1.671074123521521e-8 0
vn -0.9999999999998923 -4.642174928903342e-7 0
vn -0.9999999999998959 4.5628704015138986e-7 0
vn -0.4999999585692771 0.8660254277044763 0
vn -0.49999993621753414 0.8660254406092593 1.2735289883664143e-23
vn -0.49999993621753414 0.8660254406092593 0
vn -0.5000003523801481 0.8660252003375697 -1.2735259879699206e-23
vn -0.4999995424065584 0.8660256679759741 0
vn -0.49999993621753414 0.8660254406092593 1.2735289883664143e-23
vn -0.49999993621753414 0.8660254406092593 0
vn -0.0017692099718091044 0.005107269601332679 0.9999853927399616
vn -1 -1.671074123521521e-8 0
vn -1 -1.671074123521521e-8 0
vn -1 -1.671074123521521e-8 0
vn -0.9999999999998896 -4.6988216695348725e-7 0
vn -0.9999999999998959 4.5628704015138986e-7 0
vn -1 -1.671074123521521e-8 0
vn -1 -1.671074123521521e-8 0
vn -0.0034039509892452107 0.0006550906770560563 0.9999939919688857
vn 0.032550695476857634 -0.4974071558224414 -0.8669063234055928
vn 0.03255129206357183 -0.4974076111131593 -0.8669060397711462
vn 0.03255150919749626 -0.49740619690744187 -0.8669068430500709
vn 0.06501338439031851 -0.4942142519522031 -0.8669057232579799
vn 0.06501346085696397 -0.4942126277302445 -0.8669066434740057
vn 0.06501400532313381 -0.4942125426849866 -0.8669066511249545
vn 0.03255194411208067 -0.4974062122791042 -0.8669068178995241
vn 0.03255262569671997 -0.4974083558538782 -0.8669055623809269
vn 0.03255336319804503 -0.49740903968537364 -0.8669051423216789
vn 0.06501454141262723 -0.4942124804021975 -0.8669066464271763
vn 0.06501542833481233 -0.49421528412445787 -0.8669049815384741
vn 0.06501532981411284 -0.4942132449240964 -0.8669061514551372
vn 0.09719714656214289 -0.48890367823587744 -0.8669059395964517
vn 0.09719747282440568 -0.4889026868958961 -0.866906462095261
vn 0.09719800844686426 -0.48890259336766173 -0.8669064547875612
vn 0.12896464577421382 -0.4814995755229905 -0.8669061534627099
vn 0.12896534929343423 -0.48149988536163785 -0.8669058767123174
vn 0.1289653642961252 -0.4814984850315375 -0.8669066522551908
vn 0.09719851077451477 -0.4889025495507672 -0.8669064231772516
vn 0.09719880054312025 -0.48890335016920206 -0.8669059391688982
vn 0.09719930806099147 -0.4889032353780981 -0.8669059470030717
vn 0.12896582595165673 -0.4814983647751005 -0.8669066503698717
vn 0.12896649239634958 -0.48149909449748074 -0.8669061459218573
vn 0.12896698447838895 -0.4814996024202744 -0.866905790604532
vn 0.38985044709330857 -0.9044532995169192 0.173149813439419
vn 0.7096702976995438 -0.3548352680590602 0.6086542541578887
vn -0.8074857097775701 -0.46834186306679026 0.3586401090287333
vn -0.38878202759433017 -0.7775644128165319 0.4942085783765022
vn -0.8815963314563751 -0.4407983743444453 0.16877411394510633
vn 0 0 1
vn 0 0 1
vn -0.5176825329708947 0 0.8555727877023898
vn -0.2075187902315258 0 0.9782310318635594
vn -0.9847269085311904 0 0.17410604703629545
vn -0.9806688582712392 0 0.19567470561363867
vn -0.17044882586813062 0 0.985366529652888
vn -0.9795291655380423 0 0.2013022947220094
vn -0.9737683973664938 0 0.2275414430170697
vn -0.02582157020499716 0 0.999666567667514
vn -0.02556728508757545 0 0.9996731035359762
vn -1 0 0
vn -1 0 0
vn -0.9205149261520258 0.3866164024982529 0.05639173743235415
vn 0.45435123856485476 0.7633103597386888 0.45926272081476
vn -0.5734887581229665 0 0.8192134302528111
vn -0.6188855104146255 0 0.7854812060124853
vn -0.19446084977965197 0 0.9809102802514488
vn -0.13298171759903857 0 0.9911184907892747
vn -0.8355456875761255 0 0.5494209715445342
vn -0.8724525083984275 0 0.48869890586054293
vn -0.4097491491920698 0 0.9121982431118659
vn -0.357373499148286 0 0.933961552798888
vn -0.8355456875761255 0 0.5494209715445342
vn -0.8724524956917128 0 0.4886989285452772
vn -0.5446098527196763 0 0.8386895184277984
vn -0.22112496298309037 0.9552601023473886 0.1964227268138384
vn -0.25241511826527363 -0.9036465203566101 0.3459907142085154
vn 0.5923098918524715 0.6396949883764503 0.4898564216786042
vn -0.2565907566349732 0 0.9665201413366884
vn -0.9353611669203289 0 0.353694059064385
vn -0.9353611570607758 0 0.3536940851384523
vn -0.23278320438432948 0.9311331155605496 0.2807189000816795
vn 0.38985044709330857 -0.9044532995169192 0.173149813439419
vn 0.7096697642727795 -0.3548350013456786 0.6086550316041343
vn -0.82830692267342 -0.4448309590679906 0.34063625718050167
vn -0.9139133553499522 0 0.40590932351079606
vn -0.9720813790245776 0 0.23464396977905827
vn -0.4866763124587895 0 0.8735823755614089
vn -0.22169521425615651 0.9577237356665518 0.183347970037363
vn 0.25356618273548304 -0.9443132543342418 0.20970614836391624
vn 0.812273504334333 0.35011705841725144 0.4665080916357972
vn 0 0 1
vn 0.3740957421274534 0.7481917226734885 0.5479612411886332
vn 0.38985044709330857 -0.9044532995169192 0.173149813439419
vn -0.8074857097775701 -0.46834186306679026 0.3586401090287333
vn 0.9147023352518419 0 0.40412824435422373
vn 0.3998946948573718 0 0.9165610907216875
vn -0.37878218543221637 -0.7575646092830135 0.5316200887485998
vn 0.5987977929258583 0.2993990454745398 0.7428333694416638
vn -0.7775648424179483 -0.38878093109281875 0.4942087650519284
vn -0.4068397848295437 -0.8136765894268715 0.41522499599434637
vn 0 0 1
vn 1 0 0
vn -0.5870199763604609 -0.6339818200404327 0.5034626095471085
vn -0.23968539731280192 -0.9587419468790703 0.15285545331957975
vn -0.5258876689580693 -0.5258878477720039 0.6684939275741985
vn 0.4068382322618544 0.81367694136086 0.41522582755373577
vn 0.710328404183661 0.3551643809057659 0.6076938544577503
vn -0.7734746868765123 -0.3580904871296967 0.5229800300092707
vn 0 0 1
vn 0.340129525240102 0.6802594677127183 0.6492757215907214
vn 0.5073127283304782 0.2536563641652391 0.8235849953662088
vn -0.227456273574107 -0.9098255711335903 0.34710383709088705
vn 0 0 1
vn 0.3340954168643252 0.7954643330890306 0.5055855488574376
vn -0.5624381880167144 -0.5624385456445817 0.6060743906763284
vn -0.3740958023199805 -0.748191604639961 0.5479613612590309
vn -0.5073141355412834 -0.2536559948870569 0.8235842422836038
vn -0.34013101785446503 -0.680259115081308 0.6492753091270922
vn 0 0 1
vn 0.07970009608613367 -0.04622606854495594 0.9957464764038778
vn 0.4407980920772322 -0.8815964821776804 0.16877406386353014
vn -0.008832984731746669 -0.020492531655703944 0.9997509862596129
vn -0.8815963314563751 -0.4407983743444453 0.16877411394510633
vn -0.032653062739425545 -0.06530615528117276 0.997330879686439
vn -0.25400349042032755 0 0.9672033017180466
vn -0.27286287951679417 0 0.9620529346048498
vn -0.24700561183977773 0 0.9690140492890993
vn -0.2728632142278132 0 0.96205283967216
vn -0.24700541567709483 0 0.9690140992917419
vn -0.5047002994760548 0.847896808295551 0.16232254985367275
vn 0.8839385106901074 0.37125430323588066 0.2842937770120821
vn -0.25978889375404773 0 0.9656654341344357
vn -0.2470057660264128 0 0.9690140099862875
vn -0.060316591271043815 0 0.9981792969288843
vn -0.9752967169095477 0 0.22089887728428476
vn -0.9799044534114114 0 0.19946744642794031
vn -0.9752967169095477 0 0.22089887728428476
vn -0.5962418919953723 0.6439414627000951 0.47941109587225955
vn -0.06532122151421273 -0.9354003009713867 0.3475045538730829
vn 0.16323360659943073 0.7051694928378767 0.6899933159439402
vn -0.8940884877794719 0 0.44789036160674095
vn -0.6940862407124753 0.5983487852206367 0.40027868002007344
vn 0.7760000347390082 -0.45008016319977445 0.44187305052370257
vn 0.38763644779827017 -0.7752731936197603 0.49868773756024576
vn -0.19690871254060208 -0.39381647140688697 0.8978505141582485
vn -0.8207067782809676 0 0.5713496163328323
vn -0.9752967072785415 0 0.22089891980640172
vn -0.39338594745293476 0.3662563270908571 0.8432697072778507
vn 0.02316749977122555 -0.021569691131812067 0.9994988821298544
vn 0.450081140006567 0.7760000828439211 0.4418719710918726
vn 0.8212348934297462 0.41061759572648715 0.3961899038254666
vn 1 0 0
vn 0.5340489068105739 -0.30974846608593454 0.7866687059314371
vn -0.36722754932052537 -0.8519681576105662 0.3732213625151948
vn 0.9624724249362656 0 0.27137949671503236
vn 0.3586366527325041 0 0.9334772366355941
vn 0.3586366068089724 0 0.933477254279153
vn 0.3703392795884915 0 0.9288965593616315
vn -0.8212348934297462 -0.41061759572648715 0.3961899038254666
vn 0.41061738410871873 0.8212352450545989 0.3961893942899351
vn -0.41061881118395077 -0.8212344037170888 0.3961896591953361
vn -0.8212355878790156 -0.41061627402108314 0.3961898341831227
vn -0.009514162358226249 -0.04110119882189607 0.9991096897588495
vn -0.6825342266755846 -0.6825344650941668 0.26133069734530057
vn -0.00027661168278995626 -0.0011064470804057925 0.9999993496302061
vn 0.8212346513172627 0.4106175640772127 0.39619043848521857
vn 0.4106171823780727 0.8212347819886687 0.39619056322420915
vn -0.434249396243696 -0.7487068688715293 0.5008647385937405
vn 0.8595682265755766 0.4297843219040422 0.2764559648609534
vn 0.40287255966499186 0.8057451193299837 0.4341295928002233
vn -0.062376851150578796 -0.06237688467819245 0.9961015273045123
vn 0.7690279926193007 0.4577541855907417 0.4461581021813744
vn -0.03180265822974199 -0.12721070742477447 0.9913657381844556
vn -0.07224667139321167 -0.036123335696605835 0.9967324230157015
vn -0.036628290108546915 -0.07325626729271646 0.9966403000411241
vn -0.07224671619391737 -0.036123209085345165 0.9967324243569948
vn -0.7264269069457996 -0.33630892982200467 0.5993331732743786
vn -0.03754870930486915 -0.06473920432956001 0.9971955324069167
vn 0 0 1
vn -0.2970657000800142 0.14853289474348993 0.9432337721981178
vn -0.14158309719542334 0.07079127292623497 0.9873919294110289
vn -0.4407980920772322 0.8815964821776804 0.16877406386353014
vn -0.49014379986899387 0.8450764912431372 0.21355275553869965
vn -0.43864563131602746 0.8772878651673008 0.19482302676419808
vn 0.6510694128262522 0 0.7590181945659006
vn 0.6370741750528954 0 0.7708025009564206
vn 0.526595239571147 0 0.8501161412777704
vn 0.9229752331734958 0 0.38485934956595613
vn 0 0 1
vn 0 0 1
vn 0.4431117995698291 0 0.8964663591468381
vn 0.9854506166073059 0 0.16996200230722386
vn 0.3752873885029692 0 0.9269085046705642
vn 0 0 1
vn 0.39035112648919845 0 0.9206660621792321
vn 0.40967238141905854 0.20483538604682103 0.8889381331259714
vn 0.07732960581617945 0.15465989708577382 0.9849367737564336
vn 0.3597748642154426 0 0.9330391455232517
vn 0.4147067422823949 0.20735256647848235 0.8860153672935419
vn 0.08983562302311521 0.1796720507089493 0.979616003865846
vn -0.38192624659968966 0 0.9241928057273943
vn -0.8355456875761255 0 0.5494209715445342
vn -0.3340952994160566 -0.7954644564912224 0.5055854323130955
vn 0 0 1
vn 0.526595239571147 0 0.8501161412777704
vn -0.7264280082497007 -0.33630957103588643 0.5993314786159916
vn -0.3224517973003641 0 0.9465858853890464
vn 0.5372980921161054 0.23159419379922636 0.8109715713925362
vn 0 0 1
vn -0.8014393530003084 0 0.5980760515707402
vn -0.3230048087176619 -0.7690619748113678 0.5515537801923812
vn -0.6175478801675838 -0.28590190896043455 0.7327309971287573
vn -0.2648250502886755 0 0.964296475540381
vn -0.7338653168062851 0 0.6792949998261513
vn 0.3340942794920194 0.7954655731578057 0.5055843493735067
vn 0.5265951000528156 0 0.8501162277008746
vn 0.3750630969742857 0 0.9269992844053643
vn 0.5365004568733536 0 0.843900029490865
vn -0.32680254457816665 -0.6536075329467156 0.6826399415010401
vn 0.626335862904853 -0.26305994542898875 0.7338275355627715
vn 0 0 1
vn -0.8835523283994201 0.40335930103586953 0.23798436345234558
vn -0.1907600881808347 0 0.9816366887791227
vn -0.6150993093352402 0 0.7884496430687952
vn -0.27491217492209763 -0.5498270916578191 0.7887416974895559
vn 0 0 1
vn 0.2087510244049422 0.4174999626473014 0.8843736715887629
vn 0.41582033342156494 0 0.9094467825624424
vn 0.6937011985522261 -0.29135605311267887 0.6587034973657014
vn 0.8815956129908047 0.4407998628556504 0.16877397922016038
vn 0.14505292177771462 0.2901047706718453 0.9459380909537284
vn 0.877798162033299 0.43889747169120025 0.19193591658164044
vn 0 0 1
vn 0 0 1
vn 0.15785813435212506 0.3157177588203793 0.9356297912017889
vn 0.4800024934391989 0 0.8772671236813516
vn 0 0 1
vn 0.4438916489701477 0.4438897714238183 0.7784099657634614
vn 0.1272123053495254 0.5088470756308147 0.8514057099818084
vn 0.881596931206106 0.44079709469621026 0.168774323270326
vn 0.23746251417649406 0.4749275019456794 0.8473815092723084
vn 0.03255327064728753 -0.49740538288491304 -0.8669072439697788
vn 0.03255388505482719 -0.49740680934178205 -0.8669064024381556
vn 0.06501571099726157 -0.4942123302007779 -0.8669066443401146
vn 0.670277168364381 0.3351399550890001 0.6621251604284268
vn 0.30021014532981 0.6004177872645625 0.7411965659508825
vn 0.45809367536393003 0.7237852253262234 0.5160282280951636
vn 0.03255427232261779 -0.49740668765114077 -0.86690645771817
vn 0.03255478309787562 -0.4974068429346682 -0.8669063494399015
vn -0.4407980920772322 0.8815964821776804 0.16877406386353014
vn -0.44079952789624205 0.8815956583277814 0.16877461723865889
vn -0.30970561381385486 0.15485285161041082 0.9381380639971431
vn -0.49540517461271405 0.21353696600104624 0.8420069341270381
vn -0.30970612578883333 0.15485245194679964 0.9381379609497397
vn 0.26566731682746086 0 0.964064767932994
vn 0.24671684476923653 0 0.9690876113680913
vn 0.2725488303729622 0 0.9621419516174993
vn 0.24671673255937263 0 0.9690876399352264
vn 0.2725488303729622 0 0.9621419516174993
vn 0.24671712490876335 0 0.9690875400482423
vn 0.27254816090480266 0 0.962142141259497
vn 0.2537080299151373 0 0.9672808462678147
vn 0.06049857052048692 0.12099666420380492 0.9908076151385442
vn 0.881595663231412 0.44079976876664373 0.16877396252633411
vn 0.17619410044997733 0 0.9843554434078288
vn 0.09727505103891178 0.1945493421185828 0.9760574357724056
vn 0.1877193327877219 0.09386008362638015 0.9777278439317261
vn 1 0 0
vn 1 0 0
vn -0.8057864298450237 0 0.5922062389722103
vn -0.8478968617061398 -0.5047001765798306 0.16232265297600101
vn 0.8901148354608989 0 0.4557363049971078
vn -0.402476491337932 -0.6939234764512807 0.5970618751436708
vn 0.45083470049236024 0.7773018037919084 0.438805171635214
vn -0.8057870864294344 0 0.5922053455884734
vn -0.8478959163790435 -0.5047018504784542 0.16232238635310434
vn -0.4024766125309883 -0.6939233010576228 0.5970619972958187
vn -0.9606724799929872 0 0.2776839681798781
vn 0.7690266522757856 0.4577556938993332 0.4461588649710304
vn 0.8866043565539851 0 0.4625286098605081
vn 1 0 0
vn 0.35862670193792867 0 0.93348105961349
vn 0.9373634362718016 0 0.3483529651671131
vn 0.1733637463310525 0 0.984857863581371
vn 0.959706976162641 0 0.2810027044438539
vn -0.8530869028220552 -0.42654506073646303 0.300502990658663
vn 0.5047019633497815 -0.8478957269173791 0.1623230250646077
vn -0.504701501063784 0.8478959897818175 0.16232308934922174
vn -0.9230499329497621 0 0.384680154519881
vn -0.8853154335367943 -0.442659922140292 0.14236845322018596
vn 0.8530885695243217 0.426542168797242 0.3005023640251298
vn 0.9789722523230874 0 0.20399345377109884
vn 0.4895472228626342 -0.8224437236952667 0.2897064685880281
vn 0.09727470454354124 0.19455030315674285 0.9760572787483254
vn 0.032555185002825705 -0.49740683641968775 -0.866906338085257
vn 0.04934886777784181 -0.7534521718642125 -0.6556481632416477
vn 0.18771985568511787 0.09385958511584426 0.977727791393617
vn 0.09727501614136944 0.19454931702702033 0.9760574442516262
vn 0.18771936101475611 0.09386011264105502 0.9777278357269064
vn 0.20644923644563037 0 0.9784573126973993
vn 0.048811011665063776 0.19524322709637856 0.9795394670013174
vn 0.682535687272122 0.6825328262492595 0.26133116287991787
vn 0.0654350878226186 0.13086975841273238 0.9892377649557457
vn 0.18771945980936952 0.09386021419241197 0.9777278070100252
vn 0.06540326595332203 -0.9978589142772835 0
vn 0.07321776498486281 -0.9569622342003283 0.28082457371985353
vn 0.09727480445178083 0.19455039866511975 0.9760572497543938
vn 0.18771976019552997 0.09385948521699783 0.9777278193172846
vn 0.0688306699647493 0.4350081449815572 0.8977918760335875
vn -0.29950382497754624 0 0.9540950994653623
vn -0.7560701978639164 0 0.6544905315602497
vn -0.30792817519607507 -0.7331622253926584 0.6063442835367544
vn 0 0 1
vn -0.7264279155426242 -0.33630973231705347 0.5993315004813529
vn -0.2995037435906101 0 0.9540951250138584
vn -0.7560687592366159 0 0.6544921934648298
vn -0.7822418895620599 0 0.6229748198879135
vn -0.32292967029138275 0 0.9464229646651114
vn -0.21209262044939461 -0.5049843128643354 0.8366645469433039
vn -0.5660189264796268 -0.28300827114694427 0.7742925114769407
vn -0.782241941740835 0 0.6229747543693308
vn -0.3229295368192285 0 0.9464230102072321
vn -0.5317201504990282 0 0.8469201152135253
vn -0.75607008781005 0 0.6544906586949145
vn -0.3103501481413451 0 0.9506223148804392
vn -0.34289875813315174 0 0.9393723658223837
vn -0.4854448274466388 0 0.8742673043785311
vn -0.09394785230502728 0 0.9955771195880672
vn -0.3835344034495011 0 0.9235265894226518
vn -0.5244013736698688 0 0.851471196983876
vn -0.12722449361056692 0 0.9918739477501841
vn -0.44182028156766906 0 0.8971035830914208
vn -0.6188871407901573 0 0.7854799214267566
vn -0.1327191625870214 0 0.9911536832813567
vn -0.5933993013633784 0 0.8049082364726146
vn -0.7378891857458779 0 0.6749218840423574
vn -0.1935923640613881 0 0.9810820539471319
vn 0.06501620257216428 -0.4942122693539361 -0.8669066421611544
vn 0 0 1
vn 0.09719960196987476 -0.48890229081141245 -0.8669064467497349
vn -0.9863593490720045 0 0.1646063015144059
vn -0.9960079693319163 0 0.08926435474091915
vn -0.15278727209614387 0.9656118403176995 0.21035641973489735
vn 0.0650166626027919 -0.49421288071937386 -0.8669062591278556
vn 0.06501694832695602 -0.494212364056967 -0.866906532241783
vn 0.12896674888114912 -0.48149737777959367 -0.8669070612668938
vn 0.09719970914745597 -0.48890158998866556 -0.866906829969752
vn 0.09720056509540437 -0.4889028075138316 -0.8669060473605127
vn 0.0972004001336498 -0.48890095449365045 -0.8669071108885057
vn -0.0701085571060745 0 0.997539367754729
vn -0.06869290718745241 -0.04088862955399364 0.996799580896447
vn -0.03716290424297388 -0.06407386903841684 0.9972529558014231
vn -0.07131725500564597 0 0.9974536827033421
vn -0.0657688247223028 0 0.9978348869901508
vn -0.06937697565279773 -0.034688629387430926 0.9969872287248681
vn -0.03515403253735402 -0.07030777450207232 0.9969057181303197
vn -0.06721793960832911 0 0.9977383166917122
vn -0.0725681563718823 0 0.9973634556573576
vn -0.06525239447554104 0 0.9978687914827322
vn -0.0725681563718823 0 0.9973634556573576
vn -0.06525239447554104 0 0.9978687914827322
vn -0.010114841006091621 0 0.9999488436872267
vn 0.06501742655526417 -0.49421300048017086 -0.8669061335580209
vn 0.09852138099720932 -0.7486118627214615 -0.655647631337982
vn -0.18172180688812184 0 0.983349980882349
vn -0.20140783959140557 0 0.9795074691655611
vn -0.18172180688812184 0 0.983349980882349
vn -0.20140783959140557 0 0.9795074691655611
vn -0.18172180688812184 0 0.983349980882349
vn 0.13052627760322993 -0.991444850132898 0
vn 0.005963548969382828 -0.0417703871010485 0.9991094388729986
vn -0.1961444873803999 0 0.9805750048161946
vn -0.11819647658028373 0.18674970626723778 0.9752713161644336
vn 0.09720128960238474 -0.4889028463731203 -0.8669059442107285
vn 0.14727191406620355 -0.7405657061370954 -0.6556473276243425
vn 0.19509023190445116 -0.980785298327553 0
vn 0.19749985489809804 -0.9392186930141744 0.2808238843260599
vn 0.16018002995985992 -0.4720340899594042 -0.8669060940599365
vn 0.1601807937771524 -0.47203433974730435 -0.8669058169168365
vn 0.1601807753151352 -0.4720329583470587 -0.8669065725056916
vn 0.19071012436384402 -0.4605478274146239 -0.866905616044098
vn 0.1907100979556837 -0.46054691173922474 -0.8669061083100039
vn 0.19071034775942378 -0.4605462773996657 -0.8669063903506478
vn 0.19071010057390064 -0.460544980910986 -0.8669071334905443
vn 0.19071121600695226 -0.46054610819745284 -0.8669062892339228
vn 0.16018126795669596 -0.47203278219487627 -0.8669065773940983
vn 0.1601815558613088 -0.4720328558930391 -0.866906484068098
vn 0.16018214419774968 -0.4720332802075856 -0.8669061443182176
vn 0.1907125698087977 -0.4605474737823112 -0.8669052659372047
vn 0.22042268366008946 -0.44708797034167036 -0.8669061006267343
vn 0.220423160467007 -0.4470878510710505 -0.8669060409031686
vn 0.22042299449058547 -0.4470864461761843 -0.8669068076473694
vn 0.2491920784343139 -0.43171484056682374 -0.8669057644749794
vn 0.2491921372339725 -0.43171409411414663 -0.8669061193024115
vn 0.24919145924680144 -0.43171226329183326 -0.866907225925527
vn 0.22042324502977623 -0.44708611271084236 -0.8669069159209951
vn 0.2204250114145355 -0.44708818539436335 -0.8669053978512749
vn 0.2204252932450676 -0.4470878251468807 -0.8669055119811261
vn 0.2491929088120706 -0.43171355198593225 -0.866906167488425
vn 0.24919341310421175 -0.43171387574484116 -0.8669058612991619
vn 0.24919319664092812 -0.43171299389605866 -0.8669063626766027
vn 0.12896764253624762 -0.481498538522362 -0.8669062836197878
vn 0.16018280404311977 -0.4720329051373127 -0.8669062266222987
vn 0.16018327765890847 -0.4720327764351954 -0.8669062091883585
vn 0.1289680602316925 -0.48149842104141655 -0.8669062867315575
vn 0.12896820859931296 -0.4814973159511706 -0.8669068784491807
vn 0.19071245247254934 -0.4605460477939982 -0.8669060493117082
vn 0.19071218307524196 -0.46054482305791333 -0.8669067592199468
vn 0.1601832965978249 -0.47203207307802897 -0.8669065886684169
vn 0.1601835173267489 -0.4720315880236811 -0.866906811995772
vn 0.19071250032370282 -0.4605446546860349 -0.866906778875562
vn 0.12896914918483993 -0.4814990810545856 -0.8669057581433685
vn 0.19539209878641117 -0.7293481110665206 -0.6556472074336469
vn 0.2588191305443268 -0.9659258033950012 0
vn 0.08730650602530997 -0.31216659817833625 0.9460071823128076
vn 0.16018456094477276 -0.4720331989307772 -0.866905742017036
vn 0.24267551501436876 -0.7150074302038577 -0.6556469851724983
vn 0.32143968483706875 -0.9469300549733575 0
vn 0.31840306785648625 -0.9054044560500081 0.28082424636125464
vn 0.22042436340303176 -0.447085786479948 -0.8669067998037474
vn 0.22042506941431694 -0.44708585755807095 -0.8669065836324338
vn 0.22042593287824025 -0.4470863625679752 -0.8669061036355059
vn 0.2491939028520156 -0.4317128888197727 -0.8669062120023521
vn 0.24919428856325915 -0.43171243880699295 -0.8669063252317227
vn 0.24919393344089927 -0.4317115490779512 -0.86690687038976
vn 0.24919481624275214 -0.4317122110235608 -0.8669062869831374
vn 0.19071338635686547 -0.460545141918481 -0.8669063251122253
vn 0.22042575974424047 -0.4470854800188112 -0.8669066028111236
vn 0.24919574412617904 -0.4317127246125424 -0.8669057644963579
vn 0.19071419685892058 -0.4605459904846833 -0.8669056960044379
vn 0.2889195695345646 -0.6976048981940264 -0.6556469235462513
vn 0.3826833905500394 -0.9238795498316468 0
vn 0.0024816582536455116 -0.005811085945908509 0.9999800361269426
vn 0.22042672395216434 -0.4470864248344967 -0.8669058703783384
vn 0.3339255707782892 -0.6772136006204486 -0.6556488788330848
vn 0.4422884015980324 -0.8968728838647412 0
vn 0.4338577481033317 -0.8560990871372464 0.28082344527029673
vn 0.9263679017133243 -0.37266311966646887 -0.05444914981620737
vn 0.9000111585383169 -0.43245254827889607 -0.054449132165773455
vn 0.7983500860178573 -0.5997269676541037 -0.054449099383672935
vn 0.835865034820613 -0.5462279411700217 -0.054448873721084756
vn 0.8698004966843529 -0.4903900559398592 -0.054448957776569794
vn 0.44703952021206417 -0.22051875561209283 -0.8669066534476834
vn 0.4470404908755976 -0.22051852577414915 -0.8669062113678161
vn 0.4470410701419468 -0.22051818947110607 -0.8669059982020707
vn 0.3954292191214473 -0.30349504590432225 -0.8669062750819927
vn 0.41443208532368003 -0.27698287817198036 -0.8669062993506461
vn 0.4144321747032639 -0.27698237151418914 -0.8669064185026543
vn 0.4316598204470726 -0.24928450743308753 -0.866906588834947
vn 0.43166034483592397 -0.24928409814114427 -0.8669064454196241
vn 0.4316616086540496 -0.24928410514078458 -0.866905814110366
vn 0.4144329900224434 -0.2769822097066271 -0.8669060804303378
vn 0.4316608919602986 -0.24928307613020892 -0.8669064668735029
vn 0.43166115830675966 -0.24928262801288917 -0.8669064631090566
vn 0.4144330035743039 -0.2769813544965282 -0.8669063471965409
vn 0.41443302901384327 -0.2769807853365935 -0.8669065168844533
vn 0.4316619645012077 -0.24928246498469042 -0.8669061085573887
vn 0.4316620746127874 -0.2492819232890202 -0.8669062094957627
vn 0.4144341103542891 -0.27698079098860057 -0.8669059981325414
vn 0.4144340650119983 -0.27698021435858516 -0.8669062040448798
vn 0.4144340266634416 -0.2769795729136345 -0.8669064273219496
vn 0.4144341935140646 -0.2769790284763679 -0.8669065215065775
vn 0.41443493136049236 -0.2769789044473368 -0.8669062083982195
vn 0.41443484780209794 -0.2769784315189521 -0.8669063994460723
vn 0.9984643443821768 0.01020979879701842 -0.054449178193929436
vn 0.9969943362330883 -0.05511459444340068 -0.05444882917458588
vn 0.9912550196521203 -0.12020314923277561 -0.05444895709743017
vn 0.9812708753221528 -0.1847776073772383 -0.05444910519410816
vn 0.9670850571189277 -0.24855947331593609 -0.05444887989834827
vn 0.4973989864823262 -0.03265825750767754 -0.8669069652868855
vn 0.49419978434560985 -0.06511971377355137 -0.8669059903073709
vn 0.498471028269617 -0.00005666258296248276 -0.866906356399111
vn 0.4984710058884495 -0.00005609065714169591 -0.866906369305472
vn 0.4974004078455473 -0.03265760125592107 -0.8669061744821595
vn 0.4941984778817497 -0.065119200321022 -0.8669067736549948
vn 0.4984717461293482 -0.000055647117853254334 -0.866905943695253
vn 0.49740106245165944 -0.03265717277892335 -0.8669058150330103
vn 0.4942012949895352 -0.0651187812289096 -0.8669051991780463
vn 0.4888822038124976 -0.09730271050611325 -0.8669062079161731
vn 0.4888816808748586 -0.09730193833347359 -0.8669065894901952
vn 0.48147159554267227 -0.12906861235386238 -0.8669062209896995
vn 0.4814713921354453 -0.12906810711076963 -0.8669064091826747
vn 0.48147154086578314 -0.12906755569240141 -0.8669064086762294
vn 0.4888831836420968 -0.09730156239086496 -0.8669057842166383
vn 0.9487576567158603 -0.31127831610439954 -0.05444923090585432
vn 0.471999070184718 -0.16028192340373207 -0.8669063287199845
vn 0.4605048946297891 -0.19080879007232598 -0.8669067121975363
vn 0.4720000810165267 -0.16028155004371278 -0.8669058473882715
vn 0.4605061071382748 -0.19080865207251743 -0.8669060984804645
vn 0.47199930662863365 -0.1602809243553985 -0.8669063846978337
vn 0.4605064194390243 -0.19080804704072157 -0.8669060657533522
vn 0.4984705411772748 -0.000054949697695589425 -0.8669066365872196
vn 0.49739933365947914 -0.032656617693760624 -0.8669068278632426
vn 0.4984710059348356 -0.000054406323843342375 -0.8669063693861436
vn 0.49739982653306597 -0.032656076622883154 -0.8669065654524001
vn 0.49419888312763915 -0.06511799174753402 -0.8669066334191716
vn 0.49419935835759626 -0.06511759665499643 -0.8669063921813112
vn 0.49847167562330214 -0.00005399177080100527 -0.86690598434097
vn 0.4974012026737044 -0.032655443667157946 -0.866905799713933
vn 0.498471698034363 -0.00005347499512028061 -0.866905971486622
vn 0.4974012114474888 -0.032654904076078135 -0.8669058150055013
vn 0.4941993955069858 -0.06511714313765737 -0.8669064050692669
vn 0.49420017953408746 -0.06511653339786824 -0.8669060039166416
vn 0.4814719775496703 -0.12906685256307135 -0.8669062708297088
vn 0.4888821293583285 -0.09730072417714422 -0.8669064728496781
vn 0.488882063956304 -0.09730008227337913 -0.8669065817788084
vn 0.48147117255330735 -0.1290662564271873 -0.8669068066707142
vn 0.48888347458782344 -0.09729974152146599 -0.8669058245131318
vn 0.4888822209456637 -0.09729916743972858 -0.8669065959252881
vn 0.48147265825133 -0.12906597212079934 -0.8669060238554759
vn 0.48147275748975127 -0.12906548301795193 -0.8669060415573061
vn 0.49847105077205195 -0.00005280693942086455 -0.8669063437036515
vn 0.4973998986806002 -0.0326543973404363 -0.8669065873131093
vn 0.4941995716482314 -0.06511586873622026 -0.866906400380936
vn 0.49419919180179744 -0.06511540034887608 -0.8669066521026678
vn 0.48888365319308336 -0.09729884741024622 -0.866905824143097
vn 0.4888819848922704 -0.0972981918843805 -0.8669068385379274
vn 0.48147290158940553 -0.12906500486408345 -0.8669060327131844
vn 0.4814719490350466 -0.12906414089696172 -0.8669066903807598
vn 0.488882823324994 -0.09729763388047409 -0.8669064283410546
vn 0.48147213905467484 -0.12906369686593755 -0.8669066509523462
vn 0.48147308364354807 -0.1290634858142362 -0.8669061577565655
vn 0.49847054124798557 -0.00005230447603795279 -0.866906636710195
vn 0.4973994427532089 -0.032653841688390854 -0.866906869837693
vn 0.49847123669178034 -0.000051938594638961263 -0.8669062368522615
vn 0.49740088842445446 -0.03265327271418956 -0.8669060617942501
vn 0.49847144500171353 -0.000051329997124936624 -0.8669061171102297
vn 0.49740050045486467 -0.03265287779800163 -0.866906299272741
vn 0.4941992725593767 -0.06511498942730781 -0.8669066369302202
vn 0.4942009085444159 -0.06511454942898466 -0.8669057373478007
vn 0.48888373910852934 -0.09729740875328378 -0.8669059371610971
vn 0.4719985977300461 -0.16028004734564685 -0.8669069328155977
vn 0.4719998647770999 -0.1602797098312692 -0.8669063053564691
vn 0.46050519532069983 -0.19080695833481381 -0.8669069556380666
vn 0.44704003217578064 -0.22051720851766138 -0.866906782981801
vn 0.4470410633485014 -0.22051708343408294 -0.8669062830513844
vn 0.46050604810980406 -0.19080689397424552 -0.8669065167976255
vn 0.4720005284858613 -0.16027958323803063 -0.8669059673956058
vn 0.4605077709351043 -0.19080684690513522 -0.8669056119800481
vn 0.4605076332024812 -0.19080627043318416 -0.8669058120266743
vn 0.47200069912617976 -0.16027918825123622 -0.8669059475156011
vn 0.44704155091373876 -0.220516716197003 -0.8669061250414196
vn 0.4470424119047081 -0.22051640165643438 -0.8669057610599433
vn 0.4605067716491356 -0.19080534768570204 -0.8669064727869027
vn 0.4720003091673863 -0.16027842743335655 -0.8669063004992995
vn 0.4719994136402427 -0.16027753286875868 -0.8669069534735381
vn 0.4605064360394785 -0.19080459940239541 -0.8669068157611342
vn 0.4720002180625217 -0.16027710065343256 -0.8669065954040616
vn 0.4720011622762596 -0.16027699313277843 -0.8669061011909972
vn 0.4605065955763238 -0.19080439514712214 -0.8669067759703145
vn 0.4605075097316762 -0.19080416760375432 -0.8669063404461688
vn 0.43166224250222057 -0.24928129344088448 -0.8669063070126977
vn 0.44704115974944614 -0.2205151944365857 -0.8669067138466888
vn 0.44704132379716127 -0.22051474011792188 -0.8669067448165386
vn 0.4316618142252172 -0.24928066121401507 -0.8669067020645863
vn 0.44704255559422973 -0.22051474500226548 -0.8669061083672013
vn 0.44704238581692973 -0.22051431732612548 -0.8669063047050126
vn 0.4316626589560293 -0.24928057773542958 -0.8669063054488073
vn 0.4316634298200029 -0.24928030720663485 -0.8669059993995871
vn 0.6660091963170455 -0.7439536548566832 -0.05444914918073849
vn 0.7574170440840917 -0.6506571353227509 -0.0544491835063518
vn 0.7132404308436975 -0.6988013847404984 -0.054449173498397375
vn 0.32862177009671084 -0.37480759071475217 -0.8669065706067218
vn 0.32862336033442147 -0.37480819898167855 -0.866905704802214
vn 0.3286227272330513 -0.37480673039600176 -0.8669065797395763
vn 0.37473329224301455 -0.32870759965841134 -0.8669061504058655
vn 0.37473338910449117 -0.3287071293601798 -0.8669062868603803
vn 0.35243255067398654 -0.35251268911926775 -0.8669060509855323
vn 0.3524331089249605 -0.35251247250805595 -0.866905912114887
vn 0.37473383944190297 -0.3287065958153073 -0.8669062945005316
vn 0.3524326021920687 -0.35251122071709695 -0.866906627140818
vn 0.3034057042724115 -0.3954981295586387 -0.8669061126388371
vn 0.3034063253205494 -0.3954979444869498 -0.8669059797129551
vn 0.3954296380419237 -0.30349465976966145 -0.8669062191779054
vn 0.39542985440762995 -0.3034941590779226 -0.8669062957717779
vn 0.35243345338139814 -0.35251114803813616 -0.8669063106509822
vn 0.3524342749500993 -0.3525112841505844 -0.8669059213010969
vn 0.35243392002951246 -0.35251030338181877 -0.8669064644021807
vn 0.3524341627606856 -0.352509741451212 -0.8669065942194547
vn 0.30340556048703166 -0.39549637803412485 -0.8669069620365492
vn 0.30340691822515775 -0.395496986717198 -0.8669062091545595
vn 0.32862297201664165 -0.37480620121372404 -0.8669067157397543
vn 0.3286244581804763 -0.3748068523570917 -0.8669058708485932
vn 0.30340760686485624 -0.39549696106826787 -0.8669059798399743
vn 0.3034077346420682 -0.39549628678326865 -0.8669062427390952
vn 0.3286245810213348 -0.3748061710455873 -0.8669061188471898
vn 0.32862453698163624 -0.3748054693540376 -0.8669064389170869
vn 0.352435266461891 -0.35250995108294964 -0.8669060602749484
vn 0.35243546828217925 -0.35250949725070774 -0.8669061627677902
vn 0.30340805815287525 -0.3954958043217817 -0.86690634962017
vn 0.3034082072092027 -0.3954952977405843 -0.8669065285618652
vn 0.3034086452770811 -0.39549501783119445 -0.866906502941251
vn 0.3034095395482401 -0.39549537572172194 -0.866906026679858
vn 0.3286248358569219 -0.3748052021049525 -0.8669064411648335
vn 0.32862562432514564 -0.37480497920645517 -0.8669062386434632
vn 0.3286256275203462 -0.3748042675948989 -0.8669065450955542
vn 0.32862613268483215 -0.37480438512191755 -0.8669063027859427
vn 0.3747338427508135 -0.3287059430666907 -0.8669065405739227
vn 0.3747346359130753 -0.3287060521881233 -0.8669061563410387
vn 0.3954299195301259 -0.3034933586501711 -0.8669065462872206
vn 0.3954305722733768 -0.30349320740677194 -0.8669063014937082
vn 0.3954311291570696 -0.30349305121102516 -0.8669061021588134
vn 0.39543146652396194 -0.3034925518945049 -0.8669061230763514
vn 0.3747350982712897 -0.3287055887921502 -0.866906132185263
vn 0.3747350895587353 -0.3287048658940356 -0.8669064100530061
vn 0.3747357708928907 -0.32870474307147507 -0.8669061621050034
vn 0.3747357449131336 -0.32870412057571835 -0.8669064093666295
vn 0.37473550354835683 -0.3287033133287213 -0.8669068197834643
vn 0.3747369591229124 -0.3287037264041705 -0.8669060339594624
vn 0.3954315137630293 -0.3034918867528746 -0.8669063343858201
vn 0.3954311968639964 -0.3034912096855022 -0.8669067159679512
vn 0.3954320496116663 -0.3034910220302905 -0.8669063926900795
vn 0.3954329433303813 -0.303491051563266 -0.8669059746881979
vn 0.35243490194214 -0.35250830506188074 -0.8669068777875938
vn 0.35243587562500156 -0.352508563486988 -0.8669063768601419
vn 0.4974004834054392 -0.03265234396225404 -0.8669063291623876
vn 0.49847144501461443 -0.00005082329215582461 -0.8669061171326659
vn 0.4941995783577233 -0.065114074030325 -0.8669065313597664
vn 0.49847121433141195 -0.00005049459791216862 -0.8669062497947877
vn 0.4974010250735271 -0.03265176316005681 -0.866906040247929
vn 0.498470563706422 -0.000049902634417766636 -0.8669066239382007
vn 0.4973996183490549 -0.032651315730353854 -0.8669068642289618
vn 0.49420010007244897 -0.06511363250569031 -0.8669062671075203
vn 0.4941994928005847 -0.0651130463574262 -0.8669066573222867
vn 0.48888382805628683 -0.0972969690776323 -0.8669059363468087
vn 0.4814745427420871 -0.12906326197106419 -0.8669053807081177
vn 0.48888301529532935 -0.0972964012218067 -0.8669064584284928
vn 0.48888310176212196 -0.0972960132064738 -0.8669064532148624
vn 0.4814724732958 -0.1290623723823231 -0.8669066625037968
vn 0.48147393054296683 -0.12906217784518445 -0.8669058821217932
vn 0.49847056371766874 -0.000049448436412737604 -0.8669066239577602
vn 0.49739964852222923 -0.032650838917548955 -0.8669068648753124
vn 0.4941995498353155 -0.06511267348979406 -0.8669066528142364
vn 0.49420185146002016 -0.06511250302839924 -0.8669053535207085
vn 0.4984720923363631 -0.00004914122088083915 -0.8669057450190009
vn 0.49740266342967526 -0.03265057846710338 -0.8669051448335214
vn 0.49847211474491404 -0.00004867590448156796 -0.8669057321603022
vn 0.49740134975542755 -0.032650127551275075 -0.8669059155596784
vn 0.49420124165544627 -0.0651118977186999 -0.8669057466193685
vn 0.48888257244306416 -0.09729537387408826 -0.8669068234730614
vn 0.4888848290442884 -0.09729532005321889 -0.8669055569242123
vn 0.4814713905195797 -0.1290613266492472 -0.8669074195522143
vn 0.4814743783359028 -0.12906129887986983 -0.8669057642774655
vn 0.48888427740070917 -0.09729467475842393 -0.8669059404422368
vn 0.4814744489908189 -0.12906086171963613 -0.8669057901186105
vn 0.4720026233294475 -0.16027687417456593 -0.8669053276886411
vn 0.4605088256452706 -0.19080393109583757 -0.8669056934760486
vn 0.47200065456020657 -0.1602759198836093 -0.8669065760508451
vn 0.47200145559977175 -0.1602755312231298 -0.8669062117685166
vn 0.46050907395891655 -0.1908035179631617 -0.8669056524988071
vn 0.4605068057215781 -0.1908022500133857 -0.8669071364765308
vn 0.43166371239757406 -0.2492799257579429 -0.8669059683802269
vn 0.4316634451654998 -0.24927934518369893 -0.8669062683892866
vn 0.431662789652609 -0.24927840649036395 -0.8669068647132471
vn 0.4470426059671647 -0.22051401029161288 -0.8669062692789784
vn 0.44704344311093697 -0.22051369868858942 -0.8669059168457649
vn 0.44704209925392596 -0.22051246053449006 -0.8669069247870084
vn 0.46050823019458365 -0.19080211340100547 -0.8669064098533141
vn 0.4605084588684053 -0.1908019156483745 -0.8669063319041781
vn 0.43166339432005435 -0.24927812834678997 -0.866906643608186
vn 0.4470430038486775 -0.22051242102271035 -0.8669064683601422
vn 0.4470441010014973 -0.22051258220617578 -0.8669058615839023
vn 0.43166509170830086 -0.24927851500077083 -0.8669056872344735
vn 0.44704452071101336 -0.22051218109665105 -0.8669057471780067
vn 0.431664618139722 -0.24927786123721973 -0.8669061110312266
vn 0.47200098938770707 -0.1602748642787907 -0.866906588911078
vn 0.4720006663494299 -0.16027447847418255 -0.8669068361222693
vn 0.4720032488142038 -0.16027471338259805 -0.8669053866247244
vn 0.4605098091932867 -0.19080209828257338 -0.8669055744011165
vn 0.4984705413523765 -0.000048134326454924274 -0.8669066368917447
vn 0.498470541362475 -0.000047711586045485806 -0.8669066369093072
vn 0.4974005018091749 -0.032649629433706584 -0.8669064208424245
vn 0.4941997312481188 -0.06511123587012536 -0.8669066573730715
vn 0.4973991393368039 -0.03264921824918376 -0.8669072180658803
vn 0.49847123680373495 -0.00004741756918841602 -0.866906237046965
vn 0.4984700542386476 -0.00004702118765179964 -0.8669069170426129
vn 0.4974019049135914 -0.03264871689478608 -0.8669056501566103
vn 0.49740007889657534 -0.03264842206679728 -0.8669067089659814
vn 0.48147242070082313 -0.12906004169148913 -0.8669070386973916
vn 0.48888279914068217 -0.0972938888759262 -0.8669068622936205
vn 0.49419980960739085 -0.06511089913845723 -0.8669066379936193
vn 0.4888842513325276 -0.09729368457432772 -0.8669060662730335
vn 0.4941998429194074 -0.06511056432473261 -0.8669066441501921
vn 0.49420081147997996 -0.06511000749242252 -0.8669061338212262
vn 0.48888299414517894 -0.09729318429288884 -0.8669068313987353
vn 0.4888832905985174 -0.09729278164910819 -0.8669067094056571
vn 0.4984714451200939 -0.000046473597321151864 -0.8669061173161083
vn 0.755066941845288 -0.000034959288804648316 -0.6556477042667446
vn 0.49740075363110337 -0.032648134515881055 -0.8669063326564429
vn 0.7534476965635756 -0.04941878742570527 -0.6556480397228494
vn 1 -1.221014123142794e-10 -4.0165866028478564e-27
vn 0.3241262801246118 0.003536918506832661 0.9460072117801521
vn 0.9978589142772835 -0.06540326595332203 -8.099224362841315e-20
vn 0.9583321128552601 -0.05231751827593214 0.28082456935214994
vn 0.4942008197351564 -0.06510965447634365 -0.86690615562878
vn 0.7486025154460605 -0.09859073240406788 -0.6556478790874414
vn 0.4888846955578926 -0.09729255897751983 -0.8669059420818802
vn 0.7405518618630261 -0.1473405158286053 -0.6556475518802508
vn 0.991444850132898 -0.13052627760322993 0
vn 0.005452673405358381 -0.0006574140266018526 0.9999849179660323
vn 0.980785298327553 -0.19509023190445116 0
vn 0.9433048856698627 -0.17695726253818508 0.2808238236089651
vn 0.44704405385716667 -0.22051141116069323 -0.8669061837701185
vn 0.44704325907884995 -0.22051059667316886 -0.8669068007963734
vn 0.4316645895098801 -0.2492772807690132 -0.8669062921998394
vn 0.4316644367682721 -0.24927674217321572 -0.8669065231275161
vn 0.4470444244894482 -0.2205105535086937 -0.8669062108003308
vn 0.4316641468896877 -0.24927615083011087 -0.8669068375075384
vn 0.431665746161905 -0.24927635364088352 -0.8669059828528068
vn 0.43166616058095225 -0.24927627751037365 -0.8669057983886546
vn 0.4720013705402468 -0.16027380416468542 -0.8669065773811552
vn 0.4814737845214529 -0.12905988386782496 -0.8669063047380685
vn 0.47200148799125385 -0.16027347574209683 -0.8669065741517882
vn 0.46050923944442296 -0.19080133687124268 -0.8669060446406323
vn 0.4605082053453275 -0.1908005061277706 -0.8669067768053333
vn 0.46050894433682515 -0.19080039930610654 -0.8669064077571541
vn 0.47200226248548366 -0.16027313289106507 -0.8669062158514422
vn 0.4720013501472006 -0.16027248115635606 -0.86690683308139
vn 0.48147399280397785 -0.12905951124932843 -0.8669062445325213
vn 0.48147293279924125 -0.12905886596305605 -0.8669069293171137
vn 0.44704451953136265 -0.2205103178696279 -0.866906221727592
vn 0.46050847691259295 -0.19079982206082188 -0.8669067831048519
vn 0.48147500169746094 -0.1290590034343069 -0.8669057597991685
vn 0.7293300565174373 -0.19545966216648603 -0.6556471529153732
vn 0.472003345156114 -0.1602727487841499 -0.8669056973850217
vn 0.7149847216975346 -0.24274176587074972 -0.6556472243829367
vn 0.9659258033950012 -0.2588191305443268 0
vn 0.31399736420109736 -0.08047367789169829 0.9460072105651979
vn 0.9469300549733575 -0.32143968483706875 0
vn 0.9121370385066097 -0.29856953252405266 0.2808242461625425
vn 0.4605106186580953 -0.19080010351658347 -0.8669055834410109
vn 0.6975783030661707 -0.2889842060262392 -0.6556467339647972
vn 0.4470442074220249 -0.22050989348816202 -0.8669064906229811
vn 0.67718367434259 -0.333988838766898 -0.6556475629353076
vn 0.9238795498316468 -0.3826833905500394 0
vn 0.03915606765870423 -0.01572064291935329 0.9991094353231328
vn 0.8968728838647412 -0.4422884015980324 0
vn 0.8653628451522347 -0.4150726901404562 0.28082344654532315
vn 0.30340975124733754 -0.39549493270538905 -0.86690615469749
vn 0.30340984701616885 -0.3954941661376966 -0.8669064708979123
vn 0.3034103598281167 -0.3954939953695381 -0.8669063693246306
vn 0.32862705729372016 -0.3748045349739509 -0.8669058874972705
vn 0.3286272296308024 -0.37480387193590026 -0.8669061088301553
vn 0.32862690551804785 -0.3748028926937429 -0.866906655066181
vn 0.3034104106570085 -0.3954933580816153 -0.8669066422737068
vn 0.30341154834708567 -0.39549402051323884 -0.8669059418806044
vn 0.3286271113315521 -0.37480259147394357 -0.8669067072772569
vn 0.3286283664699894 -0.3748034000610164 -0.8669058818891288
vn 0.37473765247780677 -0.32870367373037196 -0.8669057542152893
vn 0.3954328422654543 -0.3034905588493993 -0.8669061932799553
vn 0.39543283921948663 -0.30348990086054306 -0.8669064250208747
vn 0.3954329812903619 -0.30348941869645013 -0.8669065290140033
vn 0.3747369933734388 -0.32870271702699266 -0.8669064018776814
vn 0.3747369370964992 -0.32870197488784475 -0.8669067075991309
vn 0.3524371274355349 -0.3525090702395085 -0.8669056618824598
vn 0.3524368131235843 -0.3525081300815421 -0.8669061719596338
vn 0.3524362430807023 -0.352506963991446 -0.8669068778713741
vn 0.37473731784307096 -0.32870158159509955 -0.8669066921374302
vn 0.37473904572384176 -0.3287024452888637 -0.866905617741116
vn 0.395433478185852 -0.3034891727995029 -0.8669063884430157
vn 0.3954341144619441 -0.3034893000116004 -0.8669060536748874
vn 0.3524365933123815 -0.35250665857056485 -0.8669068596785805
vn 0.3524383865693394 -0.35250776637513237 -0.8669056801738099
vn 0.35243859579411696 -0.3525072603442987 -0.866905800879904
vn 0.3286287125438474 -0.37480302925571674 -0.8669059110148642
vn 0.37473847549247646 -0.3287015477217933 -0.8669062045636033
vn 0.27689382823640013 -0.4144924639393779 -0.8669058802557832
vn 0.27689346720032304 -0.41449135615157706 -0.8669065252363776
vn 0.27689374034226066 -0.4144907674715781 -0.8669067194572292
vn 0.27689436517607857 -0.4144908553592186 -0.8669064778609743
vn 0.2768946540313688 -0.41449072242620466 -0.8669064491578383
vn 0.2768962325448452 -0.4144917937985262 -0.8669054327180971
vn 0.30341235291590624 -0.3954943184140739 -0.8669055243798027
vn 0.35243752090939384 -0.35250570862203434 -0.8669068688412371
vn 0.35243871681634237 -0.35250624887863063 -0.8669061629671154
vn 0.32862811796166713 -0.37480174942586886 -0.8669066897378752
vn 0.32862877669620505 -0.37480184234952196 -0.8669063998486571
vn 0.3286293075193469 -0.37480168692983173 -0.8669062658176528
vn 0.328629880533878 -0.3748016946514799 -0.8669060452590396
vn 0.3747382231937745 -0.3287006378159311 -0.8669066586299663
vn 0.3747392097933721 -0.3287009087761119 -0.8669061294126356
vn 0.37473907658493216 -0.32870036005501824 -0.8669063950507999
vn 0.3747394191266347 -0.3287001941492678 -0.866906309885253
vn 0.3524390111440803 -0.3525059769615431 -0.8669061538772065
vn 0.35243907165498495 -0.35250547122850107 -0.8669063349202984
vn 0.32862964443826714 -0.3748009224404356 -0.8669064686194102
vn 0.3747401516937828 -0.32870006398366186 -0.8669060425707374
vn 0.3524393398821349 -0.35250520301385535 -0.8669063349356755
vn 0.5338868019966582 -0.5339363930622 -0.6556499148307036
vn 0.7071067811865476 -0.7071067811865476 0
vn 0.23169452570056157 -0.22669242927176733 0.946006442510439
vn 0.2768961174683663 -0.41449084631070554 -0.8669059224942345
vn 0.27689541003831314 -0.41448939771130916 -0.8669068410646155
vn 0.276895964277581 -0.414489230729445 -0.8669067438750846
vn 0.2768967469296455 -0.41448977883471605 -0.8669062318274843
vn 0.3034113082487362 -0.39549264741683304 -0.8669066523369255
vn 0.3034119036097101 -0.3954925869186749 -0.8669064715644393
vn 0.30341201350499536 -0.3954920383362309 -0.8669066833711098
vn 0.3034131818297401 -0.39549267205043587 -0.8669059853561742
vn 0.37750274428641545 -0.6539236987324284 -0.6556488955930037
vn 0.27689788218965167 -0.4144904982395077 -0.8669055252494648
vn 0.41946341936219245 -0.627834191111423 -0.6556482809315088
vn 0.5000002818671057 -0.866025241048328 0
vn 0.165127276753391 -0.27893459692026445 0.946006592531436
vn 0.5555700015194128 -0.8314697669859799 0
vn 0.5418906258718412 -0.7921477028691046 0.2808141136613771
vn 0.30341338417268304 -0.39549242545473645 -0.8669060270368465
vn 0.45962565801477234 -0.5990539149382058 -0.6556513261572009
vn 0.6087612032766206 -0.7933535135015166 0
vn 0.02604980369188501 -0.03319246662519832 0.999109437392596
vn 0.49782297021376654 -0.5677112341632629 -0.6556494832853667
vn 0.6593458684883615 -0.751839760658698 0
vn 0.6406503348474125 -0.7146387132272012 0.28081783778255304
vn 0.41443575531623134 -0.27697829149263115 -0.8669060103363502
vn 0.4144356597175525 -0.27697754229648003 -0.8669062954079171
vn 0.4144354763839733 -0.27697691342711966 -0.8669065839770598
vn 0.4144350954296 -0.27697632170860675 -0.866906955150914
vn 0.41443679029032293 -0.27697679595824715 -0.86690599337792
vn 0.4144377727428678 -0.27697682507614324 -0.8669055143985823
vn 0.39543447236666607 -0.30348900220085206 -0.866905994677178
vn 0.4144369733562375 -0.2769759345325684 -0.8669061810860109
vn 0.4144365419939897 -0.27697518003135235 -0.866906628367014
vn 0.3954347293122559 -0.3034883975008169 -0.8669060891677536
vn 0.3954343140035762 -0.3034875645123025 -0.866906570222485
vn 0.41443665947627734 -0.27697464243537673 -0.8669067439638126
vn 0.3954342909145753 -0.30348721203676704 -0.8669067041493205
vn 0.3954354784431372 -0.3034875661616144 -0.8669060384919157
vn 0.41443747330207487 -0.2769748571754746 -0.8669062862937478
vn 0.3954353425324739 -0.3034869801698298 -0.8669063056314806
vn 0.5990117683757885 -0.4596820393433897 -0.6556503062246011
vn 0.7933535135015166 -0.6087612032766206 0
vn 0.0007207176613631826 -0.0005406339248661016 0.9999995941404235
vn 0.41443857248212757 -0.2769749144370944 -0.8669057425184934
vn 0.6277960611474804 -0.41952157505786003 -0.6556475834384516
vn 0.653888039345121 -0.37756329347781037 -0.6556495949968872
vn 0.8314697669859799 -0.5555700015194128 0
vn 0.8037837562876171 -0.5244760991324345 0.280813985704048
vn 0.866025241048328 -0.5000002818671057 0
vn 0.2824715438584264 -0.1590009665010728 0.9460066170814884
vn 0.5676647986523786 -0.49787506161009465 -0.6556501349025247
vn 0.751839760658698 -0.6593458684883615 0
vn 0.7284484428706407 -0.6249033742698819 0.28081780375441795
f 1//1 16//16 12//12
f 1//1 12//12 2//2
f 1//1 3//3 16//16
f 3//3 461//461 16//16
f 2//2 12//12 55//55
f 1//1 2//2 54//54
f 1//1 56//56 3//3
f 4//4 14//14 5//5
f 5//5 14//14 7//7
f 5//5 7//7 6//6
f 7//7 9//9 8//8
f 5//5 6//6 115//115
f 4//4 5//5 108//108
f 6//6 7//7 116//116
f 7//7 8//8 117//117
f 8//8 9//9 118//118
f 10//10 12//12 14//14
f 10//10 11//11 12//12
f 10//10 14//14 13//13
f 7//7 14//14 12//12
f 7//7 12//12 25//25
f 7//7 25//25 9//9
f 10//10 13//13 203//203
f 11//11 205//205 12//12
f 10//10 204//204 11//11
f 13//13 14//14 206//206
f 4//4 207//207 14//14
f 12//12 205//205 55//55
f 2//2 55//55 54//54
f 1//1 54//54 56//56
f 3//3 56//56 461//461
f 4//4 108//108 207//207
f 5//5 115//115 108//108
f 6//6 116//116 115//115
f 7//7 117//117 116//116
f 8//8 118//118 117//117
f 9//9 119//119 118//118
f 10//10 203//203 204//204
f 11//11 204//204 205//205
f 14//14 207//207 206//206
f 13//13 206//206 203//203
f 15//15 21//21 20//20
f 16//16 17//17 18//18
f 16//16 18//18 20//20
f 12//12 16//16 20//20
f 18//18 19//19 20//20
f 12//12 20//20 1512//1512
f 15//15 20//20 454//454
f 16//16 462//462 17//17
f 17//17 463//463 18//18
f 18//18 471//471 19//19
f 19//19 472//472 20//20
f 20//20 21//21 23//23
f 21//21 22//22 23//23
f 20//20 23//23 1512//1512
f 23//23 24//24 1510//1510
f 15//15 516//516 21//21
f 21//21 517//517 22//22
f 22//22 524//524 23//23
f 23//23 525//525 24//24
f 24//24 1561//1561 1510//1510
f 9//9 25//25 39//39
f 12//12 1521//1521 25//25
f 25//25 1080//1080 39//39
f 25//25 1521//1521 565//565
f 16//16 461//461 462//462
f 18//18 463//463 471//471
f 17//17 462//462 463//463
f 19//19 471//471 472//472
f 20//20 472//472 454//454
f 15//15 454//454 516//516
f 21//21 516//516 517//517
f 22//22 517//517 524//524
f 23//23 524//524 525//525
f 24//24 525//525 1561//1561
f 25//25 564//564 1081//1081
f 25//25 1081//1081 1080//1080
f 25//25 565//565 564//564
f 565//565 1521//1521 566//566
f 9//9 27//27 26//26
f 27//27 29//29 28//28
f 27//27 31//31 29//29
f 29//29 31//31 30//30
f 9//9 26//26 119//119
f 26//26 27//27 704//704
f 27//27 28//28 705//705
f 28//28 29//29 706//706
f 29//29 30//30 707//707
f 30//30 31//31 720//720
f 9//9 40//40 27//27
f 27//27 40//40 31//31
f 31//31 33//33 32//32
f 31//31 35//35 33//33
f 33//33 35//35 34//34
f 31//31 41//41 35//35
f 31//31 32//32 787//787
f 32//32 33//33 788//788
f 33//33 34//34 789//789
f 34//34 35//35 790//790
f 35//35 37//37 36//36
f 35//35 41//41 37//37
f 37//37 41//41 38//38
f 35//35 36//36 791//791
f 36//36 37//37 816//816
f 37//37 38//38 817//817
f 38//38 41//41 818//818
f 26//26 704//704 119//119
f 27//27 705//705 704//704
f 28//28 706//706 705//705
f 29//29 707//707 706//706
f 30//30 720//720 707//707
f 31//31 787//787 720//720
f 32//32 788//788 787//787
f 33//33 789//789 788//788
f 34//34 790//790 789//789
f 35//35 791//791 790//790
f 36//36 816//816 791//791
f 37//37 817//817 816//816
f 38//38 818//818 817//817
f 41//41 1105//1105 818//818
f 9//9 39//39 40//40
f 31//31 40//40 1535//1535
f 31//31 1535//1535 49//49
f 39//39 1085//1085 40//40
f 31//31 49//49 41//41
f 41//41 43//43 42//42
f 41//41 45//45 43//43
f 43//43 45//45 44//44
f 41//41 49//49 45//45
f 45//45 47//47 46//46
f 41//41 42//42 1105//1105
f 42//42 43//43 1106//1106
f 43//43 44//44 1107//1107
f 44//44 45//45 1115//1115
f 45//45 46//46 1116//1116
f 45//45 49//49 47//47
f 47//47 49//49 48//48
f 49//49 51//51 50//50
f 46//46 47//47 1120//1120
f 47//47 48//48 1167//1167
f 48//48 49//49 1168//1168
f 49//49 50//50 1175//1175
f 50//50 51//51 1176//1176
f 39//39 1080//1080 1085//1085
f 40//40 1085//1085 2214//2214
f 42//42 1106//1106 1105//1105
f 43//43 1107//1107 1106//1106
f 44//44 1115//1115 1107//1107
f 45//45 1116//1116 1115//1115
f 46//46 1120//1120 1116//1116
f 47//47 1167//1167 1120//1120
f 48//48 1168//1168 1167//1167
f 49//49 1175//1175 1168//1168
f 50//50 1176//1176 1175//1175
f 51//51 1177//1177 1176//1176
f 23//23 1510//1510 1512//1512
f 1510//1510 1511//1511 1512//1512
f 1512//1512 1513//1513 1514//1514
f 1512//1512 1514//1514 1516//1516
f 12//12 1512//1512 1529//1529
f 1510//1510 1562//1562 1511//1511
f 1511//1511 1563//1563 1512//1512
f 1512//1512 1573//1573 1513//1513
f 1513//1513 1574//1574 1514//1514
f 1514//1514 1621//1621 1515//1515
f 1514//1514 1515//1515 1516//1516
f 1512//1512 1516//1516 1520//1520
f 1516//1516 1517//1517 1518//1518
f 1516//1516 1518//1518 1520//1520
f 1518//1518 1519//1519 1520//1520
f 1512//1512 1520//1520 1529//1529
f 1515//1515 1628//1628 1516//1516
f 1516//1516 1629//1629 1517//1517
f 1517//1517 1633//1633 1518//1518
f 1518//1518 1634//1634 1519//1519
f 1519//1519 1635//1635 1520//1520
f 12//12 1529//1529 1521//1521
f 1521//1521 1536//1536 1684//1684
f 1521//1521 1529//1529 1536//1536
f 1510//1510 1561//1561 1562//1562
f 1511//1511 1562//1562 1563//1563
f 1512//1512 1563//1563 1573//1573
f 1513//1513 1573//1573 1574//1574
f 1514//1514 1574//1574 1621//1621
f 1515//1515 1621//1621 1628//1628
f 1516//1516 1628//1628 1629//1629
f 1517//1517 1629//1629 1633//1633
f 1518//1518 1633//1633 1634//1634
f 1519//1519 1634//1634 1635//1635
f 566//566 1521//1521 1683//1683
f 1521//1521 1684//1684 1683//1683
f 1536//1536 2218//2218 1684//1684
f 1520//1520 1522//1522 1523//1523
f 1520//1520 1523//1523 1525//1525
f 1523//1523 1524//1524 1525//1525
f 1520//1520 1834//1834 1522//1522
f 1522//1522 1835//1835 1523//1523
f 1523//1523 1836//1836 1524//1524
f 1524//1524 1890//1890 1525//1525
f 1520//1520 1525//1525 1529//1529
f 1525//1525 1526//1526 1527//1527
f 1525//1525 1527//1527 1529//1529
f 1527//1527 1528//1528 1529//1529
f 1525//1525 1891//1891 1526//1526
f 1526//1526 1892//1892 1527//1527
f 1527//1527 1893//1893 1528//1528
f 1528//1528 1894//1894 1529//1529
f 1529//1529 1530//1530 1531//1531
f 1529//1529 1531//1531 1533//1533
f 1531//1531 1532//1532 1533//1533
f 1529//1529 1533//1533 1554//1554
f 1533//1533 1534//1534 1552//1552
f 1529//1529 1917//1917 1530//1530
f 1530//1530 1924//1924 1531//1531
f 1531//1531 1925//1925 1532//1532
f 1532//1532 1926//1926 1533//1533
f 1533//1533 1927//1927 1534//1534
f 1534//1534 2821//2821 1552//1552
f 1520//1520 1635//1635 1834//1834
f 1522//1522 1834//1834 1835//1835
f 1523//1523 1835//1835 1836//1836
f 1524//1524 1836//1836 1890//1890
f 1525//1525 1890//1890 1891//1891
f 1526//1526 1891//1891 1892//1892
f 1527//1527 1892//1892 1893//1893
f 1528//1528 1893//1893 1894//1894
f 1529//1529 1894//1894 1917//1917
f 1530//1530 1917//1917 1924//1924
f 1531//1531 1924//1924 1925//1925
f 1532//1532 1925//1925 1926//1926
f 1533//1533 1926//1926 1927//1927
f 1534//1534 1927//1927 2821//2821
f 49//49 1535//1535 1536//1536
f 40//40 2213//2213 1535//1535
f 1535//1535 2218//2218 1536//1536
f 49//49 1536//1536 1529//1529
f 49//49 1529//1529 1549//1549
f 49//49 1538//1538 51//51
f 51//51 1538//1538 1537//1537
f 49//49 1541//1541 1538//1538
f 1538//1538 1540//1540 1539//1539
f 1538//1538 1541//1541 1540//1540
f 51//51 1537//1537 1177//1177
f 1537//1537 1538//1538 2238//2238
f 1538//1538 1539//1539 2239//2239
f 1539//1539 1540//1540 2246//2246
f 1540//1540 1546//1546 2247//2247
f 49//49 1549//1549 1541//1541
f 1541//1541 1543//1543 1542//1542
f 1541//1541 1549//1549 1545//1545
f 1541//1541 1545//1545 1543//1543
f 1543//1543 1545//1545 1544//1544
f 1540//1540 1541//1541 1546//1546
f 1541//1541 1542//1542 2286//2286
f 1542//1542 1543//1543 2287//2287
f 1543//1543 1544//1544 2291//2291
f 1544//1544 1545//1545 2292//2292
f 1541//1541 2301//2301 1546//1546
f 40//40 2214//2214 2213//2213
f 1535//1535 2213//2213 2218//2218
f 1177//1177 1537//1537 2238//2238
f 1538//1538 2239//2239 2238//2238
f 1539//1539 2246//2246 2239//2239
f 1540//1540 2247//2247 2246//2246
f 1546//1546 2301//2301 2247//2247
f 1541//1541 2286//2286 2301//2301
f 1542//1542 2287//2287 2286//2286
f 1544//1544 2292//2292 2291//2291
f 1543//1543 2291//2291 2287//2287
f 1545//1545 2293//2293 2292//2292
f 1529//1529 1554//1554 1549//1549
f 1547//1547 1549//1549 1554//1554
f 1547//1547 1548//1548 1551//1551
f 1549//1549 1551//1551 1550//1550
f 1547//1547 1551//1551 1549//1549
f 1547//1547 1557//1557 2794//2794
f 1547//1547 2795//2795 1548//1548
f 1550//1550 1551//1551 2797//2797
f 1549//1549 1550//1550 2796//2796
f 1548//1548 2798//2798 1551//1551
f 1533//1533 1552//1552 1554//1554
f 1552//1552 1553//1553 1554//1554
f 1554//1554 1555//1555 1556//1556
f 1547//1547 1554//1554 1556//1556
f 1547//1547 1556//1556 1557//1557
f 1552//1552 2822//2822 1553//1553
f 1553//1553 2823//2823 1554//1554
f 1554//1554 2824//2824 1555//1555
f 1556//1556 2841//2841 1557//1557
f 1555//1555 2825//2825 1556//1556
f 1545//1545 1560//1560 1558//1558
f 1549//1549 1559//1559 1560//1560
f 1545//1545 1549//1549 1560//1560
f 1558//1558 1560//1560 2916//2916
f 1559//1559 2918//2918 1560//1560
f 1549//1549 2917//2917 1559//1559
f 1545//1545 1558//1558 2293//2293
f 1548//1548 2795//2795 2798//2798
f 1547//1547 2794//2794 2795//2795
f 1550//1550 2797//2797 2796//2796
f 1551//1551 2798//2798 2797//2797
f 1552//1552 2821//2821 2822//2822
f 1553//1553 2822//2822 2823//2823
f 1554//1554 2823//2823 2824//2824
f 1555//1555 2824//2824 2825//2825
f 1556//1556 2825//2825 2841//2841
f 1557//1557 2841//2841 2794//2794
f 1558//1558 2916//2916 2293//2293
f 1560//1560 2918//2918 2916//2916
f 1559//1559 2917//2917 2918//2918
f 1549//1549 2796//2796 2917//2917
f 1684//1684 2219//2219 1685//1685
f 1684//1684 2218//2218 2219//2219
f 61//61 205//205 214//214
f 52//52 62//62 214//214
f 52//52 53//53 64//64
f 52//52 64//64 62//62
f 53//53 70//70 64//64
f 53//53 68//68 70//70
f 56//56 464//464 461//461
f 55//55 205//205 61//61
f 54//54 55//55 59//59
f 54//54 65//65 56//56
f 57//57 464//464 65//65
f 57//57 65//65 66//66
f 58//58 66//66 67//67
f 67//67 88//88 90//90
f 57//57 66//66 58//58
f 58//58 67//67 90//90
f 59//59 61//61 60//60
f 59//59 60//60 66//66
f 55//55 61//61 59//59
f 61//61 214//214 62//62
f 60//60 61//61 62//62
f 60//60 62//62 63//63
f 64//64 70//70 95//95
f 63//63 64//64 95//95
f 60//60 63//63 67//67
f 63//63 88//88 67//67
f 63//63 95//95 88//88
f 62//62 64//64 63//63
f 59//59 66//66 65//65
f 54//54 59//59 65//65
f 56//56 65//65 464//464
f 60//60 67//67 66//66
f 74//74 222//222 75//75
f 75//75 223//223 78//78
f 71//71 72//72 96//96
f 68//68 69//69 71//71
f 69//69 74//74 72//72
f 69//69 219//219 74//74
f 68//68 71//71 70//70
f 69//69 72//72 71//71
f 73//73 106//106 97//97
f 72//72 73//73 97//97
f 72//72 74//74 73//73
f 73//73 74//74 75//75
f 73//73 75//75 83//83
f 79//79 226//226 227//227
f 78//78 226//226 79//79
f 80//80 227//227 228//228
f 80//80 228//228 81//81
f 81//81 228//228 229//229
f 79//79 80//80 84//84
f 79//79 227//227 80//80
f 80//80 81//81 85//85
f 78//78 82//82 83//83
f 83//83 107//107 106//106
f 73//73 83//83 106//106
f 82//82 107//107 83//83
f 75//75 78//78 83//83
f 78//78 79//79 82//82
f 79//79 84//84 82//82
f 77//77 84//84 85//85
f 80//80 85//85 84//84
f 76//76 82//82 84//84
f 76//76 107//107 82//82
f 76//76 84//84 77//77
f 86//86 89//89 94//94
f 86//86 96//96 87//87
f 87//87 97//97 98//98
f 91//91 92//92 506//506
f 88//88 89//89 91//91
f 89//89 92//92 91//91
f 86//86 92//92 89//89
f 88//88 91//91 90//90
f 92//92 93//93 507//507
f 86//86 93//93 92//92
f 86//86 87//87 93//93
f 87//87 102//102 93//93
f 70//70 71//71 94//94
f 70//70 94//94 95//95
f 71//71 96//96 94//94
f 89//89 95//95 94//94
f 88//88 95//95 89//89
f 86//86 94//94 96//96
f 72//72 97//97 96//96
f 87//87 96//96 97//97
f 97//97 106//106 98//98
f 99//99 106//106 107//107
f 98//98 106//106 99//99
f 98//98 99//99 103//103
f 76//76 100//100 107//107
f 99//99 107//107 100//100
f 76//76 101//101 100//100
f 76//76 77//77 101//101
f 99//99 100//100 104//104
f 100//100 101//101 105//105
f 93//93 102//102 512//512
f 102//102 513//513 512//512
f 102//102 103//103 513//513
f 87//87 98//98 102//102
f 98//98 103//103 102//102
f 99//99 104//104 103//103
f 100//100 105//105 104//104
f 103//103 514//514 513//513
f 103//103 104//104 514//514
f 104//104 105//105 515//515
f 104//104 515//515 514//514
f 108//108 110//110 207//207
f 109//109 110//110 111//111
f 108//108 111//111 110//110
f 109//109 111//111 112//112
f 109//109 113//113 217//217
f 113//113 139//139 217//217
f 113//113 140//140 139//139
f 114//114 142//142 140//140
f 114//114 125//125 142//142
f 109//109 112//112 113//113
f 112//112 114//114 113//113
f 113//113 114//114 140//140
f 115//115 116//116 121//121
f 108//108 115//115 111//111
f 116//116 117//117 123//123
f 117//117 118//118 133//133
f 118//118 119//119 134//134
f 120//120 126//126 130//130
f 120//120 173//173 179//179
f 120//120 130//130 173//173
f 130//130 180//180 173//173
f 121//121 123//123 122//122
f 112//112 121//121 122//122
f 111//111 115//115 121//121
f 111//111 121//121 112//112
f 116//116 123//123 121//121
f 123//123 133//133 124//124
f 122//122 123//123 124//124
f 112//112 122//122 114//114
f 114//114 122//122 125//125
f 122//122 124//124 125//125
f 125//125 179//179 142//142
f 120//120 179//179 125//125
f 120//120 125//125 124//124
f 120//120 124//124 126//126
f 126//126 134//134 128//128
f 127//127 128//128 134//134
f 127//127 129//129 128//128
f 126//126 128//128 130//130
f 128//128 131//131 130//130
f 131//131 184//184 180//180
f 130//130 131//131 180//180
f 128//128 129//129 131//131
f 129//129 132//132 131//131
f 131//131 132//132 184//184
f 132//132 185//185 184//184
f 117//117 133//133 123//123
f 118//118 134//134 133//133
f 126//126 133//133 134//134
f 124//124 133//133 126//126
f 119//119 127//127 134//134
f 135//135 224//224 141//141
f 135//135 225//225 224//224
f 136//136 150//150 225//225
f 135//135 136//136 225//225
f 137//137 146//146 175//175
f 137//137 176//176 156//156
f 139//139 140//140 141//141
f 138//138 141//141 140//140
f 135//135 141//141 138//138
f 135//135 138//138 144//144
f 138//138 140//140 142//142
f 138//138 142//142 143//143
f 142//142 179//179 143//143
f 143//143 146//146 144//144
f 138//138 143//143 144//144
f 143//143 172//172 146//146
f 136//136 144//144 145//145
f 136//136 145//145 148//148
f 137//137 162//162 145//145
f 135//135 144//144 136//136
f 144//144 146//146 145//145
f 137//137 145//145 146//146
f 147//147 227//227 150//150
f 147//147 150//150 148//148
f 136//136 148//148 150//150
f 147//147 148//148 149//149
f 147//147 151//151 228//228
f 151//151 229//229 228//228
f 151//151 152//152 229//229
f 149//149 153//153 151//151
f 151//151 153//153 152//152
f 152//152 153//153 154//154
f 153//153 158//158 154//154
f 147//147 149//149 151//151
f 155//155 162//162 156//156
f 137//137 156//156 162//162
f 156//156 193//193 157//157
f 155//155 156//156 157//157
f 155//155 157//157 158//158
f 154//154 158//158 159//159
f 158//158 161//161 159//159
f 160//160 161//161 196//196
f 160//160 196//196 197//197
f 157//157 161//161 158//158
f 157//157 192//192 161//161
f 159//159 161//161 160//160
f 145//145 162//162 148//148
f 148//148 162//162 149//149
f 149//149 162//162 155//155
f 149//149 155//155 153//153
f 153//153 155//155 158//158
f 166//166 198//198 200//200
f 163//163 198//198 166//166
f 163//163 166//166 167//167
f 164//164 202//202 165//165
f 164//164 166//166 200//200
f 164//164 168//168 166//166
f 166//166 168//168 167//167
f 167//167 168//168 170//170
f 164//164 165//165 168//168
f 165//165 169//169 168//168
f 168//168 169//169 170//170
f 169//169 171//171 170//170
f 172//172 179//179 173//173
f 146//146 172//172 175//175
f 172//172 174//174 175//175
f 172//172 173//173 174//174
f 173//173 180//180 174//174
f 174//174 180//180 181//181
f 174//174 178//178 175//175
f 174//174 181//181 178//178
f 178//178 181//181 186//186
f 175//175 178//178 176//176
f 137//137 175//175 176//176
f 176//176 177//177 193//193
f 177//177 178//178 186//186
f 177//177 186//186 187//187
f 177//177 187//187 194//194
f 176//176 178//178 177//177
f 143//143 179//179 172//172
f 181//181 182//182 186//186
f 182//182 188//188 186//186
f 180//180 184//184 181//181
f 181//181 184//184 182//182
f 182//182 185//185 183//183
f 182//182 183//183 188//188
f 183//183 189//189 188//188
f 182//182 184//184 185//185
f 186//186 188//188 187//187
f 187//187 190//190 199//199
f 187//187 188//188 190//190
f 188//188 189//189 190//190
f 190//190 191//191 201//201
f 189//189 191//191 190//190
f 177//177 194//194 193//193
f 192//192 193//193 194//194
f 192//192 194//194 195//195
f 156//156 176//176 193//193
f 157//157 193//193 192//192
f 187//187 199//199 194//194
f 194//194 199//199 195//195
f 195//195 199//199 200//200
f 161//161 192//192 196//196
f 195//195 198//198 196//196
f 192//192 195//195 196//196
f 196//196 198//198 197//197
f 163//163 197//197 198//198
f 195//195 200//200 198//198
f 199//199 201//201 200//200
f 190//190 201//201 199//199
f 164//164 200//200 201//201
f 164//164 201//201 202//202
f 191//191 202//202 201//201
f 203//203 206//206 208//208
f 204//204 214//214 205//205
f 203//203 212//212 204//204
f 206//206 207//207 215//215
f 208//208 213//213 212//212
f 209//209 215//215 216//216
f 203//203 208//208 212//212
f 208//208 215//215 209//209
f 208//208 209//209 213//213
f 209//209 210//210 213//213
f 210//210 211//211 218//218
f 209//209 216//216 211//211
f 211//211 216//216 217//217
f 139//139 220//220 217//217
f 211//211 217//217 220//220
f 209//209 211//211 210//210
f 211//211 220//220 218//218
f 52//52 214//214 212//212
f 204//204 212//212 214//214
f 52//52 212//212 213//213
f 53//53 213//213 210//210
f 52//52 213//213 53//53
f 68//68 210//210 218//218
f 53//53 210//210 68//68
f 110//110 216//216 215//215
f 110//110 215//215 207//207
f 109//109 216//216 110//110
f 206//206 215//215 208//208
f 109//109 217//217 216//216
f 219//219 220//220 221//221
f 221//221 224//224 222//222
f 69//69 218//218 219//219
f 218//218 220//220 219//219
f 74//74 219//219 222//222
f 219//219 221//221 222//222
f 139//139 221//221 220//220
f 139//139 141//141 221//221
f 141//141 224//224 221//221
f 222//222 224//224 223//223
f 223//223 224//224 225//225
f 223//223 225//225 226//226
f 75//75 222//222 223//223
f 68//68 218//218 69//69
f 150//150 227//227 226//226
f 150//150 226//226 225//225
f 78//78 223//223 226//226
f 147//147 228//228 227//227
f 231//231 232//232 270//270
f 233//233 234//234 349//349
f 232//232 234//234 277//277
f 234//234 278//278 277//277
f 233//233 278//278 234//234
f 235//235 236//236 238//238
f 233//233 344//344 236//236
f 236//236 240//240 238//238
f 236//236 347//347 240//240
f 233//233 236//236 235//235
f 233//233 235//235 278//278
f 243//243 324//324 315//315
f 244//244 411//411 414//414
f 241//241 411//411 244//244
f 237//237 244//244 414//414
f 237//237 414//414 415//415
f 237//237 415//415 248//248
f 238//238 239//239 311//311
f 238//238 240//240 239//239
f 239//239 242//242 314//314
f 239//239 241//241 242//242
f 239//239 240//240 241//241
f 240//240 410//410 241//241
f 241//241 244//244 242//242
f 242//242 244//244 243//243
f 237//237 252//252 243//243
f 242//242 243//243 315//315
f 237//237 243//243 244//244
f 245//245 324//324 252//252
f 245//245 253//253 246//246
f 246//246 253//253 254//254
f 247//247 255//255 326//326
f 246//246 254//254 247//247
f 247//247 254//254 255//255
f 248//248 249//249 253//253
f 248//248 415//415 417//417
f 249//249 417//417 418//418
f 248//248 417//417 249//249
f 249//249 250//250 254//254
f 250//250 251//251 255//255
f 250//250 418//418 419//419
f 251//251 419//419 420//420
f 249//249 418//418 250//250
f 250//250 419//419 251//251
f 251//251 420//420 255//255
f 237//237 248//248 252//252
f 248//248 253//253 252//252
f 243//243 252//252 324//324
f 245//245 252//252 253//253
f 249//249 254//254 253//253
f 250//250 255//255 254//254
f 257//257 285//285 258//258
f 258//258 286//286 260//260
f 259//259 294//294 298//298
f 260//260 289//289 261//261
f 261//261 289//289 290//290
f 260//260 261//261 584//584
f 259//259 262//262 290//290
f 261//261 290//290 262//262
f 259//259 298//298 262//262
f 261//261 262//262 586//586
f 262//262 298//298 604//604
f 263//263 271//271 264//264
f 263//263 264//264 282//282
f 264//264 267//267 265//265
f 265//265 268//268 273//273
f 264//264 265//265 283//283
f 265//265 287//287 283//283
f 81//81 266//266 271//271
f 81//81 271//271 85//85
f 266//266 269//269 267//267
f 266//266 267//267 271//271
f 81//81 229//229 266//266
f 229//229 230//230 266//266
f 230//230 269//269 266//266
f 230//230 231//231 269//269
f 267//267 269//269 268//268
f 268//268 270//270 279//279
f 268//268 269//269 270//270
f 231//231 270//270 269//269
f 232//232 277//277 270//270
f 85//85 271//271 263//263
f 264//264 271//271 267//267
f 77//77 85//85 263//263
f 265//265 267//267 268//268
f 274//274 279//279 280//280
f 272//272 276//276 280//280
f 272//272 310//310 318//318
f 273//273 288//288 287//287
f 268//268 279//279 273//273
f 273//273 279//279 274//274
f 265//265 273//273 287//287
f 273//273 274//274 288//288
f 276//276 318//318 316//316
f 274//274 275//275 288//288
f 275//275 276//276 316//316
f 274//274 280//280 276//276
f 272//272 318//318 276//276
f 274//274 276//276 275//275
f 270//270 277//277 279//279
f 277//277 278//278 280//280
f 277//277 280//280 279//279
f 272//272 280//280 278//278
f 235//235 272//272 278//278
f 235//235 238//238 310//310
f 235//235 310//310 272//272
f 101//101 281//281 284//284
f 101//101 284//284 105//105
f 281//281 282//282 285//285
f 281//281 285//285 284//284
f 77//77 281//281 101//101
f 77//77 263//263 281//281
f 263//263 282//282 281//281
f 282//282 286//286 285//285
f 283//283 289//289 286//286
f 282//282 283//283 286//286
f 264//264 283//283 282//282
f 105//105 284//284 256//256
f 257//257 284//284 285//285
f 105//105 256//256 515//515
f 256//256 284//284 257//257
f 258//258 285//285 286//286
f 283//283 287//287 289//289
f 287//287 288//288 290//290
f 287//287 290//290 289//289
f 259//259 288//288 275//275
f 275//275 316//316 294//294
f 259//259 275//275 294//294
f 259//259 290//290 288//288
f 260//260 286//286 289//289
f 296//296 320//320 321//321
f 302//302 321//321 327//327
f 291//291 303//303 327//327
f 293//293 326//326 305//305
f 291//291 292//292 304//304
f 291//291 304//304 303//303
f 292//292 293//293 305//305
f 292//292 305//305 304//304
f 295//295 317//317 297//297
f 294//294 295//295 299//299
f 295//295 297//297 301//301
f 296//296 297//297 320//320
f 296//296 321//321 302//302
f 296//296 300//300 297//297
f 296//296 306//306 300//300
f 299//299 301//301 606//606
f 299//299 606//606 605//605
f 294//294 299//299 298//298
f 295//295 301//301 299//299
f 298//298 299//299 605//605
f 301//301 607//607 606//606
f 300//300 607//607 301//301
f 300//300 619//619 607//607
f 297//297 300//300 301//301
f 302//302 307//307 306//306
f 302//302 327//327 303//303
f 296//296 302//302 306//306
f 302//302 303//303 307//307
f 303//303 308//308 307//307
f 304//304 309//309 308//308
f 255//255 618//618 305//305
f 303//303 304//304 308//308
f 304//304 305//305 309//309
f 306//306 307//307 620//620
f 306//306 620//620 619//619
f 300//300 306//306 619//619
f 307//307 308//308 621//621
f 305//305 622//622 309//309
f 308//308 309//309 622//622
f 307//307 621//621 620//620
f 308//308 622//622 621//621
f 310//310 319//319 318//318
f 310//310 311//311 319//319
f 311//311 312//312 319//319
f 311//311 314//314 312//312
f 242//242 315//315 314//314
f 313//313 314//314 315//315
f 312//312 314//314 313//313
f 313//313 315//315 322//322
f 317//317 318//318 319//319
f 312//312 320//320 319//319
f 316//316 318//318 317//317
f 317//317 319//319 320//320
f 312//312 321//321 320//320
f 313//313 327//327 321//321
f 312//312 313//313 321//321
f 238//238 311//311 310//310
f 239//239 314//314 311//311
f 291//291 322//322 323//323
f 315//315 324//324 322//322
f 245//245 323//323 324//324
f 322//322 324//324 323//323
f 245//245 325//325 323//323
f 246//246 326//326 325//325
f 292//292 323//323 325//325
f 293//293 325//325 326//326
f 255//255 305//305 326//326
f 245//245 246//246 325//325
f 246//246 247//247 326//326
f 291//291 327//327 322//322
f 313//313 322//322 327//327
f 291//291 323//323 292//292
f 292//292 325//325 293//293
f 295//295 316//316 317//317
f 294//294 316//316 295//295
f 297//297 317//317 320//320
f 342//342 352//352 354//354
f 342//342 354//354 343//343
f 343//343 354//354 355//355
f 328//328 343//343 355//355
f 328//328 329//329 351//351
f 328//328 355//355 368//368
f 328//328 368//368 329//329
f 329//329 368//368 367//367
f 329//329 330//330 351//351
f 329//329 331//331 330//330
f 330//330 331//331 386//386
f 331//331 388//388 386//386
f 331//331 367//367 371//371
f 331//331 371//371 388//388
f 371//371 428//428 388//388
f 329//329 367//367 331//331
f 154//154 159//159 332//332
f 332//332 338//338 333//333
f 333//333 340//340 334//334
f 333//333 334//334 337//337
f 334//334 341//341 345//345
f 152//152 230//230 229//229
f 152//152 335//335 230//230
f 230//230 335//335 231//231
f 231//231 335//335 336//336
f 154//154 332//332 335//335
f 152//152 154//154 335//335
f 332//332 336//336 335//335
f 332//332 333//333 336//336
f 333//333 337//337 336//336
f 232//232 336//336 337//337
f 334//334 349//349 337//337
f 231//231 336//336 232//232
f 232//232 337//337 234//234
f 338//338 339//339 340//340
f 159//159 338//338 332//332
f 159//159 160//160 338//338
f 333//333 338//338 340//340
f 160//160 339//339 338//338
f 197//197 352//352 339//339
f 160//160 197//197 339//339
f 339//339 342//342 340//340
f 339//339 352//352 342//342
f 340//340 342//342 341//341
f 341//341 342//342 343//343
f 341//341 343//343 350//350
f 334//334 340//340 341//341
f 344//344 349//349 345//345
f 345//345 350//350 346//346
f 346//346 350//350 351//351
f 334//334 345//345 349//349
f 344//344 345//345 346//346
f 348//348 412//412 410//410
f 344//344 346//346 347//347
f 240//240 347//347 410//410
f 347//347 348//348 410//410
f 330//330 348//348 351//351
f 346//346 351//351 348//348
f 330//330 412//412 348//348
f 330//330 386//386 412//412
f 346//346 348//348 347//347
f 234//234 337//337 349//349
f 233//233 349//349 344//344
f 236//236 344//344 347//347
f 341//341 350//350 345//345
f 328//328 350//350 343//343
f 328//328 351//351 350//350
f 163//163 353//353 352//352
f 352//352 353//353 354//354
f 353//353 356//356 354//354
f 163//163 167//167 353//353
f 167//167 358//358 353//353
f 353//353 358//358 356//356
f 356//356 358//358 361//361
f 354//354 356//356 355//355
f 355//355 357//357 368//368
f 355//355 356//356 357//357
f 357//357 362//362 369//369
f 357//357 361//361 362//362
f 356//356 361//361 357//357
f 360//360 363//363 361//361
f 167//167 170//170 358//358
f 170//170 360//360 358//358
f 358//358 360//360 361//361
f 359//359 363//363 360//360
f 359//359 364//364 363//363
f 170//170 171//171 360//360
f 171//171 359//359 360//360
f 361//361 363//363 362//362
f 362//362 365//365 378//378
f 362//362 363//363 365//365
f 363//363 364//364 365//365
f 365//365 366//366 380//380
f 364//364 366//366 365//365
f 375//375 429//429 422//422
f 367//367 368//368 369//369
f 357//357 369//369 368//368
f 367//367 369//369 370//370
f 369//369 378//378 370//370
f 362//362 378//378 369//369
f 370//370 378//378 379//379
f 367//367 370//370 371//371
f 370//370 372//372 371//371
f 371//371 372//372 428//428
f 372//372 422//422 428//428
f 370//370 379//379 372//372
f 372//372 379//379 375//375
f 372//372 375//375 422//422
f 373//373 376//376 375//375
f 375//375 376//376 429//429
f 376//376 430//430 429//429
f 373//373 374//374 376//376
f 374//374 377//377 376//376
f 376//376 377//377 430//430
f 377//377 432//432 430//430
f 378//378 380//380 379//379
f 365//365 380//380 378//378
f 373//373 379//379 380//380
f 373//373 380//380 381//381
f 366//366 381//381 380//380
f 373//373 381//381 374//374
f 373//373 375//375 379//379
f 163//163 352//352 197//197
f 386//386 387//387 413//413
f 387//387 416//416 413//413
f 387//387 393//393 416//416
f 383//383 416//416 393//393
f 382//382 394//394 383//383
f 382//382 383//383 393//393
f 385//385 402//402 392//392
f 384//384 385//385 392//392
f 389//389 391//391 393//393
f 386//386 388//388 387//387
f 387//387 388//388 389//389
f 387//387 389//389 393//393
f 388//388 428//428 389//389
f 389//389 428//428 390//390
f 389//389 390//390 391//391
f 384//384 391//391 390//390
f 382//382 393//393 391//391
f 382//382 392//392 396//396
f 382//382 391//391 392//392
f 384//384 392//392 391//391
f 383//383 394//394 417//417
f 394//394 395//395 418//418
f 395//395 396//396 397//397
f 394//394 396//396 395//395
f 382//382 396//396 394//394
f 395//395 419//419 418//418
f 395//395 398//398 419//419
f 398//398 420//420 419//419
f 399//399 401//401 420//420
f 398//398 399//399 420//420
f 397//397 400//400 398//398
f 399//399 400//400 401//401
f 395//395 397//397 398//398
f 398//398 400//400 399//399
f 402//402 404//404 403//403
f 385//385 404//404 402//402
f 403//403 404//404 405//405
f 400//400 403//403 406//406
f 401//401 406//406 407//407
f 401//401 407//407 409//409
f 403//403 405//405 406//406
f 405//405 408//408 406//406
f 406//406 408//408 407//407
f 407//407 408//408 409//409
f 401//401 409//409 445//445
f 396//396 402//402 397//397
f 392//392 402//402 396//396
f 397//397 402//402 403//403
f 397//397 403//403 400//400
f 400//400 406//406 401//401
f 255//255 401//401 445//445
f 411//411 412//412 413//413
f 413//413 416//416 414//414
f 411//411 413//413 414//414
f 241//241 410//410 411//411
f 410//410 412//412 411//411
f 386//386 413//413 412//412
f 414//414 416//416 415//415
f 383//383 417//417 415//415
f 383//383 415//415 416//416
f 394//394 418//418 417//417
f 255//255 420//420 401//401
f 390//390 422//422 421//421
f 384//384 390//390 421//421
f 384//384 421//421 424//424
f 421//421 422//422 429//429
f 421//421 429//429 423//423
f 421//421 423//423 424//424
f 423//423 427//427 424//424
f 384//384 424//424 385//385
f 385//385 425//425 404//404
f 385//385 424//424 425//425
f 425//425 426//426 438//438
f 424//424 427//427 425//425
f 425//425 427//427 426//426
f 390//390 428//428 422//422
f 423//423 429//429 430//430
f 423//423 430//430 431//431
f 423//423 431//431 427//427
f 427//427 431//431 434//434
f 433//433 436//436 434//434
f 430//430 432//432 431//431
f 431//431 432//432 433//433
f 431//431 433//433 434//434
f 426//426 427//427 434//434
f 426//426 435//435 440//440
f 426//426 434//434 435//435
f 434//434 436//436 435//435
f 435//435 437//437 446//446
f 435//435 436//436 437//437
f 405//405 438//438 439//439
f 404//404 438//438 405//405
f 404//404 425//425 438//438
f 438//438 440//440 439//439
f 426//426 440//440 438//438
f 439//439 440//440 441//441
f 405//405 439//439 408//408
f 408//408 439//439 442//442
f 408//408 442//442 409//409
f 409//409 442//442 443//443
f 409//409 443//443 445//445
f 439//439 441//441 442//442
f 441//441 444//444 442//442
f 442//442 444//444 443//443
f 443//443 444//444 445//445
f 440//440 446//446 441//441
f 435//435 446//446 440//440
f 441//441 446//446 447//447
f 446//446 448//448 447//447
f 437//437 448//448 446//446
f 447//447 448//448 449//449
f 441//441 447//447 444//444
f 444//444 447//447 450//450
f 444//444 450//450 445//445
f 445//445 450//450 451//451
f 445//445 451//451 453//453
f 447//447 449//449 450//450
f 449//449 452//452 450//450
f 450//450 452//452 451//451
f 451//451 452//452 453//453
f 255//255 445//445 703//703
f 445//445 453//453 703//703
f 454//454 472//472 458//458
f 475//475 486//486 488//488
f 455//455 474//474 456//456
f 456//456 475//475 488//488
f 457//457 458//458 472//472
f 455//455 459//459 457//457
f 457//457 459//459 458//458
f 455//455 456//456 460//460
f 455//455 460//460 459//459
f 456//456 492//492 460//460
f 456//456 488//488 492//492
f 460//460 492//492 533//533
f 461//461 465//465 462//462
f 462//462 468//468 463//463
f 465//465 466//466 469//469
f 461//461 464//464 465//465
f 57//57 466//466 464//464
f 464//464 466//466 465//465
f 466//466 467//467 470//470
f 467//467 505//505 508//508
f 57//57 58//58 467//467
f 57//57 467//467 466//466
f 58//58 90//90 505//505
f 58//58 505//505 467//467
f 465//465 469//469 468//468
f 468//468 474//474 473//473
f 463//463 468//468 473//473
f 468//468 469//469 474//474
f 462//462 465//465 468//468
f 466//466 470//470 469//469
f 467//467 508//508 470//470
f 469//469 470//470 475//475
f 469//469 475//475 474//474
f 470//470 508//508 486//486
f 470//470 486//486 475//475
f 463//463 473//473 471//471
f 457//457 472//472 471//471
f 455//455 473//473 474//474
f 457//457 471//471 473//473
f 455//455 457//457 473//473
f 456//456 474//474 475//475
f 476//476 487//487 509//509
f 477//477 510//510 511//511
f 476//476 510//510 477//477
f 477//477 511//511 482//482
f 480//480 514//514 515//515
f 478//478 513//513 479//479
f 479//479 514//514 480//480
f 481//481 482//482 511//511
f 478//478 483//483 481//481
f 481//481 483//483 482//482
f 478//478 484//484 483//483
f 478//478 479//479 484//484
f 479//479 480//480 485//485
f 479//479 485//485 484//484
f 484//484 485//485 499//499
f 486//486 487//487 489//489
f 476//476 490//490 487//487
f 486//486 489//489 488//488
f 487//487 490//490 489//489
f 476//476 491//491 490//490
f 477//477 497//497 491//491
f 476//476 477//477 491//491
f 493//493 495//495 534//534
f 488//488 489//489 493//493
f 488//488 493//493 492//492
f 489//489 490//490 495//495
f 489//489 495//495 493//493
f 492//492 493//493 532//532
f 491//491 501//501 494//494
f 494//494 535//535 495//495
f 490//490 494//494 495//495
f 490//490 491//491 494//494
f 496//496 500//500 497//497
f 477//477 482//482 497//497
f 482//482 496//496 497//497
f 482//482 483//483 496//496
f 491//491 497//497 501//501
f 484//484 499//499 498//498
f 496//496 498//498 502//502
f 498//498 499//499 503//503
f 483//483 484//484 498//498
f 483//483 498//498 496//496
f 497//497 500//500 501//501
f 494//494 501//501 541//541
f 500//500 542//542 501//501
f 496//496 502//502 500//500
f 498//498 503//503 502//502
f 500//500 502//502 543//543
f 502//502 503//503 544//544
f 90//90 504//504 505//505
f 91//91 506//506 504//504
f 504//504 509//509 505//505
f 504//504 506//506 510//510
f 504//504 510//510 509//509
f 90//90 91//91 504//504
f 92//92 507//507 506//506
f 93//93 512//512 507//507
f 506//506 511//511 510//510
f 506//506 507//507 511//511
f 481//481 511//511 507//507
f 505//505 509//509 508//508
f 476//476 509//509 510//510
f 487//487 508//508 509//509
f 486//486 508//508 487//487
f 478//478 512//512 513//513
f 481//481 507//507 512//512
f 478//478 481//481 512//512
f 479//479 513//513 514//514
f 454//454 518//518 516//516
f 516//516 521//521 517//517
f 458//458 519//519 518//518
f 454//454 458//458 518//518
f 458//458 459//459 519//519
f 516//516 518//518 521//521
f 518//518 519//519 522//522
f 459//459 460//460 520//520
f 459//459 520//520 519//519
f 460//460 533//533 520//520
f 519//519 520//520 523//523
f 520//520 533//533 536//536
f 518//518 522//522 521//521
f 517//517 521//521 527//527
f 521//521 522//522 526//526
f 520//520 536//536 523//523
f 522//522 523//523 528//528
f 522//522 528//528 526//526
f 523//523 536//536 548//548
f 523//523 548//548 528//528
f 519//519 523//523 522//522
f 517//517 527//527 524//524
f 524//524 530//530 525//525
f 525//525 1564//1564 1561//1561
f 527//527 529//529 530//530
f 526//526 529//529 527//527
f 521//521 526//526 527//527
f 524//524 527//527 530//530
f 526//526 528//528 531//531
f 526//526 531//531 529//529
f 528//528 548//548 552//552
f 528//528 552//552 531//531
f 529//529 1565//1565 530//530
f 530//530 1565//1565 1564//1564
f 525//525 530//530 1564//1564
f 529//529 531//531 1568//1568
f 531//531 552//552 1581//1581
f 529//529 1568//1568 1565//1565
f 531//531 1581//1581 1568//1568
f 493//493 534//534 532//532
f 532//532 537//537 533//533
f 532//532 534//534 538//538
f 492//492 532//532 533//533
f 495//495 535//535 534//534
f 494//494 541//541 535//535
f 535//535 545//545 539//539
f 534//534 535//535 539//539
f 533//533 537//537 536//536
f 532//532 538//538 537//537
f 536//536 537//537 549//549
f 536//536 549//549 548//548
f 537//537 538//538 550//550
f 537//537 550//550 549//549
f 534//534 539//539 538//538
f 538//538 551//551 550//550
f 538//538 539//539 551//551
f 539//539 561//561 551//551
f 540//540 557//557 547//547
f 547//547 557//557 556//556
f 501//501 542//542 541//541
f 535//535 541//541 545//545
f 541//541 546//546 545//545
f 541//541 542//542 546//546
f 500//500 543//543 542//542
f 502//502 544//544 543//543
f 542//542 543//543 547//547
f 542//542 547//547 546//546
f 540//540 543//543 544//544
f 540//540 547//547 543//543
f 539//539 545//545 561//561
f 545//545 562//562 561//561
f 545//545 546//546 562//562
f 546//546 547//547 556//556
f 546//546 556//556 562//562
f 548//548 549//549 553//553
f 548//548 553//553 552//552
f 549//549 550//550 554//554
f 549//549 554//554 553//553
f 550//550 555//555 554//554
f 550//550 551//551 555//555
f 551//551 563//563 555//555
f 552//552 553//553 1582//1582
f 553//553 554//554 1585//1585
f 552//552 1582//1582 1581//1581
f 553//553 1585//1585 1582//1582
f 554//554 555//555 1586//1586
f 554//554 1586//1586 1585//1585
f 555//555 1601//1601 1586//1586
f 556//556 559//559 562//562
f 556//556 557//557 560//560
f 558//558 562//562 559//559
f 556//556 560//560 559//559
f 558//558 1593//1593 563//563
f 558//558 559//559 1595//1595
f 559//559 560//560 1596//1596
f 558//558 1595//1595 1593//1593
f 559//559 1596//1596 1595//1595
f 551//551 561//561 563//563
f 558//558 561//561 562//562
f 558//558 563//563 561//561
f 555//555 563//563 1601//1601
f 563//563 1593//1593 1601//1601
f 564//564 567//567 1082//1082
f 567//567 568//568 1083//1083
f 564//564 1082//1082 1081//1081
f 567//567 1083//1083 1082//1082
f 568//568 569//569 1084//1084
f 569//569 570//570 1089//1089
f 568//568 1084//1084 1083//1083
f 569//569 1089//1089 1084//1084
f 564//564 565//565 566//566
f 566//566 1683//1683 567//567
f 564//564 566//566 567//567
f 567//567 1686//1686 568//568
f 568//568 1687//1687 569//569
f 569//569 1688//1688 570//570
f 570//570 571//571 1090//1090
f 571//571 572//572 1091//1091
f 570//570 1090//1090 1089//1089
f 571//571 1091//1091 1090//1090
f 572//572 573//573 1092//1092
f 572//572 1092//1092 1091//1091
f 573//573 1093//1093 1092//1092
f 573//573 574//574 1093//1093
f 574//574 575//575 1094//1094
f 574//574 1094//1094 1093//1093
f 575//575 576//576 1095//1095
f 576//576 577//577 1096//1096
f 575//575 1095//1095 1094//1094
f 576//576 1096//1096 1095//1095
f 570//570 1689//1689 571//571
f 571//571 1690//1690 572//572
f 572//572 1691//1691 573//573
f 573//573 1692//1692 574//574
f 574//574 1693//1693 575//575
f 575//575 1694//1694 576//576
f 576//576 1695//1695 577//577
f 256//256 578//578 515//515
f 256//256 257//257 579//579
f 256//256 579//579 578//578
f 480//480 515//515 578//578
f 578//578 579//579 583//583
f 257//257 580//580 579//579
f 258//258 585//585 580//580
f 257//257 258//258 580//580
f 579//579 580//580 582//582
f 485//485 581//581 590//590
f 581//581 583//583 591//591
f 480//480 578//578 581//581
f 480//480 581//581 485//485
f 578//578 583//583 581//581
f 579//579 582//582 583//583
f 580//580 587//587 582//582
f 582//582 592//592 583//583
f 580//580 585//585 587//587
f 584//584 588//588 585//585
f 258//258 260//260 585//585
f 260//260 584//584 585//585
f 262//262 604//604 586//586
f 584//584 586//586 589//589
f 586//586 608//608 589//589
f 586//586 604//604 608//608
f 261//261 586//586 584//584
f 585//585 588//588 587//587
f 587//587 601//601 600//600
f 582//582 587//587 600//600
f 587//587 588//588 601//601
f 584//584 589//589 588//588
f 588//588 589//589 596//596
f 588//588 596//596 601//601
f 589//589 608//608 623//623
f 589//589 623//623 596//596
f 594//594 643//643 642//642
f 594//594 595//595 643//643
f 595//595 647//647 643//643
f 485//485 590//590 499//499
f 581//581 591//591 590//590
f 499//499 590//590 593//593
f 590//590 591//591 594//594
f 583//583 592//592 591//591
f 582//582 600//600 592//592
f 591//591 595//595 594//594
f 591//591 592//592 595//595
f 592//592 597//597 595//595
f 499//499 593//593 503//503
f 590//590 594//594 593//593
f 503//503 593//593 641//641
f 503//503 641//641 544//544
f 593//593 594//594 642//642
f 593//593 642//642 641//641
f 597//597 600//600 598//598
f 596//596 623//623 628//628
f 596//596 599//599 601//601
f 598//598 601//601 599//599
f 596//596 628//628 599//599
f 597//597 598//598 648//648
f 595//595 597//597 647//647
f 597//597 648//648 647//647
f 598//598 599//599 649//649
f 599//599 628//628 666//666
f 598//598 649//649 648//648
f 599//599 666//666 649//649
f 592//592 600//600 597//597
f 598//598 600//600 601//601
f 609//609 610//610 625//625
f 608//608 624//624 623//623
f 609//609 625//625 624//624
f 602//602 603//603 610//610
f 603//603 625//625 610//610
f 602//602 615//615 603//603
f 298//298 605//605 604//604
f 604//604 605//605 609//609
f 604//604 609//609 608//608
f 605//605 606//606 610//610
f 605//605 610//610 609//609
f 602//602 606//606 607//607
f 602//602 610//610 606//606
f 602//602 607//607 611//611
f 608//608 609//609 624//624
f 611//611 619//619 612//612
f 613//613 620//620 621//621
f 614//614 621//621 622//622
f 612//612 620//620 613//613
f 613//613 621//621 614//614
f 614//614 622//622 618//618
f 602//602 611//611 615//615
f 611//611 612//612 616//616
f 611//611 616//616 615//615
f 612//612 613//613 617//617
f 613//613 614//614 618//618
f 612//612 617//617 616//616
f 613//613 618//618 617//617
f 607//607 619//619 611//611
f 612//612 619//619 620//620
f 305//305 618//618 622//622
f 623//623 624//624 629//629
f 624//624 625//625 626//626
f 623//623 629//629 628//628
f 624//624 626//626 629//629
f 603//603 627//627 625//625
f 625//625 627//627 626//626
f 603//603 633//633 627//627
f 628//628 629//629 630//630
f 626//626 631//631 629//629
f 628//628 630//630 666//666
f 629//629 631//631 630//630
f 626//626 632//632 631//631
f 627//627 637//637 632//632
f 626//626 627//627 632//632
f 603//603 615//615 633//633
f 615//615 616//616 634//634
f 615//615 634//634 633//633
f 616//616 635//635 634//634
f 617//617 636//636 635//635
f 618//618 640//640 636//636
f 616//616 617//617 635//635
f 617//617 618//618 636//636
f 627//627 633//633 637//637
f 633//633 634//634 638//638
f 633//633 638//638 637//637
f 634//634 635//635 639//639
f 635//635 636//636 640//640
f 634//634 639//639 638//638
f 635//635 640//640 639//639
f 618//618 680//680 640//640
f 255//255 1755//1755 618//618
f 544//544 641//641 644//644
f 540//540 544//544 644//644
f 641//641 642//642 645//645
f 641//641 645//645 644//644
f 642//642 646//646 645//645
f 642//642 643//643 646//646
f 643//643 650//650 646//646
f 540//540 644//644 653//653
f 644//644 645//645 654//654
f 540//540 653//653 557//557
f 644//644 654//654 653//653
f 645//645 646//646 655//655
f 645//645 655//655 654//654
f 646//646 659//659 655//655
f 643//643 647//647 650//650
f 647//647 648//648 651//651
f 647//647 651//651 650//650
f 648//648 649//649 652//652
f 649//649 666//666 669//669
f 648//648 652//652 651//651
f 649//649 669//669 652//652
f 646//646 650//650 659//659
f 650//650 651//651 660//660
f 650//650 660//660 659//659
f 652//652 669//669 681//681
f 652//652 681//681 661//661
f 651//651 652//652 661//661
f 651//651 661//661 660//660
f 557//557 653//653 656//656
f 653//653 654//654 657//657
f 557//557 656//656 560//560
f 653//653 657//657 656//656
f 654//654 655//655 658//658
f 654//654 658//658 657//657
f 655//655 663//663 658//658
f 560//560 656//656 1697//1697
f 656//656 657//657 1699//1699
f 560//560 1697//1697 1596//1596
f 656//656 1699//1699 1697//1697
f 657//657 658//658 1700//1700
f 657//657 1700//1700 1699//1699
f 658//658 1708//1708 1700//1700
f 655//655 659//659 663//663
f 659//659 660//660 662//662
f 659//659 662//662 663//663
f 660//660 661//661 664//664
f 661//661 681//681 682//682
f 660//660 664//664 662//662
f 661//661 682//682 664//664
f 658//658 663//663 1708//1708
f 662//662 1706//1706 663//663
f 663//663 1706//1706 1708//1708
f 662//662 664//664 1710//1710
f 664//664 682//682 1727//1727
f 662//662 1710//1710 1706//1706
f 664//664 1727//1727 1710//1710
f 630//630 631//631 667//667
f 630//630 667//667 665//665
f 630//630 665//665 666//666
f 665//665 669//669 666//666
f 631//631 632//632 668//668
f 631//631 668//668 667//667
f 632//632 673//673 668//668
f 665//665 670//670 669//669
f 665//665 667//667 671//671
f 669//669 670//670 681//681
f 665//665 671//671 670//670
f 667//667 668//668 672//672
f 667//667 672//672 671//671
f 668//668 677//677 672//672
f 632//632 637//637 673//673
f 637//637 638//638 674//674
f 637//637 674//674 673//673
f 638//638 639//639 675//675
f 639//639 640//640 676//676
f 638//638 675//675 674//674
f 639//639 676//676 675//675
f 640//640 680//680 676//676
f 668//668 673//673 677//677
f 673//673 674//674 678//678
f 673//673 678//678 677//677
f 674//674 675//675 679//679
f 675//675 676//676 680//680
f 674//674 679//679 678//678
f 675//675 680//680 679//679
f 618//618 1755//1755 680//680
f 670//670 683//683 681//681
f 670//670 671//671 684//684
f 681//681 683//683 682//682
f 670//670 684//684 683//683
f 671//671 672//672 685//685
f 671//671 685//685 684//684
f 672//672 686//686 685//685
f 682//682 683//683 1728//1728
f 683//683 684//684 1729//1729
f 682//682 1728//1728 1727//1727
f 683//683 1729//1729 1728//1728
f 684//684 685//685 1730//1730
f 684//684 1730//1730 1729//1729
f 685//685 1736//1736 1730//1730
f 672//672 677//677 686//686
f 677//677 678//678 687//687
f 677//677 687//687 686//686
f 678//678 679//679 688//688
f 679//679 680//680 689//689
f 678//678 688//688 687//687
f 679//679 689//689 688//688
f 680//680 1739//1739 689//689
f 685//685 686//686 1736//1736
f 686//686 687//687 1737//1737
f 686//686 1737//1737 1736//1736
f 687//687 688//688 1738//1738
f 688//688 689//689 1739//1739
f 687//687 1738//1738 1737//1737
f 688//688 1739//1739 1738//1738
f 255//255 703//703 1833//1833
f 453//453 1246//1246 703//703
f 577//577 690//690 1227//1227
f 690//690 691//691 1228//1228
f 577//577 1227//1227 1096//1096
f 690//690 1228//1228 1227//1227
f 691//691 692//692 1229//1229
f 691//691 1229//1229 1228//1228
f 692//692 1230//1230 1229//1229
f 692//692 693//693 1230//1230
f 693//693 694//694 1231//1231
f 693//693 1231//1231 1230//1230
f 694//694 695//695 1232//1232
f 695//695 696//696 1239//1239
f 694//694 1232//1232 1231//1231
f 695//695 1239//1239 1232//1232
f 577//577 1696//1696 690//690
f 690//690 1820//1820 691//691
f 691//691 1821//1821 692//692
f 692//692 1822//1822 693//693
f 693//693 1823//1823 694//694
f 694//694 1824//1824 695//695
f 695//695 1825//1825 696//696
f 696//696 697//697 1240//1240
f 697//697 698//698 1241//1241
f 696//696 1240//1240 1239//1239
f 697//697 1241//1241 1240//1240
f 698//698 699//699 1242//1242
f 698//698 1242//1242 1241//1241
f 699//699 1243//1243 1242//1242
f 699//699 700//700 1243//1243
f 700//700 701//701 1244//1244
f 700//700 1244//1244 1243//1243
f 701//701 702//702 1245//1245
f 702//702 703//703 1246//1246
f 701//701 1245//1245 1244//1244
f 702//702 1246//1246 1245//1245
f 696//696 1826//1826 697//697
f 697//697 1827//1827 698//698
f 698//698 1828//1828 699//699
f 699//699 1829//1829 700//700
f 700//700 1830//1830 701//701
f 701//701 1831//1831 702//702
f 702//702 1832//1832 703//703
f 119//119 704//704 127//127
f 704//704 705//705 712//712
f 705//705 706//706 713//713
f 706//706 707//707 715//715
f 707//707 720//720 717//717
f 127//127 712//712 129//129
f 129//129 712//712 708//708
f 708//708 712//712 713//713
f 708//708 713//713 709//709
f 129//129 708//708 132//132
f 132//132 708//708 710//710
f 132//132 710//710 185//185
f 185//185 710//710 734//734
f 708//708 709//709 710//710
f 709//709 711//711 710//710
f 710//710 711//711 734//734
f 711//711 735//735 734//734
f 127//127 704//704 712//712
f 705//705 713//713 712//712
f 709//709 713//713 715//715
f 709//709 716//716 711//711
f 711//711 716//716 714//714
f 711//711 714//714 735//735
f 714//714 741//741 735//735
f 714//714 719//719 741//741
f 706//706 715//715 713//713
f 715//715 717//717 716//716
f 709//709 715//715 716//716
f 707//707 717//717 715//715
f 717//717 721//721 718//718
f 716//716 717//717 718//718
f 717//717 720//720 721//721
f 718//718 721//721 723//723
f 714//714 716//716 718//718
f 714//714 718//718 719//719
f 718//718 723//723 719//719
f 719//719 723//723 725//725
f 719//719 748//748 741//741
f 719//719 725//725 748//748
f 720//720 787//787 721//721
f 721//721 722//722 723//723
f 721//721 787//787 722//722
f 722//722 724//724 723//723
f 725//725 760//760 748//748
f 725//725 726//726 760//760
f 723//723 724//724 725//725
f 724//724 726//726 725//725
f 726//726 763//763 760//760
f 724//724 793//793 726//726
f 726//726 794//794 763//763
f 763//763 794//794 764//764
f 165//165 749//749 727//727
f 165//165 727//727 169//169
f 169//169 727//727 728//728
f 169//169 728//728 171//171
f 171//171 728//728 729//729
f 727//727 751//751 728//728
f 728//728 751//751 730//730
f 728//728 730//730 729//729
f 729//729 730//730 731//731
f 730//730 756//756 731//731
f 731//731 756//756 732//732
f 183//183 733//733 189//189
f 189//189 733//733 737//737
f 183//183 185//185 734//734
f 183//183 734//734 733//733
f 733//733 736//736 737//737
f 736//736 739//739 737//737
f 733//733 734//734 735//735
f 733//733 735//735 736//736
f 189//189 737//737 191//191
f 191//191 738//738 202//202
f 191//191 737//737 738//738
f 737//737 739//739 738//738
f 738//738 740//740 749//749
f 738//738 739//739 740//740
f 735//735 741//741 736//736
f 736//736 741//741 742//742
f 741//741 748//748 742//742
f 736//736 742//742 739//739
f 739//739 742//742 745//745
f 742//742 743//743 745//745
f 742//742 748//748 743//743
f 743//743 746//746 745//745
f 743//743 761//761 746//746
f 739//739 745//745 740//740
f 740//740 745//745 744//744
f 740//740 744//744 750//750
f 744//744 745//745 746//746
f 744//744 747//747 752//752
f 746//746 766//766 747//747
f 744//744 746//746 747//747
f 747//747 759//759 755//755
f 743//743 748//748 760//760
f 165//165 202//202 749//749
f 202//202 738//738 749//749
f 727//727 749//749 750//750
f 740//740 750//750 749//749
f 727//727 750//750 751//751
f 750//750 752//752 751//751
f 744//744 752//752 750//750
f 751//751 752//752 753//753
f 747//747 755//755 752//752
f 752//752 755//755 753//753
f 753//753 755//755 754//754
f 754//754 755//755 771//771
f 730//730 751//751 753//753
f 730//730 753//753 756//756
f 753//753 754//754 756//756
f 754//754 757//757 756//756
f 754//754 772//772 757//757
f 732//732 756//756 757//757
f 732//732 757//757 758//758
f 757//757 775//775 758//758
f 746//746 761//761 766//766
f 747//747 766//766 759//759
f 759//759 768//768 771//771
f 743//743 760//760 761//761
f 760//760 763//763 761//761
f 761//761 763//763 762//762
f 761//761 762//762 766//766
f 762//762 767//767 766//766
f 762//762 763//763 764//764
f 762//762 764//764 765//765
f 762//762 765//765 767//767
f 765//765 769//769 767//767
f 759//759 766//766 767//767
f 759//759 767//767 768//768
f 767//767 769//769 768//768
f 768//768 770//770 778//778
f 768//768 769//769 770//770
f 765//765 803//803 769//769
f 769//769 806//806 770//770
f 770//770 807//807 779//779
f 770//770 806//806 807//807
f 755//755 759//759 771//771
f 771//771 778//778 772//772
f 754//754 771//771 772//772
f 772//772 778//778 773//773
f 757//757 772//772 775//775
f 758//758 775//775 774//774
f 772//772 773//773 775//775
f 774//774 775//775 776//776
f 773//773 776//776 775//775
f 774//774 776//776 777//777
f 776//776 783//783 777//777
f 768//768 778//778 771//771
f 773//773 778//778 779//779
f 770//770 779//779 778//778
f 773//773 779//779 780//780
f 773//773 780//780 776//776
f 776//776 780//780 783//783
f 779//779 781//781 780//780
f 779//779 807//807 781//781
f 780//780 781//781 782//782
f 780//780 782//782 783//783
f 777//777 783//783 784//784
f 783//783 785//785 784//784
f 784//784 785//785 786//786
f 782//782 785//785 783//783
f 782//782 811//811 785//785
f 785//785 812//812 786//786
f 786//786 812//812 813//813
f 722//722 787//787 788//788
f 788//788 789//789 792//792
f 789//789 790//790 795//795
f 790//790 791//791 799//799
f 722//722 792//792 724//724
f 722//722 788//788 792//792
f 724//724 792//792 793//793
f 726//726 793//793 794//794
f 792//792 795//795 793//793
f 789//789 795//795 792//792
f 795//795 799//799 796//796
f 793//793 795//795 796//796
f 796//796 799//799 800//800
f 793//793 796//796 794//794
f 794//794 796//796 797//797
f 764//764 794//794 797//797
f 764//764 797//797 802//802
f 796//796 800//800 797//797
f 797//797 798//798 802//802
f 797//797 800//800 798//798
f 798//798 804//804 802//802
f 790//790 799//799 795//795
f 799//799 801//801 800//800
f 800//800 801//801 814//814
f 791//791 801//801 799//799
f 798//798 800//800 814//814
f 798//798 814//814 815//815
f 798//798 815//815 804//804
f 804//804 815//815 830//830
f 764//764 802//802 765//765
f 765//765 802//802 803//803
f 802//802 804//804 803//803
f 769//769 803//803 806//806
f 803//803 805//805 806//806
f 805//805 808//808 806//806
f 803//803 804//804 805//805
f 804//804 830//830 805//805
f 805//805 831//831 808//808
f 806//806 808//808 807//807
f 781//781 807//807 809//809
f 807//807 808//808 809//809
f 808//808 834//834 809//809
f 809//809 835//835 810//810
f 805//805 830//830 831//831
f 781//781 810//810 782//782
f 781//781 809//809 810//810
f 782//782 810//810 811//811
f 785//785 811//811 812//812
f 791//791 816//816 801//801
f 801//801 819//819 814//814
f 814//814 819//819 820//820
f 814//814 820//820 815//815
f 815//815 820//820 823//823
f 815//815 823//823 830//830
f 823//823 832//832 830//830
f 816//816 817//817 819//819
f 817//817 818//818 821//821
f 818//818 1105//1105 825//825
f 801//801 816//816 819//819
f 819//819 821//821 820//820
f 817//817 821//821 819//819
f 821//821 825//825 822//822
f 820//820 821//821 822//822
f 820//820 822//822 823//823
f 822//822 824//824 823//823
f 823//823 824//824 832//832
f 824//824 849//849 832//832
f 822//822 826//826 824//824
f 824//824 827//827 849//849
f 827//827 854//854 849//849
f 818//818 825//825 821//821
f 822//822 825//825 826//826
f 825//825 1108//1108 826//826
f 824//824 826//826 827//827
f 825//825 1105//1105 1108//1108
f 826//826 1108//1108 828//828
f 827//827 829//829 854//854
f 826//826 828//828 827//827
f 827//827 828//828 829//829
f 829//829 856//856 854//854
f 808//808 831//831 834//834
f 809//809 834//834 835//835
f 831//831 833//833 834//834
f 830//830 832//832 831//831
f 831//831 832//832 833//833
f 833//833 836//836 834//834
f 833//833 848//848 836//836
f 834//834 836//836 835//835
f 835//835 837//837 838//838
f 835//835 836//836 837//837
f 836//836 850//850 837//837
f 837//837 851//851 843//843
f 810//810 838//838 811//811
f 810//810 835//835 838//838
f 811//811 838//838 839//839
f 811//811 839//839 812//812
f 812//812 840//840 813//813
f 813//813 840//840 841//841
f 812//812 839//839 840//840
f 839//839 842//842 840//840
f 840//840 844//844 841//841
f 838//838 843//843 839//839
f 837//837 843//843 838//838
f 839//839 843//843 842//842
f 842//842 843//843 860//860
f 843//843 851//851 860//860
f 842//842 860//860 861//861
f 840//840 842//842 844//844
f 841//841 844//844 845//845
f 844//844 846//846 845//845
f 842//842 861//861 844//844
f 844//844 861//861 846//846
f 845//845 846//846 847//847
f 832//832 849//849 833//833
f 833//833 849//849 848//848
f 836//836 848//848 850//850
f 848//848 849//849 854//854
f 848//848 854//854 855//855
f 848//848 855//855 850//850
f 837//837 850//850 851//851
f 850//850 852//852 851//851
f 850//850 855//855 852//852
f 851//851 853//853 860//860
f 851//851 852//852 853//853
f 854//854 856//856 855//855
f 852//852 855//855 857//857
f 852//852 857//857 858//858
f 855//855 856//856 857//857
f 857//857 1127//1127 858//858
f 852//852 858//858 853//853
f 853//853 859//859 862//862
f 853//853 858//858 859//859
f 858//858 1129//1129 859//859
f 859//859 1130//1130 866//866
f 860//860 862//862 861//861
f 853//853 862//862 860//860
f 862//862 866//866 863//863
f 861//861 862//862 863//863
f 846//846 861//861 863//863
f 846//846 863//863 864//864
f 846//846 864//864 847//847
f 847//847 864//864 865//865
f 863//863 867//867 864//864
f 864//864 868//868 865//865
f 859//859 866//866 862//862
f 863//863 866//866 867//867
f 866//866 1135//1135 867//867
f 867//867 1135//1135 1136//1136
f 864//864 867//867 868//868
f 865//865 868//868 869//869
f 867//867 1136//1136 868//868
f 868//868 1136//1136 1137//1137
f 868//868 1137//1137 869//869
f 869//869 1137//1137 1138//1138
f 359//359 870//870 364//364
f 364//364 870//870 872//872
f 171//171 729//729 359//359
f 359//359 729//729 870//870
f 871//871 874//874 872//872
f 729//729 731//731 870//870
f 731//731 871//871 870//870
f 870//870 871//871 872//872
f 364//364 872//872 366//366
f 366//366 873//873 381//381
f 366//366 872//872 873//873
f 872//872 874//874 873//873
f 873//873 875//875 885//885
f 873//873 874//874 875//875
f 731//731 732//732 871//871
f 732//732 876//876 871//871
f 871//871 876//876 874//874
f 874//874 876//876 878//878
f 732//732 758//758 876//876
f 758//758 877//877 876//876
f 876//876 877//877 878//878
f 877//877 880//880 878//878
f 874//874 878//878 875//875
f 875//875 879//879 886//886
f 875//875 878//878 879//879
f 878//878 880//880 879//879
f 879//879 880//880 881//881
f 879//879 881//881 888//888
f 374//374 882//882 377//377
f 377//377 882//882 883//883
f 377//377 883//883 432//432
f 432//432 883//883 918//918
f 882//882 887//887 883//883
f 883//883 887//887 884//884
f 883//883 884//884 918//918
f 884//884 919//919 918//918
f 374//374 381//381 885//885
f 381//381 873//873 885//885
f 374//374 885//885 882//882
f 882//882 885//885 886//886
f 875//875 886//886 885//885
f 882//882 886//886 887//887
f 884//884 892//892 919//919
f 892//892 923//923 919//919
f 886//886 888//888 887//887
f 879//879 888//888 886//886
f 887//887 888//888 889//889
f 888//888 891//891 889//889
f 889//889 891//891 890//890
f 881//881 891//891 888//888
f 884//884 887//887 889//889
f 884//884 889//889 892//892
f 889//889 890//890 892//892
f 890//890 893//893 892//892
f 892//892 893//893 923//923
f 893//893 930//930 923//923
f 880//880 900//900 881//881
f 881//881 900//900 901//901
f 881//881 901//901 891//891
f 890//890 891//891 894//894
f 891//891 901//901 894//894
f 890//890 894//894 895//895
f 894//894 910//910 895//895
f 893//893 896//896 930//930
f 896//896 945//945 930//930
f 890//890 895//895 893//893
f 893//893 895//895 896//896
f 895//895 911//911 896//896
f 896//896 911//911 897//897
f 896//896 897//897 945//945
f 897//897 948//948 945//945
f 758//758 774//774 877//877
f 774//774 898//898 877//877
f 774//774 777//777 898//898
f 877//877 898//898 880//880
f 880//880 898//898 900//900
f 898//898 899//899 900//900
f 899//899 902//902 900//900
f 777//777 899//899 898//898
f 777//777 784//784 899//899
f 899//899 904//904 902//902
f 900//900 902//902 901//901
f 894//894 901//901 903//903
f 901//901 902//902 903//903
f 903//903 906//906 910//910
f 902//902 905//905 903//903
f 784//784 904//904 899//899
f 902//902 904//904 905//905
f 905//905 908//908 906//906
f 903//903 905//905 906//906
f 906//906 909//909 912//912
f 784//784 786//786 904//904
f 786//786 907//907 904//904
f 904//904 907//907 905//905
f 905//905 907//907 908//908
f 786//786 813//813 907//907
f 813//813 979//979 907//907
f 907//907 979//979 908//908
f 908//908 979//979 980//980
f 908//908 980//980 909//909
f 906//906 908//908 909//909
f 909//909 981//981 917//917
f 909//909 980//980 981//981
f 894//894 903//903 910//910
f 895//895 910//910 911//911
f 910//910 912//912 911//911
f 911//911 912//912 913//913
f 906//906 912//912 910//910
f 912//912 917//917 913//913
f 909//909 917//917 912//912
f 913//913 917//917 914//914
f 897//897 911//911 913//913
f 897//897 913//913 915//915
f 897//897 915//915 948//948
f 915//915 971//971 948//948
f 913//913 914//914 915//915
f 915//915 916//916 971//971
f 914//914 916//916 915//915
f 916//916 973//973 971//971
f 916//916 984//984 973//973
f 914//914 917//917 983//983
f 917//917 981//981 983//983
f 914//914 982//982 916//916
f 436//436 920//920 921//921
f 432//432 918//918 433//433
f 433//433 918//918 920//920
f 433//433 920//920 436//436
f 918//918 919//919 920//920
f 919//919 924//924 920//920
f 920//920 924//924 921//921
f 921//921 924//924 927//927
f 436//436 921//921 437//437
f 437//437 922//922 448//448
f 437//437 921//921 922//922
f 921//921 927//927 922//922
f 922//922 926//926 931//931
f 922//922 927//927 926//926
f 919//919 923//923 924//924
f 923//923 925//925 924//924
f 924//924 925//925 927//927
f 925//925 928//928 927//927
f 925//925 946//946 928//928
f 928//928 946//946 943//943
f 926//926 929//929 935//935
f 926//926 927//927 928//928
f 926//926 928//928 929//929
f 928//928 943//943 929//929
f 929//929 944//944 937//937
f 929//929 943//943 944//944
f 923//923 930//930 925//925
f 925//925 930//930 946//946
f 448//448 931//931 449//449
f 448//448 922//922 931//931
f 449//449 931//931 932//932
f 931//931 935//935 932//932
f 926//926 935//935 931//931
f 932//932 935//935 936//936
f 449//449 932//932 452//452
f 452//452 932//932 933//933
f 452//452 933//933 453//453
f 453//453 933//933 934//934
f 932//932 936//936 933//933
f 933//933 936//936 939//939
f 933//933 939//939 934//934
f 453//453 934//934 940//940
f 934//934 939//939 940//940
f 935//935 937//937 936//936
f 929//929 937//937 935//935
f 936//936 937//937 938//938
f 937//937 955//955 938//938
f 937//937 944//944 955//955
f 938//938 955//955 956//956
f 936//936 938//938 939//939
f 938//938 941//941 939//939
f 939//939 941//941 940//940
f 940//940 941//941 942//942
f 938//938 956//956 941//941
f 941//941 956//956 959//959
f 941//941 959//959 942//942
f 940//940 942//942 960//960
f 942//942 959//959 960//960
f 943//943 950//950 944//944
f 944//944 951//951 955//955
f 930//930 945//945 946//946
f 945//945 947//947 946//946
f 943//943 946//946 947//947
f 943//943 947//947 950//950
f 947//947 949//949 950//950
f 945//945 948//948 947//947
f 947//947 948//948 949//949
f 949//949 952//952 950//950
f 944//944 950//950 951//951
f 950//950 952//952 951//951
f 951//951 953//953 957//957
f 951//951 952//952 953//953
f 948//948 971//971 949//949
f 949//949 972//972 952//952
f 952//952 972//972 975//975
f 952//952 975//975 953//953
f 953//953 954//954 963//963
f 953//953 975//975 954//954
f 955//955 957//957 956//956
f 951//951 957//957 955//955
f 956//956 957//957 958//958
f 956//956 958//958 959//959
f 958//958 961//961 959//959
f 959//959 961//961 960//960
f 940//940 960//960 968//968
f 960//960 961//961 962//962
f 958//958 964//964 961//961
f 961//961 967//967 962//962
f 960//960 962//962 968//968
f 957//957 963//963 958//958
f 953//953 963//963 957//957
f 958//958 963//963 964//964
f 961//961 964//964 967//967
f 962//962 967//967 968//968
f 963//963 965//965 964//964
f 954//954 965//965 963//963
f 964//964 965//965 966//966
f 965//965 978//978 966//966
f 964//964 966//966 967//967
f 967//967 969//969 968//968
f 966//966 969//969 967//967
f 968//968 969//969 970//970
f 966//966 994//994 969//969
f 969//969 994//994 997//997
f 968//968 970//970 998//998
f 969//969 997//997 970//970
f 970//970 997//997 998//998
f 949//949 971//971 972//972
f 971//971 973//973 972//972
f 972//972 973//973 974//974
f 972//972 974//974 975//975
f 974//974 976//976 975//975
f 973//973 987//987 974//974
f 954//954 975//975 976//976
f 954//954 977//977 965//965
f 954//954 976//976 977//977
f 965//965 977//977 978//978
f 966//966 978//978 994//994
f 968//968 998//998 1004//1004
f 453//453 940//940 1254//1254
f 940//940 968//968 1254//1254
f 980//980 1009//1009 981//981
f 981//981 1010//1010 983//983
f 914//914 983//983 982//982
f 982//982 983//983 1017//1017
f 982//982 1017//1017 1018//1018
f 916//916 982//982 984//984
f 973//973 984//984 987//987
f 982//982 1018//1018 984//984
f 984//984 1018//1018 985//985
f 984//984 985//985 987//987
f 985//985 989//989 987//987
f 974//974 988//988 976//976
f 976//976 988//988 991//991
f 976//976 991//991 977//977
f 977//977 986//986 978//978
f 977//977 991//991 986//986
f 974//974 987//987 988//988
f 987//987 989//989 988//988
f 988//988 990//990 991//991
f 990//990 992//992 991//991
f 988//988 989//989 990//990
f 990//990 1044//1044 992//992
f 986//986 991//991 992//992
f 986//986 993//993 995//995
f 986//986 992//992 993//993
f 992//992 1045//1045 993//993
f 993//993 1046//1046 1001//1001
f 993//993 1045//1045 1046//1046
f 978//978 995//995 994//994
f 978//978 986//986 995//995
f 994//994 995//995 996//996
f 995//995 1001//1001 996//996
f 994//994 996//996 997//997
f 997//997 999//999 998//998
f 996//996 999//999 997//997
f 998//998 999//999 1000//1000
f 998//998 1000//1000 1004//1004
f 996//996 1002//1002 999//999
f 999//999 1003//1003 1000//1000
f 993//993 1001//1001 995//995
f 996//996 1001//1001 1002//1002
f 1001//1001 1055//1055 1002//1002
f 999//999 1002//1002 1003//1003
f 1000//1000 1003//1003 1004//1004
f 968//968 1004//1004 1075//1075
f 1001//1001 1046//1046 1055//1055
f 1002//1002 1055//1055 1005//1005
f 1002//1002 1005//1005 1003//1003
f 1003//1003 1005//1005 1006//1006
f 1003//1003 1006//1006 1004//1004
f 1004//1004 1006//1006 1007//1007
f 1004//1004 1007//1007 1059//1059
f 813//813 841//841 979//979
f 841//841 1008//1008 979//979
f 979//979 1008//1008 980//980
f 980//980 1008//1008 1009//1009
f 841//841 845//845 1008//1008
f 845//845 1013//1013 1008//1008
f 1008//1008 1013//1013 1009//1009
f 1009//1009 1013//1013 1011//1011
f 981//981 1009//1009 1010//1010
f 1010//1010 1012//1012 1017//1017
f 1009//1009 1011//1011 1010//1010
f 1010//1010 1011//1011 1012//1012
f 845//845 847//847 1013//1013
f 1011//1011 1013//1013 1014//1014
f 847//847 1014//1014 1013//1013
f 1011//1011 1015//1015 1012//1012
f 1011//1011 1014//1014 1015//1015
f 1014//1014 1026//1026 1015//1015
f 1012//1012 1016//1016 1019//1019
f 1012//1012 1015//1015 1016//1016
f 1015//1015 1027//1027 1016//1016
f 1016//1016 1028//1028 1022//1022
f 983//983 1010//1010 1017//1017
f 1017//1017 1019//1019 1018//1018
f 1012//1012 1019//1019 1017//1017
f 1018//1018 1019//1019 1020//1020
f 985//985 1018//1018 1020//1020
f 985//985 1020//1020 1021//1021
f 985//985 1021//1021 989//989
f 989//989 1021//1021 1043//1043
f 1019//1019 1022//1022 1020//1020
f 1020//1020 1023//1023 1021//1021
f 1021//1021 1024//1024 1043//1043
f 1024//1024 1049//1049 1043//1043
f 1016//1016 1022//1022 1019//1019
f 1020//1020 1022//1022 1023//1023
f 1022//1022 1032//1032 1023//1023
f 1022//1022 1028//1028 1032//1032
f 1023//1023 1032//1032 1033//1033
f 1021//1021 1023//1023 1024//1024
f 1024//1024 1025//1025 1049//1049
f 1023//1023 1033//1033 1024//1024
f 1024//1024 1033//1033 1025//1025
f 1025//1025 1051//1051 1049//1049
f 847//847 865//865 1014//1014
f 865//865 1026//1026 1014//1014
f 1015//1015 1026//1026 1027//1027
f 865//865 869//869 1026//1026
f 869//869 1029//1029 1026//1026
f 1026//1026 1029//1029 1027//1027
f 1027//1027 1029//1029 1030//1030
f 1016//1016 1027//1027 1028//1028
f 1028//1028 1031//1031 1032//1032
f 1027//1027 1030//1030 1028//1028
f 1028//1028 1030//1030 1031//1031
f 869//869 1138//1138 1029//1029
f 1029//1029 1036//1036 1030//1030
f 1029//1029 1138//1138 1036//1036
f 1030//1030 1036//1036 1037//1037
f 1030//1030 1037//1037 1031//1031
f 1031//1031 1038//1038 1034//1034
f 1032//1032 1034//1034 1033//1033
f 1031//1031 1034//1034 1032//1032
f 1033//1033 1034//1034 1035//1035
f 1025//1025 1033//1033 1035//1035
f 1025//1025 1039//1039 1051//1051
f 1039//1039 1064//1064 1051//1051
f 1025//1025 1035//1035 1039//1039
f 1031//1031 1037//1037 1038//1038
f 1039//1039 1042//1042 1064//1064
f 1034//1034 1040//1040 1035//1035
f 1034//1034 1038//1038 1040//1040
f 1035//1035 1040//1040 1041//1041
f 1040//1040 1261//1261 1041//1041
f 1035//1035 1041//1041 1039//1039
f 1039//1039 1041//1041 1042//1042
f 1042//1042 1068//1068 1064//1064
f 1041//1041 1262//1262 1042//1042
f 1042//1042 1263//1263 1068//1068
f 989//989 1043//1043 990//990
f 990//990 1043//1043 1044//1044
f 992//992 1044//1044 1045//1045
f 1043//1043 1049//1049 1044//1044
f 1044//1044 1049//1049 1050//1050
f 1044//1044 1050//1050 1045//1045
f 1045//1045 1050//1050 1047//1047
f 1045//1045 1047//1047 1046//1046
f 1046//1046 1048//1048 1055//1055
f 1046//1046 1047//1047 1048//1048
f 1049//1049 1051//1051 1050//1050
f 1047//1047 1050//1050 1052//1052
f 1050//1050 1051//1051 1052//1052
f 1047//1047 1052//1052 1053//1053
f 1047//1047 1053//1053 1048//1048
f 1048//1048 1054//1054 1056//1056
f 1048//1048 1053//1053 1054//1054
f 1053//1053 1067//1067 1054//1054
f 1005//1005 1055//1055 1056//1056
f 1048//1048 1056//1056 1055//1055
f 1005//1005 1056//1056 1057//1057
f 1005//1005 1057//1057 1006//1006
f 1006//1006 1058//1058 1007//1007
f 1006//1006 1057//1057 1058//1058
f 1007//1007 1058//1058 1059//1059
f 1057//1057 1061//1061 1058//1058
f 1004//1004 1059//1059 1075//1075
f 1058//1058 1062//1062 1059//1059
f 1056//1056 1060//1060 1057//1057
f 1054//1054 1060//1060 1056//1056
f 1057//1057 1060//1060 1061//1061
f 1058//1058 1061//1061 1062//1062
f 1059//1059 1062//1062 1063//1063
f 1051//1051 1064//1064 1052//1052
f 1052//1052 1065//1065 1053//1053
f 968//968 1075//1075 1479//1479
f 1054//1054 1066//1066 1060//1060
f 1060//1060 1072//1072 1061//1061
f 1059//1059 1063//1063 1075//1075
f 1061//1061 1073//1073 1062//1062
f 1062//1062 1073//1073 1074//1074
f 1062//1062 1074//1074 1063//1063
f 1063//1063 1074//1074 1075//1075
f 1052//1052 1064//1064 1065//1065
f 1053//1053 1065//1065 1067//1067
f 1064//1064 1068//1068 1065//1065
f 1065//1065 1069//1069 1067//1067
f 1054//1054 1067//1067 1066//1066
f 1066//1066 1067//1067 1070//1070
f 1066//1066 1071//1071 1072//1072
f 1065//1065 1068//1068 1069//1069
f 1067//1067 1069//1069 1070//1070
f 1068//1068 1279//1279 1069//1069
f 1069//1069 1280//1280 1070//1070
f 1070//1070 1280//1280 1281//1281
f 1066//1066 1070//1070 1071//1071
f 1070//1070 1281//1281 1071//1071
f 1071//1071 1282//1282 1076//1076
f 1071//1071 1281//1281 1282//1282
f 1060//1060 1066//1066 1072//1072
f 1061//1061 1072//1072 1073//1073
f 1072//1072 1076//1076 1073//1073
f 1071//1071 1076//1076 1072//1072
f 1073//1073 1076//1076 1077//1077
f 1073//1073 1077//1077 1074//1074
f 1074//1074 1078//1078 1075//1075
f 1074//1074 1077//1077 1078//1078
f 1075//1075 1078//1078 1079//1079
f 1076//1076 1288//1288 1077//1077
f 1076//1076 1282//1282 1288//1288
f 1077//1077 1288//1288 1289//1289
f 1077//1077 1289//1289 1078//1078
f 1075//1075 1079//1079 1291//1291
f 1078//1078 1290//1290 1079//1079
f 1078//1078 1289//1289 1290//1290
f 1079//1079 1290//1290 1291//1291
f 1080//1080 1081//1081 1086//1086
f 1080//1080 1086//1086 1085//1085
f 1081//1081 1082//1082 1086//1086
f 1082//1082 1083//1083 1087//1087
f 1082//1082 1087//1087 1086//1086
f 1083//1083 1084//1084 1088//1088
f 1084//1084 1089//1089 1097//1097
f 1083//1083 1088//1088 1087//1087
f 1084//1084 1097//1097 1088//1088
f 1085//1085 1086//1086 2215//2215
f 1086//1086 1087//1087 2216//2216
f 1087//1087 1088//1088 2217//2217
f 1088//1088 1097//1097 2222//2222
f 1089//1089 1090//1090 1098//1098
f 1090//1090 1091//1091 1099//1099
f 1089//1089 1098//1098 1097//1097
f 1090//1090 1099//1099 1098//1098
f 1091//1091 1092//1092 1100//1100
f 1091//1091 1100//1100 1099//1099
f 1092//1092 1101//1101 1100//1100
f 1092//1092 1093//1093 1101//1101
f 1093//1093 1094//1094 1102//1102
f 1093//1093 1102//1102 1101//1101
f 1094//1094 1095//1095 1103//1103
f 1095//1095 1096//1096 1104//1104
f 1094//1094 1103//1103 1102//1102
f 1095//1095 1104//1104 1103//1103
f 1097//1097 1098//1098 2223//2223
f 1098//1098 1099//1099 2224//2224
f 1099//1099 1100//1100 2225//2225
f 1100//1100 1101//1101 2226//2226
f 1101//1101 1102//1102 2227//2227
f 1102//1102 1103//1103 2228//2228
f 1103//1103 1104//1104 2229//2229
f 1105//1105 1106//1106 1108//1108
f 1106//1106 1107//1107 1109//1109
f 1107//1107 1115//1115 1112//1112
f 828//828 1108//1108 1109//1109
f 828//828 1109//1109 1110//1110
f 1106//1106 1109//1109 1108//1108
f 1109//1109 1112//1112 1110//1110
f 828//828 1110//1110 829//829
f 829//829 1110//1110 1111//1111
f 829//829 1111//1111 856//856
f 856//856 1111//1111 1128//1128
f 1110//1110 1113//1113 1111//1111
f 1111//1111 1114//1114 1128//1128
f 1107//1107 1112//1112 1109//1109
f 1110//1110 1112//1112 1113//1113
f 1112//1112 1117//1117 1113//1113
f 1113//1113 1117//1117 1118//1118
f 1111//1111 1113//1113 1114//1114
f 1114//1114 1131//1131 1128//1128
f 1113//1113 1118//1118 1114//1114
f 1114//1114 1118//1118 1119//1119
f 1114//1114 1119//1119 1131//1131
f 1119//1119 1149//1149 1131//1131
f 1115//1115 1116//1116 1117//1117
f 1112//1112 1115//1115 1117//1117
f 1117//1117 1123//1123 1118//1118
f 1116//1116 1123//1123 1117//1117
f 1118//1118 1123//1123 1121//1121
f 1118//1118 1121//1121 1119//1119
f 1116//1116 1120//1120 1123//1123
f 1119//1119 1122//1122 1149//1149
f 1119//1119 1121//1121 1122//1122
f 1122//1122 1151//1151 1149//1149
f 1121//1121 1123//1123 1124//1124
f 1120//1120 1124//1124 1123//1123
f 1121//1121 1124//1124 1125//1125
f 1121//1121 1125//1125 1122//1122
f 1122//1122 1125//1125 1126//1126
f 1122//1122 1126//1126 1151//1151
f 1126//1126 1155//1155 1151//1151
f 1126//1126 1171//1171 1155//1155
f 856//856 1128//1128 857//857
f 857//857 1128//1128 1127//1127
f 858//858 1127//1127 1129//1129
f 1127//1127 1128//1128 1131//1131
f 1127//1127 1131//1131 1132//1132
f 1127//1127 1132//1132 1129//1129
f 1129//1129 1132//1132 1133//1133
f 859//859 1129//1129 1130//1130
f 1129//1129 1133//1133 1130//1130
f 1130//1130 1134//1134 1135//1135
f 1130//1130 1133//1133 1134//1134
f 1132//1132 1150//1150 1133//1133
f 1131//1131 1149//1149 1132//1132
f 1132//1132 1149//1149 1150//1150
f 866//866 1130//1130 1135//1135
f 1135//1135 1144//1144 1136//1136
f 1134//1134 1144//1144 1135//1135
f 1136//1136 1141//1141 1137//1137
f 1133//1133 1150//1150 1139//1139
f 1133//1133 1139//1139 1134//1134
f 1134//1134 1140//1140 1144//1144
f 1134//1134 1139//1139 1140//1140
f 1136//1136 1144//1144 1141//1141
f 1137//1137 1142//1142 1138//1138
f 1137//1137 1141//1141 1142//1142
f 1138//1138 1142//1142 1143//1143
f 1141//1141 1144//1144 1145//1145
f 1140//1140 1145//1145 1144//1144
f 1141//1141 1145//1145 1146//1146
f 1141//1141 1146//1146 1142//1142
f 1142//1142 1146//1146 1147//1147
f 1142//1142 1147//1147 1143//1143
f 1143//1143 1147//1147 1148//1148
f 1147//1147 1161//1161 1148//1148
f 1149//1149 1151//1151 1150//1150
f 1139//1139 1150//1150 1152//1152
f 1150//1150 1151//1151 1152//1152
f 1139//1139 1152//1152 1153//1153
f 1139//1139 1153//1153 1140//1140
f 1140//1140 1154//1154 1145//1145
f 1140//1140 1153//1153 1154//1154
f 1154//1154 1158//1158 1159//1159
f 1151//1151 1155//1155 1152//1152
f 1152//1152 1155//1155 1156//1156
f 1152//1152 1156//1156 1153//1153
f 1153//1153 1156//1156 1157//1157
f 1155//1155 1187//1187 1156//1156
f 1156//1156 1188//1188 1157//1157
f 1153//1153 1157//1157 1154//1154
f 1154//1154 1157//1157 1158//1158
f 1157//1157 1189//1189 1158//1158
f 1158//1158 1190//1190 1164//1164
f 1145//1145 1159//1159 1146//1146
f 1145//1145 1154//1154 1159//1159
f 1146//1146 1159//1159 1160//1160
f 1159//1159 1164//1164 1160//1160
f 1146//1146 1160//1160 1147//1147
f 1147//1147 1160//1160 1161//1161
f 1148//1148 1161//1161 1162//1162
f 1160//1160 1163//1163 1161//1161
f 1161//1161 1165//1165 1162//1162
f 1158//1158 1164//1164 1159//1159
f 1160//1160 1164//1164 1163//1163
f 1163//1163 1164//1164 1195//1195
f 1161//1161 1163//1163 1165//1165
f 1162//1162 1165//1165 1166//1166
f 1163//1163 1196//1196 1165//1165
f 1165//1165 1197//1197 1166//1166
f 1166//1166 1197//1197 1198//1198
f 1120//1120 1167//1167 1124//1124
f 1167//1167 1168//1168 1169//1169
f 1168//1168 1175//1175 1172//1172
f 1124//1124 1169//1169 1125//1125
f 1124//1124 1167//1167 1169//1169
f 1125//1125 1169//1169 1170//1170
f 1169//1169 1172//1172 1170//1170
f 1125//1125 1170//1170 1126//1126
f 1126//1126 1170//1170 1171//1171
f 1155//1155 1171//1171 1187//1187
f 1170//1170 1173//1173 1171//1171
f 1171//1171 1174//1174 1187//1187
f 1168//1168 1172//1172 1169//1169
f 1170//1170 1172//1172 1173//1173
f 1172//1172 1178//1178 1173//1173
f 1171//1171 1173//1173 1174//1174
f 1173//1173 1179//1179 1174//1174
f 1174//1174 1191//1191 1187//1187
f 1174//1174 1179//1179 1180//1180
f 1174//1174 1180//1180 1191//1191
f 1180//1180 1203//1203 1191//1191
f 1175//1175 1176//1176 1178//1178
f 1176//1176 1177//1177 1181//1181
f 1172//1172 1175//1175 1178//1178
f 1173//1173 1178//1178 1179//1179
f 1178//1178 1181//1181 1179//1179
f 1176//1176 1181//1181 1178//1178
f 1179//1179 1181//1181 1182//1182
f 1179//1179 1182//1182 1180//1180
f 1180//1180 1182//1182 1185//1185
f 1180//1180 1185//1185 1203//1203
f 1185//1185 1207//1207 1203//1203
f 1177//1177 1183//1183 1181//1181
f 1181//1181 1183//1183 1182//1182
f 1182//1182 1183//1183 1184//1184
f 1182//1182 1184//1184 1185//1185
f 1185//1185 1186//1186 1207//1207
f 1184//1184 1186//1186 1185//1185
f 1186//1186 1209//1209 1207//1207
f 1156//1156 1187//1187 1188//1188
f 1157//1157 1188//1188 1189//1189
f 1187//1187 1191//1191 1188//1188
f 1188//1188 1192//1192 1189//1189
f 1158//1158 1189//1189 1190//1190
f 1189//1189 1193//1193 1190//1190
f 1190//1190 1194//1194 1195//1195
f 1188//1188 1191//1191 1192//1192
f 1189//1189 1192//1192 1193//1193
f 1191//1191 1203//1203 1192//1192
f 1192//1192 1203//1203 1204//1204
f 1192//1192 1204//1204 1193//1193
f 1193//1193 1204//1204 1205//1205
f 1190//1190 1193//1193 1194//1194
f 1193//1193 1205//1205 1194//1194
f 1194//1194 1206//1206 1199//1199
f 1194//1194 1205//1205 1206//1206
f 1164//1164 1190//1190 1195//1195
f 1163//1163 1195//1195 1196//1196
f 1195//1195 1199//1199 1196//1196
f 1194//1194 1199//1199 1195//1195
f 1196//1196 1199//1199 1200//1200
f 1165//1165 1196//1196 1197//1197
f 1196//1196 1200//1200 1197//1197
f 1197//1197 1200//1200 1201//1201
f 1197//1197 1201//1201 1198//1198
f 1198//1198 1201//1201 1202//1202
f 1199//1199 1215//1215 1200//1200
f 1199//1199 1206//1206 1215//1215
f 1200//1200 1215//1215 1216//1216
f 1200//1200 1216//1216 1201//1201
f 1201//1201 1216//1216 1219//1219
f 1201//1201 1219//1219 1202//1202
f 1202//1202 1219//1219 1220//1220
f 1203//1203 1207//1207 1204//1204
f 1204//1204 1207//1207 1208//1208
f 1204//1204 1208//1208 1205//1205
f 1205//1205 1208//1208 1211//1211
f 1206//1206 1212//1212 1215//1215
f 1205//1205 1211//1211 1206//1206
f 1206//1206 1211//1211 1212//1212
f 1207//1207 1209//1209 1208//1208
f 1208//1208 1210//1210 1211//1211
f 1208//1208 1209//1209 1210//1210
f 1210//1210 1213//1213 1211//1211
f 1211//1211 1213//1213 1212//1212
f 1212//1212 1214//1214 1217//1217
f 1212//1212 1213//1213 1214//1214
f 1215//1215 1217//1217 1216//1216
f 1212//1212 1217//1217 1215//1215
f 1216//1216 1217//1217 1221//1221
f 1217//1217 1218//1218 1221//1221
f 1214//1214 1218//1218 1217//1217
f 1216//1216 1221//1221 1219//1219
f 1219//1219 1223//1223 1220//1220
f 1219//1219 1221//1221 1223//1223
f 1220//1220 1223//1223 1224//1224
f 1218//1218 1222//1222 1221//1221
f 1221//1221 1222//1222 1223//1223
f 1223//1223 1225//1225 1224//1224
f 1222//1222 1225//1225 1223//1223
f 1224//1224 1225//1225 1226//1226
f 453//453 1254//1254 1246//1246
f 968//968 2367//2367 1254//1254
f 968//968 1408//1408 2367//2367
f 1096//1096 1227//1227 1233//1233
f 1227//1227 1228//1228 1234//1234
f 1096//1096 1233//1233 1104//1104
f 1227//1227 1234//1234 1233//1233
f 1228//1228 1229//1229 1235//1235
f 1228//1228 1235//1235 1234//1234
f 1229//1229 1236//1236 1235//1235
f 1229//1229 1230//1230 1236//1236
f 1230//1230 1231//1231 1237//1237
f 1230//1230 1237//1237 1236//1236
f 1231//1231 1232//1232 1238//1238
f 1232//1232 1239//1239 1247//1247
f 1231//1231 1238//1238 1237//1237
f 1232//1232 1247//1247 1238//1238
f 1104//1104 1233//1233 2348//2348
f 1233//1233 1234//1234 2349//2349
f 1234//1234 1235//1235 2350//2350
f 1235//1235 1236//1236 2351//2351
f 1236//1236 1237//1237 2352//2352
f 1237//1237 1238//1238 2353//2353
f 1238//1238 1247//1247 2360//2360
f 1239//1239 1240//1240 1248//1248
f 1240//1240 1241//1241 1249//1249
f 1239//1239 1248//1248 1247//1247
f 1240//1240 1249//1249 1248//1248
f 1241//1241 1242//1242 1250//1250
f 1241//1241 1250//1250 1249//1249
f 1242//1242 1251//1251 1250//1250
f 1242//1242 1243//1243 1251//1251
f 1243//1243 1244//1244 1252//1252
f 1243//1243 1252//1252 1251//1251
f 1244//1244 1245//1245 1253//1253
f 1245//1245 1246//1246 1254//1254
f 1244//1244 1253//1253 1252//1252
f 1245//1245 1254//1254 1253//1253
f 1247//1247 1248//1248 2361//2361
f 1248//1248 1249//1249 2362//2362
f 1249//1249 1250//1250 2363//2363
f 1250//1250 1251//1251 2364//2364
f 1251//1251 1252//1252 2365//2365
f 1252//1252 1253//1253 2366//2366
f 1253//1253 1254//1254 2367//2367
f 1036//1036 1138//1138 1143//1143
f 1036//1036 1255//1255 1037//1037
f 1037//1037 1255//1255 1256//1256
f 1036//1036 1143//1143 1255//1255
f 1037//1037 1256//1256 1038//1038
f 1038//1038 1257//1257 1040//1040
f 1038//1038 1256//1256 1257//1257
f 1256//1256 1260//1260 1257//1257
f 1257//1257 1259//1259 1261//1261
f 1143//1143 1148//1148 1255//1255
f 1148//1148 1258//1258 1255//1255
f 1255//1255 1258//1258 1256//1256
f 1256//1256 1258//1258 1260//1260
f 1148//1148 1162//1162 1258//1258
f 1258//1258 1267//1267 1260//1260
f 1257//1257 1260//1260 1259//1259
f 1259//1259 1260//1260 1268//1268
f 1259//1259 1269//1269 1264//1264
f 1040//1040 1257//1257 1261//1261
f 1041//1041 1261//1261 1262//1262
f 1261//1261 1264//1264 1262//1262
f 1042//1042 1262//1262 1263//1263
f 1068//1068 1263//1263 1279//1279
f 1262//1262 1265//1265 1263//1263
f 1263//1263 1266//1266 1279//1279
f 1266//1266 1283//1283 1279//1279
f 1259//1259 1264//1264 1261//1261
f 1262//1262 1264//1264 1265//1265
f 1264//1264 1273//1273 1265//1265
f 1265//1265 1273//1273 1274//1274
f 1263//1263 1265//1265 1266//1266
f 1265//1265 1274//1274 1266//1266
f 1266//1266 1274//1274 1275//1275
f 1266//1266 1275//1275 1283//1283
f 1275//1275 1300//1300 1283//1283
f 1162//1162 1267//1267 1258//1258
f 1260//1260 1267//1267 1268//1268
f 1162//1162 1166//1166 1267//1267
f 1267//1267 1270//1270 1268//1268
f 1259//1259 1268//1268 1269//1269
f 1268//1268 1271//1271 1269//1269
f 1269//1269 1272//1272 1273//1273
f 1269//1269 1271//1271 1272//1272
f 1166//1166 1270//1270 1267//1267
f 1268//1268 1270//1270 1271//1271
f 1166//1166 1198//1198 1270//1270
f 1198//1198 1318//1318 1270//1270
f 1270//1270 1318//1318 1271//1271
f 1271//1271 1318//1318 1319//1319
f 1271//1271 1319//1319 1272//1272
f 1272//1272 1320//1320 1276//1276
f 1272//1272 1319//1319 1320//1320
f 1264//1264 1269//1269 1273//1273
f 1273//1273 1276//1276 1274//1274
f 1272//1272 1276//1276 1273//1273
f 1274//1274 1276//1276 1277//1277
f 1275//1275 1278//1278 1300//1300
f 1274//1274 1277//1277 1275//1275
f 1275//1275 1277//1277 1278//1278
f 1278//1278 1305//1305 1300//1300
f 1276//1276 1324//1324 1277//1277
f 1276//1276 1320//1320 1324//1324
f 1277//1277 1324//1324 1325//1325
f 1277//1277 1325//1325 1278//1278
f 1278//1278 1326//1326 1305//1305
f 1278//1278 1325//1325 1326//1326
f 1305//1305 1326//1326 1451//1451
f 968//968 1416//1416 1415//1415
f 968//968 1418//1418 1413//1413
f 968//968 1417//1417 1414//1414
f 968//968 1415//1415 1417//1417
f 968//968 1414//1414 1418//1418
f 968//968 1461//1461 1468//1468
f 968//968 1462//1462 1461//1461
f 968//968 1471//1471 1462//1462
f 968//968 1466//1466 1464//1464
f 968//968 1464//1464 1469//1469
f 968//968 1469//1469 1349//1349
f 968//968 1349//1349 1416//1416
f 968//968 1465//1465 1466//1466
f 968//968 1467//1467 1465//1465
f 968//968 1468//1468 1467//1467
f 968//968 1479//1479 1471//1471
f 968//968 1404//1404 1403//1403
f 968//968 1403//1403 1409//1409
f 968//968 1409//1409 1408//1408
f 968//968 1406//1406 1405//1405
f 968//968 1405//1405 1407//1407
f 968//968 1407//1407 1404//1404
f 968//968 1421//1421 1406//1406
f 968//968 1422//1422 1421//1421
f 968//968 1419//1419 1423//1423
f 968//968 1413//1413 1420//1420
f 968//968 1420//1420 1419//1419
f 968//968 1423//1423 1422//1422
f 1069//1069 1279//1279 1280//1280
f 1279//1279 1283//1283 1280//1280
f 1280//1280 1283//1283 1284//1284
f 1280//1280 1284//1284 1281//1281
f 1281//1281 1284//1284 1285//1285
f 1281//1281 1285//1285 1282//1282
f 1282//1282 1286//1286 1288//1288
f 1282//1282 1285//1285 1286//1286
f 1283//1283 1300//1300 1284//1284
f 1284//1284 1301//1301 1285//1285
f 1284//1284 1300//1300 1301//1301
f 1285//1285 1301//1301 1302//1302
f 1285//1285 1302//1302 1286//1286
f 1286//1286 1287//1287 1292//1292
f 1286//1286 1302//1302 1287//1287
f 1288//1288 1292//1292 1289//1289
f 1075//1075 1291//1291 1299//1299
f 1286//1286 1292//1292 1288//1288
f 1289//1289 1292//1292 1293//1293
f 1289//1289 1293//1293 1290//1290
f 1290//1290 1294//1294 1291//1291
f 1290//1290 1293//1293 1294//1294
f 1291//1291 1294//1294 1295//1295
f 1291//1291 1295//1295 1299//1299
f 1292//1292 1296//1296 1293//1293
f 1287//1287 1296//1296 1292//1292
f 1293//1293 1296//1296 1297//1297
f 1293//1293 1297//1297 1294//1294
f 1294//1294 1298//1298 1295//1295
f 1294//1294 1297//1297 1298//1298
f 1295//1295 1298//1298 1299//1299
f 1300//1300 1305//1305 1301//1301
f 1301//1301 1306//1306 1302//1302
f 1301//1301 1305//1305 1306//1306
f 1302//1302 1306//1306 1303//1303
f 1287//1287 1302//1302 1303//1303
f 1287//1287 1304//1304 1296//1296
f 1287//1287 1303//1303 1304//1304
f 1305//1305 1451//1451 1306//1306
f 1303//1303 1306//1306 1307//1307
f 1306//1306 1451//1451 1307//1307
f 1303//1303 1307//1307 1308//1308
f 1303//1303 1308//1308 1304//1304
f 1304//1304 1309//1309 1310//1310
f 1304//1304 1308//1308 1309//1309
f 1296//1296 1310//1310 1297//1297
f 1296//1296 1304//1304 1310//1310
f 1297//1297 1310//1310 1311//1311
f 1297//1297 1311//1311 1298//1298
f 1075//1075 1299//1299 1479//1479
f 1298//1298 1312//1312 1299//1299
f 1298//1298 1311//1311 1312//1312
f 1299//1299 1312//1312 1313//1313
f 1299//1299 1313//1313 1317//1317
f 1310//1310 1314//1314 1311//1311
f 1309//1309 1314//1314 1310//1310
f 1311//1311 1314//1314 1315//1315
f 1311//1311 1315//1315 1312//1312
f 1312//1312 1316//1316 1313//1313
f 1312//1312 1315//1315 1316//1316
f 1313//1313 1316//1316 1317//1317
f 1299//1299 1317//1317 1479//1479
f 1198//1198 1202//1202 1318//1318
f 1202//1202 1321//1321 1318//1318
f 1318//1318 1321//1321 1319//1319
f 1319//1319 1321//1321 1322//1322
f 1320//1320 1323//1323 1324//1324
f 1319//1319 1322//1322 1320//1320
f 1320//1320 1322//1322 1323//1323
f 1202//1202 1220//1220 1321//1321
f 1321//1321 1330//1330 1322//1322
f 1220//1220 1330//1330 1321//1321
f 1322//1322 1330//1330 1331//1331
f 1322//1322 1331//1331 1323//1323
f 1323//1323 1332//1332 1327//1327
f 1323//1323 1331//1331 1332//1332
f 1324//1324 1327//1327 1325//1325
f 1323//1323 1327//1327 1324//1324
f 1325//1325 1327//1327 1328//1328
f 1325//1325 1328//1328 1326//1326
f 1326//1326 1329//1329 1451//1451
f 1326//1326 1328//1328 1329//1329
f 1329//1329 1455//1455 1451//1451
f 1327//1327 1339//1339 1328//1328
f 1327//1327 1332//1332 1339//1339
f 1328//1328 1339//1339 1340//1340
f 1328//1328 1340//1340 1329//1329
f 1329//1329 1341//1341 1455//1455
f 1329//1329 1340//1340 1341//1341
f 1341//1341 1487//1487 1455//1455
f 1220//1220 1224//1224 1330//1330
f 1330//1330 1333//1333 1331//1331
f 1224//1224 1333//1333 1330//1330
f 1331//1331 1333//1333 1335//1335
f 1331//1331 1335//1335 1332//1332
f 1332//1332 1336//1336 1339//1339
f 1332//1332 1335//1335 1336//1336
f 1224//1224 1226//1226 1333//1333
f 1333//1333 1334//1334 1335//1335
f 1226//1226 1334//1334 1333//1333
f 1334//1334 1337//1337 1335//1335
f 1335//1335 1337//1337 1336//1336
f 1336//1336 1338//1338 1342//1342
f 1336//1336 1337//1337 1338//1338
f 1339//1339 1342//1342 1340//1340
f 1336//1336 1342//1342 1339//1339
f 1340//1340 1342//1342 1344//1344
f 1340//1340 1344//1344 1341//1341
f 1341//1341 1346//1346 1487//1487
f 1341//1341 1344//1344 1346//1346
f 1346//1346 1488//1488 1487//1487
f 1342//1342 1343//1343 1344//1344
f 1338//1338 1343//1343 1342//1342
f 1343//1343 1345//1345 1344//1344
f 1344//1344 1345//1345 1346//1346
f 1346//1346 1347//1347 1488//1488
f 1345//1345 1347//1347 1346//1346
f 1347//1347 1492//1492 1488//1488
f 1408//1408 1412//1412 1410//1410
f 1402//1402 1410//1410 1411//1411
f 1419//1419 1424//1424 1423//1423
f 1419//1419 1425//1425 1424//1424
f 1419//1419 1426//1426 1425//1425
f 1429//1429 1430//1430 1428//1428
f 1431//1431 1430//1430 1429//1429
f 1431//1431 1429//1429 1433//1433
f 1432//1432 1433//1433 1429//1429
f 1419//1419 1427//1427 1426//1426
f 1419//1419 1438//1438 1427//1427
f 1419//1419 2495//2495 1438//1438
f 2495//2495 2494//2494 1438//1438
f 1436//1436 1442//1442 1440//1440
f 1436//1436 1437//1437 1442//1442
f 1440//1440 1441//1441 1439//1439
f 1439//1439 1441//1441 2500//2500
f 2498//2498 1439//1439 2500//2500
f 1441//1441 1440//1440 1442//1442
f 1307//1307 1451//1451 1455//1455
f 1307//1307 1452//1452 1308//1308
f 1307//1307 1455//1455 1452//1452
f 1308//1308 1452//1452 1453//1453
f 1308//1308 1453//1453 1309//1309
f 1309//1309 1454//1454 1314//1314
f 1309//1309 1453//1453 1454//1454
f 1452//1452 1455//1455 1487//1487
f 1452//1452 1456//1456 1453//1453
f 1452//1452 1487//1487 1456//1456
f 1453//1453 1456//1456 1457//1457
f 1453//1453 1457//1457 1454//1454
f 1454//1454 1458//1458 1472//1472
f 1454//1454 1457//1457 1458//1458
f 1462//1462 1471//1471 1470//1470
f 1314//1314 1472//1472 1315//1315
f 1314//1314 1454//1454 1472//1472
f 1315//1315 1472//1472 1473//1473
f 1315//1315 1473//1473 1316//1316
f 1316//1316 1474//1474 1317//1317
f 1316//1316 1473//1473 1474//1474
f 1317//1317 1474//1474 1475//1475
f 1317//1317 1475//1475 1479//1479
f 1472//1472 1476//1476 1473//1473
f 1458//1458 1476//1476 1472//1472
f 1473//1473 1476//1476 1477//1477
f 1473//1473 1477//1477 1474//1474
f 1474//1474 1478//1478 1475//1475
f 1474//1474 1477//1477 1478//1478
f 1475//1475 1478//1478 1479//1479
f 1456//1456 1487//1487 1488//1488
f 1456//1456 1489//1489 1457//1457
f 1456//1456 1488//1488 1489//1489
f 1457//1457 1489//1489 1490//1490
f 1457//1457 1490//1490 1458//1458
f 1458//1458 1491//1491 1476//1476
f 1458//1458 1490//1490 1491//1491
f 1488//1488 1492//1492 1489//1489
f 1489//1489 1493//1493 1490//1490
f 1489//1489 1492//1492 1493//1493
f 1490//1490 1493//1493 1494//1494
f 1490//1490 1494//1494 1491//1491
f 1491//1491 1495//1495 1502//1502
f 1491//1491 1494//1494 1495//1495
f 1479//1479 1499//1499 1471//1471
f 1497//1497 1434//1434 1496//1496
f 1434//1434 1497//1497 1435//1435
f 1498//1498 1499//1499 1501//1501
f 2610//2610 1500//1500 1501//1501
f 1479//1479 2609//2609 2608//2608
f 1479//1479 1501//1501 1499//1499
f 1479//1479 2608//2608 2610//2610
f 1479//1479 2610//2610 1501//1501
f 1479//1479 2514//2514 2609//2609
f 1479//1479 2611//2611 2514//2514
f 1479//1479 2612//2612 2611//2611
f 1479//1479 2613//2613 2612//2612
f 1479//1479 2614//2614 2613//2613
f 1479//1479 2615//2615 2614//2614
f 1479//1479 2616//2616 2615//2615
f 1476//1476 1502//1502 1477//1477
f 1476//1476 1491//1491 1502//1502
f 1477//1477 1502//1502 1503//1503
f 1477//1477 1503//1503 1478//1478
f 1478//1478 1504//1504 1479//1479
f 1478//1478 1503//1503 1504//1504
f 1479//1479 1504//1504 1505//1505
f 1479//1479 1505//1505 1509//1509
f 1502//1502 1506//1506 1503//1503
f 1495//1495 1506//1506 1502//1502
f 1503//1503 1506//1506 1507//1507
f 1479//1479 2617//2617 2616//2616
f 1479//1479 2618//2618 2617//2617
f 1479//1479 2619//2619 2618//2618
f 1479//1479 2621//2621 2619//2619
f 1479//1479 2622//2622 2621//2621
f 1479//1479 2623//2623 2622//2622
f 1479//1479 2650//2650 2623//2623
f 1479//1479 2653//2653 2650//2650
f 1503//1503 1507//1507 1504//1504
f 1504//1504 1508//1508 1505//1505
f 1504//1504 1507//1507 1508//1508
f 1505//1505 1508//1508 1509//1509
f 1561//1561 1567//1567 1562//1562
f 1562//1562 1571//1571 1563//1563
f 1564//1564 1565//1565 1566//1566
f 1564//1564 1566//1566 1567//1567
f 1561//1561 1564//1564 1567//1567
f 1565//1565 1568//1568 1569//1569
f 1568//1568 1581//1581 1583//1583
f 1565//1565 1569//1569 1566//1566
f 1568//1568 1583//1583 1569//1569
f 1566//1566 1570//1570 1567//1567
f 1562//1562 1567//1567 1571//1571
f 1567//1567 1570//1570 1571//1571
f 1563//1563 1571//1571 1575//1575
f 1570//1570 1576//1576 1571//1571
f 1566//1566 1569//1569 1572//1572
f 1566//1566 1572//1572 1570//1570
f 1569//1569 1583//1583 1589//1589
f 1569//1569 1589//1589 1572//1572
f 1563//1563 1575//1575 1573//1573
f 1573//1573 1578//1578 1574//1574
f 1574//1574 1622//1622 1621//1621
f 1571//1571 1576//1576 1575//1575
f 1573//1573 1575//1575 1578//1578
f 1575//1575 1576//1576 1579//1579
f 1570//1570 1572//1572 1577//1577
f 1572//1572 1589//1589 1605//1605
f 1572//1572 1605//1605 1577//1577
f 1577//1577 1605//1605 1610//1610
f 1570//1570 1577//1577 1576//1576
f 1576//1576 1577//1577 1580//1580
f 1575//1575 1579//1579 1578//1578
f 1574//1574 1578//1578 1622//1622
f 1578//1578 1623//1623 1622//1622
f 1578//1578 1579//1579 1623//1623
f 1576//1576 1580//1580 1579//1579
f 1577//1577 1610//1610 1580//1580
f 1579//1579 1580//1580 1625//1625
f 1579//1579 1625//1625 1623//1623
f 1580//1580 1610//1610 1643//1643
f 1581//1581 1582//1582 1584//1584
f 1582//1582 1585//1585 1587//1587
f 1581//1581 1584//1584 1583//1583
f 1582//1582 1587//1587 1584//1584
f 1585//1585 1586//1586 1588//1588
f 1585//1585 1588//1588 1587//1587
f 1586//1586 1602//1602 1588//1588
f 1583//1583 1584//1584 1590//1590
f 1583//1583 1590//1590 1589//1589
f 1584//1584 1587//1587 1591//1591
f 1584//1584 1591//1591 1590//1590
f 1587//1587 1592//1592 1591//1591
f 1587//1587 1588//1588 1592//1592
f 1588//1588 1603//1603 1592//1592
f 1593//1593 1594//1594 1601//1601
f 1593//1593 1595//1595 1597//1597
f 1595//1595 1596//1596 1598//1598
f 1593//1593 1597//1597 1594//1594
f 1595//1595 1598//1598 1597//1597
f 1594//1594 1597//1597 1599//1599
f 1597//1597 1598//1598 1600//1600
f 1594//1594 1599//1599 1604//1604
f 1597//1597 1600//1600 1599//1599
f 1586//1586 1601//1601 1602//1602
f 1594//1594 1602//1602 1601//1601
f 1588//1588 1602//1602 1603//1603
f 1594//1594 1604//1604 1602//1602
f 1602//1602 1604//1604 1603//1603
f 1589//1589 1590//1590 1606//1606
f 1589//1589 1606//1606 1605//1605
f 1590//1590 1591//1591 1607//1607
f 1590//1590 1607//1607 1606//1606
f 1605//1605 1606//1606 1609//1609
f 1606//1606 1607//1607 1611//1611
f 1591//1591 1608//1608 1607//1607
f 1591//1591 1592//1592 1608//1608
f 1592//1592 1614//1614 1608//1608
f 1607//1607 1608//1608 1612//1612
f 1605//1605 1609//1609 1610//1610
f 1606//1606 1611//1611 1609//1609
f 1609//1609 1611//1611 1646//1646
f 1609//1609 1644//1644 1610//1610
f 1607//1607 1612//1612 1611//1611
f 1608//1608 1617//1617 1612//1612
f 1611//1611 1612//1612 1645//1645
f 1599//1599 1616//1616 1604//1604
f 1599//1599 1600//1600 1613//1613
f 1599//1599 1613//1613 1616//1616
f 1592//1592 1603//1603 1614//1614
f 1603//1603 1615//1615 1614//1614
f 1603//1603 1604//1604 1615//1615
f 1604//1604 1616//1616 1615//1615
f 1608//1608 1614//1614 1617//1617
f 1614//1614 1618//1618 1617//1617
f 1614//1614 1615//1615 1618//1618
f 1612//1612 1617//1617 1653//1653
f 1617//1617 1618//1618 1654//1654
f 1615//1615 1616//1616 1619//1619
f 1615//1615 1619//1619 1618//1618
f 1613//1613 1620//1620 1616//1616
f 1616//1616 1620//1620 1619//1619
f 1618//1618 1619//1619 1655//1655
f 1621//1621 1624//1624 1628//1628
f 1621//1621 1622//1622 1624//1624
f 1622//1622 1623//1623 1626//1626
f 1622//1622 1626//1626 1624//1624
f 1580//1580 1643//1643 1625//1625
f 1623//1623 1625//1625 1627//1627
f 1623//1623 1627//1627 1626//1626
f 1625//1625 1643//1643 1647//1647
f 1625//1625 1647//1647 1627//1627
f 1626//1626 1627//1627 1632//1632
f 1627//1627 1647//1647 1649//1649
f 1627//1627 1649//1649 1632//1632
f 1628//1628 1630//1630 1629//1629
f 1624//1624 1630//1630 1628//1628
f 1624//1624 1626//1626 1631//1631
f 1624//1624 1631//1631 1630//1630
f 1629//1629 1630//1630 1636//1636
f 1626//1626 1632//1632 1631//1631
f 1629//1629 1636//1636 1633//1633
f 1633//1633 1639//1639 1634//1634
f 1634//1634 1641//1641 1635//1635
f 1630//1630 1637//1637 1636//1636
f 1630//1630 1631//1631 1637//1637
f 1633//1633 1636//1636 1639//1639
f 1636//1636 1637//1637 1640//1640
f 1631//1631 1632//1632 1638//1638
f 1631//1631 1638//1638 1637//1637
f 1632//1632 1649//1649 1671//1671
f 1632//1632 1671//1671 1638//1638
f 1637//1637 1638//1638 1642//1642
f 1638//1638 1671//1671 1675//1675
f 1636//1636 1640//1640 1639//1639
f 1634//1634 1639//1639 1641//1641
f 1639//1639 1837//1837 1641//1641
f 1639//1639 1640//1640 1837//1837
f 1637//1637 1642//1642 1640//1640
f 1638//1638 1675//1675 1642//1642
f 1640//1640 1642//1642 1838//1838
f 1640//1640 1838//1838 1837//1837
f 1642//1642 1675//1675 1850//1850
f 1642//1642 1850//1850 1838//1838
f 1610//1610 1644//1644 1643//1643
f 1609//1609 1646//1646 1644//1644
f 1643//1643 1644//1644 1648//1648
f 1643//1643 1648//1648 1647//1647
f 1644//1644 1646//1646 1651//1651
f 1644//1644 1651//1651 1648//1648
f 1611//1611 1645//1645 1646//1646
f 1612//1612 1653//1653 1645//1645
f 1646//1646 1652//1652 1651//1651
f 1645//1645 1652//1652 1646//1646
f 1647//1647 1648//1648 1650//1650
f 1648//1648 1651//1651 1661//1661
f 1647//1647 1650//1650 1649//1649
f 1648//1648 1661//1661 1650//1650
f 1645//1645 1658//1658 1652//1652
f 1651//1651 1662//1662 1661//1661
f 1651//1651 1652//1652 1662//1662
f 1652//1652 1663//1663 1662//1662
f 1617//1617 1654//1654 1653//1653
f 1645//1645 1653//1653 1658//1658
f 1653//1653 1654//1654 1657//1657
f 1618//1618 1655//1655 1654//1654
f 1619//1619 1620//1620 1656//1656
f 1619//1619 1656//1656 1655//1655
f 1654//1654 1655//1655 1659//1659
f 1655//1655 1656//1656 1660//1660
f 1653//1653 1657//1657 1658//1658
f 1652//1652 1658//1658 1663//1663
f 1658//1658 1664//1664 1663//1663
f 1657//1657 1664//1664 1658//1658
f 1654//1654 1659//1659 1657//1657
f 1655//1655 1660//1660 1659//1659
f 1659//1659 1660//1660 1667//1667
f 1657//1657 1659//1659 1666//1666
f 1657//1657 1666//1666 1664//1664
f 1650//1650 1661//1661 1673//1673
f 1661//1661 1662//1662 1674//1674
f 1661//1661 1674//1674 1673//1673
f 1662//1662 1665//1665 1674//1674
f 1662//1662 1663//1663 1665//1665
f 1663//1663 1664//1664 1668//1668
f 1663//1663 1668//1668 1665//1665
f 1659//1659 1667//1667 1666//1666
f 1664//1664 1666//1666 1669//1669
f 1664//1664 1669//1669 1668//1668
f 1666//1666 1667//1667 1670//1670
f 1666//1666 1670//1670 1669//1669
f 1665//1665 1668//1668 1680//1680
f 1668//1668 1669//1669 1681//1681
f 1669//1669 1670//1670 1682//1682
f 1669//1669 1682//1682 1681//1681
f 1649//1649 1650//1650 1672//1672
f 1649//1649 1672//1672 1671//1671
f 1650//1650 1673//1673 1672//1672
f 1671//1671 1672//1672 1676//1676
f 1671//1671 1676//1676 1675//1675
f 1672//1672 1673//1673 1677//1677
f 1672//1672 1677//1677 1676//1676
f 1675//1675 1676//1676 1851//1851
f 1676//1676 1677//1677 1854//1854
f 1675//1675 1851//1851 1850//1850
f 1673//1673 1678//1678 1677//1677
f 1673//1673 1674//1674 1678//1678
f 1674//1674 1679//1679 1678//1678
f 1677//1677 1678//1678 1855//1855
f 1665//1665 1679//1679 1674//1674
f 1665//1665 1680//1680 1679//1679
f 1678//1678 1679//1679 1862//1862
f 1668//1668 1681//1681 1680//1680
f 567//567 1683//1683 1685//1685
f 1683//1683 1684//1684 1685//1685
f 567//567 1685//1685 1686//1686
f 568//568 1686//1686 1687//1687
f 569//569 1687//1687 1688//1688
f 570//570 1688//1688 1689//1689
f 1685//1685 2219//2219 1686//1686
f 1686//1686 2219//2219 1687//1687
f 1687//1687 2219//2219 2220//2220
f 1687//1687 2220//2220 1688//1688
f 1688//1688 2221//2221 1689//1689
f 1688//1688 2220//2220 2221//2221
f 1689//1689 2221//2221 2230//2230
f 571//571 1689//1689 1690//1690
f 572//572 1690//1690 1691//1691
f 573//573 1691//1691 1692//1692
f 574//574 1692//1692 1693//1693
f 575//575 1693//1693 1694//1694
f 576//576 1694//1694 1695//1695
f 577//577 1695//1695 1696//1696
f 1689//1689 2230//2230 1690//1690
f 1690//1690 2231//2231 1691//1691
f 1690//1690 2230//2230 2231//2231
f 1691//1691 2231//2231 2232//2232
f 1691//1691 2232//2232 1692//1692
f 1692//1692 2233//2233 1693//1693
f 1692//1692 2232//2232 2233//2233
f 1693//1693 2234//2234 1694//1694
f 1693//1693 2233//2233 2234//2234
f 1694//1694 2234//2234 2235//2235
f 1694//1694 2235//2235 1695//1695
f 1695//1695 2236//2236 1696//1696
f 1695//1695 2235//2235 2236//2236
f 1696//1696 2236//2236 2237//2237
f 1596//1596 1697//1697 1698//1698
f 1697//1697 1699//1699 1701//1701
f 1596//1596 1698//1698 1598//1598
f 1697//1697 1701//1701 1698//1698
f 1699//1699 1700//1700 1702//1702
f 1699//1699 1702//1702 1701//1701
f 1700//1700 1709//1709 1702//1702
f 1598//1598 1698//1698 1703//1703
f 1698//1698 1701//1701 1704//1704
f 1598//1598 1703//1703 1600//1600
f 1698//1698 1704//1704 1703//1703
f 1701//1701 1702//1702 1705//1705
f 1701//1701 1705//1705 1704//1704
f 1702//1702 1712//1712 1705//1705
f 1700//1700 1708//1708 1709//1709
f 1706//1706 1707//1707 1708//1708
f 1707//1707 1709//1709 1708//1708
f 1706//1706 1710//1710 1711//1711
f 1710//1710 1727//1727 1731//1731
f 1706//1706 1711//1711 1707//1707
f 1710//1710 1731//1731 1711//1711
f 1702//1702 1709//1709 1712//1712
f 1707//1707 1713//1713 1709//1709
f 1709//1709 1713//1713 1712//1712
f 1707//1707 1711//1711 1714//1714
f 1711//1711 1731//1731 1733//1733
f 1711//1711 1733//1733 1714//1714
f 1707//1707 1714//1714 1713//1713
f 1600//1600 1703//1703 1715//1715
f 1703//1703 1704//1704 1716//1716
f 1600//1600 1715//1715 1613//1613
f 1703//1703 1716//1716 1715//1715
f 1704//1704 1705//1705 1717//1717
f 1704//1704 1717//1717 1716//1716
f 1705//1705 1721//1721 1717//1717
f 1613//1613 1715//1715 1718//1718
f 1715//1715 1716//1716 1719//1719
f 1715//1715 1719//1719 1718//1718
f 1716//1716 1720//1720 1719//1719
f 1716//1716 1717//1717 1720//1720
f 1717//1717 1724//1724 1720//1720
f 1613//1613 1718//1718 1620//1620
f 1705//1705 1712//1712 1721//1721
f 1712//1712 1713//1713 1722//1722
f 1712//1712 1722//1722 1721//1721
f 1714//1714 1733//1733 1745//1745
f 1713//1713 1714//1714 1723//1723
f 1713//1713 1723//1723 1722//1722
f 1714//1714 1745//1745 1723//1723
f 1717//1717 1721//1721 1724//1724
f 1721//1721 1722//1722 1725//1725
f 1721//1721 1725//1725 1724//1724
f 1722//1722 1723//1723 1726//1726
f 1723//1723 1745//1745 1749//1749
f 1722//1722 1726//1726 1725//1725
f 1723//1723 1749//1749 1726//1726
f 1727//1727 1728//1728 1732//1732
f 1728//1728 1729//1729 1734//1734
f 1727//1727 1732//1732 1731//1731
f 1728//1728 1734//1734 1732//1732
f 1729//1729 1730//1730 1735//1735
f 1729//1729 1735//1735 1734//1734
f 1730//1730 1740//1740 1735//1735
f 1731//1731 1732//1732 1744//1744
f 1732//1732 1734//1734 1746//1746
f 1731//1731 1744//1744 1733//1733
f 1732//1732 1746//1746 1744//1744
f 1734//1734 1735//1735 1747//1747
f 1734//1734 1747//1747 1746//1746
f 1735//1735 1752//1752 1747//1747
f 1730//1730 1736//1736 1740//1740
f 1736//1736 1737//1737 1741//1741
f 1736//1736 1741//1741 1740//1740
f 1737//1737 1738//1738 1742//1742
f 680//680 1755//1755 1739//1739
f 1738//1738 1739//1739 1743//1743
f 1737//1737 1742//1742 1741//1741
f 1738//1738 1743//1743 1742//1742
f 1735//1735 1740//1740 1752//1752
f 1740//1740 1741//1741 1753//1753
f 1740//1740 1753//1753 1752//1752
f 1741//1741 1742//1742 1754//1754
f 1739//1739 1755//1755 1743//1743
f 1742//1742 1743//1743 1755//1755
f 1741//1741 1754//1754 1753//1753
f 1742//1742 1755//1755 1754//1754
f 1733//1733 1744//1744 1748//1748
f 1744//1744 1746//1746 1750//1750
f 1733//1733 1748//1748 1745//1745
f 1744//1744 1750//1750 1748//1748
f 1746//1746 1747//1747 1751//1751
f 1746//1746 1751//1751 1750//1750
f 1747//1747 1756//1756 1751//1751
f 1745//1745 1748//1748 1784//1784
f 1748//1748 1750//1750 1787//1787
f 1748//1748 1787//1787 1784//1784
f 1745//1745 1784//1784 1749//1749
f 1750//1750 1751//1751 1788//1788
f 1750//1750 1788//1788 1787//1787
f 1751//1751 1794//1794 1788//1788
f 1747//1747 1752//1752 1756//1756
f 1752//1752 1753//1753 1757//1757
f 1752//1752 1757//1757 1756//1756
f 1753//1753 1754//1754 1758//1758
f 1754//1754 1755//1755 1759//1759
f 1753//1753 1758//1758 1757//1757
f 1754//1754 1759//1759 1758//1758
f 1751//1751 1756//1756 1794//1794
f 1756//1756 1757//1757 1795//1795
f 1756//1756 1795//1795 1794//1794
f 1757//1757 1758//1758 1796//1796
f 1755//1755 1797//1797 1759//1759
f 1758//1758 1759//1759 1797//1797
f 1757//1757 1796//1796 1795//1795
f 1758//1758 1797//1797 1796//1796
f 255//255 2179//2179 1755//1755
f 1718//1718 1719//1719 1761//1761
f 1719//1719 1762//1762 1761//1761
f 1719//1719 1720//1720 1762//1762
f 1720//1720 1766//1766 1762//1762
f 1620//1620 1718//1718 1760//1760
f 1620//1620 1760//1760 1656//1656
f 1718//1718 1761//1761 1760//1760
f 1656//1656 1760//1760 1763//1763
f 1760//1760 1761//1761 1764//1764
f 1656//1656 1763//1763 1660//1660
f 1760//1760 1764//1764 1763//1763
f 1660//1660 1763//1763 1772//1772
f 1763//1763 1764//1764 1773//1773
f 1761//1761 1765//1765 1764//1764
f 1761//1761 1762//1762 1765//1765
f 1762//1762 1770//1770 1765//1765
f 1764//1764 1765//1765 1774//1774
f 1720//1720 1724//1724 1766//1766
f 1724//1724 1767//1767 1766//1766
f 1724//1724 1725//1725 1767//1767
f 1725//1725 1726//1726 1768//1768
f 1726//1726 1749//1749 1785//1785
f 1725//1725 1768//1768 1767//1767
f 1726//1726 1785//1785 1768//1768
f 1766//1766 1767//1767 1771//1771
f 1767//1767 1768//1768 1769//1769
f 1767//1767 1769//1769 1771//1771
f 1768//1768 1785//1785 1789//1789
f 1768//1768 1789//1789 1769//1769
f 1762//1762 1766//1766 1770//1770
f 1766//1766 1771//1771 1770//1770
f 1765//1765 1770//1770 1778//1778
f 1660//1660 1772//1772 1667//1667
f 1763//1763 1773//1773 1772//1772
f 1667//1667 1772//1772 1775//1775
f 1667//1667 1775//1775 1670//1670
f 1772//1772 1773//1773 1776//1776
f 1772//1772 1776//1776 1775//1775
f 1764//1764 1774//1774 1773//1773
f 1765//1765 1778//1778 1774//1774
f 1773//1773 1774//1774 1777//1777
f 1670//1670 1775//1775 2000//2000
f 1670//1670 2000//2000 1682//1682
f 1775//1775 1776//1776 2001//2001
f 1775//1775 2001//2001 2000//2000
f 1773//1773 1777//1777 1776//1776
f 1774//1774 1782//1782 1777//1777
f 1776//1776 2002//2002 2001//2001
f 1776//1776 1777//1777 2002//2002
f 1777//1777 2003//2003 2002//2002
f 1770//1770 1779//1779 1778//1778
f 1770//1770 1771//1771 1779//1779
f 1774//1774 1778//1778 1782//1782
f 1778//1778 1779//1779 1781//1781
f 1769//1769 1780//1780 1771//1771
f 1771//1771 1780//1780 1779//1779
f 1769//1769 1789//1789 1804//1804
f 1769//1769 1804//1804 1780//1780
f 1779//1779 1780//1780 1783//1783
f 1778//1778 1781//1781 1782//1782
f 1777//1777 1782//1782 2003//2003
f 1781//1781 2004//2004 1782//1782
f 1779//1779 1783//1783 1781//1781
f 1780//1780 1804//1804 1807//1807
f 1780//1780 1807//1807 1783//1783
f 1783//1783 1807//1807 2035//2035
f 1781//1781 1783//1783 2005//2005
f 1749//1749 1784//1784 1786//1786
f 1784//1784 1787//1787 1791//1791
f 1749//1749 1786//1786 1785//1785
f 1784//1784 1791//1791 1786//1786
f 1787//1787 1788//1788 1792//1792
f 1788//1788 1798//1798 1792//1792
f 1787//1787 1792//1792 1791//1791
f 1785//1785 1786//1786 1790//1790
f 1786//1786 1791//1791 1793//1793
f 1785//1785 1790//1790 1789//1789
f 1786//1786 1793//1793 1790//1790
f 1791//1791 1792//1792 1802//1802
f 1791//1791 1802//1802 1793//1793
f 1792//1792 1811//1811 1802//1802
f 1788//1788 1794//1794 1798//1798
f 1794//1794 1795//1795 1799//1799
f 1794//1794 1799//1799 1798//1798
f 1795//1795 1796//1796 1800//1800
f 1755//1755 1814//1814 1797//1797
f 1796//1796 1797//1797 1801//1801
f 1795//1795 1800//1800 1799//1799
f 1796//1796 1801//1801 1800//1800
f 1792//1792 1798//1798 1811//1811
f 1798//1798 1799//1799 1812//1812
f 1798//1798 1812//1812 1811//1811
f 1799//1799 1800//1800 1813//1813
f 1797//1797 1814//1814 1801//1801
f 1800//1800 1801//1801 1814//1814
f 1799//1799 1813//1813 1812//1812
f 1800//1800 1814//1814 1813//1813
f 1755//1755 2053//2053 1814//1814
f 1789//1789 1790//1790 1805//1805
f 1790//1790 1793//1793 1806//1806
f 1790//1790 1806//1806 1805//1805
f 1793//1793 1802//1802 1803//1803
f 1793//1793 1803//1803 1806//1806
f 1802//1802 1815//1815 1803//1803
f 1789//1789 1805//1805 1804//1804
f 1804//1804 1805//1805 1808//1808
f 1804//1804 1808//1808 1807//1807
f 1805//1805 1806//1806 1809//1809
f 1805//1805 1809//1809 1808//1808
f 1807//1807 1808//1808 2036//2036
f 1803//1803 1810//1810 1806//1806
f 1806//1806 1810//1810 1809//1809
f 1803//1803 1819//1819 1810//1810
f 1802//1802 1811//1811 1815//1815
f 1811//1811 1812//1812 1816//1816
f 1811//1811 1816//1816 1815//1815
f 1812//1812 1813//1813 1817//1817
f 1813//1813 1814//1814 1818//1818
f 1812//1812 1817//1817 1816//1816
f 1813//1813 1818//1818 1817//1817
f 1803//1803 1815//1815 1819//1819
f 1815//1815 1816//1816 2043//2043
f 1816//1816 1817//1817 2046//2046
f 1814//1814 2047//2047 1818//1818
f 1817//1817 1818//1818 2047//2047
f 1816//1816 2046//2046 2043//2043
f 1817//1817 2047//2047 2046//2046
f 1815//1815 2043//2043 1819//1819
f 1814//1814 2053//2053 2047//2047
f 690//690 1696//1696 1820//1820
f 691//691 1820//1820 1821//1821
f 692//692 1821//1821 1822//1822
f 693//693 1822//1822 1823//1823
f 694//694 1823//1823 1824//1824
f 695//695 1824//1824 1825//1825
f 696//696 1825//1825 1826//1826
f 1696//1696 2237//2237 1820//1820
f 1820//1820 2354//2354 1821//1821
f 1820//1820 2237//2237 2354//2354
f 1821//1821 2354//2354 2355//2355
f 1821//1821 2355//2355 1822//1822
f 1822//1822 2356//2356 1823//1823
f 1822//1822 2355//2355 2356//2356
f 1823//1823 2357//2357 1824//1824
f 1823//1823 2356//2356 2357//2357
f 1824//1824 2357//2357 2358//2358
f 1824//1824 2358//2358 1825//1825
f 1825//1825 2359//2359 1826//1826
f 1825//1825 2358//2358 2359//2359
f 1826//1826 2359//2359 2368//2368
f 255//255 1833//1833 2179//2179
f 697//697 1826//1826 1827//1827
f 698//698 1827//1827 1828//1828
f 699//699 1828//1828 1829//1829
f 700//700 1829//1829 1830//1830
f 701//701 1830//1830 1831//1831
f 702//702 1831//1831 1832//1832
f 703//703 1832//1832 1833//1833
f 1826//1826 2368//2368 1827//1827
f 1827//1827 2369//2369 1828//1828
f 1827//1827 2368//2368 2369//2369
f 1828//1828 2369//2369 2370//2370
f 1828//1828 2370//2370 1829//1829
f 1829//1829 2371//2371 1830//1830
f 1829//1829 2370//2370 2371//2371
f 1830//1830 2372//2372 1831//1831
f 1830//1830 2371//2371 2372//2372
f 1831//1831 2372//2372 2373//2373
f 1831//1831 2373//2373 1832//1832
f 1832//1832 2374//2374 1833//1833
f 1832//1832 2373//2373 2374//2374
f 1833//1833 2374//2374 2375//2375
f 1833//1833 2375//2375 2179//2179
f 1635//1635 1839//1839 1834//1834
f 1834//1834 1842//1842 1835//1835
f 1835//1835 1844//1844 1836//1836
f 1635//1635 1641//1641 1839//1839
f 1641//1641 1837//1837 1840//1840
f 1837//1837 1838//1838 1841//1841
f 1837//1837 1841//1841 1840//1840
f 1838//1838 1850//1850 1852//1852
f 1838//1838 1852//1852 1841//1841
f 1641//1641 1840//1840 1839//1839
f 1834//1834 1839//1839 1842//1842
f 1839//1839 1840//1840 1843//1843
f 1840//1840 1841//1841 1846//1846
f 1839//1839 1843//1843 1842//1842
f 1842//1842 1843//1843 1845//1845
f 1835//1835 1842//1842 1844//1844
f 1842//1842 1845//1845 1844//1844
f 1836//1836 1844//1844 1895//1895
f 1840//1840 1846//1846 1843//1843
f 1841//1841 1858//1858 1846//1846
f 1841//1841 1852//1852 1858//1858
f 1843//1843 1846//1846 1847//1847
f 1846//1846 1858//1858 1872//1872
f 1846//1846 1872//1872 1847//1847
f 1843//1843 1847//1847 1845//1845
f 1836//1836 1895//1895 1890//1890
f 1844//1844 1848//1848 1895//1895
f 1844//1844 1845//1845 1848//1848
f 1845//1845 1847//1847 1849//1849
f 1845//1845 1849//1849 1848//1848
f 1847//1847 1872//1872 1874//1874
f 1847//1847 1874//1874 1849//1849
f 1850//1850 1851//1851 1853//1853
f 1676//1676 1854//1854 1851//1851
f 1850//1850 1853//1853 1852//1852
f 1851//1851 1854//1854 1856//1856
f 1851//1851 1856//1856 1853//1853
f 1677//1677 1855//1855 1854//1854
f 1678//1678 1862//1862 1855//1855
f 1854//1854 1857//1857 1856//1856
f 1854//1854 1855//1855 1857//1857
f 1855//1855 1866//1866 1857//1857
f 1853//1853 1856//1856 1860//1860
f 1856//1856 1857//1857 1861//1861
f 1857//1857 1870//1870 1861//1861
f 1852//1852 1853//1853 1859//1859
f 1852//1852 1859//1859 1858//1858
f 1853//1853 1860//1860 1859//1859
f 1858//1858 1873//1873 1872//1872
f 1858//1858 1859//1859 1873//1873
f 1859//1859 1860//1860 1876//1876
f 1856//1856 1861//1861 1860//1860
f 1860//1860 1861//1861 1877//1877
f 1679//1679 1863//1863 1862//1862
f 1679//1679 1680//1680 1863//1863
f 1855//1855 1862//1862 1866//1866
f 1862//1862 1863//1863 1867//1867
f 1680//1680 1681//1681 1864//1864
f 1680//1680 1864//1864 1863//1863
f 1681//1681 1682//1682 1865//1865
f 1681//1681 1865//1865 1864//1864
f 1863//1863 1864//1864 1868//1868
f 1864//1864 1865//1865 1869//1869
f 1862//1862 1867//1867 1866//1866
f 1857//1857 1866//1866 1870//1870
f 1866//1866 1867//1867 1871//1871
f 1866//1866 1871//1871 1870//1870
f 1863//1863 1868//1868 1867//1867
f 1864//1864 1869//1869 1868//1868
f 1867//1867 1868//1868 1880//1880
f 1867//1867 1880//1880 1871//1871
f 1868//1868 1869//1869 1881//1881
f 1868//1868 1881//1881 1880//1880
f 1859//1859 1876//1876 1873//1873
f 1872//1872 1873//1873 1875//1875
f 1872//1872 1875//1875 1874//1874
f 1873//1873 1876//1876 1878//1878
f 1873//1873 1878//1878 1875//1875
f 1860//1860 1877//1877 1876//1876
f 1861//1861 1882//1882 1877//1877
f 1876//1876 1879//1879 1878//1878
f 1876//1876 1877//1877 1879//1879
f 1877//1877 1886//1886 1879//1879
f 1875//1875 1878//1878 1909//1909
f 1878//1878 1879//1879 1910//1910
f 1861//1861 1870//1870 1882//1882
f 1870//1870 1883//1883 1882//1882
f 1870//1870 1871//1871 1883//1883
f 1882//1882 1883//1883 1887//1887
f 1877//1877 1882//1882 1886//1886
f 1882//1882 1887//1887 1886//1886
f 1871//1871 1880//1880 1884//1884
f 1871//1871 1884//1884 1883//1883
f 1880//1880 1881//1881 1885//1885
f 1883//1883 1884//1884 1888//1888
f 1880//1880 1885//1885 1884//1884
f 1884//1884 1885//1885 1889//1889
f 1879//1879 1886//1886 1913//1913
f 1886//1886 1914//1914 1913//1913
f 1886//1886 1887//1887 1914//1914
f 1883//1883 1888//1888 1887//1887
f 1887//1887 1888//1888 1915//1915
f 1884//1884 1889//1889 1888//1888
f 1887//1887 1915//1915 1914//1914
f 1888//1888 1916//1916 1915//1915
f 1888//1888 1889//1889 1916//1916
f 1890//1890 1896//1896 1891//1891
f 1891//1891 1898//1898 1892//1892
f 1892//1892 1902//1902 1893//1893
f 1893//1893 1919//1919 1894//1894
f 1890//1890 1895//1895 1896//1896
f 1895//1895 1897//1897 1896//1896
f 1848//1848 1897//1897 1895//1895
f 1891//1891 1896//1896 1898//1898
f 1848//1848 1849//1849 1900//1900
f 1848//1848 1900//1900 1897//1897
f 1849//1849 1905//1905 1900//1900
f 1849//1849 1874//1874 1905//1905
f 1896//1896 1897//1897 1899//1899
f 1896//1896 1899//1899 1898//1898
f 1892//1892 1898//1898 1902//1902
f 1898//1898 1899//1899 1903//1903
f 1898//1898 1903//1903 1902//1902
f 1897//1897 1900//1900 1901//1901
f 1900//1900 1905//1905 1907//1907
f 1897//1897 1901//1901 1899//1899
f 1900//1900 1907//1907 1901//1901
f 1899//1899 1901//1901 1904//1904
f 1899//1899 1904//1904 1903//1903
f 1901//1901 1907//1907 1942//1942
f 1901//1901 1942//1942 1904//1904
f 1893//1893 1902//1902 1919//1919
f 1902//1902 1918//1918 1919//1919
f 1902//1902 1903//1903 1918//1918
f 1903//1903 1904//1904 1922//1922
f 1874//1874 1875//1875 1906//1906
f 1874//1874 1906//1906 1905//1905
f 1905//1905 1906//1906 1908//1908
f 1875//1875 1909//1909 1906//1906
f 1906//1906 1909//1909 1911//1911
f 1906//1906 1911//1911 1908//1908
f 1905//1905 1908//1908 1907//1907
f 1907//1907 1944//1944 1942//1942
f 1907//1907 1908//1908 1944//1944
f 1908//1908 1911//1911 1940//1940
f 1878//1878 1910//1910 1909//1909
f 1879//1879 1913//1913 1910//1910
f 1909//1909 1912//1912 1911//1911
f 1909//1909 1910//1910 1912//1912
f 1910//1910 1953//1953 1912//1912
f 1910//1910 1913//1913 1953//1953
f 1913//1913 1952//1952 1953//1953
f 1913//1913 1914//1914 1952//1952
f 1914//1914 1915//1915 1956//1956
f 1894//1894 1920//1920 1917//1917
f 1894//1894 1919//1919 1920//1920
f 1919//1919 1921//1921 1920//1920
f 1918//1918 1921//1921 1919//1919
f 1903//1903 1922//1922 1918//1918
f 1904//1904 1942//1942 1943//1943
f 1904//1904 1943//1943 1922//1922
f 1918//1918 1922//1922 1923//1923
f 1918//1918 1923//1923 1921//1921
f 1922//1922 1943//1943 1946//1946
f 1922//1922 1946//1946 1923//1923
f 1923//1923 1946//1946 1968//1968
f 1917//1917 1928//1928 1924//1924
f 1924//1924 1930//1930 1925//1925
f 1925//1925 1934//1934 1926//1926
f 1926//1926 1935//1935 1927//1927
f 1927//1927 2828//2828 2821//2821
f 1917//1917 1920//1920 1928//1928
f 1920//1920 1921//1921 1929//1929
f 1920//1920 1929//1929 1928//1928
f 1924//1924 1928//1928 1930//1930
f 1928//1928 1929//1929 1931//1931
f 1928//1928 1931//1931 1930//1930
f 1925//1925 1930//1930 1934//1934
f 1930//1930 1931//1931 1936//1936
f 1921//1921 1923//1923 1932//1932
f 1921//1921 1932//1932 1929//1929
f 1929//1929 1932//1932 1933//1933
f 1923//1923 1968//1968 1932//1932
f 1932//1932 1968//1968 1970//1970
f 1929//1929 1933//1933 1931//1931
f 1931//1931 1933//1933 1938//1938
f 1931//1931 1938//1938 1936//1936
f 1932//1932 1970//1970 1933//1933
f 1933//1933 1976//1976 1938//1938
f 1933//1933 1970//1970 1976//1976
f 1930//1930 1936//1936 1934//1934
f 1926//1926 1934//1934 1935//1935
f 1927//1927 1935//1935 2828//2828
f 1934//1934 1937//1937 1935//1935
f 1934//1934 1936//1936 1937//1937
f 1935//1935 2829//2829 2828//2828
f 1935//1935 1937//1937 2829//2829
f 1936//1936 1938//1938 1939//1939
f 1936//1936 1939//1939 1937//1937
f 1938//1938 1978//1978 1939//1939
f 1938//1938 1976//1976 1978//1978
f 1937//1937 1939//1939 2832//2832
f 1937//1937 2832//2832 2829//2829
f 1939//1939 1978//1978 2848//2848
f 1939//1939 2848//2848 2832//2832
f 1908//1908 1940//1940 1944//1944
f 1911//1911 1941//1941 1940//1940
f 1911//1911 1912//1912 1941//1941
f 1912//1912 1954//1954 1941//1941
f 1942//1942 1944//1944 1945//1945
f 1942//1942 1945//1945 1943//1943
f 1940//1940 1948//1948 1944//1944
f 1944//1944 1948//1948 1945//1945
f 1943//1943 1947//1947 1946//1946
f 1943//1943 1945//1945 1947//1947
f 1946//1946 1947//1947 1969//1969
f 1945//1945 1948//1948 1950//1950
f 1945//1945 1950//1950 1947//1947
f 1940//1940 1941//1941 1949//1949
f 1940//1940 1949//1949 1948//1948
f 1941//1941 1960//1960 1949//1949
f 1948//1948 1951//1951 1950//1950
f 1948//1948 1949//1949 1951//1951
f 1947//1947 1950//1950 1972//1972
f 1949//1949 1962//1962 1951//1951
f 1950//1950 1951//1951 1973//1973
f 1912//1912 1953//1953 1954//1954
f 1953//1953 1955//1955 1954//1954
f 1952//1952 1955//1955 1953//1953
f 1914//1914 1956//1956 1952//1952
f 1915//1915 1916//1916 1957//1957
f 1915//1915 1957//1957 1956//1956
f 1952//1952 1956//1956 1958//1958
f 1952//1952 1958//1958 1955//1955
f 1956//1956 1959//1959 1958//1958
f 1956//1956 1957//1957 1959//1959
f 1958//1958 1959//1959 1965//1965
f 1941//1941 1954//1954 1960//1960
f 1954//1954 1961//1961 1960//1960
f 1949//1949 1960//1960 1962//1962
f 1954//1954 1955//1955 1961//1961
f 1955//1955 1958//1958 1964//1964
f 1955//1955 1964//1964 1961//1961
f 1960//1960 1961//1961 1963//1963
f 1960//1960 1963//1963 1962//1962
f 1951//1951 1962//1962 1984//1984
f 1962//1962 1963//1963 1985//1985
f 1961//1961 1964//1964 1966//1966
f 1958//1958 1965//1965 1964//1964
f 1964//1964 1965//1965 1967//1967
f 1961//1961 1966//1966 1963//1963
f 1964//1964 1967//1967 1966//1966
f 1963//1963 1966//1966 1988//1988
f 1966//1966 1967//1967 1989//1989
f 1946//1946 1969//1969 1968//1968
f 1968//1968 1969//1969 1971//1971
f 1947//1947 1972//1972 1969//1969
f 1969//1969 1972//1972 1974//1974
f 1968//1968 1971//1971 1970//1970
f 1970//1970 1977//1977 1976//1976
f 1970//1970 1971//1971 1977//1977
f 1969//1969 1974//1974 1971//1971
f 1971//1971 1974//1974 1980//1980
f 1971//1971 1980//1980 1977//1977
f 1950//1950 1973//1973 1972//1972
f 1951//1951 1984//1984 1973//1973
f 1972//1972 1973//1973 1975//1975
f 1973//1973 1986//1986 1975//1975
f 1972//1972 1975//1975 1974//1974
f 1974//1974 1981//1981 1980//1980
f 1974//1974 1975//1975 1981//1981
f 1975//1975 1991//1991 1981//1981
f 1976//1976 1979//1979 1978//1978
f 1976//1976 1977//1977 1979//1979
f 1977//1977 1980//1980 1982//1982
f 1977//1977 1982//1982 1979//1979
f 1978//1978 1979//1979 2850//2850
f 1978//1978 2850//2850 2848//2848
f 1979//1979 1982//1982 2854//2854
f 1979//1979 2854//2854 2850//2850
f 1980//1980 1983//1983 1982//1982
f 1980//1980 1981//1981 1983//1983
f 1981//1981 1993//1993 1983//1983
f 1982//1982 2856//2856 2854//2854
f 1982//1982 1983//1983 2856//2856
f 1983//1983 2868//2868 2856//2856
f 1962//1962 1985//1985 1984//1984
f 1973//1973 1984//1984 1986//1986
f 1984//1984 1987//1987 1986//1986
f 1984//1984 1985//1985 1987//1987
f 1975//1975 1986//1986 1991//1991
f 1986//1986 1992//1992 1991//1991
f 1986//1986 1987//1987 1992//1992
f 1963//1963 1988//1988 1985//1985
f 1985//1985 1988//1988 1990//1990
f 1985//1985 1990//1990 1987//1987
f 1966//1966 1989//1989 1988//1988
f 1988//1988 1994//1994 1990//1990
f 1988//1988 1989//1989 1994//1994
f 1987//1987 1990//1990 1996//1996
f 1987//1987 1996//1996 1992//1992
f 1981//1981 1991//1991 1993//1993
f 1991//1991 1995//1995 1993//1993
f 1991//1991 1992//1992 1995//1995
f 1983//1983 1993//1993 2868//2868
f 1993//1993 2879//2879 2868//2868
f 1990//1990 1997//1997 1996//1996
f 1990//1990 1994//1994 1997//1997
f 1993//1993 1995//1995 2879//2879
f 1992//1992 1996//1996 1998//1998
f 1992//1992 1998//1998 1995//1995
f 1996//1996 1997//1997 1999//1999
f 1996//1996 1999//1999 1998//1998
f 1995//1995 1998//1998 2881//2881
f 1995//1995 2881//2881 2879//2879
f 1998//1998 1999//1999 2883//2883
f 1998//1998 2883//2883 2881//2881
f 2001//2001 2002//2002 2009//2009
f 1782//1782 2004//2004 2003//2003
f 2002//2002 2003//2003 2013//2013
f 2003//2003 2014//2014 2013//2013
f 2003//2003 2004//2004 2014//2014
f 1781//1781 2005//2005 2004//2004
f 1783//1783 2035//2035 2005//2005
f 2004//2004 2005//2005 2006//2006
f 2004//2004 2006//2006 2014//2014
f 2005//2005 2035//2035 2039//2039
f 2005//2005 2039//2039 2006//2006
f 1682//1682 2000//2000 2007//2007
f 2000//2000 2001//2001 2008//2008
f 1682//1682 2007//2007 1865//1865
f 2000//2000 2008//2008 2007//2007
f 2001//2001 2009//2009 2008//2008
f 2002//2002 2013//2013 2009//2009
f 1865//1865 2007//2007 2010//2010
f 1865//1865 2010//2010 1869//1869
f 2007//2007 2008//2008 2011//2011
f 2007//2007 2011//2011 2010//2010
f 1869//1869 2010//2010 2017//2017
f 1869//1869 2017//2017 1881//1881
f 2010//2010 2011//2011 2018//2018
f 2008//2008 2012//2012 2011//2011
f 2008//2008 2009//2009 2012//2012
f 2009//2009 2015//2015 2012//2012
f 2011//2011 2012//2012 2019//2019
f 2009//2009 2013//2013 2015//2015
f 2013//2013 2014//2014 2016//2016
f 2013//2013 2016//2016 2015//2015
f 2006//2006 2028//2028 2014//2014
f 2014//2014 2028//2028 2016//2016
f 2006//2006 2039//2039 2057//2057
f 2006//2006 2057//2057 2028//2028
f 2010//2010 2018//2018 2017//2017
f 2017//2017 2018//2018 2022//2022
f 2011//2011 2019//2019 2018//2018
f 2012//2012 2026//2026 2019//2019
f 2018//2018 2019//2019 2023//2023
f 2019//2019 2031//2031 2023//2023
f 1881//1881 2017//2017 2020//2020
f 1881//1881 2020//2020 1885//1885
f 2017//2017 2022//2022 2020//2020
f 2018//2018 2023//2023 2022//2022
f 1885//1885 2021//2021 1889//1889
f 1885//1885 2020//2020 2021//2021
f 2020//2020 2022//2022 2024//2024
f 2020//2020 2024//2024 2021//2021
f 1889//1889 2021//2021 2075//2075
f 1889//1889 2075//2075 1916//1916
f 2021//2021 2024//2024 2076//2076
f 2021//2021 2076//2076 2075//2075
f 2022//2022 2025//2025 2024//2024
f 2022//2022 2023//2023 2025//2025
f 2023//2023 2033//2033 2025//2025
f 2024//2024 2025//2025 2077//2077
f 2015//2015 2016//2016 2027//2027
f 2012//2012 2015//2015 2026//2026
f 2015//2015 2027//2027 2026//2026
f 2019//2019 2026//2026 2031//2031
f 2026//2026 2027//2027 2032//2032
f 2016//2016 2028//2028 2029//2029
f 2028//2028 2057//2057 2059//2059
f 2016//2016 2029//2029 2027//2027
f 2027//2027 2029//2029 2030//2030
f 2028//2028 2059//2059 2029//2029
f 2026//2026 2032//2032 2031//2031
f 2027//2027 2030//2030 2032//2032
f 2029//2029 2059//2059 2063//2063
f 2029//2029 2063//2063 2030//2030
f 2023//2023 2031//2031 2033//2033
f 2031//2031 2032//2032 2034//2034
f 2031//2031 2034//2034 2033//2033
f 2025//2025 2033//2033 2078//2078
f 2030//2030 2080//2080 2032//2032
f 2032//2032 2080//2080 2034//2034
f 2030//2030 2063//2063 2082//2082
f 2030//2030 2082//2082 2080//2080
f 1808//1808 1809//1809 2038//2038
f 1808//1808 2038//2038 2036//2036
f 1807//1807 2036//2036 2035//2035
f 2035//2035 2036//2036 2040//2040
f 2036//2036 2038//2038 2041//2041
f 1809//1809 2037//2037 2038//2038
f 1809//1809 1810//1810 2037//2037
f 1810//1810 2044//2044 2037//2037
f 2037//2037 2042//2042 2038//2038
f 2035//2035 2040//2040 2039//2039
f 2036//2036 2041//2041 2040//2040
f 2039//2039 2040//2040 2058//2058
f 2040//2040 2041//2041 2061//2061
f 2038//2038 2042//2042 2041//2041
f 2037//2037 2050//2050 2042//2042
f 2041//2041 2042//2042 2062//2062
f 1810//1810 1819//1819 2044//2044
f 1819//1819 2043//2043 2045//2045
f 1819//1819 2045//2045 2044//2044
f 2043//2043 2046//2046 2048//2048
f 2046//2046 2047//2047 2049//2049
f 2043//2043 2048//2048 2045//2045
f 2046//2046 2049//2049 2048//2048
f 2047//2047 2053//2053 2049//2049
f 2044//2044 2045//2045 2051//2051
f 2037//2037 2044//2044 2050//2050
f 2044//2044 2051//2051 2050//2050
f 2042//2042 2050//2050 2069//2069
f 2050//2050 2051//2051 2054//2054
f 2045//2045 2048//2048 2052//2052
f 2048//2048 2049//2049 2053//2053
f 2045//2045 2052//2052 2051//2051
f 2048//2048 2053//2053 2052//2052
f 2042//2042 2069//2069 2062//2062
f 2050//2050 2054//2054 2069//2069
f 2051//2051 2052//2052 2055//2055
f 2051//2051 2055//2055 2054//2054
f 2052//2052 2053//2053 2056//2056
f 2052//2052 2056//2056 2055//2055
f 2053//2053 2074//2074 2056//2056
f 2039//2039 2058//2058 2057//2057
f 2040//2040 2061//2061 2058//2058
f 1755//1755 2179//2179 2053//2053
f 2057//2057 2058//2058 2060//2060
f 2058//2058 2061//2061 2065//2065
f 2057//2057 2060//2060 2059//2059
f 2058//2058 2065//2065 2060//2060
f 2041//2041 2062//2062 2061//2061
f 2061//2061 2066//2066 2065//2065
f 2061//2061 2062//2062 2066//2066
f 2062//2062 2070//2070 2066//2066
f 2059//2059 2060//2060 2064//2064
f 2059//2059 2064//2064 2063//2063
f 2060//2060 2065//2065 2067//2067
f 2060//2060 2067//2067 2064//2064
f 2065//2065 2066//2066 2068//2068
f 2065//2065 2068//2068 2067//2067
f 2066//2066 2072//2072 2068//2068
f 2063//2063 2083//2083 2082//2082
f 2063//2063 2064//2064 2083//2083
f 2064//2064 2067//2067 2086//2086
f 2062//2062 2069//2069 2070//2070
f 2069//2069 2071//2071 2070//2070
f 2054//2054 2071//2071 2069//2069
f 2054//2054 2055//2055 2073//2073
f 2055//2055 2056//2056 2074//2074
f 2070//2070 2071//2071 2090//2090
f 2066//2066 2070//2070 2072//2072
f 2070//2070 2090//2090 2072//2072
f 2054//2054 2073//2073 2071//2071
f 2055//2055 2074//2074 2073//2073
f 2053//2053 2096//2096 2074//2074
f 2071//2071 2073//2073 2091//2091
f 2073//2073 2074//2074 2092//2092
f 2071//2071 2091//2091 2090//2090
f 2073//2073 2092//2092 2091//2091
f 2024//2024 2077//2077 2076//2076
f 2025//2025 2078//2078 2077//2077
f 2033//2033 2079//2079 2078//2078
f 2033//2033 2034//2034 2079//2079
f 2078//2078 2079//2079 2114//2114
f 2080//2080 2082//2082 2084//2084
f 2034//2034 2080//2080 2081//2081
f 2034//2034 2081//2081 2079//2079
f 2080//2080 2084//2084 2081//2081
f 2079//2079 2081//2081 2117//2117
f 2081//2081 2084//2084 2149//2149
f 2067//2067 2068//2068 2087//2087
f 2082//2082 2083//2083 2085//2085
f 2064//2064 2086//2086 2083//2083
f 2083//2083 2086//2086 2088//2088
f 2082//2082 2085//2085 2084//2084
f 2084//2084 2085//2085 2150//2150
f 2083//2083 2088//2088 2085//2085
f 2067//2067 2087//2087 2086//2086
f 2068//2068 2093//2093 2087//2087
f 2086//2086 2087//2087 2089//2089
f 2087//2087 2097//2097 2089//2089
f 2086//2086 2089//2089 2088//2088
f 2085//2085 2088//2088 2153//2153
f 2085//2085 2153//2153 2150//2150
f 2088//2088 2154//2154 2153//2153
f 2088//2088 2089//2089 2154//2154
f 2089//2089 2156//2156 2154//2154
f 2068//2068 2072//2072 2093//2093
f 2072//2072 2090//2090 2094//2094
f 2090//2090 2091//2091 2095//2095
f 2090//2090 2095//2095 2094//2094
f 2074//2074 2096//2096 2092//2092
f 2091//2091 2096//2096 2095//2095
f 2091//2091 2092//2092 2096//2096
f 2072//2072 2094//2094 2093//2093
f 2087//2087 2093//2093 2097//2097
f 2093//2093 2094//2094 2098//2098
f 2053//2053 2179//2179 2096//2096
f 2094//2094 2095//2095 2099//2099
f 2095//2095 2096//2096 2100//2100
f 2093//2093 2098//2098 2097//2097
f 2089//2089 2097//2097 2156//2156
f 2097//2097 2098//2098 2157//2157
f 2097//2097 2157//2157 2156//2156
f 2094//2094 2099//2099 2098//2098
f 2095//2095 2100//2100 2099//2099
f 2098//2098 2099//2099 2158//2158
f 2096//2096 2159//2159 2100//2100
f 2099//2099 2100//2100 2159//2159
f 2098//2098 2158//2158 2157//2157
f 2099//2099 2159//2159 2158//2158
f 1916//1916 2075//2075 2101//2101
f 1916//1916 2101//2101 1957//1957
f 2075//2075 2076//2076 2102//2102
f 2075//2075 2102//2102 2101//2101
f 2101//2101 2102//2102 2105//2105
f 1957//1957 2101//2101 2104//2104
f 1957//1957 2104//2104 1959//1959
f 2101//2101 2105//2105 2104//2104
f 2076//2076 2077//2077 2103//2103
f 2076//2076 2103//2103 2102//2102
f 2077//2077 2113//2113 2103//2103
f 2102//2102 2103//2103 2106//2106
f 1959//1959 2104//2104 2107//2107
f 2104//2104 2105//2105 2109//2109
f 2102//2102 2106//2106 2105//2105
f 2103//2103 2115//2115 2106//2106
f 2105//2105 2106//2106 2110//2110
f 1959//1959 2107//2107 1965//1965
f 1965//1965 2107//2107 2108//2108
f 2104//2104 2109//2109 2107//2107
f 2107//2107 2109//2109 2111//2111
f 1965//1965 2108//2108 1967//1967
f 1967//1967 2125//2125 1989//1989
f 1967//1967 2108//2108 2125//2125
f 2107//2107 2111//2111 2108//2108
f 2108//2108 2111//2111 2127//2127
f 2108//2108 2127//2127 2125//2125
f 2105//2105 2110//2110 2109//2109
f 2109//2109 2112//2112 2111//2111
f 2106//2106 2119//2119 2110//2110
f 2109//2109 2110//2110 2112//2112
f 2110//2110 2121//2121 2112//2112
f 2077//2077 2078//2078 2113//2113
f 2078//2078 2114//2114 2113//2113
f 2079//2079 2117//2117 2114//2114
f 2103//2103 2113//2113 2115//2115
f 2113//2113 2114//2114 2116//2116
f 2113//2113 2116//2116 2115//2115
f 2106//2106 2115//2115 2119//2119
f 2115//2115 2120//2120 2119//2119
f 2115//2115 2116//2116 2120//2120
f 2114//2114 2117//2117 2118//2118
f 2081//2081 2149//2149 2117//2117
f 2117//2117 2149//2149 2151//2151
f 2117//2117 2151//2151 2118//2118
f 2114//2114 2118//2118 2116//2116
f 2116//2116 2118//2118 2123//2123
f 2116//2116 2123//2123 2120//2120
f 2118//2118 2162//2162 2123//2123
f 2118//2118 2151//2151 2162//2162
f 2110//2110 2119//2119 2121//2121
f 2119//2119 2120//2120 2122//2122
f 2111//2111 2128//2128 2127//2127
f 2111//2111 2112//2112 2128//2128
f 2112//2112 2137//2137 2128//2128
f 2119//2119 2122//2122 2121//2121
f 2112//2112 2121//2121 2137//2137
f 2121//2121 2138//2138 2137//2137
f 2121//2121 2122//2122 2138//2138
f 2120//2120 2123//2123 2124//2124
f 2120//2120 2124//2124 2122//2122
f 2123//2123 2162//2162 2164//2164
f 2123//2123 2164//2164 2124//2124
f 2122//2122 2124//2124 2141//2141
f 2122//2122 2141//2141 2138//2138
f 2124//2124 2164//2164 2188//2188
f 2124//2124 2188//2188 2141//2141
f 1989//1989 2126//2126 1994//1994
f 1989//1989 2125//2125 2126//2126
f 2125//2125 2127//2127 2129//2129
f 2125//2125 2129//2129 2126//2126
f 1994//1994 2126//2126 2131//2131
f 1994//1994 2131//2131 1997//1997
f 2126//2126 2129//2129 2133//2133
f 2126//2126 2133//2133 2131//2131
f 2127//2127 2130//2130 2129//2129
f 2127//2127 2128//2128 2130//2130
f 2128//2128 2139//2139 2130//2130
f 2129//2129 2134//2134 2133//2133
f 2129//2129 2130//2130 2134//2134
f 2130//2130 2143//2143 2134//2134
f 1997//1997 2131//2131 2132//2132
f 1997//1997 2132//2132 1999//1999
f 2131//2131 2135//2135 2132//2132
f 2131//2131 2133//2133 2135//2135
f 1999//1999 2132//2132 2973//2973
f 1999//1999 2973//2973 2883//2883
f 2132//2132 2135//2135 2975//2975
f 2132//2132 2975//2975 2973//2973
f 2133//2133 2136//2136 2135//2135
f 2133//2133 2134//2134 2136//2136
f 2134//2134 2145//2145 2136//2136
f 2135//2135 2977//2977 2975//2975
f 2135//2135 2136//2136 2977//2977
f 2136//2136 2987//2987 2977//2977
f 2128//2128 2137//2137 2139//2139
f 2137//2137 2140//2140 2139//2139
f 2137//2137 2138//2138 2140//2140
f 2130//2130 2139//2139 2143//2143
f 2139//2139 2144//2144 2143//2143
f 2139//2139 2140//2140 2144//2144
f 2138//2138 2141//2141 2142//2142
f 2138//2138 2142//2142 2140//2140
f 2141//2141 2188//2188 2190//2190
f 2141//2141 2190//2190 2142//2142
f 2140//2140 2142//2142 2147//2147
f 2140//2140 2147//2147 2144//2144
f 2142//2142 2190//2190 2196//2196
f 2142//2142 2196//2196 2147//2147
f 2134//2134 2143//2143 2145//2145
f 2143//2143 2146//2146 2145//2145
f 2143//2143 2144//2144 2146//2146
f 2136//2136 2145//2145 2987//2987
f 2145//2145 2991//2991 2987//2987
f 2145//2145 2146//2146 2991//2991
f 2144//2144 2147//2147 2148//2148
f 2144//2144 2148//2148 2146//2146
f 2147//2147 2196//2196 2197//2197
f 2147//2147 2197//2197 2148//2148
f 2146//2146 2148//2148 2993//2993
f 2146//2146 2993//2993 2991//2991
f 2148//2148 2197//2197 3026//3026
f 2148//2148 3026//3026 2993//2993
f 2084//2084 2150//2150 2149//2149
f 2149//2149 2152//2152 2151//2151
f 2149//2149 2150//2150 2152//2152
f 2150//2150 2153//2153 2155//2155
f 2150//2150 2155//2155 2152//2152
f 2151//2151 2152//2152 2163//2163
f 2153//2153 2160//2160 2155//2155
f 2153//2153 2154//2154 2160//2160
f 2154//2154 2172//2172 2160//2160
f 2154//2154 2156//2156 2172//2172
f 2156//2156 2157//2157 2173//2173
f 2096//2096 2179//2179 2159//2159
f 2151//2151 2163//2163 2162//2162
f 2152//2152 2155//2155 2167//2167
f 2152//2152 2167//2167 2163//2163
f 2155//2155 2161//2161 2167//2167
f 2155//2155 2160//2160 2161//2161
f 2160//2160 2174//2174 2161//2161
f 2162//2162 2163//2163 2165//2165
f 2162//2162 2165//2165 2164//2164
f 2163//2163 2167//2167 2168//2168
f 2163//2163 2168//2168 2165//2165
f 2164//2164 2165//2165 2166//2166
f 2164//2164 2166//2166 2188//2188
f 2165//2165 2168//2168 2170//2170
f 2165//2165 2170//2170 2166//2166
f 2167//2167 2169//2169 2168//2168
f 2161//2161 2169//2169 2167//2167
f 2161//2161 2180//2180 2169//2169
f 2168//2168 2169//2169 2171//2171
f 2168//2168 2171//2171 2170//2170
f 2169//2169 2182//2182 2171//2171
f 2156//2156 2173//2173 2172//2172
f 2160//2160 2172//2172 2174//2174
f 2172//2172 2173//2173 2175//2175
f 2172//2172 2175//2175 2174//2174
f 2157//2157 2158//2158 2176//2176
f 2157//2157 2176//2176 2173//2173
f 2158//2158 2159//2159 2177//2177
f 2158//2158 2177//2177 2176//2176
f 2159//2159 2179//2179 2177//2177
f 2173//2173 2176//2176 2178//2178
f 2176//2176 2177//2177 2179//2179
f 2173//2173 2178//2178 2175//2175
f 2176//2176 2179//2179 2178//2178
f 2161//2161 2174//2174 2180//2180
f 2174//2174 2181//2181 2180//2180
f 2174//2174 2175//2175 2181//2181
f 2175//2175 2178//2178 2184//2184
f 2178//2178 2179//2179 2185//2185
f 2169//2169 2180//2180 2182//2182
f 2180//2180 2183//2183 2182//2182
f 2180//2180 2181//2181 2183//2183
f 2175//2175 2184//2184 2181//2181
f 2178//2178 2185//2185 2184//2184
f 2179//2179 2187//2187 2185//2185
f 2181//2181 2184//2184 2186//2186
f 2181//2181 2186//2186 2183//2183
f 2184//2184 2185//2185 2187//2187
f 2184//2184 2187//2187 2186//2186
f 2179//2179 2208//2208 2187//2187
f 2166//2166 2189//2189 2188//2188
f 2188//2188 2189//2189 2190//2190
f 2166//2166 2170//2170 2192//2192
f 2166//2166 2192//2192 2189//2189
f 2189//2189 2191//2191 2190//2190
f 2190//2190 2191//2191 2196//2196
f 2189//2189 2192//2192 2194//2194
f 2189//2189 2194//2194 2191//2191
f 2170//2170 2193//2193 2192//2192
f 2170//2170 2171//2171 2193//2193
f 2171//2171 2201//2201 2193//2193
f 2192//2192 2195//2195 2194//2194
f 2192//2192 2193//2193 2195//2195
f 2193//2193 2203//2203 2195//2195
f 2191//2191 2198//2198 2196//2196
f 2196//2196 2198//2198 2197//2197
f 2191//2191 2194//2194 2199//2199
f 2191//2191 2199//2199 2198//2198
f 2197//2197 2198//2198 3027//3027
f 2197//2197 3027//3027 3026//3026
f 2198//2198 3031//3031 3027//3027
f 2198//2198 2199//2199 3031//3031
f 2194//2194 2200//2200 2199//2199
f 2194//2194 2195//2195 2200//2200
f 2195//2195 2209//2209 2200//2200
f 2199//2199 3032//3032 3031//3031
f 2199//2199 2200//2200 3032//3032
f 2200//2200 3043//3043 3032//3032
f 2171//2171 2182//2182 2201//2201
f 2182//2182 2183//2183 2202//2202
f 2182//2182 2202//2202 2201//2201
f 2193//2193 2201//2201 2203//2203
f 2201//2201 2204//2204 2203//2203
f 2201//2201 2202//2202 2204//2204
f 2183//2183 2186//2186 2205//2205
f 2183//2183 2205//2205 2202//2202
f 2186//2186 2187//2187 2206//2206
f 2186//2186 2206//2206 2205//2205
f 2187//2187 2208//2208 2206//2206
f 2202//2202 2205//2205 2207//2207
f 2202//2202 2207//2207 2204//2204
f 2205//2205 2206//2206 2208//2208
f 2179//2179 3056//3056 2208//2208
f 2205//2205 2208//2208 2207//2207
f 2195//2195 2203//2203 2209//2209
f 2203//2203 2210//2210 2209//2209
f 2203//2203 2204//2204 2210//2210
f 2200//2200 2209//2209 3043//3043
f 2209//2209 3044//3044 3043//3043
f 2209//2209 2210//2210 3044//3044
f 2204//2204 2207//2207 2211//2211
f 2204//2204 2211//2211 2210//2210
f 2207//2207 2208//2208 2212//2212
f 2207//2207 2212//2212 2211//2211
f 2208//2208 3048//3048 2212//2212
f 2210//2210 2211//2211 3047//3047
f 2210//2210 3047//3047 3044//3044
f 2211//2211 2212//2212 3048//3048
f 2211//2211 3048//3048 3047//3047
f 1085//1085 2215//2215 2214//2214
f 1086//1086 2216//2216 2215//2215
f 1087//1087 2217//2217 2216//2216
f 1088//1088 2222//2222 2217//2217
f 2213//2213 2219//2219 2218//2218
f 2213//2213 2214//2214 2219//2219
f 2215//2215 2220//2220 2219//2219
f 2214//2214 2215//2215 2219//2219
f 2215//2215 2216//2216 2220//2220
f 2216//2216 2221//2221 2220//2220
f 2217//2217 2230//2230 2221//2221
f 2216//2216 2217//2217 2221//2221
f 2217//2217 2222//2222 2230//2230
f 1097//1097 2223//2223 2222//2222
f 1098//1098 2224//2224 2223//2223
f 1099//1099 2225//2225 2224//2224
f 1100//1100 2226//2226 2225//2225
f 1101//1101 2227//2227 2226//2226
f 1102//1102 2228//2228 2227//2227
f 1103//1103 2229//2229 2228//2228
f 2222//2222 2231//2231 2230//2230
f 2223//2223 2232//2232 2231//2231
f 2222//2222 2223//2223 2231//2231
f 2223//2223 2224//2224 2232//2232
f 2224//2224 2233//2233 2232//2232
f 2225//2225 2234//2234 2233//2233
f 2224//2224 2225//2225 2233//2233
f 2226//2226 2235//2235 2234//2234
f 2225//2225 2226//2226 2234//2234
f 2226//2226 2227//2227 2235//2235
f 2227//2227 2236//2236 2235//2235
f 2228//2228 2237//2237 2236//2236
f 2227//2227 2228//2228 2236//2236
f 2228//2228 2229//2229 2237//2237
f 1177//1177 2238//2238 1183//1183
f 2238//2238 2239//2239 2240//2240
f 2239//2239 2246//2246 2243//2243
f 1183//1183 2238//2238 2240//2240
f 1183//1183 2240//2240 1184//1184
f 1184//1184 2240//2240 2241//2241
f 1184//1184 2241//2241 1186//1186
f 1186//1186 2242//2242 1209//1209
f 1186//1186 2241//2241 2242//2242
f 1209//1209 2242//2242 2254//2254
f 2239//2239 2243//2243 2240//2240
f 2243//2243 2248//2248 2244//2244
f 2240//2240 2243//2243 2241//2241
f 2241//2241 2243//2243 2244//2244
f 2241//2241 2244//2244 2242//2242
f 2242//2242 2244//2244 2245//2245
f 2242//2242 2245//2245 2254//2254
f 2245//2245 2258//2258 2254//2254
f 2246//2246 2247//2247 2248//2248
f 2247//2247 2301//2301 2251//2251
f 2243//2243 2246//2246 2248//2248
f 2244//2244 2248//2248 2249//2249
f 2248//2248 2251//2251 2249//2249
f 2249//2249 2252//2252 2250//2250
f 2244//2244 2249//2249 2245//2245
f 2245//2245 2249//2249 2250//2250
f 2245//2245 2250//2250 2258//2258
f 2250//2250 2270//2270 2258//2258
f 2250//2250 2253//2253 2270//2270
f 2247//2247 2251//2251 2248//2248
f 2249//2249 2251//2251 2252//2252
f 2251//2251 2301//2301 2302//2302
f 2251//2251 2302//2302 2252//2252
f 2252//2252 2302//2302 2303//2303
f 2250//2250 2252//2252 2253//2253
f 2253//2253 2274//2274 2270//2270
f 2252//2252 2303//2303 2253//2253
f 2253//2253 2303//2303 2305//2305
f 2253//2253 2305//2305 2274//2274
f 1209//1209 2254//2254 1210//1210
f 1210//1210 2255//2255 1213//1213
f 1210//1210 2254//2254 2255//2255
f 1213//1213 2255//2255 2256//2256
f 1213//1213 2256//2256 1214//1214
f 1214//1214 2257//2257 1218//1218
f 1214//1214 2256//2256 2257//2257
f 2254//2254 2258//2258 2255//2255
f 2255//2255 2258//2258 2259//2259
f 2255//2255 2259//2259 2256//2256
f 2256//2256 2259//2259 2260//2260
f 2256//2256 2260//2260 2257//2257
f 2257//2257 2261//2261 2262//2262
f 2257//2257 2260//2260 2261//2261
f 1218//1218 2262//2262 1222//1222
f 1218//1218 2257//2257 2262//2262
f 2262//2262 2263//2263 2265//2265
f 2261//2261 2263//2263 2262//2262
f 2263//2263 2264//2264 2265//2265
f 1222//1222 2262//2262 2265//2265
f 1222//1222 2265//2265 1225//1225
f 1225//1225 2266//2266 1226//1226
f 1225//1225 2265//2265 2266//2266
f 1226//1226 2266//2266 2267//2267
f 2264//2264 2266//2266 2265//2265
f 2266//2266 2268//2268 2267//2267
f 2264//2264 2268//2268 2266//2266
f 2267//2267 2268//2268 2269//2269
f 2258//2258 2270//2270 2259//2259
f 2259//2259 2270//2270 2271//2271
f 2259//2259 2271//2271 2260//2260
f 2260//2260 2271//2271 2272//2272
f 2270//2270 2274//2274 2271//2271
f 2271//2271 2275//2275 2272//2272
f 2260//2260 2272//2272 2261//2261
f 2261//2261 2273//2273 2263//2263
f 2261//2261 2272//2272 2273//2273
f 2272//2272 2276//2276 2273//2273
f 2274//2274 2320//2320 2275//2275
f 2271//2271 2274//2274 2275//2275
f 2272//2272 2275//2275 2276//2276
f 2275//2275 2321//2321 2276//2276
f 2273//2273 2276//2276 2277//2277
f 2273//2273 2277//2277 2278//2278
f 2276//2276 2322//2322 2277//2277
f 2277//2277 2323//2323 2281//2281
f 2263//2263 2278//2278 2264//2264
f 2263//2263 2273//2273 2278//2278
f 2264//2264 2278//2278 2279//2279
f 2264//2264 2279//2279 2268//2268
f 2268//2268 2279//2279 2280//2280
f 2278//2278 2281//2281 2279//2279
f 2277//2277 2281//2281 2278//2278
f 2279//2279 2281//2281 2282//2282
f 2281//2281 2330//2330 2282//2282
f 2279//2279 2282//2282 2280//2280
f 2280//2280 2282//2282 2283//2283
f 2280//2280 2283//2283 2285//2285
f 2283//2283 2284//2284 2285//2285
f 2282//2282 2331//2331 2283//2283
f 2283//2283 2332//2332 2284//2284
f 2268//2268 2280//2280 2269//2269
f 2269//2269 2280//2280 2285//2285
f 2286//2286 2287//2287 2304//2304
f 2287//2287 2291//2291 2288//2288
f 2287//2287 2288//2288 2304//2304
f 2288//2288 2306//2306 2304//2304
f 2288//2288 2289//2289 2306//2306
f 2289//2289 2290//2290 2307//2307
f 2291//2291 2292//2292 2294//2294
f 2292//2292 2293//2293 2297//2297
f 2292//2292 2297//2297 2294//2294
f 2288//2288 2291//2291 2294//2294
f 2288//2288 2294//2294 2289//2289
f 2289//2289 2294//2294 2295//2295
f 2294//2294 2297//2297 2295//2295
f 2289//2289 2295//2295 2290//2290
f 2290//2290 2295//2295 2296//2296
f 2290//2290 2296//2296 2326//2326
f 2296//2296 2308//2308 2326//2326
f 2295//2295 2298//2298 2296//2296
f 2296//2296 2300//2300 2308//2308
f 2297//2297 2299//2299 2298//2298
f 2293//2293 2299//2299 2297//2297
f 2298//2298 2299//2299 2928//2928
f 2295//2295 2297//2297 2298//2298
f 2298//2298 2928//2928 2300//2300
f 2300//2300 2928//2928 2929//2929
f 2300//2300 2929//2929 2312//2312
f 2312//2312 2929//2929 2936//2936
f 2296//2296 2298//2298 2300//2300
f 2300//2300 2312//2312 2308//2308
f 2286//2286 2302//2302 2301//2301
f 2302//2302 2304//2304 2303//2303
f 2286//2286 2304//2304 2302//2302
f 2303//2303 2304//2304 2306//2306
f 2274//2274 2305//2305 2320//2320
f 2303//2303 2306//2306 2305//2305
f 2305//2305 2306//2306 2307//2307
f 2307//2307 2324//2324 2320//2320
f 2305//2305 2307//2307 2320//2320
f 2289//2289 2307//2307 2306//2306
f 2290//2290 2324//2324 2307//2307
f 2290//2290 2326//2326 2324//2324
f 2308//2308 2327//2327 2326//2326
f 2308//2308 2309//2309 2327//2327
f 2308//2308 2312//2312 2309//2309
f 2309//2309 2310//2310 2338//2338
f 2313//2313 2936//2936 2937//2937
f 2309//2309 2312//2312 2313//2313
f 2309//2309 2313//2313 2310//2310
f 2310//2310 2313//2313 2314//2314
f 2312//2312 2936//2936 2313//2313
f 2313//2313 2937//2937 2314//2314
f 2310//2310 2314//2314 2311//2311
f 2311//2311 2315//2315 2342//2342
f 2311//2311 2314//2314 2315//2315
f 2314//2314 2940//2940 2315//2315
f 2315//2315 2941//2941 2316//2316
f 2315//2315 2316//2316 2342//2342
f 2316//2316 2345//2345 2342//2342
f 2316//2316 2317//2317 2345//2345
f 2317//2317 2318//2318 2346//2346
f 2275//2275 2320//2320 2321//2321
f 2320//2320 2324//2324 2321//2321
f 2321//2321 2324//2324 2325//2325
f 2321//2321 2325//2325 2322//2322
f 2322//2322 2325//2325 2328//2328
f 2276//2276 2321//2321 2322//2322
f 2322//2322 2328//2328 2323//2323
f 2323//2323 2328//2328 2329//2329
f 2277//2277 2322//2322 2323//2323
f 2323//2323 2329//2329 2330//2330
f 2324//2324 2326//2326 2325//2325
f 2325//2325 2327//2327 2328//2328
f 2325//2325 2326//2326 2327//2327
f 2327//2327 2338//2338 2328//2328
f 2328//2328 2338//2338 2329//2329
f 2329//2329 2338//2338 2339//2339
f 2329//2329 2339//2339 2334//2334
f 2281//2281 2323//2323 2330//2330
f 2282//2282 2330//2330 2331//2331
f 2330//2330 2334//2334 2331//2331
f 2283//2283 2331//2331 2332//2332
f 2284//2284 2332//2332 2333//2333
f 2331//2331 2335//2335 2332//2332
f 2332//2332 2336//2336 2333//2333
f 2329//2329 2334//2334 2330//2330
f 2334//2334 2340//2340 2335//2335
f 2334//2334 2339//2339 2340//2340
f 2335//2335 2340//2340 2341//2341
f 2331//2331 2334//2334 2335//2335
f 2335//2335 2341//2341 2336//2336
f 2336//2336 2341//2341 2343//2343
f 2332//2332 2335//2335 2336//2336
f 2333//2333 2336//2336 2337//2337
f 2336//2336 2343//2343 2337//2337
f 2309//2309 2338//2338 2327//2327
f 2310//2310 2339//2339 2338//2338
f 2311//2311 2340//2340 2339//2339
f 2310//2310 2311//2311 2339//2339
f 2340//2340 2342//2342 2341//2341
f 2311//2311 2342//2342 2340//2340
f 2341//2341 2342//2342 2345//2345
f 2337//2337 2343//2343 2344//2344
f 2343//2343 2345//2345 2346//2346
f 2341//2341 2345//2345 2343//2343
f 2343//2343 2346//2346 2344//2344
f 2344//2344 2346//2346 2347//2347
f 2317//2317 2346//2346 2345//2345
f 2318//2318 2347//2347 2346//2346
f 2318//2318 2319//2319 2347//2347
f 1104//1104 2348//2348 2229//2229
f 1233//1233 2349//2349 2348//2348
f 1234//1234 2350//2350 2349//2349
f 1235//1235 2351//2351 2350//2350
f 1236//1236 2352//2352 2351//2351
f 1237//1237 2353//2353 2352//2352
f 1238//1238 2360//2360 2353//2353
f 2229//2229 2354//2354 2237//2237
f 2348//2348 2355//2355 2354//2354
f 2229//2229 2348//2348 2354//2354
f 2348//2348 2349//2349 2355//2355
f 2349//2349 2356//2356 2355//2355
f 2350//2350 2357//2357 2356//2356
f 2349//2349 2350//2350 2356//2356
f 2351//2351 2358//2358 2357//2357
f 2350//2350 2351//2351 2357//2357
f 2351//2351 2352//2352 2358//2358
f 2352//2352 2359//2359 2358//2358
f 2353//2353 2368//2368 2359//2359
f 2352//2352 2353//2353 2359//2359
f 2353//2353 2360//2360 2368//2368
f 1247//1247 2361//2361 2360//2360
f 1248//1248 2362//2362 2361//2361
f 1249//1249 2363//2363 2362//2362
f 1250//1250 2364//2364 2363//2363
f 1251//1251 2365//2365 2364//2364
f 1252//1252 2366//2366 2365//2365
f 1253//1253 2367//2367 2366//2366
f 2367//2367 2478//2478 2375//2375
f 2360//2360 2369//2369 2368//2368
f 2361//2361 2370//2370 2369//2369
f 2360//2360 2361//2361 2369//2369
f 2361//2361 2362//2362 2370//2370
f 2362//2362 2371//2371 2370//2370
f 2363//2363 2372//2372 2371//2371
f 2362//2362 2363//2363 2371//2371
f 2364//2364 2373//2373 2372//2372
f 2363//2363 2364//2364 2372//2372
f 2364//2364 2365//2365 2373//2373
f 2365//2365 2374//2374 2373//2373
f 2366//2366 2375//2375 2374//2374
f 2365//2365 2366//2366 2374//2374
f 2366//2366 2367//2367 2375//2375
f 2375//2375 2478//2478 2480//2480
f 2375//2375 2480//2480 2481//2481
f 2367//2367 1410//1410 1402//1402
f 2367//2367 2476//2476 2478//2478
f 2367//2367 1402//1402 2476//2476
f 2367//2367 1408//1408 1410//1410
f 2375//2375 2481//2481 2482//2482
f 2375//2375 2482//2482 2483//2483
f 2375//2375 2483//2483 2484//2484
f 2375//2375 2484//2484 2485//2485
f 2375//2375 2485//2485 2488//2488
f 2375//2375 2488//2488 2489//2489
f 2375//2375 2489//2489 2490//2490
f 2375//2375 2490//2490 2505//2505
f 2375//2375 2505//2505 2519//2519
f 2375//2375 2519//2519 2521//2521
f 2179//2179 2375//2375 2521//2521
f 1226//1226 2267//2267 1334//1334
f 1334//1334 2376//2376 1337//1337
f 1334//1334 2267//2267 2376//2376
f 1337//1337 2376//2376 2377//2377
f 1337//1337 2377//2377 1338//1338
f 1338//1338 2378//2378 1343//1343
f 1338//1338 2377//2377 2378//2378
f 2267//2267 2269//2269 2376//2376
f 2376//2376 2379//2379 2377//2377
f 2269//2269 2379//2379 2376//2376
f 2377//2377 2379//2379 2380//2380
f 2377//2377 2380//2380 2378//2378
f 2378//2378 2381//2381 2382//2382
f 2378//2378 2380//2380 2381//2381
f 1343//1343 2382//2382 1345//1345
f 1343//1343 2378//2378 2382//2382
f 1345//1345 2382//2382 2383//2383
f 1345//1345 2383//2383 1347//1347
f 1347//1347 2384//2384 1492//1492
f 1347//1347 2383//2383 2384//2384
f 1492//1492 2384//2384 2598//2598
f 2382//2382 2385//2385 2383//2383
f 2381//2381 2385//2385 2382//2382
f 2383//2383 2385//2385 2386//2386
f 2383//2383 2386//2386 2384//2384
f 2384//2384 2387//2387 2598//2598
f 2384//2384 2386//2386 2387//2387
f 2387//2387 2600//2600 2598//2598
f 2269//2269 2285//2285 2379//2379
f 2379//2379 2388//2388 2380//2380
f 2285//2285 2388//2388 2379//2379
f 2380//2380 2388//2388 2389//2389
f 2380//2380 2389//2389 2381//2381
f 2381//2381 2390//2390 2385//2385
f 2381//2381 2389//2389 2390//2390
f 2284//2284 2388//2388 2285//2285
f 2284//2284 2391//2391 2388//2388
f 2388//2388 2391//2391 2389//2389
f 2389//2389 2391//2391 2392//2392
f 2389//2389 2392//2392 2390//2390
f 2390//2390 2393//2393 2394//2394
f 2390//2390 2392//2392 2393//2393
f 2385//2385 2394//2394 2386//2386
f 2385//2385 2390//2390 2394//2394
f 2386//2386 2394//2394 2395//2395
f 2386//2386 2395//2395 2387//2387
f 2387//2387 2395//2395 2396//2396
f 2387//2387 2396//2396 2600//2600
f 2396//2396 2696//2696 2600//2600
f 2394//2394 2397//2397 2395//2395
f 2393//2393 2397//2397 2394//2394
f 2395//2395 2397//2397 2398//2398
f 2395//2395 2398//2398 2396//2396
f 2396//2396 2399//2399 2696//2696
f 2396//2396 2398//2398 2399//2399
f 2399//2399 2702//2702 2696//2696
f 2477//2477 2476//2476 1402//1402
f 2478//2478 2479//2479 2480//2480
f 2486//2486 2494//2494 2487//2487
f 2491//2491 2505//2505 2490//2490
f 2491//2491 2492//2492 2505//2505
f 2493//2493 2505//2505 2492//2492
f 2494//2494 2496//2496 2487//2487
f 2494//2494 2495//2495 2496//2496
f 2496//2496 2495//2495 2501//2501
f 2497//2497 2501//2501 2495//2495
f 2496//2496 2501//2501 2504//2504
f 2504//2504 2501//2501 2502//2502
f 2502//2502 2509//2509 2504//2504
f 2498//2498 2499//2499 2497//2497
f 2498//2498 2500//2500 2499//2499
f 2501//2501 2497//2497 2499//2499
f 2502//2502 2511//2511 2509//2509
f 2502//2502 2512//2512 2511//2511
f 2502//2502 2513//2513 2512//2512
f 2502//2502 2514//2514 2513//2513
f 2503//2503 2514//2514 2502//2502
f 2493//2493 2504//2504 2505//2505
f 2504//2504 2509//2509 2505//2505
f 2505//2505 2509//2509 2506//2506
f 2507//2507 2506//2506 2510//2510
f 2510//2510 2506//2506 2509//2509
f 2507//2507 2510//2510 2515//2515
f 2507//2507 2515//2515 2516//2516
f 2516//2516 2515//2515 2517//2517
f 2522//2522 2516//2516 2517//2517
f 2522//2522 2517//2517 2518//2518
f 2521//2521 2519//2519 2520//2520
f 2518//2518 2523//2523 2522//2522
f 2518//2518 2524//2524 2523//2523
f 2525//2525 2523//2523 2524//2524
f 2525//2525 2524//2524 2526//2526
f 1492//1492 2598//2598 1493//1493
f 1493//1493 2599//2599 1494//1494
f 1493//1493 2598//2598 2599//2599
f 1494//1494 2599//2599 2604//2604
f 1494//1494 2604//2604 1495//1495
f 1495//1495 2605//2605 1506//1506
f 1495//1495 2604//2604 2605//2605
f 2598//2598 2600//2600 2599//2599
f 2599//2599 2694//2694 2604//2604
f 2599//2599 2600//2600 2694//2694
f 2604//2604 2694//2694 2700//2700
f 2604//2604 2700//2700 2605//2605
f 2605//2605 2701//2701 2651//2651
f 2605//2605 2700//2700 2701//2701
f 2607//2607 2610//2610 2608//2608
f 2609//2609 2606//2606 2608//2608
f 2609//2609 2514//2514 2503//2503
f 2620//2620 2619//2619 2621//2621
f 2526//2526 2524//2524 2626//2626
f 2627//2627 2629//2629 2626//2626
f 2526//2526 2626//2626 2528//2528
f 2626//2626 2628//2628 2528//2528
f 2628//2628 2626//2626 2629//2629
f 2628//2628 2629//2629 2630//2630
f 2629//2629 2631//2631 2630//2630
f 2630//2630 2631//2631 2635//2635
f 2631//2631 2636//2636 2635//2635
f 2632//2632 2633//2633 2631//2631
f 2631//2631 2633//2633 2636//2636
f 2633//2633 2634//2634 2640//2640
f 2642//2642 2641//2641 2634//2634
f 2633//2633 2639//2639 2636//2636
f 2638//2638 2633//2633 2640//2640
f 2639//2639 2633//2633 2638//2638
f 2641//2641 2640//2640 2634//2634
f 2642//2642 2643//2643 2641//2641
f 2645//2645 2647//2647 2644//2644
f 2648//2648 2647//2647 2645//2645
f 2646//2646 2649//2649 2645//2645
f 2648//2648 2645//2645 2649//2649
f 1506//1506 2651//2651 1507//1507
f 1506//1506 2605//2605 2651//2651
f 1507//1507 2651//2651 2652//2652
f 1479//1479 2654//2654 2653//2653
f 1479//1479 2655//2655 2654//2654
f 1479//1479 2656//2656 2655//2655
f 1507//1507 2652//2652 1508//1508
f 1479//1479 2657//2657 2656//2656
f 1479//1479 2659//2659 2657//2657
f 1479//1479 2660//2660 2659//2659
f 1479//1479 2663//2663 2660//2660
f 1479//1479 1509//1509 2727//2727
f 1508//1508 2661//2661 1509//1509
f 1508//1508 2652//2652 2661//2661
f 1479//1479 2664//2664 2663//2663
f 1479//1479 2665//2665 2664//2664
f 1479//1479 2729//2729 2665//2665
f 1509//1509 2661//2661 2662//2662
f 2651//2651 2719//2719 2652//2652
f 2651//2651 2701//2701 2719//2719
f 2652//2652 2719//2719 2720//2720
f 2658//2658 2657//2657 2659//2659
f 2652//2652 2720//2720 2661//2661
f 1509//1509 2662//2662 2727//2727
f 2661//2661 2726//2726 2662//2662
f 2661//2661 2720//2720 2726//2726
f 2662//2662 2726//2726 2727//2727
f 2600//2600 2696//2696 2694//2694
f 2694//2694 2703//2703 2700//2700
f 2694//2694 2696//2696 2703//2703
f 2700//2700 2703//2703 2704//2704
f 2700//2700 2704//2704 2701//2701
f 2701//2701 2705//2705 2719//2719
f 2701//2701 2704//2704 2705//2705
f 2696//2696 2702//2702 2703//2703
f 2702//2702 2758//2758 2703//2703
f 2703//2703 2758//2758 2704//2704
f 2704//2704 2758//2758 2761//2761
f 2704//2704 2761//2761 2705//2705
f 2705//2705 2762//2762 2730//2730
f 2705//2705 2761//2761 2762//2762
f 2719//2719 2730//2730 2720//2720
f 2705//2705 2730//2730 2719//2719
f 2720//2720 2730//2730 2731//2731
f 2720//2720 2731//2731 2726//2726
f 1479//1479 2789//2789 2729//2729
f 1479//1479 2727//2727 2789//2789
f 2726//2726 2732//2732 2727//2727
f 2726//2726 2731//2731 2732//2732
f 2727//2727 2732//2732 2733//2733
f 2730//2730 2768//2768 2731//2731
f 2730//2730 2762//2762 2768//2768
f 2731//2731 2768//2768 2769//2769
f 2789//2789 2718//2718 2721//2721
f 2789//2789 2721//2721 2722//2722
f 2789//2789 2722//2722 2723//2723
f 2789//2789 2723//2723 2724//2724
f 2789//2789 2724//2724 2725//2725
f 2789//2789 2725//2725 2728//2728
f 2731//2731 2769//2769 2732//2732
f 2727//2727 2733//2733 2771//2771
f 2732//2732 2770//2770 2733//2733
f 2732//2732 2769//2769 2770//2770
f 2789//2789 2728//2728 2729//2729
f 2733//2733 2770//2770 2771//2771
f 2284//2284 2333//2333 2391//2391
f 2333//2333 2734//2734 2391//2391
f 2391//2391 2734//2734 2392//2392
f 2392//2392 2734//2734 2735//2735
f 2333//2333 2337//2337 2734//2734
f 2734//2734 2737//2737 2735//2735
f 2337//2337 2737//2737 2734//2734
f 2735//2735 2737//2737 2738//2738
f 2337//2337 2344//2344 2737//2737
f 2737//2737 2746//2746 2738//2738
f 2735//2735 2738//2738 2736//2736
f 2736//2736 2739//2739 2742//2742
f 2736//2736 2738//2738 2739//2739
f 2738//2738 2747//2747 2739//2739
f 2739//2739 2748//2748 2740//2740
f 2392//2392 2735//2735 2393//2393
f 2393//2393 2736//2736 2397//2397
f 2393//2393 2735//2735 2736//2736
f 2739//2739 2740//2740 2742//2742
f 2740//2740 2741//2741 2743//2743
f 2397//2397 2742//2742 2398//2398
f 2397//2397 2736//2736 2742//2742
f 2398//2398 2742//2742 2743//2743
f 2398//2398 2743//2743 2399//2399
f 2399//2399 2744//2744 2702//2702
f 2399//2399 2743//2743 2744//2744
f 2702//2702 2744//2744 2759//2759
f 2740//2740 2743//2743 2742//2742
f 2741//2741 2744//2744 2743//2743
f 2741//2741 2745//2745 2744//2744
f 2744//2744 2745//2745 2759//2759
f 2745//2745 2763//2763 2759//2759
f 2344//2344 2347//2347 2746//2746
f 2347//2347 2749//2749 2746//2746
f 2746//2746 2749//2749 2747//2747
f 2344//2344 2746//2746 2737//2737
f 2738//2738 2746//2746 2747//2747
f 2739//2739 2747//2747 2748//2748
f 2747//2747 2750//2750 2748//2748
f 2748//2748 2751//2751 2752//2752
f 2319//2319 2749//2749 2347//2347
f 2747//2747 2749//2749 2750//2750
f 2319//2319 3123//3123 2749//2749
f 2749//2749 3123//3123 2750//2750
f 2750//2750 3123//3123 3124//3124
f 2748//2748 2750//2750 2751//2751
f 2750//2750 3124//3124 2751//2751
f 2751//2751 3124//3124 3125//3125
f 2751//2751 3125//3125 2755//2755
f 2740//2740 2748//2748 2752//2752
f 2740//2740 2752//2752 2741//2741
f 2741//2741 2752//2752 2753//2753
f 2752//2752 2755//2755 2753//2753
f 2741//2741 2753//2753 2745//2745
f 2745//2745 2753//2753 2754//2754
f 2745//2745 2754//2754 2763//2763
f 2754//2754 2776//2776 2763//2763
f 2753//2753 2756//2756 2754//2754
f 2755//2755 3125//3125 3126//3126
f 2755//2755 3126//3126 2756//2756
f 2751//2751 2755//2755 2752//2752
f 2753//2753 2755//2755 2756//2756
f 2756//2756 3127//3127 2757//2757
f 2754//2754 2756//2756 2757//2757
f 2757//2757 2779//2779 2776//2776
f 2754//2754 2757//2757 2776//2776
f 2757//2757 3128//3128 2779//2779
f 3188//3188 2521//2521 2527//2527
f 3188//3188 2527//2527 2529//2529
f 3188//3188 2529//2529 2530//2530
f 3188//3188 2530//2530 2531//2531
f 3188//3188 2531//2531 2532//2532
f 3188//3188 2532//2532 2534//2534
f 3188//3188 2534//2534 2706//2706
f 3188//3188 2706//2706 2707//2707
f 3188//3188 2707//2707 2708//2708
f 3188//3188 2708//2708 2709//2709
f 3188//3188 2709//2709 2710//2710
f 3188//3188 2710//2710 2711//2711
f 3188//3188 2711//2711 2712//2712
f 3188//3188 2712//2712 2713//2713
f 2702//2702 2759//2759 2758//2758
f 2758//2758 2760//2760 2761//2761
f 2758//2758 2759//2759 2760//2760
f 2760//2760 2765//2765 2761//2761
f 2762//2762 2765//2765 2766//2766
f 2761//2761 2765//2765 2762//2762
f 2762//2762 2766//2766 2768//2768
f 2759//2759 2763//2763 2760//2760
f 2760//2760 2764//2764 2765//2765
f 2760//2760 2763//2763 2764//2764
f 2764//2764 2767//2767 2765//2765
f 2765//2765 2767//2767 2766//2766
f 2766//2766 2783//2783 2772//2772
f 2766//2766 2767//2767 2783//2783
f 3188//3188 2713//2713 2714//2714
f 3188//3188 2714//2714 2715//2715
f 3188//3188 2715//2715 2716//2716
f 3188//3188 2716//2716 2717//2717
f 3188//3188 2717//2717 2718//2718
f 2768//2768 2772//2772 2769//2769
f 2766//2766 2772//2772 2768//2768
f 2769//2769 2772//2772 2773//2773
f 2769//2769 2773//2773 2770//2770
f 2727//2727 2771//2771 2789//2789
f 2770//2770 2774//2774 2771//2771
f 2770//2770 2773//2773 2774//2774
f 2771//2771 2774//2774 2775//2775
f 2772//2772 2786//2786 2773//2773
f 2772//2772 2783//2783 2786//2786
f 2773//2773 2786//2786 2787//2787
f 2774//2774 2787//2787 2788//2788
f 2775//2775 2788//2788 2789//2789
f 2773//2773 2787//2787 2774//2774
f 2771//2771 2775//2775 2789//2789
f 2774//2774 2788//2788 2775//2775
f 2764//2764 2776//2776 2777//2777
f 2776//2776 2779//2779 2777//2777
f 2777//2777 2779//2779 2780//2780
f 2777//2777 2780//2780 2778//2778
f 2778//2778 2780//2780 2781//2781
f 2779//2779 3148//3148 2780//2780
f 2778//2778 2781//2781 2784//2784
f 2782//2782 2790//2790 2784//2784
f 2781//2781 2782//2782 2784//2784
f 2763//2763 2776//2776 2764//2764
f 2764//2764 2777//2777 2767//2767
f 2767//2767 2777//2777 2778//2778
f 2767//2767 2778//2778 2783//2783
f 2783//2783 2784//2784 2786//2786
f 2778//2778 2784//2784 2783//2783
f 2782//2782 2785//2785 2790//2790
f 2785//2785 3156//3156 2791//2791
f 2789//2789 3188//3188 2718//2718
f 2789//2789 3160//3160 3166//3166
f 2786//2786 2790//2790 2787//2787
f 2784//2784 2790//2790 2786//2786
f 2787//2787 2790//2790 2791//2791
f 2787//2787 2791//2791 2788//2788
f 2788//2788 2792//2792 2789//2789
f 2788//2788 2791//2791 2792//2792
f 2789//2789 2792//2792 2793//2793
f 2785//2785 2791//2791 2790//2790
f 2791//2791 3156//3156 2792//2792
f 2789//2789 2793//2793 3160//3160
f 2792//2792 3159//3159 2793//2793
f 2792//2792 3156//3156 3159//3159
f 2793//2793 3159//3159 3160//3160
f 2794//2794 2799//2799 2795//2795
f 2797//2797 2798//2798 2803//2803
f 2796//2796 2797//2797 2802//2802
f 2795//2795 2805//2805 2798//2798
f 2795//2795 2799//2799 2805//2805
f 2794//2794 2843//2843 2799//2799
f 2799//2799 2843//2843 2800//2800
f 2800//2800 2843//2843 2845//2845
f 2800//2800 2845//2845 2801//2801
f 2797//2797 2803//2803 2802//2802
f 2802//2802 2803//2803 2930//2930
f 2803//2803 2804//2804 2930//2930
f 2804//2804 2931//2931 2930//2930
f 2804//2804 2808//2808 2931//2931
f 2808//2808 2956//2956 2931//2931
f 2808//2808 2811//2811 2956//2956
f 2799//2799 2806//2806 2805//2805
f 2798//2798 2805//2805 2803//2803
f 2804//2804 2805//2805 2806//2806
f 2799//2799 2800//2800 2806//2806
f 2803//2803 2805//2805 2804//2804
f 2806//2806 2807//2807 2808//2808
f 2807//2807 2809//2809 2811//2811
f 2800//2800 2801//2801 2807//2807
f 2800//2800 2807//2807 2806//2806
f 2801//2801 2809//2809 2807//2807
f 2801//2801 2891//2891 2809//2809
f 2804//2804 2806//2806 2808//2808
f 2807//2807 2811//2811 2808//2808
f 2811//2811 2957//2957 2956//2956
f 2809//2809 2891//2891 2810//2810
f 2810//2810 2891//2891 2892//2892
f 2810//2810 2892//2892 2813//2813
f 2809//2809 2812//2812 2811//2811
f 2811//2811 2812//2812 2957//2957
f 2810//2810 2815//2815 2812//2812
f 2812//2812 2815//2815 2958//2958
f 2809//2809 2810//2810 2812//2812
f 2810//2810 2813//2813 2815//2815
f 2815//2815 2816//2816 2959//2959
f 2813//2813 2816//2816 2815//2815
f 2814//2814 2817//2817 2816//2816
f 2813//2813 2814//2814 2816//2816
f 2816//2816 2817//2817 2966//2966
f 2814//2814 2908//2908 2817//2817
f 2817//2817 2908//2908 2818//2818
f 2818//2818 2911//2911 2819//2819
f 2821//2821 2826//2826 2822//2822
f 2822//2822 2827//2827 2823//2823
f 2823//2823 2835//2835 2824//2824
f 2825//2825 2842//2842 2841//2841
f 2824//2824 2837//2837 2825//2825
f 2821//2821 2828//2828 2826//2826
f 2822//2822 2826//2826 2827//2827
f 2826//2826 2831//2831 2827//2827
f 2823//2823 2827//2827 2835//2835
f 2827//2827 2831//2831 2836//2836
f 2826//2826 2828//2828 2830//2830
f 2828//2828 2829//2829 2830//2830
f 2826//2826 2830//2830 2831//2831
f 2829//2829 2832//2832 2833//2833
f 2829//2829 2833//2833 2830//2830
f 2832//2832 2848//2848 2849//2849
f 2832//2832 2849//2849 2833//2833
f 2830//2830 2833//2833 2834//2834
f 2830//2830 2834//2834 2831//2831
f 2833//2833 2852//2852 2834//2834
f 2833//2833 2849//2849 2852//2852
f 2827//2827 2836//2836 2835//2835
f 2824//2824 2835//2835 2837//2837
f 2835//2835 2836//2836 2838//2838
f 2825//2825 2837//2837 2842//2842
f 2837//2837 2844//2844 2842//2842
f 2835//2835 2838//2838 2837//2837
f 2837//2837 2838//2838 2844//2844
f 2831//2831 2840//2840 2836//2836
f 2836//2836 2840//2840 2839//2839
f 2836//2836 2839//2839 2838//2838
f 2838//2838 2839//2839 2846//2846
f 2838//2838 2846//2846 2844//2844
f 2839//2839 2840//2840 2860//2860
f 2839//2839 2860//2860 2888//2888
f 2831//2831 2834//2834 2840//2840
f 2834//2834 2861//2861 2840//2840
f 2834//2834 2852//2852 2861//2861
f 2840//2840 2861//2861 2860//2860
f 2794//2794 2841//2841 2843//2843
f 2841//2841 2842//2842 2843//2843
f 2842//2842 2845//2845 2843//2843
f 2842//2842 2844//2844 2845//2845
f 2844//2844 2846//2846 2847//2847
f 2844//2844 2847//2847 2845//2845
f 2846//2846 2890//2890 2847//2847
f 2839//2839 2888//2888 2846//2846
f 2846//2846 2888//2888 2890//2890
f 2801//2801 2845//2845 2847//2847
f 2847//2847 2890//2890 2891//2891
f 2801//2801 2847//2847 2891//2891
f 2848//2848 2851//2851 2849//2849
f 2848//2848 2850//2850 2851//2851
f 2850//2850 2854//2854 2855//2855
f 2850//2850 2855//2855 2851//2851
f 2849//2849 2853//2853 2852//2852
f 2849//2849 2851//2851 2853//2853
f 2851//2851 2855//2855 2858//2858
f 2851//2851 2858//2858 2853//2853
f 2854//2854 2857//2857 2855//2855
f 2854//2854 2856//2856 2857//2857
f 2856//2856 2869//2869 2857//2857
f 2855//2855 2859//2859 2858//2858
f 2855//2855 2857//2857 2859//2859
f 2857//2857 2870//2870 2859//2859
f 2860//2860 2863//2863 2889//2889
f 2852//2852 2862//2862 2861//2861
f 2852//2852 2853//2853 2862//2862
f 2861//2861 2862//2862 2863//2863
f 2853//2853 2858//2858 2864//2864
f 2853//2853 2864//2864 2862//2862
f 2862//2862 2864//2864 2866//2866
f 2860//2860 2861//2861 2863//2863
f 2862//2862 2866//2866 2863//2863
f 2863//2863 2866//2866 2894//2894
f 2864//2864 2865//2865 2867//2867
f 2858//2858 2865//2865 2864//2864
f 2858//2858 2859//2859 2865//2865
f 2859//2859 2872//2872 2865//2865
f 2864//2864 2867//2867 2866//2866
f 2865//2865 2874//2874 2867//2867
f 2866//2866 2867//2867 2897//2897
f 2856//2856 2868//2868 2869//2869
f 2868//2868 2880//2880 2869//2869
f 2857//2857 2869//2869 2870//2870
f 2869//2869 2871//2871 2870//2870
f 2869//2869 2880//2880 2871//2871
f 2859//2859 2870//2870 2872//2872
f 2870//2870 2873//2873 2872//2872
f 2870//2870 2871//2871 2873//2873
f 2867//2867 2874//2874 2901//2901
f 2874//2874 2875//2875 2902//2902
f 2865//2865 2872//2872 2874//2874
f 2872//2872 2875//2875 2874//2874
f 2872//2872 2873//2873 2875//2875
f 2871//2871 2876//2876 2873//2873
f 2873//2873 2877//2877 2875//2875
f 2873//2873 2876//2876 2877//2877
f 2875//2875 2877//2877 2904//2904
f 2876//2876 2878//2878 2877//2877
f 2876//2876 2887//2887 2878//2878
f 2868//2868 2879//2879 2880//2880
f 2879//2879 2881//2881 2882//2882
f 2879//2879 2882//2882 2880//2880
f 2881//2881 2883//2883 2884//2884
f 2881//2881 2884//2884 2882//2882
f 2880//2880 2882//2882 2885//2885
f 2871//2871 2880//2880 2885//2885
f 2882//2882 2884//2884 2886//2886
f 2882//2882 2886//2886 2885//2885
f 2871//2871 2885//2885 2876//2876
f 2876//2876 2885//2885 2887//2887
f 2885//2885 2886//2886 2887//2887
f 2860//2860 2889//2889 2888//2888
f 2888//2888 2893//2893 2890//2890
f 2888//2888 2889//2889 2893//2893
f 2863//2863 2894//2894 2889//2889
f 2889//2889 2895//2895 2893//2893
f 2889//2889 2894//2894 2895//2895
f 2890//2890 2893//2893 2892//2892
f 2890//2890 2892//2892 2891//2891
f 2893//2893 2895//2895 2898//2898
f 2892//2892 2893//2893 2898//2898
f 2894//2894 2896//2896 2895//2895
f 2894//2894 2897//2897 2896//2896
f 2895//2895 2899//2899 2898//2898
f 2896//2896 2897//2897 2900//2900
f 2895//2895 2896//2896 2899//2899
f 2896//2896 2909//2909 2899//2899
f 2866//2866 2897//2897 2894//2894
f 2867//2867 2901//2901 2897//2897
f 2813//2813 2892//2892 2898//2898
f 2813//2813 2898//2898 2814//2814
f 2814//2814 2898//2898 2899//2899
f 2814//2814 2899//2899 2908//2908
f 2896//2896 2900//2900 2909//2909
f 2900//2900 2910//2910 2909//2909
f 2900//2900 2903//2903 2910//2910
f 2903//2903 2906//2906 2912//2912
f 2903//2903 2912//2912 2910//2910
f 2874//2874 2902//2902 2901//2901
f 2897//2897 2901//2901 2900//2900
f 2901//2901 2902//2902 2903//2903
f 2900//2900 2901//2901 2903//2903
f 2875//2875 2904//2904 2902//2902
f 2902//2902 2904//2904 2906//2906
f 2904//2904 2905//2905 2907//2907
f 2877//2877 2905//2905 2904//2904
f 2877//2877 2878//2878 2905//2905
f 2902//2902 2906//2906 2903//2903
f 2904//2904 2907//2907 2906//2906
f 2906//2906 2907//2907 2913//2913
f 2899//2899 2909//2909 2908//2908
f 2908//2908 2909//2909 2911//2911
f 2909//2909 2910//2910 2911//2911
f 2818//2818 2908//2908 2911//2911
f 2910//2910 2914//2914 2911//2911
f 2910//2910 2912//2912 2914//2914
f 2906//2906 2913//2913 2912//2912
f 2912//2912 2915//2915 2914//2914
f 2912//2912 2913//2913 2915//2915
f 2819//2819 2911//2911 2914//2914
f 2820//2820 2914//2914 2915//2915
f 2819//2819 2914//2914 2820//2820
f 2916//2916 2918//2918 2919//2919
f 2917//2917 2924//2924 2918//2918
f 2796//2796 2922//2922 2917//2917
f 2293//2293 2916//2916 2299//2299
f 2299//2299 2916//2916 2919//2919
f 2918//2918 2924//2924 2919//2919
f 2919//2919 2924//2924 2920//2920
f 2920//2920 2925//2925 2921//2921
f 2802//2802 2923//2923 2922//2922
f 2917//2917 2922//2922 2924//2924
f 2922//2922 2923//2923 2925//2925
f 2922//2922 2925//2925 2924//2924
f 2920//2920 2924//2924 2925//2925
f 2923//2923 2926//2926 2927//2927
f 2921//2921 2925//2925 2927//2927
f 2921//2921 2927//2927 2938//2938
f 2927//2927 2932//2932 2938//2938
f 2923//2923 2927//2927 2925//2925
f 2926//2926 2932//2932 2927//2927
f 2926//2926 2954//2954 2932//2932
f 2299//2299 2919//2919 2928//2928
f 2919//2919 2920//2920 2928//2928
f 2920//2920 2929//2929 2928//2928
f 2921//2921 2936//2936 2929//2929
f 2920//2920 2921//2921 2929//2929
f 2921//2921 2938//2938 2936//2936
f 2796//2796 2802//2802 2922//2922
f 2802//2802 2930//2930 2923//2923
f 2923//2923 2930//2930 2926//2926
f 2926//2926 2930//2930 2931//2931
f 2931//2931 2956//2956 2954//2954
f 2926//2926 2931//2931 2954//2954
f 2932//2932 2939//2939 2938//2938
f 2932//2932 2933//2933 2939//2939
f 2933//2933 2934//2934 2942//2942
f 2932//2932 2954//2954 2933//2933
f 2933//2933 2954//2954 2955//2955
f 2933//2933 2955//2955 2934//2934
f 2934//2934 2960//2960 2935//2935
f 2934//2934 2935//2935 2943//2943
f 2936//2936 2938//2938 2937//2937
f 2937//2937 2938//2938 2939//2939
f 2939//2939 2942//2942 2940//2940
f 2937//2937 2939//2939 2940//2940
f 2314//2314 2937//2937 2940//2940
f 2940//2940 2942//2942 2941//2941
f 2941//2941 2943//2943 2946//2946
f 2941//2941 2942//2942 2943//2943
f 2315//2315 2940//2940 2941//2941
f 2933//2933 2942//2942 2939//2939
f 2934//2934 2943//2943 2942//2942
f 2935//2935 2950//2950 2943//2943
f 2943//2943 2950//2950 2946//2946
f 2946//2946 2950//2950 2947//2947
f 2316//2316 2941//2941 2946//2946
f 2316//2316 2946//2946 2317//2317
f 2317//2317 2946//2946 2947//2947
f 2318//2318 2947//2947 2948//2948
f 2317//2317 2947//2947 2318//2318
f 2318//2318 2948//2948 2319//2319
f 2319//2319 2948//2948 2949//2949
f 2947//2947 2951//2951 2948//2948
f 2948//2948 2952//2952 2949//2949
f 2944//2944 2951//2951 2950//2950
f 2947//2947 2950//2950 2951//2951
f 2935//2935 2944//2944 2950//2950
f 2944//2944 2945//2945 2951//2951
f 2948//2948 2951//2951 2952//2952
f 2949//2949 2952//2952 2953//2953
f 2945//2945 2952//2952 2951//2951
f 2945//2945 2970//2970 2952//2952
f 2953//2953 2970//2970 2971//2971
f 2952//2952 2970//2970 2953//2953
f 2954//2954 2956//2956 2955//2955
f 2955//2955 2957//2957 2960//2960
f 2955//2955 2956//2956 2957//2957
f 2812//2812 2958//2958 2957//2957
f 2957//2957 2958//2958 2960//2960
f 2934//2934 2955//2955 2960//2960
f 2958//2958 2961//2961 2960//2960
f 2958//2958 2959//2959 2961//2961
f 2959//2959 2962//2962 2961//2961
f 2935//2935 2960//2960 2961//2961
f 2935//2935 2961//2961 2944//2944
f 2815//2815 2959//2959 2958//2958
f 2816//2816 2966//2966 2959//2959
f 2959//2959 2966//2966 2962//2962
f 2963//2963 2966//2966 2967//2967
f 2944//2944 2961//2961 2962//2962
f 2944//2944 2962//2962 2945//2945
f 2945//2945 2962//2962 2963//2963
f 2962//2962 2966//2966 2963//2963
f 2945//2945 2963//2963 2970//2970
f 2963//2963 2964//2964 2970//2970
f 2964//2964 2971//2971 2970//2970
f 2963//2963 2967//2967 2964//2964
f 2964//2964 2968//2968 2965//2965
f 2964//2964 2965//2965 2971//2971
f 2817//2817 2967//2967 2966//2966
f 2817//2817 2818//2818 2967//2967
f 2818//2818 2968//2968 2967//2967
f 2964//2964 2967//2967 2968//2968
f 2965//2965 2968//2968 2969//2969
f 2818//2818 2819//2819 2968//2968
f 2819//2819 2969//2969 2968//2968
f 2819//2819 2820//2820 2969//2969
f 2179//2179 2521//2521 3188//3188
f 2878//2878 2887//2887 2982//2982
f 2883//2883 2973//2973 2972//2972
f 2883//2883 2972//2972 2884//2884
f 2973//2973 2975//2975 2976//2976
f 2972//2972 2973//2973 2976//2976
f 2884//2884 2972//2972 2974//2974
f 2884//2884 2974//2974 2886//2886
f 2972//2972 2979//2979 2974//2974
f 2972//2972 2976//2976 2979//2979
f 2975//2975 2978//2978 2976//2976
f 2975//2975 2977//2977 2978//2978
f 2977//2977 2988//2988 2978//2978
f 2976//2976 2980//2980 2979//2979
f 2976//2976 2978//2978 2980//2980
f 2978//2978 2989//2989 2980//2980
f 2886//2886 2974//2974 2981//2981
f 2886//2886 2981//2981 2887//2887
f 2974//2974 2979//2979 2983//2983
f 2974//2974 2983//2983 2981//2981
f 2887//2887 2981//2981 2982//2982
f 2981//2981 2983//2983 2985//2985
f 2981//2981 2985//2985 2982//2982
f 2979//2979 2984//2984 2983//2983
f 2979//2979 2980//2980 2984//2984
f 2980//2980 2996//2996 2984//2984
f 2983//2983 2986//2986 2985//2985
f 2983//2983 2984//2984 2986//2986
f 2984//2984 2998//2998 2986//2986
f 2977//2977 2987//2987 2988//2988
f 2987//2987 2992//2992 2988//2988
f 2987//2987 2991//2991 2992//2992
f 2978//2978 2988//2988 2989//2989
f 2988//2988 2990//2990 2989//2989
f 2988//2988 2992//2992 2990//2990
f 2990//2990 2992//2992 2995//2995
f 2991//2991 2993//2993 2994//2994
f 2991//2991 2994//2994 2992//2992
f 2993//2993 3026//3026 3028//3028
f 2993//2993 3028//3028 2994//2994
f 2992//2992 2994//2994 2995//2995
f 2994//2994 3028//3028 3029//3029
f 2994//2994 3029//3029 2995//2995
f 2980//2980 2989//2989 2996//2996
f 2989//2989 2997//2997 2996//2996
f 2989//2989 2990//2990 2997//2997
f 2984//2984 2996//2996 2998//2998
f 2996//2996 2999//2999 2998//2998
f 2996//2996 2997//2997 2999//2999
f 2990//2990 2995//2995 3000//3000
f 2990//2990 3000//3000 2997//2997
f 2995//2995 3036//3036 3000//3000
f 2997//2997 3000//3000 3001//3001
f 2997//2997 3001//3001 2999//2999
f 3000//3000 3036//3036 3035//3035
f 3000//3000 3035//3035 3001//3001
f 2995//2995 3029//3029 3036//3036
f 2878//2878 3002//3002 2905//2905
f 2878//2878 2982//2982 3002//3002
f 2905//2905 3002//3002 3003//3003
f 2982//2982 3004//3004 3002//3002
f 3002//3002 3004//3004 3006//3006
f 2905//2905 3003//3003 2907//2907
f 2907//2907 3003//3003 3011//3011
f 3003//3003 3006//3006 3012//3012
f 3002//3002 3006//3006 3003//3003
f 3006//3006 3007//3007 3013//3013
f 3004//3004 3007//3007 3006//3006
f 3004//3004 3005//3005 3007//3007
f 3005//3005 3014//3014 3007//3007
f 2913//2913 3008//3008 2915//2915
f 2913//2913 3011//3011 3008//3008
f 3009//3009 3011//3011 3012//3012
f 3008//3008 3011//3011 3009//3009
f 2915//2915 3008//3008 3170//3170
f 2820//2820 2915//2915 3170//3170
f 3008//3008 3009//3009 3171//3171
f 3008//3008 3171//3171 3170//3170
f 3009//3009 3172//3172 3171//3171
f 3010//3010 3173//3173 3172//3172
f 3009//3009 3012//3012 3010//3010
f 3010//3010 3013//3013 3016//3016
f 3009//3009 3010//3010 3172//3172
f 2907//2907 3011//3011 2913//2913
f 3003//3003 3012//3012 3011//3011
f 3006//3006 3013//3013 3012//3012
f 3007//3007 3017//3017 3013//3013
f 3010//3010 3012//3012 3013//3013
f 3005//3005 3022//3022 3014//3014
f 3014//3014 3022//3022 3015//3015
f 3007//3007 3014//3014 3017//3017
f 3010//3010 3016//3016 3173//3173
f 3016//3016 3019//3019 3174//3174
f 3019//3019 3021//3021 3175//3175
f 3013//3013 3017//3017 3016//3016
f 3017//3017 3018//3018 3019//3019
f 3014//3014 3018//3018 3017//3017
f 3014//3014 3015//3015 3018//3018
f 3016//3016 3017//3017 3019//3019
f 3018//3018 3020//3020 3021//3021
f 3015//3015 3020//3020 3018//3018
f 3015//3015 3025//3025 3020//3020
f 3020//3020 3025//3025 3059//3059
f 3025//3025 3070//3070 3059//3059
f 3018//3018 3021//3021 3019//3019
f 3020//3020 3061//3061 3021//3021
f 3021//3021 3061//3061 3177//3177
f 3020//3020 3059//3059 3061//3061
f 2982//2982 2985//2985 3004//3004
f 2985//2985 3005//3005 3004//3004
f 2985//2985 2986//2986 3005//3005
f 2986//2986 3022//3022 3005//3005
f 2986//2986 2998//2998 3022//3022
f 2998//2998 3023//3023 3022//3022
f 2998//2998 2999//2999 3023//3023
f 3015//3015 3022//3022 3023//3023
f 2999//2999 3024//3024 3023//3023
f 2999//2999 3001//3001 3024//3024
f 3001//3001 3035//3035 3067//3067
f 3001//3001 3067//3067 3024//3024
f 3023//3023 3024//3024 3025//3025
f 3015//3015 3023//3023 3025//3025
f 3024//3024 3067//3067 3070//3070
f 3024//3024 3070//3070 3025//3025
f 3026//3026 3027//3027 3030//3030
f 3026//3026 3030//3030 3028//3028
f 3027//3027 3033//3033 3030//3030
f 3027//3027 3031//3031 3033//3033
f 3028//3028 3030//3030 3037//3037
f 3028//3028 3037//3037 3029//3029
f 3030//3030 3033//3033 3039//3039
f 3030//3030 3039//3039 3037//3037
f 3031//3031 3034//3034 3033//3033
f 3031//3031 3032//3032 3034//3034
f 3032//3032 3045//3045 3034//3034
f 3033//3033 3040//3040 3039//3039
f 3033//3033 3034//3034 3040//3040
f 3034//3034 3051//3051 3040//3040
f 3035//3035 3036//3036 3068//3068
f 3029//3029 3037//3037 3038//3038
f 3029//3029 3038//3038 3036//3036
f 3037//3037 3039//3039 3041//3041
f 3037//3037 3041//3041 3038//3038
f 3036//3036 3038//3038 3068//3068
f 3038//3038 3041//3041 3075//3075
f 3038//3038 3075//3075 3068//3068
f 3039//3039 3042//3042 3041//3041
f 3039//3039 3040//3040 3042//3042
f 3040//3040 3053//3053 3042//3042
f 3041//3041 3076//3076 3075//3075
f 3041//3041 3042//3042 3076//3076
f 3042//3042 3079//3079 3076//3076
f 2179//2179 3188//3188 3056//3056
f 3032//3032 3043//3043 3045//3045
f 3043//3043 3046//3046 3045//3045
f 3043//3043 3044//3044 3046//3046
f 3034//3034 3045//3045 3051//3051
f 3045//3045 3052//3052 3051//3051
f 3045//3045 3046//3046 3052//3052
f 3044//3044 3047//3047 3049//3049
f 3044//3044 3049//3049 3046//3046
f 2208//2208 3056//3056 3048//3048
f 3047//3047 3048//3048 3050//3050
f 3047//3047 3050//3050 3049//3049
f 3046//3046 3049//3049 3055//3055
f 3046//3046 3055//3055 3052//3052
f 3048//3048 3056//3056 3050//3050
f 3049//3049 3050//3050 3056//3056
f 3049//3049 3056//3056 3055//3055
f 3040//3040 3051//3051 3053//3053
f 3051//3051 3054//3054 3053//3053
f 3051//3051 3052//3052 3054//3054
f 3042//3042 3053//3053 3079//3079
f 3053//3053 3080//3080 3079//3079
f 3053//3053 3054//3054 3080//3080
f 3052//3052 3055//3055 3057//3057
f 3052//3052 3057//3057 3054//3054
f 3055//3055 3056//3056 3058//3058
f 3055//3055 3058//3058 3057//3057
f 3054//3054 3057//3057 3083//3083
f 3054//3054 3083//3083 3080//3080
f 3056//3056 3084//3084 3058//3058
f 3057//3057 3058//3058 3084//3084
f 3057//3057 3084//3084 3083//3083
f 3059//3059 3070//3070 3060//3060
f 3059//3059 3062//3062 3061//3061
f 3061//3061 3062//3062 3178//3178
f 3059//3059 3060//3060 3062//3062
f 3060//3060 3064//3064 3062//3062
f 3060//3060 3063//3063 3064//3064
f 3063//3063 3065//3065 3064//3064
f 3063//3063 3077//3077 3065//3065
f 3065//3065 3077//3077 3066//3066
f 3066//3066 3089//3089 3191//3191
f 3092//3092 3188//3188 3195//3195
f 3035//3035 3068//3068 3069//3069
f 3035//3035 3069//3069 3067//3067
f 3068//3068 3075//3075 3073//3073
f 3068//3068 3073//3073 3069//3069
f 3067//3067 3069//3069 3071//3071
f 3067//3067 3071//3071 3070//3070
f 3069//3069 3072//3072 3071//3071
f 3069//3069 3073//3073 3072//3072
f 3073//3073 3075//3075 3074//3074
f 3072//3072 3073//3073 3078//3078
f 3073//3073 3074//3074 3078//3078
f 3074//3074 3087//3087 3078//3078
f 3074//3074 3075//3075 3076//3076
f 3074//3074 3076//3076 3081//3081
f 3060//3060 3070//3070 3071//3071
f 3063//3063 3071//3071 3072//3072
f 3060//3060 3071//3071 3063//3063
f 3063//3063 3072//3072 3077//3077
f 3072//3072 3078//3078 3077//3077
f 3077//3077 3078//3078 3089//3089
f 3074//3074 3081//3081 3087//3087
f 3081//3081 3088//3088 3087//3087
f 3081//3081 3082//3082 3088//3088
f 3056//3056 3188//3188 3092//3092
f 3082//3082 3091//3091 3088//3088
f 3085//3085 3092//3092 3091//3091
f 3076//3076 3079//3079 3081//3081
f 3079//3079 3082//3082 3081//3081
f 3079//3079 3080//3080 3082//3082
f 3080//3080 3083//3083 3085//3085
f 3080//3080 3085//3085 3082//3082
f 3056//3056 3092//3092 3084//3084
f 3083//3083 3084//3084 3086//3086
f 3083//3083 3086//3086 3085//3085
f 3082//3082 3085//3085 3091//3091
f 3084//3084 3092//3092 3086//3086
f 3085//3085 3086//3086 3092//3092
f 3078//3078 3087//3087 3089//3089
f 3087//3087 3090//3090 3089//3089
f 3087//3087 3088//3088 3090//3090
f 3066//3066 3077//3077 3089//3089
f 3089//3089 3090//3090 3191//3191
f 3088//3088 3093//3093 3090//3090
f 3091//3091 3094//3094 3093//3093
f 3088//3088 3091//3091 3093//3093
f 3091//3091 3092//3092 3094//3094
f 3090//3090 3093//3093 3194//3194
f 3090//3090 3194//3194 3191//3191
f 3093//3093 3094//3094 3195//3195
f 3092//3092 3195//3195 3094//3094
f 3093//3093 3195//3195 3194//3194
f 2319//2319 2949//2949 3123//3123
f 3095//3095 3124//3124 3123//3123
f 2949//2949 3095//3095 3123//3123
f 3095//3095 3096//3096 3124//3124
f 3096//3096 3097//3097 3125//3125
f 2971//2971 3111//3111 3098//3098
f 2953//2953 2971//2971 3098//3098
f 3098//3098 3111//3111 3099//3099
f 2949//2949 2953//2953 3095//3095
f 2953//2953 3098//3098 3095//3095
f 3095//3095 3098//3098 3096//3096
f 3096//3096 3098//3098 3099//3099
f 3099//3099 3112//3112 3100//3100
f 3096//3096 3099//3099 3097//3097
f 3097//3097 3099//3099 3100//3100
f 3097//3097 3100//3100 3101//3101
f 3097//3097 3101//3101 3126//3126
f 3101//3101 3103//3103 3102//3102
f 3100//3100 3103//3103 3101//3101
f 3102//3102 3103//3103 3104//3104
f 3102//3102 3104//3104 3129//3129
f 3104//3104 3121//3121 3129//3129
f 3121//3121 3152//3152 3129//3129
f 3121//3121 3132//3132 3152//3152
f 2965//2965 3111//3111 2971//2971
f 2965//2965 3105//3105 3111//3111
f 3105//3105 3109//3109 3112//3112
f 3109//3109 3110//3110 3113//3113
f 2820//2820 3170//3170 3106//3106
f 2820//2820 3106//3106 2969//2969
f 3107//3107 3170//3170 3171//3171
f 3106//3106 3170//3170 3107//3107
f 2965//2965 2969//2969 3105//3105
f 2969//2969 3106//3106 3105//3105
f 3105//3105 3106//3106 3109//3109
f 3106//3106 3107//3107 3109//3109
f 3107//3107 3171//3171 3108//3108
f 3108//3108 3172//3172 3116//3116
f 3107//3107 3110//3110 3109//3109
f 3107//3107 3108//3108 3110//3110
f 3108//3108 3114//3114 3110//3110
f 3099//3099 3111//3111 3112//3112
f 3105//3105 3112//3112 3111//3111
f 3100//3100 3112//3112 3113//3113
f 3100//3100 3113//3113 3103//3103
f 3109//3109 3113//3113 3112//3112
f 3110//3110 3118//3118 3113//3113
f 3114//3114 3116//3116 3115//3115
f 3108//3108 3116//3116 3114//3114
f 3115//3115 3116//3116 3117//3117
f 3117//3117 3176//3176 3122//3122
f 3115//3115 3117//3117 3122//3122
f 3122//3122 3176//3176 3136//3136
f 3136//3136 3176//3176 3179//3179
f 3103//3103 3113//3113 3118//3118
f 3104//3104 3118//3118 3119//3119
f 3110//3110 3114//3114 3118//3118
f 3114//3114 3119//3119 3118//3118
f 3103//3103 3118//3118 3104//3104
f 3119//3119 3120//3120 3121//3121
f 3115//3115 3120//3120 3119//3119
f 3120//3120 3122//3122 3130//3130
f 3104//3104 3119//3119 3121//3121
f 3120//3120 3132//3132 3121//3121
f 3120//3120 3130//3130 3132//3132
f 3114//3114 3115//3115 3119//3119
f 3115//3115 3122//3122 3120//3120
f 3122//3122 3136//3136 3130//3130
f 3096//3096 3125//3125 3124//3124
f 3097//3097 3126//3126 3125//3125
f 2756//2756 3126//3126 3127//3127
f 3101//3101 3127//3127 3126//3126
f 3101//3101 3102//3102 3127//3127
f 2757//2757 3127//3127 3128//3128
f 2779//2779 3128//3128 3148//3148
f 3102//3102 3128//3128 3127//3127
f 3102//3102 3129//3129 3128//3128
f 3128//3128 3129//3129 3148//3148
f 3129//3129 3152//3152 3148//3148
f 3132//3132 3153//3153 3152//3152
f 3132//3132 3133//3133 3153//3153
f 3133//3133 3134//3134 3154//3154
f 3136//3136 3179//3179 3137//3137
f 3137//3137 3180//3180 3138//3138
f 3130//3130 3133//3133 3132//3132
f 3131//3131 3134//3134 3133//3133
f 3130//3130 3131//3131 3133//3133
f 3131//3131 3140//3140 3134//3134
f 3134//3134 3140//3140 3135//3135
f 3135//3135 3140//3140 3141//3141
f 3135//3135 3141//3141 3142//3142
f 3131//3131 3136//3136 3137//3137
f 3130//3130 3136//3136 3131//3131
f 3137//3137 3138//3138 3140//3140
f 3131//3131 3137//3137 3140//3140
f 3138//3138 3141//3141 3140//3140
f 3139//3139 3144//3144 3141//3141
f 3138//3138 3182//3182 3139//3139
f 3138//3138 3139//3139 3141//3141
f 3141//3141 3144//3144 3142//3142
f 3142//3142 3144//3144 3167//3167
f 3145//3145 3168//3168 3167//3167
f 3146//3146 3169//3169 3168//3168
f 3143//3143 3145//3145 3144//3144
f 3139//3139 3143//3143 3144//3144
f 3143//3143 3196//3196 3145//3145
f 3144//3144 3145//3145 3167//3167
f 3146//3146 3196//3196 3197//3197
f 3147//3147 3197//3197 3198//3198
f 3145//3145 3146//3146 3168//3168
f 3147//3147 3188//3188 3166//3166
f 3146//3146 3147//3147 3169//3169
f 3145//3145 3196//3196 3146//3146
f 3146//3146 3197//3197 3147//3147
f 2780//2780 3148//3148 3149//3149
f 3148//3148 3152//3152 3149//3149
f 3149//3149 3153//3153 3150//3150
f 2780//2780 3149//3149 2781//2781
f 2781//2781 3149//3149 3150//3150
f 3150//3150 3154//3154 3151//3151
f 2781//2781 3150//3150 2782//2782
f 2782//2782 3151//3151 2785//2785
f 2782//2782 3150//3150 3151//3151
f 3149//3149 3152//3152 3153//3153
f 3150//3150 3153//3153 3154//3154
f 3133//3133 3154//3154 3153//3153
f 3151//3151 3155//3155 3157//3157
f 3151//3151 3154//3154 3155//3155
f 3134//3134 3155//3155 3154//3154
f 3135//3135 3163//3163 3155//3155
f 2785//2785 3151//3151 3157//3157
f 2785//2785 3157//3157 3156//3156
f 3156//3156 3157//3157 3158//3158
f 3156//3156 3158//3158 3159//3159
f 3159//3159 3161//3161 3160//3160
f 3158//3158 3161//3161 3159//3159
f 3160//3160 3161//3161 3162//3162
f 3160//3160 3162//3162 3166//3166
f 3155//3155 3163//3163 3157//3157
f 3158//3158 3163//3163 3164//3164
f 3142//3142 3164//3164 3163//3163
f 3157//3157 3163//3163 3158//3158
f 3161//3161 3164//3164 3165//3165
f 3162//3162 3165//3165 3166//3166
f 2789//2789 3166//3166 3188//3188
f 3158//3158 3164//3164 3161//3161
f 3161//3161 3165//3165 3162//3162
f 3134//3134 3135//3135 3155//3155
f 3135//3135 3142//3142 3163//3163
f 3142//3142 3167//3167 3164//3164
f 3164//3164 3167//3167 3165//3165
f 3165//3165 3167//3167 3168//3168
f 3165//3165 3168//3168 3166//3166
f 3166//3166 3168//3168 3169//3169
f 3147//3147 3166//3166 3169//3169
f 3108//3108 3171//3171 3172//3172
f 3116//3116 3172//3172 3173//3173
f 3116//3116 3173//3173 3117//3117
f 3117//3117 3173//3173 3174//3174
f 3016//3016 3174//3174 3173//3173
f 3117//3117 3174//3174 3176//3176
f 3174//3174 3175//3175 3176//3176
f 3019//3019 3175//3175 3174//3174
f 3021//3021 3177//3177 3175//3175
f 3175//3175 3177//3177 3179//3179
f 3175//3175 3179//3179 3176//3176
f 3061//3061 3178//3178 3177//3177
f 3177//3177 3178//3178 3180//3180
f 3178//3178 3181//3181 3182//3182
f 3177//3177 3180//3180 3179//3179
f 3137//3137 3179//3179 3180//3180
f 3178//3178 3182//3182 3180//3180
f 3138//3138 3180//3180 3182//3182
f 3181//3181 3184//3184 3183//3183
f 3139//3139 3182//3182 3183//3183
f 3181//3181 3183//3183 3182//3182
f 3183//3183 3184//3184 3185//3185
f 3062//3062 3181//3181 3178//3178
f 3062//3062 3064//3064 3181//3181
f 3064//3064 3184//3184 3181//3181
f 3064//3064 3065//3065 3184//3184
f 3065//3065 3189//3189 3184//3184
f 3139//3139 3183//3183 3143//3143
f 3143//3143 3183//3183 3185//3185
f 3185//3185 3186//3186 3196//3196
f 3184//3184 3189//3189 3185//3185
f 3185//3185 3189//3189 3186//3186
f 3186//3186 3190//3190 3187//3187
f 3187//3187 3192//3192 3188//3188
f 3066//3066 3190//3190 3189//3189
f 3065//3065 3066//3066 3189//3189
f 3066//3066 3191//3191 3190//3190
f 3186//3186 3189//3189 3190//3190
f 3190//3190 3191//3191 3192//3192
f 3192//3192 3194//3194 3193//3193
f 3188//3188 3193//3193 3195//3195
f 3191//3191 3194//3194 3192//3192
f 3193//3193 3194//3194 3195//3195
f 3187//3187 3190//3190 3192//3192
f 3188//3188 3192//3192 3193//3193
f 3143//3143 3185//3185 3196//3196
f 3186//3186 3187//3187 3197//3197
f 3186//3186 3197//3197 3196//3196
f 3187//3187 3198//3198 3197//3197
f 3187//3187 3188//3188 3198//3198
f 3147//3147 3198//3198 3188//3188
f 1348//1348 1368//1368 1367//1367
f 1348//1348 1367//1367 1416//1416
f 1348//1348 1416//1416 1349//1349
f 1348//1348 1448//1448 1368//1368
f 1348//1348 1349//1349 1448//1448
f 1448//1448 1349//1349 1469//1469
f 1448//1448 1390//1390 1368//1368
f 1448//1448 1480//1480 1390//1390
f 1390//1390 1480//1480 1496//1496
f 1390//1390 1496//1496 1434//1434
f 1364//1364 1371//1371 1373//1373
f 1364//1364 1413//1413 1371//1371
f 1364//1364 1373//1373 1420//1420
f 1371//1371 2434//2434 1373//1373
f 1371//1371 1396//1396 2434//2434
f 1371//1371 1397//1397 1396//1396
f 1396//1396 2435//2435 2434//2434
f 1397//1397 1398//1398 2437//2437
f 1397//1397 2437//2437 1396//1396
f 1396//1396 2437//2437 2436//2436
f 1398//1398 1439//1439 2437//2437
f 1364//1364 1420//1420 1413//1413
f 1371//1371 1413//1413 1418//1418
f 2437//2437 1439//1439 2498//2498
f 2434//2434 2435//2435 2498//2498
f 2435//2435 2436//2436 2498//2498
f 2436//2436 2437//2437 2498//2498
f 2434//2434 2498//2498 2497//2497
f 1353//1353 1354//1354 1356//1356
f 1353//1353 1356//1356 1355//1355
f 1355//1355 1356//1356 1363//1363
f 1354//1354 2406//2406 1356//1356
f 1353//1353 1405//1405 1354//1354
f 1353//1353 1355//1355 1407//1407
f 1353//1353 1407//1407 1405//1405
f 1354//1354 1405//1405 1406//1406
f 1354//1354 2414//2414 2406//2406
f 2406//2406 2414//2414 2413//2413
f 2413//2413 2414//2414 2417//2417
f 2413//2413 2417//2417 2488//2488
f 2416//2416 2488//2488 2417//2417
f 2415//2415 2420//2420 2416//2416
f 2420//2420 2488//2488 2416//2416
f 2413//2413 2488//2488 2485//2485
f 1374//1374 1375//1375 2422//2422
f 1374//1374 1421//1421 1375//1375
f 1375//1375 1421//1421 1422//1422
f 1375//1375 2423//2423 2422//2422
f 2421//2421 2422//2422 2490//2490
f 2422//2422 2423//2423 2490//2490
f 2423//2423 2424//2424 2490//2490
f 2421//2421 2490//2490 2489//2489
f 1351//1351 1359//1359 1358//1358
f 1351//1351 1352//1352 1359//1359
f 1359//1359 1352//1352 2405//2405
f 1351//1351 1403//1403 1352//1352
f 1351//1351 1358//1358 1409//1409
f 1352//1352 1403//1403 1404//1404
f 1351//1351 1409//1409 1403//1403
f 1352//1352 2411//2411 2405//2405
f 2405//2405 2411//2411 2410//2410
f 2410//2410 2411//2411 2484//2484
f 2411//2411 2412//2412 2484//2484
f 2410//2410 2484//2484 2483//2483
f 1360//1360 1362//1362 1361//1361
f 1360//1360 1361//1361 1410//1410
f 1360//1360 1410//1410 1362//1362
f 1362//1362 1410//1410 1412//1412
f 1361//1361 1411//1411 1410//1410
f 1361//1361 1362//1362 2407//2407
f 1362//1362 2408//2408 2407//2407
f 2407//2407 2408//2408 2482//2482
f 2408//2408 2409//2409 2482//2482
f 2407//2407 2482//2482 2481//2481
f 1393//1393 1394//1394 1401//1401
f 1401//1401 1394//1394 2443//2443
f 1393//1393 1401//1401 1442//1442
f 1393//1393 1442//1442 1437//1437
f 1391//1391 1481//1481 1394//1394
f 1481//1481 2443//2443 1394//1394
f 1481//1481 2535//2535 2443//2443
f 1391//1391 1435//1435 1481//1481
f 1481//1481 1435//1435 1497//1497
f 2443//2443 2535//2535 2539//2539
f 2535//2535 2536//2536 2539//2539
f 2443//2443 2539//2539 2609//2609
f 2536//2536 2606//2606 2539//2539
f 2443//2443 2609//2609 2503//2503
f 2539//2539 2606//2606 2609//2609
f 1377//1377 1378//1378 1381//1381
f 1378//1378 1382//1382 1381//1381
f 1377//1377 1424//1424 1378//1378
f 1381//1381 1382//1382 1429//1429
f 1382//1382 1383//1383 1429//1429
f 1378//1378 1424//1424 1425//1425
f 1381//1381 1429//1429 1428//1428
f 1380//1380 1395//1395 1387//1387
f 1395//1395 1389//1389 1387//1387
f 1386//1386 1387//1387 1389//1389
f 1386//1386 1389//1389 1388//1388
f 1395//1395 2431//2431 1389//1389
f 1380//1380 1427//1427 1395//1395
f 1386//1386 1388//1388 1433//1433
f 1395//1395 1438//1438 2431//2431
f 1386//1386 1433//1433 1432//1432
f 1395//1395 1427//1427 1438//1438
f 2431//2431 1438//1438 2494//2494
f 1389//1389 2431//2431 2418//2418
f 2418//2418 2431//2431 2494//2494
f 2418//2418 2494//2494 2486//2486
f 1384//1384 1430//1430 1385//1385
f 1385//1385 1430//1430 1431//1431
f 1384//1384 1385//1385 2426//2426
f 1385//1385 2427//2427 2426//2426
f 2425//2425 2426//2426 2492//2492
f 2426//2426 2427//2427 2492//2492
f 2427//2427 2428//2428 2492//2492
f 2425//2425 2492//2492 2491//2491
f 1446//1446 1459//1459 1447//1447
f 1447//1447 1459//1459 1466//1466
f 1447//1447 1466//1466 1463//1463
f 1447//1447 1463//1463 1468//1468
f 1459//1459 1460//1460 1466//1466
f 1463//1463 1466//1466 1465//1465
f 1463//1463 1467//1467 1468//1468
f 1446//1446 1447//1447 2537//2537
f 1447//1447 1484//1484 2537//2537
f 1484//1484 2540//2540 2537//2537
f 1484//1484 1485//1485 2540//2540
f 1485//1485 1500//1500 2540//2540
f 2540//2540 1500//1500 2610//2610
f 2537//2537 2540//2540 2610//2610
f 2537//2537 2610//2610 2607//2607
f 1449//1449 1471//1471 1450//1450
f 1449//1449 1470//1470 1471//1471
f 1449//1449 1450//1450 1482//1482
f 1450//1450 1483//1483 1482//1482
f 1450//1450 1471//1471 1483//1483
f 1482//1482 1483//1483 1499//1499
f 1483//1483 1471//1471 1499//1499
f 1482//1482 1499//1499 1498//1498
f 2400//2400 2401//2401 2402//2402
f 2401//2401 2403//2403 2402//2402
f 2400//2400 2476//2476 2401//2401
f 2400//2400 2402//2402 2478//2478
f 2402//2402 2403//2403 2479//2479
f 2400//2400 2478//2478 2476//2476
f 2401//2401 2476//2476 2477//2477
f 2402//2402 2479//2479 2478//2478
f 2419//2419 2433//2433 2430//2430
f 2433//2433 2444//2444 2430//2430
f 2419//2419 2487//2487 2433//2433
f 2429//2429 2430//2430 2504//2504
f 2433//2433 2496//2496 2444//2444
f 2430//2430 2444//2444 2504//2504
f 2429//2429 2504//2504 2493//2493
f 2433//2433 2487//2487 2496//2496
f 2444//2444 2496//2496 2504//2504
f 2438//2438 2439//2439 2440//2440
f 2439//2439 2441//2441 2440//2440
f 2438//2438 2499//2499 2439//2439
f 2438//2438 2440//2440 2501//2501
f 2440//2440 2441//2441 2502//2502
f 2441//2441 2442//2442 2502//2502
f 2438//2438 2501//2501 2499//2499
f 2439//2439 2499//2499 2500//2500
f 2440//2440 2502//2502 2501//2501
f 2449//2449 2451//2451 2450//2450
f 2451//2451 2453//2453 2450//2450
f 2449//2449 2509//2509 2451//2451
f 2449//2449 2450//2450 2510//2510
f 2450//2450 2453//2453 2515//2515
f 2449//2449 2510//2510 2509//2509
f 2451//2451 2509//2509 2511//2511
f 2450//2450 2515//2515 2510//2510
f 2508//2508 2512//2512 2513//2513
f 2456//2456 2457//2457 2464//2464
f 2458//2458 2514//2514 2452//2452
f 2456//2456 2464//2464 2524//2524
f 2456//2456 2524//2524 2518//2518
f 2452//2452 2541//2541 2457//2457
f 2464//2464 2457//2457 2541//2541
f 2464//2464 2541//2541 2557//2557
f 2452//2452 2514//2514 2541//2541
f 2464//2464 2557//2557 2626//2626
f 2557//2557 2558//2558 2626//2626
f 2541//2541 2514//2514 2611//2611
f 2464//2464 2626//2626 2524//2524
f 2445//2445 2446//2446 2459//2459
f 2446//2446 2448//2448 2447//2447
f 2446//2446 2447//2447 2459//2459
f 2445//2445 2505//2505 2446//2446
f 2445//2445 2459//2459 2519//2519
f 2446//2446 2506//2506 2448//2448
f 2447//2447 2460//2460 2459//2459
f 2459//2459 2460//2460 2520//2520
f 2446//2446 2505//2505 2506//2506
f 2445//2445 2519//2519 2505//2505
f 2448//2448 2506//2506 2507//2507
f 2459//2459 2520//2520 2519//2519
f 2462//2462 2463//2463 2469//2469
f 2463//2463 2466//2466 2465//2465
f 2463//2463 2465//2465 2471//2471
f 2463//2463 2471//2471 2469//2469
f 2468//2468 2469//2469 2471//2471
f 2465//2465 2472//2472 2471//2471
f 2462//2462 2522//2522 2463//2463
f 2463//2463 2523//2523 2466//2466
f 2468//2468 2471//2471 2529//2529
f 2471//2471 2472//2472 2530//2530
f 2463//2463 2522//2522 2523//2523
f 2466//2466 2523//2523 2525//2525
f 2468//2468 2529//2529 2527//2527
f 2471//2471 2530//2530 2529//2529
f 2474//2474 2475//2475 2533//2533
f 2474//2474 2533//2533 2534//2534
f 2474//2474 2534//2534 2532//2532
f 2470//2470 2561//2561 2475//2475
f 2533//2533 2475//2475 2561//2561
f 2533//2533 2561//2561 2666//2666
f 2470//2470 2528//2528 2561//2561
f 2561//2561 2528//2528 2628//2628
f 2533//2533 2666//2666 2706//2706
f 2666//2666 2667//2667 2706//2706
f 2533//2533 2706//2706 2534//2534
f 2542//2542 2543//2543 2560//2560
f 2543//2543 2562//2562 2560//2560
f 2542//2542 2612//2612 2543//2543
f 2543//2543 2563//2563 2562//2562
f 2559//2559 2560//2560 2562//2562
f 2559//2559 2562//2562 2629//2629
f 2562//2562 2563//2563 2631//2631
f 2563//2563 2566//2566 2631//2631
f 2543//2543 2612//2612 2613//2613
f 2559//2559 2629//2629 2627//2627
f 2562//2562 2631//2631 2629//2629
f 2544//2544 2547//2547 2565//2565
f 2545//2545 2565//2565 2546//2546
f 2546//2546 2565//2565 2567//2567
f 2544//2544 2614//2614 2547//2547
f 2547//2547 2568//2568 2565//2565
f 2547//2547 2569//2569 2568//2568
f 2565//2565 2568//2568 2567//2567
f 2567//2567 2568//2568 2633//2633
f 2568//2568 2569//2569 2634//2634
f 2569//2569 2570//2570 2634//2634
f 2547//2547 2614//2614 2615//2615
f 2567//2567 2633//2633 2632//2632
f 2568//2568 2634//2634 2633//2633
f 2548//2548 2549//2549 2550//2550
f 2549//2549 2577//2577 2550//2550
f 2548//2548 2616//2616 2549//2549
f 2550//2550 2577//2577 2575//2575
f 2549//2549 2579//2579 2577//2577
f 2575//2575 2577//2577 2576//2576
f 2577//2577 2579//2579 2578//2578
f 2575//2575 2576//2576 2643//2643
f 2578//2578 2579//2579 2645//2645
f 2579//2579 2580//2580 2645//2645
f 2549//2549 2616//2616 2617//2617
f 2575//2575 2643//2643 2642//2642
f 2578//2578 2645//2645 2644//2644
f 2551//2551 2552//2552 2582//2582
f 2551//2551 2618//2618 2552//2552
f 2552//2552 2619//2619 2553//2553
f 2552//2552 2553//2553 2681//2681
f 2552//2552 2681//2681 2582//2582
f 2581//2581 2582//2582 2585//2585
f 2582//2582 2681//2681 2585//2585
f 2553//2553 2682//2682 2681//2681
f 2581//2581 2585//2585 2649//2649
f 2552//2552 2618//2618 2619//2619
f 2553//2553 2619//2619 2620//2620
f 2581//2581 2649//2649 2646//2646
f 2681//2681 2682//2682 2716//2716
f 2681//2681 2716//2716 2715//2715
f 2554//2554 2621//2621 2555//2555
f 2555//2555 2622//2622 2556//2556
f 2554//2554 2555//2555 2684//2684
f 2555//2555 2556//2556 2684//2684
f 2556//2556 2685//2685 2684//2684
f 2555//2555 2621//2621 2622//2622
f 2556//2556 2622//2622 2623//2623
f 2683//2683 2684//2684 2718//2718
f 2684//2684 2685//2685 2718//2718
f 2683//2683 2718//2718 2717//2717
f 2587//2587 2588//2588 2590//2590
f 2587//2587 2590//2590 2589//2589
f 2588//2588 2591//2591 2590//2590
f 2587//2587 2589//2589 2687//2687
f 2589//2589 2593//2593 2687//2687
f 2590//2590 2688//2688 2593//2593
f 2590//2590 2591//2591 2688//2688
f 2587//2587 2653//2653 2588//2588
f 2588//2588 2654//2654 2591//2591
f 2588//2588 2653//2653 2654//2654
f 2591//2591 2654//2654 2655//2655
f 2593//2593 2688//2688 2687//2687
f 2686//2686 2687//2687 2722//2722
f 2687//2687 2688//2688 2722//2722
f 2686//2686 2722//2722 2721//2721
f 2592//2592 2594//2594 2690//2690
f 2594//2594 2595//2595 2690//2690
f 2592//2592 2656//2656 2594//2594
f 2594//2594 2657//2657 2595//2595
f 2594//2594 2656//2656 2657//2657
f 2595//2595 2657//2657 2658//2658
f 2595//2595 2691//2691 2690//2690
f 2689//2689 2690//2690 2724//2724
f 2690//2690 2691//2691 2724//2724
f 2689//2689 2724//2724 2723//2723
f 2571//2571 2572//2572 2669//2669
f 2571//2571 2635//2635 2572//2572
f 2572//2572 2635//2635 2636//2636
f 2572//2572 2670//2670 2669//2669
f 2572//2572 2671//2671 2670//2670
f 2668//2668 2669//2669 2670//2670
f 2668//2668 2670//2670 2708//2708
f 2670//2670 2671//2671 2709//2709
f 2671//2671 2672//2672 2709//2709
f 2668//2668 2708//2708 2707//2707
f 2670//2670 2709//2709 2708//2708
f 2573//2573 2574//2574 2674//2674
f 2573//2573 2624//2624 2574//2574
f 2574//2574 2624//2624 2625//2625
f 2574//2574 2625//2625 2639//2639
f 2574//2574 2639//2639 2637//2637
f 2574//2574 2637//2637 2641//2641
f 2637//2637 2639//2639 2638//2638
f 2637//2637 2640//2640 2641//2641
f 2574//2574 2675//2675 2674//2674
f 2673//2673 2674//2674 2711//2711
f 2674//2674 2675//2675 2711//2711
f 2673//2673 2711//2711 2710//2710
f 2583//2583 2647//2647 2584//2584
f 2584//2584 2647//2647 2648//2648
f 2583//2583 2584//2584 2678//2678
f 2584//2584 2679//2679 2678//2678
f 2677//2677 2678//2678 2714//2714
f 2678//2678 2679//2679 2714//2714
f 2679//2679 2680//2680 2714//2714
f 2677//2677 2714//2714 2713//2713
f 2597//2597 2660//2660 2601//2601
f 2601//2601 2663//2663 2602//2602
f 2601//2601 2660//2660 2663//2663
f 2602//2602 2663//2663 2664//2664
f 2597//2597 2601//2601 2693//2693
f 2601//2601 2602//2602 2693//2693
f 2602//2602 2695//2695 2693//2693
f 2693//2693 2695//2695 2697//2697
f 2692//2692 2693//2693 2728//2728
f 2693//2693 2697//2697 2728//2728
f 2697//2697 2698//2698 2728//2728
f 2692//2692 2728//2728 2725//2725
f 1366//1366 1367//1367 1370//1370
f 1366//1366 1370//1370 1369//1369
f 1367//1367 1392//1392 1370//1370
f 1367//1367 1368//1368 1392//1392
f 1393//1393 1368//1368 1390//1390
f 1392//1392 1368//1368 1393//1393
f 1366//1366 1415//1415 1367//1367
f 1366//1366 1369//1369 1417//1417
f 1393//1393 1390//1390 1391//1391
f 1393//1393 1391//1391 1394//1394
f 1390//1390 1434//1434 1391//1391
f 1392//1392 1393//1393 1437//1437
f 1366//1366 1417//1417 1415//1415
f 1367//1367 1415//1415 1416//1416
f 1391//1391 1434//1434 1435//1435
f 1392//1392 1437//1437 1436//1436
f 1372//1372 1419//1419 1373//1373
f 1372//1372 1373//1373 2434//2434
f 1372//1372 2434//2434 2432//2432
f 1396//1396 2436//2436 2435//2435
f 1372//1372 2432//2432 2495//2495
f 1373//1373 1419//1419 1420//1420
f 1372//1372 2495//2495 1419//1419
f 2432//2432 2434//2434 2497//2497
f 2432//2432 2497//2497 2495//2495
f 1354//1354 1374//1374 2414//2414
f 1354//1354 1406//1406 1374//1374
f 1374//1374 1406//1406 1421//1421
f 2414//2414 2415//2415 2416//2416
f 2414//2414 2416//2416 2417//2417
f 1374//1374 2415//2415 2414//2414
f 1374//1374 2420//2420 2415//2415
f 1374//1374 2421//2421 2420//2420
f 1374//1374 2422//2422 2421//2421
f 2420//2420 2421//2421 2489//2489
f 2420//2420 2489//2489 2488//2488
f 1375//1375 1376//1376 2423//2423
f 1376//1376 1377//1377 2423//2423
f 1377//1377 1381//1381 2423//2423
f 1375//1375 1422//1422 1376//1376
f 1376//1376 1423//1423 1377//1377
f 1381//1381 1428//1428 1384//1384
f 1376//1376 1422//1422 1423//1423
f 1377//1377 1423//1423 1424//1424
f 1384//1384 1428//1428 1430//1430
f 1381//1381 1384//1384 2423//2423
f 1384//1384 2424//2424 2423//2423
f 1384//1384 2425//2425 2424//2424
f 1384//1384 2426//2426 2425//2425
f 2424//2424 2425//2425 2491//2491
f 2424//2424 2491//2491 2490//2490
f 1357//1357 1358//1358 1362//1362
f 1358//1358 2408//2408 1362//1362
f 1358//1358 1359//1359 2408//2408
f 1357//1357 1408//1408 1358//1358
f 1357//1357 1362//1362 1412//1412
f 1357//1357 1412//1412 1408//1408
f 1358//1358 1408//1408 1409//1409
f 1359//1359 2405//2405 2408//2408
f 2405//2405 2409//2409 2408//2408
f 2405//2405 2410//2410 2409//2409
f 2409//2409 2410//2410 2483//2483
f 2409//2409 2483//2483 2482//2482
f 1350//1350 1402//1402 1361//1361
f 1361//1361 1402//1402 1411//1411
f 1350//1350 2407//2407 2401//2401
f 2401//2401 2407//2407 2403//2403
f 2403//2403 2407//2407 2404//2404
f 1350//1350 1361//1361 2407//2407
f 1350//1350 2401//2401 2477//2477
f 2403//2403 2404//2404 2480//2480
f 2404//2404 2407//2407 2481//2481
f 1350//1350 2477//2477 1402//1402
f 2403//2403 2480//2480 2479//2479
f 2404//2404 2481//2481 2480//2480
f 1352//1352 1355//1355 1363//1363
f 1352//1352 1363//1363 2411//2411
f 1356//1356 2406//2406 1363//1363
f 1352//1352 1404//1404 1355//1355
f 1355//1355 1404//1404 1407//1407
f 1363//1363 2406//2406 2411//2411
f 2406//2406 2412//2412 2411//2411
f 2406//2406 2413//2413 2412//2412
f 2412//2412 2413//2413 2485//2485
f 2412//2412 2485//2485 2484//2484
f 1378//1378 1379//1379 1382//1382
f 1379//1379 1383//1383 1382//1382
f 1379//1379 1386//1386 1383//1383
f 1379//1379 1380//1380 1386//1386
f 1380//1380 1387//1387 1386//1386
f 1378//1378 1425//1425 1379//1379
f 1379//1379 1426//1426 1380//1380
f 1383//1383 1386//1386 1432//1432
f 1379//1379 1425//1425 1426//1426
f 1380//1380 1426//1426 1427//1427
f 1383//1383 1432//1432 1429//1429
f 1385//1385 1431//1431 1388//1388
f 1388//1388 1431//1431 1433//1433
f 1385//1385 1388//1388 2427//2427
f 1388//1388 1389//1389 2427//2427
f 1389//1389 2418//2418 2429//2429
f 2418//2418 2419//2419 2429//2429
f 1389//1389 2428//2428 2427//2427
f 1389//1389 2429//2429 2428//2428
f 2419//2419 2430//2430 2429//2429
f 2418//2418 2486//2486 2419//2419
f 2428//2428 2429//2429 2493//2493
f 2419//2419 2486//2486 2487//2487
f 2428//2428 2493//2493 2492//2492
f 1400//1400 1441//1441 1401//1401
f 1401//1401 1441//1441 1442//1442
f 1400//1400 1401//1401 2443//2443
f 1400//1400 2443//2443 2439//2439
f 2439//2439 2442//2442 2441//2441
f 2439//2439 2443//2443 2442//2442
f 1400//1400 2439//2439 2500//2500
f 2442//2442 2443//2443 2503//2503
f 1400//1400 2500//2500 1441//1441
f 2442//2442 2503//2503 2502//2502
f 1445//1445 1446//1446 1448//1448
f 1445//1445 1464//1464 1446//1446
f 1446//1446 1460//1460 1459//1459
f 1445//1445 1448//1448 1469//1469
f 1446//1446 1464//1464 1460//1460
f 1445//1445 1469//1469 1464//1464
f 1460//1460 1464//1464 1466//1466
f 1463//1463 1465//1465 1467//1467
f 1446//1446 1480//1480 1448//1448
f 1446//1446 1481//1481 1480//1480
f 1446//1446 2535//2535 1481//1481
f 1446//1446 2536//2536 2535//2535
f 1446//1446 2537//2537 2536//2536
f 1480//1480 1481//1481 1497//1497
f 1480//1480 1497//1497 1496//1496
f 2537//2537 2538//2538 2536//2536
f 2537//2537 2607//2607 2538//2538
f 2536//2536 2538//2538 2608//2608
f 2536//2536 2608//2608 2606//2606
f 2538//2538 2607//2607 2608//2608
f 1443//1443 1444//1444 1447//1447
f 1443//1443 1461//1461 1444//1444
f 1443//1443 1447//1447 1468//1468
f 1444//1444 1462//1462 1449//1449
f 1444//1444 1461//1461 1462//1462
f 1443//1443 1468//1468 1461//1461
f 1449//1449 1462//1462 1470//1470
f 1444//1444 1484//1484 1447//1447
f 1444//1444 1449//1449 1485//1485
f 1449//1449 1482//1482 1485//1485
f 1444//1444 1485//1485 1484//1484
f 1482//1482 1486//1486 1485//1485
f 1482//1482 1498//1498 1486//1486
f 1485//1485 1486//1486 1501//1501
f 1486//1486 1498//1498 1501//1501
f 1485//1485 1501//1501 1500//1500
f 2451//2451 2452//2452 2453//2453
f 2451//2451 2458//2458 2452//2452
f 2453//2453 2452//2452 2455//2455
f 2455//2455 2452//2452 2456//2456
f 2456//2456 2452//2452 2457//2457
f 2451//2451 2508//2508 2458//2458
f 2453//2453 2455//2455 2517//2517
f 2455//2455 2456//2456 2518//2518
f 2451//2451 2511//2511 2508//2508
f 2458//2458 2508//2508 2514//2514
f 2453//2453 2517//2517 2515//2515
f 2455//2455 2518//2518 2517//2517
f 2508//2508 2511//2511 2512//2512
f 2508//2508 2513//2513 2514//2514
f 2447//2447 2448//2448 2460//2460
f 2448//2448 2507//2507 2454//2454
f 2454//2454 2516//2516 2462//2462
f 2448//2448 2454//2454 2461//2461
f 2448//2448 2461//2461 2460//2460
f 2454//2454 2462//2462 2468//2468
f 2454//2454 2468//2468 2461//2461
f 2462//2462 2469//2469 2468//2468
f 2460//2460 2461//2461 2521//2521
f 2461//2461 2468//2468 2527//2527
f 2454//2454 2507//2507 2516//2516
f 2460//2460 2521//2521 2520//2520
f 2461//2461 2527//2527 2521//2521
f 2462//2462 2516//2516 2522//2522
f 2465//2465 2466//2466 2472//2472
f 2466//2466 2467//2467 2473//2473
f 2474//2474 2467//2467 2470//2470
f 2466//2466 2473//2473 2472//2472
f 2473//2473 2467//2467 2474//2474
f 2474//2474 2470//2470 2475//2475
f 2466//2466 2525//2525 2467//2467
f 2467//2467 2526//2526 2470//2470
f 2472//2472 2473//2473 2531//2531
f 2473//2473 2474//2474 2532//2532
f 2467//2467 2525//2525 2526//2526
f 2470//2470 2526//2526 2528//2528
f 2472//2472 2531//2531 2530//2530
f 2473//2473 2532//2532 2531//2531
f 2541//2541 2542//2542 2557//2557
f 2542//2542 2558//2558 2557//2557
f 2542//2542 2559//2559 2558//2558
f 2542//2542 2560//2560 2559//2559
f 2541//2541 2611//2611 2542//2542
f 2558//2558 2559//2559 2627//2627
f 2542//2542 2611//2611 2612//2612
f 2558//2558 2627//2627 2626//2626
f 2543//2543 2544//2544 2545//2545
f 2543//2543 2545//2545 2546//2546
f 2544//2544 2565//2565 2545//2545
f 2543//2543 2546//2546 2563//2563
f 2543//2543 2613//2613 2544//2544
f 2546//2546 2566//2566 2563//2563
f 2546//2546 2567//2567 2566//2566
f 2566//2566 2567//2567 2632//2632
f 2544//2544 2613//2613 2614//2614
f 2566//2566 2632//2632 2631//2631
f 2547//2547 2548//2548 2550//2550
f 2547//2547 2550//2550 2569//2569
f 2547//2547 2615//2615 2548//2548
f 2550//2550 2570//2570 2569//2569
f 2550//2550 2575//2575 2570//2570
f 2570//2570 2575//2575 2642//2642
f 2548//2548 2615//2615 2616//2616
f 2570//2570 2642//2642 2634//2634
f 2549//2549 2551//2551 2579//2579
f 2549//2549 2617//2617 2551//2551
f 2551//2551 2580//2580 2579//2579
f 2551//2551 2581//2581 2580//2580
f 2551//2551 2582//2582 2581//2581
f 2580//2580 2581//2581 2646//2646
f 2551//2551 2617//2617 2618//2618
f 2580//2580 2646//2646 2645//2645
f 2553//2553 2620//2620 2554//2554
f 2553//2553 2554//2554 2684//2684
f 2553//2553 2683//2683 2682//2682
f 2553//2553 2684//2684 2683//2683
f 2554//2554 2620//2620 2621//2621
f 2682//2682 2683//2683 2717//2717
f 2682//2682 2717//2717 2716//2716
f 2556//2556 2586//2586 2587//2587
f 2556//2556 2623//2623 2586//2586
f 2586//2586 2650//2650 2587//2587
f 2556//2556 2587//2587 2687//2687
f 2556//2556 2686//2686 2685//2685
f 2556//2556 2687//2687 2686//2686
f 2586//2586 2623//2623 2650//2650
f 2587//2587 2650//2650 2653//2653
f 2685//2685 2686//2686 2721//2721
f 2685//2685 2721//2721 2718//2718
f 2589//2589 2590//2590 2593//2593
f 2591//2591 2592//2592 2690//2690
f 2591//2591 2655//2655 2592//2592
f 2592//2592 2655//2655 2656//2656
f 2591//2591 2689//2689 2688//2688
f 2591//2591 2690//2690 2689//2689
f 2688//2688 2689//2689 2723//2723
f 2688//2688 2723//2723 2722//2722
f 2561//2561 2564//2564 2666//2666
f 2564//2564 2571//2571 2668//2668
f 2564//2564 2667//2667 2666//2666
f 2564//2564 2668//2668 2667//2667
f 2571//2571 2669//2669 2668//2668
f 2561//2561 2628//2628 2564//2564
f 2564//2564 2630//2630 2571//2571
f 2564//2564 2628//2628 2630//2630
f 2571//2571 2630//2630 2635//2635
f 2667//2667 2668//2668 2707//2707
f 2667//2667 2707//2707 2706//2706
f 2572//2572 2573//2573 2671//2671
f 2572//2572 2636//2636 2573//2573
f 2573//2573 2636//2636 2624//2624
f 2624//2624 2636//2636 2625//2625
f 2625//2625 2636//2636 2639//2639
f 2637//2637 2638//2638 2640//2640
f 2573//2573 2672//2672 2671//2671
f 2573//2573 2673//2673 2672//2672
f 2573//2573 2674//2674 2673//2673
f 2672//2672 2673//2673 2710//2710
f 2672//2672 2710//2710 2709//2709
f 2574//2574 2576//2576 2675//2675
f 2576//2576 2577//2577 2676//2676
f 2577//2577 2578//2578 2676//2676
f 2578//2578 2583//2583 2676//2676
f 2574//2574 2641//2641 2576//2576
f 2578//2578 2644//2644 2583//2583
f 2576//2576 2641//2641 2643//2643
f 2583//2583 2644//2644 2647//2647
f 2576//2576 2676//2676 2675//2675
f 2583//2583 2677//2677 2676//2676
f 2583//2583 2678//2678 2677//2677
f 2675//2675 2676//2676 2712//2712
f 2676//2676 2677//2677 2713//2713
f 2675//2675 2712//2712 2711//2711
f 2676//2676 2713//2713 2712//2712
f 2584//2584 2648//2648 2585//2585
f 2585//2585 2648//2648 2649//2649
f 2584//2584 2585//2585 2681//2681
f 2584//2584 2680//2680 2679//2679
f 2584//2584 2681//2681 2680//2680
f 2680//2680 2681//2681 2715//2715
f 2680//2680 2715//2715 2714//2714
f 2595//2595 2596//2596 2597//2597
f 2595//2595 2597//2597 2693//2693
f 2595//2595 2658//2658 2596//2596
f 2596//2596 2659//2659 2597//2597
f 2596//2596 2658//2658 2659//2659
f 2597//2597 2659//2659 2660//2660
f 2595//2595 2692//2692 2691//2691
f 2595//2595 2693//2693 2692//2692
f 2691//2691 2692//2692 2725//2725
f 2691//2691 2725//2725 2724//2724
f 2602//2602 2664//2664 2603//2603
f 2603//2603 2664//2664 2665//2665
f 2602//2602 2603//2603 2695//2695
f 2603//2603 2699//2699 2695//2695
f 2697//2697 2695//2695 2698//2698
f 2695//2695 2699//2699 2698//2698
f 2603//2603 2665//2665 2699//2699
f 2698//2698 2699//2699 2729//2729
f 2699//2699 2665//2665 2729//2729
f 2698//2698 2729//2729 2728//2728
f 1365//1365 1369//1369 1371//1371
f 1369//1369 1370//1370 1397//1397
f 1369//1369 1397//1397 1371//1371
f 1365//1365 1414//1414 1369//1369
f 1365//1365 1371//1371 1418//1418
f 1370//1370 1392//1392 1398//1398
f 1370//1370 1398//1398 1397//1397
f 1392//1392 1399//1399 1398//1398
f 1398//1398 1399//1399 1440//1440
f 1392//1392 1436//1436 1399//1399
f 1369//1369 1414//1414 1417//1417
f 1365//1365 1418//1418 1414//1414
f 1398//1398 1440//1440 1439//1439
f 1399//1399 1436//1436 1440//1440
o double_ended_connector_pin
v -3.4294605255126953 1.9800000190734863 1.8849999904632568
v -3.3688387870788574 1.9450000524520874 1.8849999904632568
v -3.1869735717773438 1.840000033378601 1.600000023841858
v -3.3688387870788574 -1.9450000524520874 1.8849999904632568
v -3.1869735717773438 -1.840000033378601 1.600000023841858
v -3.4294605255126953 -1.9800000190734863 1.8849999904632568
v -3.4294605255126953 1.9800000190734863 8.71500015258789
v -3.3688385486602783 1.9449999332427979 8.71500015258789
v -3.1869735717773438 1.840000033378601 9
v -3.3688385486602783 -1.9449999332427979 8.71500015258789
v -3.1869735717773438 -1.840000033378601 9
v -3.4294605255126953 -1.9800000190734863 8.71500015258789
v 4.506700205755181e-16 3.680000066757202 1.600000023841858
v 4.849601377418587e-16 3.9600000381469727 1.8849999904632568
v 4.76387581980494e-16 3.890000104904175 1.8849999904632568
v 3.1869735717773438 1.840000033378601 1.600000023841858
v 3.3688387870788574 1.9450000524520874 1.8849999904632568
v 3.4294605255126953 1.9800000190734863 1.8849999904632568
v 0 9.797174820681343e-17 1.600000023841858
v 0 -3.680000066757202 1.600000023841858
v 0 -3.890000104904175 1.8849999904632568
v 0 -3.9600000381469727 1.8849999904632568
v 3.1869735717773438 -1.840000033378601 1.600000023841858
v 3.3688387870788574 -1.9450000524520874 1.8849999904632568
v 3.4294605255126953 -1.9800000190734863 1.8849999904632568
v 4.849601377418587e-16 3.9600000381469727 8.71500015258789
v 4.76387581980494e-16 3.8899998664855957 8.71500015258789
v 4.506700205755181e-16 3.680000066757202 9
v 3.1869735717773438 1.840000033378601 9
v 3.3688385486602783 1.9449999332427979 8.71500015258789
v 3.4294605255126953 1.9800000190734863 8.71500015258789
v 0 5.510910704284357e-16 9
v 0 -3.8899998664855957 8.71500015258789
v 0 -3.9600000381469727 8.71500015258789
v 0 -3.680000066757202 9
v 3.1869735717773438 -1.840000033378601 9
v 3.3688385486602783 -1.9449999332427979 8.71500015258789
v 3.4294605255126953 -1.9800000190734863 8.71500015258789
vn -0.8658467402864901 0.49989681695022004 -0.020312428173347205
vn -0.6177675747924454 0.35666826505335575 -0.7008216408180398
vn -0.12223690996268992 0.07057351017161338 -0.9899886451393423
vn -0.6149680005595667 -0.35505196378070686 -0.7040969118688367
vn -0.06327954570998803 -0.03653446149636356 -0.9973268933593982
vn -0.8660140499638151 -0.4999934059534395 -0.005124379801468428
vn -0.8660140498770218 0.49999340590332936 0.005124399358728617
vn -0.6149678943378503 0.3550518818721186 0.704097045948027
vn -0.06327953089433312 0.03653445036985977 0.9973268947070292
vn -0.6177674625999147 -0.35666820949983863 0.7008217679874409
vn -0.12223686611997976 -0.07057348831683943 0.9899886521106991
vn -0.8658467389761206 -0.4998968161936779 0.020312502648411196
vn 0.021603682453463887 0.10821595509353454 -0.9938926440856899
vn -0.1889727810039387 0.9819313620597478 -0.010004411183373469
vn -0.1307227640830744 0.7050966778425185 -0.6969578422300192
vn 0.06327955312212169 0.036534465199456516 -0.9973268927534513
vn 0.6149680634312252 0.3550519656669181 -0.7040968560047021
vn 0.8660140499658817 0.49999340595463265 -0.005124379335819377
vn 0 0 -1
vn -0.02160368059168812 -0.10821595509788916 -0.9938926441256841
vn 0.13072278788223038 -0.7050967050670924 -0.6969578102237085
vn 0.1889727810039387 -0.9819313620597478 -0.010004411183373469
vn 0.1222368953484533 -0.07057350288668879 -0.9899886474631282
vn 0.6177675682258584 -0.3566682910644573 -0.700821633368626
vn 0.8658467402864901 -0.49989681695022004 -0.020312428173347205
vn 0.18897278093879186 0.981931361721235 0.010004445638858855
vn 0.13072274413290347 0.7050965313997174 0.6969579941247899
vn -0.02160366952554404 0.1082159109440428 0.9938926491737335
vn 0.12223686611997976 0.07057348831683943 0.9899886521106991
vn 0.6177674625999147 0.35666820949983863 0.7008217679874409
vn 0.8658467389761206 0.4998968161936779 0.020312502648411196
vn 0 0 1
vn -0.13072274413290347 -0.7050965313997174 0.6969579941247899
vn -0.1889727809370311 -0.9819313617120858 0.010004446570088189
vn 0.021603671352482975 -0.10821592566634627 0.9938926475310448
vn 0.06327953089433312 -0.03653445036985977 0.9973268947070292
vn 0.6149678943378503 -0.3550518818721186 0.704097045948027
vn 0.8660140498770218 -0.49999340590332936 0.005124399358728617
f 3199//3199 3213//3213 3200//3200
f 3199//3199 3200//3200 3202//3202
f 3199//3199 3205//3205 3212//3212
f 3205//3205 3199//3199 3204//3204
f 3199//3199 3212//3212 3213//3213
f 3199//3199 3202//3202 3204//3204
f 3204//3204 3202//3202 3220//3220
f 3220//3220 3202//3202 3219//3219
f 3204//3204 3220//3220 3232//3232
f 3205//3205 3206//3206 3224//3224
f 3205//3205 3210//3210 3206//3206
f 3205//3205 3224//3224 3212//3212
f 3224//3224 3206//3206 3225//3225
f 3205//3205 3204//3204 3210//3210
f 3204//3204 3232//3232 3210//3210
f 3210//3210 3208//3208 3206//3206
f 3210//3210 3231//3231 3208//3208
f 3210//3210 3232//3232 3231//3231
f 3212//3212 3215//3215 3213//3213
f 3212//3212 3224//3224 3216//3216
f 3212//3212 3216//3216 3215//3215
f 3216//3216 3223//3223 3215//3215
f 3220//3220 3219//3219 3223//3223
f 3223//3223 3222//3222 3215//3215
f 3223//3223 3219//3219 3222//3222
f 3236//3236 3223//3223 3216//3216
f 3220//3220 3223//3223 3236//3236
f 3224//3224 3225//3225 3229//3229
f 3216//3216 3224//3224 3229//3229
f 3229//3229 3236//3236 3216//3216
f 3229//3229 3225//3225 3228//3228
f 3229//3229 3228//3228 3235//3235
f 3220//3220 3236//3236 3232//3232
f 3232//3232 3235//3235 3231//3231
f 3229//3229 3235//3235 3236//3236
f 3232//3232 3236//3236 3235//3235
f 3201//3201 3200//3200 3213//3213
f 3201//3201 3202//3202 3200//3200
f 3201//3201 3213//3213 3211//3211
f 3201//3201 3211//3211 3217//3217
f 3201//3201 3203//3203 3202//3202
f 3201//3201 3217//3217 3203//3203
f 3203//3203 3218//3218 3202//3202
f 3203//3203 3217//3217 3218//3218
f 3218//3218 3219//3219 3202//3202
f 3211//3211 3213//3213 3215//3215
f 3211//3211 3214//3214 3217//3217
f 3211//3211 3215//3215 3214//3214
f 3214//3214 3215//3215 3221//3221
f 3217//3217 3221//3221 3218//3218
f 3218//3218 3221//3221 3219//3219
f 3214//3214 3221//3221 3217//3217
f 3221//3221 3215//3215 3222//3222
f 3221//3221 3222//3222 3219//3219
f 3207//3207 3226//3226 3206//3206
f 3207//3207 3206//3206 3209//3209
f 3226//3226 3225//3225 3206//3206
f 3207//3207 3230//3230 3226//3226
f 3209//3209 3206//3206 3208//3208
f 3207//3207 3209//3209 3230//3230
f 3209//3209 3208//3208 3231//3231
f 3209//3209 3233//3233 3230//3230
f 3209//3209 3231//3231 3233//3233
f 3226//3226 3227//3227 3225//3225
f 3226//3226 3230//3230 3227//3227
f 3227//3227 3228//3228 3225//3225
f 3227//3227 3235//3235 3228//3228
f 3230//3230 3233//3233 3234//3234
f 3233//3233 3231//3231 3235//3235
f 3227//3227 3230//3230 3234//3234
f 3227//3227 3234//3234 3235//3235
f 3233//3233 3235//3235 3234//3234
o rose_topper
v -8.443779945373535 6.733689785003662 5.550000190734863
v -6.733689785003662 8.443779945373535 5.550000190734863
v -7.505582332611084 5.985502243041992 9.949999809265137
v -5.985502243041992 7.505582332611084 9.949999809265137
v -9.730463981628418 4.685944557189941 5.550000190734863
v -8.649301528930664 4.165283679962158 9.949999809265137
v -10.529221534729004 2.403226137161255 5.550000190734863
v -10.800000190734863 2.3237673399146294e-15 5.550000190734863
v -9.600000381469727 2.372753161078477e-15 9.949999809265137
v -9.359308242797852 2.1362009048461914 9.949999809265137
v -8.179306983947754 2.5929372310638428 20.593456268310547
v -8.194404602050781 2.3292126655578613 20.629682540893555
v -8.180057525634766 4.140649318695068 21.950876235961914
v -8.814339637756348 2.7365405559539795 21.781570434570312
v -8.77309799194336 2.461493492126465 21.70062828063965
v -8.476190567016602 2.234327554702759 21.557893753051758
v -7.362780570983887 4.170177459716797 20.85166358947754
v -7.545024871826172 3.9970459938049316 20.76276206970215
v -6.969759464263916 3.8290011882781982 20.001262664794922
v -6.797001838684082 4.004903793334961 20.102720260620117
v -6.144084453582764 3.7904415130615234 19.435264587402344
v -6.306726932525635 3.6112160682678223 19.32346534729004
v -6.577268600463867 3.9927144050598145 20.294984817504883
v -5.419155597686768 3.5329020023345947 18.855276107788086
v -5.571277141571045 3.3499388694763184 18.73505973815918
v -5.94877290725708 3.78627347946167 19.652494430541992
v -8.033514022827148 2.1293818950653076 20.769813537597656
v -7.604041576385498 2.4248924255371094 19.83195686340332
v -7.628625869750977 2.1639389991760254 19.880739212036133
v -7.490634918212891 1.9707975387573242 20.051183700561523
v -6.941009044647217 2.2071073055267334 19.154157638549805
v -6.975708961486816 1.9494763612747192 19.213281631469727
v -6.862138748168945 1.7643566131591797 19.40869140625
v -5.412423610687256 1.647022008895874 18.072490692138672
v -5.468527793884277 1.3972290754318237 18.146799087524414
v -6.250779628753662 1.6919368505477905 18.63329315185547
v -6.205559253692627 1.9458301067352295 18.565752029418945
v -6.162610054016113 1.5158408880233765 18.84902572631836
v -5.406632900238037 1.231031894683838 18.37887191772461
v -7.941473960876465 4.3024582862854 21.922611236572266
v -7.562824726104736 4.25624418258667 21.801694869995117
v -7.120147705078125 4.151298522949219 21.013614654541016
v -6.800840854644775 3.873695135116577 22.119626998901367
v -6.924231052398682 3.788905382156372 22.37070655822754
v -7.0570831298828125 3.5728328227996826 22.45288848876953
v -6.084384918212891 3.385359287261963 22.571073532104492
v -6.203155994415283 3.1625208854675293 22.656614303588867
v -5.994987487792969 3.486482620239258 22.3118839263916
v -7.755855083465576 1.9479403495788574 22.148723602294922
v -7.714206695556641 1.851778268814087 21.875825881958008
v -7.6913652420043945 2.1687240600585938 22.283580780029297
v -6.908353805541992 1.4645658731460571 22.068082809448242
v -6.837438106536865 1.7584120035171509 22.487306594848633
v -6.916008949279785 1.5443943738937378 22.349090576171875
v -5.9569549560546875 1.3515764474868774 22.562713623046875
v -6.073733329772949 1.0789217948913574 22.13956069946289
v -6.048958778381348 1.1437655687332153 22.4233455657959
v -4.685944557189941 9.730463981628418 5.550000190734863
v -4.165283679962158 8.649301528930664 9.949999809265137
v -2.403226137161255 10.529221534729004 5.550000190734863
v -2.1362009048461914 9.359308242797852 9.949999809265137
v -3.481422185897827 2.009999990463257 5.550000190734863
v -3.481422185897827 2.009999990463257 9
v -1.3824695348739624 1.6475629806518555 9.949999809265137
v -2.1180663108825684 0.3734722137451172 9.949999809265137
v -1.8625961542129517 1.07537043094635 9.949999809265137
v -0.7673443555831909 2.0027055740356445 9.949999809265137
v -0.7355966567993164 2.0210351943969727 9.949999809265137
v -4.778141498565674 3.051130771636963 18.241796493530273
v -5.249244213104248 3.537757635116577 19.09282684326172
v -4.636903285980225 3.238193988800049 18.3687801361084
v -4.493266582489014 3.252948760986328 18.62267303466797
v -3.94162654876709 2.7205262184143066 17.849716186523438
v -3.811715841293335 2.9120664596557617 17.982011795043945
v -3.6954259872436523 2.937628746032715 18.248720169067383
v -4.575908660888672 1.3164174556732178 17.680410385131836
v -4.643340110778809 1.0711013078689575 17.760028839111328
v -4.608791828155518 0.9157120585441589 18.004919052124023
v -3.075789213180542 2.363696813583374 17.565277099609375
v -2.957803964614868 2.5601515769958496 17.701488494873047
v -2.870305299758911 2.5975794792175293 17.977657318115234
v -3.789428234100342 0.719186544418335 17.47950553894043
v -3.710071086883545 0.9595879316329956 17.395971298217773
v -3.7836713790893555 0.5756627917289734 17.733856201171875
v -2.920943260192871 0.34704822301864624 17.31210708618164
v -2.8288822174072266 0.5820060968399048 17.226123809814453
v -2.9458558559417725 0.216666117310524 17.572368621826172
v -5.160367488861084 3.1008386611938477 22.38336181640625
v -5.3226728439331055 2.755685329437256 22.732019424438477
v -5.217334747314453 2.9847307205200195 22.645328521728516
v -4.312081336975098 2.722994089126587 22.338958740234375
v -4.4308271408081055 2.35843825340271 22.68533706665039
v -4.338246822357178 2.5931663513183594 22.599313735961914
v -5.225447654724121 0.7010773420333862 22.095157623291016
v -5.1698713302612305 0.7522014379501343 22.377330780029297
v -5.065108776092529 0.9543295502662659 22.516029357910156
v -4.378596305847168 0.3372633755207062 21.93977165222168
v -4.293586730957031 0.375742644071579 22.216543197631836
v -4.176632881164551 0.5726330280303955 22.35300636291504
v -3.4652304649353027 2.359180212020874 22.18357276916504
v -3.4619624614715576 2.216707706451416 22.438526153564453
v -3.5423507690429688 1.976741909980774 22.52231216430664
v -3.4348127841949463 0.020415065810084343 21.946109771728516
v -3.306070327758789 0.21242780983448029 22.078859329223633
v -2.0893189907073975 2.1880133152008057 17.534090042114258
v -2.0324900150299072 2.2385828495025635 17.81616973876953
v -2.1946003437042236 1.9861149787902832 17.395429611206055
v -1.374594807624817 1.3639997243881226 17.325172424316406
v -1.6981576681137085 0.9804317951202393 17.273836135864258
v -1.462955355644226 1.2594002485275269 17.307435989379883
v -1.933043122291565 0.3408476412296295 17.19669532775879
v -1.946431279182434 0.1891305148601532 17.178382873535156
v -1.9334220886230469 0.21792900562286377 17.181856155395508
v -1.9334793090820312 0.18313156068325043 17.179611206054688
v -1.2204949855804443 1.8012044429779053 17.48708724975586
v -1.3121492862701416 1.5932393074035645 17.34769058227539
v -1.19345223903656 1.5382623672485352 17.358949661254883
v -1.2591772079467773 1.50062894821167 17.348339080810547
v -1.1519789695739746 1.561438798904419 17.385005950927734
v -1.1965641975402832 1.8664207458496094 17.770946502685547
v -0.9193114042282104 1.6889530420303345 17.6162166595459
v -0.9484255909919739 1.6751899719238281 17.512895584106445
v -0.8668990731239319 1.7137296199798584 17.802217483520508
v -0.8701546788215637 1.7107657194137573 17.8389949798584
v -0.8763395547866821 1.7051349878311157 17.90886116027832
v -1.0076062679290771 1.5856307744979858 19.3917179107666
v -1.0988067388534546 1.5026025772094727 20.421964645385742
v -1.138352632522583 1.4666002988815308 20.868696212768555
v -2.634916067123413 2.0156280994415283 21.922101974487305
v -2.6031887531280518 1.8613801002502441 22.168092727661133
v -2.671788215637207 1.6165366172790527 22.248167037963867
v -1.8362394571304321 1.6985688209533691 21.55944061279297
v -1.7766432762145996 1.5332576036453247 21.79277801513672
v -1.8336997032165527 1.2838317155838013 21.867610931396484
v -1.6905394792556763 0.6788745522499084 21.59379005432129
v -1.355561375617981 1.218522548675537 21.558725357055664
v -1.3565446138381958 1.2173177003860474 21.559558868408203
v -1.4275848865509033 1.1302648782730103 21.619735717773438
v -1.6002790927886963 0.9239215850830078 21.633193969726562
v -1.7605960369110107 0.48867905139923096 21.56320571899414
v -1.8222442865371704 0.3213108479976654 21.536291122436523
v -1.1945087909698486 1.4235601425170898 21.228862762451172
v -1.235093116760254 1.3689614534378052 21.38576316833496
v -1.1631311178207397 1.4440420866012573 21.148605346679688
v -1.1625417470932007 1.4445786476135254 21.141948699951172
v -1.2585829496383667 1.337360143661499 21.476577758789062
v -10.529221534729004 -2.403226137161255 5.550000190734863
v -9.359308242797852 -2.1362009048461914 9.949999809265137
v -9.730463981628418 -4.685944557189941 5.550000190734863
v -8.649301528930664 -4.165283679962158 9.949999809265137
v -8.443779945373535 -6.733689785003662 5.550000190734863
v -7.505582332611084 -5.985502243041992 9.949999809265137
v -5.985502243041992 -7.505582332611084 9.949999809265137
v -6.733689785003662 -8.443779945373535 5.550000190734863
v -3.481422185897827 -2.009999990463257 5.550000190734863
v -3.481422185897827 -2.009999990463257 9
v -2.1180663108825684 -0.3734722137451172 9.949999809265137
v -1.8625961542129517 -1.07537043094635 9.949999809265137
v -1.3824695348739624 -1.6475629806518555 9.949999809265137
v -0.7355966567993164 -2.0210351943969727 9.949999809265137
v -4.685944557189941 -9.730463981628418 5.550000190734863
v -4.165283679962158 -8.649301528930664 9.949999809265137
v -2.403226137161255 -10.529221534729004 5.550000190734863
v -2.1362009048461914 -9.359308242797852 9.949999809265137
v -3.5482821464538574 -0.0062886993400752544 21.678298950195312
v -2.749605417251587 -0.32334789633750916 21.31563949584961
v -2.052119255065918 -0.039760522544384 17.265106201171875
v -2.1099302768707275 -0.1554960310459137 17.527145385742188
v -1.9313100576400757 -0.06128578633069992 17.264575958251953
v -1.931003212928772 -0.0958578959107399 17.276594161987305
v -1.9241561889648438 -0.2415410876274109 17.544767379760742
v -1.9058895111083984 -0.3360597491264343 18.26020622253418
v -1.8270002603530884 -0.48355475068092346 19.18787956237793
v -1.7975945472717285 -0.5385330319404602 19.533666610717773
v -1.7513480186462402 -0.624997615814209 20.077486038208008
v -1.997667908668518 -0.6076828241348267 20.856689453125
v -1.7243897914886475 -0.6754000186920166 20.394493103027344
v -1.7075581550598145 -0.7068692445755005 20.592418670654297
v -1.7049369812011719 -0.7117698788642883 20.623241424560547
v -2.6082675457000732 -0.30770742893218994 21.570796966552734
v -2.4679818153381348 -0.12027708441019058 21.698305130004883
v -1.827738642692566 -0.3222796320915222 21.32110023498535
v -1.8288040161132812 -0.6024509072303772 21.09504508972168
v -1.7169281244277954 -0.6562414169311523 20.925762176513672
v -1.7202051877975464 -0.6410656571388245 21.008440017700195
v -1.7471749782562256 -0.5599189400672913 21.10285186767578
v -1.760460376739502 -0.5199456810951233 21.14935874938965
v -1.8115543127059937 -0.36849620938301086 21.297649383544922
v -8.826815605163574 1.5 30.90723419189453
v -8.659913063049316 1.8889087438583374 31.013931274414062
v -8.149201393127441 1.5 30.310455322265625
v -8.888803482055664 1.8889087438583374 31.784177780151367
v -9.084022521972656 1.5 31.772768020629883
v -8.926033973693848 1.5 32.68168640136719
v -8.256975173950195 2.049999952316284 31.27151870727539
v -8.41750431060791 2.049999952316284 31.811721801757812
v -8.302824974060059 2.049999952316284 32.47148513793945
v -8.743500709533691 1.8889087438583374 32.620121002197266
v -8.47464370727539 1.5 33.5518798828125
v -8.314661979675293 1.8889087438583374 33.44683837890625
v -7.83405876159668 2.049999952316284 30.8990535736084
v -8.056899070739746 1.8889087438583374 30.482852935791016
v -7.187100410461426 2.049999952316284 30.72618865966797
v -7.237179756164551 1.8889087438583374 30.263826370239258
v -7.257923603057861 1.5 30.072309494018555
v -6.374846935272217 2.049999952316284 30.76302146911621
v -6.306811332702637 1.8889087438583374 30.306015014648438
v -6.278630256652832 1.5 30.116716384887695
v -5.46957540512085 2.049999952316284 30.994422912597656
v -7.928429126739502 2.049999952316284 33.19324493408203
v -7.812540531158447 1.5 34.3648796081543
v -7.673665523529053 1.8889087438583374 34.23392105102539
v -7.3383917808532715 2.049999952316284 33.91775894165039
v -6.896513938903809 1.8889087438583374 34.94654846191406
v -7.017897605895996 1.5 35.093544006347656
v -6.6034674644470215 2.049999952316284 34.5916633605957
v -6.081577301025391 1.8889087438583374 35.55125427246094
v -6.144671440124512 1.8889087438583374 36.07451248168945
v -6.190544605255127 1.5 35.70746612548828
v -6.213383674621582 1.5 35.89687728881836
v -5.818506717681885 2.049999952316284 35.17412567138672
v -5.578828811645508 1.5 35.8773078918457
v -5.417763710021973 1.5 35.61561584472656
v -5.484584808349609 1.5 36.16978454589844
v -6.305881977081299 0.8389087915420532 35.621883392333984
v -6.250593185424805 0.8389087915420532 35.840641021728516
v -6.190544605255127 0.8707508444786072 35.70746612548828
v -6.0921220779418945 0.8986597657203674 35.77191925048828
v -6.228723526000977 0.807307243347168 35.9033317565918
v -6.214250087738037 0.8389087915420532 35.89724349975586
v -6.213383674621582 0.8392334580421448 35.89687728881836
v -6.429209232330322 0.6404638290405273 35.53036880493164
v -6.547576427459717 0.45000001788139343 35.442535400390625
v -6.4275641441345215 0.45000001788139343 35.91738510131836
v -6.392363548278809 0.45000001788139343 35.972206115722656
v -6.050703048706055 0.9057387709617615 35.79904556274414
v -5.824643135070801 0.979907751083374 35.75945281982422
v -5.7691192626953125 1.0000001192092896 35.73982620239258
v -5.826959133148193 0.9439794421195984 35.94557189941406
v -5.692187309265137 1.0000001192092896 35.71262741088867
v -5.578828811645508 1.0000001192092896 35.8773078918457
v -5.502357006072998 1.0000001192092896 35.6455192565918
v -5.497757434844971 1.0000001192092896 35.74558639526367
v -5.489673614501953 1.0000001192092896 36.16645050048828
v -5.49918270111084 1.0000001192092896 36.16022491455078
v -5.484584808349609 1.0000001192092896 36.16978454589844
v -9.589704513549805 1.5 38.185699462890625
v -9.959216117858887 1.5 39.031009674072266
v -9.915121078491211 1.5 39.93287658691406
v -9.766880989074707 1.8889087438583374 39.06633377075195
v -9.727640151977539 1.8889087438583374 39.86891174316406
v -8.944404602050781 1.5 37.4477424621582
v -9.034322738647461 2.049999952316284 38.53801345825195
v -9.427037239074707 1.8889087438583374 38.28889083862305
v -8.813976287841797 1.8889087438583374 37.58780288696289
v -8.108026504516602 1.5 36.8154296875
v -8.499093055725098 2.049999952316284 37.925933837890625
v -9.302542686462402 2.049999952316284 39.151607513427734
v -9.27502155303955 2.049999952316284 39.71448516845703
v -8.952763557434082 2.049999952316284 40.17680358886719
v -9.268148422241211 1.8889087438583374 40.528106689453125
v -9.398784637451172 1.5 40.67361831665039
v -8.365439414978027 2.049999952316284 40.498497009277344
v -8.523987770080566 1.8889087438583374 40.93570327758789
v -8.58966064453125 1.5 41.116798400878906
v -7.753748893737793 2.049999952316284 37.36244201660156
v -8.004261016845703 1.8889087438583374 36.975643157958984
v -6.879700660705566 2.049999952316284 36.882545471191406
v -7.1629533767700195 1.5 36.29653549194336
v -7.079990386962891 1.8889087438583374 36.46817398071289
v -7.567710876464844 2.049999952316284 40.655792236328125
v -7.610256671905518 1.8889087438583374 41.115875244140625
v -7.627880096435547 1.5 41.30644607543945
v -5.978785037994385 2.049999952316284 36.50336456298828
v -6.633381366729736 2.049999952316284 40.646209716796875
v -6.595235347747803 1.8889087438583374 41.10546112060547
v -6.579434871673584 1.5 41.295692443847656
v -5.648283958435059 2.049999952316284 40.49179458618164
v -5.553535461425781 1.8889087438583374 40.942176818847656
v -5.514288902282715 1.5 41.128726959228516
v -5.262791633605957 1.5 30.376380920410156
v -5.323357582092285 1.8889087438583374 30.557401657104492
v -4.35032844543457 1.8889087438583374 30.963623046875
v -4.267862796783447 1.5 30.791746139526367
v -2.7579565048217773 1.8889087438583374 28.114545822143555
v -2.939828395843506 1.5 28.05495834350586
v -3.162644624710083 1.5 29.079509735107422
v -2.9736692905426025 1.8889087438583374 29.106435775756836
v -3.046276569366455 1.8889087438583374 30.15835189819336
v -3.2368857860565186 1.5 30.155101776123047
v -4.549417495727539 2.049999952316284 31.378572463989258
v -5.104556083679199 2.049999952316284 35.64167785644531
v -5.174159049987793 2.049999952316284 36.21892166137695
v -5.346413612365723 1.8889087438583374 35.792320251464844
v -5.311526298522949 1.8889087438583374 35.90953826904297
v -5.373277187347412 1.8889087438583374 36.015106201171875
v -4.666200160980225 2.049999952316284 35.98735427856445
v -3.691249132156372 2.049999952316284 31.846519470214844
v -3.4593887329101562 1.8889087438583374 31.449440002441406
v -2.967186450958252 2.049999952316284 32.298255920410156
v -3.3633484840393066 1.5 31.28496551513672
v -3.201022148132324 1.5 31.18472671508789
v -3.122318983078003 1.5 32.02491760253906
v -3.010951280593872 1.8889087438583374 31.172523498535156
v -2.9319870471954346 1.8889087438583374 32.0155029296875
v -2.810950517654419 1.8889087438583374 31.997961044311523
v -2.741056442260742 1.8889087438583374 31.897600173950195
v -2.952411651611328 1.5 31.768878936767578
v -2.378978729248047 1.8889087438583374 27.26381492614746
v -2.540921688079834 1.5 27.15949058532715
v -2.3188791275024414 2.049999952316284 28.25840187072754
v -1.5436935424804688 2.049999952316284 27.01466178894043
v -1.8160086870193481 1.8889087438583374 26.629011154174805
v -1.9288052320480347 1.5 26.469270706176758
v -1.9880143404006958 2.049999952316284 27.515676498413086
v -1.4956307411193848 0.8635028004646301 26.294069290161133
v -1.6986716985702515 0.29952165484428406 26.376190185546875
v -1.615256667137146 0.5312213897705078 26.342453002929688
v -2.5174429416656494 2.049999952316284 29.171438217163086
v -2.5861051082611084 2.049999952316284 30.16619873046875
v -1.0212572813034058 2.049999952316284 26.80335807800293
v -1.0710943937301636 1.8889087438583374 26.32772445678711
v -1.0917375087738037 1.5 26.13071060180664
v -0.80924391746521 1.5 26.180816650390625
v -0.4663679599761963 2.049999952316284 26.901779174804688
v -0.5907883048057556 1.6231775283813477 26.280805587768555
v -0.34761476516723633 1.6644060611724854 26.34443473815918
v -0.2799069583415985 1.8889087438583374 26.468059539794922
v -0.23897992074489594 1.6828242540359497 26.372859954833984
v -1.3366366624832153 1.0555387735366821 26.22976303100586
v -1.1126790046691895 1.32603919506073 26.13918113708496
v -1.0917375087738037 1.3383795022964478 26.13071060180664
v -2.55207896232605 2.049999952316284 31.14306640625
v -2.472484827041626 2.049999952316284 31.992769241333008
v -2.647390365600586 1.5 31.731643676757812
v -2.469433069229126 2.049999952316284 32.5510139465332
v -4.703479766845703 2.049999952316284 40.241249084472656
v -4.5726518630981445 1.8889087438583374 40.68206024169922
v -4.518460750579834 1.5 40.86465072631836
v -4.108450889587402 1.5 40.20320129394531
v -4.2028913497924805 1.8889087438583374 41.05763626098633
v -4.384613990783691 1.5 41.00060272216797
v -5.093601226806641 0.8389087915420532 41.01716613769531
v -5.09855842590332 0.8284558057785034 41.01848220825195
v -5.007098197937012 0.8702052235603333 40.99422836303711
v -5.2780327796936035 0.45000001788139343 41.06607437133789
v -4.620081424713135 1.0000001192092896 40.891597747802734
v -4.632061004638672 1.0000001192092896 40.982666015625
v -4.518460750579834 1.0000001192092896 40.86465072631836
v -4.108450889587402 1.0000001192092896 40.20320129394531
v -4.340698719024658 1.0000001192092896 40.806175231933594
v -4.384613990783691 1.0000001192092896 41.00060272216797
v -3.892791986465454 2.049999952316284 39.97457504272461
v -3.764173746109009 2.049999952316284 41.1953239440918
v -3.484884262084961 2.049999952316284 40.38889694213867
v -3.925812244415283 1.8889087438583374 40.25758743286133
v -3.8124144077301025 1.8889087438583374 40.30339813232422
v -3.7683799266815186 1.8889087438583374 40.41749572753906
v -4.004274368286133 1.5 40.492286682128906
v -3.7168467044830322 1.5 40.60095977783203
v -3.3492238521575928 2.049999952316284 39.84737777709961
v -4.004274368286133 1.0000001192092896 40.492286682128906
v -3.7168467044830322 1.0000001192092896 40.60095977783203
v -4.847752094268799 1.5 43.054603576660156
v -4.664194107055664 1.5 41.992191314697266
v -4.478275299072266 1.8889087438583374 42.03434371948242
v -4.199191570281982 2.049999952316284 43.118675231933594
v -4.657793045043945 1.8889087438583374 43.073368072509766
v -4.956771373748779 0.8389087915420532 41.7193717956543
v -5.135868549346924 0.45000001788139343 41.795654296875
v -4.729971408843994 0.45000001788139343 42.372901916503906
v -4.664194107055664 0.8677924871444702 41.992191314697266
v -4.528870105743408 1.0000001192092896 41.512237548828125
v -4.536844730377197 0.9953606128692627 41.54051971435547
v -4.684065341949463 0.8389087915420532 42.10720443725586
v -4.722151756286621 0.5162492990493774 42.327640533447266
v -4.874860763549805 1.5 44.102752685546875
v -4.2233500480651855 2.049999952316284 44.052738189697266
v -4.078516006469727 2.049999952316284 44.85282516479492
v -4.684037685394287 1.8889087438583374 44.088104248046875
v -4.5181427001953125 1.8889087438583374 45.00453567504883
v -4.700242042541504 1.5 45.06737518310547
v -4.122203350067139 1.8889087438583374 45.75496292114258
v -4.269737720489502 1.5 45.8833122253418
v -4.029428482055664 2.049999952316284 42.136104583740234
v -3.7660231590270996 2.049999952316284 45.44509506225586
v -3.4702563285827637 1.8889087438583374 46.22468185424805
v -3.5371384620666504 1.5 46.4111442565918
v -3.308788299560547 2.049999952316284 45.77452850341797
v -2.746408462524414 2.049999952316284 45.81082534790039
v -2.128706932067871 2.049999952316284 45.55221176147461
v -2.6683881282806396 1.8889087438583374 46.27643966674805
v -2.63607120513916 1.5 46.46929931640625
v -1.5083515644073486 2.049999952316284 45.02659606933594
v -1.8857386112213135 1.8889087438583374 45.94876480102539
v -1.7850979566574097 1.5 46.11302185058594
v -0.04663706570863724 2.049999952316284 42.528785705566406
v -0.4398275911808014 2.049999952316284 43.423675537109375
v -0.028631653636693954 1.8889087438583374 43.63040542602539
v -0.9332999587059021 2.049999952316284 44.290130615234375
v -1.1751736402511597 1.8889087438583374 45.34671401977539
v -1.0371668338775635 1.5 45.479312896728516
v -0.5504582524299622 1.8889087438583374 44.54664611816406
v -0.3918801546096802 1.5 44.65290069580078
v -8.826815605163574 -1.5 30.90723419189453
v -8.659913063049316 -1.8889086246490479 31.013931274414062
v -8.149201393127441 -1.5 30.310455322265625
v -9.084022521972656 -1.5 31.772768020629883
v -8.888803482055664 -1.8889086246490479 31.784177780151367
v -8.926033973693848 -1.5 32.68168640136719
v -8.256975173950195 -2.049999952316284 31.27151870727539
v -8.41750431060791 -2.049999952316284 31.811721801757812
v -8.743500709533691 -1.8889086246490479 32.620121002197266
v -8.47464370727539 -1.5 33.5518798828125
v -8.314661979675293 -1.8889086246490479 33.44683837890625
v -8.302824974060059 -2.049999952316284 32.47148513793945
v -8.056899070739746 -1.8889086246490479 30.482852935791016
v -7.83405876159668 -2.049999952316284 30.8990535736084
v -7.257923603057861 -1.5 30.072309494018555
v -7.237179756164551 -1.8889086246490479 30.263826370239258
v -7.187100410461426 -2.049999952316284 30.72618865966797
v -6.278630256652832 -1.5 30.116716384887695
v -6.306811332702637 -1.8889086246490479 30.306015014648438
v -6.374846935272217 -2.049999952316284 30.76302146911621
v -5.46957540512085 -2.049999952316284 30.994422912597656
v -7.928429126739502 -2.049999952316284 33.19324493408203
v -7.812540531158447 -1.5 34.3648796081543
v -7.673665523529053 -1.8889086246490479 34.23392105102539
v -6.896513938903809 -1.8889086246490479 34.94654846191406
v -7.3383917808532715 -2.049999952316284 33.91775894165039
v -7.017897605895996 -1.5 35.093544006347656
v -6.6034674644470215 -2.049999952316284 34.5916633605957
v -6.539044380187988 -2.049999952316284 34.63946533203125
v -6.487348556518555 -2.049999952316284 34.34335708618164
v -6.581915855407715 -1.6810888051986694 35.30666732788086
v -6.547576427459717 -1.5 35.442535400390625
v -6.625452995300293 -1.8926453590393066 35.13440704345703
v -6.621323108673096 -1.8889086246490479 35.15074920654297
v -6.392363548278809 -1.5 35.972206115722656
v -6.3731184005737305 -1.57168447971344 36.00217819213867
v -6.2879533767700195 -1.8889086246490479 36.13481903076172
v -6.005349636077881 -2.049999952316284 33.70108413696289
v -6.487348556518555 -2.75 34.34335708618164
v -6.307660102844238 -3.138908624649048 34.42109298706055
v -6.625452995300293 -2.75 35.13440704345703
v -6.4309234619140625 -3.138908624649048 35.12713623046875
v -6.4275641441345215 -2.75 35.91738510131836
v -6.250593185424805 -3.138908624649048 35.840641021728516
v -6.005349636077881 -2.75 33.70108413696289
v -5.8774590492248535 -3.138908624649048 33.847843170166016
v -5.873854637145996 -3.3000001907348633 34.60877227783203
v -5.568703651428223 -3.3000001907348633 34.20215606689453
v -5.9612884521484375 -3.3000001907348633 35.10958480834961
v -5.823347568511963 -3.3000001907348633 35.65536880493164
v -5.477118492126465 -3.3000001907348633 36.19458770751953
v -9.589704513549805 -1.5 38.185699462890625
v -9.959216117858887 -1.5 39.031009674072266
v -9.915121078491211 -1.5 39.93287658691406
v -9.766880989074707 -1.8889086246490479 39.06633377075195
v -9.727640151977539 -1.8889086246490479 39.86891174316406
v -8.944404602050781 -1.5 37.4477424621582
v -9.427037239074707 -1.8889086246490479 38.28889083862305
v -8.813976287841797 -1.8889086246490479 37.58780288696289
v -9.034322738647461 -2.049999952316284 38.53801345825195
v -8.108026504516602 -1.5 36.8154296875
v -8.499093055725098 -2.049999952316284 37.925933837890625
v -9.302542686462402 -2.049999952316284 39.151607513427734
v -9.27502155303955 -2.049999952316284 39.71448516845703
v -9.398784637451172 -1.5 40.67361831665039
v -9.268148422241211 -1.8889086246490479 40.528106689453125
v -8.952763557434082 -2.049999952316284 40.17680358886719
v -8.58966064453125 -1.5 41.116798400878906
v -8.523987770080566 -1.8889086246490479 40.93570327758789
v -8.365439414978027 -2.049999952316284 40.498497009277344
v -8.004261016845703 -1.8889086246490479 36.975643157958984
v -7.753748893737793 -2.049999952316284 37.36244201660156
v -7.1629533767700195 -1.5 36.29653549194336
v -7.079990386962891 -1.8889086246490479 36.46817398071289
v -6.879700660705566 -2.049999952316284 36.882545471191406
v -7.627880096435547 -1.5 41.30644607543945
v -7.610256671905518 -1.8889086246490479 41.115875244140625
v -7.567710876464844 -2.049999952316284 40.655792236328125
v -6.03588342666626 -2.049999952316284 36.52739715576172
v -5.981448173522949 -2.049999952316284 36.61217498779297
v -6.579434871673584 -1.5 41.295692443847656
v -6.595235347747803 -1.8889086246490479 41.10546112060547
v -6.633381366729736 -2.049999952316284 40.646209716796875
v -5.514288902282715 -1.5 41.128726959228516
v -5.553535461425781 -1.8889086246490479 40.942176818847656
v -5.648283958435059 -2.049999952316284 40.49179458618164
v -5.981448173522949 -2.75 36.61217498779297
v -5.833733558654785 -3.138908624649048 36.489864349365234
v -5.262791633605957 -1.5 30.376380920410156
v -5.323357582092285 -1.8889086246490479 30.557401657104492
v -4.267862796783447 -1.5 30.791746139526367
v -4.35032844543457 -1.8889086246490479 30.963623046875
v -2.939828395843506 -1.5 28.05495834350586
v -2.7579565048217773 -1.8889086246490479 28.114545822143555
v -3.162644624710083 -1.5 29.079509735107422
v -2.9736692905426025 -1.8889086246490479 29.106435775756836
v -3.2368857860565186 -1.5 30.155101776123047
v -3.046276569366455 -1.8889086246490479 30.15835189819336
v -5.299187183380127 -2.049999952316284 33.309226989746094
v -4.549417495727539 -2.049999952316284 31.378572463989258
v -4.487348556518555 -2.049999952316284 33.15867614746094
v -3.4593887329101562 -1.8889086246490479 31.449440002441406
v -3.691249132156372 -2.049999952316284 31.846519470214844
v -3.6422486305236816 -2.049999952316284 33.20792007446289
v -3.3633484840393066 -1.5 31.28496551513672
v -3.201022148132324 -1.5 31.18472671508789
v -3.122318983078003 -1.5 32.02491760253906
v -3.010951280593872 -1.8889086246490479 31.172523498535156
v -2.952411651611328 -1.5 31.768878936767578
v -2.9319870471954346 -1.8889086246490479 32.0155029296875
v -2.810950517654419 -1.8889086246490479 31.997961044311523
v -2.741056442260742 -1.8889086246490479 31.897600173950195
v -2.967186450958252 -2.049999952316284 32.298255920410156
v -2.823253631591797 -2.049999952316284 33.41046905517578
v -5.299187183380127 -2.75 33.309226989746094
v -5.233953475952148 -3.138908624649048 33.49075698852539
v -4.487348556518555 -2.75 33.15867614746094
v -4.47535514831543 -3.138908624649048 33.35007858276367
v -5.0764665603637695 -3.3000001907348633 33.92900848388672
v -4.446401119232178 -3.3000001907348633 33.812164306640625
v -3.6422486305236816 -2.75 33.20792007446289
v -3.670881986618042 -3.138908624649048 33.39695739746094
v -2.823253631591797 -2.75 33.41046905517578
v -2.8819093704223633 -3.138908624649048 33.592079162597656
v -3.740008592605591 -3.3000001907348633 33.853328704833984
v -3.023517608642578 -3.3000001907348633 34.03052520751953
v -1.6986716985702515 -0.29952165484428406 26.376190185546875
v -1.579288363456726 -0.6311295032501221 26.327905654907227
v -1.4956307411193848 -0.8635028004646301 26.294069290161133
v -2.540921688079834 -1.5 27.15949058532715
v -2.378978729248047 -1.8889086246490479 27.26381492614746
v -2.3188791275024414 -2.049999952316284 28.25840187072754
v -1.9288052320480347 -1.5 26.469270706176758
v -1.8160086870193481 -1.8889086246490479 26.629011154174805
v -1.5436935424804688 -2.049999952316284 27.01466178894043
v -1.9880143404006958 -2.049999952316284 27.515676498413086
v -2.5174429416656494 -2.049999952316284 29.171438217163086
v -2.5861051082611084 -2.049999952316284 30.16619873046875
v -1.27251136302948 -1.1329907178878784 26.203826904296875
v -1.1126790046691895 -1.32603919506073 26.13918113708496
v -1.0917375087738037 -1.3383795022964478 26.13071060180664
v -1.0917375087738037 -1.5 26.13071060180664
v -1.0710943937301636 -1.8889086246490479 26.32772445678711
v -0.8092439770698547 -1.5 26.180816650390625
v -1.0212572813034058 -2.049999952316284 26.80335807800293
v -0.5907883048057556 -1.6231775283813477 26.280805587768555
v -0.5087738037109375 -1.637082576751709 26.302265167236328
v -0.23897992074489594 -1.6828242540359497 26.372859954833984
v -0.2418380230665207 -1.6823396682739258 26.372112274169922
v -0.2799069583415985 -1.8889086246490479 26.468059539794922
v -0.4663679599761963 -2.049999952316284 26.901779174804688
v -0.8139414191246033 -2.049999952316284 30.656124114990234
v -0.13043425977230072 -2.049999952316284 30.225967407226562
v -0.8139414191246033 -2.75 30.656124114990234
v -0.686267077922821 -3.138908624649048 30.800718307495117
v -0.13043425977230072 -2.75 30.225967407226562
v -0.06340697407722473 -3.138908624649048 30.408729553222656
v -2.647390365600586 -1.5 31.731643676757812
v -2.55207896232605 -2.049999952316284 31.14306640625
v -2.472484827041626 -2.049999952316284 31.992769241333008
v -2.469433069229126 -2.049999952316284 32.5510139465332
v -1.7007044553756714 -2.049999952316284 32.05946350097656
v -1.9176199436187744 -2.049999952316284 32.87477111816406
v -2.012188196182251 -2.049999952316284 33.65824890136719
v -2.091075897216797 -2.049999952316284 33.70491027832031
v -2.031569004058838 -2.049999952316284 34.28456115722656
v -1.8935298919677734 -2.049999952316284 33.9488639831543
v -1.5328482389450073 -2.049999952316284 33.989559173583984
v -1.3368653059005737 -2.049999952316284 31.295106887817383
v -1.7007044553756714 -2.75 32.05946350097656
v -1.5212459564208984 -3.138908624649048 32.12540817260742
v -1.9176199436187744 -2.75 32.87477111816406
v -1.7302097082138062 -3.138908624649048 32.91082763671875
v -2.012188196182251 -2.75 33.65824890136719
v -1.8221615552902222 -3.138908624649048 33.672630310058594
v -2.091075897216797 -2.75 33.70491027832031
v -2.031569004058838 -2.75 34.28456115722656
v -2.360506296157837 -3.3000001907348633 34.29715347290039
v -2.169990062713623 -3.138908624649048 33.87837600708008
v -1.8935298919677734 -2.75 33.9488639831543
v -1.8414943218231201 -3.138908624649048 34.29738998413086
v -1.756455659866333 -3.138908624649048 34.18059539794922
v -1.806991696357727 -3.3000001907348633 34.57939529418945
v -1.5328482389450073 -2.75 33.989559173583984
v -1.6131430864334106 -3.138908624649048 34.162315368652344
v -1.363396406173706 -3.3000001907348633 33.70734405517578
v -1.3826134204864502 -3.3000001907348633 34.328365325927734
v -1.4255292415618896 -3.3000001907348633 34.740047454833984
v -1.9391047954559326 -3.3000001907348633 36.0988655090332
v -1.452351450920105 -3.3000001907348633 35.421024322509766
v -1.627220630645752 -3.3000001907348633 35.66454315185547
v -1.5490105152130127 -3.5687317848205566 36.0988655090332
v -1.3368653059005737 -2.75 31.295106887817383
v -1.1748976707458496 -3.138908624649048 31.397796630859375
v -1.087994933128357 -3.3000001907348633 32.28461456298828
v -0.7838731408119202 -3.3000001907348633 31.645713806152344
v -1.277761697769165 -3.3000001907348633 32.99787902832031
v -0.3780338168144226 -3.3000001907348633 31.149799346923828
v -1.2655904293060303 -3.3000001907348633 35.257606506347656
v -1.344180941581726 -3.3745176792144775 35.421024322509766
v -0.7066776752471924 -3.598285436630249 35.421024322509766
v -0.8143629431724548 -3.8265976905822754 36.0988655090332
v -0.6140875816345215 -3.3000001907348633 34.891597747802734
v -0.5659892559051514 -3.3000001907348633 34.86457443237305
v -0.5162878632545471 -3.3000001907348633 34.85495376586914
v -5.366934776306152 -2.049999952316284 37.19440460205078
v -4.658561706542969 -2.049999952316284 37.652645111083984
v -4.428938865661621 -2.049999952316284 38.67949676513672
v -4.874656677246094 -2.049999952316284 39.395816802978516
v -5.286847114562988 -1.5939364433288574 41.02083969116211
v -5.290330410003662 -1.6310572624206543 41.00296401977539
v -5.2780327796936035 -1.5 41.06607437133789
v -5.272531509399414 -1.8889086246490479 40.86765670776367
v -5.182643413543701 -2.049999952316284 40.18433380126953
v -5.207719802856445 -2.049999952316284 40.37496566772461
v -3.9426534175872803 -2.049999952316284 37.98469543457031
v -3.922651529312134 -2.049999952316284 38.07414245605469
v -3.6295955181121826 -2.049999952316284 37.961647033691406
v -3.479435682296753 -2.049999952316284 37.631195068359375
v -3.352985143661499 -2.049999952316284 38.1966667175293
v -5.366934776306152 -2.75 37.19440460205078
v -5.2487616539001465 -3.138908624649048 37.044105529785156
v -4.963466167449951 -3.3000001907348633 36.68125915527344
v -4.566356182098389 -3.138908624649048 37.48554992675781
v -4.343752384185791 -3.3000001907348633 37.08214569091797
v -4.658561706542969 -2.75 37.652645111083984
v -4.428938865661621 -2.75 38.67949676513672
v -4.2743425369262695 -3.138908624649048 38.79140090942383
v -4.874656677246094 -2.75 39.395816802978516
v -5.182643413543701 -2.75 40.18433380126953
v -5.290330410003662 -2.75 41.00296401977539
v -5.097527980804443 -3.138908624649048 40.99701690673828
v -4.9969024658203125 -3.138908624649048 40.23207473754883
v -4.703721523284912 -3.138908624649048 39.48146057128906
v -4.291048526763916 -3.3000001907348633 39.688232421875
v -4.548485279083252 -3.3000001907348633 40.34733200073242
v -4.632061004638672 -3.3000001907348633 40.982666015625
v -3.6954729557037354 -3.3000001907348633 37.38282775878906
v -3.9426534175872803 -2.75 37.98469543457031
v -3.922651529312134 -2.75 38.07414245605469
v -3.870255708694458 -3.138908624649048 37.80841064453125
v -3.7820637226104736 -3.138908624649048 38.202796936035156
v -3.6295955181121826 -2.75 37.961647033691406
v -3.479435682296753 -2.75 37.631195068359375
v -3.4426558017730713 -3.3000001907348633 38.513397216796875
v -3.339944362640381 -3.138908624649048 37.76094436645508
v -3.3668463230133057 -3.138908624649048 37.90289306640625
v -3.282045841217041 -3.138908624649048 38.019859313964844
v -3.110783338546753 -3.3000001907348633 37.59300994873047
v -3.352985143661499 -2.75 38.1966667175293
v -3.0031824111938477 -3.3000001907348633 38.07419204711914
v -2.7325127124786377 -3.3000001907348633 37.761043548583984
v -3.901116132736206 -3.3000001907348633 39.06156539916992
v -4.729971408843994 -1.5 42.372901916503906
v -4.847752094268799 -1.5 43.054603576660156
v -4.673978805541992 -1.640406608581543 42.45253372192383
v -4.661429405212402 -1.6679795980453491 42.45917892456055
v -4.560876369476318 -1.8889086246490479 42.51242446899414
v -4.657793045043945 -1.8889086246490479 43.073368072509766
v -4.133544445037842 -2.049999952316284 42.73871612548828
v -4.199191570281982 -2.049999952316284 43.118675231933594
v -4.874860763549805 -1.5 44.102752685546875
v -4.684037685394287 -1.8889086246490479 44.088104248046875
v -4.700242042541504 -1.5 45.06737518310547
v -4.5181427001953125 -1.8889086246490479 45.00453567504883
v -4.2233500480651855 -2.049999952316284 44.052738189697266
v -4.078516006469727 -2.049999952316284 44.85282516479492
v -4.122203350067139 -1.8889086246490479 45.75496292114258
v -4.269737720489502 -1.5 45.8833122253418
v -3.964320659637451 -2.049999952316284 42.82832717895508
v -3.1585118770599365 -2.049999952316284 42.882080078125
v -3.5371384620666504 -1.5 46.4111442565918
v -3.4702563285827637 -1.8889086246490479 46.22468185424805
v -3.7660231590270996 -2.049999952316284 45.44509506225586
v -3.308788299560547 -2.049999952316284 45.77452850341797
v -2.746408462524414 -2.049999952316284 45.81082534790039
v -5.135868549346924 -2.75 41.795654296875
v -4.956771373748779 -3.138908624649048 41.7193717956543
v -4.524392127990723 -3.3000001907348633 41.53521728515625
v -4.673978805541992 -2.75 42.45253372192383
v -4.544517517089844 -3.138908624649048 42.3056640625
v -4.23197078704834 -3.3000001907348633 41.95108413696289
v -3.7826900482177734 -3.3000001907348633 42.18899917602539
v -3.964320659637451 -2.75 42.82832717895508
v -3.9111225605010986 -3.138908624649048 42.64107131958008
v -3.2209932804107666 -3.3000001907348633 42.22646713256836
v -3.1585118770599365 -2.75 42.882080078125
v -3.176811933517456 -3.138908624649048 42.69005584716797
v -0.4305477738380432 -2.049999952316284 41.164127349853516
v -0.43185120820999146 -2.0999999046325684 41.165531158447266
v -0.4293459355831146 -2.1961019039154053 41.1628303527832
v -0.42450541257858276 -2.259373188018799 41.15761947631836
v -0.4211655557155609 -2.3107962608337402 41.1533088684082
v -0.40726280212402344 -2.4457390308380127 41.13536834716797
v -0.38367927074432373 -2.516700506210327 41.10493469238281
v -0.3825739920139313 -2.4627468585968018 41.13536834716797
v -0.3983614146709442 -2.4777162075042725 41.12388229370117
v -0.3567313551902771 -2.499027967453003 41.1201286315918
v -0.3851549029350281 -2.5887322425842285 41.06430435180664
v -0.3762121796607971 -2.536527395248413 41.095298767089844
v -0.32550883293151855 -2.049999952316284 41.1785888671875
v -0.3244222402572632 -2.0999999046325684 41.18032455444336
v -0.32600805163383484 -2.172971487045288 41.17779541015625
v -0.33182644844055176 -2.2660813331604004 41.16851806640625
v -0.33325597643852234 -2.281024932861328 41.166236877441406
v -0.3345508575439453 -2.41721248626709 41.1466178894043
v -0.3352934718132019 -2.4793426990509033 41.13536834716797
v -0.33601611852645874 -2.498638153076172 41.124420166015625
v -2.2412753105163574 -3.3000001907348633 36.854488372802734
v -2.1976797580718994 -3.3000001907348633 36.7454719543457
v -2.3437106609344482 -3.3000001907348633 37.650001525878906
v -2.3397607803344727 -3.3000001907348633 37.619327545166016
v -2.2510361671447754 -3.3000001907348633 38.36970901489258
v -2.2412753105163574 -3.3000001907348633 38.44551086425781
v -1.6761661767959595 -3.6892974376678467 36.854488372802734
v -1.7192718982696533 -3.7301692962646484 37.650001525878906
v -1.6761661767959595 -3.6892974376678467 38.44551086425781
v -2.0160093307495117 -3.3000001907348633 39.00882339477539
v -1.9391047954559326 -3.3000001907348633 39.201133728027344
v -1.6980944871902466 -3.3000001907348633 39.53675842285156
v -1.452351450920105 -3.3000001907348633 39.87897491455078
v -1.3624229431152344 -3.3000001907348633 39.957664489746094
v -1.5490105152130127 -3.5687317848205566 39.201133728027344
v -1.4068247079849243 -3.3000001907348633 41.26018524169922
v -0.8812127113342285 -3.9683313369750977 36.854488372802734
v -0.9038746953010559 -4.016378879547119 37.650001525878906
v -0.8812127113342285 -3.9683313369750977 38.44551086425781
v -1.344180941581726 -3.3745176792144775 39.87897491455078
v -1.2655904293060303 -3.3000001907348633 40.04239273071289
v -0.8143629431724548 -3.8265976905822754 39.201133728027344
v -0.7066776752471924 -3.598285436630249 39.87897491455078
v -0.932776153087616 -3.3000001907348633 40.2293701171875
v -0.9205315113067627 -3.3000001907348633 40.73655319213867
v -0.6504278182983398 -3.3000001907348633 40.38798904418945
v -0.6131693124771118 -3.277428388595581 40.44504928588867
v -0.5762821435928345 -3.2608299255371094 40.474761962890625
v -0.5494463443756104 -3.2487545013427734 40.49637985229492
v -0.5397638082504272 -3.2443976402282715 40.504180908203125
v -0.5635566711425781 -3.2948427200317383 40.44504928588867
v -0.3873904347419739 -3.138908624649048 40.64031219482422
v -0.43625408411026 -2.75 40.96393966674805
v -0.3837520182132721 -2.952019453048706 40.849098205566406
v -0.3833707869052887 -2.9324464797973633 40.87096405029297
v -0.38353443145751953 -2.940847635269165 40.86157989501953
v -0.39157646894454956 -2.9021944999694824 40.88748550415039
v -0.38650673627853394 -2.919464588165283 40.87881088256836
v -0.42450541257858276 -2.75 41.15761947631836
v -0.5697880983352661 -3.138908624649048 41.03429412841797
v -0.2630131244659424 -3.1832029819488525 40.60606002807617
v -0.2750743627548218 -3.138908624649048 40.65397262573242
v -0.10927587747573853 -3.2379531860351562 40.563724517822266
v -0.3005932569503784 -2.7373123168945312 40.99771499633789
v -0.2947939336299896 -2.75 40.990230560302734
v -0.31966614723205566 -2.9393973350524902 40.87096405029297
v -0.298833966255188 -3.0326039791107178 40.76959228515625
v -0.31774407625198364 -2.9247610569000244 40.88018035888672
v -0.33325597643852234 -2.75 41.166236877441406
v -0.16745395958423615 -3.138908624649048 41.072288513183594
v -2.359873056411743 -2.049999952316284 42.6724967956543
v -1.6162437200546265 -2.049999952316284 42.26797866821289
v -2.63607120513916 -1.5 46.46929931640625
v -2.6683881282806396 -1.8889086246490479 46.27643966674805
v -2.128706932067871 -2.049999952316284 45.55221176147461
v -1.5083515644073486 -2.049999952316284 45.02659606933594
v -1.7850979566574097 -1.5 46.11302185058594
v -1.8857386112213135 -1.8889086246490479 45.94876480102539
v -0.9615294933319092 -2.049999952316284 41.73588180541992
v -0.04663706570863724 -2.049999952316284 42.528785705566406
v -0.028631653636693954 -1.8889086246490479 43.63040542602539
v -0.4398275911808014 -2.049999952316284 43.423675537109375
v -0.9332999587059021 -2.049999952316284 44.290130615234375
v -1.0371668338775635 -1.5 45.479312896728516
v -1.1751736402511597 -1.8889086246490479 45.34671401977539
v -0.5504582524299622 -1.8889086246490479 44.54664611816406
v -0.3918801546096802 -1.5 44.65290069580078
v -2.6011722087860107 -3.3000001907348633 42.063812255859375
v -2.4305477142333984 -3.138908624649048 42.49421691894531
v -2.359873056411743 -2.75 42.6724967956543
v -1.9795960187911987 -3.3000001907348633 41.72568893432617
v -1.7226670980453491 -3.138908624649048 42.10914611816406
v -1.6162437200546265 -2.75 42.26797866821289
v -1.0919533967971802 -3.138908624649048 41.596553802490234
v -0.9615294933319092 -2.75 41.73588180541992
v 1.322618547852422e-15 10.800000190734863 5.550000190734863
v 1.1756609784817611e-15 9.600000381469727 9.949999809265137
v 2.403226137161255 10.529221534729004 5.550000190734863
v 2.1362009048461914 9.359308242797852 9.949999809265137
v 4.685944557189941 9.730463981628418 5.550000190734863
v 4.165283679962158 8.649301528930664 9.949999809265137
v 4.923079897406122e-16 4.019999980926514 5.550000190734863
v 4.923079897406122e-16 4.019999980926514 9
v 2.63389791857951e-16 2.1507408618927 9.949999809265137
v 0.7355966567993164 2.0210351943969727 9.949999809265137
v 1.3824695348739624 1.6475629806518555 9.949999809265137
v 1.8625961542129517 1.07537043094635 9.949999809265137
v 2.1180663108825684 0.3734722137451172 9.949999809265137
v 3.481422185897827 2.009999990463257 5.550000190734863
v 3.481422185897827 2.009999990463257 9
v 1.7764286994934082 0.07533141225576401 23.330726623535156
v 1.7769685983657837 0.013440126553177834 23.309579849243164
v 1.76957368850708 0.22471676766872406 23.599214553833008
v 1.7534754276275635 0.3091850280761719 24.229724884033203
v 1.6675299406051636 0.47226014733314514 25.208391189575195
v 1.6006684303283691 0.5991250276565552 25.96974754333496
v 2.0401813983917236 0.07996076345443726 23.575542449951172
v 6.733689785003662 8.443779945373535 5.550000190734863
v 5.985502243041992 7.505582332611084 9.949999809265137
v 7.505582332611084 5.985502243041992 9.949999809265137
v 8.443779945373535 6.733689785003662 5.550000190734863
v 8.649301528930664 4.165283679962158 9.949999809265137
v 9.730463981628418 4.685944557189941 5.550000190734863
v 9.359308242797852 2.1362009048461914 9.949999809265137
v 10.529221534729004 2.403226137161255 5.550000190734863
v 0 5.510910704284357e-16 9
v 0 -2.1507408618927 9.949999809265137
v 0.7355966567993164 -2.0210351943969727 9.949999809265137
v 1.8625961542129517 -1.07537043094635 9.949999809265137
v 2.1180663108825684 -0.3734722137451172 9.949999809265137
v 1.3824695348739624 -1.6475629806518555 9.949999809265137
v 0 -4.019999980926514 5.550000190734863
v 0 -4.019999980926514 9
v 3.481422185897827 -2.009999990463257 5.550000190734863
v 3.481422185897827 -2.009999990463257 9
v 0 -10.800000190734863 5.550000190734863
v 0 -9.600000381469727 9.949999809265137
v 2.403226137161255 -10.529221534729004 5.550000190734863
v 2.1362009048461914 -9.359308242797852 9.949999809265137
v 4.685944557189941 -9.730463981628418 5.550000190734863
v 4.165283679962158 -8.649301528930664 9.949999809265137
v 1.3489601612091064 -1.1556837558746338 23.33879852294922
v 0.9360114336013794 -1.5085469484329224 23.408395767211914
v 0.873199999332428 -1.5436331033706665 23.448352813720703
v 1.1587517261505127 -1.3809466361999512 23.374515533447266
v 1.1443744897842407 -1.6200064420700073 23.390169143676758
v 0.6624369621276855 -1.6580477952957153 23.694923400878906
v 0.6207675933837891 -1.6776354312896729 23.846548080444336
v 0.6231598258018494 -1.6754013299942017 23.87548065185547
v 0.6277103424072266 -1.6711516380310059 23.93051528930664
v 0.6999021172523499 -1.6404365301132202 23.558597564697266
v 0.8624846339225769 -1.5496187210083008 23.455169677734375
v 1.0094902515411377 -1.8855745792388916 23.812545776367188
v 1.0396429300308228 -1.822173833847046 23.528879165649414
v 0.7490063309669495 -1.5578728914260864 25.3974666595459
v 1.6639569997787476 -0.6267379522323608 23.270551681518555
v 1.661003589630127 -0.6347910165786743 23.271371841430664
v 1.7789318561553955 -0.21161490678787231 23.23268699645996
v 1.77877938747406 -0.3136467933654785 23.238656997680664
v 1.9780921936035156 -0.03254428133368492 23.313085556030273
v 1.8601322174072266 -0.2550513446331024 23.225584030151367
v 1.5627721548080444 -0.9022669196128845 23.303693771362305
v 1.4515962600708008 -1.0341323614120483 23.31952476501465
v 2.6860039234161377 -0.6817119717597961 23.278757095336914
v 1.9702463150024414 -2.0466670989990234 23.443342208862305
v 1.8523679971694946 -2.2420425415039062 23.581205368041992
v 1.7904764413833618 -2.2890465259552 23.862829208374023
v 2.663945436477661 -2.6474483013153076 23.74848747253418
v 2.5724008083343506 -2.6796398162841797 24.023998260498047
v 2.7908172607421875 -0.45241308212280273 23.36541175842285
v 3.50986385345459 -1.0932530164718628 23.448570251464844
v 2.821167469024658 -0.32351112365722656 23.625825881958008
v 3.6023948192596436 -0.8578187227249146 23.532695770263672
v 3.6030919551849365 -0.7141042947769165 23.786996841430664
v 2.7941062450408936 -2.4582080841064453 23.613155364990234
v 4.372495651245117 -1.0855389833450317 24.052602767944336
v 4.399692535400391 -1.2427194118499756 23.80792999267578
v 4.318716049194336 -1.4837316274642944 23.727794647216797
v 5.169656276702881 -1.6010677814483643 24.18450164794922
v 5.115919589996338 -1.4315353631973267 24.41619300842285
v 5.099672794342041 -1.847196340560913 24.109743118286133
v 3.3418045043945312 -3.051074266433716 24.28960609436035
v 3.461243152618408 -3.032348871231079 24.023723602294922
v 3.6029582023620605 -2.848686695098877 23.892379760742188
v 4.383914947509766 -3.212151288986206 24.274328231811523
v 4.085228443145752 -3.39707088470459 24.653196334838867
v 4.231206893920898 -3.3906972408294678 24.400293350219727
v 4.789213180541992 -3.7113492488861084 25.108320236206055
v 4.9607253074646 -3.716374397277832 24.871925354003906
v 5.124009609222412 -3.5425500869750977 24.752796173095703
v 9.359308242797852 -2.1362009048461914 9.949999809265137
v 10.800000190734863 -3.214697822599943e-16 5.550000190734863
v 10.529221534729004 -2.403226137161255 5.550000190734863
v 9.600000381469727 2.143128186993226e-17 9.949999809265137
v 8.649301528930664 -4.165283679962158 9.949999809265137
v 9.730463981628418 -4.685944557189941 5.550000190734863
v 5.985502243041992 -7.505582332611084 9.949999809265137
v 7.505582332611084 -5.985502243041992 9.949999809265137
v 6.733689785003662 -8.443779945373535 5.550000190734863
v 8.443779945373535 -6.733689785003662 5.550000190734863
v 5.899174213409424 -1.9267449378967285 24.6561336517334
v 5.8397674560546875 -2.1775951385498047 24.588211059570312
v 5.819904327392578 -1.7458137273788452 24.87131690979004
v 6.470992088317871 -2.022094488143921 25.411523818969727
v 6.57496452331543 -2.213507890701294 25.216835021972656
v 6.525789260864258 -2.4686999320983887 25.15740203857422
v 7.183453559875488 -2.4549379348754883 25.860815048217773
v 5.440300941467285 -3.9876298904418945 25.648527145385742
v 5.636515140533447 -4.003137588500977 25.432626724243164
v 5.810031890869141 -3.8336551189422607 25.32198715209961
v 6.4283623695373535 -4.078989505767822 25.976383209228516
v 7.144119739532471 -2.7140345573425293 25.811798095703125
v 2.1061474233478178e-16 1.7197998762130737 26.572002410888672
v 0.10720764845609665 1.6991676092147827 26.638681411743164
v 0.23224195837974548 1.6751044988632202 26.716449737548828
v 0.40242114663124084 1.8889087438583374 26.972379684448242
v 0.49544569849967957 1.624450445175171 26.880151748657227
v 0.5845223069190979 1.605961799621582 26.98746109008789
v 0.625154435634613 1.5814545154571533 27.02301597595215
v 0.0721554160118103 2.049999952316284 27.2998104095459
v 0.5497897863388062 2.049999952316284 27.957822799682617
v 0.7602035403251648 1.5 27.14118766784668
v 0.9495114088058472 1.8889087438583374 27.72607421875
v 1.1150814294815063 1.5 27.630083084106445
v 1.0884448289871216 1.2971580028533936 27.593387603759766
v 1.1150814294815063 1.2639561891555786 27.630083084106445
v 1.2150578498840332 1.1359862089157104 27.852201461791992
v 0.9332999587059021 2.049999952316284 28.80986785888672
v 1.206669569015503 2.049999952316284 29.768789291381836
v 1.558759331703186 0.6786443591117859 26.44696807861328
v 1.5851002931594849 0.6286642551422119 26.147022247314453
v 1.5770018100738525 0.6440306305885315 26.239240646362305
v 1.562325119972229 0.6718785762786865 26.40636444091797
v 1.5683598518371582 0.6353925466537476 26.673015594482422
v 1.5753896236419678 0.603722095489502 26.83853530883789
v 1.6463559865951538 0.39007702469825745 27.08858871459961
v 1.6704530715942383 0.31864801049232483 27.158554077148438
v 1.6783885955810547 0.2959451973438263 27.170610427856445
v 1.7691763639450073 0.5213825702667236 26.99842071533203
v 1.9394958019256592 0.516870379447937 26.76109504699707
v 1.448978066444397 0.8365679383277893 28.371902465820312
v 1.5093059539794922 0.6608130931854248 28.50593376159668
v 2.641566753387451 0.20239096879959106 27.20623016357422
v 2.3461098670959473 0.016000311821699142 27.58694076538086
v 2.4978721141815186 0.19497711956501007 27.460433959960938
v 1.3661428689956665 1.8889087438583374 28.651708602905273
v 1.5454323291778564 1.5 28.58619499206543
v 1.6552199125289917 1.8889087438583374 29.665727615356445
v 1.8410155773162842 1.5 29.623037338256836
v 1.3758724927902222 2.049999952316284 30.73149299621582
v 1.830884337425232 1.8889087438583374 30.665193557739258
v 2.0193564891815186 1.5 30.637733459472656
v 2.3269827365875244 1.8889087438583374 30.843141555786133
v 2.1989355087280273 1.5 30.702146530151367
v 1.5454323291778564 0.5555650591850281 28.58619499206543
v 1.6342878341674805 0.2881690561771393 28.89788055419922
v 1.7802690267562866 0.875008761882782 31.10536003112793
v 1.8545655012130737 0.8389087915420532 31.03380584716797
v 1.8627666234970093 0.8389087915420532 31.041446685791016
v 1.856521725654602 0.8333689570426941 31.03192138671875
v 1.9918937683105469 0.45000001788139343 30.901546478271484
v 2.0152530670166016 0.45000001788139343 30.923309326171875
v 1.9918937683105469 0.3234972655773163 30.901546478271484
v 2.062554359436035 0.45000001788139343 31.010406494140625
v 1.4741380214691162 2.049999952316284 31.579238891601562
v 1.5868679285049438 2.049999952316284 32.12599182128906
v 2.0214176177978516 2.049999952316284 31.77554702758789
v 1.5911169052124023 1.5 31.28753089904785
v 1.717149019241333 1.8889087438583374 31.43046760559082
v 1.8063284158706665 1.8889087438583374 31.51416015625
v 1.9283722639083862 1.8889087438583374 31.5062313079834
v 1.897231936454773 1.5 31.260732650756836
v 2.6361160278320312 2.049999952316284 31.183536529541016
v 2.1165220737457275 1.5 31.475990295410156
v 1.5911169052124023 0.9637390971183777 31.28753089904785
v 1.8463330268859863 0.8813958764076233 31.265188217163086
v 1.897231936454773 0.864973783493042 31.260732650756836
v 2.0784873962402344 0.8389087915420532 31.438655853271484
v 2.1165220737457275 0.8070304989814758 31.475990295410156
v 2.0802721977233887 0.5672149658203125 31.163259506225586
v 2.981566905975342 1.5 30.032146453857422
v 3.0978689193725586 1.8889087438583374 30.183197021484375
v 3.9655609130859375 1.8889087438583374 29.584104537963867
v 3.868788003921509 1.5 29.419570922851562
v 3.3786470890045166 2.049999952316284 30.547866821289062
v 4.199191570281982 2.049999952316284 29.981325149536133
v 5.036834716796875 2.049999952316284 29.56730079650879
v 4.875546455383301 1.8889087438583374 29.134323120117188
v 4.8087382316589355 1.5 28.95497703552246
v 4.448225021362305 2.049999952316284 35.03234100341797
v 4.80540657043457 2.049999952316284 34.603309631347656
v 5.07323694229126 1.8889087438583374 34.70054626464844
v 5.0634050369262695 1.8889087438583374 34.82244873046875
v 5.145697116851807 1.8889087438583374 34.912925720214844
v 5.106409549713135 1.5 34.51288986206055
v 5.318221092224121 1.5 34.735511779785156
v 4.9931511878967285 2.049999952316284 35.15358352661133
v 5.28665018081665 1.5 35.04117202758789
v 5.106409549713135 0.9232512712478638 34.51288986206055
v 5.3089447021484375 0.9061843156814575 34.539573669433594
v 5.308791637420654 1.0000001192092896 34.826805114746094
v 5.295330047607422 1.0000001192092896 34.95713424682617
v 5.318221092224121 0.9689878821372986 34.735511779785156
v 5.33616304397583 1.0000001192092896 34.99134063720703
v 0.48978668451309204 2.049999952316284 41.22441101074219
v 0.2503235340118408 2.049999952316284 41.728694915771484
v 0.2946094870567322 1.5 42.03984832763672
v 0.4510056674480438 1.8889087438583374 41.93096923828125
v 0.5575231909751892 1.8889087438583374 41.870872497558594
v 0.6741842031478882 1.8889087438583374 41.9075813293457
v 0.5855805277824402 1.5 42.13864517211914
v 0.14169126749038696 1.5 43.716033935546875
v 0.379573792219162 1.8889087438583374 42.70133972167969
v 0.5561161041259766 1.5 42.7728157043457
v 0.8285794258117676 2.049999952316284 41.66810607910156
v 1.2849370241165161 2.049999952316284 42.38926315307617
v 0.8497530221939087 1.5 41.98168182373047
v 0.9037516117095947 1.8889087438583374 42.646419525146484
v 0.7458593249320984 1.5 42.752933502197266
v 1.3467985391616821 1.5 43.58976364135742
v 0.589106559753418 0.8389087915420532 42.13655090332031
v 0.5855805277824402 0.8306425213813782 42.13864517211914
v 0.2946094870567322 0.5060576796531677 42.03984832763672
v 0.42633193731307983 0.6529961228370667 42.084571838378906
v 0.40297308564186096 0.45000001788139343 42.211090087890625
v 0.6295453310012817 0.45000001788139343 42.48006820678711
v 0.656556248664856 0.45000001788139343 42.50220489501953
v 0.656556248664856 0.31798866391181946 42.50220489501953
v 0.7159101366996765 0.8899124264717102 42.06120681762695
v 0.7486096620559692 0.8551029562950134 42.254188537597656
v 0.7989721894264221 0.9233218431472778 42.01185607910156
v 0.7301321029663086 0.8389087915420532 42.30397033691406
v 0.6860167384147644 0.6135593056678772 42.422828674316406
v 1.8550852537155151 2.049999952316284 43.18321228027344
v 1.4956722259521484 1.8889087438583374 43.47068786621094
v 2.5174429416656494 2.049999952316284 43.92856216430664
v 2.1960883140563965 1.8889087438583374 44.25886154174805
v 2.062978982925415 1.5 44.39567947387695
v 3.9599781036376953 2.049999952316284 39.08151626586914
v 4.204940319061279 2.049999952316284 39.583152770996094
v 4.518105983734131 2.049999952316284 39.09327697753906
v 4.507634162902832 1.8889087438583374 39.43162155151367
v 4.609073638916016 1.8889087438583374 39.36330032348633
v 4.4882073402404785 1.8889087438583374 39.5523681640625
v 4.475822925567627 1.5 39.742530822753906
v 4.645324230194092 2.049999952316284 40.31417465209961
v 5.366463661193848 2.049999952316284 39.18611526489258
v 4.776471138000488 1.5 39.27223205566406
v 4.734481334686279 1.5 39.576637268066406
v 5.329851150512695 1.8889087438583374 39.644474029541016
v 5.211926460266113 1.5 39.99507522583008
v 5.314685344696045 1.5 39.83433151245117
v 5.099827766418457 2.049999952316284 41.17953872680664
v 5.0459723472595215 1.8889087438583374 40.08853530883789
v 3.2326629161834717 2.049999952316284 44.52983093261719
v 2.9730772972106934 1.8889087438583374 44.91205978393555
v 2.865553140640259 1.5 45.07038497924805
v 3.9484968185424805 2.049999952316284 44.91543960571289
v 3.7930049896240234 1.8889087438583374 45.35374069213867
v 3.7285983562469482 1.5 45.53529357910156
v 4.60638952255249 2.049999952316284 45.04039764404297
v 4.626577854156494 1.8889087438583374 45.51206970214844
v 4.6349406242370605 1.5 45.70744323730469
v 5.149030685424805 2.049999952316284 44.88831329345703
v 5.8238115310668945 2.049999952316284 29.362899780273438
v 5.7769622802734375 1.8889087438583374 28.900197982788086
v 5.757556915283203 1.5 28.708541870117188
v 6.492550849914551 2.049999952316284 29.397905349731445
v 6.624277591705322 1.8889087438583374 28.94455337524414
v 6.678841590881348 1.5 28.75676727294922
v 6.983488082885742 2.049999952316284 29.67461585998535
v 7.324280261993408 1.8889087438583374 29.339099884033203
v 7.252507209777832 2.049999952316284 30.169811248779297
v 7.277076721191406 2.049999952316284 30.83901596069336
v 7.46544075012207 1.5 29.200124740600586
v 7.707860469818115 1.8889087438583374 30.0451717376709
v 7.738990783691406 1.8889087438583374 30.893075942993164
v 7.8964738845825195 1.5 29.993545532226562
v 7.93032169342041 1.5 30.915470123291016
v 6.054109573364258 2.049999952316284 33.26539611816406
v 6.633381366729736 2.049999952316284 32.45378875732422
v 6.414353847503662 1.8889087438583374 33.55183029174805
v 6.563571453094482 1.5 33.670475006103516
v 5.406933784484863 2.049999952316284 33.997920989990234
v 5.742464065551758 1.8889087438583374 34.31232833862305
v 5.912651062011719 1.8889087438583374 34.81114196777344
v 5.881445407867432 1.5 34.44255828857422
v 5.943049907684326 1.5 34.62311935424805
v 5.839262008666992 2.049999952316284 35.26506423950195
v 5.446366310119629 1.0000001192092896 34.88043212890625
v 5.506989479064941 0.9723594784736633 34.819419860839844
v 5.766689300537109 0.8676114082336426 34.599884033203125
v 5.786759853363037 0.8659200668334961 34.6025276184082
v 5.799680233001709 0.8389087915420532 34.52484893798828
v 5.804473400115967 0.8261715769767761 34.520023345947266
v 5.8264570236206055 0.8389087915420532 34.53528594970703
v 5.929708480834961 0.8389087915420532 34.621360778808594
v 5.943049907684326 0.8242155313491821 34.62311935424805
v 5.880841255187988 0.6232278347015381 34.44316482543945
v 5.881445407867432 0.6214836835861206 34.44255828857422
v 5.934385776519775 0.45821160078048706 34.38263702392578
v 5.937048435211182 0.45000001788139343 34.37962341308594
v 6.1381120681762695 0.6277927160263062 34.66054916381836
v 6.314673900604248 0.45000001788139343 34.694427490234375
v 7.060423851013184 2.049999952316284 31.62270736694336
v 7.026909828186035 1.8889087438583374 32.69358825683594
v 7.189914226531982 1.5 32.79291534423828
v 7.490832805633545 1.8889087438583374 31.79073143005371
v 7.669114112854004 1.5 31.860328674316406
v 6.954838752746582 1.5 34.81726837158203
v 6.799209117889404 2.049999952316284 35.44926452636719
v 6.9092559814453125 1.8889087438583374 35.002376556396484
v 7.753748893737793 2.049999952316284 35.7375602722168
v 7.918642997741699 1.8889087438583374 35.30723571777344
v 7.98694372177124 1.5 35.128990173339844
v 8.599709510803223 2.049999952316284 36.134315490722656
v 8.936226844787598 1.5 35.57420349121094
v 8.837662696838379 1.8889087438583374 35.73825454711914
v 9.720477104187012 1.5 36.16236877441406
v 5.5178327560424805 1.8889087438583374 40.98694610595703
v 5.690975189208984 1.5 40.90717315673828
v 6.342681884765625 2.049999952316284 39.23537826538086
v 6.343348026275635 1.8889087438583374 39.695613861083984
v 6.343624114990234 1.5 39.886253356933594
v 7.3383917808532715 2.049999952316284 39.18224334716797
v 7.396270275115967 1.8889087438583374 39.639427185058594
v 7.420244216918945 1.5 39.828800201416016
v 5.46957540512085 2.049999952316284 42.10557556152344
v 5.908824920654297 1.8889087438583374 41.96619415283203
v 5.686827182769775 2.049999952316284 43.014347076416016
v 5.710984706878662 2.049999952316284 43.82707595825195
v 6.090768337249756 1.5 41.9084587097168
v 6.144839763641357 1.8889087438583374 42.95344924926758
v 6.334554672241211 1.5 42.928226470947266
v 6.172510147094727 1.8889087438583374 43.884361267089844
v 6.363680362701416 1.5 43.9080924987793
v 5.528048038482666 2.049999952316284 44.47126007080078
v 5.940722942352295 1.8889087438583374 44.700565338134766
v 5.400301456451416 1.8889087438583374 45.295223236083984
v 5.5043816566467285 1.5 45.463768005371094
v 6.111658096313477 1.5 44.79554748535156
v 9.250188827514648 2.049999952316284 36.622154235839844
v 9.002211570739746 2.049999952316284 38.678707122802734
v 8.254414558410645 2.049999952316284 38.99794387817383
v 8.391404151916504 1.8889087438583374 39.439212799072266
v 8.448147773742676 1.5 39.62199401855469
v 9.247942924499512 1.8889087438583374 39.073551177978516
v 9.349727630615234 1.5 39.23710250854492
v 9.639771461486816 2.049999952316284 37.16682434082031
v 9.582733154296875 1.8889087438583374 36.29703903198242
v 10.076347351074219 1.8889087438583374 36.98714828491211
v 9.729524612426758 2.049999952316284 37.72317886352539
v 9.510096549987793 2.049999952316284 38.24225616455078
v 9.891450881958008 1.8889087438583374 38.52055358886719
v 10.049413681030273 1.5 38.63582992553711
v 10.257184028625488 1.5 36.91272735595703
v 10.20432186126709 1.8889087438583374 37.78042984008789
v 10.400989532470703 1.5 37.80414581298828
v 1.011654257774353 -1.349289894104004 27.32892608642578
v 1.3312755823135376 -1.0119726657867432 27.48741912841797
v 1.0918517112731934 -1.3012181520462036 27.388954162597656
v 1.0884448289871216 -1.2971580028533936 27.593387603759766
v 1.1445543766021729 -1.2366995811462402 27.4320011138916
v 1.1150814294815063 -1.2639561891555786 27.630083084106445
v 1.207557201385498 -1.1595717668533325 27.483461380004883
v 1.328644871711731 -0.9905946850776672 28.104557037353516
v 1.0919445830190008e-16 -1.7197999954223633 26.572002410888672
v 0.1282660812139511 -1.6951148509979248 26.651779174804688
v 0.35614776611328125 -1.6512585878372192 26.793514251708984
v 0.4954456686973572 -1.624450445175171 26.88015365600586
v 0.5845223069190979 -1.6059616804122925 26.98746109008789
v 0.40242114663124084 -1.8889086246490479 26.972379684448242
v 0.0721554160118103 -2.049999952316284 27.2998104095459
v 0.5497897863388062 -2.049999952316284 27.957822799682617
v 0.8244260549545288 -1.4874380826950073 26.309593200683594
v 0.7602035403251648 -1.5 27.141185760498047
v 0.8569440841674805 -1.4570692777633667 26.702865600585938
v 0.8824436664581299 -1.434095025062561 26.982769012451172
v 0.883996844291687 -1.43306565284729 26.987268447875977
v 0.8980292081832886 -1.4237654209136963 27.027923583984375
v 0.9013401865959167 -1.4215953350067139 27.03669548034668
v 0.8790410757064819 -1.4364328384399414 26.97010612487793
v 0.8793460130691528 -1.4361480474472046 26.973793029785156
v 0.908804714679718 -1.4486650228500366 26.998098373413086
v 0.9855027794837952 -1.3664309978485107 27.259647369384766
v 0.9495114088058472 -1.8889086246490479 27.72607421875
v 1.1150814294815063 -1.5 27.630083084106445
v 0.6645765900611877 -2.049999952316284 30.112863540649414
v 0.9332999587059021 -2.049999952316284 28.80986785888672
v 1.206669569015503 -2.049999952316284 29.768789291381836
v 1.3056938648223877 -2.049999952316284 30.33220100402832
v 1.6729189157485962 -0.2949807345867157 27.384838104248047
v 1.5981097221374512 -0.497591108083725 27.424034118652344
v 1.4687381982803345 -0.8479764461517334 27.491819381713867
v 1.6303521394729614 -1.3489547967910767 27.75152587890625
v 1.448978066444397 -0.8365679383277893 28.371902465820312
v 1.5594228506088257 -1.5946524143218994 27.676227569580078
v 1.6108757257461548 -1.7631443738937378 27.4432315826416
v 2.331240177154541 -1.9552661180496216 28.042072296142578
v 2.4133546352386475 -1.7147945165634155 28.12267303466797
v 2.3556904792785645 -2.1111419200897217 27.79627799987793
v 1.6342878341674805 -0.2881690561771393 28.89788055419922
v 1.5778809785842896 -0.4579162001609802 28.70001792907715
v 1.5454323291778564 -0.5555650591850281 28.58619499206543
v 1.5454323291778564 -1.5 28.58619499206543
v 1.3661428689956665 -1.8889086246490479 28.651708602905273
v 1.6552199125289917 -1.8889086246490479 29.665727615356445
v 1.8410155773162842 -1.5 29.623037338256836
v 1.4243584871292114 -2.011500358581543 30.372798919677734
v 2.0193564891815186 -1.5 30.637733459472656
v 1.9918937683105469 -1.5 30.901546478271484
v 2.0152530670166016 -1.5754979848861694 30.923309326171875
v 2.0152530670166016 -1.5651228427886963 30.923309326171875
v 1.7507373094558716 -1.9172836542129517 30.67687225341797
v 1.830884337425232 -1.8889086246490479 30.665193557739258
v 1.8421049118041992 -1.8889086246490479 30.761995315551758
v 1.8761661052703857 -1.827255368232727 30.79372787475586
v 2.062554359436035 -1.5 31.010406494140625
v 2.03210711479187 -1.6346676349639893 30.954341888427734
v 2.1989355087280273 -1.5 30.702146530151367
v 2.093721389770508 -1.8889086246490479 31.067792892456055
v 2.3269827365875244 -1.8889086246490479 30.843141555786133
v 0.0984112098813057 -3.3000001907348633 30.84995460510254
v 0.6645765900611877 -2.75 30.112863540649414
v 0.646169126033783 -3.138908624649048 30.307781219482422
v 0.6017293334007263 -3.3000001907348633 30.778350830078125
v 1.082743763923645 -3.3000001907348633 30.942913055419922
v 1.324301838874817 -3.138908624649048 30.53978157043457
v 1.4243584871292114 -2.75 30.372798919677734
v 2.0152530670166016 -2.75 30.923309326171875
v 1.8627666234970093 -3.138908624649048 31.041446685791016
v 2.321263074874878 -2.049999952316284 31.48676872253418
v 2.4093093872070312 -2.049999952316284 31.648889541625977
v 2.6361160278320312 -2.049999952316284 31.183536529541016
v 2.6236231327056885 -2.049999952316284 32.46784591674805
v 2.6840720176696777 -2.049999952316284 33.309349060058594
v 2.0974063873291016 -2.049999952316284 34.332393646240234
v 2.630295515060425 -2.049999952316284 34.0966796875
v 2.699052333831787 -2.049999952316284 34.157283782958984
v 2.459329605102539 -2.049999952316284 34.35993957519531
v 2.532083511352539 -2.049999952316284 34.715545654296875
v -1.0666278931912028e-16 -3.3000001907348633 34.79215621948242
v 0.05200006067752838 -3.3000001907348633 34.79848098754883
v -1.1166988562047117e-16 -3.3563320636749268 34.85495376586914
v 0.5162878632545471 -3.3000001907348633 34.85495376586914
v 0.5559189319610596 -3.3000001907348633 34.86262512207031
v 0.5659892559051514 -3.3000001907348633 34.86457443237305
v -1.400296074857292e-16 -3.6753904819488525 35.421024322509766
v -1.6136766444626552e-16 -3.915452241897583 36.0988655090332
v 0.932776153087616 -3.3000001907348633 35.07063293457031
v 1.2655904293060303 -3.3000001907348633 35.257606506347656
v 1.344180941581726 -3.3745176792144775 35.421024322509766
v 0.7066776752471924 -3.598285436630249 35.421024322509766
v 0.8143629431724548 -3.8265976905822754 36.0988655090332
v 1.4946321249008179 -3.3000001907348633 31.32665252685547
v 1.8004580736160278 -3.3000001907348633 31.889772415161133
v 1.9795960187911987 -3.3000001907348633 32.57431411743164
v 2.23098087310791 -3.138908624649048 31.71944236755371
v 2.4093093872070312 -2.75 31.648889541625977
v 2.0324790477752686 -3.3000001907348633 33.31049346923828
v 2.6236231327056885 -2.75 32.46784591674805
v 2.4349918365478516 -3.138908624649048 32.49903106689453
v 2.6840720176696777 -2.75 33.309349060058594
v 2.493224859237671 -3.138908624649048 33.30968475341797
v 1.9837828874588013 -3.3000001907348633 34.02344512939453
v 1.8864001035690308 -3.3000001907348633 34.637088775634766
v 1.3624229431152344 -3.3000001907348633 35.34233474731445
v 1.452351450920105 -3.3000001907348633 35.421024322509766
v 1.8514872789382935 -3.3000001907348633 35.04952621459961
v 1.6980944871902466 -3.3000001907348633 35.763240814208984
v 1.9391047954559326 -3.3000001907348633 36.0988655090332
v 1.5490105152130127 -3.5687317848205566 36.0988655090332
v 2.0974063873291016 -2.75 34.332393646240234
v 2.143939733505249 -3.138908624649048 34.51713180541992
v 2.281296730041504 -3.138908624649048 34.56191635131836
v 2.3429672718048096 -3.138908624649048 34.69256591796875
v 2.630295515060425 -2.75 34.0966796875
v 2.699052333831787 -2.75 34.157283782958984
v 2.4409360885620117 -3.138908624649048 34.07522964477539
v 2.459329605102539 -2.75 34.35993957519531
v 2.532083511352539 -2.75 34.715545654296875
v 2.2562813758850098 -3.3000001907348633 34.9631233215332
v 3.2696895599365234 -0.1656365990638733 27.826278686523438
v 3.1291122436523438 -0.34983938932418823 27.958086013793945
v 3.3863816261291504 -0.14560644328594208 27.559274673461914
v 3.941788911819458 -0.7435383200645447 28.227237701416016
v 3.132477283477783 -2.3434231281280518 28.30743408203125
v 3.2260313034057617 -2.1084933280944824 28.391822814941406
v 3.129309892654419 -2.48591947555542 28.052492141723633
v 2.981566905975342 -1.5 30.032146453857422
v 3.0978689193725586 -1.8889086246490479 30.183197021484375
v 3.868788003921509 -1.5 29.419570922851562
v 3.9655609130859375 -1.8889086246490479 29.584104537963867
v 3.3786470890045166 -2.049999952316284 30.547866821289062
v 4.160000801086426 -0.5203841328620911 27.815488815307617
v 4.070926666259766 -0.5537936687469482 28.09164047241211
v 4.8880085945129395 -0.9629335999488831 28.25189208984375
v 4.948484897613525 -0.9152041077613831 27.970130920410156
v 4.770716667175293 -1.1586098670959473 28.38981056213379
v 4.054958820343018 -2.5235650539398193 28.55439567565918
v 4.199191570281982 -2.049999952316284 29.981325149536133
v 4.8087382316589355 -1.5 28.95497703552246
v 4.875546455383301 -1.8889086246490479 29.134323120117188
v 5.036834716796875 -2.049999952316284 29.56730079650879
v 3.9177935123443604 -2.880739450454712 28.207134246826172
v 3.949559211730957 -2.752563238143921 28.467683792114258
v 4.707202911376953 -3.2888643741607666 28.255460739135742
v 4.768918991088867 -3.1761724948883057 28.51784324645996
v 4.886724472045898 -2.9535880088806152 28.605316162109375
v 3.473407745361328 -2.049999952316284 34.0051155090332
v 4.3158416748046875 -2.049999952316284 33.95947265625
v 5.155219554901123 -2.049999952316284 34.069305419921875
v 5.285532474517822 -2.049999952316284 34.12010192871094
v 2.744097948074341 -3.138908624649048 34.34245300292969
v 2.8528475761413574 -3.3000001907348633 34.789493560791016
v 3.473407745361328 -2.75 34.0051155090332
v 3.497027635574341 -3.138908624649048 34.194496154785156
v 3.5540518760681152 -3.3000001907348633 34.65169906616211
v 4.3158416748046875 -2.75 33.95947265625
v 4.308579921722412 -3.138908624649048 34.1505241394043
v 4.291048526763916 -3.3000001907348633 34.61176681518555
v 4.9926581382751465 -3.3000001907348633 34.703575134277344
v 5.155219554901123 -2.75 34.069305419921875
v 5.107606887817383 -3.138908624649048 34.25507736206055
v 0.8812127113342285 -3.9683313369750977 36.854488372802734
v 0.9038746953010559 -4.016378879547119 37.650001525878906
v 0.8812127113342285 -3.9683313369750977 38.44551086425781
v -1.746140686012407e-16 -4.064479827880859 36.854488372802734
v -1.7910460053621957e-16 -4.114999771118164 37.650001525878906
v -1.746140686012407e-16 -4.064479827880859 38.44551086425781
v -1.6136766444626552e-16 -3.915452241897583 39.201133728027344
v -1.400296074857292e-16 -3.6753904819488525 39.87897491455078
v -1.0460678889322788e-16 -3.276869297027588 40.533634185791016
v -1.1166988562047117e-16 -3.3563320636749268 40.44504928588867
v 0.05737544223666191 -3.3000001907348633 40.50086975097656
v 0.232827827334404 -3.3000001907348633 40.84547424316406
v 0.5162878632545471 -3.3000001907348633 40.44504928588867
v 0.5659892559051514 -3.3000001907348633 40.435428619384766
v 0.6140875816345215 -3.3000001907348633 40.40840530395508
v 1.2655904293060303 -3.3000001907348633 40.04239273071289
v 1.344180941581726 -3.3745176792144775 39.87897491455078
v 0.8143629431724548 -3.8265976905822754 39.201133728027344
v 0.7066776752471924 -3.598285436630249 39.87897491455078
v 2.0160093307495117 -3.3000001907348633 36.291175842285156
v 1.6761661767959595 -3.6892974376678467 36.854488372802734
v 1.6761661767959595 -3.6892974376678467 38.44551086425781
v 1.7192718982696533 -3.7301692962646484 37.650001525878906
v 2.2412753105163574 -3.3000001907348633 36.854488372802734
v 2.2510361671447754 -3.3000001907348633 36.930294036865234
v 2.3437106609344482 -3.3000001907348633 37.650001525878906
v 2.3397607803344727 -3.3000001907348633 37.6806755065918
v 2.2412753105163574 -3.3000001907348633 38.44551086425781
v 2.1976797580718994 -3.3000001907348633 38.554527282714844
v 2.5698113441467285 -3.3000001907348633 38.26178741455078
v 1.452351450920105 -3.3000001907348633 39.87897491455078
v 1.627220630645752 -3.3000001907348633 39.63545608520508
v 1.9391047954559326 -3.3000001907348633 39.201133728027344
v 1.5490105152130127 -3.5687317848205566 39.201133728027344
v 0.40297308564186096 -1.4160608053207397 42.211090087890625
v 0.418351948261261 -1.506603479385376 42.229347229003906
v 0.40297308564186096 -1.5 42.211090087890625
v 0.656556248664856 -1.5 42.50220489501953
v 0.600731611251831 -1.6469604969024658 42.44586181640625
v 0.6295453310012817 -1.5674638748168945 42.48006820678711
v 0.5130372643470764 -1.8889086246490479 42.34175491333008
v 0.08601895719766617 -2.049999952316284 41.83481216430664
v 0.1727299839258194 -2.049999952316284 41.93775177001953
v 0.14169126749038696 -1.5 43.716033935546875
v 0.5561161041259766 -1.5 42.7728157043457
v 0.379573792219162 -1.8889086246490479 42.70133972167969
v 0.7458593249320984 -1.5 42.752933502197266
v 0.8646886944770813 -1.792691707611084 42.67277145385742
v 1.0056058168411255 -1.8889086246490479 42.78825378417969
v 1.2842987775802612 -1.9215567111968994 43.01664733886719
v 1.3467985391616821 -1.5 43.58976364135742
v 1.4956722259521484 -1.8889086246490479 43.47068786621094
v 1.7723604440689087 -2.0129220485687256 43.2493782043457
v 2.017957925796509 -2.049999952316284 43.366493225097656
v 2.029582977294922 -2.049999952316284 43.37203598022461
v 2.062978982925415 -1.5 44.39567947387695
v 2.1960883140563965 -1.8889086246490479 44.25886154174805
v 2.5174429416656494 -2.049999952316284 43.92856216430664
v 0.08601895719766617 -2.75 41.83481216430664
v 0.2402203232049942 -3.138908624649048 41.72236251831055
v 0.6124954223632812 -3.3000001907348633 41.450889587402344
v 0.6295453310012817 -2.75 42.48006820678711
v 0.7638221979141235 -3.138908624649048 42.34396743774414
v 1.087994933128357 -3.3000001907348633 42.015384674072266
v 1.2842987775802612 -2.75 43.01664733886719
v 1.6352826356887817 -3.3000001907348633 42.46389389038086
v 1.3870996236801147 -3.138908624649048 42.85475158691406
v 2.083508253097534 -3.138908624649048 43.186832427978516
v 2.2136952877044678 -3.3000001907348633 42.73971176147461
v 2.029582977294922 -2.75 43.37203598022461
v 3.3278374671936035 -2.049999952316284 38.27406311035156
v 3.4134793281555176 -2.049999952316284 38.62678527832031
v 3.6802945137023926 -2.049999952316284 38.792152404785156
v 3.7166876792907715 -2.049999952316284 38.708030700683594
v 3.097761869430542 -2.049999952316284 38.80586624145508
v 3.9599781036376953 -2.049999952316284 39.08151626586914
v 4.4821014404296875 -2.049999952316284 38.51587677001953
v 5.263737201690674 -2.049999952316284 38.19834899902344
v 4.507634162902832 -1.8889086246490479 39.43162155151367
v 4.609073638916016 -1.8889086246490479 39.36330032348633
v 4.475822925567627 -1.5 39.742530822753906
v 4.4882073402404785 -1.8889086246490479 39.5523681640625
v 4.064303874969482 -2.049999952316284 39.48158264160156
v 4.204940319061279 -2.049999952316284 39.583152770996094
v 4.518105983734131 -2.049999952316284 39.09327697753906
v 4.368041515350342 -2.049999952316284 40.268680572509766
v 4.645324230194092 -2.049999952316284 40.31417465209961
v 4.522966384887695 -2.049999952316284 41.10091781616211
v 4.776471138000488 -1.5 39.27223205566406
v 4.734481334686279 -1.5 39.576637268066406
v 5.211926460266113 -1.5 39.99507522583008
v 5.314685344696045 -1.5 39.83433151245117
v 5.329851150512695 -1.8889086246490479 39.644474029541016
v 5.366463661193848 -2.049999952316284 39.18611526489258
v 5.0459723472595215 -1.8889086246490479 40.08853530883789
v 5.099827766418457 -2.049999952316284 41.17953872680664
v 2.777071952819824 -3.3000001907348633 38.62006759643555
v 2.972851037979126 -3.3000001907348633 38.16754150390625
v 3.3278374671936035 -2.75 38.27406311035156
v 3.1665220260620117 -3.138908624649048 38.37540817260742
v 3.061176300048828 -3.138908624649048 38.61890411376953
v 3.166374683380127 -3.138908624649048 38.51987838745117
v 3.5865514278411865 -3.3000001907348633 38.07052993774414
v 3.4134793281555176 -2.75 38.62678527832031
v 3.6802945137023926 -2.75 38.792152404785156
v 3.6785714626312256 -3.138908624649048 38.52131271362305
v 3.7166876792907715 -2.75 38.708030700683594
v 3.097761869430542 -2.75 38.80586624145508
v 3.1265532970428467 -3.3000001907348633 39.13378143310547
v 3.5181071758270264 -3.138908624649048 38.8922119140625
v 3.4742865562438965 -3.3000001907348633 39.758087158203125
v 3.891491651535034 -3.138908624649048 39.56256866455078
v 3.740008592605591 -3.3000001907348633 40.44667434692383
v 3.8695056438446045 -3.3000001907348633 41.142311096191406
v 4.279658794403076 -3.3000001907348633 37.89653015136719
v 4.4821014404296875 -2.75 38.51587677001953
v 4.422807216644287 -3.138908624649048 38.334476470947266
v 4.963466167449951 -3.3000001907348633 37.618743896484375
v 5.1757893562316895 -3.138908624649048 38.028587341308594
v 5.263737201690674 -2.75 38.19834899902344
v 4.064303874969482 -2.75 39.48158264160156
v 4.368041515350342 -2.75 40.268680572509766
v 4.1840949058532715 -3.138908624649048 40.32081604003906
v 4.33157205581665 -3.138908624649048 41.113040924072266
v 4.522966384887695 -2.75 41.10091781616211
v 2.8312082290649414 -2.049999952316284 43.470088958740234
v 3.598670721054077 -2.049999952316284 43.23379135131836
v 2.865553140640259 -1.5 45.07038497924805
v 2.9730772972106934 -1.8889086246490479 44.91205978393555
v 3.2326629161834717 -2.049999952316284 44.52983093261719
v 3.9484968185424805 -2.049999952316284 44.91543960571289
v 3.7285983562469482 -1.5 45.53529357910156
v 3.7930049896240234 -1.8889086246490479 45.35374069213867
v 4.475496768951416 -2.049999952316284 41.92523193359375
v 4.175367832183838 -2.049999952316284 42.674991607666016
v 4.60638952255249 -2.049999952316284 45.04039764404297
v 4.6349406242370605 -1.5 45.70744323730469
v 4.626577854156494 -1.8889086246490479 45.51206970214844
v 5.149030685424805 -2.049999952316284 44.88831329345703
v 2.772475481033325 -3.3000001907348633 42.80805969238281
v 2.8312082290649414 -2.75 43.470088958740234
v 2.8140058517456055 -3.138908624649048 43.27618408203125
v 3.258352756500244 -3.3000001907348633 42.6584587097168
v 3.623457193374634 -3.3000001907348633 42.3046875
v 3.8326644897460938 -3.3000001907348633 41.78206253051758
v 4.013717174530029 -3.138908624649048 42.566532135009766
v 3.598670721054077 -2.75 43.23379135131836
v 3.4989938735961914 -3.138908624649048 43.06528091430664
v 4.287215232849121 -3.138908624649048 41.883296966552734
v 4.475496768951416 -2.75 41.92523193359375
v 4.175367832183838 -2.75 42.674991607666016
v 5.737894058227539 -1.3233288526535034 28.018457412719727
v 5.70736837387085 -1.3865429162979126 28.302051544189453
v 5.602482318878174 -1.5886329412460327 28.440731048583984
v 6.514288902282715 -1.738020658493042 27.955724716186523
v 6.515309810638428 -1.8180842399597168 28.236770629882812
v 6.423490524291992 -2.027153491973877 28.374393463134766
v 5.757556915283203 -1.5 28.708541870117188
v 5.7769622802734375 -1.8889086246490479 28.900197982788086
v 5.8238115310668945 -2.049999952316284 29.362899780273438
v 6.678841590881348 -1.5 28.75676727294922
v 6.624277591705322 -1.8889086246490479 28.94455337524414
v 6.492550849914551 -2.049999952316284 29.397905349731445
v 7.055722713470459 -2.2540979385375977 26.030359268188477
v 7.263729572296143 -2.152541160583496 27.777193069458008
v 7.297815799713135 -2.2508935928344727 28.05035972595215
v 7.219693183898926 -2.467538356781006 28.184720993041992
v 7.7106451988220215 -2.6443893909454346 26.582317352294922
v 7.5606369972229 -2.4355437755584717 26.72137451171875
v 7.972277641296387 -2.560153007507324 27.478116989135742
v 7.324280261993408 -1.8889086246490479 29.339099884033203
v 6.983488082885742 -2.049999952316284 29.67461585998535
v 7.252507209777832 -2.049999952316284 30.169811248779297
v 7.277076721191406 -2.049999952316284 30.83901596069336
v 7.46544075012207 -1.5 29.200124740600586
v 7.707860469818115 -1.8889086246490479 30.0451717376709
v 7.738990783691406 -1.8889086246490479 30.893075942993164
v 7.8964738845825195 -1.5 29.993545532226562
v 7.93032169342041 -1.5 30.915470123291016
v 5.483597755432129 -3.7035560607910156 28.19272804260254
v 5.707732677459717 -3.392108678817749 28.538978576660156
v 5.576860427856445 -3.6077136993408203 28.45256233215332
v 6.3593668937683105 -4.040523052215576 28.26615333557129
v 6.50393533706665 -3.832493543624878 28.349306106567383
v 6.025031566619873 -4.219633102416992 26.267362594604492
v 6.245004653930664 -4.244567394256592 26.07660675048828
v 6.5299458503723145 -4.401079177856445 26.958377838134766
v 6.233038425445557 -4.118076324462891 28.014196395874023
v 7.680539131164551 -2.90680193901062 26.545928955078125
v 6.964781284332275 -4.271757125854492 26.710514068603516
v 6.772195816040039 -4.434019088745117 26.798110961914062
v 6.941586494445801 -4.525688648223877 27.715120315551758
v 7.316066265106201 -4.59374475479126 27.838668823242188
v 7.563423156738281 -4.446028709411621 27.868635177612305
v 6.054109573364258 -2.049999952316284 33.26539611816406
v 6.563571453094482 -1.5 33.670475006103516
v 6.414353847503662 -1.8889086246490479 33.55183029174805
v 6.633381366729736 -2.049999952316284 32.45378875732422
v 5.716670989990234 -1.9012922048568726 34.28815841674805
v 5.751739978790283 -1.8889086246490479 34.30183029174805
v 5.937048435211182 -1.5 34.37962341308594
v 5.924520969390869 -1.5333037376403809 34.369178771972656
v 5.925072193145752 -1.5318381786346436 34.36963653564453
v 5.406933784484863 -2.049999952316284 33.997920989990234
v 6.314673900604248 -1.5 34.694427490234375
v 6.45852518081665 -1.6852071285247803 34.81435012817383
v 6.544839859008789 -1.7963364124298096 34.88630676269531
v 6.56978702545166 -1.8889086246490479 34.93723678588867
v 7.060423851013184 -2.049999952316284 31.62270736694336
v 7.026909828186035 -1.8889086246490479 32.69358825683594
v 7.189914226531982 -1.5 32.79291534423828
v 7.669114112854004 -1.5 31.860328674316406
v 7.490832805633545 -1.8889086246490479 31.79073143005371
v 6.954838752746582 -1.5 34.81726837158203
v 6.9092559814453125 -1.8889086246490479 35.002376556396484
v 6.806362628936768 -2.0395281314849854 35.42021560668945
v 6.824305534362793 -2.049999952316284 35.456844329833984
v 6.8980793952941895 -2.049999952316284 35.60745620727539
v 7.98694372177124 -1.5 35.128990173339844
v 7.918642997741699 -1.8889086246490479 35.30723571777344
v 7.753748893737793 -2.049999952316284 35.7375602722168
v 5.589710235595703 -3.3000001907348633 34.93630599975586
v 5.924520969390869 -2.75 34.369178771972656
v 5.8264570236206055 -3.138908624649048 34.53528594970703
v 6.022109508514404 -3.3000001907348633 35.29677200317383
v 6.544839859008789 -2.75 34.88630676269531
v 6.391736030578613 -3.138908624649048 35.00653076171875
v 6.245743751525879 -3.3000001907348633 35.75333023071289
v 6.707014560699463 -3.138908624649048 35.65018081665039
v 6.8980793952941895 -2.75 35.60745620727539
v 8.254515647888184 -2.804115056991577 27.62287712097168
v 8.279181480407715 -3.081073760986328 27.704050064086914
v 8.599709510803223 -2.049999952316284 36.134315490722656
v 8.936226844787598 -1.5 35.57420349121094
v 8.837662696838379 -1.8889086246490479 35.73825454711914
v 9.720477104187012 -1.5 36.16236877441406
v 5.976383209228516 -2.049999952316284 37.741451263427734
v 6.544682025909424 -2.049999952316284 37.1424674987793
v 5.690975189208984 -1.5 40.90717315673828
v 5.5178327560424805 -1.8889086246490479 40.98694610595703
v 6.343624114990234 -1.5 39.886253356933594
v 6.343348026275635 -1.8889086246490479 39.695613861083984
v 6.342681884765625 -2.049999952316284 39.23537826538086
v 6.885651588439941 -2.049999952316284 36.41037368774414
v 7.420244216918945 -1.5 39.828800201416016
v 7.396270275115967 -1.8889086246490479 39.639427185058594
v 7.3383917808532715 -2.049999952316284 39.18224334716797
v 5.559145450592041 -3.3000001907348633 37.236839294433594
v 6.000199794769287 -3.3000001907348633 36.77196502685547
v 5.976383209228516 -2.75 37.741451263427734
v 5.854177474975586 -3.138908624649048 37.59365463256836
v 6.237875938415527 -3.3000001907348633 36.261653900146484
v 6.385206699371338 -3.138908624649048 37.03395080566406
v 6.6959228515625 -3.138908624649048 36.366817474365234
v 6.544682025909424 -2.75 37.1424674987793
v 6.885651588439941 -2.75 36.41037368774414
v 5.908824920654297 -1.8889086246490479 41.96619415283203
v 5.46957540512085 -2.049999952316284 42.10557556152344
v 5.686827182769775 -2.049999952316284 43.014347076416016
v 5.710984706878662 -2.049999952316284 43.82707595825195
v 6.090768337249756 -1.5 41.9084587097168
v 6.334554672241211 -1.5 42.928226470947266
v 6.144839763641357 -1.8889086246490479 42.95344924926758
v 6.363680362701416 -1.5 43.9080924987793
v 6.172510147094727 -1.8889086246490479 43.884361267089844
v 5.940722942352295 -1.8889086246490479 44.700565338134766
v 5.528048038482666 -2.049999952316284 44.47126007080078
v 5.5043816566467285 -1.5 45.463768005371094
v 5.400301456451416 -1.8889086246490479 45.295223236083984
v 6.111658096313477 -1.5 44.79554748535156
v 9.250188827514648 -2.049999952316284 36.622154235839844
v 9.002211570739746 -2.049999952316284 38.678707122802734
v 8.391404151916504 -1.8889086246490479 39.439212799072266
v 8.448147773742676 -1.5 39.62199401855469
v 8.254414558410645 -2.049999952316284 38.99794387817383
v 9.349727630615234 -1.5 39.23710250854492
v 9.247942924499512 -1.8889086246490479 39.073551177978516
v 9.582733154296875 -1.8889086246490479 36.29703903198242
v 10.076347351074219 -1.8889086246490479 36.98714828491211
v 9.639771461486816 -2.049999952316284 37.16682434082031
v 10.049413681030273 -1.5 38.63582992553711
v 9.891450881958008 -1.8889086246490479 38.52055358886719
v 9.729524612426758 -2.049999952316284 37.72317886352539
v 9.510096549987793 -2.049999952316284 38.24225616455078
v 10.257184028625488 -1.5 36.91272735595703
v 10.400989532470703 -1.5 37.80414581298828
v 10.20432186126709 -1.8889086246490479 37.78042984008789
vn -0.6268143630583232 0.4652734977603214 -0.6249994612362997
vn -0.49853252355996686 0.5825321556496579 -0.641966985589675
vn -0.4109448258084711 0.35589880301848115 0.8393213878790757
vn -0.3227026252479115 0.4401324511316067 0.8379417886219721
vn -0.45967724081022177 0.2020590566502804 -0.864794178927391
vn -0.47976509514915217 0.25549385366069527 0.83937378099279
vn -0.707616874677258 0.13590148264979038 -0.6934040277396566
vn -0.7509067586504395 -0.026032894613665657 -0.6598949372522297
vn -0.5431943021403113 0.022033198136455406 0.8393178708345128
vn -0.5729424832702912 0.15544937223384478 0.8047188350822764
vn -0.7619331999776126 0.33774962687298526 -0.5526146834088239
vn -0.7966433758042372 -0.4069852528166044 -0.4469030496394419
vn -0.7302782983064143 0.35339336868570537 0.58464239838696
vn -0.9435752561986189 0.3239713883809391 0.06861687401971334
vn -0.8407427929543705 -0.5412650872396183 -0.013552174392798454
vn -0.45587777649852773 -0.882807961495835 -0.11324997136567844
vn -0.21423299997123266 0.9369138648266113 -0.2762184490923585
vn -0.7331936594565849 0.4553803053522957 -0.5050305290078131
vn -0.634507350555216 0.433516050208329 -0.639893941449026
vn -0.12884597152307709 0.9275607230578501 -0.35075607002969
vn -0.07014551039123423 0.9085212382809448 -0.4119086876534799
vn -0.5464422044193077 0.4049851251974647 -0.7330675041209788
vn 0.3945571073597767 0.9139328938925484 0.09513860674341212
vn -0.009139521046254564 0.8869431017646962 -0.4617882668356405
vn -0.45464461631188907 0.3726410236077771 -0.8089727686289343
vn 0.21417857135971297 0.9693762401783013 -0.12015508540254391
vn -0.6061256034159621 -0.7463196642005122 -0.27498856651008313
vn -0.6650563274361041 0.3126545452483926 -0.678194084811068
vn -0.7338625275233607 -0.43170226106122245 -0.5244796931165713
vn -0.4230515917131518 -0.8975745355199222 -0.12404557200950288
vn -0.5759515365417209 0.2831086018218323 -0.7668959167512355
vn -0.6748077385632748 -0.4512892440534043 -0.5839285351623312
vn -0.5561075850567961 -0.7597864926304064 -0.3368513610758957
vn -0.3875567011192101 0.213568985032708 -0.8967653494921033
vn -0.5498901110924924 -0.4976174625096647 -0.6708186988509854
vn -0.6134098910055937 -0.4733794142973711 -0.6321710494288577
vn -0.48337743491335594 0.24994531690125166 -0.8389717480199899
vn -0.47427377670504506 -0.8479043942505673 -0.23690192684001518
vn -0.4991130905865876 -0.779820811859477 -0.3778433858041332
vn -0.09601064765278985 0.9203445309480273 0.37914100265118716
vn 0.3731619819733679 0.9162808912165137 0.14553165841554752
vn 0.15666095604867095 0.9860440895075739 -0.05634179973248931
vn 0.30707133154379657 0.8673393821837132 0.39170089795288265
vn 0.10134334763149487 0.6883550218993014 0.718259625565056
vn -0.27591436882088616 0.082238941731148 0.9576575679965741
vn 0.19517965810656865 0.6496943300593631 0.7347123100575614
vn -0.13565745826804534 0.011373076484846015 0.9906905203682549
vn 0.4079537777343518 0.9054582909591791 0.11712812883997441
vn -0.5236844982358163 -0.6382971960440353 0.5642085038616695
vn -0.49156118167642987 -0.8505187160632923 0.1870441613494542
vn -0.36153921965333036 -0.01237063033179621 0.9322748308077694
vn -0.410624288395827 -0.9060628257990547 -0.10216579410180691
vn -0.21682466910005158 -0.08900506935433507 0.9721446191276704
vn -0.4293526299239427 -0.701671760881965 0.5686062426303431
vn -0.0982523115130227 -0.14409390115963586 0.9846742765660862
vn -0.41357395888492404 -0.8886861384650672 0.1979735533658441
vn -0.35087048572042523 -0.7381471899946932 0.5762192535426519
vn -0.344925519882017 0.6569902841220233 -0.6703656855055928
vn -0.2345261260464497 0.5421782696630552 0.8068706340590294
vn -0.12611580015341384 0.4758924291237273 -0.8704143845631126
vn -0.09938739135044986 0.5344569030497655 0.8393318564328451
vn 0.2187752762800964 -0.1894649450076023 -0.9572044782082005
vn 0.7512829154638377 -0.2602520533409295 -0.606500494364173
vn -0.2661303631843035 0.30273211594273813 0.9151655018455533
vn -0.3840278423439149 0.07536056709134378 0.920240947378646
vn -0.3930143693709684 0.2509236620854292 0.8846338345742703
vn -0.22297065226170917 0.38619646891032056 0.895062218860336
vn -0.16998449438749133 0.6600389663405472 0.7317471110841032
vn -0.3596612205330358 0.337045758052523 -0.870082733665878
vn 0.32950238234709156 0.9439932348958506 -0.01746288917843858
vn 0.05391754250088183 0.8631742064765193 -0.5020191110747645
vn 0.26981893135330415 0.9487812502732799 -0.16435292334860602
vn -0.26088961979510966 0.2981593015166982 -0.9181708104716887
vn 0.1195073467062452 0.8371730736078807 -0.5337220614787881
vn 0.4068506245650929 0.9078061921436688 0.10178647649175178
vn -0.28767699357851845 0.17381671285324155 -0.9418225404493772
vn -0.4837459857719731 -0.5240492751280708 -0.7009723093583979
vn -0.4116594179717925 -0.903638776682127 -0.1182094956911426
vn -0.15703059460463 0.2554984346406178 -0.9539716674274505
vn 0.1885459701424762 0.8086166297504502 -0.557305628209563
vn 0.3320603019413982 0.9239731282894404 -0.1897619932273395
vn -0.4140512000380931 -0.5530033642418838 -0.7230137501349289
vn -0.18233456176664933 0.13012564509925648 -0.9745878226577974
vn -0.43596005477807426 -0.8058733947157903 -0.40063312684692776
vn -0.3397350001305883 -0.5849818566726406 -0.7364620540463027
vn -0.07192432188490075 0.08061104327400957 -0.994147248461551
vn -0.41101095761648987 -0.8912405519393988 -0.1917296828817376
vn 0.37803531203762253 0.8318476789319655 0.40634805513022804
vn -0.018573382343087523 -0.04251962779682717 0.9989229753691506
vn 0.27317133296494084 0.6138206664315731 0.7406764558885728
vn 0.41547360375091646 0.8716992005290841 0.25985031919007195
vn 0.09267485899251994 -0.09183867288042416 0.9914519800143017
vn 0.3472747162350402 0.5810770914276633 0.7360364700759324
vn -0.3989389169919791 -0.9158940748698228 0.04456213782594594
vn -0.2763135993366299 -0.7714274425478546 0.5731932446441713
vn 0.014361028611854218 -0.1944694973166533 0.9808034336556014
vn -0.34578058095484776 -0.9180415265251199 0.19399882837263638
vn -0.20506799097235295 -0.8020080875615335 0.5610081519590018
vn 0.12185465056824824 -0.2408119788974029 0.9628920162481394
vn 0.44428629442981316 0.8020073312602712 0.3992416926957942
vn 0.41811162882334313 0.5509450521154641 0.7222480289984734
vn 0.19911812305346369 -0.13731321733498736 0.9703077106860382
vn -0.13619049168211803 -0.8304224181817386 0.540232132843444
vn 0.22561789086259737 -0.28388572402676426 0.9319364050280001
vn 0.26210441447846833 0.7770154257515628 -0.5723183590057347
vn 0.39194568517711015 0.9188227542397183 -0.046296070701344415
vn -0.046513621329534766 0.20830974236076222 -0.9769562601613265
vn -0.7655314517347986 0.6430394409456811 0.021491249220970187
vn -0.9095312157489199 0.41372545646314296 -0.03980218904351267
vn -0.7498301887653949 0.6482921263449795 -0.1321817193682914
vn -0.947133241082194 0.3044447296383879 -0.10125230976401219
vn -0.1646088350612288 -0.2563988549065642 -0.9524513418660229
vn -0.9951267891954548 0.014814828602115802 -0.09748432837659056
vn -0.9999450291216744 -0.005730271716850579 0.008780815503406293
vn 0.2954267659594852 0.6935213438629487 -0.657077751534207
vn 0.028971033700070745 0.17182766214988598 -0.9847009361864414
vn -0.4963454761176616 0.8680490008771581 0.011493494407675569
vn -0.5537970570115897 0.8323585848813132 0.02209085375624417
vn -0.4784825444879304 0.8778856993928456 -0.019265342506434645
vn 0.39838173123420323 0.8955139920049684 -0.19835999178807318
vn -0.3401271010233817 0.9399209953251969 -0.029361159655592554
vn -0.47665600445929035 0.8790747792088655 -0.005156158627269111
vn -0.47195398585073434 0.8814427811084428 0.017834205096346294
vn 0.1005623289429731 0.9909631243757792 0.08876544443058436
vn 0.234765303052903 0.967026638291842 0.09871541579944731
vn 0.21614732041409912 0.9714877096213261 0.09742672083424936
vn 0.3712262594413711 0.9223343340543375 0.10719347240251827
vn 0.0777419128516997 0.9931770480629265 0.0869226448468414
vn 0.41912445526572933 0.896642269855862 0.14271415804303839
vn 0.4866234631243824 0.5228850810463528 0.6998491245661324
vn 0.3021910849054638 -0.17969090117676406 0.9361579611571657
vn 0.5034267847244132 0.7811567697811439 0.36926355553605367
vn 0.5448781800423981 0.5322509361568792 0.6479326430068251
vn 0.38716337931515366 -0.18598500300900409 0.9030581910226002
vn -0.9396889529597611 0.33514209596719935 0.06829675831326497
vn -0.716552210935 0.6829224352774872 0.14202069003785747
vn -0.7550890607199207 0.6534086605579286 0.053829663653060446
vn -0.7122709202719986 0.6741156623149391 0.19554592799792936
vn -0.8333591947717908 0.5462571467020522 0.08435391020127703
vn -0.9078357781032959 0.28491765151763065 0.3076623666444458
vn -0.9948444293793526 0.01892399587816589 0.09963153974958597
vn -0.48821751175343325 0.8710225979700165 0.05443615565825479
vn -0.5327708054760846 0.8325165996288353 0.15189266004256277
vn -0.317414109291707 0.9417677650865083 0.11100342276937034
vn 0.1216398122902842 0.9884464886026351 0.09042839838847773
vn -0.5321891871311787 0.8195283362785155 0.2124805288425832
vn -0.746856415648056 -0.19792369649867253 -0.6348477807865751
vn -0.5343456144181824 -0.09936670728166518 0.8394051595243236
vn -0.6929472634493794 -0.3638032350323396 -0.6224719240720986
vn -0.5447392475125649 -0.2356339101972206 0.8048203604436289
vn -0.37738448335987174 -0.32296663483835425 -0.8679133047144696
vn -0.4384194925739753 -0.32144668809855204 0.839321377805695
vn -0.35577538945371323 -0.41080233842518615 0.8394434531303805
vn -0.4361289178771988 -0.5875508832682111 -0.6815977747630991
vn 0.24122556754594632 0.08356299896112936 -0.9668647530894682
vn 0.6010263536171685 0.5205041147576931 -0.6065004441696318
vn -0.4414931817930838 -0.06939231579483053 0.8945772615816086
vn -0.5135490869975161 -0.3058845982357617 0.8016869387773287
vn -0.4890670576586062 -0.5926848769035126 0.6399515995784539
vn -0.20328256838610315 -0.5751558045448236 0.792383744084106
vn -0.3056752133377719 -0.6954003084915132 -0.6503699523354504
vn -0.2788884610354235 -0.5236954037799001 0.8049623285353795
vn -0.14660163669724527 -0.763330840444104 -0.6291533899968964
vn -0.14234720215261548 -0.5246515886592917 0.8393318679500998
vn -0.4004481641857728 -0.9131088645410926 -0.07663856272609182
vn -0.2831101205973287 -0.9437821795662249 0.17065713330708435
vn -0.33111069048870423 -0.6923550459881141 -0.6411007728422184
vn -0.40507597214984514 -0.8908363687099923 -0.20572802670140145
vn -0.9997778913241969 -0.0015675180715989526 0.02101691952778681
vn -0.999661699543637 -0.023965940251192183 0.010105452657045867
vn -0.9945380723128425 -0.10426515377933143 -0.0047749793327015125
vn -0.814085247652374 -0.580132605441073 -0.026671513997621226
vn -0.4898320306524351 -0.8665025600384187 -0.09611396981593544
vn -0.5905051846524336 -0.8033036019550363 -0.07750451589849412
vn -0.524509977608133 -0.8466334524300354 -0.09000600322153386
vn -0.3289433968619812 -0.9436418278910723 0.03655601613000087
vn -0.7140670276034953 -0.6982682207750651 -0.050296838321451376
vn -0.900583678176853 -0.4346182614120142 0.007483678817820738
vn -0.9328322846286138 -0.35919513681021337 0.028333415721603993
vn -0.06876404547524015 -0.8570892766037491 0.5105580064799113
vn 0.3243411250916869 -0.3224759467062017 0.8892761654121838
vn -0.9793456753524434 -0.167236014529397 0.11364050163911532
vn 0.028412775410216994 -0.8340679214068186 0.5509295932091482
vn -0.8387283119209977 -0.540539028350616 0.06597255195856594
vn -0.9291778589858258 -0.36734079472509745 0.04110044891787075
vn -0.9370172512362582 -0.34787523347547455 0.031328785805243925
vn -0.9330956462194221 -0.35710400811216625 0.04253519009696384
vn -0.8581705758389709 -0.47326088331955424 0.198915557671602
vn -0.8792471719755798 0.056296973358150516 -0.4730275482079844
vn -0.5701721892358478 0.7563313226799763 -0.32072824159271995
vn -0.5221285080445791 0.056493310567631724 -0.8509937290886762
vn -0.6596257108721952 0.7515764257134161 -0.005176665741295697
vn -0.9984562401932707 0.055282868472213594 0.0053796721648908105
vn -0.9309945298363848 0.05439560972492822 0.3609574809550042
vn -0.24688442616455208 0.9616894346040334 -0.1191700947737075
vn -0.12795123134986403 0.9917607653180792 0.006250341730771549
vn -0.26730898566165895 0.9571831420971084 0.11111407952929218
vn -0.6181888067683815 0.7510513168579712 0.2318717719606943
vn -0.8179562200430308 0.05445645076814618 0.5726972298367206
vn -0.5414478272809056 0.754100335260403 0.3717081310557175
vn -0.015408686648976808 0.9995944686003234 -0.023947248681025275
vn -0.32858778954847156 0.7590520730432293 -0.562023144513129
vn -0.044326250299949646 0.9576488307899506 -0.28450641543027944
vn -0.08210926604356404 0.7616226171147977 -0.6427978356598546
vn -0.14277557748350042 0.05687137581496568 -0.9881198212196564
vn 0.018445282962109816 0.9873726254250456 -0.15733744022863863
vn 0.08760564798552724 0.7629524490519088 -0.6404910701381639
vn 0.12395423712062868 0.0569428320065835 -0.9906527449025279
vn 0.08937303904005564 0.9529754117588335 -0.2895692049853132
vn -0.013541140484733014 0.9998609343259965 0.009733936671148951
vn -0.7127675440810861 0.05524699038120565 0.6992211368075455
vn -0.46896828466041435 0.7580013476398086 0.4533240617471155
vn -0.21499208720665597 0.9528626032767584 0.21408237133207525
vn -0.4087030714666831 0.76238855072675 0.501722529984916
vn -0.6326571217111153 0.06930617363773656 0.7713245883828046
vn -0.12961148114632137 0.9781413371913191 0.16260500740332323
vn -0.3643587770923296 0.7698311685802091 0.5240254320528842
vn -0.24058876807849297 0.7551158627748987 -0.6098500458802915
vn -0.5623731445033214 0.2140475596571279 0.7986989974616688
vn -0.3726121796771919 0.09363593195069733 -0.9232510361781007
vn -0.18061977565340595 0.9476428596722867 0.26334294589953244
vn 0.9747776469847912 -0.19930973814082692 0.1004199542970864
vn 0.04328240774197413 0.10407470785433746 -0.9936272381356559
vn -0.40285572525555546 0.23605115779615055 0.8843003536875451
vn -0.6509618710935848 0.09550410438365675 0.7530787531382189
vn -0.7956180496465273 0.5564778990009951 0.23942486712974184
vn -0.5990448653894417 0.043763779540638405 0.7995185931864648
vn -0.5683563391195016 0.30458995911910614 0.7643271737852183
vn -0.7058910725689523 0.19186073536717882 -0.6818410752454119
vn -0.5515504486638841 0.7341490993587376 -0.3960015182918147
vn -0.3605430342105791 0.08887728846325851 -0.928498545005671
vn -0.7504752875734024 0.17213861647386666 0.6380870939457107
vn -0.8006408225155461 0.019702810820166852 0.5988205679228252
vn -0.9582385860061844 0.04428657071847854 0.28251993193908587
vn -0.44838730124827897 0.005120321713871161 -0.8938247089809229
vn -0.5342490573058035 -0.09338009182652329 0.8401536188211834
vn -0.2936270208555604 -0.11556548513401599 -0.9489087370602232
vn -0.32638241988657235 -0.04834810145633361 -0.9440005175181596
vn -0.5024311397577179 -0.30532591654260466 0.808912253887391
vn -0.2650948749619705 -0.47149073841518846 -0.8410833435858764
vn 0.9853415316830126 0.16782681350381956 -0.03059782034277854
vn 0.1608149582722488 -0.27232700999796666 -0.9486709381136655
vn 0.7868986700382649 -0.532085476586659 0.31253084439389023
vn -0.4497997703071855 -0.570879571267082 0.6868600161179246
vn -0.368410639016484 -0.5957719555909967 0.7136731590796626
vn 0.9478320967148121 0.11085067562770123 -0.29887529866164164
vn -0.8615624429104775 0.05687152673881996 -0.5044559310906414
vn -0.9908755631838934 0.05649325371421851 -0.12236883005808058
vn -0.9180290992590127 0.05629692779214502 0.39249615136310817
vn -0.6442783527676226 0.759052282826511 -0.0935148976949718
vn -0.60625207163679 0.7563312021183575 0.24580792977099208
vn -0.6972389058544873 0.05694270001140614 -0.714573605080854
vn -0.2500725340811741 0.9576490338706417 -0.14273071016724678
vn -0.5537537356236414 0.7616227892571232 -0.3365821254420113
vn -0.4461344430523396 0.7629530940394622 -0.4678318448096389
vn -0.557577543623194 0.05632004445771742 -0.8282121319078862
vn -0.1115108120008175 0.9873726258560243 -0.11251949394259574
vn -0.028329905624138535 0.9995944676961449 -0.0028838513463996405
vn -0.2471009702607211 0.9616894362259545 0.11872042262229503
vn -0.07488930306515532 0.9917608010938683 0.10393317901451853
vn -0.4153177430071745 0.7515753489346317 0.5124896752298655
vn -0.6183207780259589 0.0552822625560938 0.7839791367811086
vn -0.07979185119321905 0.9571830612487728 0.2782693798131358
vn -0.2041499575651915 0.7510505770976176 0.6278899787920381
vn -0.29825895407387015 0.05439511946509045 0.9529337685763578
vn -0.17067105900658963 0.9529755618042315 -0.25041758768400973
vn -0.35722222348068544 0.7620182510493995 -0.5401115330365848
vn -0.0066572337902876914 0.9998913797436304 -0.013149522905427558
vn -0.44748223333933623 0.05517076390785049 -0.8925894003714497
vn -0.28811314842014096 0.7594960964863461 -0.5832293657982566
vn -0.0008324599406749497 0.9998609340941815 0.01665591434769836
vn -0.046974524936116174 0.7541011584807544 0.6550762068530733
vn -0.062236854989404934 0.05445635916835584 0.9965746729809838
vn -0.11893280294226753 0.9474206922829623 -0.29706736646486104
vn 0.03333084738388889 0.9528627626051034 0.3015652669875005
vn 0.06202636682325027 0.7580022244170256 0.6492960477298079
vn 0.1022709218557647 0.05524755922558591 0.9932212068529283
vn 0.04631831140932475 0.9781412517121967 0.20271730495220744
vn 0.13744025204501895 0.762388840511071 0.6323554641038428
vn 0.19130528457557924 0.09376600622126716 0.9770415672686448
vn 0.2998778201545282 0.05632048058076715 -0.952313654447168
vn 0.19955179009807783 0.7620180216579829 -0.6160418960891431
vn 0.276351450145681 0.7594960284423526 -0.5888935886751291
vn 0.4188550322059836 0.05517057955144721 -0.9063755673823528
vn -0.6282006509599906 0.7540998467803476 -0.19156555854145785
vn -0.95773984693133 0.054456652172520915 -0.28243381283782865
vn -0.991076295123976 0.05524718414092257 -0.12130756731479223
vn -0.6468194230439598 0.7580018164640931 -0.08401119098200259
vn -0.647083867584349 0.7623892297681353 -0.006717934625341805
vn -0.9983888976576506 0.0565414882091997 -0.00476121255884009
vn 0.00612998554964516 0.9998913798548021 -0.013403423787270472
vn -0.07891280742193706 0.9876458981936783 0.135382231500262
vn -0.011952105579529294 0.9994289002992396 -0.03160728426911168
vn -0.18921695127110844 0.7112440866520794 -0.6769998482674249
vn 0.7514262342024186 0.014150234207864563 0.6596653586662216
vn -0.15733200427098665 0.8529098692531322 0.497786495761666
vn -0.0006962957444249974 0.9999997450793189 -0.00015815667314233412
vn 0.15810296983268618 0.9474207491465615 -0.27820383717097213
vn 0.326795461406504 0.7551151574427901 -0.5683360145233278
vn 0.01725958240344773 0.9994289004677981 -0.029051329143206465
vn 0.4947388691711878 0.05295664362697373 -0.8674266800294882
vn -0.9958799914388115 0.05920312456713991 0.06868793702915195
vn -0.7374197243706079 0.1315988898109873 0.6624906658283514
vn -0.636873949560312 0.7698308693318249 0.04185695874351094
vn -0.48728096257736936 0.8529093821776893 0.18735754402463922
vn -0.0472397430797936 0.014141862252727577 0.998783467226896
vn 0.41132686230378424 0.7112429857056778 -0.5700382685678188
vn 0.39643039453311896 -0.05434093135844214 0.9164551300906187
vn -0.5667191011106245 0.7510515866316965 -0.33874913233007237
vn -0.8626735821864935 0.054395675756282666 -0.5028274068271743
vn -0.01605306738871697 0.9998609341705668 -0.004517891872906115
vn -0.08466292864376718 0.9917607840983129 -0.09613914727185688
vn -0.407222451031718 0.7515763663514693 -0.5189439670307788
vn -0.6484344463036035 0.060440784891030705 -0.7588673667833499
vn -0.2535375709096289 0.9571829047535683 -0.139712515490797
vn -0.9059426044280009 0.41717719367763206 -0.07232694212716426
vn -0.9895915935949541 0.1400448076920849 -0.033104829325736815
vn -0.9417896397840575 0.32893014398033255 -0.06955023203766561
vn -0.30142178184735696 0.9528625904240836 -0.03460914905439691
vn -0.20794178822865927 0.9781412016697635 0.00004800310917205588
vn -0.06075877072447918 0.9616894913868064 -0.2673232012681203
vn -0.10474070164768977 0.7563311459935977 -0.6457496287403972
vn -0.16313388689482117 0.3005565358060199 -0.9397090527024162
vn -0.4982753132587508 0.8668266594956431 0.018255261831003212
vn 0.00911555083508815 0.9995944684239754 -0.026977869248015023
vn -0.3365135759386187 0.9416730917308378 0.0032251386154537247
vn -0.17254586263492566 0.9847702238848113 0.02134318245781723
vn 0.21487609726570306 0.8044221283092948 -0.5538350858425317
vn -0.1655388611219998 0.9861198590702015 0.012826106416095549
vn -0.7825476646182136 0.6145942304585813 -0.0994639858823491
vn -0.7592286883249664 0.6506883347440493 0.01328494833889904
vn -0.4970418395327528 0.8677210006636858 -0.0031104278015456448
vn -0.31850444670323 0.9476428449386415 0.02297729024204157
vn -0.15504693792638588 0.9876459714435326 0.022713038788596398
vn 0.6516297317488191 0.017982985432154958 -0.7583240105231465
vn -0.0008105534289897598 0.9999982626099125 -0.0016786245247711765
vn 0.09327511692871812 0.9476425258418196 0.30540693472491803
vn 0.18252583376706358 0.769830845240608 0.6115920124754486
vn 0.26965036392566666 0.24192809524144046 0.9320726784793146
vn -0.5477253202545124 0.15763542067369662 -0.8216739302795961
vn -0.626805351328482 0.7551153732506463 -0.19213491256540335
vn -0.9308147448229458 0.20962095300727476 -0.29940435347622474
vn -0.27707305243453806 0.9203374283818995 0.27606075696121596
vn -0.7064060771035272 0.40775517796516514 0.5785552428885268
vn 0.22085830688070768 0.106489949501184 0.9694748573000862
vn -0.5934020837074839 0.062141675085171405 0.8025038188502439
vn 0.2433826774134316 0.08367437123480723 0.9663143753114353
vn -0.26604490983269136 0.9628132404751322 0.04701882514366426
vn 0.27697303973528664 0.3204529294958279 0.9058674600830616
vn -0.9174478193013488 -0.3969239056628249 -0.027219698245361062
vn 0.5701744041599598 -0.3424679089691986 0.7467374908005485
vn -0.9410686580417523 0.18000702727312834 -0.28633415965229614
vn 0.05664464794100758 0.9876459772008829 0.14610546731232285
vn -0.3064105224075861 0.947420540992757 -0.092232913121628
vn -0.03216359674397717 0.9994288999511413 -0.010362286762212661
vn -0.6472749794725023 0.7112431619191006 -0.2741683161347998
vn 0.9842533615141671 0.014137760945677839 -0.1761971738238308
vn 0.2910901224278503 0.8529089443771593 0.4333738261897908
vn 0.6482170275653047 -0.21854041690284604 -0.7294208465312266
vn 0.4438607033486408 -0.044504574797803426 0.8949899546055903
vn -0.001456170562812201 0.9999982626194791 0.00116375483474367
vn 0.7994360907994369 0.1670699861329672 -0.5770524728833981
vn -0.612594650700783 0.48739360697181716 -0.6222340924570008
vn -0.9951679521835893 0.056343215403097335 -0.08041261732316259
vn -0.9611191979865451 0.16523014404904973 -0.22124395304557115
vn -0.6356228421265807 0.7594959534238614 -0.13838171591546175
vn -0.30219650559745526 0.9529754015243046 -0.0226970503431113
vn -0.6450007517005065 0.7620181393029563 -0.05746638738464113
vn -0.5926284095071697 0.7652867308668131 0.2512524384044633
vn -0.9139883909188697 0.04638077587130226 0.40308069278385344
vn -0.9988678371374433 0.004936138768868923 0.04731467495841701
vn -0.8912780061399473 0.4398874828189103 -0.1101023080159673
vn -0.6773761468132385 0.7271429254453228 -0.11146623570959813
vn -0.8864748801837125 0.44489710157235346 -0.12739252653037203
vn -0.924516464027373 0.3316485970014508 0.18782575928048934
vn -0.9901100881156742 0.13712459647514386 0.029645546935429094
vn -0.9933974898313876 0.0569427432088268 0.09959393150464417
vn -0.15749713586885966 0.9873726247827433 0.017027977646852356
vn -0.2675088901964506 0.957649097397291 0.10652323652620374
vn -0.6439269328830316 0.7629522851574139 0.05711318307476768
vn -0.608410238797347 0.7616228455978877 0.22308658047926502
vn -0.9315747122252718 0.056871377539857985 0.3590740897908412
vn -0.47481419527498087 0.759052199283009 0.4454113141007976
vn -0.7134735117129298 0.05649285865578421 0.6984011061023009
vn -0.014431431591774915 0.9998913797067823 -0.0029937552136144042
vn -0.01991807334034728 0.9995944686471048 0.020351132757687934
vn -0.18581143059703364 0.7563315645475489 0.6272453082555027
vn -0.26551530477635715 0.05629719572340251 0.962461556989784
vn -0.06124553934212096 0.9616896078606276 0.2672116802154522
vn 0.034565408454763163 0.9917608096284162 0.1233520531792802
vn 0.16781030336671768 0.9571829886734041 0.23588223391815738
vn 0.14173285181056594 0.7515760404540414 0.6442400593979462
vn 0.22742132335918475 0.05528239037624582 0.9722260020159128
vn 0.012503090208893081 0.9998609339130832 0.011035649943957612
vn 0.3636182467328634 0.7510521248128821 0.5510920762059398
vn 0.5590728578825432 0.05439540427222809 0.8273322667303061
vn 0.2969325152362221 0.9476426736234751 0.11749231686898703
vn 0.18737016835912945 0.978141140379588 0.0901794295057956
vn 0.5800878270292308 0.762389046055943 0.28681188152936443
vn 0.25655547392275674 0.9528625237212439 0.16196388389962627
vn 0.48287183103258813 0.7541002640076295 0.44516018085500314
vn 0.7403502380758911 0.05445675862975468 0.6700119300583476
vn 0.5463131751288376 0.7580018757646376 0.3563356157023026
vn 0.8402959884749792 0.05524737506471681 0.5393054601070864
vn -0.7984194148034068 -0.05629700414196829 -0.5994639984099334
vn -0.5304465786755242 -0.7563313098661709 -0.3828699216281596
vn -0.4142447407816824 -0.05528292054297036 -0.9084850540492982
vn -0.9915624936742765 -0.056493282772733085 -0.11667189095926306
vn -0.6480404636664082 -0.7590525631619278 -0.0623118271946382
vn -0.9567788420283075 -0.05687108741105135 0.2852015548058177
vn -0.21179859394575604 -0.9616893554585806 -0.17405441448081907
vn -0.12486951738729568 -0.9920203638513994 -0.01741267732433414
vn -0.6178886095041909 -0.7616227023482854 0.1953062352119674
vn -0.8471103469661504 -0.05694259065032171 0.5283574561155719
vn -0.54455225972078 -0.7629525565117788 0.34837656773257986
vn -0.2768322886698468 -0.9576490733371368 0.07919681992566198
vn -0.2815932663325477 -0.7515763725366104 -0.5965217419347574
vn -0.010921443770545743 -0.999575789898811 -0.02699930210458554
vn -0.06319438679436037 -0.05439580243379701 -0.9965177199404275
vn -0.04904759244393709 -0.7510512381862243 -0.658419601237989
vn -0.01135985730760127 -0.9571827576182456 -0.2892613388620779
vn 0.17643635380541992 -0.0544566636384858 -0.9828044998071659
vn 0.11008496519259307 -0.7541000203675199 -0.6474677287095101
vn 0.030424981514386152 -0.9869464974022379 -0.15814844850741805
vn 0.10405894110802777 -0.952862537116415 -0.2849995125180823
vn -0.019669987617174048 -0.9997338237440907 0.012057082945693912
vn -0.738464296232907 -0.056320216534846874 0.6719363931196952
vn -0.4753698517288852 -0.7620176251111331 0.4397188227575049
vn -0.4849576763271113 -0.6746695196386455 0.5564504393402595
vn -0.2253043073244239 -0.9529754594370508 0.2026715145544719
vn -0.6576593688281502 -0.03885828059043958 0.7523125604574962
vn -0.1389089669279282 -0.9784651367114121 0.15267702887904777
vn -0.951610856779505 -0.29625522890206824 -0.08166772071975208
vn -0.5089376663823728 -0.8377936638863385 -0.19769731533121476
vn -0.8549869229818904 -0.19764033351300897 0.47951606865549956
vn -0.8233429770540469 -0.009515945777686044 0.56746435034435
vn -0.9835353397194915 -0.13235305119838187 0.1230483862606219
vn -0.9279934370962799 -0.1010427646101441 0.3586342711261319
vn -0.587130434864705 -0.0175872372848542 -0.809301267477241
vn -0.6478545504289591 -0.43531157481638005 -0.6251306378025111
vn -0.8042558955382078 -0.5937837904964214 -0.02435702436130957
vn -0.3814731771479339 -0.8426376437967493 -0.3800526494754693
vn -0.8933921991734486 -0.17289914073394663 -0.4146760972005648
vn -0.5908367000586203 -0.7532228184022635 -0.289080230562366
vn -0.9868255365811709 -0.16052721616809823 0.02015870086600965
vn -0.6553282009805913 -0.7553442564591505 -0.000056865762182263075
vn -0.9261876632815577 -0.08754251424619683 0.36675975867657873
vn -0.6051834215678827 -0.7575642454057503 0.24464145262446105
vn -0.6292512497925664 -0.17175160569736536 -0.7579869725627678
vn -0.41162503277445683 -0.7513035033178554 -0.5158564512495162
vn -0.2500567707786962 -0.9582087296202576 -0.1389519408546092
vn -0.021359434581274598 -0.9993311274348436 -0.02968286196060659
vn -0.14555770254859574 -0.9893313115582116 -0.006042449774995081
vn -0.27528654838410893 -0.9559666274573334 0.10171098006909289
vn -0.015358651445000829 -0.9998135223319148 0.011706083377476896
vn -0.81850998608284 -0.054395805389438084 -0.5719112685012452
vn -0.9685598002511994 -0.05528289817148183 -0.24256074395317626
vn -0.9664861408351638 -0.05629666433888881 0.25047000849975315
vn -0.6419496656641522 -0.7515767953674207 -0.15176609443127187
vn -0.6300679061468674 -0.7563312904509095 0.176004013387662
vn -0.6583802859640667 -0.05445692075177643 -0.7507128897495423
vn -0.5453536378964008 -0.7510515270326915 -0.37217067774748647
vn -0.43757372402596784 -0.754099953170479 -0.4897575897016071
vn -0.23323603105220947 -0.957182889584492 -0.17146973408066726
vn -0.5261326032988491 -0.05524673519560162 -0.8486060817577274
vn -0.10467560641525107 -0.986946528112378 -0.12239104570401599
vn -0.027918334932907712 -0.9995757895384796 -0.008295031229531787
vn -0.2681353934835855 -0.961689394148979 0.05706943089581355
vn -0.7094458714735551 -0.05649257273794983 0.7024920958093233
vn -0.45276442771211867 -0.7590512734091742 0.46780929590424836
vn -0.09146853752632342 -0.9920203920310238 0.08677008953210588
vn -0.3735629656371533 -0.05687097145663465 0.9258598183904265
vn -0.23255057534403115 -0.7616219488302747 0.604857203782128
vn -0.11068311259419596 -0.9576489265107218 0.26581531584790724
vn -0.34777066445713845 -0.7580015732163498 -0.5518053823084539
vn -0.15794164155420123 -0.9528626928136564 -0.2590504323622554
vn -0.4269048216652158 -0.061522442027326776 -0.9022013424762703
vn -0.2520172308379428 -0.8112503919780778 -0.527598442829573
vn -0.005161123302903493 -0.999930312994765 -0.010617530807282428
vn -0.11508023043880583 -0.0569429027531868 0.9917227669002021
vn -0.06715149522454883 -0.7629528147948087 0.6429569807427132
vn -0.0027007723997291024 -0.9997588508785707 0.02179325396550492
vn -0.7301512480029849 -0.6428890333451908 0.2314580865819334
vn -0.5922273275288513 -0.5282541404481408 0.6084524267577791
vn 0.06491551378517962 -0.0563206657943159 0.9963001348361302
vn 0.04739721537723241 -0.7620189263529413 0.6458178224967123
vn 0.017980170996054347 -0.9529755514670003 0.302513324924902
vn 0.17139418892334207 -0.03254558235087136 0.9846648247361903
vn 0.1279554192667215 -0.673559771525665 0.7279729698708403
vn 0.03970343548644078 -0.975947481837258 0.2143598607624317
vn -0.7437556346934446 -0.21068623551349705 0.6343806948724894
vn -0.5087033507941721 -0.7589976188139154 0.4063785372354056
vn 0.3354296690103501 -0.05524721751292456 -0.9404438750423582
vn 0.21458791235753957 -0.7580015673252481 -0.6159428965435841
vn 0.4429075808708776 -0.05654145148060427 -0.894782621127374
vn 0.28381350492503793 -0.7623888811536148 -0.5815609067978219
vn -0.9412510988703883 -0.056942772105762776 -0.3328721820461991
vn -0.6118947426706816 -0.7629523475752361 -0.20853905922252639
vn -0.9857657936880343 -0.05632049469836098 -0.15841023284981318
vn -0.6401735500850263 -0.7620181985747387 -0.0974991836501429
vn -0.9979812253138832 -0.05517075817815445 -0.03145888369042807
vn -0.6502979987099832 -0.759496211220731 -0.016673872230107054
vn -0.08265618775508528 -0.9769581314702372 -0.1967759232730943
vn 0.010529010413746886 -0.9997238977179429 -0.021006386442012682
vn -0.051422538813215575 -0.8621378921563445 -0.504057513990436
vn 0.3226710217247546 -0.7698305743465773 -0.5506762193343033
vn 0.16319743993131539 -0.947642964830366 -0.27448024848316177
vn 0.0440626703154392 -0.9290700553828618 -0.36727008219505036
vn 0.50745391645007 -0.059202901784878637 -0.8596426810598317
vn -0.9971447099992085 -0.052956760508672845 0.0538331574127101
vn -0.9698660264646072 -0.017982864550231174 0.24297429348044552
vn -0.6545108543563078 -0.7551153286981771 0.037634849472528834
vn 0.6418352013247576 0.054340845872847716 0.7649147970919582
vn -0.6938935452222457 -0.7112429074304726 0.11245120954774858
vn 0.9141604375746629 -0.014140683336783397 0.40510583240440956
vn 0.38576066962224836 -0.8529096945338422 -0.35175809691147475
vn 0.03169953143187365 -0.998467227477643 -0.04536888096601373
vn 0.17833369712294458 -0.7765991575410194 -0.6042274745301149
vn -0.31535943663224203 -0.1703743152868999 -0.9335529007064972
vn -0.2026098601025838 -0.7514875876699597 -0.6278659492018946
vn -0.047753987302841916 -0.17017581043329102 -0.9842559373659133
vn -0.026092300013224535 -0.7538335271821862 -0.6565471842724512
vn -0.07990606729269617 -0.9557209437561318 -0.28321811043029027
vn -0.002285638082683851 -0.9854579978864267 -0.16990382650261404
vn 0.15652722118491902 -0.1713099479479045 -0.9727035163718767
vn 0.10757572946144689 -0.7571605441992192 -0.6443099973916128
vn 0.3070612789508532 -0.173676487486392 -0.9357082070087103
vn 0.2047275139972541 -0.7612733782152763 -0.615263755338477
vn 0.055962910138498405 -0.9524963093624842 -0.299364215195599
vn 0.005546138486469854 -0.9998584145593007 -0.01588682419020471
vn -0.9921068731595999 -0.07335066930234611 -0.10170364566906956
vn -0.9419679883829503 -0.3307867433213373 -0.05724018959299065
vn -0.8727530732589414 -0.48807602536570877 -0.009157869855217209
vn -0.8195211996849393 -0.056871411219094156 -0.5702198223956323
vn -0.5379440046468236 -0.7616225876121212 -0.3613132739099895
vn -0.016462657316999894 -0.9998466796269005 -0.005966418785622178
vn -0.6183245144798184 -0.09291143659424844 -0.7804115963664878
vn -0.3553297462298689 -0.7590519663295442 -0.5455097468015302
vn -0.06424097760572488 -0.9920203753341891 -0.10848350896829964
vn -0.23452105186840433 -0.9576489557501179 -0.1670579354033991
vn -0.2989303160348436 -0.9529753291389711 -0.049786425938986224
vn -0.2088418895239773 -0.9779213640099292 -0.007407495731664101
vn -0.7693882515743123 -0.6387599649506943 0.005236937617600086
vn -0.7538760199992438 -0.6567400006847793 -0.019066147242052727
vn -0.5068506592678446 -0.8619884838740697 -0.008846630332191529
vn -0.27047073776958436 -0.3719311645748141 -0.8879824259682166
vn -0.04780725344584115 -0.7775521204972543 -0.626998537819817
vn -0.49600414362497847 -0.8682258886353881 0.012794366343920461
vn 0.004027292207534152 -0.961689370936053 -0.2741119018687331
vn -0.4146840269806684 -0.9099647392828921 -0.0011537022643234363
vn -0.1683016749666361 -0.9857252428962936 0.004504633222364464
vn -0.16343797904691965 -0.9864696957713112 0.012867258057384052
vn -0.16972170306994463 -0.9854401081092833 0.010116167090432495
vn 0.2060126216182437 -0.8522285226990669 -0.48090055607385673
vn 0.014299451327559411 -0.9995757905305203 -0.025372518144957643
vn -0.2484540819388369 -0.9354127158888635 -0.2515424817428466
vn -0.15411481151618808 -0.9268655711041963 -0.34229933972039966
vn -0.6406761313055559 -0.17279405636223347 -0.7481151708535467
vn -0.4196791002481894 -0.7575647144054206 -0.49996515508853556
vn -0.3185197990035405 -0.17286014453887555 -0.9320217315453235
vn -0.20245310561733243 -0.755344327442363 -0.6232717601709077
vn 0.922606094600951 -0.1315990514623004 -0.3626012739351641
vn -0.31955221090157715 -0.9474205313879523 0.016754737016257206
vn -0.18851258978305865 -0.9819775029708904 0.013534664840303664
vn -0.0059191445361190306 -0.9999529799171202 -0.007681255290130958
vn -0.8398006602143612 -0.46529600266485877 -0.27970427420335725
vn -0.8282648614330272 -0.5422606657645676 -0.1411760945765811
vn -0.9662080963098025 0.15914164417514257 0.20277044092919422
vn 0.2979914164957467 -0.6596509630457557 -0.689972262230639
vn 0.795273069723826 -0.3824238201103091 -0.4704176510126723
vn 0.278133775785611 -0.19795442834454663 0.9399232133882125
vn -0.12159977530389954 0.23367682968929587 -0.9646805864701544
vn -0.20220707739874205 -0.9723698084921731 -0.11665870470202339
vn -0.9214958786142277 -0.17148365522506226 -0.3484805614200662
vn -0.608147376230648 -0.7587469735042156 -0.2333662335942626
vn -0.9660591582103876 -0.16926752204290255 -0.19513638517532444
vn -0.640169197360127 -0.756874256285846 -0.1316235500320458
vn -0.9828906339650199 -0.16414399913303573 -0.08356284588532986
vn -0.6555625625732285 -0.7530042929211234 -0.05676496626248499
vn 0.4067185131460557 -0.17960770023487754 -0.895723799550174
vn -0.9092923859143623 0.3699422421843857 0.1906045496984676
vn 0.135188131729723 -0.9480803553156961 -0.28786769340078855
vn 0.26572743139620375 -0.7692891978945778 -0.5810189860979527
vn 0.6171808178245455 0.19643726739465034 0.7619056621970647
vn -0.6967339353392896 -0.7168711852936557 0.025642290114106344
vn 0.8090381797160572 0.4180381984456389 0.4131601244094755
vn 0.012037179529186794 -0.9997140249187244 -0.020663365887146838
vn 0.813061042535611 -0.4040150562961288 -0.41917010317643266
vn 0.3287380358918177 -0.8968458233504166 -0.2959710676686204
vn -0.31747156708886154 -0.9477974870161052 -0.0298618099936695
vn -0.18116737829894305 -0.9834119638313987 -0.008904517592731163
vn -0.0012319685123367448 -0.999994391529248 -0.0031143480270721833
vn -0.4029673704109593 -0.8901632578713939 -0.21266563596374197
vn -0.10741900025160482 -0.9896204579903409 -0.09545945480639402
vn -0.32712140050795835 -0.9153206172540381 -0.2349037184878064
vn -0.41757640376403765 -0.8616454628902326 -0.28843897673540964
vn -0.8261295613879404 -0.17257820188564624 -0.5364016331396526
vn -0.5436876480582497 -0.7589973897205103 -0.35822716779487945
vn -0.28228703345281897 -0.952527053089571 -0.11404492043447094
vn -0.015879238427250662 -0.9998135224343107 -0.01098954705465064
vn -0.20554998315915238 -0.9776074194621186 -0.045088111913112135
vn -0.18180063554834194 -0.9559667805316747 -0.23038238525139762
vn -0.06380277244121292 -0.9928362551747226 -0.10102166420846531
vn -0.3445093320132367 -0.8365459409142032 -0.4260331077460574
vn -0.20803234252023226 -0.8858915086708584 -0.4146308952917223
vn -0.21636260684925987 -0.9393631659175088 -0.2660527482940695
vn -0.16745587115521143 -0.9397396682226494 -0.2980736271199352
vn -0.0988037117675308 -0.8888474509400947 -0.4474237761879165
vn -0.023812934514120834 -0.982240011240209 -0.18611153770967684
vn -0.28256046606162366 -0.8794870324967929 0.38296493663130954
vn -0.36421063298416095 -0.6204862553044042 0.6945123625966599
vn -0.2360187005276742 -0.9581719561400652 -0.16186931601742555
vn -0.3075143391141415 -0.9408337456390563 -0.1423614916540854
vn -0.9278695573438104 -0.08749324073987971 0.3624955411855914
vn -0.9486703923028567 -0.07999873203772902 0.305981518461981
vn -0.9495891934161158 -0.002842731309835036 0.3134841026687494
vn -0.8106151493599173 -0.5624232479796415 0.16304345972847126
vn -0.058845577908431826 -0.9980663962231411 -0.02001666033020482
vn -0.9664033189288675 -0.24766829953240901 -0.06873891597919161
vn -0.1057282371124454 0.15914028625807244 0.981578274600041
vn -0.6724420820130558 -0.444273265477325 -0.5919821888537365
vn 0.9798682141418744 -0.19795423361015765 0.025930759923861506
vn -0.9550443023449408 0.23367332755922054 -0.18244768166755787
vn -0.20163768424085193 -0.3824234882791555 -0.9017175388703432
vn -0.6161816241163519 -0.17148474195623065 0.7687087806039034
vn -0.40987190645887583 -0.7587472208108972 0.506268382587246
vn -0.1956946422946156 -0.9525270560153457 0.2332291031066252
vn -0.3230042096088217 -0.7568746656467984 0.568162847321987
vn -0.10639941962497243 -0.9776075134533648 0.1815563635431106
vn -0.4841141191359269 -0.16926801507687436 0.8584764753475663
vn -0.7950238021513282 -0.17367509077550194 -0.5811833762737599
vn -0.5218865166586496 -0.761272593363779 -0.3848356822373512
vn -0.8767263447556014 -0.1713081330406109 -0.449449040454669
vn -0.9537499106263343 -0.16236189272143167 -0.2529816668697036
vn -0.9881635572392791 -0.15032267972294416 0.030592092199248553
vn -0.6597474877096559 -0.7514861894612112 -0.0013264651771055114
vn -0.6324764657928696 -0.7538333735192502 -0.17806955154306275
vn -0.5795333840968098 -0.7571595723588305 -0.3014140652038194
vn -0.2674185645028408 -0.9524963538610013 -0.14573265674082245
vn -0.1622944875535079 -0.9854579886341999 -0.05032943419889952
vn -0.2940490580298728 -0.9557208537337085 -0.011523940743329448
vn -0.12650435982531286 -0.9477975829373707 0.29270529329560385
vn -0.3832038362260361 -0.1641454853937316 0.9089615390799028
vn -0.7262028399531447 -0.17960610846753886 -0.6636046119830196
vn -0.25656688536733074 -0.753004798843518 0.6059349851688215
vn -0.4704689389553438 -0.769288302456617 -0.43226668294196546
vn 0.9153347419441241 0.19643833821266163 -0.35153134919994206
vn -0.14741848754496167 -0.4040150439010261 -0.9027954551456314
vn -0.23200309829190732 -0.9480802642625402 -0.21752787154483808
vn -0.1799001665735694 -0.8968454459844173 -0.40410911408159783
vn 0.6429453062027086 0.41803811079146713 -0.6417674587869083
vn -0.19091567393941444 -0.7168729900121155 0.6705552338438263
vn -0.06445273887387189 -0.9834118684423044 0.16954923019132928
vn -0.09970675933808419 0.3699423291085513 0.923688927765207
vn -0.033198017162931664 -0.9987577656367799 -0.03715934924990997
vn -0.003426642879252263 -0.999994106034028 0.0002145128979700454
vn -0.016931475873919594 -0.9997737887076648 -0.012872316724368832
vn -0.9540492654104722 -0.0141527090413974 0.2993153854991887
vn -0.9926402383563939 -0.07322405142027058 -0.09645514755243965
vn -0.9343208267464155 -0.2515274040175805 0.2525441698714731
vn -0.9140401678978534 -0.38590253228619126 0.12493921339743251
vn -0.647254464651094 -0.437759040190453 0.6240422106883147
vn -0.580494880548672 -0.8126830456854709 -0.05071450396257499
vn -0.3362444408513513 -0.809732095720289 0.48090914854782185
vn -0.3058294374929528 -0.9518568575100247 -0.020901626106231842
vn -0.997424332532909 -0.05445663411565483 0.046681643845037195
vn -0.6557304292242319 -0.7541001472591492 0.03675013051860133
vn -0.9574709000213836 -0.05439558287696888 0.2833559531326574
vn -0.6309972038538338 -0.7510516320227475 0.194329551959064
vn -0.19628487964405994 -0.9805237273142062 0.006742862669009121
vn -0.2794806588240145 -0.957182919510762 0.07544150011862776
vn -0.518904869361773 -0.7515763110602541 0.40727237225927937
vn -0.793528765802604 -0.05528271738233358 0.606016434597793
vn -0.01692558040663862 -0.9880946645224387 0.15291323902850232
vn 0.06283860633313051 -0.9084476203144022 0.4132483886226413
vn -0.4067698377526261 -0.05629700737286085 0.9117943551347323
vn -0.2552356676603873 -0.7563318481683777 0.6023428337750542
vn -0.02779979963426197 -0.9994256351160896 0.01937965461755232
vn -0.12256066188944864 -0.9616895073062531 0.24521862835901448
vn 0.010809791545044183 -0.9920203934160788 0.12561324553310682
vn -0.9252861145462891 -0.06517991425934579 0.3736270667456734
vn -0.6178077409009299 -0.7513033090426138 0.23207096566461818
vn -0.0348304439780365 -0.9993311286394423 0.011141611396533491
vn -0.7208545794603535 -0.08338686812947821 0.6880518189021768
vn -0.4575097896643593 -0.7532238426349508 0.4725871721148515
vn -0.20942350959596337 -0.9582085489356821 0.19487988704605627
vn -0.050726538042636035 -0.9893313319658354 0.13656622543262634
vn -0.2528959153818243 -0.2055971871005414 0.9453959237481057
vn -0.2025620938829978 -0.7553439741894687 0.6232367758544057
vn 0.011663787286990598 -0.9559667886846432 0.293242996503062
vn 0.07858699672261728 -0.1727940464825223 0.981817855534475
vn 0.04565492533717834 -0.7575647050419039 0.6511615356171077
vn 0.34958585566172945 -0.8477097025000861 0.3989711641315348
vn 0.6000603382528225 -0.0017368096000882063 0.7999528573286814
vn 0.6590700655956877 -0.006955881042809142 0.7520493762743337
vn 0.7078617851527252 -0.004090693336931591 0.706339124888619
vn 0.20560475626742442 -0.1013954105319152 0.9733682011054591
vn 0.44491905988167507 -0.07979953470933361 0.8920084441383838
vn 0.6539274656638601 -0.11699985330057926 0.7474556200725794
vn -0.13146279888559192 -0.31873098346255385 0.9386842348149667
vn 0.7259193499459705 -0.05284604686708981 0.6857465951096958
vn -0.7272776574795866 -0.059570049720495635 0.683753331331777
vn -0.38529452073567094 0.4628302381916265 0.7983334534557299
vn 0.924582774769431 -0.20136739212588656 0.3234159334171389
vn -0.04789443734046137 -0.9979004362724485 0.04359864859256065
vn -0.8386812017092472 -0.00011878541863061538 0.5446226471508115
vn -0.7506735306572291 -0.012306730232954458 0.6605586989523214
vn -0.7815817827654877 -0.013930089255925418 0.6236472315840453
vn -0.8389407789392264 -0.004733379350078608 0.5442021357480806
vn -0.509439281451619 -0.1211881767272755 0.8519301874775753
vn -0.8583276798992644 -0.1401598293263421 0.493587698552098
vn -0.6272210502632777 0.08359223635988275 0.7743423610567772
vn -0.29940524632886123 -0.9528833607199326 -0.04868058477299215
vn -0.542272443220745 -0.811736158515125 -0.21685249890769503
vn -0.3861369152247967 -0.9213108920139141 0.0456565762755399
vn -0.4632699799790314 -0.8842071914065762 -0.059653736807698955
vn -0.3756548199338753 -0.9254964075484906 0.0483720567609635
vn -0.30880454620731357 -0.9443220034103879 0.1135592625754792
vn -0.4421328034220681 -0.8857183508598048 -0.14149765753654972
vn -0.44297379592848973 -0.8965305754314287 -0.002672720953699664
vn -0.4280706640561169 -0.8941776149120626 0.13115601230874
vn -0.1510532216425259 -0.9866783127972472 0.060405556755912394
vn -0.11736795030129535 -0.9905702834774796 0.07067727876353444
vn -0.11806898053126899 -0.9893792467769353 0.08478456158647588
vn -0.019962649717165496 -0.9996930919148029 0.014670194071353008
vn -0.019841570900495407 -0.9995459566689332 0.022675814670874643
vn -0.3996346295445574 -0.8772129417707406 0.2660631835837261
vn 0.14752933811761124 -0.9750271722930159 0.16600333636666717
vn -0.21941460895973647 -0.9669576387278688 -0.12980814412381853
vn -0.21842846217694922 -0.9758529637763086 8.784908777611362e-8
vn -0.21375317689003964 -0.9682472861561627 0.12964093574423802
vn -0.32338109646970636 -0.8624648461007873 0.3893315498214801
vn -0.01580794483154053 -0.9995625330750335 0.024997026879720302
vn -0.20479762597589357 -0.9421447535462777 0.2653699224853141
vn -0.17807306189261551 -0.8985156336152647 0.40119775769207433
vn -0.06580677019519791 -0.990933140739028 0.11713658515409213
vn 0.24118704615365924 -0.946760576061889 0.21324450844660198
vn -0.03150333857835167 -0.9970384307120524 0.07015630649959897
vn -0.024914188876114678 -0.9220075816617223 0.38636938614614336
vn 0.2201662641290534 -0.9420959274907482 0.25294679192431524
vn 0.2574497818812656 -0.9437331775274627 0.2075748044518107
vn 0.19976711701927227 -0.931935449573963 0.3026374345403817
vn -0.09990975451379937 -0.8484931750080329 0.519689689062406
vn -0.8677810034807352 -0.4455037219848837 0.22018756480687945
vn -0.9307230007178696 -0.27974950943351384 0.23557357217318103
vn -0.7630580284969372 -0.6434677426505716 -0.06075943806969504
vn -0.928525482462426 -0.313393554598373 0.19906006217751385
vn -0.8808740991414146 -0.3449546999804779 0.3241405195639383
vn -0.9608101185514419 -0.1293861261436529 -0.24515943067869708
vn -0.8847438720160833 -0.38413298247758537 0.26395100436039937
vn 0.7360006089584744 -0.14759671918328823 0.660695324714111
vn 0.5220243989892347 -0.7192905626634307 0.45837933343820547
vn -0.2679487443811744 -0.9342785397440927 0.2352170924023122
vn 0.3679465568843296 -0.8604072735115575 0.35258283418988884
vn -0.17522430184267776 -0.8610930923050585 0.47729983283912647
vn 0.6766029084869627 0.5830028129984058 -0.44979575838699126
vn 0.9368536033700576 -0.24326128176332862 0.2512553972502903
vn 0.830644607519676 -0.31956863402386615 0.4559664726124102
vn -0.000929980913927634 -0.6170706324745194 0.7869072179571085
vn 0.7719729983809649 -0.40870457067199156 0.48684521532261765
vn -0.8198223108215494 -0.2848897574317215 0.49671843612826533
vn -0.5124989190393456 -0.8093467415477671 0.28688448882697376
vn 0.15817491797424515 -0.9214023998534039 0.3549624105003639
vn 0.23716074311192312 -0.9131541284057856 0.331518204179002
vn 0.10689814896165198 -0.05649255090533311 0.9926637786485316
vn 0.08345320789021471 -0.7590523333247777 0.6456586693966426
vn 0.13881191918029942 -0.9576491925140621 0.2522682603314313
vn 0.014443868791424709 -0.9997866167719509 0.014768059386134678
vn 0.4909529049690846 -0.056871421169052125 0.8693278360645248
vn 0.3279030109312039 -0.7616222696620755 0.558937504357186
vn 0.18697946802254373 -0.9635258675243032 0.19145908479240414
vn 0.26590198529312575 -0.9576326699012974 0.11061556741655809
vn 0.5786643556641151 -0.7594957262874962 0.2971763874113539
vn 0.1670273079155181 -0.9820296669043355 0.08786132101359947
vn 0.24772562830697165 -0.9529752444344207 0.1745571441536327
vn 0.7036099614273241 -0.05694304180090529 0.7083011451146324
vn 0.4608165009911998 -0.7629525039264284 0.45337802016266815
vn 0.5344726481256697 -0.7620186263808246 0.3656044330341401
vn 0.8194128634348765 -0.05632060976116612 0.5704301430969326
vn 0.006942434096503519 -0.9997796810853746 0.019808884310885323
vn 0.2292931662093407 -0.7589961840667722 0.609384473466279
vn 0.35306516437165986 -0.17257775438382095 0.9195444026250449
vn 0.16134151416235093 -0.9525269033712991 0.25818871811464517
vn 0.35483270941548467 -0.7587464464189616 0.5462577947960688
vn 0.5406738052442761 -0.17148322275564076 0.8235686617617344
vn 0.44054079473809704 -0.7568742704684746 0.4827682123693937
vn 0.666859741784091 -0.16926681888906003 0.7257043673637589
vn -0.027140177551437623 0.7828458479832704 -0.6216235107022826
vn 0.024064725935837406 0.593278484195933 0.8046375141365267
vn 0.1466016311996157 0.7633308118188424 -0.6291534260079961
vn 0.1423472167518385 0.5246515875464329 0.8393318661697605
vn 0.30567521251733293 0.695400366229689 -0.6503698909851976
vn 0.2788884610354235 0.5236954037799001 0.8049623285353795
vn -0.04788793626510415 -0.24883303062142303 -0.9673618084419229
vn 0.15025659303273806 -0.780756136582005 -0.6065004628520373
vn -0.005175047522817302 0.6127803288639807 0.7902363491010066
vn 0.2458288664978651 0.6373535382722765 0.7303072200438556
vn 0.4817431909107758 0.5489752936524055 0.6830443799420055
vn 0.595274923860262 0.3394943765923638 0.728279708137829
vn 0.6548176159528025 0.09886659306926371 0.749292524060373
vn -0.24122559546389236 -0.08356300575894282 -0.9668647455366348
vn -0.6010263536171685 -0.5205041147576931 -0.6065004441696318
vn 0.9997424118941551 0.019811064464016398 0.011073914613165956
vn 0.9997712110417366 0.0014296006034790934 0.02134201991972641
vn 0.9963759382560603 0.08504924347711303 -0.0012711602283790762
vn 0.8722898491878053 0.48890817881740206 -0.008900094907752978
vn 0.768530434876066 0.6386281901688591 -0.03892307016221165
vn 0.5307826345622453 0.8423077974169878 -0.09374096893943668
vn 0.45609969713118775 0.8646543776035486 -0.21058459955053344
vn 0.43612894445564454 0.587550938529664 -0.6815977101200652
vn 0.35577534997823784 0.41080229745358665 0.8394434899114517
vn 0.4384194925739753 0.32144668809855204 0.839321377805695
vn 0.37738445780196733 0.3229666384707386 -0.867913314475833
vn 0.5447391813760467 0.23563389247061411 0.8048204103978115
vn 0.6929472634493794 0.3638032350323396 -0.6224719240720986
vn 0.5343456148137796 0.09936669990464986 0.8394051601457685
vn 0.7468564398028582 0.19792370200530524 -0.6348477506532686
vn 0 0 -1
vn 0.0069896498613142245 -0.6170754939275473 0.7868729119679299
vn 0.24252510587537326 -0.6954262404793429 0.6764347101331407
vn 0.6109839627471317 -0.3561651677350885 0.7069971503181947
vn 0.5359879850717209 -0.09512460442240482 0.8388493246657814
vn 0.34547814843340807 -0.4144375934272476 0.8419538764737979
vn 0.04788793626510415 0.24883303062142303 -0.9673618084419229
vn -0.1502565714755565 0.780756161600952 -0.6065004359854651
vn -0.21877527566243965 0.1894649593738573 -0.9572044755057753
vn -0.7512829154638377 0.2602520533409295 -0.606500494364173
vn 0.027140177551437623 -0.7828458479832704 -0.6216235107022826
vn -0.024064725935837406 -0.593278484195933 0.8046375141365267
vn 0.1261157983647513 -0.4758924521766101 -0.8704143722182868
vn 0.09938739135044986 -0.5344569030497655 0.8393318564328451
vn 0.34492553366417444 -0.6569903103733241 -0.6703656526866867
vn 0.21581263582595425 -0.4989163518003844 0.8393493790574037
vn 0.7655530383470949 -0.6430138191233616 0.021488924913077457
vn 0.4970609163103543 -0.8676510901629287 0.010584479949074592
vn 0.499132223455453 -0.8661928306665716 0.024020899447107304
vn 0.6508489255063872 -0.7590944771578515 0.01308628731265503
vn -0.03519324582840798 -0.16695626066019562 -0.9853360048604872
vn 0.3667123362687508 -0.9301325196838719 -0.01937932544869187
vn 0.4310784331701822 -0.9022868854519285 0.007054133327293099
vn -0.3390301872875424 -0.935417324538908 0.10026445561735782
vn -0.34454261461540125 -0.9333687805317756 0.10056394106541869
vn 0.4785055242695808 -0.8780819219042278 0.0021451499879953312
vn 0.47734990070195105 -0.8784624815353195 -0.020993828489482377
vn -0.4488962075085189 -0.8704016364614976 -0.20222063724955316
vn -0.3385544078018919 -0.6800395163453086 -0.6503285086529337
vn -0.42478088273726755 -0.8992373501668075 0.1045628506015697
vn 0.9393411964162899 -0.3423218461665424 0.021304233202422748
vn 0.9375304284193914 -0.34712363402060137 -0.02327828370142506
vn 0.9999553728443861 0.005285007501863536 0.00783077361119893
vn 0.9639982967279775 -0.26507040281092636 0.021094204398630842
vn 0.36611357900458996 0.668863128093419 -0.6469798784703714
vn 0.10524251582363663 0.09626428285164852 -0.9897763387302049
vn 0.8828605987903253 -0.46786630039293736 -0.04072208320081362
vn 0.7480300458418505 -0.6480432569911281 -0.1431467344586307
vn 0.07328034327835359 -0.08623428057158115 -0.9935761873874134
vn 0.042010608069806867 -0.21127683916141202 -0.9765230186962148
vn -0.30208787543464405 -0.7608979996185637 -0.5742622655998311
vn -0.44370323910449133 -0.8946818212307555 -0.05169017670120041
vn -0.23095771371139812 -0.7965139643478963 -0.5587701129051212
vn -0.38314599730726057 -0.9031493883472234 -0.19370164448311036
vn 0.3787820307290955 0.5637025189592183 -0.7340052065999088
vn 0.18166457065173536 -0.14088304300954563 -0.9732162924870766
vn 0.46338000144636754 0.8647812465130518 -0.1934744684419544
vn 0.45064213122543095 0.5276798518166321 -0.7200525283278844
vn 0.48483910565199645 0.7784039879255227 -0.3987709533205933
vn 0.14889565426535478 -0.2645036038325759 -0.952821036554332
vn 0.4638543105490826 0.8785448625922612 -0.11400922330136348
vn 0.5181660073408569 0.4948533491915304 -0.697584512177815
vn 0.2837027628691927 -0.19041814039839772 -0.9398157660667343
vn 0.5823575935524363 0.4646848206957851 -0.667028972869051
vn 0.5463234179395539 0.7487269034634735 -0.37541809631508427
vn 0.38061964244603286 -0.2357997579706216 -0.8941628274119039
vn -0.45941271479195495 -0.8827397650638894 0.09854168997147868
vn -0.16406179865942566 -0.8289127896082971 -0.5347778168963493
vn 0.24954302351796906 -0.3129497734243291 -0.9164009595843795
vn 0.3454202773819596 -0.35742045092848423 -0.8677185334147526
vn -0.3225089039551895 -0.9315881208111139 -0.16772471503401026
vn -0.10039510812953016 -0.8586188755775853 -0.5026872275735109
vn -0.3814995299148973 -0.9240803743516116 -0.023099143120426918
vn -0.03910132130930812 -0.8859863294643089 -0.4620598561595973
vn 0.43773450695882604 -0.39844002635605913 -0.8059987883457993
vn 0.5729425107514664 -0.1554493796899709 0.8047188140759535
vn 0.7509067586504395 0.026032894613665657 -0.6598949372522297
vn 0.7076169030035779 -0.13590149154378733 -0.6934039970895747
vn 0.5431943021403113 -0.022033198136455406 0.8393178708345128
vn 0.47976507479930824 -0.2554938130212784 0.8393738049943317
vn 0.45967728662557816 -0.2020590785902468 -0.8647941494481831
vn 0.3510722244499811 -0.4788256321066314 0.8046578821197409
vn 0.4109448258084711 -0.35589880301848115 0.8393213878790757
vn 0.4985325632652356 -0.5825321076165443 -0.6419669983418312
vn 0.6268143630583232 -0.4652734977603214 -0.6249994612362997
vn 0.6440809885062866 0.4368203824098114 -0.6279710453166695
vn 0.4737230907091783 -0.27763766459107075 -0.8357653740909344
vn 0.5256199107724473 0.8171775730368351 -0.2365259468328841
vn 0.6020509017786316 0.7252819554010377 -0.33391735030870084
vn 0.7037934645581188 0.41120195299223933 -0.5792993294495067
vn 0.5637512957157005 -0.3161130633920607 -0.7630576699907785
vn 0.7612544679787252 0.388210702928201 -0.5194074365220623
vn -0.26815781038360675 -0.9554901733732356 -0.12300372887621681
vn 0.02025553217807295 -0.9110664157312673 -0.41176170237500825
vn 0.5270214618262024 -0.4360563110507612 -0.7294540920218177
vn 0.6127052359616041 -0.46965295478696456 -0.6356244141669735
vn 0.6504423470867005 -0.35078584352656544 -0.673701747880841
vn -0.041497326185372635 0.9991113254120194 -0.007384534711331088
vn 0.18248630929575496 0.9831489850283157 0.010808337402508576
vn 0.17665434130758795 0.9840601224259999 0.02046751445848174
vn 0.4063928700268296 0.828650708263475 -0.384945241412071
vn 0.18425561712721228 0.982814145171183 0.011234928059708662
vn 0.3663361146595281 0.9289705941118207 -0.05302345114845131
vn 0.5163795295651361 0.856359830097543 0.00015113370153562835
vn 0.19479884339164846 0.9576489394189265 -0.21204225862568324
vn 0.13451178376213074 0.9873726371111806 -0.08367709073123278
vn 0.5221787000717494 0.8528238380830755 -0.00457235044919875
vn 0.545543242611259 0.7742600287551075 -0.32078649958084776
vn 0.8364059182482544 0.33834990266193954 -0.4312128051066557
vn 0.5145997574646751 0.8571563049518354 0.021683138578476886
vn 0.8072808178304387 0.5896693913238242 -0.024242320408921124
vn 0.7760481764028854 0.6305190863645593 0.013961003966671708
vn 0.2821174491983312 0.9529754283026898 -0.11066877567377345
vn 0.014301202898097689 0.9998913798388854 -0.0035642838771845035
vn 0.93186892259983 0.36168188315063354 0.028399410086191144
vn 0.803947080838046 0.5940232797119849 -0.0283801756901016
vn 0.7619769075426621 0.6463189208407657 -0.04078044794934593
vn 0.907649646717802 0.4196144688753223 0.009788581282831334
vn 0.8136680152405098 0.5763765592071398 0.0757259728964107
vn 0.8793038233450954 0.4636929983912404 0.10869033762777033
vn 0.8964493406276236 0.4279781046746682 0.11494921316554356
vn 0.341496625759563 0.7051913331309332 0.6213575768201834
vn 0.927914751668521 0.24381517215772222 0.282007757804014
vn 0.023275120946407695 0.8456074276458322 0.5332976158348436
vn 0.37984072470380315 0.924100799421763 0.04193729085847432
vn 0.8548523126295279 0.5188581310233562 0.0037099141361336026
vn 0.9550507462337676 0.29288008188576276 -0.045818443370683984
vn 0.33549202077671286 0.9257906241875598 0.1742320985397531
vn -0.3126467434534621 0.3417180145771132 0.8862735538880876
vn 0.11490419302799927 0.8516533819462893 0.5113546161364267
vn 0.6060596020699018 0.7620178946806061 -0.22808000115180818
vn 0.9267200062120006 0.17757975730476386 -0.33114265790141084
vn 0.6327177474539576 0.7594961154102979 -0.15110891017228995
vn 0.9702797204449959 0.05990032644873161 -0.23445514493078598
vn 0.31608465876135594 0.9474205543236717 -0.04984758510443268
vn 0.6480965785817123 0.7551151713870708 -0.098852935068986
vn 0.9864649042975737 0.05403288380626985 -0.1548142114172881
vn -0.42980949024878995 0.769831137702559 -0.471830288891736
vn -0.6640566514743658 0.08869936965150689 -0.7424023070115542
vn 0.9750969312119052 0.09899794211014731 -0.19845750728828773
vn 0.9965687462613997 0.04989444871255422 -0.06603997246101942
vn -0.7262440212297474 -0.19412797391307832 -0.659457315807816
vn -0.6973561114458011 -0.013181705152480624 -0.7166035839140525
vn -0.7237899478904745 -0.6818884776440048 0.105622987029556
vn -0.8626893585537387 -0.13669486069364048 -0.4869102439855675
vn -0.8556528780406814 -0.1330399676705283 -0.500158494182518
vn -0.8076219634530978 -0.2700662638267391 0.5242241670228769
vn -0.8832771632142464 0.0006289372582362916 -0.46885078370641403
vn 0.9988190854982315 -0.0025759308361065583 -0.04851596669967564
vn 0.03347440717718044 0.9994289006413813 -0.004619158678440185
vn 0.00026825753968539895 0.9999998080404772 -0.000558531020876347
vn -0.11442794407383987 0.9876459626869545 -0.10705932002022625
vn -0.7866688832821656 0.2899992714624093 -0.5450252201750508
vn -0.45029633581905393 0.852909790976823 -0.264155443638411
vn -0.8103311468240804 0.014144681063032112 0.5858014684894498
vn 0.7021320977360166 0.7112428463988778 -0.03382500222088678
vn -0.2701837104611618 -0.1951161014079447 0.9428310928118586
vn -0.21654848194563475 0.9476429575066723 -0.2346903919103814
vn 0.8589763208991164 0.13129067671137298 0.49489639152381004
vn -0.9457303564241544 -0.0892232235732097 -0.31246329274499884
vn -0.36233422897018247 -0.48476753624675867 0.7960617704159841
vn -0.6508967974271475 0.025740819438775386 0.7587297076783692
vn -0.6926696764488733 -0.20516624655560356 0.6914589869272786
vn 0.9965168174748629 -0.011013014172497568 -0.08266163565165476
vn 0.8878966034010717 -0.4322425156314656 0.15749929952041813
vn -0.6187629164573315 0.05654142480125167 -0.7835403757935272
vn -0.39819787235075765 0.7623895056225456 -0.5100987121841618
vn -0.3376025832711213 0.758001322388745 -0.5580846629549852
vn -0.5230834907437538 0.05524705540515914 -0.8504889326619062
vn -0.12968693453299274 0.9781412912142029 -0.16254511199432353
vn -0.1608746200712399 0.9528627395111364 -0.2572391033032626
vn -0.0064766830232799 0.9998609341521603 -0.015367658682617108
vn -0.24190469389422475 0.7541000341535802 -0.6105859952222217
vn -0.37632555012190516 0.054456673913692 -0.9248856961763995
vn 0.0011571400222493012 0.9999992952985295 -0.00026538540540029995
vn 0.024482361315913578 0.9994289011018274 0.023291320846849126
vn -0.07422842929110599 0.8529094571025666 -0.516754872516922
vn -0.9632308605518999 0.014132939458662992 -0.26830312950598295
vn 0.464217448447544 0.7112424881614188 0.5278600985022506
vn -0.16623860301981314 0.2743430088846696 -0.9471539686566948
vn -0.9336736648476353 -0.24873014885445027 0.25765636149885535
vn 0.012357815994611675 0.9876460348682798 -0.15621329710625778
vn 0.31083423590593523 0.12468470910349576 0.942250391936533
vn -0.9452455384973247 -0.2951169828474527 0.13934431594406324
vn 0.3052313992863958 -0.37139193063453235 -0.8768704731881576
vn -0.903901200884078 -0.4271658869653266 0.022179360979244334
vn -0.9800913388388299 -0.11330366942701227 0.16304369361457827
vn -0.7942415582579921 0.058234509863236056 0.6048050008034862
vn 0.42572924730679307 -0.3405616600313644 0.8383151935306151
vn 5.844289731349886e-7 0.9999998430836722 0.0005602073629124167
vn 0.14954726195599227 0.987645970329534 0.04680869292448545
vn -0.9169104241088017 0.028910212665902463 0.3980445625356912
vn -0.6179239364200637 0.7112418655265889 0.3351194078554552
vn 0.47591196804971203 0.014139169623378444 -0.8793792597903427
vn 0.5203159519449193 0.8529096357174125 0.042619988878967195
vn -0.15083795882981207 -0.19701343901590723 -0.9687278333067453
vn 0.8974515471612343 0.05654145948560777 0.4374743236547081
vn 0.5919647809821463 0.7698307629470134 0.23861746477820742
vn 0.9199138341534782 0.0907429909447728 0.3814764046798231
vn -0.028155232931960462 0.9994289002446176 0.01868572220657695
vn -0.2631536973496698 0.9474207590736419 0.1820550379624871
vn 0.964089657309846 0.2124860938466586 0.15931350410424383
vn -0.5410244365349983 0.7551147798867331 0.37026237760350206
vn -0.8221067693996758 0.052956330927234035 0.5668651398013056
vn -0.7706371546597334 0.0551705136952861 0.6348815561004655
vn -0.08311553275804037 -0.4234113085156712 -0.90211677294871
vn 0.3148195724295994 0.0014039586445085718 -0.9491504968735827
vn -0.8917214677976708 -0.16101070890979588 -0.42297562043826165
vn 0.48573504951226015 -0.17474396193243738 -0.8564613298004042
vn -0.9272578455454608 -0.1913629343222113 0.32182777263931617
vn 0.7312597560849703 -0.2439503794878278 -0.6369830307616481
vn 0.9550766090760919 -0.015719700179904258 0.2959418216845469
vn 0.9803589444279031 -0.03860998471801627 -0.19340529765309475
vn 0.4437425965605128 -0.36652483999026925 -0.8177726148923313
vn 0.9650354381119389 -0.09352987255500964 0.24486479152369342
vn -0.510805595866131 5.945416191512203e-7 -0.8596962505626585
vn 0.9491222358349822 -0.2809879141596488 -0.14217163408997632
vn 0.9844890406014628 -0.17062717969343297 0.04083741526439208
vn -0.011338452576026076 0.9998913798311048 0.009416370459501878
vn -0.5044948491555218 0.7594964553746937 0.4106702831333467
vn -0.20616210752797637 0.9529753214439844 0.2221153352165437
vn -0.44708036797886275 0.7620184322934882 0.46845176209814726
vn -0.6833742371523588 0.056320779936995594 0.7278925894276712
vn 0.001458612723385326 0.9999982626012717 0.0011607081293619542
vn 0.12983805311124802 0.9876458926276787 -0.08773637067919281
vn -0.0010933309172220598 0.9999213289330123 0.012495622127118716
vn -0.3907970272381502 0.014143345244178217 -0.9203682139704349
vn 0.35773163184545276 0.852910200372792 -0.38022660306353256
vn -0.12326197149489256 0.7112431424228516 0.6920546790100184
vn -0.25807493866371023 0.017983192537038305 0.9659575201942878
vn 0.2769930670174615 0.9476428660297891 -0.15889568681089955
vn -0.018755851591334312 0.9611291431718032 0.2754614095965519
vn 0.37694919575128816 0.13159926398288907 -0.916837465171237
vn -0.7548104077869631 -0.054340598316989466 -0.6536882649023388
vn -0.04784021029514524 0.7551164430512913 0.6538428494007427
vn 0.8674548854544974 0.05920276039097462 -0.4939808243881675
vn -0.06938244587743386 0.05295685447650097 0.9961835412051434
vn 0.18732814996052344 0.9781412150037225 -0.09026587252892981
vn 0.5556425441179786 0.7698309406226199 -0.3140408986520583
vn -0.08488463095870931 0.987372663608787 0.1337528414094181
vn -0.35682863005568294 0.7629526259335211 0.5390515924786135
vn -0.5415071806080604 0.05694309581065544 0.8387654363345023
vn -0.08350634419368497 0.9576487958893326 0.27556392037260097
vn -0.20492192899205594 0.7616225405350858 0.6147667108481527
vn -0.3000928966855091 0.05687170303750935 0.952213139350909
vn 0.0034924424934047113 0.9995944694780693 0.02826127092484428
vn 0.05219433447957311 0.7590521561365225 0.6489341844229896
vn 0.10119012775188904 0.05649354326683396 0.9932618172539982
vn 0.17072905275446978 0.9616895135175806 0.21448745915759365
vn -0.04884653291255354 0.9571829087734444 -0.28533295528983493
vn -0.08849823244963488 0.7510512872120545 -0.6542858907468558
vn -0.1447410697267249 0.05439561100486158 -0.9879732487460231
vn 0.022378127642619566 0.9917607735365264 -0.12613400603105254
vn 0.15182732129151227 0.751575891336672 -0.6419362461108822
vn 0.21693233210732668 0.05528291083800037 -0.9746200095707834
vn 0.17111929124997868 0.9616893734455512 -0.21417688288890604
vn 0.4395619997885929 0.7563312768536044 -0.4845082537943495
vn 0.02677561391098713 0.9995944680592326 -0.00969360227517432
vn 0.28723636799073193 0.9576489505875174 0.020093689111741985
vn 0.6568186281506588 0.056296743438792464 -0.751944124514896
vn 0.6210497689043054 0.7590519873050745 -0.19528764710581645
vn 0.6449527202426949 0.7616224953472838 0.06298542079342284
vn 0.9458419896040736 0.05649308988982798 -0.31967399252442685
vn 0.9951161694438102 0.056871358032194966 0.08068121185909377
vn 0.01170333916310484 0.9998913796399909 0.008958837763296274
vn 0.26242163243164 0.9529754325474215 0.15156751562577073
vn 0.5126346944320261 0.7594965098151436 0.40046313393769306
vn 0.7904477180078396 0.05517068920135788 0.6100398348872359
vn 0.23604740474741517 0.9474208464248562 0.21604481588693397
vn 0.48136749538694645 0.7551157423546432 0.445068028545181
vn 0.10090986729266098 0.7698316046714062 -0.6302194055501822
vn 0.7365004865806264 0.08709979624361809 0.6708059769865061
vn 0.15709029033528388 0.15884312881601043 -0.9747263724298818
vn 0.04847313133238897 0.9476424537908529 -0.3156329122764039
vn 0.7034553265285514 -0.05830372849970715 0.7083440398716162
vn 0.8382988626335937 -0.5447885429329463 0.021458340947526647
vn -0.5373751579268132 0.23685583728589876 -0.8093993155338893
vn 0.14921363785250943 0.12421988360410854 -0.9809713098741483
vn 0.7213315912478815 0.05519154256099681 0.6903873036908609
vn 0.7483776421086806 0.03068535115726148 0.662562686857785
vn 0.4749045930730322 0.6042339754298208 -0.6398178884764104
vn 0.2677201678337365 0.19126972910850074 -0.9443208154339483
vn 0.21882855697678827 0.031959131075989945 -0.9752398046595127
vn 0.9132374457428786 0.1936017409528542 0.358490911451109
vn 0.8653127993466324 0.39429353967492264 -0.30946140931869864
vn 0.9550914814649853 0.29265496288718235 0.04640403786872042
vn 0.9974490520329754 0.013371723859817834 0.07011836848883087
vn 0.3057976008501763 0.12379400195027361 -0.9440142331529815
vn 0.38026404397285224 0.01683058031633053 -0.9247248176769285
vn 0.1492881898879382 0.9873726202375034 0.052993821954167464
vn 0.5561917331176209 0.7620182505948727 0.3316307310427475
vn 0.8617081015195277 0.056320346689861016 0.504268942454664
vn 0.6049382765118534 0.7629525760477749 0.22793211338671168
vn 0.9382322927013733 0.05694264485561749 0.34128829474385947
vn 0.23355634926832414 0.06663321077388362 -0.9700574451744679
vn 0.046224724859416984 0.978141076988677 -0.20273950853028663
vn 0.15053880233739408 0.7623900780787864 -0.6293643124914575
vn 0.10081384845984151 0.9528627178182228 -0.28616290631524244
vn 0.2258347719520552 0.7580027578961585 -0.6119072436237222
vn 0.33880112134041995 0.055246920304939946 -0.9392345702620266
vn 0.006301985963989813 0.9999132014213047 -0.011570419020365343
vn 0.4884695638629353 0.054456579648516946 -0.8708799952419038
vn 0.32655047852440977 0.7540998935305903 -0.5698228984102268
vn 0.682183565561757 0.054395843444957306 -0.7291547675859767
vn 0.5859175911601658 0.7623888838651314 -0.2747066910869625
vn 0.9015830694239753 0.05654136053219286 -0.42889514275311147
vn 0.006159860675916655 0.9506378824124534 0.3102413135590101
vn 0.006527189113527768 0.7594967424169995 0.6504783578722987
vn 0.015886647801696907 0.05517127425626938 0.9983505120540402
vn 0.004103159537696754 0.9996201409986508 0.027253216170685296
vn 0.08750048965347751 0.7620179601374676 0.6416169361373922
vn 0.14301293903128823 0.056320878878907105 0.9881170264052435
vn 0.28658792207147865 0.952862614722383 -0.09960020274665868
vn 0.6192153016443135 0.7580017349839808 -0.2049531165189166
vn 0.01642355123172112 0.9998609342051265 -0.0028946874427034576
vn 0.2890484399353507 0.9571829061765563 0.015870837858848956
vn 0.9455621455332156 0.05524719258312889 -0.3207179082095424
vn 0.6491063279772832 0.7540999104379111 -0.09997149622458393
vn 0.9854372350889419 0.05445650706916717 -0.16108365695528315
vn 0.6575737591279499 0.751051783073016 0.05931248139456001
vn 0.9954106398464931 0.054395855493927836 0.07873213438920004
vn 0.11799205539202547 0.9917607650958383 0.04988446332158326
vn 0.5920559203570183 0.7515767858058194 0.29086443957279706
vn 0.37454838539201446 0.7563316423605293 0.5363543173728161
vn 0.5869356952041448 0.056296705836899275 0.807673925917595
vn 0.9019119654952994 0.055282685387265135 0.4283674021126943
vn 0.14229901169063489 0.9768666052382742 -0.15963278749091092
vn 0.07974111352993209 0.9900756558030188 0.11572186742024529
vn 0.09650858974467852 0.9551835992653971 0.27983992531426743
vn 0.19896906825547897 0.7629532895028188 0.6150720184778159
vn 0.3181499917504229 0.05694322428851026 0.9463287229905021
vn 0.35287719465741263 0.7616225969327748 0.5435151380891708
vn 0.5573656595378954 0.05687164179857379 0.8283170515732617
vn 0.24627638362843285 0.9599225715851775 -0.13377817246546841
vn 0.456363347466279 0.751051481116912 -0.47713118510684777
vn 0.5965482663624511 0.7515764325954015 -0.2815369103103963
vn 0.03591383959540787 0.999354889444989 0.00003267887919627394
vn 0.23761750674439022 0.960359629604043 0.14576454409548634
vn 0.5399001966067397 0.7590521159745222 0.36379618323809326
vn 0.8396539010298888 0.0564934196037266 0.5401757306902697
vn 0.8972442086184224 0.055282704138238124 -0.4380601017256251
vn 0.6528664604835084 0.7563310603812721 0.04157778106484358
vn 0.9974133010006241 0.05629697573987873 0.04469180584381898
vn -0.390322056527611 -0.8060395062403788 0.4449146059277249
vn 0.4537307022007989 -0.40165722352495403 0.7954872247060886
vn 0.24347000731153115 -0.7036024759609228 0.6675821382881524
vn 0.8232673324608254 -0.3966279884413993 -0.4060999114599337
vn 0.028663871794088806 -0.5708789226255907 0.8205337519905058
vn 0.9258788718424381 -0.2428721757829893 -0.28941565421761584
vn -0.09794099582060987 -0.34408929779393177 0.933814819159209
vn 0.9260002197041708 -0.27558710642572654 -0.25802197557518775
vn -0.04487720941197695 -0.998878791331383 0.01507303233423055
vn 0.19381603216296156 -0.9810046956156856 -0.008070492957785861
vn 0.17654332701784242 -0.9840762121279266 0.020650966307248178
vn 0.1853377851556461 -0.9826104217194843 0.011254533391330665
vn 0.3125917640416168 -0.9498810253852683 0.0035251477105398585
vn 0.4728508018527397 -0.765486124888446 -0.4363978824312642
vn 0.2190704741912464 -0.9571829216138085 -0.18923261322635776
vn 0.14261516542435154 -0.9869464964605583 -0.07481662726435885
vn -0.45557663511479585 -0.8838723431258775 0.10592266327208284
vn 0.6118022755766507 -0.7793668452828485 -0.1352231343856979
vn -0.39358931905464684 -0.9134883909766711 0.10308446768040241
vn 0.38971650214708964 -0.9178394584411077 0.07544386312200294
vn 0.3897209859976523 -0.917837106054667 0.0754493195609583
vn 0.3901919539925157 -0.9175892743625467 0.07602738068825801
vn 0.3923294830465575 -0.9164557429458474 0.0786539760851034
vn 0.36209609919454905 -0.9311955523571283 0.04196734704974998
vn 0.38296702824523976 -0.92131543930199 0.06718717571673133
vn -0.4995393546915359 -0.8450440323820769 0.19068564825335793
vn -0.41683839969597153 -0.8331381522272137 0.36349218401820643
vn 0.5748475740230081 -0.7541000777727388 -0.31762137733945356
vn 0.8431635460763094 -0.2655484962341687 -0.4675031879204621
vn -0.001706250894391941 -0.832442438610698 -0.554108901848508
vn 0.28770142135602433 -0.952862479349801 -0.0963378824610209
vn 0.034416027355337296 -0.9993796941198185 -0.007467532527871468
vn 0.1440441635166561 -0.9056255389469902 -0.3988654687532637
vn 0.9669480336451957 -0.0003680283266747379 0.25497326288228844
vn 0.5545659052608084 -0.044003683973402666 0.8309755306379538
vn 0.8034844532659242 -0.4173089335502947 0.4245774220787943
vn -0.38373842070943315 0.21150384421991864 0.8988942920898021
vn 0.9519851862128401 -0.27687505057282324 -0.1306308217902674
vn -0.580597697631551 -0.49577975182877504 0.6458395707770934
vn -0.5521562716100914 -0.7477458743332811 0.3687811805653861
vn -0.5209718827746991 -0.49351992114753535 0.6964383567758998
vn -0.2977749956085722 0.19710462972672582 0.9340662808016384
vn -0.4715664038530778 -0.8705976512745722 0.1403027310934267
vn 0.9925218645178956 -0.044939725796960386 -0.11349347778270975
vn 0.9680851608060603 -0.24082818403812092 -0.0693751194593944
vn 0.9679094715700824 -0.21032065506674158 -0.1375371836894318
vn 0.9445397309606478 -0.0980618750466607 -0.31341436677204243
vn 0.6153566339102176 -0.7580018164035585 -0.21626247809454235
vn 0.6316372628735268 -0.7623890489341457 -0.14070290052066398
vn 0.9757175541309514 -0.0565415365582264 -0.21160885899306917
vn 0.6343500099457641 -0.38242629660773647 -0.6718260135963035
vn 0.9850784611808336 -0.07919497845540631 -0.15280242375384112
vn -0.9143798555010111 -0.01597105933546294 -0.4045422167310269
vn 0.835089746830757 -0.08238046652750704 -0.543910446188389
vn -0.13803447783398728 -0.7855036854974662 -0.603266477602557
vn 0.697964061230624 -0.18195076000118118 -0.6926327238626877
vn 0.6315259832008941 -0.767878222049497 -0.10741493678370573
vn 0.7036534902679901 -0.061528676874597385 -0.7078742738338054
vn 0.8194119216961284 -0.17111722880108504 -0.547067634383259
vn 0.8744596404390798 -0.03903747049538814 0.48352498709009595
vn -0.617832544174694 -0.4404067118404365 -0.6514022378872516
vn -0.6583516625249912 -0.03330589844788667 -0.7519732745112417
vn 0.5701608115293907 -0.538800006200466 -0.6201703010581241
vn -0.4872504083965516 -0.6738300197994593 -0.5554638997580797
vn -0.039232838355198675 -0.9893313509212514 -0.1403006146776501
vn 0.11085698673924053 -0.17880640795471342 -0.9776190449072831
vn 0.09235307699713315 -0.7532236082342586 -0.6512488811258916
vn 0.05487915112365261 -0.9582084389224653 -0.28075766481027603
vn 0.021629614979683864 -0.9993311270335485 -0.029486578263471907
vn 0.3634091286265154 -0.7513031894641867 -0.5508877587420664
vn 0.5110722669295598 -0.17414529243605703 -0.8417116816926334
vn 0.7783283503020514 -0.14162883001914128 -0.6116749574925364
vn 0.5345259895570639 -0.7514868365577325 -0.386716305537397
vn 0.8236553116424692 -0.2399315697704023 -0.5138334063007753
vn 0.17975747939412207 -0.9821497395399416 -0.05539979894816322
vn -0.18280259990298975 -0.9611829970945971 -0.20666508066181727
vn 0.0849765113526093 -0.996241952225873 -0.01676201490040472
vn 0.5515375722486875 -0.8340154273733814 -0.014985769957520819
vn 0.6931499760998998 -0.3824242906545434 0.6109785368980465
vn 0.891976417523344 -0.44427132676852077 0.08367232991592603
vn -0.49142259706715713 0.1591436874194431 -0.8562576235259531
vn -0.8079725021371174 -0.1979548362882147 0.5549723583930931
vn 0.8798857840560106 0.23367696770083327 -0.4137584824294038
vn -0.006459226544999755 -0.9978643932103045 -0.06499947042454061
vn 0.01519589780194793 -0.9920488610056776 -0.12493255007135042
vn -0.03418248594469645 -0.8633040379585984 -0.5035252681832555
vn 0.015537648942683223 -0.992400557837807 -0.12206438575007743
vn 0.09229535754696411 -0.8741634029595627 -0.4767807797105871
vn 0.06686507076608002 -0.9903805124327131 -0.12114249008900073
vn -0.009244863057089613 -0.9143048040765314 -0.40492129821686496
vn -0.00565833320791039 -0.9657481343686847 -0.2594195910657356
vn 0.17628001990038952 -0.9329882170611353 -0.313780721856844
vn 0.06752190012440976 -0.9919880059839776 -0.10677354067146734
vn 0.32338085781211123 -0.8624646666493919 -0.3893321455801671
vn 0.1778869016631386 -0.8986406244312002 -0.4010003470554501
vn 0.20479762597589357 -0.9421447535462777 -0.2653699224853141
vn 0.24466430341513545 -0.9557208092616338 -0.16351487204127496
vn 0.16088191770856616 -0.9854579922591614 -0.05467681452824783
vn 0.30200588554900193 -0.9524962855310849 -0.03928448985603696
vn 0.6163509636760017 -0.7538332524914328 -0.22769918096877712
vn 0.9203402906270309 -0.16266479929530173 -0.3556879426108951
vn 0.016823082761797056 -0.9998584151648181 0.00036539087017028305
vn 0.9734658807281111 -0.17130892345446622 -0.15171496894873196
vn 0.646018814206795 -0.757159842134275 -0.09679186510263334
vn 0.9847986441351207 -0.17367589020841237 0.002883690334166231
vn 0.6484155690175061 -0.7612727921884134 0.004581018375934949
vn 0.3155542542025047 -0.9480802206334512 0.039615753158654454
vn 0.024498124327995655 -0.99968579093543 0.005306722737611345
vn 0.07938233724348982 -0.9927074264854763 -0.09072160676676541
vn 0.274521738954999 -0.94017994631318 -0.20174112964804508
vn 0.0036163635743982027 -0.9999889913276767 -0.002989839118334017
vn 0.24284148335144368 -0.9542633937827023 -0.17438288118387596
vn 0.2726506865500798 -0.9480002441226814 -0.16418629744015426
vn 0.3996346295445574 -0.8772129417707406 -0.2660631835837261
vn -0.4622639595677257 0.3699442052178658 -0.8058866649290642
vn -0.23969272482776632 -0.7168702097597379 -0.6547094775728163
vn -0.14292916886097246 0.41804239828199574 0.8971130396596345
vn 0.3830704661291119 -0.8968458110726469 0.22118908006741836
vn 0.9775672757116688 -0.17960666491453176 0.11001666862773589
vn -0.22425799600296806 -0.16414419203404498 -0.9606065976507884
vn 0.6346966605127752 -0.7692888355907663 0.07317674883003437
vn -0.5338961985588336 0.19643968003371245 0.8224149203854946
vn 0.6499004801195142 -0.40401737894464196 0.6437385520932596
vn -0.04751540349430127 -0.9834120872733503 -0.17505128687172422
vn 0.18025989929459693 0.8212164089466373 0.5413963228385388
vn -0.21532886864729475 0.2966942440142953 0.9303794945590009
vn 0.45297914932448186 0.8885460533027137 -0.07277225733368327
vn -0.11460899287260835 0.24775838258776042 0.9620190032479728
vn -0.45446635345943504 -0.5254502418234166 0.7192790674981419
vn -0.19775870578936403 0.14891985161608803 0.9688727326533438
vn -0.49288820474963807 -0.7741147758710276 0.3972499608518895
vn -0.5976351510096162 -0.05517071495248184 -0.799867750624655
vn -0.3924175984650657 -0.7594965479052811 -0.5188192576754177
vn -0.49076499629232223 -0.05632029742363213 -0.8694698054057488
vn -0.3229138521319563 -0.762018017411771 -0.5612977687833213
vn -0.109548642906991 -0.9829269022444896 -0.1478303070459106
vn 0.3965820424877058 0.8963948011470566 0.19798748458629511
vn 0.24712377783902692 0.7889060973248413 0.562633991179217
vn 0.316364115683638 0.7542541770156813 0.5753384940729303
vn 0.45059033843999896 0.8912541194237716 0.05132681087584399
vn -0.010150007019615208 0.1952868560128314 0.9806936429008427
vn -0.09434491602122948 0.09738882843887976 0.9907645799665274
vn -0.14745523297310917 -0.9529754092602621 -0.2647542702471135
vn -0.326609788464113 -0.05694283140041677 -0.9434423988943528
vn -0.2184672587619062 -0.7629524163034686 -0.608420633530584
vn -0.005340746609023659 -0.9998605260892921 -0.015824183836840897
vn -0.46712923536598266 -0.8449674336727023 0.26042333516595506
vn -0.38561847315009107 -0.559620075253329 0.7335691954675104
vn -0.42823875996947336 -0.8078635532395868 0.40492967760700993
vn -0.31354077434911826 -0.5966176159345872 0.7387419056592666
vn 0.013827696395830901 0.04169489429198561 0.9990346993985568
vn -0.1135720790650923 -0.620483355780542 -0.7759521815525423
vn 0.003708511381031765 -0.8632711821468287 -0.5047267706573068
vn 0.038932167139864235 -0.964712921428601 -0.260409803176623
vn 0.37467795147569466 -0.20901232699636596 -0.9032885916702043
vn -0.14859388674043825 -0.7530044269291865 -0.641018088550095
vn -0.06970377205508094 -0.9477975285692407 -0.3111610981458524
vn -0.11294136453083693 -0.16926764336513392 -0.9790774806354839
vn -0.07264109904604824 -0.7568741653001552 -0.6495111766787205
vn -0.02063721651333518 -0.977607510748944 -0.2094222056560263
vn 0.04666789242751716 -0.17148295023461788 -0.9840811478710509
vn 0.034016825124292584 -0.7587457865292233 -0.6504980299990258
vn 0.021232040184050636 -0.9525271467976587 -0.3037124216806656
vn 0.004229044566175094 -0.9998915253293433 -0.014108605764446468
vn 0.2305403415077891 -0.20821549570005077 -0.950524833072684
vn 0.1726862780875308 -0.7589967814675015 -0.6277765009000016
vn 0.21375308872932516 -0.9682473514060125 -0.12964059377338147
vn 0.21842865935467545 -0.9758529196413317 -8.79069273481953e-8
vn 0.2194145145199943 -0.9669576165484828 0.12980846897191384
vn -0.0027586869682536476 -0.9919651409025083 -0.12648141713500127
vn 8.913993809755958e-8 -0.999999999999996 5.885238962832749e-10
vn 0.0027586035011329265 -0.9919650999998677 0.12648173974521418
vn 0.0056583323203639275 -0.9657481418402681 0.25941956327043214
vn 0.008839255941759428 -0.9141570134823155 0.405263892119061
vn -0.2437012040953837 -0.9307408907400786 0.27263733681729185
vn 0.0291289710344398 -0.8587496415140702 0.511566766166383
vn -0.018574282174733867 -0.9885316899711849 0.14986692084781955
vn -0.1713315062281429 -0.9804249193009111 0.09701800135746907
vn 0.006388902751648543 -0.9987459915513867 0.049655073070810296
vn 0.0882767650953713 -0.9123628617180327 0.39975144940572577
vn 0.1272805069021413 -0.9656451601734868 0.2265592575823267
vn 0.04227441200114095 -0.9968614037242705 0.06693441457751625
vn 0.3445096922116807 -0.8365461855747137 0.42603233606454055
vn 0.216362621052856 -0.9393631628889512 0.26605274743630103
vn 0.20803233035823315 -0.8858919971725653 0.41462985766985766
vn 0.4478188021120684 -0.8760070534819382 -0.1790808831919388
vn 0.42807078651925784 -0.8941776217088853 -0.13115556627084418
vn 0.4421327091190021 -0.8857183410515188 0.14149801359749686
vn 0.44297393936933155 -0.8965305045521554 0.002672722782733082
vn 0.37729918395218237 -0.915638969622113 -0.13874654265376296
vn 0.5214261917255574 -0.8506507128360817 -0.06714232148241797
vn 0.4829913170689177 -0.8737608358886323 -0.057108574690944415
vn 0.4798876898311649 -0.87515103034775 0.061793844594580295
vn 0.40997673084931957 -0.909656904561468 0.06665880396281405
vn 0.46918376427429265 -0.8629389248399529 0.18762464480305055
vn 0.0017547916826755013 -0.9999978394233102 0.001114385418854188
vn 0.11078232443951753 -0.988956622835925 0.09844833538836216
vn 0.38418614973295867 -0.8810734177779134 0.2758815594390302
vn 0.307757080829444 -0.9374997653226705 0.16241850023712456
vn 0.41757636130197917 -0.8616454963722194 0.2884389381884331
vn 0.9808959722764956 -0.0002803645261474257 -0.19453280691821837
vn 0.20360179317236954 -0.8876168759161231 -0.41313749697394636
vn -0.8470165165125908 -0.03694089143370494 0.5302814265038515
vn 0.686905269586797 0.7034148622336498 -0.18267096704924213
vn 0.23696501415444354 -0.4551949176579536 0.8582803557143512
vn -0.637293827920599 -0.18547705174069126 0.7479671384304869
vn -0.33228794052978766 -0.6714019838574259 0.6624229016653824
vn -0.10675345385476759 -0.9918262981051258 0.06988772765772512
vn -0.6770673770653282 -0.30822204543847437 0.6682656190614624
vn 0.8855007997959728 -0.05517061123910041 0.4613507745915213
vn 0.9461433362850667 -0.03276116798214449 0.32208615784570555
vn 0.6776345414892144 -0.6770319981313838 0.2871221024005778
vn -0.82862256940276 -0.0561970502690203 0.5569798281961648
vn -0.6786500187166602 -0.09580815543425006 0.7281860678756243
vn -0.673605991483049 -0.159807431800362 0.7216069241488132
vn -0.5271789408361718 -0.29147240391196316 0.7982018554830811
vn -0.7872778160016369 -0.056541629011756654 0.6140005575082075
vn -0.5310031121119094 -0.7351546808137662 0.42140632435343967
vn -0.4470071437383849 -0.3868099997618391 0.8065746323379485
vn -0.4439488714269847 -0.34730124981296756 0.8260092259999625
vn -0.05760547048730378 -0.8853589742581117 0.4613253694200664
vn -0.7102552102220065 -0.05524750834650009 0.7017729327738401
vn -0.460584694010817 -0.7580017347134963 0.4618388353249349
vn -0.22044178527097957 -0.9514202935036806 0.21495312143793896
vn -0.7967297306397318 -0.17054225229534167 0.5797732975023706
vn -0.5272722780327591 -0.761272481364467 0.3774230437259121
vn -0.01591880107929957 -0.9998122750123534 0.011045655563140374
vn -0.6901956894125809 -0.13317826578360556 0.7112618785223648
vn -0.4657467115420236 -0.7571604427083817 0.4580262707372125
vn -0.2212367979518155 -0.9524963021103535 0.20929661654725726
vn -0.519005186841321 -0.1526253990344835 0.8410345436433454
vn -0.0980181345304327 -0.9854579807216564 0.13879846373490543
vn -0.3648003306246071 -0.7538334658017778 0.5464941212981684
vn -0.2051347836528129 -0.7514863176800232 0.6270470754859102
vn -0.10182596551846312 -0.9557212411657375 0.2760948784944313
vn -0.2717022304536603 -0.195353150710703 0.9423455016467726
vn -0.511807074247947 0.7022161348816843 -0.49492021444025147
vn -0.7774887714924388 -0.1979542681269639 -0.5969299104028013
vn 0.837465324475993 0.13917389156700527 -0.5284718140132122
vn 0.19329255550593188 -0.4688994819301606 0.8618417858468067
vn 0.01762650188260843 0.19949481188653506 0.979740336243098
vn 0.06676571131783522 -0.9972050280536567 0.03353314504679336
vn 0.29613032800078715 -0.46621048234830503 0.8336393794601518
vn 0.44768107442901384 -0.39465713946598246 0.8023885579110733
vn -0.9993988878417063 -0.014141517700996602 0.031652495286678774
vn 0.5763862223865919 -0.7112423889673699 -0.40238437690708484
vn -0.6739152226443752 -0.13159887790614488 0.7269938156697248
vn -0.19493573935232278 -0.8529100431739606 0.48429796177163087
vn 0.8446582037686508 -0.3344670266982045 -0.41795254139432947
vn 0.1639717932374283 -0.9819774424406117 -0.09398698612199968
vn -0.0030026945013159386 -0.9998246781660665 0.018482336320210332
vn 0.8540627697907648 -0.44425459351680563 -0.2705820418958821
vn 0.28063672155695696 -0.947420635571304 -0.15374384477900108
vn 0.7091390898568841 -0.7010938339323349 -0.07476086716330614
vn 0.76839821689271 -0.017983240809796915 -0.6397193004170505
vn -0.9101594857965812 0.05434053121056917 -0.4106784838316416
vn 0.8750392753108559 -0.05295672987617657 -0.4811463929245171
vn -0.08421540912502304 -0.0592034042803335 0.994687248228067
vn -0.05178688206752431 -0.7698311973306199 0.6361431021886732
vn -0.023909480699835454 -0.9619475384854836 0.27218609430752194
vn 0.5733649534544296 -0.7551150659695299 -0.31788970932704386
vn 0.1913740756929148 -0.977921352894246 -0.08393920839613594
vn 0.15180127250110864 -0.9834119630535302 -0.09928385865913097
vn 0.025365392184182062 -0.9677349496106695 0.25069037512712233
vn 0.6710133517476202 -0.0248267239524578 -0.7410294970878101
vn 0.5485984082355564 -0.7168703073167209 -0.43027520143397063
vn -0.09198994980823673 -0.8968454644485834 0.43267315843750126
vn -0.897374576157198 0.41803914578155804 0.14128744693324505
vn 0.051090617949604684 -0.9624226918548284 0.26670641342201246
vn -0.9471463216263738 0.1964391373053789 -0.2536247439907
vn 0.8442917805703356 -0.16414395966134168 -0.5101256215561694
vn 0.12653580436465822 -0.7692893821641338 0.6262447897614111
vn 0.19745312579826144 -0.1796049471003201 0.9637190078490656
vn -0.41139808844518017 -0.4040138477196448 0.8170216788276914
vn 0.27439207443581304 -0.9477975577468045 -0.1624462342315264
vn 0.5637267851184334 -0.7530039579859087 -0.33940705796667137
vn 0.1927959714692909 -0.9776073413965813 -0.08434215691289942
vn 0.5952737403014163 -0.756874808835168 -0.2697956594504252
vn 0.2954093172545463 -0.9525269123862756 -0.07366014159008633
vn 0.019306052971500745 -0.9998135227185925 -0.0004428404904434015
vn 0.08940703277383227 -0.9506948436682345 0.2969607662860705
vn 0.30157676488828405 -0.17367424157033315 0.9374906467237347
vn 0.1960147047100927 -0.7612721416788368 0.6180962399506506
vn 0.012064186120002434 -0.999604718167453 0.02539414953544885
vn 0.2916862698936277 -0.7571588838574483 0.5844908421449262
vn 0.4451077714986229 -0.1713077775757895 0.878938403469534
vn 0.8962564592264198 -0.16926734383417047 -0.4099669811170721
vn 0.9503375501068866 -0.17148456355013153 -0.2597144303285085
vn 0.6291703613602098 -0.7587474026872673 -0.1686624893127956
vn 0.650413693349073 -0.7589969650781551 -0.029759611996263247
vn 0.9836418052329542 -0.17257839475833586 -0.05162844817240776
vn 0.08256031637500996 -0.8531774945344455 0.5150455872832855
vn 0.13817805199773237 -0.970811258221673 0.19604164571887317
vn -0.585386680482973 -0.05445687724463665 0.8089232861241468
vn -0.3801088268201552 -0.7541001906329283 0.5355839637823248
vn -0.1034611367336198 -0.9848319681510485 0.13929030006974472
vn -0.11527083023901602 -0.9571826420457141 0.26554477110723584
vn -0.37543680138634017 -0.0543961061624501 0.9252503833012756
vn -0.24148721737108242 -0.7510517159994957 0.6144959265451517
vn 0.5892527044924798 -0.8020972529890104 0.09706310831506491
vn 0.5115826154930863 -0.8079061547687126 0.29252499485015976
vn -0.002066731871447351 -0.9994843970178395 0.03204167188611446
vn -0.02095508716610743 -0.05528275922187195 0.9982508206130749
vn -0.005115123971012825 -0.751577681174941 0.6596247605013473
vn 0.11530416041718317 -0.9616894995494533 0.24871320239748143
vn -0.00016683363523650236 -0.9993311267367537 0.03656872026183696
vn 0.0635411805555764 -0.17175332977550262 0.983088659320527
vn 0.029800069630568707 -0.7513038905573439 0.6592832622503105
vn 0.12062675947487476 -0.9582085964436761 0.25939443054936834
vn 0.11420659751096485 -0.9893313672476689 0.09044500464274823
vn 0.2824954642541942 -0.9559666954754755 0.07952351738640931
vn 0.5301389510505232 -0.7553437686478245 0.38523821687879434
vn 0.4790299866872764 -0.17289973918319843 0.8606020869395855
vn 0.30807921908475855 -0.7532240899519641 0.5811545965439497
vn 0.6333999532214248 -0.7575645325290948 0.15779885396627877
vn 0.9580488737165015 -0.17279450480241043 0.22865785505998376
vn 0.8055168444382855 -0.17285998281722312 0.566799823276804
vn 0.46283258976708996 0.8629969169910543 0.20253966306238402
vn 0.38887441143209844 0.7166818973622201 0.5789160130162468
vn 0.09936612045787181 0.13844826742800304 0.9853722399942754
vn 0.46328852074150595 0.8807304595355733 -0.09837481484305438
vn 0.4652244146544909 0.67567187488229 0.5718686575625888
vn 0.21471001745421897 0.07653328222926398 0.973674619734963
vn -0.06514750338625519 -0.056871219749965694 -0.9962537162624231
vn -0.05291639293979695 -0.761622611389895 -0.6458566816081399
vn -0.015610255326604925 -0.9576488749000392 -0.2875151340909331
vn 0.3343900117266762 -0.05649331539239224 -0.9407400413362925
vn 0.20495209657369898 -0.7590519993097954 -0.6179277469525443
vn 0.044762055850873624 -0.9920203581591607 -0.11786419029448077
vn 0.47577857496120607 0.8711284908095782 -0.12153147784714302
vn 0.5391163097245824 0.819992224060575 0.19226637009404354
vn 0.556217451324757 0.6060771556421882 0.5685882765679101
vn 0.35575840367395334 -0.009012266186397116 0.934534502987207
vn 0.8221901672256798 0.35988664701748213 -0.4410044560046109
vn 0.6511592640519446 0.7087203615969367 -0.2714904453148164
vn 0.5088968872091809 0.8537504671440284 -0.11015488205322466
vn 0.4913064284791534 -0.7563306159999743 -0.43195137762965613
vn 0.21682010242289815 -0.9616893971257252 -0.16775740413252455
vn 0.02875261929246561 -0.9995757899831642 -0.004639715870153551
vn 0.28453654027563574 -0.9571828238290796 0.053291641132176146
vn 0.7620991336041668 -0.05629688031032991 -0.6450081951627459
vn 0.644226095747805 -0.7515763295522663 -0.14179477569460489
vn 0.6528254609245476 -0.7510514696453819 0.09869451612001584
vn 0.9778854738478175 -0.0552826592154161 -0.20170232429870844
vn 0.9855949728511324 -0.054395704632640526 0.16013636941086887
vn -0.4605162403873311 -0.8802581357119024 0.1143258800645064
vn 0.12772098032347384 -0.018933158143610445 0.9916294099651943
vn -0.23765444887899642 -0.6369827425189514 0.7333303134748049
vn -0.14575100017379994 -0.6812733445589044 0.7173724806137054
vn 0.2645338414346874 -0.09839865337069167 0.9593432919193432
vn -0.44690660446229286 -0.8898788850661159 0.09159725324195196
vn 0.0773991055739636 -0.9334812849645185 -0.35017434097509414
vn -0.21157643213415675 -0.9756124026285324 -0.058445300946809275
vn -0.3588943084234404 -0.8475805882811801 0.39089899174875
vn 0.7453840776837984 -0.3814311226196224 -0.5467292524025104
vn 0.709621088644765 -0.49716873155930813 -0.49926061622195606
vn 0.1626421243687804 -0.9476196347778821 -0.2748901001568511
vn -0.42522990945133277 -0.8935021212788188 0.1443380870673521
vn 0.04048495675827491 -0.9237969371965395 0.3807363748088348
vn 0.7046033152135592 -0.39498767302359133 0.5895073420657881
vn 0.014071351001578716 -0.9998340666630109 0.011568760568713596
vn 0.7747170351513826 -0.05872022005027563 0.6295756119827854
vn 0.4942485294249778 -0.7733346666784474 0.3970791916917602
vn 0.2546985816851248 -0.9528625874687325 0.1648681955077386
vn 0.38914161407623943 -0.9030997634106663 -0.18160292266849018
vn 0.8704218203778021 -0.4922975563219681 0.00299510427389853
vn 0.9716808423167813 -0.007062080012865815 0.23619159108749457
vn 0.8399964051513626 -0.1969569939445048 -0.5055828140563441
vn 0.6968608518813997 -0.4397909654039831 0.5665411369566755
vn 0.24154675390844366 -0.9457677753113137 0.21720607924038868
vn 0.4103648972284752 -0.009799349149675134 -0.9118687536476432
vn 0.5272584544899288 -0.1337998804224203 -0.8391043523709298
vn 0.6149594696665784 -0.05173678250334496 -0.7868596799961237
vn 0.7062460248372031 -0.3243369489623476 -0.6293028650335576
vn 0.1474129843423056 -0.9869465150149959 0.06485359316992396
vn 0.5527497496711122 -0.7580016209751327 0.3462676087040108
vn 0.8422254154609782 -0.05524690710679729 0.5362873565605623
vn 0.9189023869906332 -0.05445664315779128 0.3907081739596723
vn 0.6067383124962529 -0.7540997658518771 0.2514004043181788
vn 0.2637188404201223 -0.04212434168775888 -0.9636793621557115
vn 0.2017095792548229 -0.6748570065040292 -0.7098459455468228
vn 0.41182813404108487 -0.8014482328981141 -0.43367997186488594
vn 0.6423483357581933 -0.6804353453510509 -0.3526986764161096
vn 0.5574630557263596 -0.8186508502858568 -0.13800625647583245
vn 0.37379161539620137 -0.05632048998406378 -0.9258011831205732
vn 0.2390322874187459 -0.7591804392809127 -0.605399559121579
vn 0.10160679644754544 -0.9631338379791202 -0.24909690695646353
vn 0.1243909012672288 -0.9745751111997 -0.18636055460321765
vn 0.5167314860957222 -0.1120684711415201 -0.8487810253848215
vn 0.34580733570263567 -0.7575648251341648 -0.5536360016235278
vn 0.24004661338684846 -0.9575476367906516 -0.1596250189605107
vn 0.7851192916891888 -0.15437696806677403 -0.5997961733355563
vn 0.5302054437711362 -0.755343697226133 -0.38514683752590856
vn 0.04588421725224246 -0.9989311517735595 -0.005585035675692789
vn 0.6479136188493767 -0.7532232218589953 -0.11341393460179028
vn 0.9665098664212297 -0.17289967616449167 -0.1896427696819216
vn 0.8713693073141262 0.4905593721637817 -0.008187347139102517
vn 0.9226701731695212 -0.37815924970863796 0.07533480870836418
vn 0.011343573191997936 -0.9997804736187565 -0.017616126642733303
vn 0.5339743941021312 -0.05694249484903566 -0.8435809971328356
vn 0.33946962039874967 -0.7629534202863859 -0.5501476668128603
vn 0.7382839853562616 -0.056871510544691625 -0.6720880807266562
vn 0.4181861658715556 -0.7789387850645968 0.46730578831824665
vn 0.5819196683156931 -0.7328171111462386 0.3526309419756512
vn 0.9127993387465346 -0.0551705199541621 -0.40466477597126826
vn 0.5931326550462644 -0.7594963060562341 -0.26713108131534247
vn -0.010814478857577855 -0.05654213701259854 0.9983416418186151
vn -0.003377413110178081 -0.7623892349387447 0.6471099192024479
vn -0.004908300129339672 -0.9507217648263123 0.3100065071500636
vn 0.5406518474914411 -0.8369819361497921 0.08459798084491589
vn 0.10583215449762183 -0.0552474608286449 0.9928480614607549
vn 0.0739106017634433 -0.7580023441405609 0.6480506687168684
vn 0.0027499143532406694 -0.9996106805697274 0.02776554090912103
vn 0.17931143473703318 -0.9540825834390532 0.23994547995494533
vn 0.12325010991447939 -0.9876096086519169 0.09714253087333183
vn 0.6171644975774019 -0.17017451065736738 0.7682113113281778
vn 0.40701874463291254 -0.7538324478315076 0.5158220450056448
vn 0.27439605955027035 -0.9573445834290741 0.09054364186566173
vn 0.5329660275837087 -0.7514870901860751 0.38886291508101894
vn 0.6362255249998288 -0.7513027827775688 0.17538873946001687
vn 0.8038603877428991 -0.17037380195197058 0.5698958190987777
vn 0.9546083922475503 -0.17175197807379794 0.24335997098595508
vn 0.6190800676180377 -0.7620179068656285 -0.18991729645867475
vn 0.2909283931988113 -0.952975331415054 -0.0848450808540254
vn 0.035405010349479606 -0.9993665917288724 -0.0035917375140872886
vn 0.28378013230689547 -0.9576488886605389 0.04875902537085617
vn 0.9568758888546287 -0.056320423055355014 -0.28498516325508993
vn 0.9924657883851254 -0.056942734540220453 -0.10848586944009568
vn 0.6417797167451303 -0.7629524421370343 -0.07760390590476432
vn 0.9857721921540488 -0.05687140671528986 0.15817341203257057
vn 0.641438468581088 -0.7616228275908009 0.09212686642310979
vn 0.5568288682586371 -0.7590521734744029 0.3373150002854755
vn 0.10494849018700636 -0.9920203622327786 0.06986712619690665
vn 0.4592545088353694 -0.05629665473023648 0.8865190256168044
vn 0.31179495669383883 -0.7563315393075646 0.5751056491019167
vn 0.8427447244199873 -0.05649333929407875 0.5353408559765302
vn 0.1575516492258838 -0.9774975962384342 -0.14027090637151754
vn 0.06731701509460958 -0.9896412892592403 0.1268011753575676
vn 0.18174260710453877 -0.7541006743652099 0.6311115572422842
vn 0.26745960530906626 -0.05445706556200669 0.9620289951650595
vn 0.0760015975325483 -0.9548645973102777 0.2871538924966575
vn 0.4893095971243897 -0.054395875511740875 0.8704120902706249
vn 0.3298680747063451 -0.7510512390930403 0.5719345150857201
vn 0.4719582707912059 -0.7616225934771657 -0.4440567708490558
vn 0.6109009966658587 -0.7590520363915026 -0.2250332826996339
vn 0.26545569148171816 -0.9603595678478806 -0.0851045022486755
vn 0.7673984122413718 -0.055283065542783796 0.6387827952861705
vn 0.5125276882351038 -0.7515766385954556 0.41526849761321427
vn 0.03489225323631928 -0.99935488915179 0.008505068636172461
vn 0.20741847331692712 -0.9599225005666757 0.18848440209390122
vn 0.9439892071875573 -0.05649317368063257 -0.3251044417427988
vn 0.9794488151001223 -0.05629697183226362 0.1936767140403919
vn 0.6440370776282912 -0.7563311571994571 0.11480166936652421
f 3299//3299 3391//3391 3298//3298
f 4031//4031 3298//3298 4030//4030
f 3299//3299 3298//3298 4031//4031
f 3299//3299 4031//4031 4054//4054
f 3299//3299 3392//3392 3391//3391
f 3392//3392 4060//4060 3391//3391
f 3299//3299 4054//4054 3392//3392
f 3392//3392 4054//4054 4061//4061
f 3392//3392 4061//4061 4060//4060
f 4031//4031 4030//4030 4038//4038
f 4031//4031 4038//4038 4054//4054
f 4038//4038 4030//4030 4037//4037
f 4038//4038 4037//4037 4063//4063
f 4054//4054 4063//4063 4061//4061
f 4061//4061 4063//4063 4062//4062
f 4038//4038 4063//4063 4054//4054
f 4061//4061 4062//4062 4060//4060
f 4063//4063 4037//4037 4062//4062
f 3237//3237 3242//3242 3239//3239
f 3238//3238 3240//3240 3294//3294
f 3237//3237 3239//3239 3238//3238
f 3237//3237 3238//3238 3298//3298
f 3238//3238 3239//3239 3240//3240
f 3241//3241 3243//3243 3246//3246
f 3237//3237 3241//3241 3242//3242
f 3241//3241 3246//3246 3242//3242
f 3243//3243 3244//3244 3245//3245
f 3243//3243 3245//3245 3246//3246
f 3243//3243 3391//3391 3244//3244
f 3237//3237 3298//3298 3241//3241
f 3239//3239 3242//3242 3302//3302
f 3241//3241 3391//3391 3243//3243
f 3245//3245 3301//3301 3246//3246
f 3241//3241 3298//3298 3391//3391
f 3242//3242 3246//3246 3301//3301
f 3240//3240 3295//3295 3294//3294
f 3294//3294 3295//3295 3296//3296
f 3295//3295 3297//3297 3296//3296
f 3238//3238 3294//3294 3298//3298
f 3294//3294 3296//3296 3298//3298
f 3240//3240 3303//3303 3295//3295
f 3296//3296 3297//3297 4024//4024
f 3296//3296 4024//4024 4030//4030
f 3297//3297 4025//4025 4024//4024
f 3296//3296 4030//4030 3298//3298
f 3295//3295 3304//3304 3297//3297
f 3297//3297 4032//4032 4025//4025
f 3239//3239 3300//3300 3240//3240
f 3239//3239 3302//3302 3300//3300
f 3240//3240 3300//3300 3303//3303
f 3242//3242 3301//3301 3302//3302
f 3295//3295 3303//3303 3304//3304
f 3297//3297 3304//3304 4032//4032
f 3244//3244 3383//3383 3384//3384
f 3244//3244 3384//3384 3245//3245
f 3244//3244 3391//3391 3383//3383
f 3383//3383 3385//3385 3386//3386
f 3383//3383 3386//3386 3384//3384
f 3385//3385 3388//3388 3386//3386
f 3245//3245 3384//3384 3393//3393
f 3384//3384 3386//3386 3394//3394
f 3383//3383 3391//3391 3385//3385
f 3385//3385 3391//3391 3387//3387
f 3386//3386 3388//3388 3394//3394
f 3385//3385 3387//3387 3388//3388
f 3387//3387 3390//3390 3389//3389
f 3387//3387 3389//3389 3388//3388
f 3389//3389 3390//3390 3398//3398
f 3245//3245 3393//3393 3301//3301
f 3384//3384 3394//3394 3393//3393
f 3388//3388 3389//3389 3395//3395
f 3387//3387 3391//3391 4060//4060
f 3388//3388 3395//3395 3394//3394
f 3389//3389 3396//3396 3395//3395
f 3396//3396 3400//3400 4055//4055
f 3387//3387 4060//4060 3390//3390
f 3390//3390 4060//4060 3397//3397
f 3389//3389 3398//3398 3396//3396
f 3390//3390 3397//3397 3398//3398
f 3397//3397 3399//3399 3400//3400
f 3397//3397 3400//3400 3398//3398
f 3397//3397 4060//4060 3399//3399
f 3396//3396 3398//3398 3400//3400
f 3400//3400 4065//4065 4055//4055
f 3399//3399 4065//4065 3400//3400
f 3399//3399 4060//4060 4064//4064
f 3399//3399 4064//4064 4065//4065
f 4024//4024 4025//4025 4026//4026
f 4024//4024 4026//4026 4030//4030
f 4025//4025 4027//4027 4026//4026
f 4025//4025 4032//4032 4027//4027
f 4026//4026 4028//4028 4030//4030
f 4027//4027 4033//4033 4029//4029
f 4026//4026 4027//4027 4028//4028
f 4027//4027 4029//4029 4028//4028
f 4028//4028 4029//4029 4046//4046
f 4028//4028 4046//4046 4030//4030
f 4029//4029 4033//4033 4047//4047
f 4046//4046 4049//4049 4030//4030
f 4027//4027 4032//4032 4033//4033
f 4049//4049 4037//4037 4030//4030
f 4033//4033 4034//4034 4047//4047
f 4034//4034 4035//4035 4048//4048
f 4034//4034 4048//4048 4047//4047
f 4035//4035 4036//4036 4052//4052
f 4029//4029 4047//4047 4046//4046
f 4046//4046 4047//4047 4049//4049
f 4047//4047 4048//4048 4049//4049
f 4048//4048 4051//4051 4049//4049
f 4035//4035 4050//4050 4048//4048
f 4049//4049 4051//4051 4037//4037
f 4051//4051 4053//4053 4037//4037
f 4035//4035 4052//4052 4050//4050
f 4036//4036 4122//4122 4052//4052
f 4048//4048 4050//4050 4051//4051
f 4050//4050 4053//4053 4051//4051
f 4050//4050 4052//4052 4053//4053
f 4053//4053 4120//4120 4037//4037
f 4052//4052 4120//4120 4053//4053
f 4052//4052 4122//4122 4120//4120
f 4055//4055 4067//4067 4056//4056
f 4056//4056 4069//4069 4059//4059
f 4036//4036 4058//4058 4122//4122
f 4057//4057 4123//4123 4058//4058
f 4057//4057 4059//4059 4126//4126
f 4059//4059 4125//4125 4126//4126
f 4055//4055 4065//4065 4067//4067
f 4066//4066 4060//4060 4062//4062
f 4056//4056 4067//4067 4069//4069
f 4064//4064 4060//4060 4066//4066
f 4064//4064 4067//4067 4065//4065
f 4064//4064 4066//4066 4067//4067
f 4066//4066 4062//4062 4068//4068
f 4059//4059 4069//4069 4125//4125
f 4068//4068 4062//4062 4127//4127
f 4066//4066 4068//4068 4069//4069
f 4066//4066 4069//4069 4067//4067
f 4068//4068 4125//4125 4069//4069
f 4124//4124 4062//4062 4037//4037
f 4058//4058 4123//4123 4119//4119
f 4121//4121 4124//4124 4037//4037
f 4058//4058 4119//4119 4122//4122
f 4057//4057 4126//4126 4123//4123
f 4124//4124 4128//4128 4062//4062
f 4120//4120 4121//4121 4037//4037
f 4120//4120 4122//4122 4121//4121
f 4119//4119 4121//4121 4122//4122
f 4123//4123 4128//4128 4124//4124
f 4119//4119 4123//4123 4124//4124
f 4119//4119 4124//4124 4121//4121
f 4127//4127 4062//4062 4128//4128
f 4125//4125 4127//4127 4126//4126
f 4126//4126 4127//4127 4128//4128
f 4068//4068 4127//4127 4125//4125
f 4123//4123 4126//4126 4128//4128
f 3300//3300 3302//3302 3344//3344
f 3301//3301 3345//3345 3302//3302
f 3302//3302 3346//3346 3344//3344
f 3302//3302 3345//3345 3346//3346
f 3301//3301 3347//3347 3345//3345
f 3301//3301 3349//3349 3347//3347
f 3301//3301 3350//3350 3349//3349
f 3301//3301 3405//3405 3350//3350
f 3300//3300 3354//3354 3303//3303
f 3303//3303 3353//3353 3355//3355
f 3300//3300 3344//3344 3354//3354
f 3303//3303 3354//3354 3353//3353
f 3303//3303 3355//3355 3358//3358
f 3303//3303 3358//3358 3357//3357
f 3303//3303 3357//3357 3359//3359
f 3303//3303 3560//3560 3304//3304
f 3304//3304 3563//3563 4032//4032
f 3303//3303 3359//3359 3560//3560
f 3304//3304 3560//3560 3562//3562
f 3359//3359 3360//3360 3560//3560
f 3360//3360 3361//3361 3560//3560
f 3304//3304 3562//3562 3563//3563
f 3563//3563 3565//3565 4032//4032
f 3374//3374 3375//3375 3566//3566
f 3373//3373 3374//3374 3566//3566
f 3371//3371 3552//3552 3375//3375
f 3371//3371 3376//3376 3554//3554
f 3376//3376 3377//3377 3553//3553
f 3375//3375 3552//3552 3566//3566
f 3371//3371 3554//3554 3552//3552
f 3376//3376 3553//3553 3554//3554
f 3377//3377 3767//3767 3553//3553
f 3361//3361 3362//3362 3560//3560
f 3362//3362 3363//3363 3560//3560
f 3363//3363 3364//3364 3560//3560
f 3364//3364 3381//3381 3560//3560
f 3378//3378 3379//3379 3567//3567
f 3378//3378 3560//3560 3380//3380
f 3380//3380 3560//3560 3381//3381
f 3565//3565 4141//4141 4032//4032
f 3372//3372 3373//3373 3567//3567
f 3372//3372 3567//3567 3382//3382
f 3379//3379 3382//3382 3567//3567
f 3378//3378 3567//3567 3568//3568
f 3378//3378 3568//3568 3560//3560
f 3373//3373 3566//3566 3567//3567
f 3301//3301 3393//3393 3405//3405
f 3393//3393 3394//3394 3408//3408
f 3393//3393 3406//3406 3405//3405
f 3393//3393 3407//3407 3406//3406
f 3393//3393 3408//3408 3407//3407
f 3394//3394 3395//3395 3779//3779
f 3395//3395 3396//3396 3784//3784
f 3396//3396 4055//4055 3789//3789
f 3394//3394 3409//3409 3408//3408
f 3394//3394 3410//3410 3409//3409
f 3394//3394 3411//3411 3410//3410
f 3394//3394 3413//3413 3411//3411
f 3394//3394 3414//3414 3413//3413
f 3394//3394 3415//3415 3414//3414
f 3394//3394 3769//3769 3415//3415
f 3394//3394 3779//3779 3769//3769
f 3395//3395 3780//3780 3779//3779
f 3395//3395 3781//3781 3780//3780
f 3395//3395 3784//3784 3781//3781
f 3396//3396 3786//3786 3784//3784
f 3396//3396 3787//3787 3786//3786
f 3396//3396 3789//3789 3787//3787
f 3377//3377 3418//3418 3767//3767
f 3418//3418 3424//3424 3768//3768
f 3422//3422 3768//3768 3423//3423
f 3423//3423 3768//3768 3424//3424
f 3415//3415 3769//3769 3420//3420
f 3421//3421 3769//3769 3422//3422
f 3420//3420 3769//3769 3421//3421
f 3418//3418 3768//3768 3767//3767
f 3422//3422 3769//3769 3768//3768
f 3788//3788 3789//3789 4055//4055
f 3788//3788 4055//4055 4395//4395
f 4032//4032 4143//4143 4033//4033
f 4036//4036 4040//4040 4058//4058
f 4035//4035 4042//4042 4036//4036
f 4033//4033 4153//4153 4034//4034
f 4034//4034 4155//4155 4035//4035
f 4036//4036 4041//4041 4039//4039
f 4036//4036 4039//4039 4040//4040
f 4036//4036 4042//4042 4041//4041
f 4035//4035 4159//4159 4044//4044
f 4035//4035 4160//4160 4159//4159
f 4035//4035 4161//4161 4160//4160
f 4035//4035 4044//4044 4043//4043
f 4035//4035 4043//4043 4042//4042
f 4032//4032 4141//4141 4142//4142
f 4032//4032 4142//4142 4143//4143
f 4033//4033 4143//4143 4145//4145
f 4033//4033 4145//4145 4146//4146
f 4033//4033 4146//4146 4147//4147
f 4033//4033 4147//4147 4150//4150
f 4033//4033 4150//4150 4153//4153
f 4034//4034 4153//4153 4154//4154
f 4034//4034 4154//4154 4155//4155
f 4035//4035 4158//4158 4161//4161
f 4035//4035 4155//4155 4169//4169
f 4035//4035 4169//4169 4158//4158
f 4055//4055 4056//4056 4397//4397
f 4056//4056 4059//4059 4072//4072
f 4057//4057 4070//4070 4059//4059
f 4057//4057 4058//4058 4085//4085
f 4056//4056 4075//4075 4076//4076
f 4056//4056 4076//4076 4399//4399
f 4056//4056 4072//4072 4080//4080
f 4056//4056 4079//4079 4075//4075
f 4056//4056 4080//4080 4079//4079
f 4059//4059 4073//4073 4071//4071
f 4059//4059 4071//4071 4072//4072
f 4059//4059 4070//4070 4073//4073
f 4058//4058 4086//4086 4087//4087
f 4040//4040 4086//4086 4058//4058
f 4058//4058 4087//4087 4084//4084
f 4058//4058 4084//4084 4085//4085
f 4057//4057 4090//4090 4091//4091
f 4057//4057 4091//4091 4070//4070
f 4057//4057 4085//4085 4090//4090
f 4055//4055 4396//4396 4395//4395
f 4055//4055 4397//4397 4396//4396
f 4056//4056 4398//4398 4397//4397
f 4056//4056 4399//4399 4398//4398
f 4076//4076 4077//4077 4399//4399
f 4077//4077 4078//4078 4399//4399
f 4078//4078 4083//4083 4404//4404
f 4158//4158 4169//4169 4162//4162
f 4162//4162 4169//4169 4170//4170
f 4162//4162 4170//4170 4163//4163
f 4163//4163 4170//4170 4164//4164
f 4164//4164 4170//4170 4165//4165
f 4165//4165 4170//4170 4166//4166
f 4166//4166 4184//4184 4420//4420
f 4166//4166 4170//4170 4183//4183
f 4166//4166 4183//4183 4184//4184
f 4387//4387 4389//4389 4390//4390
f 4389//4389 4392//4392 4390//4390
f 4389//4389 4394//4394 4392//4392
f 4389//4389 4391//4391 4394//4394
f 4391//4391 4393//4393 4394//4394
f 4388//4388 4394//4394 4393//4393
f 4078//4078 4404//4404 4399//4399
f 4083//4083 4403//4403 4404//4404
f 4403//4403 4405//4405 4404//4404
f 4404//4404 4405//4405 4410//4410
f 4404//4404 4406//4406 4407//4407
f 4404//4404 4411//4411 4406//4406
f 4404//4404 4410//4410 4411//4411
f 4404//4404 4408//4408 4409//4409
f 4404//4404 4407//4407 4408//4408
f 4404//4404 4409//4409 4413//4413
f 4387//4387 4404//4404 4413//4413
f 4387//4387 4390//4390 4404//4404
f 4420//4420 4431//4431 4421//4421
f 4184//4184 4430//4430 4420//4420
f 4421//4421 4431//4431 4432//4432
f 4421//4421 4432//4432 4424//4424
f 4420//4420 4430//4430 4431//4431
f 4421//4421 4424//4424 4422//4422
f 4388//4388 4422//4422 4394//4394
f 4394//4394 4422//4422 4424//4424
f 3249//3249 3254//3254 3250//3250
f 3247//3247 3250//3250 3254//3254
f 3249//3249 3250//3250 3287//3287
f 3247//3247 3251//3251 3250//3250
f 3248//3248 3252//3252 3251//3251
f 3250//3250 3251//3251 3285//3285
f 3247//3247 3248//3248 3251//3251
f 3248//3248 3263//3263 3252//3252
f 3251//3251 3252//3252 3286//3286
f 3253//3253 3256//3256 3254//3254
f 3253//3253 3278//3278 3259//3259
f 3253//3253 3259//3259 3256//3256
f 3247//3247 3254//3254 3255//3255
f 3247//3247 3255//3255 3264//3264
f 3258//3258 3267//3267 3264//3264
f 3254//3254 3256//3256 3255//3255
f 3255//3255 3258//3258 3264//3264
f 3255//3255 3257//3257 3258//3258
f 3258//3258 3261//3261 3267//3267
f 3255//3255 3256//3256 3257//3257
f 3256//3256 3259//3259 3262//3262
f 3256//3256 3262//3262 3257//3257
f 3258//3258 3260//3260 3261//3261
f 3257//3257 3260//3260 3258//3258
f 3257//3257 3262//3262 3306//3306
f 3257//3257 3306//3306 3260//3260
f 3261//3261 3305//3305 3273//3273
f 3259//3259 3306//3306 3262//3262
f 3259//3259 3284//3284 3311//3311
f 3248//3248 3264//3264 3265//3265
f 3247//3247 3264//3264 3248//3248
f 3248//3248 3265//3265 3263//3263
f 3252//3252 3263//3263 3266//3266
f 3263//3263 3265//3265 3266//3266
f 3265//3265 3267//3267 3268//3268
f 3266//3266 3268//3268 3269//3269
f 3266//3266 3269//3269 3274//3274
f 3264//3264 3267//3267 3265//3265
f 3265//3265 3268//3268 3266//3266
f 3270//3270 3273//3273 3305//3305
f 3270//3270 3271//3271 3272//3272
f 3267//3267 3273//3273 3268//3268
f 3261//3261 3273//3273 3267//3267
f 3268//3268 3273//3273 3272//3272
f 3269//3269 3272//3272 3274//3274
f 3268//3268 3272//3272 3269//3269
f 3266//3266 3274//3274 3314//3314
f 3266//3266 3314//3314 3288//3288
f 3270//3270 3272//3272 3273//3273
f 3271//3271 3274//3274 3272//3272
f 3271//3271 3275//3275 3274//3274
f 3249//3249 3276//3276 3253//3253
f 3249//3249 3253//3253 3254//3254
f 3253//3253 3276//3276 3278//3278
f 3276//3276 3277//3277 3278//3278
f 3276//3276 3280//3280 3277//3277
f 3259//3259 3278//3278 3277//3277
f 3249//3249 3281//3281 3276//3276
f 3249//3249 3287//3287 3281//3281
f 3277//3277 3280//3280 3279//3279
f 3277//3277 3279//3279 3284//3284
f 3276//3276 3281//3281 3280//3280
f 3259//3259 3277//3277 3284//3284
f 3279//3279 3280//3280 3282//3282
f 3280//3280 3281//3281 3283//3283
f 3279//3279 3282//3282 3284//3284
f 3280//3280 3283//3283 3282//3282
f 3281//3281 3289//3289 3283//3283
f 3282//3282 3326//3326 3284//3284
f 3282//3282 3283//3283 3325//3325
f 3284//3284 3326//3326 3324//3324
f 3282//3282 3325//3325 3326//3326
f 3250//3250 3285//3285 3287//3287
f 3251//3251 3286//3286 3285//3285
f 3252//3252 3266//3266 3288//3288
f 3252//3252 3288//3288 3286//3286
f 3285//3285 3286//3286 3288//3288
f 3285//3285 3290//3290 3287//3287
f 3281//3281 3287//3287 3289//3289
f 3287//3287 3290//3290 3289//3289
f 3285//3285 3288//3288 3290//3290
f 3283//3283 3289//3289 3291//3291
f 3288//3288 3292//3292 3290//3290
f 3289//3289 3290//3290 3293//3293
f 3289//3289 3293//3293 3291//3291
f 3283//3283 3291//3291 3325//3325
f 3291//3291 3332//3332 3325//3325
f 3290//3290 3292//3292 3293//3293
f 3288//3288 3330//3330 3292//3292
f 3292//3292 3330//3330 3293//3293
f 3291//3291 3293//3293 3331//3331
f 3293//3293 3330//3330 3331//3331
f 3305//3305 3307//3307 3310//3310
f 3305//3305 3310//3310 3309//3309
f 3259//3259 3311//3311 3306//3306
f 3260//3260 3306//3306 3308//3308
f 3260//3260 3307//3307 3261//3261
f 3261//3261 3307//3307 3305//3305
f 3260//3260 3308//3308 3307//3307
f 3306//3306 3311//3311 3308//3308
f 3307//3307 3308//3308 3311//3311
f 3307//3307 3311//3311 3310//3310
f 3309//3309 3310//3310 3316//3316
f 3310//3310 3311//3311 3317//3317
f 3270//3270 3312//3312 3271//3271
f 3270//3270 3305//3305 3309//3309
f 3270//3270 3309//3309 3312//3312
f 3271//3271 3313//3313 3275//3275
f 3271//3271 3312//3312 3313//3313
f 3275//3275 3313//3313 3314//3314
f 3312//3312 3319//3319 3313//3313
f 3313//3313 3318//3318 3314//3314
f 3314//3314 3318//3318 3320//3320
f 3274//3274 3275//3275 3314//3314
f 3288//3288 3314//3314 3409//3409
f 3309//3309 3315//3315 3312//3312
f 3312//3312 3315//3315 3319//3319
f 3309//3309 3316//3316 3315//3315
f 3310//3310 3317//3317 3316//3316
f 3315//3315 3316//3316 3341//3341
f 3311//3311 3342//3342 3317//3317
f 3315//3315 3343//3343 3319//3319
f 3313//3313 3319//3319 3318//3318
f 3318//3318 3319//3319 3322//3322
f 3314//3314 3320//3320 3323//3323
f 3318//3318 3321//3321 3320//3320
f 3319//3319 3343//3343 3322//3322
f 3320//3320 3321//3321 3323//3323
f 3318//3318 3322//3322 3321//3321
f 3314//3314 3323//3323 3408//3408
f 3284//3284 3363//3363 3311//3311
f 3288//3288 3409//3409 3410//3410
f 3288//3288 3410//3410 3411//3411
f 3314//3314 3408//3408 3409//3409
f 3284//3284 3324//3324 3327//3327
f 3324//3324 3326//3326 3329//3329
f 3324//3324 3329//3329 3327//3327
f 3284//3284 3327//3327 3365//3365
f 3325//3325 3328//3328 3326//3326
f 3325//3325 3332//3332 3328//3328
f 3326//3326 3328//3328 3329//3329
f 3328//3328 3338//3338 3329//3329
f 3288//3288 3401//3401 3330//3330
f 3330//3330 3333//3333 3331//3331
f 3291//3291 3331//3331 3332//3332
f 3331//3331 3334//3334 3332//3332
f 3288//3288 3411//3411 3401//3401
f 3330//3330 3401//3401 3333//3333
f 3333//3333 3401//3401 3334//3334
f 3328//3328 3332//3332 3335//3335
f 3331//3331 3333//3333 3334//3334
f 3332//3332 3334//3334 3335//3335
f 3327//3327 3336//3336 3365//3365
f 3327//3327 3329//3329 3337//3337
f 3327//3327 3337//3337 3336//3336
f 3329//3329 3338//3338 3337//3337
f 3328//3328 3335//3335 3338//3338
f 3284//3284 3365//3365 3363//3363
f 3336//3336 3366//3366 3365//3365
f 3336//3336 3337//3337 3366//3366
f 3337//3337 3338//3338 3367//3367
f 3337//3337 3367//3367 3366//3366
f 3334//3334 3339//3339 3335//3335
f 3334//3334 3401//3401 3339//3339
f 3335//3335 3339//3339 3340//3340
f 3335//3335 3340//3340 3338//3338
f 3340//3340 3417//3417 3367//3367
f 3338//3338 3340//3340 3367//3367
f 3315//3315 3341//3341 3343//3343
f 3316//3316 3317//3317 3342//3342
f 3316//3316 3342//3342 3341//3341
f 3311//3311 3361//3361 3342//3342
f 3322//3322 3343//3343 3352//3352
f 3341//3341 3342//3342 3356//3356
f 3341//3341 3351//3351 3343//3343
f 3343//3343 3351//3351 3352//3352
f 3341//3341 3356//3356 3351//3351
f 3344//3344 3346//3346 3352//3352
f 3342//3342 3360//3360 3356//3356
f 3321//3321 3322//3322 3348//3348
f 3321//3321 3403//3403 3323//3323
f 3323//3323 3403//3403 3404//3404
f 3322//3322 3347//3347 3349//3349
f 3322//3322 3345//3345 3347//3347
f 3322//3322 3349//3349 3348//3348
f 3321//3321 3348//3348 3403//3403
f 3322//3322 3352//3352 3346//3346
f 3322//3322 3346//3346 3345//3345
f 3348//3348 3349//3349 3350//3350
f 3348//3348 3350//3350 3403//3403
f 3350//3350 3405//3405 3403//3403
f 3311//3311 3362//3362 3361//3361
f 3311//3311 3363//3363 3362//3362
f 3351//3351 3356//3356 3357//3357
f 3351//3351 3357//3357 3358//3358
f 3352//3352 3353//3353 3354//3354
f 3352//3352 3355//3355 3353//3353
f 3344//3344 3352//3352 3354//3354
f 3351//3351 3355//3355 3352//3352
f 3351//3351 3358//3358 3355//3355
f 3342//3342 3361//3361 3360//3360
f 3356//3356 3359//3359 3357//3357
f 3356//3356 3360//3360 3359//3359
f 3366//3366 3367//3367 3370//3370
f 3365//3365 3366//3366 3369//3369
f 3365//3365 3369//3369 3368//3368
f 3366//3366 3370//3370 3369//3369
f 3365//3365 3368//3368 3381//3381
f 3363//3363 3365//3365 3364//3364
f 3364//3364 3365//3365 3381//3381
f 3368//3368 3378//3378 3380//3380
f 3368//3368 3380//3380 3381//3381
f 3368//3368 3382//3382 3379//3379
f 3368//3368 3379//3379 3378//3378
f 3368//3368 3369//3369 3382//3382
f 3369//3369 3372//3372 3382//3382
f 3367//3367 3417//3417 3370//3370
f 3370//3370 3371//3371 3375//3375
f 3370//3370 3376//3376 3371//3371
f 3369//3369 3370//3370 3374//3374
f 3369//3369 3374//3374 3373//3373
f 3370//3370 3375//3375 3374//3374
f 3369//3369 3373//3373 3372//3372
f 3370//3370 3417//3417 3376//3376
f 3376//3376 3417//3417 3377//3377
f 3339//3339 3401//3401 3402//3402
f 3339//3339 3416//3416 3340//3340
f 3401//3401 3412//3412 3402//3402
f 3339//3339 3402//3402 3416//3416
f 3340//3340 3416//3416 3417//3417
f 3403//3403 3407//3407 3404//3404
f 3323//3323 3404//3404 3408//3408
f 3403//3403 3405//3405 3406//3406
f 3403//3403 3406//3406 3407//3407
f 3404//3404 3407//3407 3408//3408
f 3401//3401 3411//3411 3413//3413
f 3412//3412 3413//3413 3414//3414
f 3412//3412 3415//3415 3420//3420
f 3412//3412 3414//3414 3415//3415
f 3401//3401 3413//3413 3412//3412
f 3402//3402 3412//3412 3416//3416
f 3377//3377 3417//3417 3418//3418
f 3417//3417 3424//3424 3418//3418
f 3416//3416 3419//3419 3417//3417
f 3412//3412 3419//3419 3416//3416
f 3417//3417 3419//3419 3424//3424
f 3419//3419 3423//3423 3424//3424
f 3412//3412 3420//3420 3419//3419
f 3419//3419 3422//3422 3423//3423
f 3419//3419 3420//3420 3421//3421
f 3419//3419 3421//3421 3422//3422
f 4039//4039 4041//4041 4088//4088
f 4039//4039 4088//4088 4040//4040
f 4041//4041 4042//4042 4045//4045
f 4041//4041 4045//4045 4088//4088
f 4042//4042 4100//4100 4045//4045
f 4070//4070 4091//4091 4074//4074
f 4072//4072 4074//4074 4080//4080
f 4071//4071 4074//4074 4072//4072
f 4071//4071 4073//4073 4074//4074
f 4070//4070 4074//4074 4073//4073
f 4079//4079 4080//4080 4082//4082
f 4075//4075 4079//4079 4082//4082
f 4076//4076 4081//4081 4077//4077
f 4075//4075 4081//4081 4076//4076
f 4075//4075 4082//4082 4081//4081
f 4074//4074 4082//4082 4080//4080
f 4077//4077 4095//4095 4078//4078
f 4077//4077 4081//4081 4095//4095
f 4081//4081 4082//4082 4094//4094
f 4040//4040 4088//4088 4086//4086
f 4086//4086 4089//4089 4087//4087
f 4086//4086 4088//4088 4089//4089
f 4084//4084 4087//4087 4089//4089
f 4084//4084 4089//4089 4085//4085
f 4085//4085 4092//4092 4090//4090
f 4090//4090 4092//4092 4091//4091
f 4074//4074 4091//4091 4092//4092
f 4088//4088 4098//4098 4089//4089
f 4085//4085 4089//4089 4092//4092
f 4088//4088 4100//4100 4098//4098
f 4089//4089 4098//4098 4092//4092
f 4074//4074 4092//4092 4093//4093
f 4045//4045 4100//4100 4088//4088
f 4042//4042 4043//4043 4104//4104
f 4043//4043 4044//4044 4104//4104
f 4074//4074 4093//4093 4082//4082
f 4081//4081 4094//4094 4095//4095
f 4082//4082 4093//4093 4094//4094
f 4078//4078 4110//4110 4083//4083
f 4078//4078 4095//4095 4110//4110
f 4083//4083 4110//4110 4403//4403
f 4093//4093 4103//4103 4094//4094
f 4094//4094 4096//4096 4095//4095
f 4095//4095 4096//4096 4097//4097
f 4094//4094 4103//4103 4096//4096
f 4095//4095 4097//4097 4110//4110
f 4092//4092 4098//4098 4101//4101
f 4092//4092 4099//4099 4093//4093
f 4092//4092 4101//4101 4099//4099
f 4042//4042 4104//4104 4100//4100
f 4098//4098 4100//4100 4102//4102
f 4098//4098 4102//4102 4101//4101
f 4100//4100 4104//4104 4102//4102
f 4101//4101 4102//4102 4104//4104
f 4099//4099 4101//4101 4105//4105
f 4093//4093 4099//4099 4103//4103
f 4096//4096 4103//4103 4112//4112
f 4099//4099 4106//4106 4103//4103
f 4103//4103 4106//4106 4112//4112
f 4099//4099 4105//4105 4106//4106
f 4101//4101 4104//4104 4105//4105
f 4104//4104 4108//4108 4105//4105
f 4044//4044 4707//4707 4104//4104
f 4105//4105 4107//4107 4106//4106
f 4106//4106 4109//4109 4112//4112
f 4109//4109 4113//4113 4112//4112
f 4106//4106 4107//4107 4109//4109
f 4105//4105 4108//4108 4107//4107
f 4104//4104 4131//4131 4108//4108
f 4107//4107 4108//4108 4131//4131
f 4107//4107 4129//4129 4109//4109
f 4109//4109 4130//4130 4113//4113
f 4096//4096 4111//4111 4097//4097
f 4096//4096 4112//4112 4111//4111
f 4097//4097 4111//4111 4110//4110
f 4110//4110 4111//4111 4115//4115
f 4111//4111 4112//4112 4113//4113
f 4111//4111 4113//4113 4115//4115
f 4110//4110 4115//4115 4114//4114
f 4110//4110 4114//4114 4116//4116
f 4114//4114 4115//4115 4117//4117
f 4113//4113 4118//4118 4115//4115
f 4114//4114 4117//4117 4116//4116
f 4110//4110 4116//4116 4737//4737
f 4113//4113 4130//4130 4118//4118
f 4115//4115 4118//4118 4117//4117
f 4117//4117 4118//4118 4138//4138
f 4116//4116 4117//4117 4137//4137
f 4116//4116 4137//4137 4136//4136
f 4107//4107 4131//4131 4129//4129
f 4109//4109 4129//4129 4130//4130
f 4104//4104 4716//4716 4131//4131
f 4129//4129 4131//4131 4132//4132
f 4131//4131 4716//4716 4132//4132
f 4129//4129 4133//4133 4130//4130
f 4130//4130 4133//4133 4134//4134
f 4129//4129 4132//4132 4133//4133
f 4132//4132 4716//4716 4133//4133
f 4133//4133 4716//4716 4135//4135
f 4133//4133 4135//4135 4134//4134
f 4134//4134 4135//4135 4140//4140
f 4118//4118 4130//4130 4134//4134
f 4118//4118 4134//4134 4138//4138
f 4117//4117 4138//4138 4137//4137
f 4116//4116 4136//4136 4737//4737
f 4137//4137 4138//4138 4139//4139
f 4134//4134 4140//4140 4138//4138
f 4138//4138 4140//4140 4139//4139
f 4136//4136 4137//4137 4738//4738
f 4136//4136 4738//4738 4737//4737
f 4137//4137 4139//4139 4738//4738
f 4158//4158 4168//4168 4161//4161
f 4162//4162 4163//4163 4167//4167
f 4163//4163 4164//4164 4167//4167
f 4160//4160 4161//4161 4168//4168
f 4158//4158 4162//4162 4168//4168
f 4162//4162 4167//4167 4168//4168
f 4164//4164 4165//4165 4167//4167
f 4165//4165 4172//4172 4167//4167
f 4165//4165 4166//4166 4172//4172
f 4166//4166 4420//4420 4172//4172
f 4044//4044 4159//4159 4513//4513
f 4159//4159 4160//4160 4513//4513
f 4167//4167 4173//4173 4168//4168
f 4160//4160 4168//4168 4513//4513
f 4168//4168 4173//4173 4171//4171
f 4168//4168 4171//4171 4513//4513
f 4167//4167 4172//4172 4173//4173
f 4171//4171 4173//4173 4511//4511
f 4391//4391 4425//4425 4393//4393
f 4405//4405 4412//4412 4410//4410
f 4408//4408 4412//4412 4409//4409
f 4410//4410 4412//4412 4411//4411
f 4406//4406 4411//4411 4412//4412
f 4406//4406 4412//4412 4407//4407
f 4407//4407 4412//4412 4408//4408
f 4409//4409 4412//4412 4413//4413
f 4412//4412 4426//4426 4413//4413
f 4403//4403 4429//4429 4405//4405
f 4387//4387 4413//4413 4426//4426
f 4387//4387 4425//4425 4389//4389
f 4389//4389 4425//4425 4391//4391
f 4172//4172 4420//4420 4421//4421
f 4172//4172 4421//4421 4423//4423
f 4421//4421 4422//4422 4423//4423
f 4388//4388 4393//4393 4423//4423
f 4388//4388 4423//4423 4422//4422
f 4172//4172 4512//4512 4173//4173
f 4172//4172 4423//4423 4428//4428
f 4172//4172 4428//4428 4512//4512
f 4405//4405 4429//4429 4412//4412
f 4387//4387 4426//4426 4425//4425
f 4393//4393 4425//4425 4423//4423
f 4412//4412 4429//4429 4426//4426
f 4423//4423 4425//4425 4427//4427
f 4425//4425 4426//4426 4429//4429
f 4425//4425 4429//4429 4427//4427
f 4423//4423 4427//4427 4428//4428
f 4427//4427 4515//4515 4428//4428
f 4427//4427 4429//4429 4517//4517
f 4173//4173 4512//4512 4511//4511
f 4171//4171 4511//4511 4513//4513
f 4044//4044 4513//4513 4707//4707
f 4511//4511 4524//4524 4513//4513
f 4511//4511 4512//4512 4514//4514
f 4513//4513 4524//4524 4523//4523
f 4511//4511 4514//4514 4524//4524
f 4512//4512 4516//4516 4514//4514
f 4428//4428 4516//4516 4512//4512
f 4403//4403 4732//4732 4429//4429
f 4427//4427 4517//4517 4515//4515
f 4428//4428 4515//4515 4516//4516
f 4429//4429 4533//4533 4517//4517
f 4514//4514 4516//4516 4528//4528
f 4515//4515 4517//4517 4533//4533
f 4515//4515 4534//4534 4516//4516
f 4515//4515 4533//4533 4534//4534
f 4516//4516 4534//4534 4528//4528
f 4513//4513 4523//4523 4526//4526
f 4514//4514 4527//4527 4524//4524
f 4523//4523 4524//4524 4525//4525
f 4523//4523 4525//4525 4526//4526
f 4524//4524 4527//4527 4525//4525
f 4513//4513 4526//4526 4707//4707
f 4525//4525 4705//4705 4526//4526
f 4525//4525 4527//4527 4706//4706
f 4525//4525 4706//4706 4705//4705
f 4514//4514 4528//4528 4527//4527
f 4527//4527 4528//4528 4537//4537
f 4527//4527 4537//4537 4706//4706
f 4537//4537 4733//4733 4706//4706
f 4110//4110 4732//4732 4403//4403
f 4429//4429 4732//4732 4533//4533
f 4533//4533 4535//4535 4534//4534
f 4528//4528 4534//4534 4536//4536
f 4528//4528 4536//4536 4537//4537
f 4534//4534 4535//4535 4536//4536
f 4533//4533 4732//4732 4535//4535
f 4110//4110 4737//4737 4732//4732
f 4536//4536 4734//4734 4537//4537
f 4537//4537 4734//4734 4733//4733
f 4535//4535 4732//4732 4536//4536
f 4536//4536 4732//4732 4734//4734
f 4526//4526 4705//4705 4704//4704
f 4526//4526 4704//4704 4707//4707
f 4104//4104 4707//4707 4716//4716
f 4704//4704 4705//4705 4708//4708
f 4705//4705 4706//4706 4709//4709
f 4706//4706 4733//4733 4709//4709
f 4704//4704 4708//4708 4707//4707
f 4705//4705 4709//4709 4708//4708
f 4708//4708 4709//4709 4719//4719
f 4135//4135 4716//4716 4721//4721
f 4135//4135 4720//4720 4140//4140
f 4707//4707 4722//4722 4716//4716
f 4707//4707 4708//4708 4718//4718
f 4707//4707 4718//4718 4717//4717
f 4708//4708 4719//4719 4718//4718
f 4707//4707 4717//4717 4722//4722
f 4135//4135 4721//4721 4720//4720
f 4716//4716 4722//4722 4721//4721
f 4720//4720 4721//4721 4722//4722
f 4720//4720 4722//4722 4783//4783
f 4717//4717 4718//4718 4783//4783
f 4718//4718 4719//4719 4784//4784
f 4717//4717 4783//4783 4722//4722
f 4733//4733 4734//4734 4735//4735
f 4732//4732 4740//4740 4734//4734
f 4734//4734 4740//4740 4735//4735
f 4709//4709 4733//4733 4736//4736
f 4709//4709 4736//4736 4719//4719
f 4733//4733 4735//4735 4736//4736
f 4737//4737 4738//4738 4743//4743
f 4139//4139 4742//4742 4738//4738
f 4738//4738 4742//4742 4743//4743
f 4737//4737 4743//4743 4739//4739
f 4737//4737 4739//4739 4744//4744
f 4732//4732 4737//4737 4744//4744
f 4732//4732 4744//4744 4740//4740
f 4735//4735 4740//4740 4744//4744
f 4735//4735 4745//4745 4736//4736
f 4139//4139 4140//4140 4741//4741
f 4139//4139 4741//4741 4742//4742
f 4719//4719 4736//4736 4746//4746
f 4140//4140 4720//4720 4741//4741
f 4720//4720 4783//4783 4741//4741
f 4741//4741 4784//4784 4742//4742
f 4719//4719 4746//4746 4784//4784
f 4741//4741 4783//4783 4784//4784
f 4718//4718 4784//4784 4783//4783
f 4742//4742 4784//4784 4746//4746
f 4739//4739 4743//4743 4745//4745
f 4742//4742 4746//4746 4743//4743
f 4739//4739 4745//4745 4744//4744
f 4735//4735 4744//4744 4745//4745
f 4743//4743 4746//4746 4745//4745
f 4736//4736 4745//4745 4746//4746
f 3425//3425 3426//3426 3438//3438
f 3426//3426 3437//3437 3438//3438
f 3426//3426 3431//3431 3437//3437
f 3425//3425 3438//3438 3427//3427
f 3425//3425 3427//3427 3641//3641
f 3426//3426 3429//3429 3428//3428
f 3425//3425 3429//3429 3426//3426
f 3428//3428 3430//3430 3434//3434
f 3428//3428 3429//3429 3430//3430
f 3431//3431 3432//3432 3437//3437
f 3426//3426 3428//3428 3431//3431
f 3428//3428 3432//3432 3431//3431
f 3428//3428 3434//3434 3432//3432
f 3432//3432 3434//3434 3433//3433
f 3432//3432 3433//3433 3446//3446
f 3433//3433 3434//3434 3436//3436
f 3430//3430 3435//3435 3434//3434
f 3434//3434 3435//3435 3436//3436
f 3433//3433 3436//3436 3446//3446
f 3425//3425 3644//3644 3429//3429
f 3429//3429 3646//3646 3430//3430
f 3430//3430 3650//3650 3435//3435
f 3435//3435 3447//3447 3436//3436
f 3427//3427 3438//3438 3440//3440
f 3427//3427 3440//3440 3441//3441
f 3437//3437 3439//3439 3438//3438
f 3438//3438 3439//3439 3440//3440
f 3437//3437 3442//3442 3439//3439
f 3440//3440 3443//3443 3441//3441
f 3439//3439 3442//3442 3440//3440
f 3427//3427 3441//3441 3643//3643
f 3441//3441 3444//3444 3655//3655
f 3437//3437 3527//3527 3442//3442
f 3440//3440 3442//3442 3443//3443
f 3441//3441 3443//3443 3444//3444
f 3442//3442 3527//3527 3445//3445
f 3443//3443 3518//3518 3444//3444
f 3442//3442 3445//3445 3443//3443
f 3444//3444 3518//3518 3517//3517
f 3443//3443 3445//3445 3518//3518
f 3444//3444 3517//3517 3658//3658
f 3432//3432 3446//3446 3437//3437
f 3436//3436 3448//3448 3446//3446
f 3437//3437 3446//3446 3527//3527
f 3436//3436 3447//3447 3448//3448
f 3446//3446 3448//3448 3449//3449
f 3447//3447 3451//3451 3448//3448
f 3446//3446 3449//3449 3452//3452
f 3448//3448 3450//3450 3449//3449
f 3448//3448 3451//3451 3450//3450
f 3449//3449 3450//3450 3452//3452
f 3435//3435 3663//3663 3447//3447
f 3447//3447 3667//3667 3451//3451
f 3456//3456 3713//3713 3505//3505
f 3446//3446 3533//3533 3527//3527
f 3446//3446 3452//3452 3528//3528
f 3450//3450 3453//3453 3452//3452
f 3450//3450 3451//3451 3455//3455
f 3454//3454 3456//3456 3505//3505
f 3450//3450 3455//3455 3453//3453
f 3452//3452 3453//3453 3457//3457
f 3446//3446 3528//3528 3533//3533
f 3452//3452 3457//3457 3528//3528
f 3453//3453 3532//3532 3457//3457
f 3454//3454 3530//3530 3456//3456
f 3453//3453 3455//3455 3460//3460
f 3453//3453 3460//3460 3532//3532
f 3457//3457 3532//3532 3528//3528
f 3454//3454 3529//3529 3530//3530
f 3458//3458 3531//3531 3532//3532
f 3456//3456 3530//3530 3459//3459
f 3458//3458 3459//3459 3531//3531
f 3458//3458 3532//3532 3460//3460
f 3451//3451 3463//3463 3455//3455
f 3451//3451 3461//3461 3463//3463
f 3451//3451 3468//3468 3461//3461
f 3451//3451 3469//3469 3468//3468
f 3456//3456 3467//3467 3466//3466
f 3456//3456 3466//3466 3465//3465
f 3455//3455 3464//3464 3472//3472
f 3455//3455 3463//3463 3464//3464
f 3456//3456 3473//3473 3467//3467
f 3456//3456 3465//3465 3471//3471
f 3451//3451 3672//3672 3469//3469
f 3456//3456 3471//3471 3713//3713
f 3455//3455 3472//3472 3475//3475
f 3456//3456 3474//3474 3473//3473
f 3456//3456 3459//3459 3474//3474
f 3455//3455 3475//3475 3460//3460
f 3459//3459 3476//3476 3474//3474
f 3460//3460 3475//3475 3481//3481
f 3458//3458 3479//3479 3459//3459
f 3459//3459 3478//3478 3476//3476
f 3458//3458 3477//3477 3479//3479
f 3459//3459 3479//3479 3478//3478
f 3458//3458 3460//3460 3482//3482
f 3458//3458 3482//3482 3477//3477
f 3460//3460 3480//3480 3482//3482
f 3460//3460 3481//3481 3480//3480
f 3484//3484 3486//3486 3490//3490
f 3483//3483 3484//3484 3490//3490
f 3483//3483 3693//3693 3484//3484
f 3484//3484 3485//3485 3486//3486
f 3485//3485 3487//3487 3486//3486
f 3486//3486 3487//3487 3494//3494
f 3487//3487 3498//3498 3497//3497
f 3485//3485 3498//3498 3487//3487
f 3484//3484 3694//3694 3485//3485
f 3485//3485 3705//3705 3498//3498
f 3489//3489 3494//3494 3493//3493
f 3483//3483 3490//3490 3491//3491
f 3483//3483 3491//3491 3488//3488
f 3486//3486 3489//3489 3490//3490
f 3490//3490 3493//3493 3491//3491
f 3489//3489 3493//3493 3490//3490
f 3488//3488 3491//3491 3503//3503
f 3491//3491 3502//3502 3503//3503
f 3488//3488 3503//3503 3492//3492
f 3493//3493 3494//3494 3504//3504
f 3491//3491 3493//3493 3502//3502
f 3483//3483 3488//3488 3692//3692
f 3488//3488 3492//3492 3697//3697
f 3494//3494 3495//3495 3496//3496
f 3486//3486 3494//3494 3489//3489
f 3487//3487 3495//3495 3494//3494
f 3487//3487 3497//3497 3495//3495
f 3495//3495 3497//3497 3496//3496
f 3496//3496 3497//3497 3500//3500
f 3497//3497 3501//3501 3500//3500
f 3497//3497 3498//3498 3501//3501
f 3494//3494 3496//3496 3507//3507
f 3496//3496 3499//3499 3507//3507
f 3496//3496 3500//3500 3499//3499
f 3499//3499 3500//3500 3508//3508
f 3500//3500 3501//3501 3509//3509
f 3498//3498 3708//3708 3501//3501
f 3493//3493 3504//3504 3502//3502
f 3492//3492 3503//3503 3506//3506
f 3492//3492 3506//3506 3505//3505
f 3502//3502 3504//3504 3503//3503
f 3503//3503 3504//3504 3506//3506
f 3454//3454 3505//3505 3506//3506
f 3492//3492 3505//3505 3701//3701
f 3494//3494 3507//3507 3504//3504
f 3499//3499 3508//3508 3507//3507
f 3500//3500 3509//3509 3508//3508
f 3507//3507 3508//3508 3512//3512
f 3508//3508 3509//3509 3513//3513
f 3507//3507 3512//3512 3511//3511
f 3508//3508 3513//3513 3512//3512
f 3501//3501 3716//3716 3509//3509
f 3509//3509 3721//3721 3513//3513
f 3504//3504 3510//3510 3506//3506
f 3454//3454 3506//3506 3510//3510
f 3504//3504 3529//3529 3510//3510
f 3454//3454 3510//3510 3529//3529
f 3507//3507 3511//3511 3514//3514
f 3511//3511 3512//3512 3515//3515
f 3512//3512 3513//3513 3516//3516
f 3504//3504 3507//3507 3597//3597
f 3507//3507 3514//3514 3589//3589
f 3511//3511 3515//3515 3514//3514
f 3512//3512 3516//3516 3515//3515
f 3513//3513 3724//3724 3516//3516
f 3516//3516 3724//3724 3582//3582
f 3445//3445 3527//3527 3518//3518
f 3517//3517 3518//3518 3519//3519
f 3518//3518 3527//3527 3519//3519
f 3517//3517 3519//3519 3520//3520
f 3517//3517 3520//3520 3729//3729
f 3521//3521 3522//3522 3523//3523
f 3522//3522 3546//3546 3733//3733
f 3519//3519 3535//3535 3520//3520
f 3524//3524 3526//3526 3525//3525
f 3523//3523 3526//3526 3524//3524
f 3521//3521 3523//3523 3524//3524
f 3524//3524 3525//3525 3555//3555
f 3525//3525 3556//3556 3555//3555
f 3525//3525 3538//3538 3540//3540
f 3525//3525 3526//3526 3538//3538
f 3525//3525 3540//3540 3556//3556
f 3540//3540 3569//3569 3556//3556
f 3520//3520 3537//3537 3731//3731
f 3522//3522 3735//3735 3523//3523
f 3523//3523 3737//3737 3526//3526
f 3526//3526 3746//3746 3538//3538
f 3519//3519 3527//3527 3534//3534
f 3527//3527 3533//3533 3536//3536
f 3528//3528 3532//3532 3531//3531
f 3459//3459 3530//3530 3531//3531
f 3530//3530 3533//3533 3531//3531
f 3528//3528 3531//3531 3533//3533
f 3529//3529 3533//3533 3530//3530
f 3527//3527 3536//3536 3534//3534
f 3519//3519 3534//3534 3535//3535
f 3520//3520 3535//3535 3537//3537
f 3535//3535 3543//3543 3537//3537
f 3538//3538 3539//3539 3540//3540
f 3534//3534 3536//3536 3535//3535
f 3535//3535 3536//3536 3543//3543
f 3539//3539 3541//3541 3540//3540
f 3540//3540 3541//3541 3569//3569
f 3537//3537 3543//3543 3571//3571
f 3541//3541 3544//3544 3542//3542
f 3541//3541 3542//3542 3570//3570
f 3542//3542 3571//3571 3543//3543
f 3536//3536 3572//3572 3543//3543
f 3539//3539 3544//3544 3541//3541
f 3542//3542 3544//3544 3571//3571
f 3533//3533 3572//3572 3536//3536
f 3537//3537 3571//3571 3745//3745
f 3538//3538 3747//3747 3539//3539
f 3544//3544 3798//3798 3571//3571
f 3539//3539 3749//3749 3544//3544
f 3545//3545 3549//3549 3546//3546
f 3546//3546 3549//3549 3550//3550
f 3521//3521 3545//3545 3522//3522
f 3521//3521 3551//3551 3545//3545
f 3522//3522 3545//3545 3546//3546
f 3521//3521 3524//3524 3547//3547
f 3521//3521 3547//3547 3551//3551
f 3545//3545 3551//3551 3548//3548
f 3545//3545 3548//3548 3549//3549
f 3549//3549 3558//3558 3550//3550
f 3550//3550 3558//3558 3559//3559
f 3550//3550 3559//3559 3566//3566
f 3548//3548 3557//3557 3549//3549
f 3547//3547 3548//3548 3551//3551
f 3547//3547 3561//3561 3548//3548
f 3546//3546 3550//3550 3770//3770
f 3550//3550 3554//3554 3553//3553
f 3550//3550 3566//3566 3552//3552
f 3550//3550 3552//3552 3554//3554
f 3550//3550 3553//3553 3767//3767
f 3547//3547 3555//3555 3556//3556
f 3524//3524 3555//3555 3547//3547
f 3547//3547 3556//3556 3570//3570
f 3556//3556 3569//3569 3570//3570
f 3547//3547 3570//3570 3572//3572
f 3548//3548 3561//3561 3557//3557
f 3549//3549 3557//3557 3558//3558
f 3559//3559 3568//3568 3567//3567
f 3558//3558 3564//3564 3559//3559
f 3559//3559 3560//3560 3568//3568
f 3559//3559 3562//3562 3560//3560
f 3557//3557 3561//3561 3558//3558
f 3558//3558 3561//3561 3564//3564
f 3562//3562 3564//3564 3563//3563
f 3559//3559 3564//3564 3562//3562
f 3563//3563 3564//3564 3565//3565
f 3564//3564 4141//4141 3565//3565
f 3561//3561 4148//4148 3564//3564
f 3547//3547 4157//4157 3561//3561
f 3559//3559 3567//3567 3566//3566
f 3547//3547 3572//3572 4157//4157
f 3541//3541 3570//3570 3569//3569
f 3542//3542 3543//3543 3572//3572
f 3542//3542 3572//3572 3570//3570
f 3533//3533 4194//4194 3572//3572
f 3504//3504 3597//3597 3529//3529
f 3529//3529 3597//3597 3533//3533
f 3507//3507 3589//3589 3597//3597
f 3514//3514 3573//3573 3589//3589
f 3514//3514 3515//3515 3574//3574
f 3515//3515 3516//3516 3575//3575
f 3514//3514 3574//3574 3573//3573
f 3515//3515 3575//3575 3574//3574
f 3577//3577 3578//3578 3601//3601
f 3573//3573 3574//3574 3594//3594
f 3573//3573 3594//3594 3589//3589
f 3576//3576 3578//3578 3592//3592
f 3577//3577 3592//3592 3578//3578
f 3574//3574 3575//3575 3596//3596
f 3516//3516 3580//3580 3579//3579
f 3516//3516 3579//3579 3581//3581
f 3516//3516 3582//3582 3580//3580
f 3516//3516 3581//3581 3583//3583
f 3516//3516 3583//3583 3575//3575
f 3575//3575 3583//3583 3585//3585
f 3575//3575 3585//3585 3587//3587
f 3578//3578 3588//3588 3601//3601
f 3576//3576 3598//3598 3586//3586
f 3576//3576 3586//3586 3578//3578
f 3586//3586 3596//3596 3587//3587
f 3578//3578 3586//3586 3588//3588
f 3575//3575 3587//3587 3596//3596
f 3589//3589 3593//3593 3597//3597
f 3590//3590 3621//3621 3591//3591
f 3576//3576 3592//3592 3593//3593
f 3574//3574 3596//3596 3594//3594
f 3589//3589 3594//3594 3593//3593
f 3577//3577 3591//3591 3592//3592
f 3593//3593 3594//3594 3595//3595
f 3576//3576 3593//3593 3595//3595
f 3594//3594 3596//3596 3595//3595
f 3577//3577 3590//3590 3591//3591
f 3592//3592 3597//3597 3593//3593
f 3591//3591 3597//3597 3592//3592
f 3576//3576 3595//3595 3598//3598
f 3595//3595 3599//3599 3598//3598
f 3595//3595 3596//3596 3599//3599
f 3586//3586 3599//3599 3596//3596
f 3604//3604 3613//3613 3616//3616
f 3600//3600 3613//3613 3604//3604
f 3577//3577 3601//3601 3602//3602
f 3602//3602 3604//3604 3621//3621
f 3600//3600 3602//3602 3601//3601
f 3577//3577 3602//3602 3590//3590
f 3590//3590 3602//3602 3621//3621
f 3603//3603 3614//3614 3621//3621
f 3600//3600 3604//3604 3602//3602
f 3603//3603 3604//3604 3616//3616
f 3603//3603 3621//3621 3604//3604
f 3603//3603 3616//3616 3614//3614
f 3600//3600 3601//3601 3612//3612
f 3600//3600 3612//3612 3607//3607
f 3600//3600 3607//3607 3895//3895
f 3600//3600 3902//3902 3613//3613
f 3601//3601 3609//3609 3610//3610
f 3601//3601 3610//3610 3608//3608
f 3588//3588 3609//3609 3601//3601
f 3601//3601 3608//3608 3611//3611
f 3601//3601 3611//3611 3612//3612
f 3613//3613 3618//3618 3616//3616
f 3614//3614 3616//3616 3617//3617
f 3616//3616 3618//3618 3617//3617
f 3614//3614 3617//3617 3615//3615
f 3617//3617 3618//3618 3620//3620
f 3615//3615 3617//3617 3619//3619
f 3617//3617 3620//3620 3619//3619
f 3613//3613 3904//3904 3618//3618
f 3618//3618 3909//3909 3620//3620
f 3614//3614 3622//3622 3621//3621
f 3614//3614 3615//3615 3622//3622
f 3615//3615 3619//3619 3622//3622
f 3619//3619 3623//3623 3622//3622
f 3619//3619 3620//3620 3624//3624
f 3622//3622 3623//3623 3625//3625
f 3619//3619 3624//3624 3623//3623
f 3621//3621 3622//3622 3630//3630
f 3622//3622 3625//3625 3626//3626
f 3623//3623 3628//3628 3625//3625
f 3623//3623 3624//3624 3629//3629
f 3625//3625 3628//3628 3626//3626
f 3623//3623 3629//3629 3628//3628
f 3620//3620 3912//3912 3624//3624
f 3624//3624 4001//4001 3629//3629
f 3533//3533 3597//3597 4233//4233
f 3591//3591 4233//4233 3597//3597
f 3591//3591 3621//3621 4233//4233
f 3533//3533 4233//4233 4194//4194
f 3621//3621 3630//3630 4233//4233
f 3622//3622 3626//3626 3630//3630
f 3626//3626 3627//3627 3630//3630
f 3626//3626 3628//3628 3631//3631
f 3628//3628 3629//3629 3632//3632
f 3626//3626 3631//3631 3627//3627
f 3628//3628 3632//3632 3631//3631
f 3627//3627 3631//3631 3637//3637
f 3627//3627 3637//3637 3630//3630
f 3631//3631 3638//3638 3637//3637
f 3631//3631 3632//3632 3638//3638
f 3629//3629 4005//4005 3632//3632
f 3633//3633 4234//4234 3634//3634
f 3630//3630 3634//3634 4234//4234
f 3630//3630 4234//4234 4233//4233
f 3634//3634 3636//3636 3635//3635
f 3633//3633 3634//3634 4241//4241
f 3634//3634 3635//3635 4241//4241
f 3630//3630 3636//3636 3634//3634
f 3630//3630 3637//3637 3639//3639
f 3630//3630 3639//3639 3636//3636
f 3637//3637 3640//3640 3639//3639
f 3637//3637 3638//3638 3640//3640
f 3635//3635 3636//3636 3639//3639
f 3635//3635 3639//3639 4240//4240
f 3639//3639 3640//3640 4240//4240
f 3632//3632 4012//4012 3638//3638
f 3638//3638 4015//4015 3640//3640
f 3640//3640 4596//4596 4240//4240
f 3427//3427 3643//3643 3641//3641
f 3641//3641 3643//3643 3642//3642
f 3642//3642 3643//3643 3653//3653
f 3642//3642 3653//3653 3647//3647
f 3425//3425 3641//3641 3644//3644
f 3429//3429 3644//3644 3646//3646
f 3430//3430 3646//3646 3650//3650
f 3641//3641 3645//3645 3644//3644
f 3641//3641 3642//3642 3645//3645
f 3644//3644 3649//3649 3646//3646
f 3644//3644 3645//3645 3649//3649
f 3642//3642 3648//3648 3645//3645
f 3642//3642 3647//3647 3648//3648
f 3645//3645 3652//3652 3649//3649
f 3645//3645 3648//3648 3652//3652
f 3647//3647 3654//3654 3648//3648
f 3646//3646 3649//3649 3651//3651
f 3646//3646 3651//3651 3650//3650
f 3649//3649 3652//3652 3662//3662
f 3649//3649 3662//3662 3651//3651
f 3648//3648 3662//3662 3652//3652
f 3435//3435 3650//3650 3663//3663
f 3650//3650 3651//3651 3664//3664
f 3441//3441 3655//3655 3643//3643
f 3643//3643 3655//3655 3653//3653
f 3647//3647 3653//3653 3654//3654
f 3653//3653 3655//3655 3656//3656
f 3653//3653 3656//3656 3654//3654
f 3654//3654 3656//3656 3657//3657
f 3655//3655 3658//3658 3656//3656
f 3656//3656 3659//3659 3657//3657
f 3654//3654 3657//3657 3660//3660
f 3444//3444 3658//3658 3655//3655
f 3517//3517 3729//3729 3658//3658
f 3656//3656 3658//3658 3659//3659
f 3657//3657 3659//3659 3660//3660
f 3654//3654 3660//3660 3740//3740
f 3658//3658 3729//3729 3659//3659
f 3659//3659 3730//3730 3660//3660
f 3659//3659 3729//3729 3730//3730
f 3660//3660 3730//3730 3661//3661
f 3660//3660 3661//3661 3740//3740
f 3648//3648 3654//3654 3662//3662
f 3651//3651 3662//3662 3666//3666
f 3654//3654 3740//3740 3662//3662
f 3447//3447 3663//3663 3667//3667
f 3451//3451 3667//3667 3672//3672
f 3650//3650 3664//3664 3663//3663
f 3651//3651 3666//3666 3664//3664
f 3663//3663 3664//3664 3665//3665
f 3664//3664 3666//3666 3668//3668
f 3663//3663 3665//3665 3667//3667
f 3664//3664 3668//3668 3665//3665
f 3662//3662 3668//3668 3666//3666
f 3662//3662 3670//3670 3668//3668
f 3662//3662 3678//3678 3670//3670
f 3665//3665 3671//3671 3667//3667
f 3662//3662 3739//3739 3678//3678
f 3662//3662 3740//3740 3739//3739
f 3471//3471 3675//3675 3713//3713
f 3665//3665 3668//3668 3669//3669
f 3665//3665 3669//3669 3673//3673
f 3668//3668 3670//3670 3669//3669
f 3667//3667 3671//3671 3672//3672
f 3665//3665 3674//3674 3671//3671
f 3665//3665 3673//3673 3674//3674
f 3675//3675 3676//3676 3713//3713
f 3676//3676 3677//3677 3714//3714
f 3483//3483 3692//3692 3693//3693
f 3692//3692 3695//3695 3693//3693
f 3692//3692 3698//3698 3695//3695
f 3484//3484 3693//3693 3694//3694
f 3485//3485 3694//3694 3705//3705
f 3693//3693 3695//3695 3696//3696
f 3693//3693 3696//3696 3694//3694
f 3695//3695 3698//3698 3703//3703
f 3695//3695 3704//3704 3696//3696
f 3694//3694 3706//3706 3705//3705
f 3694//3694 3696//3696 3706//3706
f 3488//3488 3697//3697 3692//3692
f 3492//3492 3701//3701 3697//3697
f 3692//3692 3697//3697 3698//3698
f 3698//3698 3700//3700 3703//3703
f 3697//3697 3699//3699 3698//3698
f 3698//3698 3699//3699 3700//3700
f 3699//3699 3702//3702 3700//3700
f 3700//3700 3702//3702 3703//3703
f 3697//3697 3701//3701 3699//3699
f 3699//3699 3711//3711 3702//3702
f 3699//3699 3701//3701 3711//3711
f 3702//3702 3715//3715 3703//3703
f 3498//3498 3705//3705 3708//3708
f 3501//3501 3708//3708 3716//3716
f 3695//3695 3703//3703 3704//3704
f 3696//3696 3704//3704 3707//3707
f 3703//3703 3707//3707 3704//3704
f 3696//3696 3707//3707 3706//3706
f 3705//3705 3706//3706 3709//3709
f 3706//3706 3707//3707 3710//3710
f 3705//3705 3709//3709 3708//3708
f 3703//3703 3718//3718 3707//3707
f 3706//3706 3710//3710 3709//3709
f 3709//3709 3710//3710 3718//3718
f 3708//3708 3709//3709 3717//3717
f 3707//3707 3718//3718 3710//3710
f 3505//3505 3713//3713 3701//3701
f 3702//3702 3711//3711 3712//3712
f 3701//3701 3713//3713 3711//3711
f 3711//3711 3714//3714 3712//3712
f 3702//3702 3712//3712 3715//3715
f 3711//3711 3713//3713 3714//3714
f 3712//3712 3714//3714 3715//3715
f 3676//3676 3714//3714 3713//3713
f 3509//3509 3716//3716 3721//3721
f 3703//3703 3715//3715 3718//3718
f 3708//3708 3717//3717 3716//3716
f 3709//3709 3718//3718 3717//3717
f 3717//3717 3718//3718 3723//3723
f 3716//3716 3717//3717 3722//3722
f 3716//3716 3722//3722 3721//3721
f 3717//3717 3723//3723 3722//3722
f 3714//3714 3719//3719 3715//3715
f 3677//3677 3719//3719 3714//3714
f 3715//3715 3719//3719 3720//3720
f 3715//3715 3720//3720 3846//3846
f 3715//3715 3846//3846 3848//3848
f 3513//3513 3721//3721 3724//3724
f 3715//3715 3854//3854 3718//3718
f 3722//3722 3723//3723 3726//3726
f 3721//3721 3722//3722 3725//3725
f 3718//3718 3726//3726 3723//3723
f 3718//3718 3854//3854 3726//3726
f 3715//3715 3849//3849 3854//3854
f 3721//3721 3725//3725 3724//3724
f 3722//3722 3726//3726 3725//3725
f 3724//3724 3725//3725 3851//3851
f 3725//3725 3726//3726 3853//3853
f 3520//3520 3731//3731 3729//3729
f 3729//3729 3731//3731 3730//3730
f 3661//3661 3730//3730 3732//3732
f 3661//3661 3732//3732 3740//3740
f 3730//3730 3731//3731 3732//3732
f 3522//3522 3733//3733 3735//3735
f 3733//3733 3770//3770 3734//3734
f 3733//3733 3734//3734 3736//3736
f 3537//3537 3745//3745 3731//3731
f 3523//3523 3735//3735 3737//3737
f 3526//3526 3737//3737 3746//3746
f 3731//3731 3745//3745 3732//3732
f 3735//3735 3738//3738 3737//3737
f 3735//3735 3736//3736 3738//3738
f 3733//3733 3736//3736 3735//3735
f 3734//3734 3777//3777 3736//3736
f 3736//3736 3778//3778 3738//3738
f 3737//3737 3748//3748 3746//3746
f 3737//3737 3738//3738 3748//3748
f 3738//3738 3799//3799 3748//3748
f 3738//3738 3778//3778 3799//3799
f 3739//3739 3740//3740 3741//3741
f 3732//3732 3742//3742 3740//3740
f 3740//3740 3744//3744 3741//3741
f 3538//3538 3746//3746 3747//3747
f 3539//3539 3747//3747 3749//3749
f 3571//3571 3798//3798 3745//3745
f 3544//3544 3749//3749 3798//3798
f 3740//3740 3742//3742 3743//3743
f 3732//3732 3745//3745 3742//3742
f 3740//3740 3743//3743 3753//3753
f 3740//3740 3753//3753 3744//3744
f 3742//3742 3745//3745 3798//3798
f 3746//3746 3750//3750 3747//3747
f 3742//3742 3752//3752 3743//3743
f 3746//3746 3748//3748 3750//3750
f 3743//3743 3752//3752 3753//3753
f 3742//3742 3798//3798 3752//3752
f 3748//3748 3800//3800 3750//3750
f 3747//3747 3751//3751 3749//3749
f 3749//3749 3752//3752 3798//3798
f 3747//3747 3750//3750 3751//3751
f 3749//3749 3751//3751 3752//3752
f 3751//3751 3753//3753 3752//3752
f 3750//3750 3801//3801 3751//3751
f 3751//3751 3801//3801 3753//3753
f 3744//3744 3753//3753 3754//3754
f 3753//3753 3801//3801 3754//3754
f 3550//3550 3773//3773 3770//3770
f 3546//3546 3770//3770 3733//3733
f 3550//3550 3767//3767 3773//3773
f 3767//3767 3768//3768 3773//3773
f 3768//3768 3769//3769 3773//3773
f 3769//3769 3779//3779 3773//3773
f 3773//3773 3779//3779 3780//3780
f 3770//3770 3773//3773 3771//3771
f 3771//3771 3773//3773 3774//3774
f 3771//3771 3774//3774 3776//3776
f 3734//3734 3770//3770 3771//3771
f 3734//3734 3771//3771 3772//3772
f 3734//3734 3772//3772 3777//3777
f 3771//3771 3776//3776 3772//3772
f 3774//3774 3775//3775 3776//3776
f 3773//3773 3782//3782 3774//3774
f 3773//3773 3780//3780 3781//3781
f 3773//3773 3781//3781 3782//3782
f 3774//3774 3783//3783 3775//3775
f 3772//3772 3776//3776 3775//3775
f 3772//3772 3775//3775 3791//3791
f 3736//3736 3777//3777 3778//3778
f 3772//3772 3778//3778 3777//3777
f 3772//3772 3800//3800 3778//3778
f 3778//3778 3800//3800 3799//3799
f 3772//3772 3801//3801 3800//3800
f 3772//3772 3809//3809 3801//3801
f 3772//3772 3792//3792 3809//3809
f 3774//3774 3782//3782 3783//3783
f 3775//3775 3783//3783 3785//3785
f 3781//3781 3784//3784 3782//3782
f 3782//3782 3784//3784 3783//3783
f 3783//3783 3784//3784 3786//3786
f 3783//3783 3786//3786 3787//3787
f 3783//3783 3790//3790 3785//3785
f 3775//3775 3785//3785 3791//3791
f 3783//3783 3787//3787 3789//3789
f 3783//3783 3789//3789 3790//3790
f 3785//3785 3790//3790 3791//3791
f 3788//3788 3790//3790 3789//3789
f 3788//3788 4395//4395 3790//3790
f 3790//3790 4395//4395 4396//4396
f 3790//3790 4400//4400 3791//3791
f 3772//3772 3791//3791 4418//4418
f 3772//3772 3793//3793 3792//3792
f 3772//3772 4416//4416 3793//3793
f 3772//3772 4419//4419 4416//4416
f 3748//3748 3799//3799 3800//3800
f 3750//3750 3800//3800 3801//3801
f 3754//3754 3801//3801 3805//3805
f 3801//3801 3802//3802 3803//3803
f 3801//3801 3803//3803 3805//3805
f 3801//3801 3809//3809 3802//3802
f 3803//3803 3804//3804 3805//3805
f 3804//3804 3808//3808 3805//3805
f 3806//3806 3807//3807 3808//3808
f 3715//3715 3848//3848 3849//3849
f 3846//3846 3847//3847 3848//3848
f 3847//3847 3857//3857 3848//3848
f 3847//3847 3856//3856 3857//3857
f 3582//3582 3724//3724 3852//3852
f 3726//3726 3855//3855 3853//3853
f 3724//3724 3850//3850 3852//3852
f 3724//3724 3851//3851 3850//3850
f 3725//3725 3853//3853 3851//3851
f 3726//3726 3854//3854 3855//3855
f 3856//3856 3859//3859 3857//3857
f 3858//3858 3859//3859 3860//3860
f 3607//3607 3894//3894 3895//3895
f 3600//3600 3895//3895 3902//3902
f 3894//3894 3896//3896 3895//3895
f 3895//3895 3896//3896 3897//3897
f 3895//3895 3903//3903 3902//3902
f 3895//3895 3899//3899 3903//3903
f 3895//3895 3897//3897 3899//3899
f 3897//3897 3898//3898 3899//3899
f 3898//3898 3900//3900 3899//3899
f 3899//3899 3906//3906 3903//3903
f 3899//3899 3900//3900 3901//3901
f 3899//3899 3901//3901 3906//3906
f 3900//3900 3906//3906 3901//3901
f 3613//3613 3902//3902 3904//3904
f 3618//3618 3904//3904 3909//3909
f 3902//3902 3903//3903 3905//3905
f 3902//3902 3905//3905 3904//3904
f 3903//3903 3907//3907 3905//3905
f 3903//3903 3906//3906 3907//3907
f 3905//3905 3907//3907 3914//3914
f 3904//3904 3905//3905 3908//3908
f 3904//3904 3908//3908 3909//3909
f 3905//3905 3914//3914 3908//3908
f 3900//3900 3910//3910 3914//3914
f 3910//3910 3911//3911 4004//4004
f 3620//3620 3909//3909 3912//3912
f 3624//3624 3912//3912 4001//4001
f 3900//3900 3914//3914 3906//3906
f 3906//3906 3914//3914 3907//3907
f 3908//3908 3914//3914 3915//3915
f 3909//3909 3913//3913 3912//3912
f 3908//3908 3913//3913 3909//3909
f 3908//3908 3915//3915 3913//3913
f 3910//3910 4004//4004 3914//3914
f 3912//3912 3913//3913 4002//4002
f 3913//3913 3915//3915 3916//3916
f 3912//3912 4002//4002 4001//4001
f 3913//3913 3916//3916 4002//4002
f 3914//3914 3916//3916 3915//3915
f 3911//3911 3999//3999 4004//4004
f 3999//3999 4000//4000 4004//4004
f 4000//4000 4007//4007 4004//4004
f 3629//3629 4001//4001 4005//4005
f 3632//3632 4005//4005 4012//4012
f 3916//3916 4003//4003 4002//4002
f 4001//4001 4002//4002 4006//4006
f 4001//4001 4006//4006 4005//4005
f 4002//4002 4003//4003 4006//4006
f 3914//3914 4004//4004 3916//3916
f 3916//3916 4004//4004 4003//4003
f 4003//4003 4004//4004 4006//4006
f 4004//4004 4013//4013 4006//4006
f 4005//4005 4006//4006 4013//4013
f 4004//4004 4007//4007 4594//4594
f 3929//3929 3941//3941 4007//4007
f 3941//3941 4594//4594 4007//4007
f 4008//4008 4010//4010 4594//4594
f 4009//4009 4014//4014 4010//4010
f 4008//4008 4009//4009 4010//4010
f 4004//4004 4594//4594 4010//4010
f 3638//3638 4012//4012 4015//4015
f 3640//3640 4015//4015 4596//4596
f 4004//4004 4011//4011 4013//4013
f 4011//4011 4014//4014 4013//4013
f 4012//4012 4013//4013 4014//4014
f 4004//4004 4010//4010 4011//4011
f 4005//4005 4013//4013 4012//4012
f 4010//4010 4014//4014 4011//4011
f 4012//4012 4014//4014 4015//4015
f 4009//4009 4596//4596 4015//4015
f 4009//4009 4015//4015 4014//4014
f 3564//3564 4148//4148 4144//4144
f 3564//3564 4144//4144 4141//4141
f 4141//4141 4144//4144 4142//4142
f 4142//4142 4144//4144 4143//4143
f 4143//4143 4144//4144 4145//4145
f 4144//4144 4146//4146 4145//4145
f 4144//4144 4151//4151 4146//4146
f 3561//3561 4149//4149 4148//4148
f 3561//3561 4157//4157 4149//4149
f 4144//4144 4148//4148 4149//4149
f 4144//4144 4149//4149 4151//4151
f 4146//4146 4151//4151 4147//4147
f 4147//4147 4151//4151 4150//4150
f 4150//4150 4151//4151 4152//4152
f 4150//4150 4152//4152 4153//4153
f 4149//4149 4156//4156 4151//4151
f 4152//4152 4154//4154 4153//4153
f 4151//4151 4174//4174 4152//4152
f 4151//4151 4156//4156 4174//4174
f 4152//4152 4175//4175 4154//4154
f 4152//4152 4174//4174 4175//4175
f 4154//4154 4175//4175 4155//4155
f 4149//4149 4157//4157 4156//4156
f 4156//4156 4157//4157 4174//4174
f 4155//4155 4175//4175 4169//4169
f 4169//4169 4175//4175 4170//4170
f 4170//4170 4175//4175 4183//4183
f 4174//4174 4176//4176 4175//4175
f 4157//4157 4176//4176 4174//4174
f 4175//4175 4176//4176 4177//4177
f 4157//4157 4193//4193 4178//4178
f 4157//4157 4178//4178 4176//4176
f 4176//4176 4178//4178 4179//4179
f 4178//4178 4193//4193 4179//4179
f 4176//4176 4179//4179 4177//4177
f 4177//4177 4179//4179 4180//4180
f 4179//4179 4199//4199 4180//4180
f 4181//4181 4182//4182 4196//4196
f 4181//4181 4210//4210 4182//4182
f 4175//4175 4177//4177 4183//4183
f 4177//4177 4184//4184 4183//4183
f 4177//4177 4430//4430 4184//4184
f 4182//4182 4203//4203 4196//4196
f 4182//4182 4185//4185 4203//4203
f 4182//4182 4186//4186 4185//4185
f 4182//4182 4188//4188 4186//4186
f 4182//4182 4189//4189 4188//4188
f 4177//4177 4180//4180 4436//4436
f 4180//4180 4207//4207 4208//4208
f 4180//4180 4208//4208 4192//4192
f 4182//4182 4191//4191 4189//4189
f 4180//4180 4192//4192 4438//4438
f 4182//4182 4448//4448 4191//4191
f 4182//4182 4209//4209 4448//4448
f 3572//3572 4193//4193 4157//4157
f 3572//3572 4194//4194 4193//4193
f 4193//4193 4194//4194 4199//4199
f 4179//4179 4193//4193 4199//4199
f 4197//4197 4200//4200 4198//4198
f 4195//4195 4197//4197 4198//4198
f 4194//4194 4198//4198 4199//4199
f 4181//4181 4196//4196 4197//4197
f 4198//4198 4202//4202 4199//4199
f 4196//4196 4200//4200 4197//4197
f 4198//4198 4200//4200 4202//4202
f 4180//4180 4199//4199 4202//4202
f 4194//4194 4195//4195 4198//4198
f 4195//4195 4213//4213 4201//4201
f 4195//4195 4201//4201 4197//4197
f 4181//4181 4197//4197 4201//4201
f 4196//4196 4203//4203 4200//4200
f 4200//4200 4203//4203 4204//4204
f 4200//4200 4205//4205 4202//4202
f 4200//4200 4204//4204 4205//4205
f 4180//4180 4202//4202 4207//4207
f 4202//4202 4205//4205 4206//4206
f 4202//4202 4206//4206 4207//4207
f 4194//4194 4233//4233 4218//4218
f 4182//4182 4210//4210 4209//4209
f 4181//4181 4201//4201 4213//4213
f 4181//4181 4213//4213 4210//4210
f 4209//4209 4210//4210 4211//4211
f 4209//4209 4211//4211 4212//4212
f 4195//4195 4215//4215 4213//4213
f 4210//4210 4213//4213 4214//4214
f 4210//4210 4214//4214 4211//4211
f 4209//4209 4212//4212 4518//4518
f 4211//4211 4216//4216 4212//4212
f 4212//4212 4216//4216 4217//4217
f 4211//4211 4214//4214 4215//4215
f 4211//4211 4215//4215 4216//4216
f 4213//4213 4215//4215 4214//4214
f 4216//4216 4294//4294 4217//4217
f 4215//4215 4293//4293 4216//4216
f 4212//4212 4217//4217 4520//4520
f 4217//4217 4295//4295 4530//4530
f 4194//4194 4215//4215 4195//4195
f 4194//4194 4218//4218 4219//4219
f 4194//4194 4308//4308 4215//4215
f 4194//4194 4219//4219 4308//4308
f 4218//4218 4222//4222 4219//4219
f 4218//4218 4221//4221 4222//4222
f 4220//4220 4221//4221 4225//4225
f 4219//4219 4313//4313 4312//4312
f 4219//4219 4222//4222 4313//4313
f 4220//4220 4224//4224 4221//4221
f 4221//4221 4226//4226 4222//4222
f 4220//4220 4314//4314 4223//4223
f 4220//4220 4223//4223 4224//4224
f 4221//4221 4224//4224 4226//4226
f 4218//4218 4225//4225 4221//4221
f 4220//4220 4225//4225 4317//4317
f 4223//4223 4228//4228 4227//4227
f 4223//4223 4227//4227 4231//4231
f 4223//4223 4231//4231 4224//4224
f 4224//4224 4229//4229 4226//4226
f 4224//4224 4231//4231 4229//4229
f 4226//4226 4229//4229 4230//4230
f 4226//4226 4230//4230 4232//4232
f 4226//4226 4232//4232 4318//4318
f 4233//4233 4243//4243 4267//4267
f 4243//4243 4262//4262 4267//4267
f 3633//3633 4238//4238 4234//4234
f 3633//3633 4241//4241 4238//4238
f 4233//4233 4234//4234 4237//4237
f 4233//4233 4237//4237 4236//4236
f 4234//4234 4238//4238 4237//4237
f 4235//4235 4236//4236 4237//4237
f 4233//4233 4236//4236 4243//4243
f 4237//4237 4238//4238 4239//4239
f 4238//4238 4241//4241 4245//4245
f 4235//4235 4237//4237 4239//4239
f 4235//4235 4247//4247 4236//4236
f 4241//4241 4242//4242 4245//4245
f 3635//3635 4242//4242 4241//4241
f 3635//3635 4240//4240 4242//4242
f 4243//4243 4244//4244 4262//4262
f 4236//4236 4246//4246 4243//4243
f 4236//4236 4247//4247 4246//4246
f 4243//4243 4246//4246 4244//4244
f 4238//4238 4245//4245 4239//4239
f 4246//4246 4247//4247 4248//4248
f 4244//4244 4246//4246 4263//4263
f 4246//4246 4248//4248 4263//4263
f 4235//4235 4251//4251 4253//4253
f 4235//4235 4239//4239 4250//4250
f 4239//4239 4249//4249 4250//4250
f 4239//4239 4257//4257 4249//4249
f 4235//4235 4252//4252 4251//4251
f 4235//4235 4250//4250 4252//4252
f 4242//4242 4261//4261 4260//4260
f 4242//4242 4255//4255 4261//4261
f 4242//4242 4256//4256 4255//4255
f 4235//4235 4599//4599 4247//4247
f 4235//4235 4253//4253 4599//4599
f 4240//4240 4597//4597 4242//4242
f 4242//4242 4597//4597 4256//4256
f 4239//4239 4245//4245 4259//4259
f 4239//4239 4259//4259 4257//4257
f 4245//4245 4257//4257 4259//4259
f 4245//4245 4258//4258 4257//4257
f 4242//4242 4258//4258 4245//4245
f 4242//4242 4260//4260 4258//4258
f 4247//4247 4603//4603 4248//4248
f 4244//4244 4263//4263 4262//4262
f 4248//4248 4266//4266 4263//4263
f 4262//4262 4263//4263 4265//4265
f 4262//4262 4264//4264 4283//4283
f 4262//4262 4265//4265 4264//4264
f 4263//4263 4266//4266 4265//4265
f 4264//4264 4265//4265 4284//4284
f 4265//4265 4285//4285 4284//4284
f 4265//4265 4266//4266 4285//4285
f 4248//4248 4608//4608 4266//4266
f 4266//4266 4680//4680 4285//4285
f 4218//4218 4233//4233 4267//4267
f 4218//4218 4267//4267 4269//4269
f 4267//4267 4268//4268 4270//4270
f 4267//4267 4272//4272 4269//4269
f 4267//4267 4270//4270 4272//4272
f 4271//4271 4276//4276 4277//4277
f 4268//4268 4271//4271 4270//4270
f 4268//4268 4274//4274 4271//4271
f 4270//4270 4273//4273 4272//4272
f 4270//4270 4271//4271 4277//4277
f 4270//4270 4277//4277 4273//4273
f 4268//4268 4281//4281 4274//4274
f 4267//4267 4358//4358 4268//4268
f 4269//4269 4272//4272 4278//4278
f 4271//4271 4282//4282 4276//4276
f 4271//4271 4274//4274 4282//4282
f 4272//4272 4280//4280 4278//4278
f 4272//4272 4273//4273 4280//4280
f 4276//4276 4282//4282 4279//4279
f 4269//4269 4278//4278 4275//4275
f 4268//4268 4358//4358 4281//4281
f 4274//4274 4281//4281 4282//4282
f 4279//4279 4282//4282 4348//4348
f 4281//4281 4348//4348 4282//4282
f 4273//4273 4277//4277 4633//4633
f 4276//4276 4642//4642 4277//4277
f 4276//4276 4279//4279 4641//4641
f 4273//4273 4644//4644 4280//4280
f 4279//4279 4349//4349 4643//4643
f 4262//4262 4358//4358 4267//4267
f 4262//4262 4289//4289 4358//4358
f 4262//4262 4283//4283 4289//4289
f 4264//4264 4284//4284 4283//4283
f 4283//4283 4284//4284 4287//4287
f 4284//4284 4285//4285 4288//4288
f 4283//4283 4286//4286 4289//4289
f 4283//4283 4287//4287 4286//4286
f 4284//4284 4288//4288 4287//4287
f 4285//4285 4684//4684 4288//4288
f 4281//4281 4356//4356 4348//4348
f 4286//4286 4290//4290 4289//4289
f 4286//4286 4287//4287 4290//4290
f 4287//4287 4291//4291 4290//4290
f 4287//4287 4288//4288 4291//4291
f 4289//4289 4365//4365 4358//4358
f 4289//4289 4292//4292 4365//4365
f 4289//4289 4367//4367 4292//4292
f 4289//4289 4290//4290 4367//4367
f 4290//4290 4291//4291 4368//4368
f 4290//4290 4368//4368 4367//4367
f 4288//4288 4689//4689 4291//4291
f 4291//4291 4820//4820 4368//4368
f 4215//4215 4296//4296 4293//4293
f 4216//4216 4293//4293 4294//4294
f 4217//4217 4294//4294 4295//4295
f 4294//4294 4297//4297 4295//4295
f 4293//4293 4296//4296 4294//4294
f 4215//4215 4301//4301 4296//4296
f 4294//4294 4296//4296 4297//4297
f 4295//4295 4297//4297 4298//4298
f 4296//4296 4299//4299 4297//4297
f 4215//4215 4308//4308 4301//4301
f 4295//4295 4298//4298 4710//4710
f 4296//4296 4301//4301 4299//4299
f 4297//4297 4300//4300 4298//4298
f 4297//4297 4299//4299 4300//4300
f 4298//4298 4300//4300 4303//4303
f 4299//4299 4301//4301 4300//4300
f 4301//4301 4333//4333 4302//4302
f 4301//4301 4302//4302 4304//4304
f 4302//4302 4333//4333 4305//4305
f 4300//4300 4304//4304 4303//4303
f 4303//4303 4304//4304 4306//4306
f 4300//4300 4301//4301 4304//4304
f 4302//4302 4305//4305 4304//4304
f 4304//4304 4305//4305 4306//4306
f 4305//4305 4307//4307 4306//4306
f 4298//4298 4303//4303 4713//4713
f 4303//4303 4306//4306 4727//4727
f 4306//4306 4307//4307 4730//4730
f 4308//4308 4312//4312 4310//4310
f 4308//4308 4309//4309 4333//4333
f 4308//4308 4334//4334 4309//4309
f 4308//4308 4310//4310 4334//4334
f 4310//4310 4311//4311 4335//4335
f 4219//4219 4312//4312 4308//4308
f 4222//4222 4315//4315 4313//4313
f 4220//4220 4317//4317 4314//4314
f 4222//4222 4226//4226 4315//4315
f 4223//4223 4314//4314 4316//4316
f 4310//4310 4312//4312 4313//4313
f 4311//4311 4313//4313 4315//4315
f 4225//4225 4339//4339 4317//4317
f 4218//4218 4344//4344 4225//4225
f 4310//4310 4313//4313 4311//4311
f 4314//4314 4340//4340 4316//4316
f 4316//4316 4340//4340 4338//4338
f 4314//4314 4317//4317 4339//4339
f 4314//4314 4339//4339 4340//4340
f 4223//4223 4316//4316 4228//4228
f 4226//4226 4318//4318 4315//4315
f 4315//4315 4319//4319 4322//4322
f 4228//4228 4316//4316 4319//4319
f 4315//4315 4318//4318 4319//4319
f 4315//4315 4322//4322 4323//4323
f 4316//4316 4321//4321 4320//4320
f 4316//4316 4325//4325 4321//4321
f 4316//4316 4320//4320 4319//4319
f 4316//4316 4326//4326 4325//4325
f 4315//4315 4323//4323 4327//4327
f 4315//4315 4327//4327 4328//4328
f 4315//4315 4328//4328 4329//4329
f 4315//4315 4329//4329 4330//4330
f 4316//4316 4338//4338 4326//4326
f 4326//4326 4338//4338 4331//4331
f 4331//4331 4338//4338 4332//4332
f 4311//4311 4315//4315 4748//4748
f 4315//4315 4330//4330 4748//4748
f 4332//4332 4338//4338 4757//4757
f 4301//4301 4308//4308 4333//4333
f 4309//4309 4336//4336 4333//4333
f 4309//4309 4334//4334 4336//4336
f 4334//4334 4337//4337 4336//4336
f 4310//4310 4335//4335 4334//4334
f 4334//4334 4335//4335 4337//4337
f 4305//4305 4333//4333 4336//4336
f 4305//4305 4336//4336 4307//4307
f 4307//4307 4336//4336 4337//4337
f 4311//4311 4763//4763 4335//4335
f 4335//4335 4764//4764 4337//4337
f 4307//4307 4337//4337 4731//4731
f 4225//4225 4344//4344 4339//4339
f 4339//4339 4341//4341 4340//4340
f 4338//4338 4340//4340 4342//4342
f 4339//4339 4344//4344 4341//4341
f 4340//4340 4341//4341 4342//4342
f 4338//4338 4342//4342 4343//4343
f 4341//4341 4344//4344 4342//4342
f 4338//4338 4343//4343 4766//4766
f 4342//4342 4346//4346 4343//4343
f 4343//4343 4346//4346 4345//4345
f 4342//4342 4344//4344 4346//4346
f 4344//4344 4370//4370 4346//4346
f 4345//4345 4346//4346 4378//4378
f 4346//4346 4370//4370 4378//4378
f 4345//4345 4378//4378 4347//4347
f 4343//4343 4345//4345 4771//4771
f 4345//4345 4347//4347 4786//4786
f 4218//4218 4269//4269 4344//4344
f 4269//4269 4275//4275 4353//4353
f 4275//4275 4278//4278 4351//4351
f 4278//4278 4280//4280 4352//4352
f 4275//4275 4351//4351 4350//4350
f 4278//4278 4352//4352 4351//4351
f 4279//4279 4348//4348 4349//4349
f 4348//4348 4357//4357 4349//4349
f 4275//4275 4350//4350 4353//4353
f 4350//4350 4351//4351 4354//4354
f 4351//4351 4352//4352 4355//4355
f 4280//4280 4793//4793 4352//4352
f 4349//4349 4360//4360 4791//4791
f 4269//4269 4353//4353 4344//4344
f 4350//4350 4354//4354 4353//4353
f 4351//4351 4355//4355 4354//4354
f 4353//4353 4354//4354 4373//4373
f 4354//4354 4355//4355 4374//4374
f 4353//4353 4373//4373 4372//4372
f 4354//4354 4374//4374 4373//4373
f 4352//4352 4797//4797 4355//4355
f 4281//4281 4358//4358 4356//4356
f 4348//4348 4356//4356 4357//4357
f 4356//4356 4358//4358 4357//4357
f 4349//4349 4357//4357 4360//4360
f 4357//4357 4361//4361 4360//4360
f 4358//4358 4365//4365 4359//4359
f 4358//4358 4359//4359 4361//4361
f 4357//4357 4358//4358 4361//4361
f 4359//4359 4363//4363 4361//4361
f 4360//4360 4361//4361 4362//4362
f 4361//4361 4363//4363 4362//4362
f 4362//4362 4363//4363 4364//4364
f 4360//4360 4362//4362 4813//4813
f 4362//4362 4364//4364 4814//4814
f 4292//4292 4366//4366 4365//4365
f 4292//4292 4367//4367 4366//4366
f 4367//4367 4368//4368 4369//4369
f 4359//4359 4365//4365 4363//4363
f 4363//4363 4365//4365 4366//4366
f 4366//4366 4367//4367 4369//4369
f 4363//4363 4366//4366 4364//4364
f 4364//4364 4366//4366 4369//4369
f 4368//4368 4822//4822 4369//4369
f 4364//4364 4369//4369 4816//4816
f 4344//4344 4353//4353 4380//4380
f 4353//4353 4371//4371 4380//4380
f 4344//4344 4380//4380 4370//4370
f 4371//4371 4381//4381 4380//4380
f 4371//4371 4375//4375 4382//4382
f 4353//4353 4372//4372 4371//4371
f 4372//4372 4373//4373 4375//4375
f 4373//4373 4374//4374 4376//4376
f 4371//4371 4372//4372 4375//4375
f 4373//4373 4376//4376 4375//4375
f 4355//4355 4826//4826 4374//4374
f 4374//4374 4828//4828 4376//4376
f 4370//4370 4380//4380 4377//4377
f 4370//4370 4377//4377 4378//4378
f 4377//4377 4379//4379 4378//4378
f 4347//4347 4378//4378 4379//4379
f 4347//4347 4379//4379 4384//4384
f 4377//4377 4380//4380 4379//4379
f 4379//4379 4380//4380 4385//4385
f 4371//4371 4382//4382 4381//4381
f 4375//4375 4383//4383 4382//4382
f 4380//4380 4381//4381 4385//4385
f 4381//4381 4382//4382 4385//4385
f 4382//4382 4383//4383 4386//4386
f 4379//4379 4385//4385 4384//4384
f 4384//4384 4385//4385 4386//4386
f 4382//4382 4386//4386 4385//4385
f 4347//4347 4384//4384 4788//4788
f 4384//4384 4386//4386 4837//4837
f 4383//4383 4838//4838 4386//4386
f 4375//4375 4376//4376 4383//4383
f 4376//4376 4833//4833 4383//4383
f 4392//4392 4394//4394 4415//4415
f 4394//4394 4433//4433 4415//4415
f 3790//3790 4396//4396 4400//4400
f 3791//3791 4400//4400 4401//4401
f 4396//4396 4397//4397 4400//4400
f 4399//4399 4404//4404 4400//4400
f 4397//4397 4398//4398 4400//4400
f 4398//4398 4399//4399 4400//4400
f 4400//4400 4414//4414 4401//4401
f 4401//4401 4414//4414 4402//4402
f 3791//3791 4401//4401 4402//4402
f 3791//3791 4402//4402 4418//4418
f 4400//4400 4404//4404 4415//4415
f 4390//4390 4415//4415 4404//4404
f 4400//4400 4415//4415 4414//4414
f 4402//4402 4414//4414 4434//4434
f 4402//4402 4434//4434 4417//4417
f 4390//4390 4392//4392 4415//4415
f 4414//4414 4415//4415 4433//4433
f 4414//4414 4433//4433 4434//4434
f 3772//3772 4418//4418 4419//4419
f 4417//4417 4434//4434 4435//4435
f 4417//4417 4435//4435 4418//4418
f 4402//4402 4417//4417 4418//4418
f 4418//4418 4437//4437 4419//4419
f 4424//4424 4432//4432 4433//4433
f 4394//4394 4424//4424 4433//4433
f 4177//4177 4433//4433 4430//4430
f 4177//4177 4436//4436 4433//4433
f 4431//4431 4433//4433 4432//4432
f 4430//4430 4433//4433 4431//4431
f 4180//4180 4438//4438 4436//4436
f 4191//4191 4448//4448 4439//4439
f 4192//4192 4446//4446 4438//4438
f 4433//4433 4436//4436 4434//4434
f 4434//4434 4436//4436 4435//4435
f 4418//4418 4442//4442 4437//4437
f 4418//4418 4435//4435 4443//4443
f 4418//4418 4443//4443 4442//4442
f 4435//4435 4436//4436 4438//4438
f 4435//4435 4438//4438 4443//4443
f 4438//4438 4440//4440 4445//4445
f 4438//4438 4441//4441 4440//4440
f 4442//4442 4443//4443 4444//4444
f 4443//4443 4445//4445 4444//4444
f 4438//4438 4445//4445 4443//4443
f 4438//4438 4446//4446 4441//4441
f 4439//4439 4448//4448 4441//4441
f 4441//4441 4448//4448 4447//4447
f 4447//4447 4448//4448 4450//4450
f 4447//4447 4450//4450 4449//4449
f 4449//4449 4450//4450 4462//4462
f 4448//4448 4518//4518 4450//4450
f 4450//4450 4519//4519 4462//4462
f 4449//4449 4462//4462 4460//4460
f 4460//4460 4462//4462 4461//4461
f 4465//4465 4468//4468 4469//4469
f 4466//4466 4467//4467 4469//4469
f 4209//4209 4518//4518 4448//4448
f 4212//4212 4520//4520 4518//4518
f 4450//4450 4518//4518 4519//4519
f 4518//4518 4520//4520 4519//4519
f 4462//4462 4519//4519 4522//4522
f 4519//4519 4520//4520 4521//4521
f 4519//4519 4521//4521 4522//4522
f 4521//4521 4529//4529 4522//4522
f 4461//4461 4522//4522 4532//4532
f 4217//4217 4530//4530 4520//4520
f 4520//4520 4530//4530 4521//4521
f 4521//4521 4531//4531 4529//4529
f 4521//4521 4530//4530 4531//4531
f 4529//4529 4531//4531 4532//4532
f 4522//4522 4529//4529 4532//4532
f 4530//4530 4710//4710 4531//4531
f 4531//4531 4711//4711 4532//4532
f 4461//4461 4462//4462 4522//4522
f 4461//4461 4532//4532 4463//4463
f 4463//4463 4539//4539 4464//4464
f 4463//4463 4540//4540 4539//4539
f 4464//4464 4538//4538 4466//4466
f 4466//4466 4538//4538 4467//4467
f 4464//4464 4539//4539 4538//4538
f 4463//4463 4532//4532 4747//4747
f 4463//4463 4747//4747 4540//4540
f 4253//4253 4587//4587 4599//4599
f 4256//4256 4597//4597 4587//4587
f 4240//4240 4596//4596 4597//4597
f 4247//4247 4599//4599 4603//4603
f 4008//4008 4595//4595 4593//4593
f 4008//4008 4593//4593 4598//4598
f 4587//4587 4589//4589 4599//4599
f 4588//4588 4599//4599 4589//4589
f 4587//4587 4597//4597 4590//4590
f 4588//4588 4592//4592 4599//4599
f 4590//4590 4597//4597 4592//4592
f 4591//4591 4592//4592 4597//4597
f 4591//4591 4598//4598 4593//4593
f 4008//4008 4594//4594 4595//4595
f 4008//4008 4598//4598 4009//4009
f 4009//4009 4598//4598 4596//4596
f 4596//4596 4598//4598 4597//4597
f 4591//4591 4597//4597 4598//4598
f 4592//4592 4614//4614 4600//4600
f 4592//4592 4600//4600 4599//4599
f 4599//4599 4600//4600 4601//4601
f 4599//4599 4604//4604 4603//4603
f 4599//4599 4601//4601 4604//4604
f 4601//4601 4602//4602 4604//4604
f 4248//4248 4603//4603 4608//4608
f 4602//4602 4605//4605 4604//4604
f 4603//4603 4604//4604 4609//4609
f 4604//4604 4605//4605 4610//4610
f 4604//4604 4610//4610 4609//4609
f 4605//4605 4606//4606 4610//4610
f 4606//4606 4607//4607 4610//4610
f 4266//4266 4608//4608 4680//4680
f 4603//4603 4609//4609 4608//4608
f 4608//4608 4609//4609 4681//4681
f 4609//4609 4610//4610 4682//4682
f 4608//4608 4681//4681 4680//4680
f 4607//4607 4682//4682 4610//4610
f 4623//4623 4624//4624 4627//4627
f 4623//4623 4627//4627 4625//4625
f 4625//4625 4627//4627 4626//4626
f 4625//4625 4626//4626 4635//4635
f 4626//4626 4628//4628 4635//4635
f 4626//4626 4629//4629 4637//4637
f 4629//4629 4630//4630 4637//4637
f 4630//4630 4789//4789 4637//4637
f 4277//4277 4642//4642 4633//4633
f 4276//4276 4641//4641 4642//4642
f 4273//4273 4633//4633 4644//4644
f 4279//4279 4643//4643 4641//4641
f 4628//4628 4632//4632 4636//4636
f 4628//4628 4637//4637 4631//4631
f 4628//4628 4631//4631 4632//4632
f 4631//4631 4642//4642 4641//4641
f 4631//4631 4637//4637 4634//4634
f 4631//4631 4641//4641 4632//4632
f 4633//4633 4642//4642 4634//4634
f 4631//4631 4634//4634 4642//4642
f 4632//4632 4647//4647 4636//4636
f 4636//4636 4647//4647 4639//4639
f 4626//4626 4637//4637 4628//4628
f 4636//4636 4639//4639 4648//4648
f 4628//4628 4811//4811 4635//4635
f 4628//4628 4636//4636 4811//4811
f 4635//4635 4811//4811 4638//4638
f 4634//4634 4637//4637 4646//4646
f 4632//4632 4641//4641 4643//4643
f 4633//4633 4645//4645 4644//4644
f 4633//4633 4634//4634 4645//4645
f 4634//4634 4646//4646 4645//4645
f 4632//4632 4643//4643 4647//4647
f 4643//4643 4791//4791 4647//4647
f 4639//4639 4647//4647 4792//4792
f 4639//4639 4792//4792 4648//4648
f 4636//4636 4648//4648 4811//4811
f 4285//4285 4680//4680 4684//4684
f 4288//4288 4684//4684 4689//4689
f 4609//4609 4682//4682 4681//4681
f 4680//4680 4681//4681 4685//4685
f 4607//4607 4678//4678 4688//4688
f 4607//4607 4688//4688 4682//4682
f 4681//4681 4682//4682 4683//4683
f 4681//4681 4683//4683 4685//4685
f 4678//4678 4679//4679 4688//4688
f 4682//4682 4688//4688 4683//4683
f 4680//4680 4685//4685 4684//4684
f 4684//4684 4685//4685 4690//4690
f 4679//4679 4687//4687 4811//4811
f 4679//4679 4811//4811 4688//4688
f 4638//4638 4811//4811 4640//4640
f 4686//4686 4811//4811 4687//4687
f 4640//4640 4811//4811 4686//4686
f 4291//4291 4689//4689 4820//4820
f 4683//4683 4688//4688 4685//4685
f 4684//4684 4690//4690 4689//4689
f 4685//4685 4688//4688 4690//4690
f 4688//4688 4691//4691 4690//4690
f 4691//4691 4819//4819 4821//4821
f 4688//4688 4811//4811 4819//4819
f 4688//4688 4819//4819 4691//4691
f 4689//4689 4690//4690 4821//4821
f 4690//4690 4691//4691 4821//4821
f 4689//4689 4821//4821 4820//4820
f 4295//4295 4710//4710 4530//4530
f 4298//4298 4713//4713 4710//4710
f 4531//4531 4710//4710 4711//4711
f 4532//4532 4711//4711 4712//4712
f 4710//4710 4713//4713 4711//4711
f 4532//4532 4712//4712 4715//4715
f 4711//4711 4714//4714 4712//4712
f 4711//4711 4713//4713 4714//4714
f 4712//4712 4714//4714 4715//4715
f 4532//4532 4715//4715 4725//4725
f 4532//4532 4725//4725 4747//4747
f 4303//4303 4727//4727 4713//4713
f 4306//4306 4730//4730 4727//4727
f 4307//4307 4731//4731 4730//4730
f 4713//4713 4727//4727 4714//4714
f 4714//4714 4723//4723 4715//4715
f 4715//4715 4723//4723 4724//4724
f 4714//4714 4727//4727 4723//4723
f 4723//4723 4728//4728 4724//4724
f 4715//4715 4724//4724 4725//4725
f 4724//4724 4728//4728 4725//4725
f 4725//4725 4729//4729 4726//4726
f 4725//4725 4726//4726 4761//4761
f 4723//4723 4727//4727 4730//4730
f 4723//4723 4730//4730 4728//4728
f 4725//4725 4728//4728 4729//4729
f 4728//4728 4730//4730 4731//4731
f 4728//4728 4731//4731 4729//4729
f 4747//4747 4750//4750 4749//4749
f 4749//4749 4750//4750 4762//4762
f 4748//4748 4749//4749 4762//4762
f 4747//4747 4761//4761 4750//4750
f 4338//4338 4766//4766 4757//4757
f 4330//4330 4753//4753 4748//4748
f 4541//4541 4756//4756 4751//4751
f 4747//4747 4751//4751 4756//4756
f 4747//4747 4749//4749 4751//4751
f 4749//4749 4754//4754 4752//4752
f 4749//4749 4752//4752 4751//4751
f 4540//4540 4747//4747 4541//4541
f 4541//4541 4747//4747 4756//4756
f 4748//4748 4753//4753 4755//4755
f 4749//4749 4755//4755 4754//4754
f 4748//4748 4755//4755 4749//4749
f 4757//4757 4766//4766 4758//4758
f 4758//4758 4766//4766 4759//4759
f 4759//4759 4766//4766 4760//4760
f 4311//4311 4748//4748 4763//4763
f 4335//4335 4763//4763 4764//4764
f 4337//4337 4764//4764 4731//4731
f 4750//4750 4761//4761 4762//4762
f 4726//4726 4765//4765 4761//4761
f 4761//4761 4765//4765 4762//4762
f 4725//4725 4761//4761 4747//4747
f 4748//4748 4762//4762 4763//4763
f 4762//4762 4765//4765 4763//4763
f 4726//4726 4729//4729 4765//4765
f 4729//4729 4764//4764 4765//4765
f 4763//4763 4765//4765 4764//4764
f 4729//4729 4731//4731 4764//4764
f 4343//4343 4771//4771 4766//4766
f 4760//4760 4766//4766 4767//4767
f 4760//4760 4767//4767 4768//4768
f 4766//4766 4771//4771 4767//4767
f 4767//4767 4772//4772 4768//4768
f 4768//4768 4773//4773 4769//4769
f 4769//4769 4773//4773 4770//4770
f 4768//4768 4772//4772 4773//4773
f 4767//4767 4771//4771 4772//4772
f 4770//4770 4785//4785 4796//4796
f 4770//4770 4773//4773 4785//4785
f 4345//4345 4786//4786 4771//4771
f 4771//4771 4786//4786 4772//4772
f 4772//4772 4787//4787 4773//4773
f 4773//4773 4787//4787 4785//4785
f 4772//4772 4786//4786 4787//4787
f 4785//4785 4787//4787 4830//4830
f 4786//4786 4788//4788 4787//4787
f 4787//4787 4788//4788 4830//4830
f 4347//4347 4788//4788 4786//4786
f 4637//4637 4789//4789 4785//4785
f 4280//4280 4644//4644 4793//4793
f 4349//4349 4791//4791 4643//4643
f 4352//4352 4793//4793 4797//4797
f 4645//4645 4646//4646 4795//4795
f 4644//4644 4645//4645 4794//4794
f 4644//4644 4794//4794 4793//4793
f 4645//4645 4795//4795 4794//4794
f 4637//4637 4799//4799 4646//4646
f 4647//4647 4791//4791 4792//4792
f 4791//4791 4813//4813 4792//4792
f 4794//4794 4795//4795 4799//4799
f 4793//4793 4794//4794 4798//4798
f 4646//4646 4799//4799 4795//4795
f 4785//4785 4789//4789 4790//4790
f 4785//4785 4790//4790 4796//4796
f 4637//4637 4785//4785 4799//4799
f 4355//4355 4797//4797 4826//4826
f 4793//4793 4798//4798 4797//4797
f 4794//4794 4799//4799 4798//4798
f 4798//4798 4799//4799 4827//4827
f 4797//4797 4798//4798 4825//4825
f 4798//4798 4827//4827 4825//4825
f 4797//4797 4825//4825 4826//4826
f 4360//4360 4813//4813 4791//4791
f 4362//4362 4814//4814 4813//4813
f 4364//4364 4816//4816 4814//4814
f 4648//4648 4792//4792 4809//4809
f 4648//4648 4809//4809 4810//4810
f 4792//4792 4813//4813 4809//4809
f 4809//4809 4815//4815 4810//4810
f 4648//4648 4810//4810 4811//4811
f 4810//4810 4815//4815 4811//4811
f 4811//4811 4817//4817 4812//4812
f 4811//4811 4815//4815 4817//4817
f 4811//4811 4812//4812 4819//4819
f 4809//4809 4813//4813 4814//4814
f 4809//4809 4814//4814 4815//4815
f 4814//4814 4816//4816 4815//4815
f 4815//4815 4816//4816 4817//4817
f 4368//4368 4820//4820 4822//4822
f 4369//4369 4822//4822 4816//4816
f 4812//4812 4818//4818 4819//4819
f 4818//4818 4821//4821 4819//4819
f 4818//4818 4820//4820 4821//4821
f 4812//4812 4817//4817 4818//4818
f 4817//4817 4822//4822 4818//4818
f 4818//4818 4822//4822 4820//4820
f 4816//4816 4822//4822 4817//4817
f 4785//4785 4835//4835 4799//4799
f 4799//4799 4835//4835 4824//4824
f 4785//4785 4830//4830 4823//4823
f 4785//4785 4823//4823 4835//4835
f 4824//4824 4836//4836 4829//4829
f 4824//4824 4835//4835 4836//4836
f 4374//4374 4826//4826 4828//4828
f 4824//4824 4825//4825 4827//4827
f 4825//4825 4829//4829 4826//4826
f 4799//4799 4824//4824 4827//4827
f 4826//4826 4829//4829 4828//4828
f 4824//4824 4829//4829 4825//4825
f 4384//4384 4837//4837 4788//4788
f 4386//4386 4838//4838 4837//4837
f 4383//4383 4833//4833 4838//4838
f 4823//4823 4830//4830 4831//4831
f 4823//4823 4831//4831 4832//4832
f 4788//4788 4837//4837 4830//4830
f 4830//4830 4837//4837 4831//4831
f 4831//4831 4839//4839 4832//4832
f 4823//4823 4832//4832 4835//4835
f 4829//4829 4836//4836 4834//4834
f 4834//4834 4836//4836 4835//4835
f 4832//4832 4839//4839 4835//4835
f 4834//4834 4835//4835 4839//4839
f 4833//4833 4834//4834 4839//4839
f 4831//4831 4837//4837 4838//4838
f 4833//4833 4839//4839 4838//4838
f 4831//4831 4838//4838 4839//4839
f 4376//4376 4828//4828 4833//4833
f 4828//4828 4834//4834 4833//4833
f 4828//4828 4829//4829 4834//4834
f 3461//3461 3462//3462 3463//3463
f 3461//3461 3468//3468 3462//3462
f 3462//3462 3470//3470 3465//3465
f 3462//3462 3466//3466 3464//3464
f 3462//3462 3464//3464 3463//3463
f 3464//3464 3466//3466 3467//3467
f 3464//3464 3467//3467 3472//3472
f 3462//3462 3465//3465 3466//3466
f 3468//3468 3469//3469 3470//3470
f 3462//3462 3468//3468 3470//3470
f 3465//3465 3470//3470 3471//3471
f 3467//3467 3473//3473 3472//3472
f 3472//3472 3473//3473 3475//3475
f 3473//3473 3474//3474 3475//3475
f 3474//3474 3476//3476 3475//3475
f 3475//3475 3476//3476 3479//3479
f 3475//3475 3479//3479 3481//3481
f 3476//3476 3478//3478 3479//3479
f 3477//3477 3482//3482 3479//3479
f 3479//3479 3482//3482 3480//3480
f 3479//3479 3480//3480 3481//3481
f 3579//3579 3584//3584 3581//3581
f 3579//3579 3605//3605 3584//3584
f 3579//3579 3580//3580 3605//3605
f 3581//3581 3584//3584 3583//3583
f 3580//3580 3582//3582 3606//3606
f 3583//3583 3584//3584 3588//3588
f 3583//3583 3588//3588 3585//3585
f 3585//3585 3588//3588 3587//3587
f 3584//3584 3609//3609 3588//3588
f 3586//3586 3587//3587 3588//3588
f 3586//3586 3598//3598 3599//3599
f 3580//3580 3606//3606 3605//3605
f 3605//3605 3611//3611 3608//3608
f 3605//3605 3612//3612 3611//3611
f 3605//3605 3606//3606 3612//3612
f 3606//3606 3607//3607 3612//3612
f 3584//3584 3605//3605 3609//3609
f 3605//3605 3610//3610 3609//3609
f 3605//3605 3608//3608 3610//3610
f 3678//3678 3739//3739 3685//3685
f 3685//3685 3739//3739 3755//3755
f 3469//3469 3672//3672 3470//3470
f 3470//3470 3675//3675 3471//3471
f 3470//3470 3672//3672 3683//3683
f 3470//3470 3683//3683 3675//3675
f 3669//3669 3670//3670 3681//3681
f 3670//3670 3679//3679 3681//3681
f 3670//3670 3678//3678 3679//3679
f 3678//3678 3685//3685 3679//3679
f 3671//3671 3683//3683 3672//3672
f 3675//3675 3683//3683 3676//3676
f 3669//3669 3681//3681 3673//3673
f 3673//3673 3683//3683 3674//3674
f 3671//3671 3674//3674 3683//3683
f 3673//3673 3681//3681 3683//3683
f 3676//3676 3683//3683 3677//3677
f 3677//3677 3683//3683 3719//3719
f 3685//3685 3755//3755 3686//3686
f 3686//3686 3755//3755 3756//3756
f 3679//3679 3682//3682 3681//3681
f 3679//3679 3685//3685 3680//3680
f 3679//3679 3680//3680 3682//3682
f 3680//3680 3689//3689 3682//3682
f 3681//3681 3682//3682 3684//3684
f 3681//3681 3684//3684 3683//3683
f 3682//3682 3690//3690 3684//3684
f 3683//3683 3684//3684 3728//3728
f 3680//3680 3685//3685 3686//3686
f 3680//3680 3686//3686 3687//3687
f 3686//3686 3688//3688 3687//3687
f 3680//3680 3687//3687 3689//3689
f 3687//3687 3688//3688 3689//3689
f 3686//3686 3756//3756 3688//3688
f 3682//3682 3689//3689 3690//3690
f 3684//3684 3690//3690 3691//3691
f 3689//3689 3691//3691 3690//3690
f 3684//3684 3691//3691 3728//3728
f 3688//3688 3691//3691 3689//3689
f 3683//3683 3727//3727 3719//3719
f 3719//3719 3727//3727 3720//3720
f 3720//3720 3727//3727 3861//3861
f 3720//3720 3861//3861 3846//3846
f 3683//3683 3728//3728 3727//3727
f 3727//3727 3728//3728 3862//3862
f 3691//3691 3863//3863 3728//3728
f 3727//3727 3862//3862 3861//3861
f 3739//3739 3741//3741 3755//3755
f 3741//3741 3757//3757 3755//3755
f 3741//3741 3744//3744 3757//3757
f 3744//3744 3761//3761 3757//3757
f 3744//3744 3754//3754 3761//3761
f 3754//3754 3763//3763 3761//3761
f 3755//3755 3757//3757 3756//3756
f 3756//3756 3757//3757 3758//3758
f 3756//3756 3758//3758 3759//3759
f 3757//3757 3761//3761 3758//3758
f 3758//3758 3762//3762 3760//3760
f 3688//3688 3756//3756 3759//3759
f 3688//3688 3759//3759 3760//3760
f 3758//3758 3760//3760 3759//3759
f 3688//3688 3766//3766 3691//3691
f 3688//3688 3760//3760 3766//3766
f 3758//3758 3761//3761 3762//3762
f 3761//3761 3763//3763 3762//3762
f 3762//3762 3764//3764 3765//3765
f 3762//3762 3763//3763 3764//3764
f 3760//3760 3762//3762 3765//3765
f 3760//3760 3765//3765 3766//3766
f 3691//3691 3766//3766 3892//3892
f 3764//3764 3766//3766 3765//3765
f 3792//3792 3833//3833 3809//3809
f 3792//3792 3794//3794 3833//3833
f 3793//3793 3796//3796 3794//3794
f 3792//3792 3793//3793 3794//3794
f 3794//3794 3834//3834 3833//3833
f 3794//3794 3795//3795 3834//3834
f 3794//3794 3796//3796 3795//3795
f 3795//3795 3797//3797 3838//3838
f 3795//3795 3796//3796 3797//3797
f 3797//3797 4451//4451 3838//3838
f 3754//3754 3805//3805 3763//3763
f 3763//3763 3805//3805 3816//3816
f 3802//3802 3810//3810 3812//3812
f 3809//3809 3833//3833 3810//3810
f 3802//3802 3809//3809 3810//3810
f 3802//3802 3812//3812 3803//3803
f 3803//3803 3814//3814 3804//3804
f 3803//3803 3812//3812 3814//3814
f 3805//3805 3808//3808 3816//3816
f 3804//3804 3817//3817 3808//3808
f 3806//3806 3820//3820 3807//3807
f 3806//3806 3808//3808 3817//3817
f 3804//3804 3814//3814 3817//3817
f 3806//3806 3817//3817 3820//3820
f 3807//3807 3820//3820 3824//3824
f 3808//3808 3824//3824 3816//3816
f 3807//3807 3824//3824 3808//3808
f 3763//3763 3816//3816 3764//3764
f 3810//3810 3833//3833 3811//3811
f 3810//3810 3811//3811 3813//3813
f 3810//3810 3813//3813 3812//3812
f 3812//3812 3815//3815 3814//3814
f 3812//3812 3813//3813 3815//3815
f 3811//3811 3837//3837 3813//3813
f 3813//3813 3826//3826 3815//3815
f 3813//3813 3837//3837 3826//3826
f 3764//3764 3816//3816 3819//3819
f 3764//3764 3819//3819 3766//3766
f 3766//3766 3819//3819 3818//3818
f 3766//3766 3818//3818 3823//3823
f 3818//3818 3819//3819 3825//3825
f 3766//3766 3823//3823 3892//3892
f 3816//3816 3824//3824 3819//3819
f 3814//3814 3815//3815 3821//3821
f 3814//3814 3821//3821 3817//3817
f 3817//3817 3822//3822 3820//3820
f 3817//3817 3821//3821 3822//3822
f 3819//3819 3824//3824 3825//3825
f 3820//3820 3822//3822 3825//3825
f 3822//3822 3823//3823 3825//3825
f 3818//3818 3825//3825 3823//3823
f 3820//3820 3825//3825 3824//3824
f 3815//3815 3826//3826 3827//3827
f 3815//3815 3827//3827 3821//3821
f 3821//3821 3828//3828 3822//3822
f 3822//3822 3828//3828 3823//3823
f 3821//3821 3827//3827 3828//3828
f 3823//3823 3828//3828 3892//3892
f 3828//3828 3950//3950 3949//3949
f 3828//3828 3829//3829 3950//3950
f 3828//3828 3831//3831 3829//3829
f 3828//3828 3830//3830 3831//3831
f 3828//3828 3839//3839 3830//3830
f 3811//3811 3833//3833 3834//3834
f 3811//3811 3834//3834 3835//3835
f 3834//3834 3836//3836 3835//3835
f 3835//3835 3836//3836 3837//3837
f 3795//3795 3836//3836 3834//3834
f 3811//3811 3835//3835 3837//3837
f 3827//3827 3837//3837 3836//3836
f 3826//3826 3837//3837 3827//3827
f 3827//3827 3836//3836 3828//3828
f 3795//3795 3838//3838 3836//3836
f 3836//3836 3838//3838 4451//4451
f 3828//3828 3836//3836 4488//4488
f 3828//3828 3844//3844 3843//3843
f 3828//3828 3845//3845 3844//3844
f 3828//3828 3843//3843 3839//3839
f 3828//3828 4470//4470 3845//3845
f 3846//3846 3861//3861 3866//3866
f 3846//3846 3866//3866 3847//3847
f 3847//3847 3866//3866 3879//3879
f 3847//3847 3879//3879 3856//3856
f 3848//3848 3857//3857 3867//3867
f 3857//3857 3880//3880 3867//3867
f 3582//3582 3852//3852 3606//3606
f 3849//3849 3870//3870 3854//3854
f 3848//3848 3869//3869 3849//3849
f 3849//3849 3869//3869 3870//3870
f 3850//3850 3851//3851 3917//3917
f 3850//3850 3917//3917 3852//3852
f 3854//3854 3870//3870 3855//3855
f 3855//3855 3870//3870 3871//3871
f 3851//3851 3853//3853 3871//3871
f 3853//3853 3855//3855 3871//3871
f 3851//3851 3871//3871 3917//3917
f 3848//3848 3867//3867 3869//3869
f 3857//3857 3859//3859 3880//3880
f 3856//3856 3879//3879 3890//3890
f 3856//3856 3890//3890 3859//3859
f 3858//3858 3884//3884 3859//3859
f 3858//3858 3860//3860 3883//3883
f 3859//3859 3890//3890 3860//3860
f 3859//3859 3884//3884 3880//3880
f 3858//3858 3883//3883 3884//3884
f 3860//3860 3890//3890 3883//3883
f 3728//3728 3863//3863 3862//3862
f 3691//3691 3865//3865 3863//3863
f 3861//3861 3862//3862 3864//3864
f 3861//3861 3864//3864 3866//3866
f 3862//3862 3863//3863 3865//3865
f 3862//3862 3865//3865 3864//3864
f 3691//3691 3889//3889 3865//3865
f 3864//3864 3865//3865 3878//3878
f 3864//3864 3881//3881 3866//3866
f 3866//3866 3881//3881 3879//3879
f 3867//3867 3880//3880 3868//3868
f 3869//3869 3873//3873 3870//3870
f 3869//3869 3874//3874 3873//3873
f 3873//3873 3874//3874 3876//3876
f 3870//3870 3873//3873 3872//3872
f 3870//3870 3872//3872 3871//3871
f 3871//3871 3872//3872 3918//3918
f 3873//3873 3876//3876 3877//3877
f 3872//3872 3873//3873 3877//3877
f 3872//3872 3877//3877 3919//3919
f 3867//3867 3874//3874 3869//3869
f 3867//3867 3868//3868 3874//3874
f 3868//3868 3875//3875 3874//3874
f 3874//3874 3875//3875 3876//3876
f 3868//3868 3893//3893 3875//3875
f 3875//3875 3893//3893 3876//3876
f 3876//3876 3919//3919 3877//3877
f 3876//3876 3893//3893 3919//3919
f 3691//3691 3892//3892 3889//3889
f 3865//3865 3889//3889 3878//3878
f 3880//3880 3884//3884 3882//3882
f 3864//3864 3878//3878 3881//3881
f 3868//3868 3880//3880 3882//3882
f 3868//3868 3882//3882 3893//3893
f 3879//3879 3881//3881 3888//3888
f 3883//3883 3886//3886 3884//3884
f 3882//3882 3884//3884 3886//3886
f 3879//3879 3888//3888 3890//3890
f 3883//3883 3887//3887 3886//3886
f 3883//3883 3890//3890 3887//3887
f 3878//3878 3889//3889 3881//3881
f 3881//3881 3889//3889 3888//3888
f 3882//3882 3885//3885 3893//3893
f 3882//3882 3886//3886 3885//3885
f 3885//3885 3891//3891 3893//3893
f 3887//3887 3890//3890 3888//3888
f 3886//3886 3887//3887 3891//3891
f 3885//3885 3886//3886 3891//3891
f 3888//3888 3889//3889 3892//3892
f 3887//3887 3888//3888 3892//3892
f 3887//3887 3892//3892 3891//3891
f 3891//3891 3958//3958 3893//3893
f 3893//3893 4016//4016 3919//3919
f 3606//3606 3894//3894 3607//3607
f 3606//3606 3852//3852 3917//3917
f 3606//3606 3920//3920 3894//3894
f 3606//3606 3917//3917 3920//3920
f 3894//3894 3920//3920 3896//3896
f 3896//3896 3920//3920 3897//3897
f 3897//3897 3920//3920 3898//3898
f 3898//3898 3920//3920 3900//3900
f 3900//3900 3920//3920 3924//3924
f 3900//3900 3924//3924 3910//3910
f 3910//3910 3927//3927 3911//3911
f 3910//3910 3924//3924 3927//3927
f 3911//3911 3927//3927 4018//4018
f 3871//3871 3918//3918 3917//3917
f 3917//3917 3918//3918 3921//3921
f 3872//3872 3919//3919 3918//3918
f 3917//3917 3921//3921 3920//3920
f 3918//3918 3922//3922 3921//3921
f 3918//3918 3919//3919 3922//3922
f 3919//3919 3923//3923 3922//3922
f 3920//3920 3921//3921 3925//3925
f 3921//3921 3922//3922 3923//3923
f 3921//3921 3923//3923 3925//3925
f 3920//3920 3925//3925 3924//3924
f 3919//3919 4016//4016 3923//3923
f 3923//3923 3926//3926 3925//3925
f 3925//3925 3926//3926 3928//3928
f 3924//3924 3925//3925 3928//3928
f 3924//3924 3928//3928 3927//3927
f 3923//3923 4016//4016 3926//3926
f 3926//3926 4016//4016 3928//3928
f 3928//3928 4016//4016 4017//4017
f 3927//3927 3928//3928 4017//4017
f 3931//3931 4007//4007 3932//3932
f 3932//3932 4007//4007 3987//3987
f 3932//3932 3987//3987 3933//3933
f 3933//3933 3987//3987 3934//3934
f 3934//3934 3987//3987 3937//3937
f 3935//3935 3937//3937 3987//3987
f 3935//3935 3987//3987 3940//3940
f 3938//3938 3997//3997 3948//3948
f 3938//3938 3939//3939 3997//3997
f 3939//3939 3940//3940 3987//3987
f 3939//3939 3981//3981 3997//3997
f 3939//3939 3987//3987 3992//3992
f 3945//3945 3946//3946 3997//3997
f 3946//3946 3947//3947 3997//3997
f 3947//3947 3948//3948 3997//3997
f 3892//3892 3949//3949 3952//3952
f 3828//3828 3949//3949 3892//3892
f 3891//3891 3892//3892 3953//3953
f 3892//3892 3952//3952 3951//3951
f 3892//3892 3951//3951 3953//3953
f 3891//3891 3953//3953 3954//3954
f 3891//3891 3954//3954 3958//3958
f 3893//3893 3958//3958 3959//3959
f 3893//3893 3959//3959 3960//3960
f 3893//3893 3960//3960 3961//3961
f 3893//3893 3961//3961 4016//4016
f 3961//3961 3962//3962 4016//4016
f 3962//3962 3969//3969 4016//4016
f 3969//3969 3972//3972 4016//4016
f 3964//3964 4016//4016 3974//3974
f 3972//3972 3974//3974 4016//4016
f 3964//3964 3973//3973 4022//4022
f 3973//3973 3975//3975 3976//3976
f 3973//3973 3974//3974 3975//3975
f 3973//3973 3976//3976 3977//3977
f 3964//3964 3974//3974 3973//3973
f 3973//3973 3988//3988 4022//4022
f 3973//3973 3977//3977 3988//3988
f 3977//3977 3978//3978 3988//3988
f 3987//3987 4023//4023 3988//3988
f 3987//3987 3996//3996 3993//3993
f 3987//3987 3988//3988 3996//3996
f 3988//3988 3994//3994 3996//3996
f 3988//3988 3995//3995 3994//3994
f 3987//3987 3993//3993 3992//3992
f 3978//3978 3990//3990 3988//3988
f 3988//3988 3990//3990 3995//3995
f 3989//3989 3991//3991 4564//4564
f 3981//3981 3985//3985 3998//3998
f 3985//3985 3986//3986 3998//3998
f 3982//3982 3998//3998 3984//3984
f 3983//3983 3984//3984 3998//3998
f 3983//3983 3998//3998 3986//3986
f 3981//3981 3998//3998 3997//3997
f 3997//3997 3998//3998 4612//4612
f 3980//3980 3998//3998 3995//3995
f 3980//3980 3989//3989 3998//3998
f 3982//3982 3995//3995 3998//3998
f 3989//3989 4564//4564 3998//3998
f 3999//3999 4018//4018 4021//4021
f 3911//3911 4018//4018 3999//3999
f 3999//3999 4021//4021 4000//4000
f 4000//4000 4021//4021 4023//4023
f 4000//4000 4023//4023 4007//4007
f 3987//3987 4007//4007 4023//4023
f 3929//3929 4007//4007 3930//3930
f 3930//3930 4007//4007 3931//3931
f 3941//3941 3942//3942 4594//4594
f 3942//3942 3943//3943 4611//4611
f 3942//3942 4611//4611 4594//4594
f 3943//3943 3944//3944 4611//4611
f 3944//3944 3945//3945 4611//4611
f 3945//3945 3997//3997 4611//4611
f 4017//4017 4020//4020 4018//4018
f 4016//4016 4019//4019 4017//4017
f 4017//4017 4019//4019 4020//4020
f 3927//3927 4017//4017 4018//4018
f 3964//3964 4019//4019 4016//4016
f 3964//3964 4020//4020 4019//4019
f 4018//4018 4020//4020 4021//4021
f 4020//4020 4022//4022 4021//4021
f 3964//3964 4022//4022 4020//4020
f 4021//4021 4022//4022 4023//4023
f 3988//3988 4023//4023 4022//4022
f 3997//3997 4612//4612 4611//4611
f 4185//4185 4186//4186 4187//4187
f 4186//4186 4188//4188 4187//4187
f 4187//4187 4188//4188 4208//4208
f 4188//4188 4189//4189 4208//4208
f 4189//4189 4191//4191 4190//4190
f 4190//4190 4191//4191 4192//4192
f 4189//4189 4190//4190 4208//4208
f 4190//4190 4192//4192 4208//4208
f 4185//4185 4204//4204 4203//4203
f 4185//4185 4187//4187 4204//4204
f 4204//4204 4206//4206 4205//4205
f 4187//4187 4208//4208 4204//4204
f 4204//4204 4208//4208 4206//4206
f 4206//4206 4208//4208 4207//4207
f 4227//4227 4228//4228 4229//4229
f 4227//4227 4229//4229 4231//4231
f 4229//4229 4232//4232 4230//4230
f 4228//4228 4319//4319 4229//4229
f 4229//4229 4318//4318 4232//4232
f 4249//4249 4252//4252 4250//4250
f 4249//4249 4260//4260 4252//4252
f 4251//4251 4252//4252 4253//4253
f 4252//4252 4260//4260 4253//4253
f 4253//4253 4260//4260 4261//4261
f 4253//4253 4261//4261 4254//4254
f 4253//4253 4254//4254 4256//4256
f 4254//4254 4261//4261 4255//4255
f 4254//4254 4255//4255 4256//4256
f 4249//4249 4257//4257 4258//4258
f 4249//4249 4258//4258 4260//4260
f 4229//4229 4319//4319 4318//4318
f 4319//4319 4320//4320 4322//4322
f 4321//4321 4324//4324 4322//4322
f 4320//4320 4321//4321 4322//4322
f 4321//4321 4325//4325 4324//4324
f 4322//4322 4324//4324 4323//4323
f 4323//4323 4324//4324 4327//4327
f 4324//4324 4325//4325 4327//4327
f 4326//4326 4328//4328 4327//4327
f 4325//4325 4326//4326 4327//4327
f 4326//4326 4331//4331 4328//4328
f 4328//4328 4331//4331 4329//4329
f 4329//4329 4331//4331 4330//4330
f 4330//4330 4331//4331 4332//4332
f 3793//3793 4416//4416 3796//3796
f 3796//3796 4416//4416 4452//4452
f 4416//4416 4419//4419 4452//4452
f 4419//4419 4457//4457 4452//4452
f 4191//4191 4439//4439 4446//4446
f 4191//4191 4446//4446 4192//4192
f 4439//4439 4441//4441 4446//4446
f 4440//4440 4441//4441 4447//4447
f 4419//4419 4437//4437 4457//4457
f 4437//4437 4442//4442 4457//4457
f 4442//4442 4444//4444 4458//4458
f 4444//4444 4445//4445 4458//4458
f 4440//4440 4458//4458 4445//4445
f 4442//4442 4458//4458 4457//4457
f 4440//4440 4447//4447 4449//4449
f 4440//4440 4449//4449 4458//4458
f 3796//3796 4452//4452 3797//3797
f 3797//3797 4453//4453 4451//4451
f 3797//3797 4452//4452 4453//4453
f 4451//4451 4453//4453 4454//4454
f 4451//4451 4454//4454 4455//4455
f 4452//4452 4457//4457 4453//4453
f 4453//4453 4456//4456 4454//4454
f 4454//4454 4456//4456 4455//4455
f 4453//4453 4457//4457 4456//4456
f 4456//4456 4457//4457 4458//4458
f 4455//4455 4456//4456 4459//4459
f 4455//4455 4459//4459 4483//4483
f 4456//4456 4458//4458 4459//4459
f 4449//4449 4460//4460 4458//4458
f 4458//4458 4460//4460 4487//4487
f 4460//4460 4461//4461 4487//4487
f 4461//4461 4463//4463 4487//4487
f 4463//4463 4489//4489 4487//4487
f 4463//4463 4464//4464 4489//4489
f 4464//4464 4491//4491 4489//4489
f 4464//4464 4466//4466 4491//4491
f 4465//4465 4469//4469 4501//4501
f 4465//4465 4508//4508 4468//4468
f 4465//4465 4501//4501 4508//4508
f 4466//4466 4469//4469 4505//4505
f 4467//4467 4506//4506 4501//4501
f 4466//4466 4505//4505 4491//4491
f 4467//4467 4501//4501 4469//4469
f 4468//4468 4509//4509 4469//4469
f 4468//4468 4508//4508 4509//4509
f 4469//4469 4509//4509 4505//4505
f 3836//3836 4451//4451 4455//4455
f 3836//3836 4455//4455 4488//4488
f 3828//3828 4494//4494 4470//4470
f 4470//4470 4494//4494 4471//4471
f 3828//3828 4488//4488 4494//4494
f 4471//4471 4494//4494 4473//4473
f 4473//4473 4494//4494 4474//4474
f 4474//4474 4494//4494 4475//4475
f 4475//4475 4497//4497 4478//4478
f 4478//4478 4497//4497 4479//4479
f 4455//4455 4483//4483 4484//4484
f 4455//4455 4484//4484 4488//4488
f 4483//4483 4486//4486 4484//4484
f 4459//4459 4486//4486 4483//4483
f 4484//4484 4485//4485 4488//4488
f 4458//4458 4487//4487 4459//4459
f 4459//4459 4487//4487 4486//4486
f 4484//4484 4486//4486 4490//4490
f 4484//4484 4490//4490 4485//4485
f 4486//4486 4487//4487 4489//4489
f 4486//4486 4489//4489 4490//4490
f 4485//4485 4490//4490 4492//4492
f 4485//4485 4492//4492 4488//4488
f 4488//4488 4492//4492 4507//4507
f 4489//4489 4491//4491 4490//4490
f 4490//4490 4491//4491 4492//4492
f 4491//4491 4505//4505 4492//4492
f 4475//4475 4494//4494 4497//4497
f 4488//4488 4493//4493 4494//4494
f 4494//4494 4503//4503 4497//4497
f 4479//4479 4497//4497 4495//4495
f 4495//4495 4497//4497 4496//4496
f 4496//4496 4497//4497 4498//4498
f 4497//4497 4499//4499 4498//4498
f 4497//4497 4572//4572 4499//4499
f 4488//4488 4507//4507 4493//4493
f 4493//4493 4507//4507 4504//4504
f 4501//4501 4502//4502 4503//4503
f 4501//4501 4506//4506 4502//4502
f 4501//4501 4503//4503 4508//4508
f 4503//4503 4504//4504 4508//4508
f 4494//4494 4504//4504 4503//4503
f 4493//4493 4504//4504 4494//4494
f 4497//4497 4503//4503 4502//4502
f 4497//4497 4502//4502 4510//4510
f 4492//4492 4505//4505 4507//4507
f 4505//4505 4509//4509 4507//4507
f 4504//4504 4509//4509 4508//4508
f 4504//4504 4507//4507 4509//4509
f 4502//4502 4506//4506 4542//4542
f 4502//4502 4542//4542 4510//4510
f 4510//4510 4542//4542 4543//4543
f 4497//4497 4576//4576 4572//4572
f 4467//4467 4538//4538 4506//4506
f 4506//4506 4538//4538 4544//4544
f 4538//4538 4539//4539 4544//4544
f 4539//4539 4547//4547 4544//4544
f 4539//4539 4540//4540 4547//4547
f 4540//4540 4551//4551 4547//4547
f 4540//4540 4541//4541 4551//4551
f 4506//4506 4544//4544 4542//4542
f 4542//4542 4545//4545 4543//4543
f 4510//4510 4543//4543 4546//4546
f 4497//4497 4510//4510 4550//4550
f 4542//4542 4544//4544 4545//4545
f 4543//4543 4545//4545 4546//4546
f 4497//4497 4550//4550 4582//4582
f 4510//4510 4546//4546 4550//4550
f 4544//4544 4547//4547 4545//4545
f 4545//4545 4547//4547 4548//4548
f 4545//4545 4548//4548 4546//4546
f 4546//4546 4548//4548 4549//4549
f 4546//4546 4549//4549 4550//4550
f 4547//4547 4551//4551 4548//4548
f 4548//4548 4552//4552 4549//4549
f 4548//4548 4551//4551 4552//4552
f 4549//4549 4552//4552 4550//4550
f 4551//4551 4775//4775 4552//4552
f 4550//4550 4552//4552 4776//4776
f 3991//3991 4561//4561 4564//4564
f 4561//4561 4563//4563 4564//4564
f 4563//4563 4565//4565 4564//4564
f 3998//3998 4564//4564 4613//4613
f 4564//4564 4565//4565 4613//4613
f 4565//4565 4566//4566 4613//4613
f 4566//4566 4567//4567 4613//4613
f 4567//4567 4568//4568 4613//4613
f 4568//4568 4583//4583 4613//4613
f 4583//4583 4584//4584 4613//4613
f 4497//4497 4582//4582 4576//4576
f 4576//4576 4582//4582 4577//4577
f 4580//4580 4582//4582 4581//4581
f 4581//4581 4582//4582 4585//4585
f 4577//4577 4582//4582 4578//4578
f 4578//4578 4582//4582 4579//4579
f 4579//4579 4582//4582 4580//4580
f 4582//4582 4613//4613 4585//4585
f 4584//4584 4585//4585 4613//4613
f 4582//4582 4666//4666 4613//4613
f 4253//4253 4256//4256 4587//4587
f 4587//4587 4588//4588 4589//4589
f 4587//4587 4590//4590 4588//4588
f 4588//4588 4590//4590 4592//4592
f 4591//4591 4614//4614 4592//4592
f 4594//4594 4611//4611 4595//4595
f 4595//4595 4611//4611 4614//4614
f 4593//4593 4595//4595 4614//4614
f 4591//4591 4593//4593 4614//4614
f 4600//4600 4614//4614 4601//4601
f 4601//4601 4614//4614 4617//4617
f 4601//4601 4617//4617 4602//4602
f 4602//4602 4617//4617 4605//4605
f 4605//4605 4617//4617 4622//4622
f 4605//4605 4622//4622 4606//4606
f 4606//4606 4622//4622 4607//4607
f 4607//4607 4622//4622 4693//4693
f 4607//4607 4693//4693 4678//4678
f 3998//3998 4613//4613 4612//4612
f 4611//4611 4612//4612 4615//4615
f 4612//4612 4613//4613 4616//4616
f 4611//4611 4615//4615 4614//4614
f 4614//4614 4615//4615 4619//4619
f 4612//4612 4616//4616 4615//4615
f 4613//4613 4618//4618 4616//4616
f 4615//4615 4616//4616 4618//4618
f 4615//4615 4618//4618 4619//4619
f 4614//4614 4619//4619 4617//4617
f 4613//4613 4692//4692 4618//4618
f 4617//4617 4619//4619 4620//4620
f 4617//4617 4620//4620 4622//4622
f 4618//4618 4621//4621 4619//4619
f 4619//4619 4621//4621 4620//4620
f 4613//4613 4666//4666 4692//4692
f 4618//4618 4692//4692 4621//4621
f 4620//4620 4621//4621 4692//4692
f 4620//4620 4694//4694 4622//4622
f 4620//4620 4692//4692 4694//4694
f 4622//4622 4694//4694 4693//4693
f 4624//4624 4660//4660 4627//4627
f 4623//4623 4651//4651 4656//4656
f 4624//4624 4656//4656 4660//4660
f 4627//4627 4660//4660 4659//4659
f 4623//4623 4625//4625 4651//4651
f 4623//4623 4656//4656 4624//4624
f 4626//4626 4627//4627 4659//4659
f 4625//4625 4657//4657 4651//4651
f 4626//4626 4659//4659 4668//4668
f 4625//4625 4635//4635 4657//4657
f 4635//4635 4673//4673 4657//4657
f 4626//4626 4668//4668 4629//4629
f 4629//4629 4672//4672 4630//4630
f 4629//4629 4668//4668 4672//4672
f 4635//4635 4638//4638 4673//4673
f 4638//4638 4674//4674 4673//4673
f 4638//4638 4640//4640 4674//4674
f 4640//4640 4677//4677 4674//4674
f 4582//4582 4652//4652 4649//4649
f 4582//4582 4654//4654 4652//4652
f 4582//4582 4650//4650 4654//4654
f 4653//4653 4660//4660 4656//4656
f 4651//4651 4652//4652 4654//4654
f 4651//4651 4654//4654 4656//4656
f 4653//4653 4656//4656 4654//4654
f 4653//4653 4658//4658 4660//4660
f 4650//4650 4653//4653 4654//4654
f 4649//4649 4652//4652 4662//4662
f 4650//4650 4655//4655 4653//4653
f 4582//4582 4670//4670 4650//4650
f 4651//4651 4657//4657 4652//4652
f 4652//4652 4657//4657 4662//4662
f 4658//4658 4659//4659 4660//4660
f 4653//4653 4655//4655 4658//4658
f 4650//4650 4670//4670 4655//4655
f 4658//4658 4669//4669 4659//4659
f 4655//4655 4667//4667 4658//4658
f 4649//4649 4662//4662 4661//4661
f 4582//4582 4649//4649 4666//4666
f 4649//4649 4661//4661 4663//4663
f 4649//4649 4663//4663 4666//4666
f 4661//4661 4662//4662 4664//4664
f 4661//4661 4664//4664 4663//4663
f 4657//4657 4673//4673 4662//4662
f 4662//4662 4673//4673 4664//4664
f 4663//4663 4664//4664 4675//4675
f 4663//4663 4665//4665 4666//4666
f 4663//4663 4675//4675 4665//4665
f 4665//4665 4676//4676 4666//4666
f 4550//4550 4670//4670 4582//4582
f 4655//4655 4670//4670 4667//4667
f 4659//4659 4669//4669 4668//4668
f 4658//4658 4667//4667 4669//4669
f 4667//4667 4670//4670 4669//4669
f 4668//4668 4669//4669 4671//4671
f 4669//4669 4670//4670 4671//4671
f 4668//4668 4671//4671 4672//4672
f 4670//4670 4800//4800 4671//4671
f 4664//4664 4673//4673 4674//4674
f 4664//4664 4674//4674 4675//4675
f 4674//4674 4677//4677 4675//4675
f 4665//4665 4675//4675 4676//4676
f 4675//4675 4677//4677 4676//4676
f 4678//4678 4699//4699 4679//4679
f 4678//4678 4693//4693 4699//4699
f 4679//4679 4703//4703 4687//4687
f 4679//4679 4699//4699 4703//4703
f 4686//4686 4687//4687 4702//4702
f 4687//4687 4703//4703 4702//4702
f 4640//4640 4686//4686 4677//4677
f 4677//4677 4686//4686 4702//4702
f 4692//4692 4696//4696 4695//4695
f 4692//4692 4695//4695 4694//4694
f 4693//4693 4694//4694 4700//4700
f 4693//4693 4700//4700 4699//4699
f 4694//4694 4695//4695 4700//4700
f 4666//4666 4696//4696 4692//4692
f 4666//4666 4697//4697 4696//4696
f 4666//4666 4701//4701 4697//4697
f 4696//4696 4697//4697 4698//4698
f 4697//4697 4701//4701 4698//4698
f 4698//4698 4699//4699 4700//4700
f 4695//4695 4696//4696 4700//4700
f 4696//4696 4698//4698 4700//4700
f 4698//4698 4703//4703 4699//4699
f 4676//4676 4702//4702 4701//4701
f 4666//4666 4676//4676 4701//4701
f 4698//4698 4701//4701 4703//4703
f 4701//4701 4702//4702 4703//4703
f 4676//4676 4677//4677 4702//4702
f 4330//4330 4757//4757 4753//4753
f 4330//4330 4332//4332 4757//4757
f 4753//4753 4757//4757 4755//4755
f 4754//4754 4755//4755 4757//4757
f 4754//4754 4757//4757 4775//4775
f 4541//4541 4751//4751 4775//4775
f 4541//4541 4775//4775 4551//4551
f 4751//4751 4752//4752 4775//4775
f 4752//4752 4754//4754 4775//4775
f 4757//4757 4758//4758 4775//4775
f 4758//4758 4759//4759 4775//4775
f 4759//4759 4778//4778 4775//4775
f 4759//4759 4760//4760 4778//4778
f 4760//4760 4768//4768 4778//4778
f 4768//4768 4769//4769 4778//4778
f 4769//4769 4770//4770 4778//4778
f 4770//4770 4782//4782 4778//4778
f 4770//4770 4796//4796 4782//4782
f 4782//4782 4796//4796 4808//4808
f 4552//4552 4775//4775 4776//4776
f 4550//4550 4776//4776 4774//4774
f 4774//4774 4776//4776 4779//4779
f 4550//4550 4774//4774 4780//4780
f 4550//4550 4780//4780 4670//4670
f 4774//4774 4779//4779 4777//4777
f 4774//4774 4777//4777 4780//4780
f 4775//4775 4778//4778 4776//4776
f 4776//4776 4778//4778 4779//4779
f 4777//4777 4779//4779 4781//4781
f 4777//4777 4781//4781 4780//4780
f 4780//4780 4806//4806 4804//4804
f 4778//4778 4782//4782 4779//4779
f 4779//4779 4782//4782 4781//4781
f 4780//4780 4781//4781 4806//4806
f 4781//4781 4782//4782 4808//4808
f 4781//4781 4808//4808 4806//4806
f 4630//4630 4672//4672 4802//4802
f 4630//4630 4802//4802 4789//4789
f 4789//4789 4807//4807 4790//4790
f 4790//4790 4807//4807 4808//4808
f 4789//4789 4802//4802 4807//4807
f 4790//4790 4808//4808 4796//4796
f 4670//4670 4780//4780 4801//4801
f 4670//4670 4801//4801 4800//4800
f 4802//4802 4803//4803 4805//4805
f 4800//4800 4801//4801 4803//4803
f 4671//4671 4803//4803 4672//4672
f 4672//4672 4803//4803 4802//4802
f 4671//4671 4800//4800 4803//4803
f 4780//4780 4804//4804 4801//4801
f 4801//4801 4804//4804 4805//4805
f 4802//4802 4805//4805 4807//4807
f 4801//4801 4805//4805 4803//4803
f 4805//4805 4806//4806 4807//4807
f 4806//4806 4808//4808 4807//4807
f 4804//4804 4806//4806 4805//4805
f 3830//3830 3840//3840 3831//3831
f 3830//3830 3839//3839 3840//3840
f 3829//3829 3831//3831 3832//3832
f 3831//3831 3840//3840 3832//3832
f 3839//3839 3843//3843 3840//3840
f 3832//3832 3840//3840 3841//3841
f 3832//3832 3841//3841 3842//3842
f 3840//3840 3843//3843 3841//3841
f 3844//3844 3845//3845 4472//4472
f 3845//3845 4470//4470 4472//4472
f 3841//3841 3843//3843 3844//3844
f 3841//3841 3844//3844 4472//4472
f 3841//3841 4476//4476 3842//3842
f 3841//3841 4472//4472 4476//4476
f 3842//3842 4476//4476 4477//4477
f 3929//3929 3930//3930 3941//3941
f 3930//3930 3942//3942 3941//3941
f 3930//3930 3931//3931 3943//3943
f 3930//3930 3943//3943 3942//3942
f 3931//3931 3932//3932 3943//3943
f 3932//3932 3944//3944 3943//3943
f 3932//3932 3933//3933 3944//3944
f 3933//3933 3945//3945 3944//3944
f 3933//3933 3946//3946 3945//3945
f 3939//3939 3992//3992 3981//3981
f 3933//3933 3934//3934 3946//3946
f 3934//3934 3936//3936 3946//3946
f 3934//3934 3937//3937 3936//3936
f 3935//3935 3936//3936 3937//3937
f 3935//3935 3940//3940 3938//3938
f 3936//3936 3947//3947 3946//3946
f 3936//3936 3938//3938 3947//3947
f 3935//3935 3938//3938 3936//3936
f 3938//3938 3948//3948 3947//3947
f 3938//3938 3940//3940 3939//3939
f 3949//3949 3950//3950 3955//3955
f 3949//3949 3955//3955 3952//3952
f 3951//3951 3952//3952 3956//3956
f 3951//3951 3956//3956 3953//3953
f 3953//3953 3957//3957 3954//3954
f 3829//3829 3832//3832 3950//3950
f 3832//3832 3955//3955 3950//3950
f 3952//3952 3955//3955 3956//3956
f 3955//3955 3965//3965 3956//3956
f 3953//3953 3956//3956 3957//3957
f 3954//3954 3957//3957 3958//3958
f 3956//3956 3966//3966 3957//3957
f 3957//3957 3967//3967 3963//3963
f 3961//3961 3968//3968 3962//3962
f 3957//3957 3963//3963 3958//3958
f 3958//3958 3963//3963 3959//3959
f 3959//3959 3963//3963 3960//3960
f 3960//3960 3963//3963 3961//3961
f 3961//3961 3963//3963 3968//3968
f 3832//3832 3842//3842 3955//3955
f 3842//3842 3965//3965 3955//3955
f 3956//3956 3965//3965 3966//3966
f 3957//3957 3966//3966 3967//3967
f 3842//3842 4477//4477 3965//3965
f 3965//3965 4556//4556 3966//3966
f 3965//3965 4477//4477 4556//4556
f 3966//3966 4557//4557 3967//3967
f 3967//3967 4558//4558 3970//3970
f 3967//3967 4557//4557 4558//4558
f 3966//3966 4556//4556 4557//4557
f 3962//3962 3968//3968 3969//3969
f 3968//3968 3972//3972 3969//3969
f 3963//3963 3970//3970 3968//3968
f 3963//3963 3967//3967 3970//3970
f 3968//3968 3970//3970 3971//3971
f 3968//3968 3971//3971 3972//3972
f 3971//3971 3974//3974 3972//3972
f 3970//3970 4559//4559 3971//3971
f 3971//3971 4560//4560 3979//3979
f 3970//3970 4558//4558 4559//4559
f 3971//3971 4559//4559 4560//4560
f 3975//3975 3979//3979 3976//3976
f 3976//3976 3979//3979 3977//3977
f 3977//3977 3979//3979 3978//3978
f 3978//3978 3989//3989 3990//3990
f 3978//3978 3979//3979 3989//3989
f 3981//3981 3992//3992 3985//3985
f 3982//3982 3984//3984 3994//3994
f 3983//3983 3994//3994 3984//3984
f 3983//3983 3996//3996 3994//3994
f 3983//3983 3986//3986 3996//3996
f 3985//3985 3996//3996 3986//3986
f 3980//3980 3995//3995 3989//3989
f 3989//3989 3995//3995 3990//3990
f 3979//3979 3991//3991 3989//3989
f 3979//3979 4562//4562 3991//3991
f 3991//3991 4562//4562 4561//4561
f 3985//3985 3993//3993 3996//3996
f 3985//3985 3992//3992 3993//3993
f 3982//3982 3994//3994 3995//3995
f 3971//3971 3975//3975 3974//3974
f 3971//3971 3979//3979 3975//3975
f 3979//3979 4560//4560 4562//4562
f 4470//4470 4471//4471 4472//4472
f 4471//4471 4473//4473 4472//4472
f 4472//4472 4473//4473 4474//4474
f 4472//4472 4474//4474 4476//4476
f 4476//4476 4481//4481 4477//4477
f 4474//4474 4481//4481 4476//4476
f 4474//4474 4475//4475 4481//4481
f 4477//4477 4481//4481 4482//4482
f 4478//4478 4479//4479 4480//4480
f 4479//4479 4495//4495 4480//4480
f 4475//4475 4478//4478 4481//4481
f 4478//4478 4480//4480 4481//4481
f 4480//4480 4482//4482 4481//4481
f 4480//4480 4500//4500 4482//4482
f 4480//4480 4495//4495 4496//4496
f 4480//4480 4496//4496 4500//4500
f 4496//4496 4498//4498 4500//4500
f 4498//4498 4499//4499 4500//4500
f 4499//4499 4572//4572 4500//4500
f 4477//4477 4482//4482 4556//4556
f 4553//4553 4557//4557 4556//4556
f 4482//4482 4553//4553 4556//4556
f 4553//4553 4554//4554 4557//4557
f 4555//4555 4559//4559 4558//4558
f 4554//4554 4555//4555 4558//4558
f 4482//4482 4500//4500 4553//4553
f 4553//4553 4573//4573 4554//4554
f 4554//4554 4575//4575 4555//4555
f 4555//4555 4574//4574 4570//4570
f 4554//4554 4558//4558 4557//4557
f 4559//4559 4570//4570 4560//4560
f 4560//4560 4571//4571 4562//4562
f 4555//4555 4570//4570 4559//4559
f 4560//4560 4570//4570 4571//4571
f 4561//4561 4562//4562 4563//4563
f 4562//4562 4565//4565 4563//4563
f 4562//4562 4566//4566 4565//4565
f 4562//4562 4571//4571 4566//4566
f 4566//4566 4571//4571 4567//4567
f 4567//4567 4571//4571 4569//4569
f 4570//4570 4586//4586 4571//4571
f 4570//4570 4574//4574 4586//4586
f 4569//4569 4571//4571 4586//4586
f 4567//4567 4569//4569 4568//4568
f 4500//4500 4573//4573 4553//4553
f 4554//4554 4573//4573 4575//4575
f 4500//4500 4572//4572 4573//4573
f 4572//4572 4576//4576 4573//4573
f 4573//4573 4577//4577 4575//4575
f 4555//4555 4575//4575 4574//4574
f 4574//4574 4575//4575 4579//4579
f 4574//4574 4581//4581 4586//4586
f 4573//4573 4576//4576 4577//4577
f 4575//4575 4577//4577 4578//4578
f 4575//4575 4578//4578 4579//4579
f 4574//4574 4579//4579 4580//4580
f 4574//4574 4580//4580 4581//4581
f 4568//4568 4569//4569 4583//4583
f 4569//4569 4584//4584 4583//4583
f 4569//4569 4586//4586 4584//4584
f 4584//4584 4586//4586 4585//4585
f 4581//4581 4585//4585 4586//4586
