o universal_adapter
v -11.667262077331543 11.667262077331543 -1.8034344791762046e-23
v -12.405356407165527 10.879205703735352 3.646255126742193e-24
v -10.879205703735352 12.405356407165527 -1.8113579558804255e-23
v -15.624346733093262 5.303750991821289 3.814801570029904e-24
v -15.937776565551758 4.270514011383057 1.0518915068236685e-23
v -16.18295669555664 3.2189903259277344 3.874844534539444e-24
v -16.358840942382812 2.153682231903076 -6.274646182921336e-24
v -16.464672088623047 1.0791516304016113 -3.716352320704001e-25
v -16.5 2.0206671876515188e-15 4.203877176094415e-39
v -14.289419174194336 8.25 -7.73540358694624e-24
v -13.71924877166748 9.166909217834473 1.544567879861757e-23
v -13.090330123901367 10.044563293457031 2.1541266966689125e-24
v -14.798399925231934 7.297763347625732 -1.276353357706531e-23
v -15.244011878967285 6.314276695251465 -7.535402892784652e-24
v -5.303750991821289 15.624346733093262 3.8700824967989866e-23
v -10.044563293457031 13.090330123901367 2.179013996051187e-23
v -9.166909217834473 13.71924877166748 2.5332780968366453e-24
v -8.25 14.289419174194336 -2.018662555391274e-23
v -7.297763347625732 14.798399925231934 5.121183391410216e-23
v -6.314276695251465 15.244011878967285 -2.1461099766056945e-23
v -4.270514011383057 15.937776565551758 -3.6713283606398285e-23
v -3.2189903259277344 16.18295669555664 3.393083550960808e-23
v -2.153682231903076 16.358840942382812 4.2102131289482335e-23
v -1.0791516304016113 16.464672088623047 -2.1059558521246777e-23
v -2.0250000953674316 3.5074028968811035 1.0113586305005324e-24
v -16.464672088623047 -1.0791516304016113 3.716352320704001e-25
v -16.358840942382812 -2.153682231903076 6.274646182921336e-24
v -16.18295669555664 -3.2189903259277344 -3.874844534539444e-24
v -15.937776565551758 -4.270514011383057 -1.0518915068236685e-23
v -15.624346733093262 -5.303750991821289 -3.814801570029904e-24
v -15.244011878967285 -6.314276695251465 7.535402892784652e-24
v -14.798399925231934 -7.297763347625732 1.276353357706531e-23
v -14.289419174194336 -8.25 7.73540358694624e-24
v -13.71924877166748 -9.166909217834473 -1.544567879861757e-23
v -13.090330123901367 -10.044563293457031 -2.1541266966689125e-24
v -12.405356407165527 -10.879205703735352 -3.646255126742193e-24
v -11.667262077331543 -11.667262077331543 1.8034344791762046e-23
v -10.879205703735352 -12.405356407165527 1.8113579558804255e-23
v -4.050000190734863 -4.959819422097685e-16 1.1368061817804365e-39
v -2.0250000953674316 -3.5074028968811035 -1.0113586305005324e-24
v -10.044563293457031 -13.090330123901367 -2.179013996051187e-23
v -9.166909217834473 -13.71924877166748 -2.5332780968366453e-24
v -8.25 -14.289419174194336 2.018662555391274e-23
v -7.297763347625732 -14.798399925231934 -5.121183391410216e-23
v -6.314276695251465 -15.244011878967285 2.1461099766056945e-23
v -5.303750991821289 -15.624346733093262 -3.8700824967989866e-23
v -4.270514011383057 -15.937776565551758 3.6713283606398285e-23
v -3.2189903259277344 -16.18295669555664 -3.393083550960808e-23
v -2.153682231903076 -16.358840942382812 -4.2102131289482335e-23
v -1.0791516304016113 -16.464672088623047 2.1059558521246777e-23
v -3.0310008873563965e-15 -16.5 1.547080717389248e-23
v -13.366279602050781 10.256306648254395 3.299999952316284
v -13.504253387451172 10.362177848815918 3.4000000953674316
v -11.667262077331543 11.667262077331543 3.0999999046325684
v -12.405356407165527 10.879205703735352 3.0999999046325684
v -10.879205703735352 12.405356407165527 3.0999999046325684
v -10.256306648254395 13.366279602050781 3.299999952316284
v -10.362177848815918 13.504253387451172 3.4000000953674316
v -11.790237426757812 11.790237426757812 3.200000047683716
v -11.913211822509766 11.913211822509766 3.299999952316284
v -12.536111831665039 10.993874549865723 3.200000047683716
v -12.666866302490234 11.108543395996094 3.299999952316284
v -12.036187171936035 12.036187171936035 3.4000000953674316
v -12.79762077331543 11.223212242126465 3.4000000953674316
v -10.993874549865723 12.536111831665039 3.200000047683716
v -11.108543395996094 12.666866302490234 3.299999952316284
v -11.223212242126465 12.79762077331543 3.4000000953674316
v -13.642228126525879 10.468050003051758 3.5
v -13.780202865600586 10.573921203613281 3.5999999046325684
v -12.928376197814941 11.337881088256836 3.5
v -13.059130668640137 11.452549934387207 3.5999999046325684
v -13.189885139465332 11.567218780517578 3.700000047683716
v -13.320639610290527 11.68188762664795 3.799999952316284
v -13.918177604675293 10.679792404174805 3.700000047683716
v -14.056151390075684 10.785664558410645 3.799999952316284
v -12.897012710571289 12.897012710571289 4.099999904632568
v -13.019988059997559 13.019988059997559 4.199999809265137
v -14.19412612915039 10.891535758972168 3.9000000953674316
v -14.332100868225098 10.997406959533691 4
v -14.470075607299805 11.103279113769531 4.099999904632568
v -14.608049392700195 11.209150314331055 4.199999809265137
v -13.582149505615234 11.911225318908691 4
v -13.451395034790039 11.79655647277832 3.9000000953674316
v -13.71290397644043 12.025894165039062 4.099999904632568
v -13.843659400939941 12.140563011169434 4.199999809265137
v -11.567218780517578 13.189885139465332 3.700000047683716
v -11.68188762664795 13.320639610290527 3.799999952316284
v -11.337881088256836 12.928376197814941 3.5
v -11.452549934387207 13.059130668640137 3.5999999046325684
v -10.468050003051758 13.642228126525879 3.5
v -10.573921203613281 13.780202865600586 3.5999999046325684
v -10.679792404174805 13.918177604675293 3.700000047683716
v -10.785664558410645 14.056151390075684 3.799999952316284
v -12.282136917114258 12.282136917114258 3.5999999046325684
v -12.159162521362305 12.159162521362305 3.5
v -12.405112266540527 12.405112266540527 3.700000047683716
v -12.528087615966797 12.528087615966797 3.799999952316284
v -11.79655647277832 13.451395034790039 3.9000000953674316
v -11.911225318908691 13.582149505615234 4
v -12.025894165039062 13.71290397644043 4.099999904632568
v -12.140563011169434 13.843659400939941 4.199999809265137
v -10.891535758972168 14.19412612915039 3.9000000953674316
v -10.997406959533691 14.332100868225098 4
v -11.103279113769531 14.470075607299805 4.099999904632568
v -11.209150314331055 14.608049392700195 4.199999809265137
v -12.651062965393066 12.651062965393066 3.9000000953674316
v -12.77403736114502 12.77403736114502 4
v -15.624346733093262 5.303750991821289 3.0999999046325684
v -15.565361976623535 6.447383880615234 3.299999952316284
v -15.40468692779541 6.38083028793335 3.200000047683716
v -15.789031028747559 5.359653472900391 3.200000047683716
v -15.953714370727539 5.415555953979492 3.299999952316284
v -15.726036071777344 6.513937950134277 3.4000000953674316
v -16.118396759033203 5.471458911895752 3.4000000953674316
v -15.937776565551758 4.270514011383057 3.0999999046325684
v -16.18295669555664 3.2189903259277344 3.0999999046325684
v -16.358840942382812 2.153682231903076 3.0999999046325684
v -16.464672088623047 1.0791516304016113 3.0999999046325684
v -16.5 2.2104874828894443e-15 3.0999999046325684
v -16.694671630859375 3.3207767009735107 3.4000000953674316
v -16.105762481689453 4.315526008605957 3.200000047683716
v -16.27375030517578 4.360538005828857 3.299999952316284
v -16.35352897644043 3.2529191970825195 3.200000047683716
v -16.524099349975586 3.2868478298187256 3.299999952316284
v -16.44173812866211 4.405550003051758 3.4000000953674316
v -16.703691482543945 2.199082612991333 3.299999952316284
v -16.673913955688477 2.231721116569452e-15 3.200000047683716
v -16.81175422668457 1.101900577545166 3.299999952316284
v -16.84782600402832 2.25282578948324e-15 3.299999952316284
v -16.876115798950195 2.221782684326172 3.4000000953674316
v -16.985294342041016 1.1132750511169434 3.4000000953674316
v -17.021739959716797 2.273801289872572e-15 3.4000000953674316
v -16.531265258789062 2.176382303237915 3.200000047683716
v -16.638212203979492 1.0905261039733887 3.200000047683716
v -15.734267234802246 7.759282112121582 3.700000047683716
v -15.89024543762207 7.8362016677856445 3.799999952316284
v -16.777132034301758 5.695068836212158 3.799999952316284
v -16.047386169433594 6.647045135498047 3.5999999046325684
v -15.422311782836914 7.605442523956299 3.5
v -15.886711120605469 6.580491542816162 3.5
v -15.578289985656738 7.6823625564575195 3.5999999046325684
v -16.2830810546875 5.5273613929748535 3.5
v -16.447765350341797 5.583263874053955 3.5999999046325684
v -16.20806121826172 6.713598728179932 3.700000047683716
v -16.36873435974121 6.780152320861816 3.799999952316284
v -16.61244773864746 5.639166355133057 3.700000047683716
v -15.644937515258789 9.032608985900879 4
v -16.046222686767578 7.913121700286865 3.9000000953674316
v -16.20220184326172 7.990041255950928 4
v -15.49432373046875 8.94565200805664 3.9000000953674316
v -15.795550346374512 9.1195650100708 4.099999904632568
v -15.946163177490234 9.206521987915039 4.199999809265137
v -16.358179092407227 8.066961288452148 4.099999904632568
v -16.514156341552734 8.143880844116211 4.199999809265137
v -16.69008445739746 6.913259506225586 4
v -16.941814422607422 5.75097131729126 3.9000000953674316
v -17.10649871826172 5.806873798370361 4
v -16.850759506225586 6.979813098907471 4.099999904632568
v -17.01143455505371 7.0463666915893555 4.199999809265137
v -17.43586540222168 5.9186787605285645 4.199999809265137
v -17.271183013916016 5.862776279449463 4.099999904632568
v -16.529409408569336 6.846705913543701 3.9000000953674316
v -18.059242248535156 3.5922067165374756 4.199999809265137
v -18.026538848876953 1.1815217733383179 4
v -18.065217971801758 2.3969435750191125e-15 4
v -18.083091735839844 2.3806841373443604 4.099999904632568
v -18.255517959594727 2.4033844470977783 4.199999809265137
v -18.2000789642334 1.1928962469100952 4.099999904632568
v -18.2391300201416 2.417015291253724e-15 4.099999904632568
v -18.373619079589844 1.2042707204818726 4.199999809265137
v -18.413043975830078 2.436958258480353e-15 4.199999809265137
v -16.777711868286133 4.495573997497559 3.5999999046325684
v -16.86524200439453 3.354705333709717 3.5
v -17.03581428527832 3.388634204864502 3.5999999046325684
v -16.94569969177246 4.540585994720459 3.700000047683716
v -17.113685607910156 4.585597991943359 3.799999952316284
v -17.376956939697266 3.456491708755493 3.799999952316284
v -17.206384658813477 3.422562837600708 3.700000047683716
v -16.609724044799805 4.450562000274658 3.5
v -17.048540115356445 2.24448299407959 3.5
v -17.220966339111328 2.2671830654144287 3.5999999046325684
v -17.33237648010254 1.1360238790512085 3.5999999046325684
v -17.369565963745117 2.3153649848361036e-15 3.5999999046325684
v -17.15883445739746 1.1246495246887207 3.5
v -17.19565200805664 2.2946474059792107e-15 3.5
v -17.393390655517578 2.2898833751678467 3.700000047683716
v -17.56581687927246 2.3125836849212646 3.799999952316284
v -17.505916595458984 1.1473983526229858 3.700000047683716
v -17.54347801208496 2.3359531794103034e-15 3.700000047683716
v -17.67945671081543 1.1587728261947632 3.799999952316284
v -17.717391967773438 2.356412413218284e-15 3.799999952316284
v -17.44965934753418 4.67562198638916 4
v -17.281673431396484 4.63060998916626 3.9000000953674316
v -17.547527313232422 3.490420341491699 3.9000000953674316
v -17.71809959411621 3.5243492126464844 4
v -17.617647171020508 4.7206339836120605 4.099999904632568
v -17.785634994506836 4.765645980834961 4.199999809265137
v -17.888669967651367 3.5582778453826904 4.099999904632568
v -17.73824119567871 2.3352837562561035 3.9000000953674316
v -17.910667419433594 2.3579840660095215 4
v -17.852996826171875 1.1701472997665405 3.9000000953674316
v -17.89130401611328 2.376742474501808e-15 3.9000000953674316
v -14.289419174194336 8.25 3.0999999046325684
v -13.71924877166748 9.166909217834473 3.0999999046325684
v -13.090330123901367 10.044563293457031 3.0999999046325684
v -14.798399925231934 7.297763347625732 3.0999999046325684
v -15.244011878967285 6.314276695251465 3.0999999046325684
v -14.440032005310059 8.336956977844238 3.200000047683716
v -14.590645790100098 8.42391300201416 3.299999952316284
v -14.153059005737305 9.456771850585938 3.4000000953674316
v -14.74125862121582 8.510869979858398 3.4000000953674316
v -13.863851547241211 9.263529777526855 3.200000047683716
v -14.008455276489258 9.360151290893555 3.299999952316284
v -13.228304862976074 10.150434494018555 3.200000047683716
v -14.954378128051758 7.374683380126953 3.200000047683716
v -15.110356330871582 7.451602935791016 3.299999952316284
v -15.26633358001709 7.528522968292236 3.4000000953674316
v -14.297661781311035 9.55339241027832 3.5
v -14.442265510559082 9.65001392364502 3.5999999046325684
v -14.891871452331543 8.59782600402832 3.5
v -15.042484283447266 8.684782981872559 3.5999999046325684
v -14.586869239807129 9.746634483337402 3.700000047683716
v -14.73147201538086 9.843255043029785 3.799999952316284
v -15.193098068237305 8.77173900604248 3.700000047683716
v -15.343710899353027 8.858695983886719 3.799999952316284
v -14.876075744628906 9.939876556396484 3.9000000953674316
v -15.020679473876953 10.036497116088867 4
v -15.165282249450684 10.13311767578125 4.099999904632568
v -15.30988597869873 10.22973918914795 4.199999809265137
v -15.454489707946777 10.326359748840332 4.300000190734863
v -15.599092483520508 10.422981262207031 4.400000095367432
v -15.743696212768555 10.519601821899414 4.5
v -16.03290367126465 10.712843894958496 4.699999809265137
v -15.888299942016602 10.616222381591797 4.599999904632568
v -15.435896873474121 11.844379425048828 4.800000190734863
v -16.177507400512695 10.809464454650879 4.800000190734863
v -16.75592041015625 11.195947647094727 5.199999809265137
v -15.573870658874512 11.950251579284668 4.900000095367432
v -15.711845397949219 12.056122779846191 5
v -16.32210922241211 10.906085014343262 4.900000095367432
v -16.466712951660156 11.002706527709961 5
v -15.849820137023926 12.161993980407715 5.099999904632568
v -15.987794876098633 12.267866134643555 5.199999809265137
v -16.611316680908203 11.099327087402344 5.099999904632568
v -15.412715911865234 13.516589164733887 5.400000095367432
v -15.412715911865234 13.516589164733887 5.5
v -15.412715911865234 13.516589164733887 5.599999904632568
v -16.900524139404297 11.292569160461426 5.300000190734863
v -17.04512596130371 11.389189720153809 5.400000095367432
v -17.04512596130371 11.389189720153809 5.5
v -17.04512596130371 11.389189720153809 5.599999904632568
v -16.125768661499023 12.373737335205078 5.300000190734863
v -16.263744354248047 12.479609489440918 5.400000095367432
v -16.263744354248047 12.479609489440918 5.5
v -16.263744354248047 12.479609489440918 5.599999904632568
v -10.326359748840332 15.454489707946777 4.300000190734863
v -10.422981262207031 15.599092483520508 4.400000095367432
v -10.519601821899414 15.743696212768555 4.5
v -11.844379425048828 15.435896873474121 4.800000190734863
v -10.616222381591797 15.888299942016602 4.599999904632568
v -10.712843894958496 16.03290367126465 4.699999809265137
v -10.809464454650879 16.177507400512695 4.800000190734863
v -13.142963409423828 13.142963409423828 4.300000190734863
v -13.265937805175781 13.265937805175781 4.400000095367432
v -13.38891315460205 13.38891315460205 4.5
v -14.746024131774902 11.315022468566895 4.300000190734863
v -14.105168342590332 12.369900703430176 4.400000095367432
v -14.235922813415527 12.484569549560547 4.5
v -14.88399887084961 11.420893669128418 4.400000095367432
v -15.021973609924316 11.526764869689941 4.5
v -13.974413871765137 12.255231857299805 4.300000190734863
v -14.62818717956543 12.82857608795166 4.800000190734863
v -13.51188850402832 13.51188850402832 4.599999904632568
v -13.63486385345459 13.63486385345459 4.699999809265137
v -12.82857608795166 14.62818717956543 4.800000190734863
v -13.757838249206543 13.757838249206543 4.800000190734863
v -15.159947395324707 11.632637023925781 4.599999904632568
v -15.297922134399414 11.738508224487305 4.699999809265137
v -14.366678237915039 12.599238395690918 4.599999904632568
v -14.497432708740234 12.713907241821289 4.699999809265137
v -12.255231857299805 13.974413871765137 4.300000190734863
v -12.369900703430176 14.105168342590332 4.400000095367432
v -12.484569549560547 14.235922813415527 4.5
v -11.315022468566895 14.746024131774902 4.300000190734863
v -11.420893669128418 14.88399887084961 4.400000095367432
v -11.526764869689941 15.021973609924316 4.5
v -12.599238395690918 14.366678237915039 4.599999904632568
v -12.713907241821289 14.497432708740234 4.699999809265137
v -11.632637023925781 15.159947395324707 4.599999904632568
v -11.738508224487305 15.297922134399414 4.699999809265137
v -13.516589164733887 15.412715911865234 5.400000095367432
v -13.516589164733887 15.412715911865234 5.5
v -13.516589164733887 15.412715911865234 5.599999904632568
v -11.950251579284668 15.573870658874512 4.900000095367432
v -12.056122779846191 15.711845397949219 5
v -12.267866134643555 15.987794876098633 5.199999809265137
v -12.161993980407715 15.849820137023926 5.099999904632568
v -10.906085014343262 16.32210922241211 4.900000095367432
v -11.002706527709961 16.466712951660156 5
v -11.195947647094727 16.75592041015625 5.199999809265137
v -11.099327087402344 16.611316680908203 5.099999904632568
v -12.373737335205078 16.125768661499023 5.300000190734863
v -12.479609489440918 16.263744354248047 5.400000095367432
v -12.479609489440918 16.263744354248047 5.5
v -12.479609489440918 16.263744354248047 5.599999904632568
v -11.292569160461426 16.900524139404297 5.300000190734863
v -11.389189720153809 17.04512596130371 5.400000095367432
v -11.389189720153809 17.04512596130371 5.5
v -11.389189720153809 17.04512596130371 5.599999904632568
v -14.758942604064941 12.943244934082031 4.900000095367432
v -14.889697074890137 13.057913780212402 5
v -14.126763343811035 14.126763343811035 5.099999904632568
v -14.249738693237305 14.249738693237305 5.199999809265137
v -15.020451545715332 13.172582626342773 5.099999904632568
v -15.151206016540527 13.287251472473145 5.199999809265137
v -12.943244934082031 14.758942604064941 4.900000095367432
v -13.057913780212402 14.889697074890137 5
v -13.880813598632812 13.880813598632812 4.900000095367432
v -14.003788948059082 14.003788948059082 5
v -13.172582626342773 15.020451545715332 5.099999904632568
v -13.287251472473145 15.151206016540527 5.199999809265137
v -14.372714042663574 14.372714042663574 5.300000190734863
v -14.495689392089844 14.495689392089844 5.400000095367432
v -15.281961441040039 13.401920318603516 5.300000190734863
v -14.495689392089844 14.495689392089844 5.5
v -14.495689392089844 14.495689392089844 5.599999904632568
v -13.401920318603516 15.281961441040039 5.300000190734863
v -18.0945987701416 6.142288684844971 4.599999904632568
v -18.2592830657959 6.198191165924072 4.699999809265137
v -17.975482940673828 7.445688724517822 4.800000190734863
v -18.423967361450195 6.254094123840332 4.800000190734863
v -16.670135498046875 8.220800399780273 4.300000190734863
v -16.826112747192383 8.297720909118652 4.400000095367432
v -16.98208999633789 8.374640464782715 4.5
v -16.096776962280273 9.293478012084961 4.300000190734863
v -16.24738883972168 9.3804349899292 4.400000095367432
v -16.39800262451172 9.467391014099121 4.5
v -17.172109603881836 7.112920761108398 4.300000190734863
v -17.600549697875977 5.974581241607666 4.300000190734863
v -17.332782745361328 7.179474353790283 4.400000095367432
v -17.493457794189453 7.246027946472168 4.5
v -17.76523208618164 6.030483722686768 4.400000095367432
v -17.929916381835938 6.086386203765869 4.5
v -16.699228286743164 9.641304016113281 4.699999809265137
v -17.13806915283203 8.451560020446777 4.599999904632568
v -17.29404640197754 8.52847957611084 4.699999809265137
v -16.849842071533203 9.72826099395752 4.800000190734863
v -17.450023651123047 8.605400085449219 4.800000190734863
v -16.548616409301758 9.55434799194336 4.599999904632568
v -17.654132843017578 7.312581539154053 4.599999904632568
v -17.814807891845703 7.3791351318359375 4.699999809265137
v -17.95362091064453 4.810657978057861 4.300000190734863
v -18.229812622070312 3.6261353492736816 4.300000190734863
v -18.12160873413086 4.855669975280762 4.400000095367432
v -18.289594650268555 4.900681972503662 4.5
v -18.4003849029541 3.660064220428467 4.400000095367432
v -18.570955276489258 3.693992853164673 4.5
v -18.427942276000977 2.426084518432617 4.300000190734863
v -18.586956024169922 2.4567722649407623e-15 4.300000190734863
v -18.547161102294922 1.2156450748443604 4.300000190734863
v -18.60036849975586 2.448784828186035 4.400000095367432
v -18.77279281616211 2.471485137939453 4.5
v -18.720701217651367 1.2270195484161377 4.400000095367432
v -18.7608699798584 2.4764568871184786e-15 4.400000095367432
v -18.894241333007812 1.238394021987915 4.5
v -18.934782028198242 2.4960125485299755e-15 4.5
v -18.62557029724121 4.990705966949463 4.699999809265137
v -18.457582473754883 4.9456939697265625 4.599999904632568
v -18.741527557373047 3.727921724319458 4.599999904632568
v -18.912097930908203 3.761850357055664 4.699999809265137
v -18.793556213378906 5.035717964172363 4.800000190734863
v -19.082670211791992 3.795779228210449 4.800000190734863
v -19.241323471069336 1.2611429691314697 4.699999809265137
v -19.282608032226562 2.534736565537837e-15 4.699999809265137
v -19.290067672729492 2.539585590362549 4.800000190734863
v -19.41486358642578 1.272517442703247 4.800000190734863
v -19.45652198791504 2.553904709375965e-15 4.800000190734863
v -18.945219039916992 2.494185209274292 4.599999904632568
v -19.117643356323242 2.51688551902771 4.699999809265137
v -19.06778335571289 1.2497684955596924 4.599999904632568
v -19.10869598388672 2.515439037417016e-15 4.599999904632568
v -18.618181228637695 7.711903095245361 5.199999809265137
v -18.07393455505371 8.913078308105469 5.199999809265137
v -19.297517776489258 5.1707539558410645 5.099999904632568
v -19.465505599975586 5.215765953063965 5.199999809265137
v -18.13615608215332 7.512242317199707 4.900000095367432
v -18.296831130981445 7.578795909881592 5
v -18.58864974975586 6.309996604919434 4.900000095367432
v -18.753334045410156 6.365899085998535 5
v -19.129531860351562 5.125741958618164 5
v -18.91801643371582 6.421801567077637 5.099999904632568
v -19.082700729370117 6.477704048156738 5.199999809265137
v -18.45750617980957 7.645349502563477 5.099999904632568
v -18.22991371154785 8.989998817443848 5.300000190734863
v -18.38589096069336 9.06691837310791 5.400000095367432
v -18.77885627746582 7.778457164764404 5.300000190734863
v -18.939529418945312 7.845010757446289 5.400000095367432
v -18.38589096069336 9.06691837310791 5.5
v -18.38589096069336 9.06691837310791 5.599999904632568
v -18.939529418945312 7.845010757446289 5.5
v -18.939529418945312 7.845010757446289 5.599999904632568
v -19.247385025024414 6.53360652923584 5.300000190734863
v -19.412067413330078 6.589509010314941 5.400000095367432
v -19.633493423461914 5.260777950286865 5.300000190734863
v -19.80147933959961 5.305789947509766 5.400000095367432
v -19.412067413330078 6.589509010314941 5.5
v -19.412067413330078 6.589509010314941 5.599999904632568
v -19.80147933959961 5.305789947509766 5.5
v -19.80147933959961 5.305789947509766 5.599999904632568
v -17.000455856323242 9.815217018127441 4.900000095367432
v -17.15106773376465 9.90217399597168 5
v -17.606000900268555 8.682319641113281 4.900000095367432
v -17.761980056762695 8.759239196777344 5
v -17.301681518554688 9.989130020141602 5.099999904632568
v -17.452295303344727 10.07608699798584 5.199999809265137
v -17.917957305908203 8.836158752441406 5.099999904632568
v -17.602907180786133 10.163043975830078 5.300000190734863
v -17.753520965576172 10.25 5.400000095367432
v -17.753520965576172 10.25 5.5
v -17.753520965576172 10.25 5.599999904632568
v -19.423812866210938 3.8636367321014404 5
v -19.25324058532715 3.8297078609466553 4.900000095367432
v -19.634918212890625 2.5849859714508057 5
v -19.594383239746094 3.8975653648376465 5.099999904632568
v -19.764955520629883 3.9314942359924316 5.199999809265137
v -19.979768753051758 2.6303863525390625 5.199999809265137
v -19.807344436645508 2.6076862812042236 5.099999904632568
v -18.961544036865234 5.080729961395264 4.900000095367432
v -19.462493896484375 2.562285900115967 4.900000095367432
v -19.588403701782227 1.2838919162750244 4.900000095367432
v -19.761945724487305 1.2952662706375122 5
v -19.630434036254883 2.5729441042061105e-15 4.900000095367432
v -19.80434799194336 2.5918543265117996e-15 5
v -19.93548583984375 1.3066407442092896 5.099999904632568
v -20.109025955200195 1.318015217781067 5.199999809265137
v -19.978260040283203 2.610635588051269e-15 5.099999904632568
v -20.15217399597168 2.6292876770662825e-15 5.199999809265137
v -19.935527801513672 3.9654228687286377 5.300000190734863
v -20.106098175048828 3.999351739883423 5.400000095367432
v -20.15219497680664 2.6530866622924805 5.300000190734863
v -20.32461929321289 2.6757869720458984 5.400000095367432
v -20.106098175048828 3.999351739883423 5.5
v -20.106098175048828 3.999351739883423 5.599999904632568
v -20.32461929321289 2.6757869720458984 5.5
v -20.32461929321289 2.6757869720458984 5.599999904632568
v -20.282567977905273 1.3293896913528442 5.300000190734863
v -20.45610809326172 1.3407641649246216 5.400000095367432
v -20.326087951660156 2.6478105935568395e-15 5.300000190734863
v -20.5 2.6662043375229403e-15 5.400000095367432
v -20.45610809326172 1.3407641649246216 5.5
v -20.45610809326172 1.3407641649246216 5.599999904632568
v -20.5 2.664720124041114e-15 5.5
v -20.5 2.6632356988010508e-15 5.599999904632568
v -5.303750991821289 15.624346733093262 3.0999999046325684
v -6.447383880615234 15.565361976623535 3.299999952316284
v -6.513937950134277 15.726036071777344 3.4000000953674316
v -6.38083028793335 15.40468692779541 3.200000047683716
v -5.359653472900391 15.789031028747559 3.200000047683716
v -5.415555953979492 15.953714370727539 3.299999952316284
v -5.471458911895752 16.118396759033203 3.4000000953674316
v -10.044563293457031 13.090330123901367 3.0999999046325684
v -9.166909217834473 13.71924877166748 3.0999999046325684
v -8.25 14.289419174194336 3.0999999046325684
v -10.150434494018555 13.228304862976074 3.200000047683716
v -9.263529777526855 13.863851547241211 3.200000047683716
v -9.360151290893555 14.008455276489258 3.299999952316284
v -9.456771850585938 14.153059005737305 3.4000000953674316
v -8.336956977844238 14.440032005310059 3.200000047683716
v -8.42391300201416 14.590645790100098 3.299999952316284
v -8.510869979858398 14.74125862121582 3.4000000953674316
v -7.297763347625732 14.798399925231934 3.0999999046325684
v -6.314276695251465 15.244011878967285 3.0999999046325684
v -7.374683380126953 14.954378128051758 3.200000047683716
v -7.451602935791016 15.110356330871582 3.299999952316284
v -7.528522968292236 15.26633358001709 3.4000000953674316
v -7.759282112121582 15.734267234802246 3.700000047683716
v -7.8362016677856445 15.89024543762207 3.799999952316284
v -9.032608985900879 15.644937515258789 4
v -9.1195650100708 15.795550346374512 4.099999904632568
v -9.206521987915039 15.946163177490234 4.199999809265137
v -8.94565200805664 15.49432373046875 3.9000000953674316
v -7.913121700286865 16.046222686767578 3.9000000953674316
v -7.990041255950928 16.20220184326172 4
v -8.066961288452148 16.358179092407227 4.099999904632568
v -8.143880844116211 16.514156341552734 4.199999809265137
v -7.605442523956299 15.422311782836914 3.5
v -7.6823625564575195 15.578289985656738 3.5999999046325684
v -6.580491542816162 15.886711120605469 3.5
v -6.647045135498047 16.047386169433594 3.5999999046325684
v -6.713598728179932 16.20806121826172 3.700000047683716
v -6.780152320861816 16.36873435974121 3.799999952316284
v -5.5273613929748535 16.2830810546875 3.5
v -5.583263874053955 16.447765350341797 3.5999999046325684
v -5.695068836212158 16.777132034301758 3.799999952316284
v -5.639166355133057 16.61244773864746 3.700000047683716
v -6.913259506225586 16.69008445739746 4
v -6.846705913543701 16.529409408569336 3.9000000953674316
v -6.979813098907471 16.850759506225586 4.099999904632568
v -7.0463666915893555 17.01143455505371 4.199999809265137
v -5.806873798370361 17.10649871826172 4
v -5.75097131729126 16.941814422607422 3.9000000953674316
v -5.862776279449463 17.271183013916016 4.099999904632568
v -5.9186787605285645 17.43586540222168 4.199999809265137
v -9.65001392364502 14.442265510559082 3.5999999046325684
v -9.55339241027832 14.297661781311035 3.5
v -9.746634483337402 14.586869239807129 3.700000047683716
v -9.843255043029785 14.73147201538086 3.799999952316284
v -8.59782600402832 14.891871452331543 3.5
v -8.684782981872559 15.042484283447266 3.5999999046325684
v -8.77173900604248 15.193098068237305 3.700000047683716
v -8.858695983886719 15.343710899353027 3.799999952316284
v -9.939876556396484 14.876075744628906 3.9000000953674316
v -10.036497116088867 15.020679473876953 4
v -10.13311767578125 15.165282249450684 4.099999904632568
v -10.22973918914795 15.30988597869873 4.199999809265137
v -4.270514011383057 15.937776565551758 3.0999999046325684
v -3.2189903259277344 16.18295669555664 3.0999999046325684
v -4.315526008605957 16.105762481689453 3.200000047683716
v -4.360538005828857 16.27375030517578 3.299999952316284
v -4.405550003051758 16.44173812866211 3.4000000953674316
v -3.2529191970825195 16.35352897644043 3.200000047683716
v -3.2868478298187256 16.524099349975586 3.299999952316284
v -3.3207767009735107 16.694671630859375 3.4000000953674316
v -2.153682231903076 16.358840942382812 3.0999999046325684
v -1.0791516304016113 16.464672088623047 3.0999999046325684
v -2.199082612991333 16.703691482543945 3.299999952316284
v -2.176382303237915 16.531265258789062 3.200000047683716
v -2.221782684326172 16.876115798950195 3.4000000953674316
v -1.101900577545166 16.81175422668457 3.299999952316284
v -1.0905261039733887 16.638212203979492 3.200000047683716
v -1.1132750511169434 16.985294342041016 3.4000000953674316
v -4.495573997497559 16.777711868286133 3.5999999046325684
v -4.450562000274658 16.609724044799805 3.5
v -4.540585994720459 16.94569969177246 3.700000047683716
v -4.585597991943359 17.113685607910156 3.799999952316284
v -3.354705333709717 16.86524200439453 3.5
v -3.388634204864502 17.03581428527832 3.5999999046325684
v -3.422562837600708 17.206384658813477 3.700000047683716
v -3.456491708755493 17.376956939697266 3.799999952316284
v -3.5922067165374756 18.059242248535156 4.199999809265137
v -4.63060998916626 17.281673431396484 3.9000000953674316
v -4.67562198638916 17.44965934753418 4
v -4.7206339836120605 17.617647171020508 4.099999904632568
v -4.765645980834961 17.785634994506836 4.199999809265137
v -3.490420341491699 17.547527313232422 3.9000000953674316
v -3.5243492126464844 17.71809959411621 4
v -3.5582778453826904 17.888669967651367 4.099999904632568
v -2.24448299407959 17.048540115356445 3.5
v -2.2671830654144287 17.220966339111328 3.5999999046325684
v -2.2898833751678467 17.393390655517578 3.700000047683716
v -2.3125836849212646 17.56581687927246 3.799999952316284
v -1.1246495246887207 17.15883445739746 3.5
v -1.1360238790512085 17.33237648010254 3.5999999046325684
v -1.1473983526229858 17.505916595458984 3.700000047683716
v -1.1587728261947632 17.67945671081543 3.799999952316284
v -2.3806841373443604 18.083091735839844 4.099999904632568
v -2.4033844470977783 18.255517959594727 4.199999809265137
v -1.1815217733383179 18.026538848876953 4
v -1.1928962469100952 18.2000789642334 4.099999904632568
v -1.2042707204818726 18.373619079589844 4.199999809265137
v -2.3352837562561035 17.73824119567871 3.9000000953674316
v -2.3579840660095215 17.910667419433594 4
v -1.1701472997665405 17.852996826171875 3.9000000953674316
v -2.835003137588501 2.1044366359710693 3.140000104904175
v -2.0250000953674316 3.5074028968811035 3.0999999046325684
v -2.0250000953674316 3.5074028968811035 3.140000104904175
v -2.0250000953674316 3.5074028968811035 3.200000047683716
v -2.0250000953674316 3.5074028968811035 3.299999952316284
v -2.0250000953674316 3.5074028968811035 3.4000000953674316
v -2.0250000953674316 3.5074028968811035 3.5
v -2.0250000953674316 3.5074028968811035 3.5999999046325684
v -2.0250000953674316 3.5074028968811035 3.700000047683716
v -2.0250000953674316 3.5074028968811035 3.799999952316284
v -2.0250000953674316 3.5074028968811035 3.9000000953674316
v -2.0250000953674316 3.5074028968811035 4
v -2.0250000953674316 3.5074028968811035 4.099999904632568
v -2.0250000953674316 3.5074028968811035 4.199999809265137
v -9.293478012084961 16.096776962280273 4.300000190734863
v -9.3804349899292 16.24738883972168 4.400000095367432
v -9.467391014099121 16.39800262451172 4.5
v -8.220800399780273 16.670135498046875 4.300000190734863
v -8.374640464782715 16.98208999633789 4.5
v -8.297720909118652 16.826112747192383 4.400000095367432
v -9.641304016113281 16.699228286743164 4.699999809265137
v -9.55434799194336 16.548616409301758 4.599999904632568
v -9.72826099395752 16.849842071533203 4.800000190734863
v -8.451560020446777 17.13806915283203 4.599999904632568
v -8.52847957611084 17.29404640197754 4.699999809265137
v -8.605400085449219 17.450023651123047 4.800000190734863
v -7.112920761108398 17.172109603881836 4.300000190734863
v -7.179474353790283 17.332782745361328 4.400000095367432
v -7.246027946472168 17.493457794189453 4.5
v -5.974581241607666 17.600549697875977 4.300000190734863
v -6.030483722686768 17.76523208618164 4.400000095367432
v -6.086386203765869 17.929916381835938 4.5
v -7.445688724517822 17.975482940673828 4.800000190734863
v -6.142288684844971 18.0945987701416 4.599999904632568
v -6.198191165924072 18.2592830657959 4.699999809265137
v -6.254094123840332 18.423967361450195 4.800000190734863
v -7.312581539154053 17.654132843017578 4.599999904632568
v -7.3791351318359375 17.814807891845703 4.699999809265137
v -8.913078308105469 18.07393455505371 5.199999809265137
v -7.711903095245361 18.618181228637695 5.199999809265137
v -9.815217018127441 17.000455856323242 4.900000095367432
v -9.90217399597168 17.15106773376465 5
v -9.989130020141602 17.301681518554688 5.099999904632568
v -10.07608699798584 17.452295303344727 5.199999809265137
v -8.682319641113281 17.606000900268555 4.900000095367432
v -8.759239196777344 17.761980056762695 5
v -8.836158752441406 17.917957305908203 5.099999904632568
v -8.989998817443848 18.22991371154785 5.300000190734863
v -9.06691837310791 18.38589096069336 5.400000095367432
v -9.06691837310791 18.38589096069336 5.5
v -9.06691837310791 18.38589096069336 5.599999904632568
v -7.778457164764404 18.77885627746582 5.300000190734863
v -7.845010757446289 18.939529418945312 5.400000095367432
v -7.845010757446289 18.939529418945312 5.5
v -7.845010757446289 18.939529418945312 5.599999904632568
v -10.163043975830078 17.602907180786133 5.300000190734863
v -10.25 17.753520965576172 5.400000095367432
v -10.25 17.753520965576172 5.5
v -10.25 17.753520965576172 5.599999904632568
v -7.512242317199707 18.13615608215332 4.900000095367432
v -7.578795909881592 18.296831130981445 5
v -7.645349502563477 18.45750617980957 5.099999904632568
v -6.421801567077637 18.91801643371582 5.099999904632568
v -6.477704048156738 19.082700729370117 5.199999809265137
v -6.309996604919434 18.58864974975586 4.900000095367432
v -6.365899085998535 18.753334045410156 5
v -5.125741958618164 19.129531860351562 5
v -5.1707539558410645 19.297517776489258 5.099999904632568
v -5.215765953063965 19.465505599975586 5.199999809265137
v -6.53360652923584 19.247385025024414 5.300000190734863
v -6.589509010314941 19.412067413330078 5.400000095367432
v -6.589509010314941 19.412067413330078 5.5
v -6.589509010314941 19.412067413330078 5.599999904632568
v -5.260777950286865 19.633493423461914 5.300000190734863
v -5.305789947509766 19.80147933959961 5.400000095367432
v -5.305789947509766 19.80147933959961 5.5
v -5.305789947509766 19.80147933959961 5.599999904632568
v -4.810657978057861 17.95362091064453 4.300000190734863
v -4.855669975280762 18.12160873413086 4.400000095367432
v -4.900681972503662 18.289594650268555 4.5
v -3.6261353492736816 18.229812622070312 4.300000190734863
v -3.660064220428467 18.4003849029541 4.400000095367432
v -3.693992853164673 18.570955276489258 4.5
v -4.9456939697265625 18.457582473754883 4.599999904632568
v -4.990705966949463 18.62557029724121 4.699999809265137
v -5.035717964172363 18.793556213378906 4.800000190734863
v -3.727921724319458 18.741527557373047 4.599999904632568
v -3.761850357055664 18.912097930908203 4.699999809265137
v -3.795779228210449 19.082670211791992 4.800000190734863
v -2.426084518432617 18.427942276000977 4.300000190734863
v -2.448784828186035 18.60036849975586 4.400000095367432
v -2.471485137939453 18.77279281616211 4.5
v -1.2156450748443604 18.547161102294922 4.300000190734863
v -1.2270195484161377 18.720701217651367 4.400000095367432
v -1.238394021987915 18.894241333007812 4.5
v -2.494185209274292 18.945219039916992 4.599999904632568
v -2.51688551902771 19.117643356323242 4.699999809265137
v -2.539585590362549 19.290067672729492 4.800000190734863
v -1.2611429691314697 19.241323471069336 4.699999809265137
v -1.2497684955596924 19.06778335571289 4.599999904632568
v -1.272517442703247 19.41486358642578 4.800000190734863
v -3.8636367321014404 19.423812866210938 5
v -5.080729961395264 18.961544036865234 4.900000095367432
v -3.8975653648376465 19.594383239746094 5.099999904632568
v -3.9314942359924316 19.764955520629883 5.199999809265137
v -3.8297078609466553 19.25324058532715 4.900000095367432
v -2.5849859714508057 19.634918212890625 5
v -2.6076862812042236 19.807344436645508 5.099999904632568
v -2.6303863525390625 19.979768753051758 5.199999809265137
v -3.9654228687286377 19.935527801513672 5.300000190734863
v -3.999351739883423 20.106098175048828 5.400000095367432
v -3.999351739883423 20.106098175048828 5.5
v -3.999351739883423 20.106098175048828 5.599999904632568
v -2.6530866622924805 20.15219497680664 5.300000190734863
v -2.6757869720458984 20.32461929321289 5.400000095367432
v -2.6757869720458984 20.32461929321289 5.5
v -2.6757869720458984 20.32461929321289 5.599999904632568
v -2.562285900115967 19.462493896484375 4.900000095367432
v -1.2838919162750244 19.588403701782227 4.900000095367432
v -1.2952662706375122 19.761945724487305 5
v -1.3066407442092896 19.93548583984375 5.099999904632568
v -1.318015217781067 20.109025955200195 5.199999809265137
v -1.3293896913528442 20.282567977905273 5.300000190734863
v -1.3407641649246216 20.45610809326172 5.400000095367432
v -1.3407641649246216 20.45610809326172 5.5
v -1.3407641649246216 20.45610809326172 5.599999904632568
v -2.0250000953674316 3.5074028968811035 4.300000190734863
v -2.0250000953674316 3.5074028968811035 4.400000095367432
v -2.0250000953674316 3.5074028968811035 4.5
v -2.0250000953674316 3.5074028968811035 4.599999904632568
v -2.0250000953674316 3.5074028968811035 4.699999809265137
v -2.0250000953674316 3.5074028968811035 4.800000190734863
v -2.0250000953674316 3.5074028968811035 4.900000095367432
v -2.0250000953674316 3.5074028968811035 5
v -2.0250000953674316 3.5074028968811035 5.099999904632568
v -2.0250000953674316 3.5074028968811035 5.199999809265137
v -2.0250000953674316 3.5074028968811035 5.300000190734863
v -2.0250000953674316 3.5074028968811035 5.400000095367432
v -2.0250000953674316 3.5074028968811035 5.5
v -2.0250000953674316 3.5074028968811035 5.599999904632568
v -16.464672088623047 -1.0791516304016113 3.0999999046325684
v -16.358840942382812 -2.153682231903076 3.0999999046325684
v -16.18295669555664 -3.2189903259277344 3.0999999046325684
v -15.937776565551758 -4.270514011383057 3.0999999046325684
v -16.81175422668457 -1.101900577545166 3.299999952316284
v -16.703691482543945 -2.199082612991333 3.299999952316284
v -16.985294342041016 -1.1132750511169434 3.4000000953674316
v -16.876115798950195 -2.221782684326172 3.4000000953674316
v -16.638212203979492 -1.0905261039733887 3.200000047683716
v -16.531265258789062 -2.176382303237915 3.200000047683716
v -16.694671630859375 -3.3207767009735107 3.4000000953674316
v -16.35352897644043 -3.2529191970825195 3.200000047683716
v -16.524099349975586 -3.2868478298187256 3.299999952316284
v -16.105762481689453 -4.315526008605957 3.200000047683716
v -16.27375030517578 -4.360538005828857 3.299999952316284
v -16.44173812866211 -4.405550003051758 3.4000000953674316
v -15.624346733093262 -5.303750991821289 3.0999999046325684
v -15.789031028747559 -5.359653472900391 3.200000047683716
v -15.40468692779541 -6.38083028793335 3.200000047683716
v -15.953714370727539 -5.415555953979492 3.299999952316284
v -15.565361976623535 -6.447383880615234 3.299999952316284
v -16.118396759033203 -5.471458911895752 3.4000000953674316
v -15.726036071777344 -6.513937950134277 3.4000000953674316
v -18.026538848876953 -1.1815217733383179 4
v -18.2000789642334 -1.1928962469100952 4.099999904632568
v -18.373619079589844 -1.2042707204818726 4.199999809265137
v -18.083091735839844 -2.3806841373443604 4.099999904632568
v -18.255517959594727 -2.4033844470977783 4.199999809265137
v -18.059242248535156 -3.5922067165374756 4.199999809265137
v -17.33237648010254 -1.1360238790512085 3.5999999046325684
v -17.15883445739746 -1.1246495246887207 3.5
v -17.048540115356445 -2.24448299407959 3.5
v -17.220966339111328 -2.2671830654144287 3.5999999046325684
v -17.505916595458984 -1.1473983526229858 3.700000047683716
v -17.67945671081543 -1.1587728261947632 3.799999952316284
v -17.393390655517578 -2.2898833751678467 3.700000047683716
v -17.56581687927246 -2.3125836849212646 3.799999952316284
v -16.86524200439453 -3.354705333709717 3.5
v -17.03581428527832 -3.388634204864502 3.5999999046325684
v -16.777711868286133 -4.495573997497559 3.5999999046325684
v -17.376956939697266 -3.456491708755493 3.799999952316284
v -17.206384658813477 -3.422562837600708 3.700000047683716
v -16.94569969177246 -4.540585994720459 3.700000047683716
v -17.113685607910156 -4.585597991943359 3.799999952316284
v -16.609724044799805 -4.450562000274658 3.5
v -17.852996826171875 -1.1701472997665405 3.9000000953674316
v -17.73824119567871 -2.3352837562561035 3.9000000953674316
v -17.910667419433594 -2.3579840660095215 4
v -17.547527313232422 -3.490420341491699 3.9000000953674316
v -17.71809959411621 -3.5243492126464844 4
v -17.44965934753418 -4.67562198638916 4
v -17.281673431396484 -4.63060998916626 3.9000000953674316
v -17.888669967651367 -3.5582778453826904 4.099999904632568
v -17.617647171020508 -4.7206339836120605 4.099999904632568
v -17.785634994506836 -4.765645980834961 4.199999809265137
v -16.777132034301758 -5.695068836212158 3.799999952316284
v -16.2830810546875 -5.5273613929748535 3.5
v -16.447765350341797 -5.583263874053955 3.5999999046325684
v -16.047386169433594 -6.647045135498047 3.5999999046325684
v -15.886711120605469 -6.580491542816162 3.5
v -15.422311782836914 -7.605442523956299 3.5
v -15.578289985656738 -7.6823625564575195 3.5999999046325684
v -16.61244773864746 -5.639166355133057 3.700000047683716
v -16.20806121826172 -6.713598728179932 3.700000047683716
v -16.36873435974121 -6.780152320861816 3.799999952316284
v -15.734267234802246 -7.759282112121582 3.700000047683716
v -15.89024543762207 -7.8362016677856445 3.799999952316284
v -16.941814422607422 -5.75097131729126 3.9000000953674316
v -17.10649871826172 -5.806873798370361 4
v -16.69008445739746 -6.913259506225586 4
v -17.43586540222168 -5.9186787605285645 4.199999809265137
v -17.271183013916016 -5.862776279449463 4.099999904632568
v -16.850759506225586 -6.979813098907471 4.099999904632568
v -17.01143455505371 -7.0463666915893555 4.199999809265137
v -16.529409408569336 -6.846705913543701 3.9000000953674316
v -16.046222686767578 -7.913121700286865 3.9000000953674316
v -16.20220184326172 -7.990041255950928 4
v -15.49432373046875 -8.94565200805664 3.9000000953674316
v -15.644937515258789 -9.032608985900879 4
v -16.358179092407227 -8.066961288452148 4.099999904632568
v -16.514156341552734 -8.143880844116211 4.199999809265137
v -15.795550346374512 -9.1195650100708 4.099999904632568
v -15.946163177490234 -9.206521987915039 4.199999809265137
v -15.244011878967285 -6.314276695251465 3.0999999046325684
v -14.798399925231934 -7.297763347625732 3.0999999046325684
v -14.289419174194336 -8.25 3.0999999046325684
v -13.71924877166748 -9.166909217834473 3.0999999046325684
v -13.090330123901367 -10.044563293457031 3.0999999046325684
v -14.954378128051758 -7.374683380126953 3.200000047683716
v -15.110356330871582 -7.451602935791016 3.299999952316284
v -15.26633358001709 -7.528522968292236 3.4000000953674316
v -14.440032005310059 -8.336956977844238 3.200000047683716
v -14.590645790100098 -8.42391300201416 3.299999952316284
v -14.74125862121582 -8.510869979858398 3.4000000953674316
v -14.153059005737305 -9.456771850585938 3.4000000953674316
v -13.863851547241211 -9.263529777526855 3.200000047683716
v -14.008455276489258 -9.360151290893555 3.299999952316284
v -13.228304862976074 -10.150434494018555 3.200000047683716
v -14.891871452331543 -8.59782600402832 3.5
v -15.042484283447266 -8.684782981872559 3.5999999046325684
v -14.297661781311035 -9.55339241027832 3.5
v -14.442265510559082 -9.65001392364502 3.5999999046325684
v -15.193098068237305 -8.77173900604248 3.700000047683716
v -15.343710899353027 -8.858695983886719 3.799999952316284
v -14.586869239807129 -9.746634483337402 3.700000047683716
v -14.73147201538086 -9.843255043029785 3.799999952316284
v -14.876075744628906 -9.939876556396484 3.9000000953674316
v -15.020679473876953 -10.036497116088867 4
v -15.165282249450684 -10.13311767578125 4.099999904632568
v -15.30988597869873 -10.22973918914795 4.199999809265137
v -13.366279602050781 -10.256306648254395 3.299999952316284
v -13.504253387451172 -10.362177848815918 3.4000000953674316
v -12.405356407165527 -10.879205703735352 3.0999999046325684
v -11.667262077331543 -11.667262077331543 3.0999999046325684
v -10.879205703735352 -12.405356407165527 3.0999999046325684
v -12.536111831665039 -10.993874549865723 3.200000047683716
v -12.666866302490234 -11.108543395996094 3.299999952316284
v -11.790237426757812 -11.790237426757812 3.200000047683716
v -11.913211822509766 -11.913211822509766 3.299999952316284
v -12.79762077331543 -11.223212242126465 3.4000000953674316
v -12.036187171936035 -12.036187171936035 3.4000000953674316
v -10.993874549865723 -12.536111831665039 3.200000047683716
v -11.108543395996094 -12.666866302490234 3.299999952316284
v -11.223212242126465 -12.79762077331543 3.4000000953674316
v -10.256306648254395 -13.366279602050781 3.299999952316284
v -10.362177848815918 -13.504253387451172 3.4000000953674316
v -13.642228126525879 -10.468050003051758 3.5
v -13.780202865600586 -10.573921203613281 3.5999999046325684
v -12.928376197814941 -11.337881088256836 3.5
v -13.059130668640137 -11.452549934387207 3.5999999046325684
v -13.918177604675293 -10.679792404174805 3.700000047683716
v -14.056151390075684 -10.785664558410645 3.799999952316284
v -13.189885139465332 -11.567218780517578 3.700000047683716
v -13.320639610290527 -11.68188762664795 3.799999952316284
v -14.19412612915039 -10.891535758972168 3.9000000953674316
v -14.332100868225098 -10.997406959533691 4
v -14.470075607299805 -11.103279113769531 4.099999904632568
v -14.608049392700195 -11.209150314331055 4.199999809265137
v -13.582149505615234 -11.911225318908691 4
v -13.451395034790039 -11.79655647277832 3.9000000953674316
v -13.71290397644043 -12.025894165039062 4.099999904632568
v -13.843659400939941 -12.140563011169434 4.199999809265137
v -12.897012710571289 -12.897012710571289 4.099999904632568
v -13.019988059997559 -13.019988059997559 4.199999809265137
v -12.282136917114258 -12.282136917114258 3.5999999046325684
v -12.159162521362305 -12.159162521362305 3.5
v -12.405112266540527 -12.405112266540527 3.700000047683716
v -12.528087615966797 -12.528087615966797 3.799999952316284
v -11.567218780517578 -13.189885139465332 3.700000047683716
v -11.68188762664795 -13.320639610290527 3.799999952316284
v -11.337881088256836 -12.928376197814941 3.5
v -11.452549934387207 -13.059130668640137 3.5999999046325684
v -10.468050003051758 -13.642228126525879 3.5
v -10.573921203613281 -13.780202865600586 3.5999999046325684
v -10.679792404174805 -13.918177604675293 3.700000047683716
v -10.785664558410645 -14.056151390075684 3.799999952316284
v -12.651062965393066 -12.651062965393066 3.9000000953674316
v -12.77403736114502 -12.77403736114502 4
v -11.79655647277832 -13.451395034790039 3.9000000953674316
v -11.911225318908691 -13.582149505615234 4
v -12.025894165039062 -13.71290397644043 4.099999904632568
v -12.140563011169434 -13.843659400939941 4.199999809265137
v -10.891535758972168 -14.19412612915039 3.9000000953674316
v -10.997406959533691 -14.332100868225098 4
v -11.103279113769531 -14.470075607299805 4.099999904632568
v -11.209150314331055 -14.608049392700195 4.199999809265137
v -18.547161102294922 -1.2156450748443604 4.300000190734863
v -18.427942276000977 -2.426084518432617 4.300000190734863
v -18.720701217651367 -1.2270195484161377 4.400000095367432
v -18.894241333007812 -1.238394021987915 4.5
v -18.60036849975586 -2.448784828186035 4.400000095367432
v -18.77279281616211 -2.471485137939453 4.5
v -18.229812622070312 -3.6261353492736816 4.300000190734863
v -17.95362091064453 -4.810657978057861 4.300000190734863
v -18.4003849029541 -3.660064220428467 4.400000095367432
v -18.570955276489258 -3.693992853164673 4.5
v -18.12160873413086 -4.855669975280762 4.400000095367432
v -18.289594650268555 -4.900681972503662 4.5
v -19.241323471069336 -1.2611429691314697 4.699999809265137
v -19.41486358642578 -1.272517442703247 4.800000190734863
v -19.290067672729492 -2.539585590362549 4.800000190734863
v -19.06778335571289 -1.2497684955596924 4.599999904632568
v -18.945219039916992 -2.494185209274292 4.599999904632568
v -19.117643356323242 -2.51688551902771 4.699999809265137
v -18.741527557373047 -3.727921724319458 4.599999904632568
v -18.912097930908203 -3.761850357055664 4.699999809265137
v -18.62557029724121 -4.990705966949463 4.699999809265137
v -18.457582473754883 -4.9456939697265625 4.599999904632568
v -19.082670211791992 -3.795779228210449 4.800000190734863
v -18.793556213378906 -5.035717964172363 4.800000190734863
v -18.0945987701416 -6.142288684844971 4.599999904632568
v -18.2592830657959 -6.198191165924072 4.699999809265137
v -18.423967361450195 -6.254094123840332 4.800000190734863
v -17.975482940673828 -7.445688724517822 4.800000190734863
v -17.600549697875977 -5.974581241607666 4.300000190734863
v -17.172109603881836 -7.112920761108398 4.300000190734863
v -17.76523208618164 -6.030483722686768 4.400000095367432
v -17.929916381835938 -6.086386203765869 4.5
v -17.332782745361328 -7.179474353790283 4.400000095367432
v -17.493457794189453 -7.246027946472168 4.5
v -16.670135498046875 -8.220800399780273 4.300000190734863
v -16.826112747192383 -8.297720909118652 4.400000095367432
v -16.98208999633789 -8.374640464782715 4.5
v -16.096776962280273 -9.293478012084961 4.300000190734863
v -16.24738883972168 -9.3804349899292 4.400000095367432
v -16.39800262451172 -9.467391014099121 4.5
v -17.654132843017578 -7.312581539154053 4.599999904632568
v -17.814807891845703 -7.3791351318359375 4.699999809265137
v -17.13806915283203 -8.451560020446777 4.599999904632568
v -17.29404640197754 -8.52847957611084 4.699999809265137
v -16.699228286743164 -9.641304016113281 4.699999809265137
v -17.450023651123047 -8.605400085449219 4.800000190734863
v -16.849842071533203 -9.72826099395752 4.800000190734863
v -16.548616409301758 -9.55434799194336 4.599999904632568
v -19.588403701782227 -1.2838919162750244 4.900000095367432
v -19.462493896484375 -2.562285900115967 4.900000095367432
v -19.761945724487305 -1.2952662706375122 5
v -19.93548583984375 -1.3066407442092896 5.099999904632568
v -20.109025955200195 -1.318015217781067 5.199999809265137
v -19.25324058532715 -3.8297078609466553 4.900000095367432
v -19.634918212890625 -2.5849859714508057 5
v -19.423812866210938 -3.8636367321014404 5
v -19.979768753051758 -2.6303863525390625 5.199999809265137
v -19.807344436645508 -2.6076862812042236 5.099999904632568
v -19.594383239746094 -3.8975653648376465 5.099999904632568
v -19.764955520629883 -3.9314942359924316 5.199999809265137
v -18.961544036865234 -5.080729961395264 4.900000095367432
v -20.282567977905273 -1.3293896913528442 5.300000190734863
v -20.45610809326172 -1.3407641649246216 5.400000095367432
v -20.45610809326172 -1.3407641649246216 5.5
v -20.45610809326172 -1.3407641649246216 5.599999904632568
v -20.15219497680664 -2.6530866622924805 5.300000190734863
v -20.32461929321289 -2.6757869720458984 5.400000095367432
v -19.935527801513672 -3.9654228687286377 5.300000190734863
v -20.106098175048828 -3.999351739883423 5.400000095367432
v -20.32461929321289 -2.6757869720458984 5.5
v -20.32461929321289 -2.6757869720458984 5.599999904632568
v -20.106098175048828 -3.999351739883423 5.5
v -20.106098175048828 -3.999351739883423 5.599999904632568
v -19.297517776489258 -5.1707539558410645 5.099999904632568
v -19.465505599975586 -5.215765953063965 5.199999809265137
v -18.58864974975586 -6.309996604919434 4.900000095367432
v -19.129531860351562 -5.125741958618164 5
v -18.753334045410156 -6.365899085998535 5
v -18.13615608215332 -7.512242317199707 4.900000095367432
v -18.296831130981445 -7.578795909881592 5
v -18.91801643371582 -6.421801567077637 5.099999904632568
v -19.082700729370117 -6.477704048156738 5.199999809265137
v -18.45750617980957 -7.645349502563477 5.099999904632568
v -18.618181228637695 -7.711903095245361 5.199999809265137
v -18.07393455505371 -8.913078308105469 5.199999809265137
v -19.633493423461914 -5.260777950286865 5.300000190734863
v -19.80147933959961 -5.305789947509766 5.400000095367432
v -19.247385025024414 -6.53360652923584 5.300000190734863
v -19.412067413330078 -6.589509010314941 5.400000095367432
v -19.80147933959961 -5.305789947509766 5.5
v -19.80147933959961 -5.305789947509766 5.599999904632568
v -19.412067413330078 -6.589509010314941 5.5
v -19.412067413330078 -6.589509010314941 5.599999904632568
v -18.77885627746582 -7.778457164764404 5.300000190734863
v -18.939529418945312 -7.845010757446289 5.400000095367432
v -18.22991371154785 -8.989998817443848 5.300000190734863
v -18.38589096069336 -9.06691837310791 5.400000095367432
v -18.939529418945312 -7.845010757446289 5.5
v -18.939529418945312 -7.845010757446289 5.599999904632568
v -18.38589096069336 -9.06691837310791 5.5
v -18.38589096069336 -9.06691837310791 5.599999904632568
v -17.606000900268555 -8.682319641113281 4.900000095367432
v -17.761980056762695 -8.759239196777344 5
v -17.000455856323242 -9.815217018127441 4.900000095367432
v -17.15106773376465 -9.90217399597168 5
v -17.917957305908203 -8.836158752441406 5.099999904632568
v -17.301681518554688 -9.989130020141602 5.099999904632568
v -17.452295303344727 -10.07608699798584 5.199999809265137
v -17.602907180786133 -10.163043975830078 5.300000190734863
v -15.454489707946777 -10.326359748840332 4.300000190734863
v -15.599092483520508 -10.422981262207031 4.400000095367432
v -15.743696212768555 -10.519601821899414 4.5
v -16.03290367126465 -10.712843894958496 4.699999809265137
v -15.888299942016602 -10.616222381591797 4.599999904632568
v -16.177507400512695 -10.809464454650879 4.800000190734863
v -15.435896873474121 -11.844379425048828 4.800000190734863
v -16.75592041015625 -11.195947647094727 5.199999809265137
v -16.32210922241211 -10.906085014343262 4.900000095367432
v -16.466712951660156 -11.002706527709961 5
v -15.573870658874512 -11.950251579284668 4.900000095367432
v -15.711845397949219 -12.056122779846191 5
v -16.611316680908203 -11.099327087402344 5.099999904632568
v -15.849820137023926 -12.161993980407715 5.099999904632568
v -15.987794876098633 -12.267866134643555 5.199999809265137
v -17.753520965576172 -10.25 5.400000095367432
v -16.900524139404297 -11.292569160461426 5.300000190734863
v -17.04512596130371 -11.389189720153809 5.400000095367432
v -17.753520965576172 -10.25 5.5
v -17.753520965576172 -10.25 5.599999904632568
v -17.04512596130371 -11.389189720153809 5.5
v -17.04512596130371 -11.389189720153809 5.599999904632568
v -16.125768661499023 -12.373737335205078 5.300000190734863
v -16.263744354248047 -12.479609489440918 5.400000095367432
v -16.263744354248047 -12.479609489440918 5.5
v -16.263744354248047 -12.479609489440918 5.599999904632568
v -15.412715911865234 -13.516589164733887 5.400000095367432
v -15.412715911865234 -13.516589164733887 5.5
v -15.412715911865234 -13.516589164733887 5.599999904632568
v -14.746024131774902 -11.315022468566895 4.300000190734863
v -14.88399887084961 -11.420893669128418 4.400000095367432
v -15.021973609924316 -11.526764869689941 4.5
v -14.105168342590332 -12.369900703430176 4.400000095367432
v -14.235922813415527 -12.484569549560547 4.5
v -13.974413871765137 -12.255231857299805 4.300000190734863
v -13.142963409423828 -13.142963409423828 4.300000190734863
v -13.265937805175781 -13.265937805175781 4.400000095367432
v -13.38891315460205 -13.38891315460205 4.5
v -15.159947395324707 -11.632637023925781 4.599999904632568
v -15.297922134399414 -11.738508224487305 4.699999809265137
v -14.366678237915039 -12.599238395690918 4.599999904632568
v -14.497432708740234 -12.713907241821289 4.699999809265137
v -14.62818717956543 -12.82857608795166 4.800000190734863
v -13.51188850402832 -13.51188850402832 4.599999904632568
v -13.63486385345459 -13.63486385345459 4.699999809265137
v -13.757838249206543 -13.757838249206543 4.800000190734863
v -12.82857608795166 -14.62818717956543 4.800000190734863
v -12.255231857299805 -13.974413871765137 4.300000190734863
v -12.369900703430176 -14.105168342590332 4.400000095367432
v -12.484569549560547 -14.235922813415527 4.5
v -11.315022468566895 -14.746024131774902 4.300000190734863
v -11.420893669128418 -14.88399887084961 4.400000095367432
v -11.526764869689941 -15.021973609924316 4.5
v -12.599238395690918 -14.366678237915039 4.599999904632568
v -12.713907241821289 -14.497432708740234 4.699999809265137
v -11.632637023925781 -15.159947395324707 4.599999904632568
v -11.738508224487305 -15.297922134399414 4.699999809265137
v -10.326359748840332 -15.454489707946777 4.300000190734863
v -10.422981262207031 -15.599092483520508 4.400000095367432
v -10.519601821899414 -15.743696212768555 4.5
v -11.844379425048828 -15.435896873474121 4.800000190734863
v -10.616222381591797 -15.888299942016602 4.599999904632568
v -10.712843894958496 -16.03290367126465 4.699999809265137
v -10.809464454650879 -16.177507400512695 4.800000190734863
v -14.758942604064941 -12.943244934082031 4.900000095367432
v -14.889697074890137 -13.057913780212402 5
v -15.020451545715332 -13.172582626342773 5.099999904632568
v -15.151206016540527 -13.287251472473145 5.199999809265137
v -14.126763343811035 -14.126763343811035 5.099999904632568
v -14.249738693237305 -14.249738693237305 5.199999809265137
v -13.880813598632812 -13.880813598632812 4.900000095367432
v -14.003788948059082 -14.003788948059082 5
v -12.943244934082031 -14.758942604064941 4.900000095367432
v -13.057913780212402 -14.889697074890137 5
v -13.172582626342773 -15.020451545715332 5.099999904632568
v -13.287251472473145 -15.151206016540527 5.199999809265137
v -15.281961441040039 -13.401920318603516 5.300000190734863
v -14.372714042663574 -14.372714042663574 5.300000190734863
v -14.495689392089844 -14.495689392089844 5.400000095367432
v -14.495689392089844 -14.495689392089844 5.5
v -14.495689392089844 -14.495689392089844 5.599999904632568
v -13.401920318603516 -15.281961441040039 5.300000190734863
v -13.516589164733887 -15.412715911865234 5.400000095367432
v -13.516589164733887 -15.412715911865234 5.5
v -13.516589164733887 -15.412715911865234 5.599999904632568
v -11.950251579284668 -15.573870658874512 4.900000095367432
v -12.056122779846191 -15.711845397949219 5
v -12.267866134643555 -15.987794876098633 5.199999809265137
v -12.161993980407715 -15.849820137023926 5.099999904632568
v -10.906085014343262 -16.32210922241211 4.900000095367432
v -11.002706527709961 -16.466712951660156 5
v -11.099327087402344 -16.611316680908203 5.099999904632568
v -11.195947647094727 -16.75592041015625 5.199999809265137
v -12.373737335205078 -16.125768661499023 5.300000190734863
v -12.479609489440918 -16.263744354248047 5.400000095367432
v -12.479609489440918 -16.263744354248047 5.5
v -12.479609489440918 -16.263744354248047 5.599999904632568
v -11.292569160461426 -16.900524139404297 5.300000190734863
v -11.389189720153809 -17.04512596130371 5.400000095367432
v -11.389189720153809 -17.04512596130371 5.5
v -11.389189720153809 -17.04512596130371 5.599999904632568
v -4.050000190734863 -4.959819422097685e-16 3.0999999046325684
v -4.050000190734863 -4.010718475303649e-16 3.140000104904175
v -4.050000190734863 -3.0616169991140216e-16 3.200000047683716
v -4.050000190734863 -3.0616167344162256e-16 3.299999952316284
v -4.050000190734863 -3.0616169991140216e-16 3.4000000953674316
v -2.0250000953674316 -3.5074028968811035 3.0999999046325684
v -2.0250000953674316 -3.5074028968811035 3.200000047683716
v -2.0250000953674316 -3.5074028968811035 3.299999952316284
v -2.0250000953674316 -3.5074028968811035 3.4000000953674316
v -4.050000190734863 -3.0616167344162256e-16 3.5
v -4.050000190734863 -3.0616169991140216e-16 3.5999999046325684
v -4.050000190734863 -3.0616169991140216e-16 3.700000047683716
v -4.050000190734863 -3.0616167344162256e-16 3.799999952316284
v -4.050000190734863 -3.0616167344162256e-16 3.9000000953674316
v -4.050000190734863 -3.0616169991140216e-16 4
v -4.050000190734863 -3.0616167344162256e-16 4.099999904632568
v -4.050000190734863 -3.0616169991140216e-16 4.199999809265137
v -2.0250000953674316 -3.5074028968811035 3.5
v -2.0250000953674316 -3.5074028968811035 3.5999999046325684
v -2.0250000953674316 -3.5074028968811035 3.700000047683716
v -2.0250000953674316 -3.5074028968811035 3.799999952316284
v -2.0250000953674316 -3.5074028968811035 3.9000000953674316
v -2.0250000953674316 -3.5074028968811035 4
v -2.0250000953674316 -3.5074028968811035 4.099999904632568
v -2.0250000953674316 -3.5074028968811035 4.199999809265137
v -10.044563293457031 -13.090330123901367 3.0999999046325684
v -9.166909217834473 -13.71924877166748 3.0999999046325684
v -8.25 -14.289419174194336 3.0999999046325684
v -10.150434494018555 -13.228304862976074 3.200000047683716
v -9.263529777526855 -13.863851547241211 3.200000047683716
v -9.360151290893555 -14.008455276489258 3.299999952316284
v -9.456771850585938 -14.153059005737305 3.4000000953674316
v -8.336956977844238 -14.440032005310059 3.200000047683716
v -8.42391300201416 -14.590645790100098 3.299999952316284
v -8.510869979858398 -14.74125862121582 3.4000000953674316
v -7.297763347625732 -14.798399925231934 3.0999999046325684
v -6.314276695251465 -15.244011878967285 3.0999999046325684
v -7.374683380126953 -14.954378128051758 3.200000047683716
v -7.451602935791016 -15.110356330871582 3.299999952316284
v -7.528522968292236 -15.26633358001709 3.4000000953674316
v -5.303750991821289 -15.624346733093262 3.0999999046325684
v -6.447383880615234 -15.565361976623535 3.299999952316284
v -6.513937950134277 -15.726036071777344 3.4000000953674316
v -6.38083028793335 -15.40468692779541 3.200000047683716
v -5.359653472900391 -15.789031028747559 3.200000047683716
v -5.415555953979492 -15.953714370727539 3.299999952316284
v -5.471458911895752 -16.118396759033203 3.4000000953674316
v -9.65001392364502 -14.442265510559082 3.5999999046325684
v -9.55339241027832 -14.297661781311035 3.5
v -9.746634483337402 -14.586869239807129 3.700000047683716
v -9.843255043029785 -14.73147201538086 3.799999952316284
v -8.59782600402832 -14.891871452331543 3.5
v -8.684782981872559 -15.042484283447266 3.5999999046325684
v -8.77173900604248 -15.193098068237305 3.700000047683716
v -8.858695983886719 -15.343710899353027 3.799999952316284
v -9.939876556396484 -14.876075744628906 3.9000000953674316
v -10.036497116088867 -15.020679473876953 4
v -10.13311767578125 -15.165282249450684 4.099999904632568
v -10.22973918914795 -15.30988597869873 4.199999809265137
v -7.759282112121582 -15.734267234802246 3.700000047683716
v -7.8362016677856445 -15.89024543762207 3.799999952316284
v -9.032608985900879 -15.644937515258789 4
v -9.1195650100708 -15.795550346374512 4.099999904632568
v -9.206521987915039 -15.946163177490234 4.199999809265137
v -8.94565200805664 -15.49432373046875 3.9000000953674316
v -7.913121700286865 -16.046222686767578 3.9000000953674316
v -7.990041255950928 -16.20220184326172 4
v -8.066961288452148 -16.358179092407227 4.099999904632568
v -8.143880844116211 -16.514156341552734 4.199999809265137
v -7.605442523956299 -15.422311782836914 3.5
v -7.6823625564575195 -15.578289985656738 3.5999999046325684
v -6.580491542816162 -15.886711120605469 3.5
v -6.647045135498047 -16.047386169433594 3.5999999046325684
v -6.713598728179932 -16.20806121826172 3.700000047683716
v -6.780152320861816 -16.36873435974121 3.799999952316284
v -5.5273613929748535 -16.2830810546875 3.5
v -5.583263874053955 -16.447765350341797 3.5999999046325684
v -5.639166355133057 -16.61244773864746 3.700000047683716
v -5.695068836212158 -16.777132034301758 3.799999952316284
v -6.846705913543701 -16.529409408569336 3.9000000953674316
v -6.913259506225586 -16.69008445739746 4
v -6.979813098907471 -16.850759506225586 4.099999904632568
v -7.0463666915893555 -17.01143455505371 4.199999809265137
v -5.806873798370361 -17.10649871826172 4
v -5.75097131729126 -16.941814422607422 3.9000000953674316
v -5.862776279449463 -17.271183013916016 4.099999904632568
v -5.9186787605285645 -17.43586540222168 4.199999809265137
v -4.270514011383057 -15.937776565551758 3.0999999046325684
v -3.2189903259277344 -16.18295669555664 3.0999999046325684
v -4.315526008605957 -16.105762481689453 3.200000047683716
v -4.360538005828857 -16.27375030517578 3.299999952316284
v -4.405550003051758 -16.44173812866211 3.4000000953674316
v -3.2529191970825195 -16.35352897644043 3.200000047683716
v -3.2868478298187256 -16.524099349975586 3.299999952316284
v -3.3207767009735107 -16.694671630859375 3.4000000953674316
v -2.153682231903076 -16.358840942382812 3.0999999046325684
v -1.0791516304016113 -16.464672088623047 3.0999999046325684
v -3.0310008873563965e-15 -16.5 3.0999999046325684
v -2.176382303237915 -16.531265258789062 3.200000047683716
v -2.199082612991333 -16.703691482543945 3.299999952316284
v -2.221782684326172 -16.876115798950195 3.4000000953674316
v -1.0905261039733887 -16.638212203979492 3.200000047683716
v -1.101900577545166 -16.81175422668457 3.299999952316284
v -3.06294821726975e-15 -16.673913955688477 3.200000047683716
v -3.0948955471831038e-15 -16.84782600402832 3.299999952316284
v -1.1132750511169434 -16.985294342041016 3.4000000953674316
v -3.1268428770964574e-15 -17.021739959716797 3.4000000953674316
v -4.450562000274658 -16.609724044799805 3.5
v -4.495573997497559 -16.777711868286133 3.5999999046325684
v -4.540585994720459 -16.94569969177246 3.700000047683716
v -4.585597991943359 -17.113685607910156 3.799999952316284
v -3.354705333709717 -16.86524200439453 3.5
v -3.388634204864502 -17.03581428527832 3.5999999046325684
v -3.422562837600708 -17.206384658813477 3.700000047683716
v -3.456491708755493 -17.376956939697266 3.799999952316284
v -4.63060998916626 -17.281673431396484 3.9000000953674316
v -4.67562198638916 -17.44965934753418 4
v -4.7206339836120605 -17.617647171020508 4.099999904632568
v -4.765645980834961 -17.785634994506836 4.199999809265137
v -3.490420341491699 -17.547527313232422 3.9000000953674316
v -3.5243492126464844 -17.71809959411621 4
v -3.5582778453826904 -17.888669967651367 4.099999904632568
v -3.5922067165374756 -18.059242248535156 4.199999809265137
v -2.24448299407959 -17.048540115356445 3.5
v -2.2671830654144287 -17.220966339111328 3.5999999046325684
v -2.2898833751678467 -17.393390655517578 3.700000047683716
v -2.3125836849212646 -17.56581687927246 3.799999952316284
v -1.1246495246887207 -17.15883445739746 3.5
v -1.1360238790512085 -17.33237648010254 3.5999999046325684
v -3.158790207009811e-15 -17.19565200805664 3.5
v -3.190737325164928e-15 -17.369565963745117 3.5999999046325684
v -1.1473983526229858 -17.505916595458984 3.700000047683716
v -1.1587728261947632 -17.67945671081543 3.799999952316284
v -3.2226846550782815e-15 -17.54347801208496 3.700000047683716
v -3.254631984991635e-15 -17.717391967773438 3.799999952316284
v -2.3352837562561035 -17.73824119567871 3.9000000953674316
v -2.3579840660095215 -17.910667419433594 4
v -1.1701472997665405 -17.852996826171875 3.9000000953674316
v -3.2865793149049888e-15 -17.89130401611328 3.9000000953674316
v -2.3806841373443604 -18.083091735839844 4.099999904632568
v -2.4033844470977783 -18.255517959594727 4.199999809265137
v -1.1815217733383179 -18.026538848876953 4
v -3.3185266448183424e-15 -18.065217971801758 4
v -1.1928962469100952 -18.2000789642334 4.099999904632568
v -1.2042707204818726 -18.373619079589844 4.199999809265137
v -3.350473974731696e-15 -18.2391300201416 4.099999904632568
v -3.3824213046450497e-15 -18.413043975830078 4.199999809265137
v -4.050000190734863 -3.0616164697184296e-16 4.300000190734863
v -4.050000190734863 -3.0616167344162256e-16 4.400000095367432
v -4.050000190734863 -3.0616169991140216e-16 4.5
v -4.050000190734863 -3.0616167344162256e-16 4.599999904632568
v -4.050000190734863 -3.0616169991140216e-16 4.699999809265137
v -4.050000190734863 -3.0616169991140216e-16 4.800000190734863
v -2.0250000953674316 -3.5074028968811035 4.300000190734863
v -2.0250000953674316 -3.5074028968811035 4.400000095367432
v -2.0250000953674316 -3.5074028968811035 4.5
v -2.0250000953674316 -3.5074028968811035 4.599999904632568
v -2.0250000953674316 -3.5074028968811035 4.699999809265137
v -2.0250000953674316 -3.5074028968811035 4.800000190734863
v -4.050000190734863 -3.0616167344162256e-16 4.900000095367432
v -4.050000190734863 -3.0616169991140216e-16 5
v -4.050000190734863 -3.0616167344162256e-16 5.099999904632568
v -4.050000190734863 -3.0616169991140216e-16 5.199999809265137
v -4.050000190734863 -3.0616169991140216e-16 5.300000190734863
v -4.050000190734863 -3.0616167344162256e-16 5.400000095367432
v -4.050000190734863 -3.0616169991140216e-16 5.5
v -4.050000190734863 -3.0616167344162256e-16 5.599999904632568
v -2.0250000953674316 -3.5074028968811035 4.900000095367432
v -2.0250000953674316 -3.5074028968811035 5
v -2.0250000953674316 -3.5074028968811035 5.099999904632568
v -2.0250000953674316 -3.5074028968811035 5.199999809265137
v -2.0250000953674316 -3.5074028968811035 5.300000190734863
v -2.0250000953674316 -3.5074028968811035 5.400000095367432
v -2.0250000953674316 -3.5074028968811035 5.5
v -2.0250000953674316 -3.5074028968811035 5.599999904632568
v -9.293478012084961 -16.096776962280273 4.300000190734863
v -9.3804349899292 -16.24738883972168 4.400000095367432
v -9.467391014099121 -16.39800262451172 4.5
v -8.220800399780273 -16.670135498046875 4.300000190734863
v -8.374640464782715 -16.98208999633789 4.5
v -8.297720909118652 -16.826112747192383 4.400000095367432
v -9.55434799194336 -16.548616409301758 4.599999904632568
v -9.641304016113281 -16.699228286743164 4.699999809265137
v -9.72826099395752 -16.849842071533203 4.800000190734863
v -8.451560020446777 -17.13806915283203 4.599999904632568
v -8.52847957611084 -17.29404640197754 4.699999809265137
v -8.605400085449219 -17.450023651123047 4.800000190734863
v -7.112920761108398 -17.172109603881836 4.300000190734863
v -7.179474353790283 -17.332782745361328 4.400000095367432
v -7.246027946472168 -17.493457794189453 4.5
v -5.974581241607666 -17.600549697875977 4.300000190734863
v -6.030483722686768 -17.76523208618164 4.400000095367432
v -6.086386203765869 -17.929916381835938 4.5
v -7.312581539154053 -17.654132843017578 4.599999904632568
v -7.3791351318359375 -17.814807891845703 4.699999809265137
v -7.445688724517822 -17.975482940673828 4.800000190734863
v -6.142288684844971 -18.0945987701416 4.599999904632568
v -6.198191165924072 -18.2592830657959 4.699999809265137
v -6.254094123840332 -18.423967361450195 4.800000190734863
v -9.815217018127441 -17.000455856323242 4.900000095367432
v -9.90217399597168 -17.15106773376465 5
v -9.989130020141602 -17.301681518554688 5.099999904632568
v -10.07608699798584 -17.452295303344727 5.199999809265137
v -8.682319641113281 -17.606000900268555 4.900000095367432
v -8.759239196777344 -17.761980056762695 5
v -8.836158752441406 -17.917957305908203 5.099999904632568
v -8.913078308105469 -18.07393455505371 5.199999809265137
v -7.711903095245361 -18.618181228637695 5.199999809265137
v -10.163043975830078 -17.602907180786133 5.300000190734863
v -10.25 -17.753520965576172 5.400000095367432
v -10.25 -17.753520965576172 5.5
v -10.25 -17.753520965576172 5.599999904632568
v -8.989998817443848 -18.22991371154785 5.300000190734863
v -9.06691837310791 -18.38589096069336 5.400000095367432
v -9.06691837310791 -18.38589096069336 5.5
v -9.06691837310791 -18.38589096069336 5.599999904632568
v -7.778457164764404 -18.77885627746582 5.300000190734863
v -7.845010757446289 -18.939529418945312 5.400000095367432
v -7.845010757446289 -18.939529418945312 5.5
v -7.845010757446289 -18.939529418945312 5.599999904632568
v -7.512242317199707 -18.13615608215332 4.900000095367432
v -7.578795909881592 -18.296831130981445 5
v -7.645349502563477 -18.45750617980957 5.099999904632568
v -6.421801567077637 -18.91801643371582 5.099999904632568
v -6.477704048156738 -19.082700729370117 5.199999809265137
v -6.309996604919434 -18.58864974975586 4.900000095367432
v -6.365899085998535 -18.753334045410156 5
v -5.125741958618164 -19.129531860351562 5
v -5.1707539558410645 -19.297517776489258 5.099999904632568
v -5.215765953063965 -19.465505599975586 5.199999809265137
v -6.53360652923584 -19.247385025024414 5.300000190734863
v -6.589509010314941 -19.412067413330078 5.400000095367432
v -6.589509010314941 -19.412067413330078 5.5
v -6.589509010314941 -19.412067413330078 5.599999904632568
v -5.260777950286865 -19.633493423461914 5.300000190734863
v -5.305789947509766 -19.80147933959961 5.400000095367432
v -5.305789947509766 -19.80147933959961 5.5
v -5.305789947509766 -19.80147933959961 5.599999904632568
v -4.810657978057861 -17.95362091064453 4.300000190734863
v -4.855669975280762 -18.12160873413086 4.400000095367432
v -4.900681972503662 -18.289594650268555 4.5
v -3.6261353492736816 -18.229812622070312 4.300000190734863
v -3.660064220428467 -18.4003849029541 4.400000095367432
v -3.693992853164673 -18.570955276489258 4.5
v -4.9456939697265625 -18.457582473754883 4.599999904632568
v -4.990705966949463 -18.62557029724121 4.699999809265137
v -5.035717964172363 -18.793556213378906 4.800000190734863
v -3.727921724319458 -18.741527557373047 4.599999904632568
v -3.761850357055664 -18.912097930908203 4.699999809265137
v -3.795779228210449 -19.082670211791992 4.800000190734863
v -2.426084518432617 -18.427942276000977 4.300000190734863
v -2.448784828186035 -18.60036849975586 4.400000095367432
v -2.471485137939453 -18.77279281616211 4.5
v -1.2156450748443604 -18.547161102294922 4.300000190734863
v -3.4143686345584033e-15 -18.586956024169922 4.300000190734863
v -1.2270195484161377 -18.720701217651367 4.400000095367432
v -1.238394021987915 -18.894241333007812 4.5
v -3.446315964471757e-15 -18.7608699798584 4.400000095367432
v -3.4782632943851106e-15 -18.934782028198242 4.5
v -2.494185209274292 -18.945219039916992 4.599999904632568
v -2.51688551902771 -19.117643356323242 4.699999809265137
v -2.539585590362549 -19.290067672729492 4.800000190734863
v -1.2497684955596924 -19.06778335571289 4.599999904632568
v -3.5102104125402274e-15 -19.10869598388672 4.599999904632568
v -1.2611429691314697 -19.241323471069336 4.699999809265137
v -3.542157742453581e-15 -19.282608032226562 4.699999809265137
v -1.272517442703247 -19.41486358642578 4.800000190734863
v -3.574105072366935e-15 -19.45652198791504 4.800000190734863
v -2.775135040283203 -15.316757202148438 5
v -2.775135040283203 -15.316757202148438 5.599999904632568
v -0.018378378823399544 -11.411351203918457 5
v -0.707567572593689 -12.100540161132812 5
v -0.707567572593689 -12.330269813537598 5
v -0.9372972846031189 -12.559999465942383 5
v -0.9372972846031189 -12.789730072021484 5
v -0.707567572593689 -12.559999465942383 5
v -0.707567572593689 -12.596756935119629 5
v -0.47783783078193665 -11.870810508728027 5
v -0.47783783078193665 -12.100540161132812 5
v -0.47783783078193665 -12.137297630310059 5
v -0.24810810387134552 -11.641080856323242 5
v -0.018378378823399544 -11.641080856323242 5
v -0.24810810387134552 -11.870810508728027 5
v -0.5123732089996338 -12.559999465942383 5
v -2.0859458446502686 -14.627567291259766 5
v -2.315675735473633 -14.85729694366455 5
v -2.545405387878418 -15.087026596069336 5
v -2.545405387878418 -15.316757202148438 5
v -2.545405387878418 -15.353513717651367 5
v -2.315675735473633 -15.087026596069336 5
v -2.315675735473633 -15.123784065246582 5
v -2.0859458446502686 -14.85729694366455 5
v -1.6264865398406982 -14.39783763885498 5
v -1.6264865398406982 -14.627567291259766 5
v -0.9372972846031189 -13.0562162399292 5
v -0.9372972846031189 -13.249189376831055 5
v -0.9372972846031189 -13.51567554473877 5
v -0.707567572593689 -13.51567554473877 5
v -0.707567572593689 -13.708648681640625 5
v -0.707567572593689 -13.97513484954834 5
v -0.47783783078193665 -13.97513484954834 5
v -0.21135134994983673 -13.51567554473877 5
v -0.21135134994983673 -13.708648681640625 5
v -0.21135134994983673 -13.745405197143555 5
v -0.018378378823399544 -13.51567554473877 5
v -0.018378378823399544 -13.708648681640625 5
v -0.21135134994983673 -13.93837833404541 5
v -0.21135134994983673 -13.97513484954834 5
v -0.018378378823399544 -13.93837833404541 5
v -0.018378378823399544 -13.97513484954834 5
v -1.13027024269104 -15.353513717651367 5
v -0.9372972846031189 -15.353513717651367 5
v -0.6708108186721802 -15.123784065246582 5
v -0.6708108186721802 -15.316757202148438 5
v -0.6708108186721802 -15.353513717651367 5
v -0.47783783078193665 -14.204864501953125 5
v -0.20850339531898499 -14.664324760437012 5
v -0.44108107686042786 -14.85729694366455 5
v -0.44108107686042786 -14.894054412841797 5
v -0.44108107686042786 -15.123784065246582 5
v -0.018378378823399544 -15.087026596069336 5
v -0.018378378823399544 -15.316757202148438 5
v -0.018378378823399544 -11.411351203918457 5.599999904632568
v -0.707567572593689 -12.100540161132812 5.599999904632568
v -0.707567572593689 -12.330269813537598 5.599999904632568
v -0.9372972846031189 -12.559999465942383 5.599999904632568
v -0.9372972846031189 -12.789730072021484 5.599999904632568
v -0.707567572593689 -12.559999465942383 5.599999904632568
v -0.47783783078193665 -11.870810508728027 5.599999904632568
v -0.47783783078193665 -12.100540161132812 5.599999904632568
v -0.24810810387134552 -11.641080856323242 5.599999904632568
v -0.018378378823399544 -11.641080856323242 5.599999904632568
v -0.24810810387134552 -11.870810508728027 5.599999904632568
v -2.0859458446502686 -14.627567291259766 5.599999904632568
v -2.315675735473633 -14.85729694366455 5.599999904632568
v -2.545405387878418 -15.087026596069336 5.599999904632568
v -2.545405387878418 -15.316757202148438 5.599999904632568
v -2.315675735473633 -15.087026596069336 5.599999904632568
v -2.0859458446502686 -14.85729694366455 5.599999904632568
v -1.6264865398406982 -14.39783763885498 5.599999904632568
v -1.6264865398406982 -14.627567291259766 5.599999904632568
v -0.9372972846031189 -13.0562162399292 5.599999904632568
v -0.9372972846031189 -13.249189376831055 5.599999904632568
v -0.9372972846031189 -13.51567554473877 5.599999904632568
v -0.707567572593689 -13.51567554473877 5.599999904632568
v -0.707567572593689 -13.708648681640625 5.599999904632568
v -0.707567572593689 -13.97513484954834 5.599999904632568
v -0.47783783078193665 -13.97513484954834 5.599999904632568
v -0.21135134994983673 -13.51567554473877 5.599999904632568
v -0.21135134994983673 -13.745405197143555 5.599999904632568
v -0.018378378823399544 -13.51567554473877 5.599999904632568
v -0.018378378823399544 -13.708648681640625 5.599999904632568
v -0.21135134994983673 -13.93837833404541 5.599999904632568
v -0.018378378823399544 -13.93837833404541 5.599999904632568
v -1.13027024269104 -15.353513717651367 5.599999904632568
v -0.9372972846031189 -15.353513717651367 5.599999904632568
v -0.6708108186721802 -15.123784065246582 5.599999904632568
v -0.6708108186721802 -15.316757202148438 5.599999904632568
v -0.47783783078193665 -14.204864501953125 5.599999904632568
v -0.44108107686042786 -14.894054412841797 5.599999904632568
v -0.44108107686042786 -15.123784065246582 5.599999904632568
v -0.018378378823399544 -15.087026596069336 5.599999904632568
v -0.018378378823399544 -15.316757202148438 5.599999904632568
v -3.2345945835113525 -16.005945205688477 5
v -3.2345945835113525 -16.272432327270508 5
v -3.0048649311065674 -15.546486854553223 5
v -3.0048649311065674 -15.812973022460938 5
v -3.0048649311065674 -16.005945205688477 5
v -2.775135040283203 -15.546486854553223 5
v -3.0048649311065674 -16.272432327270508 5
v -3.0048649311065674 -16.50216293334961 5
v -5.080729961395264 -18.961544036865234 4.900000095367432
v -3.8636367321014404 -19.423812866210938 5
v -3.8975653648376465 -19.594383239746094 5.099999904632568
v -3.9314942359924316 -19.764955520629883 5.199999809265137
v -3.8297078609466553 -19.25324058532715 4.900000095367432
v -2.5849859714508057 -19.634918212890625 5
v -2.6076862812042236 -19.807344436645508 5.099999904632568
v -2.6303863525390625 -19.979768753051758 5.199999809265137
v -3.0048649311065674 -15.812973022460938 5.305000305175781
v -3.0048649311065674 -15.776216506958008 5.347068786621094
v -3.2345945835113525 -16.005945205688477 5.599999904632568
v -3.2345945835113525 -16.272432327270508 5.599999904632568
v -3.0048649311065674 -15.812973022460938 5.525863170623779
v -3.0048649311065674 -15.546486854553223 5.599999904632568
v -3.0048649311065674 -15.780585289001465 5.599999904632568
v -3.0048649311065674 -15.776216506958008 5.599999904632568
v -3.0048649311065674 -15.812973022460938 5.599999904632568
v -3.0048649311065674 -16.005945205688477 5.599999904632568
v -2.775135040283203 -15.546486854553223 5.599999904632568
v -3.0048649311065674 -16.272432327270508 5.599999904632568
v -3.0048649311065674 -16.50216293334961 5.599999904632568
v -3.9654228687286377 -19.935527801513672 5.300000190734863
v -3.999351739883423 -20.106098175048828 5.400000095367432
v -3.999351739883423 -20.106098175048828 5.5
v -3.999351739883423 -20.106098175048828 5.599999904632568
v -2.6530866622924805 -20.15219497680664 5.300000190734863
v -2.6757869720458984 -20.32461929321289 5.400000095367432
v -2.6757869720458984 -20.32461929321289 5.5
v -2.6757869720458984 -20.32461929321289 5.599999904632568
v -1.13027024269104 -15.546486854553223 5
v -0.9372972846031189 -15.546486854553223 5
v -0.6708108186721802 -16.272432327270508 5
v -0.6708108186721802 -16.50216293334961 5
v -0.21135134994983673 -16.005945205688477 5
v -0.21135134994983673 -16.04270362854004 5
v -0.21135134994983673 -16.272432327270508 5
v -2.562285900115967 -19.462493896484375 4.900000095367432
v -1.2838919162750244 -19.588403701782227 4.900000095367432
v -1.2952662706375122 -19.761945724487305 5
v -1.3066407442092896 -19.93548583984375 5.099999904632568
v -1.318015217781067 -20.109025955200195 5.199999809265137
v -3.606052614038525e-15 -19.630434036254883 4.900000095367432
v -3.637999732193642e-15 -19.80434799194336 5
v -3.669946850348759e-15 -19.978260040283203 5.099999904632568
v -3.701894392020349e-15 -20.15217399597168 5.199999809265137
v -1.13027024269104 -15.546486854553223 5.599999904632568
v -0.9372972846031189 -15.546486854553223 5.599999904632568
v -0.6708108186721802 -16.272432327270508 5.599999904632568
v -0.6708108186721802 -16.50216293334961 5.599999904632568
v -0.21135134994983673 -16.04270362854004 5.599999904632568
v -0.21135134994983673 -16.272432327270508 5.599999904632568
v -1.3293896913528442 -20.282567977905273 5.300000190734863
v -1.3407641649246216 -20.45610809326172 5.400000095367432
v -1.3407641649246216 -20.45610809326172 5.5
v -1.3407641649246216 -20.45610809326172 5.599999904632568
v -3.733841510175466e-15 -20.326087951660156 5.300000190734863
v -3.7657890518470565e-15 -20.5 5.400000095367432
v -3.7657890518470565e-15 -20.5 5.5
v -3.7657890518470565e-15 -20.5 5.599999904632568
v 1.0103335938257594e-15 16.5 -1.547080717389248e-23
v 1.0791516304016113 16.464672088623047 -2.1059558521246777e-23
v 2.153682231903076 16.358840942382812 4.2102131289482335e-23
v 3.2189903259277344 16.18295669555664 3.393083550960808e-23
v 4.270514011383057 15.937776565551758 -3.6713283606398285e-23
v 5.303750991821289 15.624346733093262 3.8700824967989866e-23
v 6.314276695251465 15.244011878967285 -2.1461099766056945e-23
v 7.297763347625732 14.798399925231934 5.121183391410216e-23
v 8.25 14.289419174194336 -2.018662555391274e-23
v 9.166909217834473 13.71924877166748 2.5332780968366453e-24
v 10.044563293457031 13.090330123901367 2.179013996051187e-23
v 2.0250000953674316 3.5074028968811035 1.0113586305005324e-24
v 10.879205703735352 12.405356407165527 -1.8113579558804255e-23
v 11.667262077331543 11.667262077331543 -1.8034344791762046e-23
v 12.405356407165527 10.879205703735352 3.646255126742193e-24
v 13.090330123901367 10.044563293457031 2.1541266966689125e-24
v 13.71924877166748 9.166909217834473 1.544567879861757e-23
v 14.289419174194336 8.25 -7.73540358694624e-24
v 14.798399925231934 7.297763347625732 -1.276353357706531e-23
v 15.244011878967285 6.314276695251465 -7.535402892784652e-24
v 15.624346733093262 5.303750991821289 3.814801570029904e-24
v 15.937776565551758 4.270514011383057 1.0518915068236685e-23
v 16.18295669555664 3.2189903259277344 3.874844534539444e-24
v 16.358840942382812 2.153682231903076 -6.274646182921336e-24
v 16.464672088623047 1.0791516304016113 -3.716352320704001e-25
v 2.0250000953674316 -3.5074028968811035 -1.0113586305005324e-24
v 4.050000190734863 0 0
v 1.0791516304016113 -16.464672088623047 2.1059558521246777e-23
v 2.153682231903076 -16.358840942382812 -4.2102131289482335e-23
v 3.2189903259277344 -16.18295669555664 -3.393083550960808e-23
v 4.270514011383057 -15.937776565551758 3.6713283606398285e-23
v 6.314276695251465 -15.244011878967285 2.1461099766056945e-23
v 7.297763347625732 -14.798399925231934 -5.121183391410216e-23
v 8.25 -14.289419174194336 2.018662555391274e-23
v 9.166909217834473 -13.71924877166748 -2.5332780968366453e-24
v 10.044563293457031 -13.090330123901367 -2.179013996051187e-23
v 5.303750991821289 -15.624346733093262 -3.8700824967989866e-23
v 15.244011878967285 -6.314276695251465 7.535402892784652e-24
v 14.798399925231934 -7.297763347625732 1.276353357706531e-23
v 13.090330123901367 -10.044563293457031 -2.1541266966689125e-24
v 13.71924877166748 -9.166909217834473 -1.544567879861757e-23
v 14.289419174194336 -8.25 7.73540358694624e-24
v 16.5 0 0
v 16.464672088623047 -1.0791516304016113 3.716352320704001e-25
v 16.358840942382812 -2.153682231903076 6.274646182921336e-24
v 16.18295669555664 -3.2189903259277344 -3.874844534539444e-24
v 15.937776565551758 -4.270514011383057 -1.0518915068236685e-23
v 15.624346733093262 -5.303750991821289 -3.814801570029904e-24
v 10.879205703735352 -12.405356407165527 1.8113579558804255e-23
v 12.405356407165527 -10.879205703735352 -3.646255126742193e-24
v 11.667262077331543 -11.667262077331543 1.8034344791762046e-23
v 1.0103335938257594e-15 16.5 3.0999999046325684
v 1.0791516304016113 16.464672088623047 3.0999999046325684
v 2.153682231903076 16.358840942382812 3.0999999046325684
v 1.0209827037968773e-15 16.673913955688477 3.200000047683716
v 1.0316318137679951e-15 16.84782600402832 3.299999952316284
v 1.101900577545166 16.81175422668457 3.299999952316284
v 1.0905261039733887 16.638212203979492 3.200000047683716
v 1.042280923739113e-15 17.021739959716797 3.4000000953674316
v 1.1132750511169434 16.985294342041016 3.4000000953674316
v 2.199082612991333 16.703691482543945 3.299999952316284
v 2.176382303237915 16.531265258789062 3.200000047683716
v 2.221782684326172 16.876115798950195 3.4000000953674316
v 3.2189903259277344 16.18295669555664 3.0999999046325684
v 4.270514011383057 15.937776565551758 3.0999999046325684
v 3.2529191970825195 16.35352897644043 3.200000047683716
v 3.2868478298187256 16.524099349975586 3.299999952316284
v 3.3207767009735107 16.694671630859375 3.4000000953674316
v 4.315526008605957 16.105762481689453 3.200000047683716
v 4.360538005828857 16.27375030517578 3.299999952316284
v 4.405550003051758 16.44173812866211 3.4000000953674316
v 1.0529300337102309e-15 17.19565200805664 3.5
v 1.0635791436813488e-15 17.369565963745117 3.5999999046325684
v 1.1246495246887207 17.15883445739746 3.5
v 1.1360238790512085 17.33237648010254 3.5999999046325684
v 1.0742282536524666e-15 17.54347801208496 3.700000047683716
v 1.0848772577444661e-15 17.717391967773438 3.799999952316284
v 1.1473983526229858 17.505916595458984 3.700000047683716
v 1.1587728261947632 17.67945671081543 3.799999952316284
v 2.24448299407959 17.048540115356445 3.5
v 2.2671830654144287 17.220966339111328 3.5999999046325684
v 2.2898833751678467 17.393390655517578 3.700000047683716
v 2.3125836849212646 17.56581687927246 3.799999952316284
v 1.1061754776867019e-15 18.065217971801758 4
v 1.1815217733383179 18.026538848876953 4
v 1.1168245876578197e-15 18.2391300201416 4.099999904632568
v 1.1274736976289376e-15 18.413043975830078 4.199999809265137
v 1.1928962469100952 18.2000789642334 4.099999904632568
v 1.2042707204818726 18.373619079589844 4.199999809265137
v 2.3806841373443604 18.083091735839844 4.099999904632568
v 2.4033844470977783 18.255517959594727 4.199999809265137
v 1.095526367715584e-15 17.89130401611328 3.9000000953674316
v 1.1701472997665405 17.852996826171875 3.9000000953674316
v 2.3352837562561035 17.73824119567871 3.9000000953674316
v 2.3579840660095215 17.910667419433594 4
v 3.354705333709717 16.86524200439453 3.5
v 3.388634204864502 17.03581428527832 3.5999999046325684
v 3.422562837600708 17.206384658813477 3.700000047683716
v 3.456491708755493 17.376956939697266 3.799999952316284
v 4.495573997497559 16.777711868286133 3.5999999046325684
v 4.450562000274658 16.609724044799805 3.5
v 4.540585994720459 16.94569969177246 3.700000047683716
v 4.585597991943359 17.113685607910156 3.799999952316284
v 3.5922067165374756 18.059242248535156 4.199999809265137
v 3.490420341491699 17.547527313232422 3.9000000953674316
v 3.5243492126464844 17.71809959411621 4
v 3.5582778453826904 17.888669967651367 4.099999904632568
v 4.63060998916626 17.281673431396484 3.9000000953674316
v 4.67562198638916 17.44965934753418 4
v 4.7206339836120605 17.617647171020508 4.099999904632568
v 4.765645980834961 17.785634994506836 4.199999809265137
v 5.303750991821289 15.624346733093262 3.0999999046325684
v 5.359653472900391 15.789031028747559 3.200000047683716
v 5.415555953979492 15.953714370727539 3.299999952316284
v 6.38083028793335 15.40468692779541 3.200000047683716
v 5.471458911895752 16.118396759033203 3.4000000953674316
v 6.447383880615234 15.565361976623535 3.299999952316284
v 6.513937950134277 15.726036071777344 3.4000000953674316
v 6.314276695251465 15.244011878967285 3.0999999046325684
v 7.297763347625732 14.798399925231934 3.0999999046325684
v 7.374683380126953 14.954378128051758 3.200000047683716
v 7.451602935791016 15.110356330871582 3.299999952316284
v 7.528522968292236 15.26633358001709 3.4000000953674316
v 8.25 14.289419174194336 3.0999999046325684
v 9.166909217834473 13.71924877166748 3.0999999046325684
v 10.044563293457031 13.090330123901367 3.0999999046325684
v 8.336956977844238 14.440032005310059 3.200000047683716
v 8.42391300201416 14.590645790100098 3.299999952316284
v 8.510869979858398 14.74125862121582 3.4000000953674316
v 9.263529777526855 13.863851547241211 3.200000047683716
v 9.360151290893555 14.008455276489258 3.299999952316284
v 10.150434494018555 13.228304862976074 3.200000047683716
v 9.456771850585938 14.153059005737305 3.4000000953674316
v 5.5273613929748535 16.2830810546875 3.5
v 5.583263874053955 16.447765350341797 3.5999999046325684
v 5.695068836212158 16.777132034301758 3.799999952316284
v 5.639166355133057 16.61244773864746 3.700000047683716
v 6.580491542816162 15.886711120605469 3.5
v 6.647045135498047 16.047386169433594 3.5999999046325684
v 7.605442523956299 15.422311782836914 3.5
v 7.6823625564575195 15.578289985656738 3.5999999046325684
v 6.713598728179932 16.20806121826172 3.700000047683716
v 6.780152320861816 16.36873435974121 3.799999952316284
v 5.75097131729126 16.941814422607422 3.9000000953674316
v 5.806873798370361 17.10649871826172 4
v 5.862776279449463 17.271183013916016 4.099999904632568
v 5.9186787605285645 17.43586540222168 4.199999809265137
v 6.913259506225586 16.69008445739746 4
v 6.846705913543701 16.529409408569336 3.9000000953674316
v 6.979813098907471 16.850759506225586 4.099999904632568
v 7.0463666915893555 17.01143455505371 4.199999809265137
v 7.759282112121582 15.734267234802246 3.700000047683716
v 7.8362016677856445 15.89024543762207 3.799999952316284
v 7.913121700286865 16.046222686767578 3.9000000953674316
v 7.990041255950928 16.20220184326172 4
v 8.94565200805664 15.49432373046875 3.9000000953674316
v 8.066961288452148 16.358179092407227 4.099999904632568
v 8.143880844116211 16.514156341552734 4.199999809265137
v 9.032608985900879 15.644937515258789 4
v 9.1195650100708 15.795550346374512 4.099999904632568
v 9.206521987915039 15.946163177490234 4.199999809265137
v 8.59782600402832 14.891871452331543 3.5
v 8.684782981872559 15.042484283447266 3.5999999046325684
v 8.77173900604248 15.193098068237305 3.700000047683716
v 8.858695983886719 15.343710899353027 3.799999952316284
v 9.55339241027832 14.297661781311035 3.5
v 9.65001392364502 14.442265510559082 3.5999999046325684
v 9.746634483337402 14.586869239807129 3.700000047683716
v 9.843255043029785 14.73147201538086 3.799999952316284
v 9.939876556396484 14.876075744628906 3.9000000953674316
v 10.036497116088867 15.020679473876953 4
v 10.13311767578125 15.165282249450684 4.099999904632568
v 10.22973918914795 15.30988597869873 4.199999809265137
v 2.0250000953674316 3.5074028968811035 3.0999999046325684
v 2.0507965087890625 3.4627223014831543 3.0999999046325684
v 2.0250000953674316 3.5074028968811035 3.140000104904175
v 2.0250000953674316 3.5074028968811035 3.200000047683716
v 2.0250000953674316 3.5074028968811035 3.299999952316284
v 2.0250000953674316 3.5074028968811035 3.4000000953674316
v 2.0250000953674316 3.5074028968811035 3.5
v 2.0250000953674316 3.5074028968811035 3.5999999046325684
v 2.0250000953674316 3.5074028968811035 3.700000047683716
v 2.0250000953674316 3.5074028968811035 3.799999952316284
v 2.0250000953674316 3.5074028968811035 3.9000000953674316
v 2.0250000953674316 3.5074028968811035 4
v 2.0250000953674316 3.5074028968811035 4.099999904632568
v 2.0250000953674316 3.5074028968811035 4.199999809265137
v 1.1381228076000555e-15 18.586956024169922 4.300000190734863
v 1.2156450748443604 18.547161102294922 4.300000190734863
v 1.1487719175711734e-15 18.7608699798584 4.400000095367432
v 1.1594210275422913e-15 18.934782028198242 4.5
v 1.2270195484161377 18.720701217651367 4.400000095367432
v 1.238394021987915 18.894241333007812 4.5
v 2.426084518432617 18.427942276000977 4.300000190734863
v 2.448784828186035 18.60036849975586 4.400000095367432
v 2.471485137939453 18.77279281616211 4.5
v 1.180719247484527e-15 19.282608032226562 4.699999809265137
v 1.2611429691314697 19.241323471069336 4.699999809265137
v 1.1700701375134091e-15 19.10869598388672 4.599999904632568
v 1.2497684955596924 19.06778335571289 4.599999904632568
v 1.1913683574556449e-15 19.45652198791504 4.800000190734863
v 1.272517442703247 19.41486358642578 4.800000190734863
v 2.494185209274292 18.945219039916992 4.599999904632568
v 2.51688551902771 19.117643356323242 4.699999809265137
v 2.539585590362549 19.290067672729492 4.800000190734863
v 3.6261353492736816 18.229812622070312 4.300000190734863
v 3.660064220428467 18.4003849029541 4.400000095367432
v 3.693992853164673 18.570955276489258 4.5
v 4.810657978057861 17.95362091064453 4.300000190734863
v 4.855669975280762 18.12160873413086 4.400000095367432
v 4.900681972503662 18.289594650268555 4.5
v 3.727921724319458 18.741527557373047 4.599999904632568
v 3.761850357055664 18.912097930908203 4.699999809265137
v 3.795779228210449 19.082670211791992 4.800000190734863
v 4.9456939697265625 18.457582473754883 4.599999904632568
v 4.990705966949463 18.62557029724121 4.699999809265137
v 5.035717964172363 18.793556213378906 4.800000190734863
v 1.2020174674267628e-15 19.630434036254883 4.900000095367432
v 1.2126665773978806e-15 19.80434799194336 5
v 1.2233156873689985e-15 19.978260040283203 5.099999904632568
v 1.233964691460998e-15 20.15217399597168 5.199999809265137
v 1.2838919162750244 19.588403701782227 4.900000095367432
v 1.2952662706375122 19.761945724487305 5
v 2.562285900115967 19.462493896484375 4.900000095367432
v 1.3066407442092896 19.93548583984375 5.099999904632568
v 1.318015217781067 20.109025955200195 5.199999809265137
v 1.2446138014321159e-15 20.326087951660156 5.300000190734863
v 1.2552629114032337e-15 20.5 5.400000095367432
v 1.2552629114032337e-15 20.5 5.5
v 1.2552629114032337e-15 20.5 5.599999904632568
v 1.3293896913528442 20.282567977905273 5.300000190734863
v 1.3407641649246216 20.45610809326172 5.400000095367432
v 1.3407641649246216 20.45610809326172 5.5
v 1.3407641649246216 20.45610809326172 5.599999904632568
v 2.5849859714508057 19.634918212890625 5
v 3.8297078609466553 19.25324058532715 4.900000095367432
v 2.6076862812042236 19.807344436645508 5.099999904632568
v 2.6303863525390625 19.979768753051758 5.199999809265137
v 3.8636367321014404 19.423812866210938 5
v 5.080729961395264 18.961544036865234 4.900000095367432
v 3.8975653648376465 19.594383239746094 5.099999904632568
v 3.9314942359924316 19.764955520629883 5.199999809265137
v 2.6530866622924805 20.15219497680664 5.300000190734863
v 2.6757869720458984 20.32461929321289 5.400000095367432
v 2.6757869720458984 20.32461929321289 5.5
v 2.6757869720458984 20.32461929321289 5.599999904632568
v 3.9654228687286377 19.935527801513672 5.300000190734863
v 3.999351739883423 20.106098175048828 5.400000095367432
v 3.999351739883423 20.106098175048828 5.5
v 3.999351739883423 20.106098175048828 5.599999904632568
v 5.974581241607666 17.600549697875977 4.300000190734863
v 6.030483722686768 17.76523208618164 4.400000095367432
v 6.086386203765869 17.929916381835938 4.5
v 7.112920761108398 17.172109603881836 4.300000190734863
v 7.179474353790283 17.332782745361328 4.400000095367432
v 7.246027946472168 17.493457794189453 4.5
v 6.142288684844971 18.0945987701416 4.599999904632568
v 6.198191165924072 18.2592830657959 4.699999809265137
v 6.254094123840332 18.423967361450195 4.800000190734863
v 7.445688724517822 17.975482940673828 4.800000190734863
v 7.312581539154053 17.654132843017578 4.599999904632568
v 7.3791351318359375 17.814807891845703 4.699999809265137
v 8.220800399780273 16.670135498046875 4.300000190734863
v 8.297720909118652 16.826112747192383 4.400000095367432
v 8.374640464782715 16.98208999633789 4.5
v 9.293478012084961 16.096776962280273 4.300000190734863
v 9.3804349899292 16.24738883972168 4.400000095367432
v 9.467391014099121 16.39800262451172 4.5
v 8.451560020446777 17.13806915283203 4.599999904632568
v 8.52847957611084 17.29404640197754 4.699999809265137
v 8.605400085449219 17.450023651123047 4.800000190734863
v 9.641304016113281 16.699228286743164 4.699999809265137
v 9.55434799194336 16.548616409301758 4.599999904632568
v 9.72826099395752 16.849842071533203 4.800000190734863
v 5.125741958618164 19.129531860351562 5
v 6.309996604919434 18.58864974975586 4.900000095367432
v 6.365899085998535 18.753334045410156 5
v 5.1707539558410645 19.297517776489258 5.099999904632568
v 5.215765953063965 19.465505599975586 5.199999809265137
v 7.512242317199707 18.13615608215332 4.900000095367432
v 7.578795909881592 18.296831130981445 5
v 6.421801567077637 18.91801643371582 5.099999904632568
v 6.477704048156738 19.082700729370117 5.199999809265137
v 7.645349502563477 18.45750617980957 5.099999904632568
v 5.260777950286865 19.633493423461914 5.300000190734863
v 5.305789947509766 19.80147933959961 5.400000095367432
v 5.305789947509766 19.80147933959961 5.5
v 5.305789947509766 19.80147933959961 5.599999904632568
v 6.53360652923584 19.247385025024414 5.300000190734863
v 6.589509010314941 19.412067413330078 5.400000095367432
v 6.589509010314941 19.412067413330078 5.5
v 6.589509010314941 19.412067413330078 5.599999904632568
v 7.711903095245361 18.618181228637695 5.199999809265137
v 8.913078308105469 18.07393455505371 5.199999809265137
v 8.682319641113281 17.606000900268555 4.900000095367432
v 8.759239196777344 17.761980056762695 5
v 8.836158752441406 17.917957305908203 5.099999904632568
v 9.815217018127441 17.000455856323242 4.900000095367432
v 9.90217399597168 17.15106773376465 5
v 9.989130020141602 17.301681518554688 5.099999904632568
v 10.07608699798584 17.452295303344727 5.199999809265137
v 7.778457164764404 18.77885627746582 5.300000190734863
v 7.845010757446289 18.939529418945312 5.400000095367432
v 7.845010757446289 18.939529418945312 5.5
v 7.845010757446289 18.939529418945312 5.599999904632568
v 8.989998817443848 18.22991371154785 5.300000190734863
v 9.06691837310791 18.38589096069336 5.400000095367432
v 9.06691837310791 18.38589096069336 5.5
v 9.06691837310791 18.38589096069336 5.599999904632568
v 10.163043975830078 17.602907180786133 5.300000190734863
v 2.0250000953674316 3.5074028968811035 4.300000190734863
v 2.0250000953674316 3.5074028968811035 4.400000095367432
v 2.0250000953674316 3.5074028968811035 4.5
v 2.0250000953674316 3.5074028968811035 4.599999904632568
v 2.0250000953674316 3.5074028968811035 4.699999809265137
v 2.0250000953674316 3.5074028968811035 4.800000190734863
v 2.0250000953674316 3.5074028968811035 4.900000095367432
v 2.0250000953674316 3.5074028968811035 5
v 2.0250000953674316 3.5074028968811035 5.099999904632568
v 2.0250000953674316 3.5074028968811035 5.199999809265137
v 2.0250000953674316 3.5074028968811035 5.300000190734863
v 2.0250000953674316 3.5074028968811035 5.400000095367432
v 2.0250000953674316 3.5074028968811035 5.5
v 2.0250000953674316 3.5074028968811035 5.599999904632568
v 10.879205703735352 12.405356407165527 3.0999999046325684
v 11.667262077331543 11.667262077331543 3.0999999046325684
v 12.405356407165527 10.879205703735352 3.0999999046325684
v 10.256306648254395 13.366279602050781 3.299999952316284
v 10.362177848815918 13.504253387451172 3.4000000953674316
v 10.993874549865723 12.536111831665039 3.200000047683716
v 11.108543395996094 12.666866302490234 3.299999952316284
v 11.223212242126465 12.79762077331543 3.4000000953674316
v 11.790237426757812 11.790237426757812 3.200000047683716
v 11.913211822509766 11.913211822509766 3.299999952316284
v 12.536111831665039 10.993874549865723 3.200000047683716
v 12.666866302490234 11.108543395996094 3.299999952316284
v 12.036187171936035 12.036187171936035 3.4000000953674316
v 12.79762077331543 11.223212242126465 3.4000000953674316
v 13.366279602050781 10.256306648254395 3.299999952316284
v 13.504253387451172 10.362177848815918 3.4000000953674316
v 10.468050003051758 13.642228126525879 3.5
v 10.573921203613281 13.780202865600586 3.5999999046325684
v 11.337881088256836 12.928376197814941 3.5
v 11.452549934387207 13.059130668640137 3.5999999046325684
v 10.679792404174805 13.918177604675293 3.700000047683716
v 10.785664558410645 14.056151390075684 3.799999952316284
v 11.567218780517578 13.189885139465332 3.700000047683716
v 11.68188762664795 13.320639610290527 3.799999952316284
v 12.159162521362305 12.159162521362305 3.5
v 12.282136917114258 12.282136917114258 3.5999999046325684
v 12.405112266540527 12.405112266540527 3.700000047683716
v 12.528087615966797 12.528087615966797 3.799999952316284
v 10.891535758972168 14.19412612915039 3.9000000953674316
v 10.997406959533691 14.332100868225098 4
v 11.103279113769531 14.470075607299805 4.099999904632568
v 11.209150314331055 14.608049392700195 4.199999809265137
v 11.79655647277832 13.451395034790039 3.9000000953674316
v 11.911225318908691 13.582149505615234 4
v 12.025894165039062 13.71290397644043 4.099999904632568
v 12.140563011169434 13.843659400939941 4.199999809265137
v 12.651062965393066 12.651062965393066 3.9000000953674316
v 12.77403736114502 12.77403736114502 4
v 12.928376197814941 11.337881088256836 3.5
v 13.059130668640137 11.452549934387207 3.5999999046325684
v 13.642228126525879 10.468050003051758 3.5
v 13.780202865600586 10.573921203613281 3.5999999046325684
v 13.189885139465332 11.567218780517578 3.700000047683716
v 13.320639610290527 11.68188762664795 3.799999952316284
v 13.918177604675293 10.679792404174805 3.700000047683716
v 14.056151390075684 10.785664558410645 3.799999952316284
v 12.897012710571289 12.897012710571289 4.099999904632568
v 13.019988059997559 13.019988059997559 4.199999809265137
v 13.451395034790039 11.79655647277832 3.9000000953674316
v 13.582149505615234 11.911225318908691 4
v 13.71290397644043 12.025894165039062 4.099999904632568
v 13.843659400939941 12.140563011169434 4.199999809265137
v 14.19412612915039 10.891535758972168 3.9000000953674316
v 14.332100868225098 10.997406959533691 4
v 14.470075607299805 11.103279113769531 4.099999904632568
v 14.608049392700195 11.209150314331055 4.199999809265137
v 13.090330123901367 10.044563293457031 3.0999999046325684
v 13.71924877166748 9.166909217834473 3.0999999046325684
v 14.289419174194336 8.25 3.0999999046325684
v 14.798399925231934 7.297763347625732 3.0999999046325684
v 15.244011878967285 6.314276695251465 3.0999999046325684
v 13.228304862976074 10.150434494018555 3.200000047683716
v 13.863851547241211 9.263529777526855 3.200000047683716
v 14.008455276489258 9.360151290893555 3.299999952316284
v 14.440032005310059 8.336956977844238 3.200000047683716
v 14.590645790100098 8.42391300201416 3.299999952316284
v 14.153059005737305 9.456771850585938 3.4000000953674316
v 14.74125862121582 8.510869979858398 3.4000000953674316
v 14.954378128051758 7.374683380126953 3.200000047683716
v 15.110356330871582 7.451602935791016 3.299999952316284
v 15.26633358001709 7.528522968292236 3.4000000953674316
v 14.297661781311035 9.55339241027832 3.5
v 14.442265510559082 9.65001392364502 3.5999999046325684
v 14.891871452331543 8.59782600402832 3.5
v 15.042484283447266 8.684782981872559 3.5999999046325684
v 14.586869239807129 9.746634483337402 3.700000047683716
v 14.73147201538086 9.843255043029785 3.799999952316284
v 15.193098068237305 8.77173900604248 3.700000047683716
v 15.343710899353027 8.858695983886719 3.799999952316284
v 14.876075744628906 9.939876556396484 3.9000000953674316
v 15.020679473876953 10.036497116088867 4
v 15.165282249450684 10.13311767578125 4.099999904632568
v 15.30988597869873 10.22973918914795 4.199999809265137
v 15.624346733093262 5.303750991821289 3.0999999046325684
v 15.565361976623535 6.447383880615234 3.299999952316284
v 15.40468692779541 6.38083028793335 3.200000047683716
v 15.789031028747559 5.359653472900391 3.200000047683716
v 15.953714370727539 5.415555953979492 3.299999952316284
v 15.726036071777344 6.513937950134277 3.4000000953674316
v 16.118396759033203 5.471458911895752 3.4000000953674316
v 15.937776565551758 4.270514011383057 3.0999999046325684
v 16.18295669555664 3.2189903259277344 3.0999999046325684
v 16.358840942382812 2.153682231903076 3.0999999046325684
v 16.464672088623047 1.0791516304016113 3.0999999046325684
v 16.105762481689453 4.315526008605957 3.200000047683716
v 16.27375030517578 4.360538005828857 3.299999952316284
v 16.35352897644043 3.2529191970825195 3.200000047683716
v 16.524099349975586 3.2868478298187256 3.299999952316284
v 16.44173812866211 4.405550003051758 3.4000000953674316
v 16.694671630859375 3.3207767009735107 3.4000000953674316
v 16.531265258789062 2.176382303237915 3.200000047683716
v 16.638212203979492 1.0905261039733887 3.200000047683716
v 16.703691482543945 2.199082612991333 3.299999952316284
v 16.81175422668457 1.101900577545166 3.299999952316284
v 16.876115798950195 2.221782684326172 3.4000000953674316
v 16.985294342041016 1.1132750511169434 3.4000000953674316
v 15.734267234802246 7.759282112121582 3.700000047683716
v 15.89024543762207 7.8362016677856445 3.799999952316284
v 15.422311782836914 7.605442523956299 3.5
v 15.886711120605469 6.580491542816162 3.5
v 15.578289985656738 7.6823625564575195 3.5999999046325684
v 16.047386169433594 6.647045135498047 3.5999999046325684
v 16.2830810546875 5.5273613929748535 3.5
v 16.447765350341797 5.583263874053955 3.5999999046325684
v 16.20806121826172 6.713598728179932 3.700000047683716
v 16.36873435974121 6.780152320861816 3.799999952316284
v 16.61244773864746 5.639166355133057 3.700000047683716
v 16.777132034301758 5.695068836212158 3.799999952316284
v 15.644937515258789 9.032608985900879 4
v 15.49432373046875 8.94565200805664 3.9000000953674316
v 16.046222686767578 7.913121700286865 3.9000000953674316
v 16.20220184326172 7.990041255950928 4
v 15.795550346374512 9.1195650100708 4.099999904632568
v 15.946163177490234 9.206521987915039 4.199999809265137
v 16.358179092407227 8.066961288452148 4.099999904632568
v 16.514156341552734 8.143880844116211 4.199999809265137
v 16.529409408569336 6.846705913543701 3.9000000953674316
v 16.69008445739746 6.913259506225586 4
v 16.941814422607422 5.75097131729126 3.9000000953674316
v 17.10649871826172 5.806873798370361 4
v 16.850759506225586 6.979813098907471 4.099999904632568
v 17.01143455505371 7.0463666915893555 4.199999809265137
v 17.271183013916016 5.862776279449463 4.099999904632568
v 17.43586540222168 5.9186787605285645 4.199999809265137
v 16.609724044799805 4.450562000274658 3.5
v 16.777711868286133 4.495573997497559 3.5999999046325684
v 16.86524200439453 3.354705333709717 3.5
v 17.03581428527832 3.388634204864502 3.5999999046325684
v 16.94569969177246 4.540585994720459 3.700000047683716
v 17.113685607910156 4.585597991943359 3.799999952316284
v 17.206384658813477 3.422562837600708 3.700000047683716
v 17.376956939697266 3.456491708755493 3.799999952316284
v 17.048540115356445 2.24448299407959 3.5
v 17.220966339111328 2.2671830654144287 3.5999999046325684
v 17.15883445739746 1.1246495246887207 3.5
v 17.33237648010254 1.1360238790512085 3.5999999046325684
v 17.393390655517578 2.2898833751678467 3.700000047683716
v 17.56581687927246 2.3125836849212646 3.799999952316284
v 17.505916595458984 1.1473983526229858 3.700000047683716
v 17.67945671081543 1.1587728261947632 3.799999952316284
v 17.281673431396484 4.63060998916626 3.9000000953674316
v 17.44965934753418 4.67562198638916 4
v 17.547527313232422 3.490420341491699 3.9000000953674316
v 17.71809959411621 3.5243492126464844 4
v 17.617647171020508 4.7206339836120605 4.099999904632568
v 17.785634994506836 4.765645980834961 4.199999809265137
v 17.888669967651367 3.5582778453826904 4.099999904632568
v 17.73824119567871 2.3352837562561035 3.9000000953674316
v 17.910667419433594 2.3579840660095215 4
v 17.852996826171875 1.1701472997665405 3.9000000953674316
v 18.059242248535156 3.5922067165374756 4.199999809265137
v 18.026538848876953 1.1815217733383179 4
v 18.083091735839844 2.3806841373443604 4.099999904632568
v 18.255517959594727 2.4033844470977783 4.199999809265137
v 18.2000789642334 1.1928962469100952 4.099999904632568
v 18.373619079589844 1.2042707204818726 4.199999809265137
v 10.326359748840332 15.454489707946777 4.300000190734863
v 10.422981262207031 15.599092483520508 4.400000095367432
v 10.519601821899414 15.743696212768555 4.5
v 10.616222381591797 15.888299942016602 4.599999904632568
v 10.712843894958496 16.03290367126465 4.699999809265137
v 10.809464454650879 16.177507400512695 4.800000190734863
v 11.844379425048828 15.435896873474121 4.800000190734863
v 11.315022468566895 14.746024131774902 4.300000190734863
v 11.420893669128418 14.88399887084961 4.400000095367432
v 11.526764869689941 15.021973609924316 4.5
v 12.255231857299805 13.974413871765137 4.300000190734863
v 12.369900703430176 14.105168342590332 4.400000095367432
v 12.484569549560547 14.235922813415527 4.5
v 11.632637023925781 15.159947395324707 4.599999904632568
v 11.738508224487305 15.297922134399414 4.699999809265137
v 12.599238395690918 14.366678237915039 4.599999904632568
v 12.713907241821289 14.497432708740234 4.699999809265137
v 13.142963409423828 13.142963409423828 4.300000190734863
v 13.265937805175781 13.265937805175781 4.400000095367432
v 13.38891315460205 13.38891315460205 4.5
v 13.974413871765137 12.255231857299805 4.300000190734863
v 14.746024131774902 11.315022468566895 4.300000190734863
v 14.105168342590332 12.369900703430176 4.400000095367432
v 14.235922813415527 12.484569549560547 4.5
v 14.88399887084961 11.420893669128418 4.400000095367432
v 15.021973609924316 11.526764869689941 4.5
v 13.51188850402832 13.51188850402832 4.599999904632568
v 13.63486385345459 13.63486385345459 4.699999809265137
v 12.82857608795166 14.62818717956543 4.800000190734863
v 13.757838249206543 13.757838249206543 4.800000190734863
v 14.62818717956543 12.82857608795166 4.800000190734863
v 14.366678237915039 12.599238395690918 4.599999904632568
v 14.497432708740234 12.713907241821289 4.699999809265137
v 15.159947395324707 11.632637023925781 4.599999904632568
v 15.297922134399414 11.738508224487305 4.699999809265137
v 10.906085014343262 16.32210922241211 4.900000095367432
v 11.002706527709961 16.466712951660156 5
v 11.195947647094727 16.75592041015625 5.199999809265137
v 11.099327087402344 16.611316680908203 5.099999904632568
v 11.950251579284668 15.573870658874512 4.900000095367432
v 12.056122779846191 15.711845397949219 5
v 12.161993980407715 15.849820137023926 5.099999904632568
v 12.267866134643555 15.987794876098633 5.199999809265137
v 10.25 17.753520965576172 5.400000095367432
v 11.292569160461426 16.900524139404297 5.300000190734863
v 11.389189720153809 17.04512596130371 5.400000095367432
v 10.25 17.753520965576172 5.5
v 10.25 17.753520965576172 5.599999904632568
v 11.389189720153809 17.04512596130371 5.5
v 11.389189720153809 17.04512596130371 5.599999904632568
v 12.373737335205078 16.125768661499023 5.300000190734863
v 12.479609489440918 16.263744354248047 5.400000095367432
v 12.479609489440918 16.263744354248047 5.5
v 12.479609489440918 16.263744354248047 5.599999904632568
v 13.516589164733887 15.412715911865234 5.400000095367432
v 13.516589164733887 15.412715911865234 5.5
v 13.516589164733887 15.412715911865234 5.599999904632568
v 12.943244934082031 14.758942604064941 4.900000095367432
v 13.057913780212402 14.889697074890137 5
v 13.880813598632812 13.880813598632812 4.900000095367432
v 14.003788948059082 14.003788948059082 5
v 13.172582626342773 15.020451545715332 5.099999904632568
v 13.287251472473145 15.151206016540527 5.199999809265137
v 14.758942604064941 12.943244934082031 4.900000095367432
v 14.889697074890137 13.057913780212402 5
v 14.126763343811035 14.126763343811035 5.099999904632568
v 14.249738693237305 14.249738693237305 5.199999809265137
v 15.020451545715332 13.172582626342773 5.099999904632568
v 15.151206016540527 13.287251472473145 5.199999809265137
v 13.401920318603516 15.281961441040039 5.300000190734863
v 14.372714042663574 14.372714042663574 5.300000190734863
v 14.495689392089844 14.495689392089844 5.400000095367432
v 15.281961441040039 13.401920318603516 5.300000190734863
v 14.495689392089844 14.495689392089844 5.5
v 14.495689392089844 14.495689392089844 5.599999904632568
v 15.454489707946777 10.326359748840332 4.300000190734863
v 15.599092483520508 10.422981262207031 4.400000095367432
v 15.743696212768555 10.519601821899414 4.5
v 15.888299942016602 10.616222381591797 4.599999904632568
v 16.03290367126465 10.712843894958496 4.699999809265137
v 15.435896873474121 11.844379425048828 4.800000190734863
v 16.177507400512695 10.809464454650879 4.800000190734863
v 15.573870658874512 11.950251579284668 4.900000095367432
v 15.711845397949219 12.056122779846191 5
v 16.32210922241211 10.906085014343262 4.900000095367432
v 16.466712951660156 11.002706527709961 5
v 15.849820137023926 12.161993980407715 5.099999904632568
v 15.987794876098633 12.267866134643555 5.199999809265137
v 16.611316680908203 11.099327087402344 5.099999904632568
v 16.75592041015625 11.195947647094727 5.199999809265137
v 15.412715911865234 13.516589164733887 5.400000095367432
v 15.412715911865234 13.516589164733887 5.5
v 15.412715911865234 13.516589164733887 5.599999904632568
v 16.125768661499023 12.373737335205078 5.300000190734863
v 16.263744354248047 12.479609489440918 5.400000095367432
v 16.263744354248047 12.479609489440918 5.5
v 16.263744354248047 12.479609489440918 5.599999904632568
v 16.900524139404297 11.292569160461426 5.300000190734863
v 17.04512596130371 11.389189720153809 5.400000095367432
v 17.04512596130371 11.389189720153809 5.5
v 17.04512596130371 11.389189720153809 5.599999904632568
v 16.096776962280273 9.293478012084961 4.300000190734863
v 16.24738883972168 9.3804349899292 4.400000095367432
v 16.39800262451172 9.467391014099121 4.5
v 16.670135498046875 8.220800399780273 4.300000190734863
v 16.826112747192383 8.297720909118652 4.400000095367432
v 16.98208999633789 8.374640464782715 4.5
v 17.172109603881836 7.112920761108398 4.300000190734863
v 17.600549697875977 5.974581241607666 4.300000190734863
v 17.332782745361328 7.179474353790283 4.400000095367432
v 17.493457794189453 7.246027946472168 4.5
v 17.76523208618164 6.030483722686768 4.400000095367432
v 17.929916381835938 6.086386203765869 4.5
v 16.548616409301758 9.55434799194336 4.599999904632568
v 16.699228286743164 9.641304016113281 4.699999809265137
v 17.13806915283203 8.451560020446777 4.599999904632568
v 17.29404640197754 8.52847957611084 4.699999809265137
v 16.849842071533203 9.72826099395752 4.800000190734863
v 17.450023651123047 8.605400085449219 4.800000190734863
v 17.654132843017578 7.312581539154053 4.599999904632568
v 17.814807891845703 7.3791351318359375 4.699999809265137
v 18.0945987701416 6.142288684844971 4.599999904632568
v 18.2592830657959 6.198191165924072 4.699999809265137
v 17.975482940673828 7.445688724517822 4.800000190734863
v 18.423967361450195 6.254094123840332 4.800000190734863
v 17.95362091064453 4.810657978057861 4.300000190734863
v 18.229812622070312 3.6261353492736816 4.300000190734863
v 18.12160873413086 4.855669975280762 4.400000095367432
v 18.289594650268555 4.900681972503662 4.5
v 18.4003849029541 3.660064220428467 4.400000095367432
v 18.570955276489258 3.693992853164673 4.5
v 18.427942276000977 2.426084518432617 4.300000190734863
v 18.547161102294922 1.2156450748443604 4.300000190734863
v 18.60036849975586 2.448784828186035 4.400000095367432
v 18.77279281616211 2.471485137939453 4.5
v 18.720701217651367 1.2270195484161377 4.400000095367432
v 18.894241333007812 1.238394021987915 4.5
v 18.457582473754883 4.9456939697265625 4.599999904632568
v 18.62557029724121 4.990705966949463 4.699999809265137
v 18.741527557373047 3.727921724319458 4.599999904632568
v 18.912097930908203 3.761850357055664 4.699999809265137
v 18.793556213378906 5.035717964172363 4.800000190734863
v 19.082670211791992 3.795779228210449 4.800000190734863
v 18.945219039916992 2.494185209274292 4.599999904632568
v 19.117643356323242 2.51688551902771 4.699999809265137
v 19.06778335571289 1.2497684955596924 4.599999904632568
v 19.241323471069336 1.2611429691314697 4.699999809265137
v 19.290067672729492 2.539585590362549 4.800000190734863
v 19.41486358642578 1.272517442703247 4.800000190734863
v 17.000455856323242 9.815217018127441 4.900000095367432
v 17.15106773376465 9.90217399597168 5
v 17.606000900268555 8.682319641113281 4.900000095367432
v 17.761980056762695 8.759239196777344 5
v 17.301681518554688 9.989130020141602 5.099999904632568
v 17.452295303344727 10.07608699798584 5.199999809265137
v 17.917957305908203 8.836158752441406 5.099999904632568
v 17.602907180786133 10.163043975830078 5.300000190734863
v 17.753520965576172 10.25 5.400000095367432
v 17.753520965576172 10.25 5.5
v 17.753520965576172 10.25 5.599999904632568
v 18.07393455505371 8.913078308105469 5.199999809265137
v 18.618181228637695 7.711903095245361 5.199999809265137
v 18.13615608215332 7.512242317199707 4.900000095367432
v 18.296831130981445 7.578795909881592 5
v 18.58864974975586 6.309996604919434 4.900000095367432
v 18.753334045410156 6.365899085998535 5
v 19.129531860351562 5.125741958618164 5
v 18.45750617980957 7.645349502563477 5.099999904632568
v 18.91801643371582 6.421801567077637 5.099999904632568
v 19.082700729370117 6.477704048156738 5.199999809265137
v 19.297517776489258 5.1707539558410645 5.099999904632568
v 19.465505599975586 5.215765953063965 5.199999809265137
v 18.22991371154785 8.989998817443848 5.300000190734863
v 18.38589096069336 9.06691837310791 5.400000095367432
v 18.77885627746582 7.778457164764404 5.300000190734863
v 18.939529418945312 7.845010757446289 5.400000095367432
v 18.38589096069336 9.06691837310791 5.5
v 18.38589096069336 9.06691837310791 5.599999904632568
v 18.939529418945312 7.845010757446289 5.5
v 18.939529418945312 7.845010757446289 5.599999904632568
v 19.247385025024414 6.53360652923584 5.300000190734863
v 19.412067413330078 6.589509010314941 5.400000095367432
v 19.633493423461914 5.260777950286865 5.300000190734863
v 19.80147933959961 5.305789947509766 5.400000095367432
v 19.412067413330078 6.589509010314941 5.5
v 19.412067413330078 6.589509010314941 5.599999904632568
v 19.80147933959961 5.305789947509766 5.5
v 19.80147933959961 5.305789947509766 5.599999904632568
v 18.961544036865234 5.080729961395264 4.900000095367432
v 19.423812866210938 3.8636367321014404 5
v 19.25324058532715 3.8297078609466553 4.900000095367432
v 19.634918212890625 2.5849859714508057 5
v 19.594383239746094 3.8975653648376465 5.099999904632568
v 19.764955520629883 3.9314942359924316 5.199999809265137
v 19.807344436645508 2.6076862812042236 5.099999904632568
v 19.979768753051758 2.6303863525390625 5.199999809265137
v 19.462493896484375 2.562285900115967 4.900000095367432
v 19.588403701782227 1.2838919162750244 4.900000095367432
v 19.761945724487305 1.2952662706375122 5
v 19.93548583984375 1.3066407442092896 5.099999904632568
v 20.109025955200195 1.318015217781067 5.199999809265137
v 19.935527801513672 3.9654228687286377 5.300000190734863
v 20.106098175048828 3.999351739883423 5.400000095367432
v 20.15219497680664 2.6530866622924805 5.300000190734863
v 20.32461929321289 2.6757869720458984 5.400000095367432
v 20.106098175048828 3.999351739883423 5.5
v 20.106098175048828 3.999351739883423 5.599999904632568
v 20.32461929321289 2.6757869720458984 5.5
v 20.32461929321289 2.6757869720458984 5.599999904632568
v 20.282567977905273 1.3293896913528442 5.300000190734863
v 20.45610809326172 1.3407641649246216 5.400000095367432
v 20.45610809326172 1.3407641649246216 5.5
v 20.45610809326172 1.3407641649246216 5.599999904632568
v 2.0250000953674316 -3.5074028968811035 3.0999999046325684
v 2.0250000953674316 -3.5074028968811035 3.140000104904175
v 2.0250000953674316 -3.5074028968811035 3.200000047683716
v 2.0250000953674316 -3.5074028968811035 3.299999952316284
v 2.0250000953674316 -3.5074028968811035 3.4000000953674316
v 4.050000190734863 9.491012114918316e-17 3.0999999046325684
v 4.050000190734863 1.8982025553325612e-16 3.140000104904175
v 4.050000190734863 1.8982025553325612e-16 3.299999952316284
v 4.050000190734863 1.8982025553325612e-16 3.4000000953674316
v 2.0250000953674316 -3.5074028968811035 3.5
v 2.0250000953674316 -3.5074028968811035 3.5999999046325684
v 2.0250000953674316 -3.5074028968811035 3.700000047683716
v 2.0250000953674316 -3.5074028968811035 3.799999952316284
v 2.0250000953674316 -3.5074028968811035 3.9000000953674316
v 2.0250000953674316 -3.5074028968811035 4
v 2.0250000953674316 -3.5074028968811035 4.099999904632568
v 2.0250000953674316 -3.5074028968811035 4.199999809265137
v 4.050000190734863 1.8982025553325612e-16 3.5
v 4.050000190734863 1.8982024229836632e-16 3.5999999046325684
v 4.050000190734863 1.8982025553325612e-16 3.700000047683716
v 4.050000190734863 1.8982025553325612e-16 3.799999952316284
v 4.050000190734863 1.8982025553325612e-16 3.9000000953674316
v 4.050000190734863 1.8982025553325612e-16 4
v 4.050000190734863 1.8982024229836632e-16 4.099999904632568
v 4.050000190734863 1.8982024229836632e-16 4.199999809265137
v 1.0791516304016113 -16.464672088623047 3.0999999046325684
v 2.153682231903076 -16.358840942382812 3.0999999046325684
v 1.0905261039733887 -16.638212203979492 3.200000047683716
v 1.101900577545166 -16.81175422668457 3.299999952316284
v 1.1132750511169434 -16.985294342041016 3.4000000953674316
v 2.176382303237915 -16.531265258789062 3.200000047683716
v 2.199082612991333 -16.703691482543945 3.299999952316284
v 2.221782684326172 -16.876115798950195 3.4000000953674316
v 3.2189903259277344 -16.18295669555664 3.0999999046325684
v 4.270514011383057 -15.937776565551758 3.0999999046325684
v 3.2529191970825195 -16.35352897644043 3.200000047683716
v 3.2868478298187256 -16.524099349975586 3.299999952316284
v 3.3207767009735107 -16.694671630859375 3.4000000953674316
v 4.315526008605957 -16.105762481689453 3.200000047683716
v 4.360538005828857 -16.27375030517578 3.299999952316284
v 4.405550003051758 -16.44173812866211 3.4000000953674316
v 1.1246495246887207 -17.15883445739746 3.5
v 1.1360238790512085 -17.33237648010254 3.5999999046325684
v 1.1473983526229858 -17.505916595458984 3.700000047683716
v 1.1587728261947632 -17.67945671081543 3.799999952316284
v 2.24448299407959 -17.048540115356445 3.5
v 2.2671830654144287 -17.220966339111328 3.5999999046325684
v 2.2898833751678467 -17.393390655517578 3.700000047683716
v 2.3125836849212646 -17.56581687927246 3.799999952316284
v 1.1701472997665405 -17.852996826171875 3.9000000953674316
v 2.3352837562561035 -17.73824119567871 3.9000000953674316
v 2.3579840660095215 -17.910667419433594 4
v 1.1815217733383179 -18.026538848876953 4
v 1.1928962469100952 -18.2000789642334 4.099999904632568
v 1.2042707204818726 -18.373619079589844 4.199999809265137
v 2.3806841373443604 -18.083091735839844 4.099999904632568
v 2.4033844470977783 -18.255517959594727 4.199999809265137
v 3.354705333709717 -16.86524200439453 3.5
v 3.388634204864502 -17.03581428527832 3.5999999046325684
v 3.422562837600708 -17.206384658813477 3.700000047683716
v 3.456491708755493 -17.376956939697266 3.799999952316284
v 4.450562000274658 -16.609724044799805 3.5
v 4.495573997497559 -16.777711868286133 3.5999999046325684
v 4.540585994720459 -16.94569969177246 3.700000047683716
v 4.585597991943359 -17.113685607910156 3.799999952316284
v 3.490420341491699 -17.547527313232422 3.9000000953674316
v 3.5243492126464844 -17.71809959411621 4
v 3.5582778453826904 -17.888669967651367 4.099999904632568
v 4.63060998916626 -17.281673431396484 3.9000000953674316
v 4.67562198638916 -17.44965934753418 4
v 4.7206339836120605 -17.617647171020508 4.099999904632568
v 4.765645980834961 -17.785634994506836 4.199999809265137
v 3.5922067165374756 -18.059242248535156 4.199999809265137
v 6.314276695251465 -15.244011878967285 3.0999999046325684
v 7.297763347625732 -14.798399925231934 3.0999999046325684
v 7.374683380126953 -14.954378128051758 3.200000047683716
v 7.451602935791016 -15.110356330871582 3.299999952316284
v 7.528522968292236 -15.26633358001709 3.4000000953674316
v 8.25 -14.289419174194336 3.0999999046325684
v 9.166909217834473 -13.71924877166748 3.0999999046325684
v 10.044563293457031 -13.090330123901367 3.0999999046325684
v 8.336956977844238 -14.440032005310059 3.200000047683716
v 8.42391300201416 -14.590645790100098 3.299999952316284
v 8.510869979858398 -14.74125862121582 3.4000000953674316
v 9.263529777526855 -13.863851547241211 3.200000047683716
v 9.360151290893555 -14.008455276489258 3.299999952316284
v 10.150434494018555 -13.228304862976074 3.200000047683716
v 9.456771850585938 -14.153059005737305 3.4000000953674316
v 5.303750991821289 -15.624346733093262 3.0999999046325684
v 5.359653472900391 -15.789031028747559 3.200000047683716
v 5.415555953979492 -15.953714370727539 3.299999952316284
v 6.38083028793335 -15.40468692779541 3.200000047683716
v 5.471458911895752 -16.118396759033203 3.4000000953674316
v 6.447383880615234 -15.565361976623535 3.299999952316284
v 6.513937950134277 -15.726036071777344 3.4000000953674316
v 8.59782600402832 -14.891871452331543 3.5
v 8.684782981872559 -15.042484283447266 3.5999999046325684
v 8.77173900604248 -15.193098068237305 3.700000047683716
v 8.858695983886719 -15.343710899353027 3.799999952316284
v 9.55339241027832 -14.297661781311035 3.5
v 9.65001392364502 -14.442265510559082 3.5999999046325684
v 9.746634483337402 -14.586869239807129 3.700000047683716
v 9.843255043029785 -14.73147201538086 3.799999952316284
v 9.939876556396484 -14.876075744628906 3.9000000953674316
v 10.036497116088867 -15.020679473876953 4
v 10.13311767578125 -15.165282249450684 4.099999904632568
v 10.22973918914795 -15.30988597869873 4.199999809265137
v 5.5273613929748535 -16.2830810546875 3.5
v 5.583263874053955 -16.447765350341797 3.5999999046325684
v 5.639166355133057 -16.61244773864746 3.700000047683716
v 5.695068836212158 -16.777132034301758 3.799999952316284
v 6.580491542816162 -15.886711120605469 3.5
v 6.647045135498047 -16.047386169433594 3.5999999046325684
v 7.605442523956299 -15.422311782836914 3.5
v 7.6823625564575195 -15.578289985656738 3.5999999046325684
v 6.713598728179932 -16.20806121826172 3.700000047683716
v 6.780152320861816 -16.36873435974121 3.799999952316284
v 5.75097131729126 -16.941814422607422 3.9000000953674316
v 5.806873798370361 -17.10649871826172 4
v 5.862776279449463 -17.271183013916016 4.099999904632568
v 5.9186787605285645 -17.43586540222168 4.199999809265137
v 6.846705913543701 -16.529409408569336 3.9000000953674316
v 6.913259506225586 -16.69008445739746 4
v 6.979813098907471 -16.850759506225586 4.099999904632568
v 7.0463666915893555 -17.01143455505371 4.199999809265137
v 7.759282112121582 -15.734267234802246 3.700000047683716
v 7.8362016677856445 -15.89024543762207 3.799999952316284
v 7.913121700286865 -16.046222686767578 3.9000000953674316
v 7.990041255950928 -16.20220184326172 4
v 8.94565200805664 -15.49432373046875 3.9000000953674316
v 8.066961288452148 -16.358179092407227 4.099999904632568
v 8.143880844116211 -16.514156341552734 4.199999809265137
v 9.032608985900879 -15.644937515258789 4
v 9.1195650100708 -15.795550346374512 4.099999904632568
v 9.206521987915039 -15.946163177490234 4.199999809265137
v 2.0250000953674316 -3.5074028968811035 4.300000190734863
v 2.0250000953674316 -3.5074028968811035 4.400000095367432
v 2.0250000953674316 -3.5074028968811035 4.5
v 2.0250000953674316 -3.5074028968811035 4.599999904632568
v 2.0250000953674316 -3.5074028968811035 4.699999809265137
v 2.0250000953674316 -3.5074028968811035 4.800000190734863
v 4.050000190734863 1.8982026876814592e-16 4.300000190734863
v 4.050000190734863 1.8982026876814592e-16 4.400000095367432
v 4.050000190734863 1.8982025553325612e-16 4.5
v 4.050000190734863 1.8982025553325612e-16 4.599999904632568
v 4.050000190734863 1.8982024229836632e-16 4.699999809265137
v 4.050000190734863 1.8982025553325612e-16 4.800000190734863
v 2.0250000953674316 -3.5074028968811035 4.900000095367432
v 2.0250000953674316 -3.5074028968811035 5
v 2.0250000953674316 -3.5074028968811035 5.099999904632568
v 2.0250000953674316 -3.5074028968811035 5.199999809265137
v 2.0250000953674316 -3.5074028968811035 5.300000190734863
v 2.0250000953674316 -3.5074028968811035 5.400000095367432
v 2.0250000953674316 -3.5074028968811035 5.5
v 2.0250000953674316 -3.5074028968811035 5.599999904632568
v 4.050000190734863 1.8982025553325612e-16 4.900000095367432
v 4.050000190734863 1.8982025553325612e-16 5
v 4.050000190734863 1.8982024229836632e-16 5.099999904632568
v 4.050000190734863 1.8982024229836632e-16 5.199999809265137
v 4.050000190734863 1.8982025553325612e-16 5.300000190734863
v 4.050000190734863 1.8982025553325612e-16 5.400000095367432
v 4.050000190734863 1.8982024229836632e-16 5.5
v 4.050000190734863 1.8982024229836632e-16 5.599999904632568
v 1.2156450748443604 -18.547161102294922 4.300000190734863
v 1.2270195484161377 -18.720701217651367 4.400000095367432
v 1.238394021987915 -18.894241333007812 4.5
v 2.426084518432617 -18.427942276000977 4.300000190734863
v 2.448784828186035 -18.60036849975586 4.400000095367432
v 2.471485137939453 -18.77279281616211 4.5
v 1.2497684955596924 -19.06778335571289 4.599999904632568
v 1.2611429691314697 -19.241323471069336 4.699999809265137
v 1.272517442703247 -19.41486358642578 4.800000190734863
v 2.494185209274292 -18.945219039916992 4.599999904632568
v 2.51688551902771 -19.117643356323242 4.699999809265137
v 2.539585590362549 -19.290067672729492 4.800000190734863
v 3.6261353492736816 -18.229812622070312 4.300000190734863
v 3.660064220428467 -18.4003849029541 4.400000095367432
v 3.693992853164673 -18.570955276489258 4.5
v 4.810657978057861 -17.95362091064453 4.300000190734863
v 4.855669975280762 -18.12160873413086 4.400000095367432
v 4.900681972503662 -18.289594650268555 4.5
v 3.727921724319458 -18.741527557373047 4.599999904632568
v 3.761850357055664 -18.912097930908203 4.699999809265137
v 3.795779228210449 -19.082670211791992 4.800000190734863
v 4.9456939697265625 -18.457582473754883 4.599999904632568
v 4.990705966949463 -18.62557029724121 4.699999809265137
v 5.035717964172363 -18.793556213378906 4.800000190734863
v 0.21135134994983673 -11.181621551513672 5
v 0.21135134994983673 -11.411351203918457 5
v 0.47783783078193665 -11.181621551513672 5
v 0.47783783078193665 -11.411351203918457 5
v 0.707567572593689 -11.411351203918457 5
v 0.5123732089996338 -12.137297630310059 5
v 0.4806858003139496 -12.596756935119629 5
v 0.707567572593689 -11.641080856323242 5
v 0.707567572593689 -11.870810508728027 5
v 0.707567572593689 -11.907567024230957 5
v 0.707567572593689 -12.100540161132812 5
v 0.707567572593689 -12.330269813537598 5
v 0.707567572593689 -12.367027282714844 5
v 0.707567572593689 -12.559999465942383 5
v 0.707567572593689 -12.789730072021484 5
v 0.707567572593689 -12.80810832977295 5
v 0.707567572593689 -12.80810832977295 5.0420684814453125
v 0.707567572593689 -12.789730072021484 5.084136962890625
v 0.018378378823399544 -13.97513484954834 5
v 0.21135134994983673 -13.97513484954834 5
v 0.707567572593689 -12.826486587524414 5
v 0.707567572593689 -13.01945972442627 5
v 0.707567572593689 -13.0562162399292 5
v 0.707567572593689 -13.249189376831055 5
v 0.707567572593689 -13.285945892333984 5
v 0.707567572593689 -13.47891902923584 5
v 0.707567572593689 -13.51567554473877 5
v 0.707567572593689 -13.708648681640625 5
v 0.707567572593689 -13.745405197143555 5
v 0.707567572593689 -13.93837833404541 5
v 0.707567572593689 -13.97513484954834 5
v 0.018378378823399544 -14.204864501953125 5
v 0.018378378823399544 -14.39783763885498 5
v 0.21135134994983673 -14.204864501953125 5
v 0.018378378823399544 -14.627567291259766 5
v 0.018378378823399544 -14.645946502685547 5
v 0.018378378823399544 -14.664324760437012 5
v 0.018378378823399544 -14.894054412841797 5
v 0.21135134994983673 -14.85729694366455 5
v 0.21135134994983673 -15.087026596069336 5
v 0.47783783078193665 -14.85729694366455 5
v 0.47783783078193665 -15.087026596069336 5
v 0.47783783078193665 -15.123784065246582 5
v 0.47783783078193665 -15.316757202148438 5
v 0.707567572593689 -14.204864501953125 5
v 0.9005405306816101 -14.39783763885498 5
v 0.9005405306816101 -14.664324760437012 5
v 1.13027024269104 -14.627567291259766 5
v 1.13027024269104 -14.664324760437012 5
v 0.6708108186721802 -14.85729694366455 5
v 0.9372972846031189 -14.85729694366455 5
v 0.6708108186721802 -15.087026596069336 5
v 0.6708108186721802 -15.353513717651367 5
v 0.9372972846031189 -15.087026596069336 5
v 1.13027024269104 -14.894054412841797 5
v 1.1670269966125488 -15.087026596069336 5
v 1.1670269966125488 -15.316757202148438 5
v 1.1670269966125488 -15.353513717651367 5
v 0.6708108186721802 -15.316757202148438 5.084136962890625
v 1.3967567682266235 -14.39783763885498 5
v 1.3967567682266235 -14.627567291259766 5
v 1.8562161922454834 -14.627567291259766 5
v 1.3600000143051147 -14.894054412841797 5
v 1.3600000143051147 -15.123784065246582 5
v 1.3967567682266235 -15.316757202148438 5
v 1.5897297859191895 -15.087026596069336 5
v 1.5897297859191895 -15.123784065246582 5
v 1.5897297859191895 -15.353513717651367 5
v 1.8562161922454834 -14.85729694366455 5
v 1.8562161922454834 -14.894054412841797 5
v 1.8194594383239746 -15.353513717651367 5
v 2.315675735473633 -14.85729694366455 5
v 2.315675735473633 -15.087026596069336 5
v 2.545405387878418 -15.087026596069336 5
v 2.545405387878418 -15.316757202148438 5
v 2.545405387878418 -15.353513717651367 5
v 0.21135134994983673 -11.181621551513672 5.599999904632568
v 0.21135134994983673 -11.411351203918457 5.599999904632568
v 0.47783783078193665 -11.181621551513672 5.599999904632568
v 0.47783783078193665 -11.411351203918457 5.599999904632568
v 0.707567572593689 -11.411351203918457 5.599999904632568
v 0.707567572593689 -11.641080856323242 5.599999904632568
v 0.707567572593689 -11.907567024230957 5.599999904632568
v 0.707567572593689 -12.100540161132812 5.599999904632568
v 0.707567572593689 -12.367027282714844 5.599999904632568
v 0.707567572593689 -12.559999465942383 5.599999904632568
v 0.018378378823399544 -13.97513484954834 5.599999904632568
v 0.21135134994983673 -13.97513484954834 5.599999904632568
v 0.707567572593689 -12.826486587524414 5.599999904632568
v 0.707567572593689 -13.01945972442627 5.599999904632568
v 0.707567572593689 -13.285945892333984 5.599999904632568
v 0.707567572593689 -13.47891902923584 5.599999904632568
v 0.707567572593689 -13.745405197143555 5.599999904632568
v 0.707567572593689 -13.93837833404541 5.599999904632568
v 0.018378378823399544 -14.204864501953125 5.599999904632568
v 0.018378378823399544 -14.39783763885498 5.599999904632568
v 0.21135134994983673 -14.204864501953125 5.599999904632568
v 0.018378378823399544 -14.627567291259766 5.599999904632568
v 0.018378378823399544 -14.894054412841797 5.599999904632568
v 0.21135134994983673 -14.85729694366455 5.599999904632568
v 0.21135134994983673 -15.087026596069336 5.599999904632568
v 0.47783783078193665 -14.85729694366455 5.599999904632568
v 0.47783783078193665 -15.123784065246582 5.599999904632568
v 0.47783783078193665 -15.316757202148438 5.599999904632568
v 0.707567572593689 -14.204864501953125 5.599999904632568
v 0.9005405306816101 -14.39783763885498 5.599999904632568
v 0.9005405306816101 -14.664324760437012 5.599999904632568
v 1.13027024269104 -14.664324760437012 5.599999904632568
v 0.6708108186721802 -15.123784065246582 5.525860786437988
v 0.6708108186721802 -14.85729694366455 5.599999904632568
v 0.9372972846031189 -14.85729694366455 5.599999904632568
v 0.6708108186721802 -15.087026596069336 5.599999904632568
v 0.6708108186721802 -15.091395378112793 5.599999904632568
v 0.6708108186721802 -15.123784065246582 5.599999904632568
v 0.6708108186721802 -15.316757202148438 5.599999904632568
v 0.9372972846031189 -15.087026596069336 5.599999904632568
v 1.13027024269104 -14.894054412841797 5.599999904632568
v 1.1670269966125488 -15.087026596069336 5.599999904632568
v 1.1670269966125488 -15.316757202148438 5.599999904632568
v 1.3967567682266235 -14.39783763885498 5.599999904632568
v 1.3967567682266235 -14.627567291259766 5.599999904632568
v 1.8562161922454834 -14.627567291259766 5.599999904632568
v 1.3600000143051147 -14.894054412841797 5.599999904632568
v 1.3600000143051147 -15.123784065246582 5.599999904632568
v 1.3967567682266235 -15.316757202148438 5.599999904632568
v 1.5897297859191895 -15.123784065246582 5.599999904632568
v 1.5897297859191895 -15.353513717651367 5.599999904632568
v 1.8562161922454834 -14.85729694366455 5.599999904632568
v 1.8194594383239746 -15.353513717651367 5.599999904632568
v 2.315675735473633 -14.85729694366455 5.599999904632568
v 2.315675735473633 -15.087026596069336 5.599999904632568
v 2.545405387878418 -15.087026596069336 5.599999904632568
v 2.545405387878418 -15.316757202148438 5.599999904632568
v 2.775135040283203 -15.316757202148438 5
v 2.775135040283203 -15.316757202148438 5.599999904632568
v 0.24810810387134552 -15.546486854553223 5
v 0.24810810387134552 -15.583243370056152 5
v 0.018378378823399544 -15.812973022460938 5
v 0.24810810387134552 -15.812973022460938 5
v 0.47783783078193665 -15.583243370056152 5
v 0.018378378823399544 -16.04270362854004 5
v 0.6708108186721802 -15.546486854553223 5
v 0.6708108186721802 -15.812973022460938 5
v 0.6708108186721802 -16.005945205688477 5
v 0.6708108186721802 -16.272432327270508 5
v 0.781228244304657 -16.241641998291016 5
v 0.8026269674301147 -16.235675811767578 5
v 0.6708108186721802 -16.465404510498047 5
v 0.6708108186721802 -16.731891632080078 5
v 0.6708108186721802 -16.92486572265625 5
v 0.8343135714530945 -16.69513511657715 5
v 0.6708108186721802 -17.19135093688965 5
v 0.6708108186721802 -17.42108154296875 5
v 0.9005405306816101 -17.42108154296875 5
v 0.9005405306816101 -17.65081024169922 5
v 0.9005405306816101 -17.88054084777832 5
v 1.13027024269104 -17.88054084777832 5
v 1.3967567682266235 -15.546486854553223 5
v 1.3967567682266235 -15.583243370056152 5
v 1.3967567682266235 -15.776216506958008 5
v 1.3967567682266235 -15.812973022460938 5
v 1.8194594383239746 -15.546486854553223 5
v 1.6264865398406982 -15.776216506958008 5
v 1.6264865398406982 -16.005945205688477 5
v 1.8194594383239746 -15.812973022460938 5
v 1.350982427597046 -16.272432327270508 5
v 1.6264865398406982 -16.04270362854004 5
v 1.6264865398406982 -16.235675811767578 5
v 1.8562161922454834 -16.235675811767578 5
v 1.8562161922454834 -16.465404510498047 5
v 1.8562161922454834 -16.50216293334961 5
v 2.0491890907287598 -15.812973022460938 5
v 2.0491890907287598 -16.005945205688477 5
v 2.0491890907287598 -16.272432327270508 5
v 2.0491890907287598 -16.465404510498047 5
v 1.8562161922454834 -16.69513511657715 5
v 2.0491890907287598 -16.69513511657715 5
v 2.0491890907287598 -16.731891632080078 5
v 2.0859458446502686 -16.731891632080078 5
v 2.0859458446502686 -16.92486572265625 5
v 2.0859458446502686 -16.96162223815918 5
v 2.0859458446502686 -17.15459442138672 5
v 2.0859458446502686 -17.19135093688965 5
v 2.278918981552124 -16.731891632080078 5
v 2.278918981552124 -16.92486572265625 5
v 2.278918981552124 -17.15459442138672 5
v 1.13027024269104 -18.11026954650879 5
v 1.3600000143051147 -18.11026954650879 5
v 1.3600000143051147 -18.34000015258789 5
v 1.5897297859191895 -18.30324363708496 5
v 1.5897297859191895 -18.307342529296875 5
v 1.5897297859191895 -18.34000015258789 5
v 1.5897297859191895 -18.56972885131836 5
v 1.6185624599456787 -18.30324363708496 5
v 1.5897297859191895 -18.79945945739746 5
v 2.0491890907287598 -18.79945945739746 5
v 2.0491890907287598 -19.029190063476562 5
v 2.278918981552124 -19.029190063476562 5
v 1.2838919162750244 -19.588403701782227 4.900000095367432
v 1.2952662706375122 -19.761945724487305 5
v 2.562285900115967 -19.462493896484375 4.900000095367432
v 2.278918981552124 -19.25891876220703 5
v 2.508648633956909 -19.25891876220703 5
v 2.508648633956909 -19.488649368286133 5
v 1.3066407442092896 -19.93548583984375 5.099999904632568
v 1.318015217781067 -20.109025955200195 5.199999809265137
v 0.24810810387134552 -15.583243370056152 5.599999904632568
v 0.018378378823399544 -15.812973022460938 5.599999904632568
v 0.24810810387134552 -15.812973022460938 5.599999904632568
v 0.47783783078193665 -15.583243370056152 5.599999904632568
v 0.018378378823399544 -16.04270362854004 5.599999904632568
v 0.6708108186721802 -15.546486854553223 5.599999904632568
v 0.6708108186721802 -15.812973022460938 5.599999904632568
v 0.6708108186721802 -16.005945205688477 5.599999904632568
v 0.6708108186721802 -16.272432327270508 5.599999904632568
v 0.6708108186721802 -16.465404510498047 5.599999904632568
v 0.6708108186721802 -16.731891632080078 5.599999904632568
v 0.6708108186721802 -16.92486572265625 5.599999904632568
v 0.6708108186721802 -17.19135093688965 5.599999904632568
v 0.6708108186721802 -17.42108154296875 5.599999904632568
v 0.9005405306816101 -17.42108154296875 5.599999904632568
v 0.9005405306816101 -17.65081024169922 5.599999904632568
v 0.9005405306816101 -17.88054084777832 5.599999904632568
v 1.13027024269104 -17.88054084777832 5.599999904632568
v 2.0491890907287598 -16.272432327270508 5.2629313468933105
v 2.0491890907287598 -16.235675811767578 5.347068786621094
v 1.3967567682266235 -15.583243370056152 5.599999904632568
v 1.3967567682266235 -15.776216506958008 5.599999904632568
v 1.8194594383239746 -15.546486854553223 5.599999904632568
v 1.6264865398406982 -15.776216506958008 5.599999904632568
v 1.8194594383239746 -15.812973022460938 5.599999904632568
v 1.6264865398406982 -16.04270362854004 5.599999904632568
v 1.6264865398406982 -16.235675811767578 5.599999904632568
v 1.8562161922454834 -16.235675811767578 5.599999904632568
v 1.8562161922454834 -16.50216293334961 5.599999904632568
v 2.0491890907287598 -15.812973022460938 5.599999904632568
v 2.0491890907287598 -16.005945205688477 5.599999904632568
v 2.0491890907287598 -16.272432327270508 5.525863170623779
v 2.0491890907287598 -16.24004364013672 5.599999904632568
v 2.0491890907287598 -16.235675811767578 5.599999904632568
v 2.0491890907287598 -16.272432327270508 5.599999904632568
v 2.0491890907287598 -16.465404510498047 5.599999904632568
v 1.8562161922454834 -16.69513511657715 5.599999904632568
v 2.0491890907287598 -16.69513511657715 5.599999904632568
v 2.0859458446502686 -16.731891632080078 5.599999904632568
v 2.0859458446502686 -16.96162223815918 5.599999904632568
v 2.0859458446502686 -17.15459442138672 5.599999904632568
v 2.278918981552124 -16.731891632080078 5.599999904632568
v 2.278918981552124 -16.92486572265625 5.599999904632568
v 2.278918981552124 -17.15459442138672 5.599999904632568
v 1.13027024269104 -18.11026954650879 5.599999904632568
v 1.3293896913528442 -20.282567977905273 5.300000190734863
v 1.3407641649246216 -20.45610809326172 5.400000095367432
v 1.3600000143051147 -18.11026954650879 5.599999904632568
v 1.3600000143051147 -18.34000015258789 5.599999904632568
v 1.5897297859191895 -18.34000015258789 5.599999904632568
v 1.5897297859191895 -18.56972885131836 5.599999904632568
v 1.5897297859191895 -18.79945945739746 5.599999904632568
v 2.0491890907287598 -18.79945945739746 5.599999904632568
v 2.0491890907287598 -19.029190063476562 5.599999904632568
v 2.278918981552124 -19.029190063476562 5.599999904632568
v 1.3407641649246216 -20.45610809326172 5.5
v 1.3407641649246216 -20.45610809326172 5.599999904632568
v 2.278918981552124 -19.25891876220703 5.599999904632568
v 2.508648633956909 -19.25891876220703 5.599999904632568
v 2.508648633956909 -19.488649368286133 5.599999904632568
v 2.775135040283203 -15.546486854553223 5
v 2.775135040283203 -15.583243370056152 5
v 2.775135040283203 -15.776216506958008 5
v 2.775135040283203 -15.812973022460938 5
v 3.0048649311065674 -15.776216506958008 5
v 3.0048649311065674 -16.005945205688477 5
v 3.0048649311065674 -16.04270362854004 5
v 3.0048649311065674 -16.235675811767578 5
v 3.0048649311065674 -16.272432327270508 5
v 3.0048649311065674 -16.465404510498047 5
v 3.2345945835113525 -16.465404510498047 5
v 3.2345945835113525 -16.69513511657715 5
v 3.2345945835113525 -16.731891632080078 5
v 3.2345945835113525 -16.92486572265625 5
v 3.2345945835113525 -16.96162223815918 5
v 3.2345945835113525 -17.15459442138672 5
v 3.2345945835113525 -17.42108154296875 5
v 3.2345945835113525 -17.61405372619629 5
v 3.2345945835113525 -17.65081024169922 5
v 3.2345945835113525 -17.88054084777832 5
v 3.2345945835113525 -18.07351303100586 5
v 3.2345945835113525 -18.11026954650879 5
v 3.2345945835113525 -18.34000015258789 5
v 3.2345945835113525 -18.53297233581543 5
v 3.2345945835113525 -18.56972885131836 5
v 3.2345945835113525 -18.79945945739746 5
v 3.2345945835113525 -18.992431640625 5
v 3.2345945835113525 -19.029190063476562 5
v 2.5849859714508057 -19.634918212890625 5
v 3.134464979171753 -19.25891876220703 5
v 3.8297078609466553 -19.25324058532715 4.900000095367432
v 3.2345945835113525 -19.2221622467041 5
v 3.2345945835113525 -19.25891876220703 5
v 3.2345945835113525 -19.488649368286133 5
v 2.6076862812042236 -19.807344436645508 5.099999904632568
v 2.6303863525390625 -19.979768753051758 5.199999809265137
v 5.080729961395264 -18.961544036865234 4.900000095367432
v 3.8636367321014404 -19.423812866210938 5
v 3.8975653648376465 -19.594383239746094 5.099999904632568
v 3.9314942359924316 -19.764955520629883 5.199999809265137
v 2.775135040283203 -15.583243370056152 5.599999904632568
v 2.775135040283203 -15.776216506958008 5.599999904632568
v 3.0048649311065674 -15.776216506958008 5.599999904632568
v 3.0048649311065674 -16.04270362854004 5.599999904632568
v 3.0048649311065674 -16.235675811767578 5.599999904632568
v 3.0048649311065674 -16.465404510498047 5.599999904632568
v 3.2345945835113525 -16.465404510498047 5.599999904632568
v 3.2345945835113525 -16.69513511657715 5.599999904632568
v 3.2345945835113525 -16.96162223815918 5.599999904632568
v 3.2345945835113525 -17.15459442138672 5.599999904632568
v 3.2345945835113525 -17.42108154296875 5.599999904632568
v 3.2345945835113525 -17.61405372619629 5.599999904632568
v 3.2345945835113525 -17.88054084777832 5.599999904632568
v 2.6530866622924805 -20.15219497680664 5.300000190734863
v 2.6757869720458984 -20.32461929321289 5.400000095367432
v 3.2345945835113525 -18.07351303100586 5.599999904632568
v 3.2345945835113525 -18.34000015258789 5.599999904632568
v 3.2345945835113525 -18.53297233581543 5.599999904632568
v 3.2345945835113525 -18.79945945739746 5.599999904632568
v 3.2345945835113525 -18.992431640625 5.599999904632568
v 2.6757869720458984 -20.32461929321289 5.5
v 2.6757869720458984 -20.32461929321289 5.599999904632568
v 3.2345945835113525 -19.25891876220703 5.599999904632568
v 3.2345945835113525 -19.488649368286133 5.599999904632568
v 3.9654228687286377 -19.935527801513672 5.300000190734863
v 3.999351739883423 -20.106098175048828 5.400000095367432
v 3.999351739883423 -20.106098175048828 5.5
v 3.999351739883423 -20.106098175048828 5.599999904632568
v 5.974581241607666 -17.600549697875977 4.300000190734863
v 6.030483722686768 -17.76523208618164 4.400000095367432
v 6.086386203765869 -17.929916381835938 4.5
v 7.112920761108398 -17.172109603881836 4.300000190734863
v 7.179474353790283 -17.332782745361328 4.400000095367432
v 7.246027946472168 -17.493457794189453 4.5
v 7.312581539154053 -17.654132843017578 4.599999904632568
v 7.3791351318359375 -17.814807891845703 4.699999809265137
v 6.142288684844971 -18.0945987701416 4.599999904632568
v 6.198191165924072 -18.2592830657959 4.699999809265137
v 6.254094123840332 -18.423967361450195 4.800000190734863
v 7.445688724517822 -17.975482940673828 4.800000190734863
v 8.220800399780273 -16.670135498046875 4.300000190734863
v 8.297720909118652 -16.826112747192383 4.400000095367432
v 8.374640464782715 -16.98208999633789 4.5
v 9.293478012084961 -16.096776962280273 4.300000190734863
v 9.3804349899292 -16.24738883972168 4.400000095367432
v 9.467391014099121 -16.39800262451172 4.5
v 8.451560020446777 -17.13806915283203 4.599999904632568
v 8.52847957611084 -17.29404640197754 4.699999809265137
v 8.605400085449219 -17.450023651123047 4.800000190734863
v 9.55434799194336 -16.548616409301758 4.599999904632568
v 9.641304016113281 -16.699228286743164 4.699999809265137
v 9.72826099395752 -16.849842071533203 4.800000190734863
v 5.125741958618164 -19.129531860351562 5
v 6.309996604919434 -18.58864974975586 4.900000095367432
v 6.365899085998535 -18.753334045410156 5
v 5.1707539558410645 -19.297517776489258 5.099999904632568
v 5.215765953063965 -19.465505599975586 5.199999809265137
v 7.512242317199707 -18.13615608215332 4.900000095367432
v 7.578795909881592 -18.296831130981445 5
v 6.421801567077637 -18.91801643371582 5.099999904632568
v 6.477704048156738 -19.082700729370117 5.199999809265137
v 7.645349502563477 -18.45750617980957 5.099999904632568
v 5.260777950286865 -19.633493423461914 5.300000190734863
v 5.305789947509766 -19.80147933959961 5.400000095367432
v 5.305789947509766 -19.80147933959961 5.5
v 5.305789947509766 -19.80147933959961 5.599999904632568
v 6.53360652923584 -19.247385025024414 5.300000190734863
v 6.589509010314941 -19.412067413330078 5.400000095367432
v 6.589509010314941 -19.412067413330078 5.5
v 6.589509010314941 -19.412067413330078 5.599999904632568
v 8.682319641113281 -17.606000900268555 4.900000095367432
v 8.759239196777344 -17.761980056762695 5
v 8.836158752441406 -17.917957305908203 5.099999904632568
v 9.815217018127441 -17.000455856323242 4.900000095367432
v 9.90217399597168 -17.15106773376465 5
v 9.989130020141602 -17.301681518554688 5.099999904632568
v 10.07608699798584 -17.452295303344727 5.199999809265137
v 7.711903095245361 -18.618181228637695 5.199999809265137
v 8.913078308105469 -18.07393455505371 5.199999809265137
v 10.163043975830078 -17.602907180786133 5.300000190734863
v 7.778457164764404 -18.77885627746582 5.300000190734863
v 7.845010757446289 -18.939529418945312 5.400000095367432
v 7.845010757446289 -18.939529418945312 5.5
v 7.845010757446289 -18.939529418945312 5.599999904632568
v 8.989998817443848 -18.22991371154785 5.300000190734863
v 9.06691837310791 -18.38589096069336 5.400000095367432
v 9.06691837310791 -18.38589096069336 5.5
v 9.06691837310791 -18.38589096069336 5.599999904632568
v 15.244011878967285 -6.314276695251465 3.0999999046325684
v 14.798399925231934 -7.297763347625732 3.0999999046325684
v 13.090330123901367 -10.044563293457031 3.0999999046325684
v 13.71924877166748 -9.166909217834473 3.0999999046325684
v 14.289419174194336 -8.25 3.0999999046325684
v 14.954378128051758 -7.374683380126953 3.200000047683716
v 15.110356330871582 -7.451602935791016 3.299999952316284
v 15.26633358001709 -7.528522968292236 3.4000000953674316
v 13.228304862976074 -10.150434494018555 3.200000047683716
v 13.863851547241211 -9.263529777526855 3.200000047683716
v 14.008455276489258 -9.360151290893555 3.299999952316284
v 14.440032005310059 -8.336956977844238 3.200000047683716
v 14.590645790100098 -8.42391300201416 3.299999952316284
v 14.74125862121582 -8.510869979858398 3.4000000953674316
v 14.153059005737305 -9.456771850585938 3.4000000953674316
v 14.891871452331543 -8.59782600402832 3.5
v 15.042484283447266 -8.684782981872559 3.5999999046325684
v 14.297661781311035 -9.55339241027832 3.5
v 14.442265510559082 -9.65001392364502 3.5999999046325684
v 15.193098068237305 -8.77173900604248 3.700000047683716
v 15.343710899353027 -8.858695983886719 3.799999952316284
v 14.586869239807129 -9.746634483337402 3.700000047683716
v 14.73147201538086 -9.843255043029785 3.799999952316284
v 14.876075744628906 -9.939876556396484 3.9000000953674316
v 15.020679473876953 -10.036497116088867 4
v 15.165282249450684 -10.13311767578125 4.099999904632568
v 15.30988597869873 -10.22973918914795 4.199999809265137
v 16.5 -7.50498757172295e-24 3.0999999046325684
v 16.464672088623047 -1.0791516304016113 3.0999999046325684
v 16.358840942382812 -2.153682231903076 3.0999999046325684
v 16.18295669555664 -3.2189903259277344 3.0999999046325684
v 15.937776565551758 -4.270514011383057 3.0999999046325684
v 16.638212203979492 -1.0905261039733887 3.200000047683716
v 16.531265258789062 -2.176382303237915 3.200000047683716
v 16.673913955688477 1.8975572221058718e-16 3.200000047683716
v 16.84782600402832 1.8956209577280077e-16 3.299999952316284
v 16.81175422668457 -1.101900577545166 3.299999952316284
v 16.703691482543945 -2.199082612991333 3.299999952316284
v 17.021739959716797 1.8923940268967648e-16 3.4000000953674316
v 16.985294342041016 -1.1132750511169434 3.4000000953674316
v 16.876115798950195 -2.221782684326172 3.4000000953674316
v 16.35352897644043 -3.2529191970825195 3.200000047683716
v 16.524099349975586 -3.2868478298187256 3.299999952316284
v 16.105762481689453 -4.315526008605957 3.200000047683716
v 16.27375030517578 -4.360538005828857 3.299999952316284
v 16.44173812866211 -4.405550003051758 3.4000000953674316
v 16.694671630859375 -3.3207767009735107 3.4000000953674316
v 15.624346733093262 -5.303750991821289 3.0999999046325684
v 15.789031028747559 -5.359653472900391 3.200000047683716
v 15.40468692779541 -6.38083028793335 3.200000047683716
v 15.953714370727539 -5.415555953979492 3.299999952316284
v 15.565361976623535 -6.447383880615234 3.299999952316284
v 16.118396759033203 -5.471458911895752 3.4000000953674316
v 15.726036071777344 -6.513937950134277 3.4000000953674316
v 17.19565200805664 1.8878761649143472e-16 3.5
v 17.15883445739746 -1.1246495246887207 3.5
v 17.369565963745117 1.8820675041296528e-16 3.5999999046325684
v 17.33237648010254 -1.1360238790512085 3.5999999046325684
v 17.048540115356445 -2.24448299407959 3.5
v 17.220966339111328 -2.2671830654144287 3.5999999046325684
v 17.54347801208496 1.8749681768915797e-16 3.700000047683716
v 17.505916595458984 -1.1473983526229858 3.700000047683716
v 17.717391967773438 1.8665779185023318e-16 3.799999952316284
v 17.67945671081543 -1.1587728261947632 3.799999952316284
v 17.393390655517578 -2.2898833751678467 3.700000047683716
v 17.56581687927246 -2.3125836849212646 3.799999952316284
v 16.609724044799805 -4.450562000274658 3.5
v 16.86524200439453 -3.354705333709717 3.5
v 17.03581428527832 -3.388634204864502 3.5999999046325684
v 16.777711868286133 -4.495573997497559 3.5999999046325684
v 17.206384658813477 -3.422562837600708 3.700000047683716
v 17.376956939697266 -3.456491708755493 3.799999952316284
v 16.94569969177246 -4.540585994720459 3.700000047683716
v 17.113685607910156 -4.585597991943359 3.799999952316284
v 17.89130401611328 1.8568969936597052e-16 3.9000000953674316
v 17.852996826171875 -1.1701472997665405 3.9000000953674316
v 17.73824119567871 -2.3352837562561035 3.9000000953674316
v 17.910667419433594 -2.3579840660095215 4
v 17.547527313232422 -3.490420341491699 3.9000000953674316
v 17.71809959411621 -3.5243492126464844 4
v 17.281673431396484 -4.63060998916626 3.9000000953674316
v 17.44965934753418 -4.67562198638916 4
v 17.888669967651367 -3.5582778453826904 4.099999904632568
v 17.617647171020508 -4.7206339836120605 4.099999904632568
v 17.785634994506836 -4.765645980834961 4.199999809265137
v 18.065217971801758 1.8459251376659038e-16 4
v 18.026538848876953 -1.1815217733383179 4
v 18.2391300201416 1.8336624828698257e-16 4.099999904632568
v 18.2000789642334 -1.1928962469100952 4.099999904632568
v 18.413043975830078 1.8201090292714709e-16 4.199999809265137
v 18.373619079589844 -1.2042707204818726 4.199999809265137
v 18.083091735839844 -2.3806841373443604 4.099999904632568
v 18.255517959594727 -2.4033844470977783 4.199999809265137
v 18.059242248535156 -3.5922067165374756 4.199999809265137
v 16.2830810546875 -5.5273613929748535 3.5
v 16.447765350341797 -5.583263874053955 3.5999999046325684
v 15.886711120605469 -6.580491542816162 3.5
v 15.422311782836914 -7.605442523956299 3.5
v 15.578289985656738 -7.6823625564575195 3.5999999046325684
v 16.047386169433594 -6.647045135498047 3.5999999046325684
v 16.61244773864746 -5.639166355133057 3.700000047683716
v 16.20806121826172 -6.713598728179932 3.700000047683716
v 16.36873435974121 -6.780152320861816 3.799999952316284
v 16.777132034301758 -5.695068836212158 3.799999952316284
v 15.734267234802246 -7.759282112121582 3.700000047683716
v 15.89024543762207 -7.8362016677856445 3.799999952316284
v 16.529409408569336 -6.846705913543701 3.9000000953674316
v 16.941814422607422 -5.75097131729126 3.9000000953674316
v 17.10649871826172 -5.806873798370361 4
v 16.69008445739746 -6.913259506225586 4
v 17.271183013916016 -5.862776279449463 4.099999904632568
v 17.43586540222168 -5.9186787605285645 4.199999809265137
v 16.850759506225586 -6.979813098907471 4.099999904632568
v 17.01143455505371 -7.0463666915893555 4.199999809265137
v 15.49432373046875 -8.94565200805664 3.9000000953674316
v 16.046222686767578 -7.913121700286865 3.9000000953674316
v 16.20220184326172 -7.990041255950928 4
v 15.644937515258789 -9.032608985900879 4
v 16.358179092407227 -8.066961288452148 4.099999904632568
v 16.514156341552734 -8.143880844116211 4.199999809265137
v 15.795550346374512 -9.1195650100708 4.099999904632568
v 15.946163177490234 -9.206521987915039 4.199999809265137
v 10.879205703735352 -12.405356407165527 3.0999999046325684
v 12.405356407165527 -10.879205703735352 3.0999999046325684
v 11.667262077331543 -11.667262077331543 3.0999999046325684
v 10.993874549865723 -12.536111831665039 3.200000047683716
v 11.108543395996094 -12.666866302490234 3.299999952316284
v 11.223212242126465 -12.79762077331543 3.4000000953674316
v 12.536111831665039 -10.993874549865723 3.200000047683716
v 12.666866302490234 -11.108543395996094 3.299999952316284
v 11.790237426757812 -11.790237426757812 3.200000047683716
v 11.913211822509766 -11.913211822509766 3.299999952316284
v 12.79762077331543 -11.223212242126465 3.4000000953674316
v 12.036187171936035 -12.036187171936035 3.4000000953674316
v 10.256306648254395 -13.366279602050781 3.299999952316284
v 10.362177848815918 -13.504253387451172 3.4000000953674316
v 13.366279602050781 -10.256306648254395 3.299999952316284
v 13.504253387451172 -10.362177848815918 3.4000000953674316
v 12.159162521362305 -12.159162521362305 3.5
v 12.282136917114258 -12.282136917114258 3.5999999046325684
v 12.405112266540527 -12.405112266540527 3.700000047683716
v 12.528087615966797 -12.528087615966797 3.799999952316284
v 10.468050003051758 -13.642228126525879 3.5
v 10.573921203613281 -13.780202865600586 3.5999999046325684
v 11.337881088256836 -12.928376197814941 3.5
v 11.452549934387207 -13.059130668640137 3.5999999046325684
v 10.679792404174805 -13.918177604675293 3.700000047683716
v 10.785664558410645 -14.056151390075684 3.799999952316284
v 11.567218780517578 -13.189885139465332 3.700000047683716
v 11.68188762664795 -13.320639610290527 3.799999952316284
v 12.651062965393066 -12.651062965393066 3.9000000953674316
v 12.77403736114502 -12.77403736114502 4
v 10.891535758972168 -14.19412612915039 3.9000000953674316
v 10.997406959533691 -14.332100868225098 4
v 11.103279113769531 -14.470075607299805 4.099999904632568
v 11.209150314331055 -14.608049392700195 4.199999809265137
v 11.79655647277832 -13.451395034790039 3.9000000953674316
v 11.911225318908691 -13.582149505615234 4
v 12.025894165039062 -13.71290397644043 4.099999904632568
v 12.140563011169434 -13.843659400939941 4.199999809265137
v 12.928376197814941 -11.337881088256836 3.5
v 13.059130668640137 -11.452549934387207 3.5999999046325684
v 13.642228126525879 -10.468050003051758 3.5
v 13.780202865600586 -10.573921203613281 3.5999999046325684
v 13.918177604675293 -10.679792404174805 3.700000047683716
v 14.056151390075684 -10.785664558410645 3.799999952316284
v 13.189885139465332 -11.567218780517578 3.700000047683716
v 13.320639610290527 -11.68188762664795 3.799999952316284
v 13.451395034790039 -11.79655647277832 3.9000000953674316
v 13.582149505615234 -11.911225318908691 4
v 13.71290397644043 -12.025894165039062 4.099999904632568
v 13.843659400939941 -12.140563011169434 4.199999809265137
v 14.19412612915039 -10.891535758972168 3.9000000953674316
v 14.332100868225098 -10.997406959533691 4
v 14.470075607299805 -11.103279113769531 4.099999904632568
v 14.608049392700195 -11.209150314331055 4.199999809265137
v 12.897012710571289 -12.897012710571289 4.099999904632568
v 13.019988059997559 -13.019988059997559 4.199999809265137
v 18.547161102294922 -1.2156450748443604 4.300000190734863
v 18.586956024169922 1.8052650415686353e-16 4.300000190734863
v 18.427942276000977 -2.426084518432617 4.300000190734863
v 18.7608699798584 1.789129990365727e-16 4.400000095367432
v 18.720701217651367 -1.2270195484161377 4.400000095367432
v 18.934782028198242 1.7717041403605418e-16 4.5
v 18.894241333007812 -1.238394021987915 4.5
v 18.60036849975586 -2.448784828186035 4.400000095367432
v 18.77279281616211 -2.471485137939453 4.5
v 18.229812622070312 -3.6261353492736816 4.300000190734863
v 17.95362091064453 -4.810657978057861 4.300000190734863
v 18.4003849029541 -3.660064220428467 4.400000095367432
v 18.570955276489258 -3.693992853164673 4.5
v 18.12160873413086 -4.855669975280762 4.400000095367432
v 18.289594650268555 -4.900681972503662 4.5
v 19.10869598388672 1.75298749155308e-16 4.599999904632568
v 19.06778335571289 -1.2497684955596924 4.599999904632568
v 18.945219039916992 -2.494185209274292 4.599999904632568
v 19.117643356323242 -2.51688551902771 4.699999809265137
v 19.282608032226562 1.7329799115944433e-16 4.699999809265137
v 19.241323471069336 -1.2611429691314697 4.699999809265137
v 19.45652198791504 1.711681929880224e-16 4.800000190734863
v 19.41486358642578 -1.272517442703247 4.800000190734863
v 19.290067672729492 -2.539585590362549 4.800000190734863
v 18.741527557373047 -3.727921724319458 4.599999904632568
v 18.912097930908203 -3.761850357055664 4.699999809265137
v 18.457582473754883 -4.9456939697265625 4.599999904632568
v 18.62557029724121 -4.990705966949463 4.699999809265137
v 19.082670211791992 -3.795779228210449 4.800000190734863
v 18.793556213378906 -5.035717964172363 4.800000190734863
v 17.600549697875977 -5.974581241607666 4.300000190734863
v 17.172109603881836 -7.112920761108398 4.300000190734863
v 17.76523208618164 -6.030483722686768 4.400000095367432
v 17.929916381835938 -6.086386203765869 4.5
v 17.332782745361328 -7.179474353790283 4.400000095367432
v 17.493457794189453 -7.246027946472168 4.5
v 16.096776962280273 -9.293478012084961 4.300000190734863
v 16.24738883972168 -9.3804349899292 4.400000095367432
v 16.39800262451172 -9.467391014099121 4.5
v 16.670135498046875 -8.220800399780273 4.300000190734863
v 16.826112747192383 -8.297720909118652 4.400000095367432
v 16.98208999633789 -8.374640464782715 4.5
v 17.654132843017578 -7.312581539154053 4.599999904632568
v 17.814807891845703 -7.3791351318359375 4.699999809265137
v 16.548616409301758 -9.55434799194336 4.599999904632568
v 17.13806915283203 -8.451560020446777 4.599999904632568
v 17.29404640197754 -8.52847957611084 4.699999809265137
v 16.699228286743164 -9.641304016113281 4.699999809265137
v 17.450023651123047 -8.605400085449219 4.800000190734863
v 16.849842071533203 -9.72826099395752 4.800000190734863
v 18.0945987701416 -6.142288684844971 4.599999904632568
v 18.2592830657959 -6.198191165924072 4.699999809265137
v 18.423967361450195 -6.254094123840332 4.800000190734863
v 17.975482940673828 -7.445688724517822 4.800000190734863
v 19.630434036254883 1.68909301701483e-16 4.900000095367432
v 19.80434799194336 1.665213040649363e-16 5
v 19.588403701782227 -1.2838919162750244 4.900000095367432
v 19.462493896484375 -2.562285900115967 4.900000095367432
v 19.761945724487305 -1.2952662706375122 5
v 19.978260040283203 1.6400423978305174e-16 5.099999904632568
v 20.15217399597168 1.613580956209395e-16 5.199999809265137
v 19.93548583984375 -1.3066407442092896 5.099999904632568
v 20.109025955200195 -1.318015217781067 5.199999809265137
v 18.961544036865234 -5.080729961395264 4.900000095367432
v 19.25324058532715 -3.8297078609466553 4.900000095367432
v 19.634918212890625 -2.5849859714508057 5
v 19.423812866210938 -3.8636367321014404 5
v 19.807344436645508 -2.6076862812042236 5.099999904632568
v 19.979768753051758 -2.6303863525390625 5.199999809265137
v 19.594383239746094 -3.8975653648376465 5.099999904632568
v 19.764955520629883 -3.9314942359924316 5.199999809265137
v 20.326087951660156 1.585828848134894e-16 5.300000190734863
v 20.5 1.5567859412581161e-16 5.400000095367432
v 20.282567977905273 -1.3293896913528442 5.300000190734863
v 20.45610809326172 -1.3407641649246216 5.400000095367432
v 20.5 1.5419415565085865e-16 5.5
v 20.5 1.527097304107955e-16 5.599999904632568
v 20.45610809326172 -1.3407641649246216 5.5
v 20.45610809326172 -1.3407641649246216 5.599999904632568
v 20.15219497680664 -2.6530866622924805 5.300000190734863
v 20.32461929321289 -2.6757869720458984 5.400000095367432
v 19.935527801513672 -3.9654228687286377 5.300000190734863
v 20.106098175048828 -3.999351739883423 5.400000095367432
v 20.32461929321289 -2.6757869720458984 5.5
v 20.32461929321289 -2.6757869720458984 5.599999904632568
v 20.106098175048828 -3.999351739883423 5.5
v 20.106098175048828 -3.999351739883423 5.599999904632568
v 17.606000900268555 -8.682319641113281 4.900000095367432
v 17.761980056762695 -8.759239196777344 5
v 17.000455856323242 -9.815217018127441 4.900000095367432
v 17.15106773376465 -9.90217399597168 5
v 17.917957305908203 -8.836158752441406 5.099999904632568
v 17.301681518554688 -9.989130020141602 5.099999904632568
v 17.452295303344727 -10.07608699798584 5.199999809265137
v 17.602907180786133 -10.163043975830078 5.300000190734863
v 18.58864974975586 -6.309996604919434 4.900000095367432
v 19.129531860351562 -5.125741958618164 5
v 18.753334045410156 -6.365899085998535 5
v 18.13615608215332 -7.512242317199707 4.900000095367432
v 18.296831130981445 -7.578795909881592 5
v 18.45750617980957 -7.645349502563477 5.099999904632568
v 18.91801643371582 -6.421801567077637 5.099999904632568
v 19.082700729370117 -6.477704048156738 5.199999809265137
v 19.297517776489258 -5.1707539558410645 5.099999904632568
v 19.465505599975586 -5.215765953063965 5.199999809265137
v 18.07393455505371 -8.913078308105469 5.199999809265137
v 18.618181228637695 -7.711903095245361 5.199999809265137
v 19.633493423461914 -5.260777950286865 5.300000190734863
v 19.80147933959961 -5.305789947509766 5.400000095367432
v 19.247385025024414 -6.53360652923584 5.300000190734863
v 19.412067413330078 -6.589509010314941 5.400000095367432
v 19.80147933959961 -5.305789947509766 5.5
v 19.80147933959961 -5.305789947509766 5.599999904632568
v 19.412067413330078 -6.589509010314941 5.5
v 19.412067413330078 -6.589509010314941 5.599999904632568
v 18.77885627746582 -7.778457164764404 5.300000190734863
v 18.939529418945312 -7.845010757446289 5.400000095367432
v 18.22991371154785 -8.989998817443848 5.300000190734863
v 18.38589096069336 -9.06691837310791 5.400000095367432
v 18.939529418945312 -7.845010757446289 5.5
v 18.939529418945312 -7.845010757446289 5.599999904632568
v 18.38589096069336 -9.06691837310791 5.5
v 18.38589096069336 -9.06691837310791 5.599999904632568
v 11.315022468566895 -14.746024131774902 4.300000190734863
v 11.420893669128418 -14.88399887084961 4.400000095367432
v 11.526764869689941 -15.021973609924316 4.5
v 12.255231857299805 -13.974413871765137 4.300000190734863
v 12.369900703430176 -14.105168342590332 4.400000095367432
v 12.484569549560547 -14.235922813415527 4.5
v 11.632637023925781 -15.159947395324707 4.599999904632568
v 11.738508224487305 -15.297922134399414 4.699999809265137
v 12.599238395690918 -14.366678237915039 4.599999904632568
v 12.713907241821289 -14.497432708740234 4.699999809265137
v 13.974413871765137 -12.255231857299805 4.300000190734863
v 14.746024131774902 -11.315022468566895 4.300000190734863
v 14.88399887084961 -11.420893669128418 4.400000095367432
v 15.021973609924316 -11.526764869689941 4.5
v 14.105168342590332 -12.369900703430176 4.400000095367432
v 14.235922813415527 -12.484569549560547 4.5
v 13.142963409423828 -13.142963409423828 4.300000190734863
v 13.265937805175781 -13.265937805175781 4.400000095367432
v 13.38891315460205 -13.38891315460205 4.5
v 14.366678237915039 -12.599238395690918 4.599999904632568
v 14.497432708740234 -12.713907241821289 4.699999809265137
v 15.159947395324707 -11.632637023925781 4.599999904632568
v 15.297922134399414 -11.738508224487305 4.699999809265137
v 13.51188850402832 -13.51188850402832 4.599999904632568
v 13.63486385345459 -13.63486385345459 4.699999809265137
v 13.757838249206543 -13.757838249206543 4.800000190734863
v 12.82857608795166 -14.62818717956543 4.800000190734863
v 14.62818717956543 -12.82857608795166 4.800000190734863
v 10.326359748840332 -15.454489707946777 4.300000190734863
v 10.422981262207031 -15.599092483520508 4.400000095367432
v 10.519601821899414 -15.743696212768555 4.5
v 10.616222381591797 -15.888299942016602 4.599999904632568
v 10.712843894958496 -16.03290367126465 4.699999809265137
v 10.809464454650879 -16.177507400512695 4.800000190734863
v 11.844379425048828 -15.435896873474121 4.800000190734863
v 13.880813598632812 -13.880813598632812 4.900000095367432
v 14.003788948059082 -14.003788948059082 5
v 12.943244934082031 -14.758942604064941 4.900000095367432
v 13.057913780212402 -14.889697074890137 5
v 13.172582626342773 -15.020451545715332 5.099999904632568
v 13.287251472473145 -15.151206016540527 5.199999809265137
v 14.758942604064941 -12.943244934082031 4.900000095367432
v 14.889697074890137 -13.057913780212402 5
v 15.020451545715332 -13.172582626342773 5.099999904632568
v 15.151206016540527 -13.287251472473145 5.199999809265137
v 14.126763343811035 -14.126763343811035 5.099999904632568
v 14.249738693237305 -14.249738693237305 5.199999809265137
v 13.401920318603516 -15.281961441040039 5.300000190734863
v 15.281961441040039 -13.401920318603516 5.300000190734863
v 14.372714042663574 -14.372714042663574 5.300000190734863
v 14.495689392089844 -14.495689392089844 5.400000095367432
v 14.495689392089844 -14.495689392089844 5.5
v 14.495689392089844 -14.495689392089844 5.599999904632568
v 10.906085014343262 -16.32210922241211 4.900000095367432
v 11.002706527709961 -16.466712951660156 5
v 11.099327087402344 -16.611316680908203 5.099999904632568
v 11.195947647094727 -16.75592041015625 5.199999809265137
v 11.950251579284668 -15.573870658874512 4.900000095367432
v 12.056122779846191 -15.711845397949219 5
v 12.161993980407715 -15.849820137023926 5.099999904632568
v 12.267866134643555 -15.987794876098633 5.199999809265137
v 10.25 -17.753520965576172 5.400000095367432
v 11.292569160461426 -16.900524139404297 5.300000190734863
v 11.389189720153809 -17.04512596130371 5.400000095367432
v 10.25 -17.753520965576172 5.5
v 10.25 -17.753520965576172 5.599999904632568
v 11.389189720153809 -17.04512596130371 5.5
v 11.389189720153809 -17.04512596130371 5.599999904632568
v 12.373737335205078 -16.125768661499023 5.300000190734863
v 12.479609489440918 -16.263744354248047 5.400000095367432
v 12.479609489440918 -16.263744354248047 5.5
v 12.479609489440918 -16.263744354248047 5.599999904632568
v 13.516589164733887 -15.412715911865234 5.400000095367432
v 13.516589164733887 -15.412715911865234 5.5
v 13.516589164733887 -15.412715911865234 5.599999904632568
v 15.454489707946777 -10.326359748840332 4.300000190734863
v 15.599092483520508 -10.422981262207031 4.400000095367432
v 15.743696212768555 -10.519601821899414 4.5
v 15.888299942016602 -10.616222381591797 4.599999904632568
v 16.03290367126465 -10.712843894958496 4.699999809265137
v 16.177507400512695 -10.809464454650879 4.800000190734863
v 15.435896873474121 -11.844379425048828 4.800000190734863
v 16.32210922241211 -10.906085014343262 4.900000095367432
v 16.466712951660156 -11.002706527709961 5
v 15.573870658874512 -11.950251579284668 4.900000095367432
v 15.711845397949219 -12.056122779846191 5
v 16.611316680908203 -11.099327087402344 5.099999904632568
v 15.849820137023926 -12.161993980407715 5.099999904632568
v 15.987794876098633 -12.267866134643555 5.199999809265137
v 16.75592041015625 -11.195947647094727 5.199999809265137
v 16.125768661499023 -12.373737335205078 5.300000190734863
v 16.263744354248047 -12.479609489440918 5.400000095367432
v 16.263744354248047 -12.479609489440918 5.5
v 16.263744354248047 -12.479609489440918 5.599999904632568
v 16.900524139404297 -11.292569160461426 5.300000190734863
v 17.04512596130371 -11.389189720153809 5.400000095367432
v 17.753520965576172 -10.25 5.400000095367432
v 17.04512596130371 -11.389189720153809 5.5
v 17.04512596130371 -11.389189720153809 5.599999904632568
v 17.753520965576172 -10.25 5.5
v 17.753520965576172 -10.25 5.599999904632568
v 15.412715911865234 -13.516589164733887 5.400000095367432
v 15.412715911865234 -13.516589164733887 5.5
v 15.412715911865234 -13.516589164733887 5.599999904632568
vn -0.6973497327637761 0.7127372679827797 -0.07555750818239884
vn -0.7445793127292846 0.6674907781515881 -0.007596587271515236
vn -0.6510840167934353 0.7589676507926921 -0.007596586493138511
vn -0.9433390651489734 0.33174342456246997 -0.007596606046500494
vn -0.9602912354401189 0.26857370938147124 -0.07555730120886577
vn -0.9785699464525641 0.20577452041375208 -0.00759648920988556
vn -0.0683959732083108 0.009764910812133416 -0.9976104637410932
vn -0.9970571357913194 0.07628472863197407 -0.007596587731134387
vn -0.06727348975318172 0.0007341050618088643 -0.9977343026408316
vn -0.8580583507028114 0.5079634888101665 -0.07555766556064877
vn -0.8253340295473454 0.5645936844083704 -0.007596788619086499
vn -0.014425933174982555 0.011321632976830863 -0.9998318424008954
vn -0.8919676515655807 0.4520353959418039 -0.007596668764623624
vn -0.7834328227984326 0.3345696847100772 -0.5237328882503743
vn -0.31107928681094615 0.9503536020335384 -0.007596605759936522
vn -0.5111879127144449 0.6814618133063585 -0.5237334387833747
vn -0.5464487002345739 0.8374581224394336 -0.007596786963142807
vn -0.48911811757097023 0.8689387237374052 -0.07555766971949283
vn -0.4324635233204258 0.9016194272570766 -0.007596669658804781
vn -0.07710728954223771 0.19205446939547965 -0.9783504212114748
vn -0.24755395262209057 0.9659234613468272 -0.07555731176361538
vn -0.18437194818505193 0.9828271862799014 -0.007596488108367013
vn -0.10197036086395558 0.8457574346261074 -0.5237331451034396
vn -0.05450928917828946 0.9984843660510976 -0.0075965877086636175
vn 0.10355587523992017 -0.11896515890778714 -0.987483403237411
vn -0.9984843660510976 -0.05450928917828946 -0.0075965877086636175
vn -0.11055907878471896 -0.013329767017941628 -0.9937801605030772
vn -0.9828271862799014 -0.18437194818505193 -0.007596488108367013
vn -0.9659234496837602 -0.24755399471123327 -0.07555732296432437
vn -0.9503536020335384 -0.31107928681094615 -0.007596605759936522
vn -0.028880842404504614 -0.011595269815461178 -0.9995156060111882
vn -0.9016194272570766 -0.4324635233204258 -0.007596669658804781
vn -0.8689387237374052 -0.48911811757097023 -0.07555766971949283
vn -0.8374581224394336 -0.5464487002345739 -0.007596786963142807
vn -0.6814618133063585 -0.5111879127144449 -0.5237334387833747
vn -0.7589676507926921 -0.6510840167934353 -0.007596586493138511
vn -0.7127372086305986 -0.6973497926154351 -0.07555751565974332
vn -0.6674907781515881 -0.7445793127292846 -0.007596587271515236
vn 0.3490957329080308 0.06718350964885435 -0.9346756364090525
vn 0.07363367138267288 0.2136591987627923 -0.9741292672036653
vn -0.12777047058832514 -0.16280408457889922 -0.9783504162058013
vn -0.5645936844083704 -0.8253340295473454 -0.007596788619086499
vn -0.5079634625447914 -0.8580583659396506 -0.07555766910435302
vn -0.4520353959418039 -0.8919676515655807 -0.007596668764623624
vn -0.3345696847100772 -0.7834328227984326 -0.5237328882503743
vn -0.33174342456246997 -0.9433390651489734 -0.007596606046500494
vn -0.2685736940088986 -0.9602912400797885 -0.07555729688413083
vn -0.20577452041375208 -0.9785699464525641 -0.00759648920988556
vn -0.0020700115120271916 -0.014498899277397925 -0.9998927427339814
vn -0.07628472863197407 -0.9970571357913194 -0.007596587731134387
vn -0.01088040795866954 -0.9970821216794601 -0.07555699404978616
vn -0.3954296380419237 0.30349465976966145 -0.8669062191779054
vn -0.39542987954991893 0.30349415550132636 -0.8669062855555226
vn -0.7132404308436975 0.6988013847404984 -0.054449173498397375
vn -0.7574170440840917 0.6506571353227509 -0.0544491835063518
vn -0.6660091963170455 0.7439536548566832 -0.05444914918073849
vn -0.3034057042724115 0.3954981295586387 -0.8669061126388371
vn -0.30340632174437265 0.3954979696276333 -0.8669059694949447
vn -0.3524325767746008 0.3525126854167181 -0.8669060418801503
vn -0.3524331089249605 0.35251247250805595 -0.866905912114887
vn -0.37473329591399535 0.3287075730761908 -0.8669061588982944
vn -0.37473341839279545 0.32870709910697304 -0.8669062856712534
vn -0.35243257238892073 0.35251125051859256 -0.8669066271387861
vn -0.3747338613882452 0.32870661872657203 -0.86690627632657
vn -0.3286218003513623 0.37480756142833177 -0.86690657179997
vn -0.32862333007977607 0.37480822826810933 -0.8669057036089908
vn -0.32862271989154634 0.37480678162737907 -0.8669065603726901
vn -0.3954299698147006 0.3034933514969961 -0.8669065258547001
vn -0.39543052669855794 0.3034931953013707 -0.8669063265201524
vn -0.3747338427508135 0.3287059430666907 -0.8669065405739227
vn -0.37473467722254933 0.32870609208417617 -0.866906123356884
vn -0.3747350532908258 0.32870557547837187 -0.8669061566770386
vn -0.3747350895587353 0.3287048658940356 -0.8669064100530061
vn -0.3954310332977211 0.30349304625882656 -0.8669061476178573
vn -0.39543146652396194 0.3034925518945049 -0.8669061230763514
vn -0.35243490194214 0.35250830506188074 -0.8669068777875938
vn -0.35243588643086027 0.3525086338997201 -0.8669063438352766
vn -0.3954315557612914 0.3034919259155253 -0.866906301518388
vn -0.39543121842967993 0.30349123316625076 -0.8669066979107077
vn -0.39543209160995 0.3034910611929185 -0.8669063598226606
vn -0.39543289304594764 0.30349105871644044 -0.8669059951208585
vn -0.3747357742013748 0.32870409032246306 -0.8669064081773639
vn -0.3747357708928907 0.32870474307147507 -0.8669061621050034
vn -0.37473550354835683 0.3287033133287213 -0.8669068197834643
vn -0.3747369591229124 0.3287037264041705 -0.8669060339594624
vn -0.3286246341890279 0.37480616370405156 -0.8669061018666204
vn -0.3286245539622086 0.37480548872085495 -0.8669064241069276
vn -0.32862297201664165 0.37480620121372404 -0.8669067157397543
vn -0.3286244581804763 0.3748068523570917 -0.8669058708485932
vn -0.30340556048703166 0.39549637803412485 -0.8669069620365492
vn -0.30340691822515775 0.395496986717198 -0.8669062091545595
vn -0.30340760686485624 0.39549696106826787 -0.8669059798399743
vn -0.3034077346420682 0.39549628678326865 -0.8669062427390952
vn -0.3524342749500993 0.3525112841505844 -0.8669059213010969
vn -0.3524334351705829 0.3525111298233063 -0.8669063254611531
vn -0.35243392373205124 0.3525102772828373 -0.8669064735095753
vn -0.3524341925638019 0.3525097116496829 -0.8669065942214065
vn -0.3286248395276827 0.374805176489229 -0.8669064508482348
vn -0.3286255807606954 0.3748049635104353 -0.8669062619439527
vn -0.3286256275203462 0.3748042675948989 -0.8669065450955542
vn -0.32862616293941643 0.37480435583540717 -0.8669063039789949
vn -0.30340803467022587 0.39549578275722413 -0.8669063676769261
vn -0.30340817657420366 0.3954953264575055 -0.8669065261827182
vn -0.3034086488532585 0.3954949926904415 -0.8669065131591915
vn -0.3034095431244313 0.3954953505809774 -0.8669060368978021
vn -0.3524352925624485 0.35250994738040015 -0.8669060511694959
vn -0.35243546828217925 0.35250949725070774 -0.8669061627677902
vn -0.9487576479144092 0.31127834301904994 -0.05444923040073877
vn -0.4605060823466643 0.1908086690498448 -0.8669061079131662
vn -0.46050489201110706 0.19080881878960565 -0.8669067072678318
vn -0.4719990690574016 0.16028193792207768 -0.8669063266494768
vn -0.47200003581816274 0.16028154003462922 -0.8669058738477785
vn -0.4605064194390243 0.19080804704072157 -0.8669060657533522
vn -0.47199928346577236 0.1602809266100182 -0.8669063968923241
vn -0.9670850571189277 0.24855947331593609 -0.05444887989834827
vn -0.9812708802357621 0.18477758217751614 -0.05444910215939274
vn -0.991255018764369 0.1202031565757041 -0.0544489570486666
vn -0.9969943362330883 0.05511459444340068 -0.05444882917458588
vn -0.9984643445941984 -0.010209797867863876 -0.0544491744802013
vn -0.4888831836420968 0.09730156239086496 -0.8669057842166383
vn -0.4814715964686732 0.12906859770093532 -0.8669062226569961
vn -0.4814713921354453 0.12906810711076963 -0.8669064091826747
vn -0.4888822038124976 0.09730271050611325 -0.8669062079161731
vn -0.4888816578410308 0.09730194713118541 -0.8669066014923897
vn -0.481471562833491 0.12906756849334586 -0.8669063945697315
vn -0.4941984778817497 0.065119200321022 -0.8669067736549948
vn -0.4984710282696227 0.00005666237923566751 -0.866906356399121
vn -0.4974004078455473 0.03265760125592107 -0.8669061744821595
vn -0.4984710058884453 0.00005609080993680964 -0.8669063693054647
vn -0.4942012724659804 0.06511878218800153 -0.8669052119461259
vn -0.4974011553191327 0.032657180456705626 -0.8669057614595778
vn -0.4984716755780702 0.00005564704750962489 -0.8669059842623059
vn -0.49419976230156154 0.06511969989468216 -0.8669060039166337
vn -0.4973989607808844 0.03265825582017047 -0.8669069800969885
vn -0.44704155238269727 0.22051670202044948 -0.8669061278900343
vn -0.4470424342821687 0.22051641289507104 -0.866905746661633
vn -0.4720007222890019 0.16027918599663415 -0.8669059353210801
vn -0.46050604680047286 0.19080690833289593 -0.8669065143327985
vn -0.44703998963686087 0.2205171575314321 -0.8669068178874433
vn -0.46050514935265957 0.19080693673550575 -0.8669069848105374
vn -0.4470410633485014 0.22051708343408294 -0.8669062830513844
vn -0.4719985977300461 0.16028004734564685 -0.8669069328155977
vn -0.4719998647770999 0.1602797098312692 -0.8669063053564691
vn -0.46050781559382736 0.19080688286306072 -0.8669055803425676
vn -0.4605075637521902 0.19080625145258762 -0.866905853096883
vn -0.4720005284858613 0.16027958323803063 -0.8669059673956058
vn -0.4316618142252172 0.24928066121401507 -0.8669067020645863
vn -0.44704109189507013 0.22051516056485934 -0.8669067574533709
vn -0.44704132379716127 0.22051474011792188 -0.8669067448165386
vn -0.4316621943448921 0.2492812977421844 -0.8669063297550231
vn -0.4316626398581931 0.24928053690431126 -0.8669063266993465
vn -0.4316634298200029 0.24928030720663485 -0.8669059993995871
vn -0.44704255265633225 0.2205147733553975 -0.8669061026700228
vn -0.4470424081944052 0.22051432856480388 -0.8669062903067207
vn -0.4605064386581114 0.19080457068506812 -0.8669068206907302
vn -0.4720003102946811 0.1602784129149936 -0.866906302569762
vn -0.47199943567581454 0.16027754513255296 -0.8669069392085837
vn -0.46050654960824094 0.19080437354790677 -0.8669068051428039
vn -0.46050753321390386 0.190804164985121 -0.8669063285485784
vn -0.4720011622762596 0.16027699313277843 -0.8669061011909972
vn -0.4720002643881917 0.16027709614429175 -0.8669065710150261
vn -0.46050672437174195 0.19080534044511965 -0.8669064994946286
vn -0.48888373910852934 0.09729740875328378 -0.8669059371610971
vn -0.4973995133127565 0.03265384240757068 -0.8669068293261131
vn -0.4984706117992766 0.00005230512110884185 -0.8669065961432231
vn -0.49419922727238863 0.06511499876436272 -0.8669066620457423
vn -0.4942009313077383 0.06511454105096515 -0.8669057250002945
vn -0.49740091079294907 0.032653275951465444 -0.86690604883804
vn -0.4984712142945368 0.00005193898103630349 -0.8669062497306569
vn -0.49740050051536916 0.03265287407668321 -0.8669062993781926
vn -0.49847146739893666 0.000051330127329634736 -0.8669061042318073
vn -0.48147117347929047 0.12906624177425133 -0.8669068083379813
vn -0.48888215132889734 0.09730073751957527 -0.8669064589620818
vn -0.488882063956304 0.09730008227337913 -0.8669065817788084
vn -0.48147265825133 0.12906597212079934 -0.8669060238554759
vn -0.4814727794574367 0.12906549581892934 -0.8669060274508101
vn -0.48888226595004186 0.09729917198450959 -0.8669065700354804
vn -0.48888347458782344 0.09729974152146599 -0.8669058245131318
vn -0.4814719775496703 0.12906685256307135 -0.8669062708297088
vn -0.49419883832015543 0.06511798624669764 -0.8669066593758431
vn -0.49419935835759626 0.06511759665499643 -0.8669063921813112
vn -0.49739982653306597 0.032656076622883154 -0.8669065654524001
vn -0.4984710059348394 0.00005440618560014421 -0.8669063693861502
vn -0.49739933365947914 0.032656617693760624 -0.8669068278632426
vn -0.49847054117726963 0.00005494988687048544 -0.8669066365872105
vn -0.49419939574675187 0.06511713571866903 -0.8669064054898556
vn -0.4942001797738516 0.06511652597887917 -0.8669060043372262
vn -0.4974012026737044 0.032655443667157946 -0.866905799713933
vn -0.4984716756232952 0.00005399202909749895 -0.8669059843409579
vn -0.4974012114474888 0.032654904076078135 -0.8669058150055013
vn -0.4984716308426917 0.0000534753940431915 -0.866906010121864
vn -0.48147199680719427 0.12906414571398167 -0.8669066631313967
vn -0.4814729484355784 0.12906502433406813 -0.8669060037964884
vn -0.48888367587243536 0.09729884599261482 -0.8669058115123933
vn -0.48888198418346185 0.09729820664447357 -0.8669068372810371
vn -0.4814720922084914 0.12906367739598942 -0.8669066798689475
vn -0.48147308456951515 0.1290634711612895 -0.8669061594237959
vn -0.48888277502983274 0.09729763765060316 -0.8669064551534622
vn -0.49419954912462566 0.06511586969526595 -0.866906413148989
vn -0.49419919180179744 0.06511540034887608 -0.8669066521026678
vn -0.49739994353865713 0.03265439637232012 -0.8669065616116307
vn -0.4984709578235129 0.00005280705182302011 -0.8669063971490377
vn -0.8698004966843529 0.4903900559398592 -0.054448957776569794
vn -0.835865034820613 0.5462279411700217 -0.054448873721084756
vn -0.7983500860178573 0.5997269676541037 -0.054449099383672935
vn -0.9000111819197228 0.43245249990894374 -0.054449129855018125
vn -0.9263679017133243 0.37266311966646887 -0.05444914981620737
vn -0.4316598204470726 0.24928450743308753 -0.866906588834947
vn -0.43166034483592397 0.24928409814114427 -0.8669064454196241
vn -0.4144329968644935 0.27698215467480003 -0.8669060947424582
vn -0.43166163450671297 0.24928408795869972 -0.8669058061782677
vn -0.41443208532368003 0.27698287817198036 -0.8669062993506461
vn -0.414432202807938 0.2769823405772568 -0.8669064149515244
vn -0.3954292191214473 0.30349504590432225 -0.8669062750819927
vn -0.44703952021206417 0.22051875561209283 -0.8669066534476834
vn -0.4470404908755976 0.22051852577414915 -0.8669062113678161
vn -0.44704109545736914 0.220518172356629 -0.8669059895010343
vn -0.4144329542070359 0.27698136133855794 -0.8669063686109753
vn -0.41443303243485125 0.2769807578206561 -0.8669065240404807
vn -0.43166091460606953 0.24928308689847975 -0.8669064525009701
vn -0.43166110980832734 0.2492826344266842 -0.866906485413701
vn -0.41443406425620055 0.2769807800975703 -0.8669060236499853
vn -0.41443408300547485 0.2769802561865532 -0.8669061820786854
vn -0.43166201299959495 0.24928245857088718 -0.8669060862527103
vn -0.4316620535704908 0.24928189854555335 -0.8669062270885077
vn -0.41443405134704947 0.27697956949263286 -0.866906416614704
vn -0.4144341935140646 0.2769790284763679 -0.8669065215065775
vn -0.41443493136049236 0.2769789044473368 -0.8669062083982195
vn -0.4144349185838046 0.2769784389888952 -0.8669063632213747
vn -0.4144357799997965 0.27697828807163105 -0.8669059996290651
vn -0.41443568098012956 0.2769775663914805 -0.866906277544689
vn -0.4144354763839733 0.27697691342711966 -0.8669065839770598
vn -0.41443681497386214 0.27697679253725715 -0.8669059826706088
vn -0.4144350954296 0.27697632170860675 -0.866906955150914
vn -0.39543440880271646 0.3034889395575105 -0.8669060456018887
vn -0.41443777616386607 0.27697679756014015 -0.8669055215544992
vn -0.41443747330207487 0.2769748571754746 -0.8669062862937478
vn -0.39543477131061416 0.30348843666335773 -0.8669060563003084
vn -0.3954343140035762 0.3034875645123025 -0.866906570222485
vn -0.41443700146075324 0.2769759035955697 -0.8669061775345919
vn -0.4144365419939897 0.27697518003135235 -0.866906628367014
vn -0.3954342909145753 0.30348721203676704 -0.8669067041493205
vn -0.39543550358529306 0.30348756258504506 -0.8669060282755184
vn -0.41443665947627734 0.27697464243537673 -0.8669067439638126
vn -0.5676647986523786 0.49787506161009465 -0.6556501349025247
vn -0.751839760658698 0.6593458684883615 0
vn -0.7284484428706407 0.6249033742698819 0.28081780375441795
vn -0.41443856906114607 0.27697494195312805 -0.8669057353626236
vn -0.6277960611474804 0.41952157505786003 -0.6556475834384516
vn -0.8314697669859799 0.5555700015194128 0
vn -0.8037837562876171 0.5244760991324345 0.280813985704048
vn -0.3954353425324739 0.3034869801698298 -0.8669063056314806
vn -0.5990117219519717 0.4596820792606888 -0.6556503206517201
vn -0.7933535135015166 0.6087612032766206 0
vn -0.00036539353275828117 0.00027409368020672004 0.9999998956801048
vn -0.2768937898319004 0.4144924212601424 -0.8669059129285209
vn -0.27689349129728996 0.4144913774133569 -0.8669065073738781
vn -0.27689369851732604 0.4144907494745585 -0.8669067414211374
vn -0.3034123173317859 0.39549425127292576 -0.866905567464775
vn -0.27689436517607857 0.4144908553592186 -0.8669064778609743
vn -0.2768946574517891 0.41449069774399744 -0.8669064598665478
vn -0.27689620844796087 0.414491772536794 -0.8669054505806559
vn -0.3524371348406535 0.35250901804149454 -0.8669056800971673
vn -0.3524368355215624 0.35250815247802186 -0.8669061537468048
vn -0.3524362430807023 0.352506963991446 -0.8669068778713741
vn -0.3954328925498915 0.3034905516962374 -0.8669061728472922
vn -0.3747369933734388 0.32870271702699266 -0.8669064018776814
vn -0.37473693342554526 0.3287020014701753 -0.8669066991068411
vn -0.39543283921948663 0.30348990086054306 -0.8669064250208747
vn -0.39543295257157735 0.3034894493303735 -0.8669065313894406
vn -0.37473767442405903 0.3287036966416891 -0.8669057360413162
vn -0.3747384791634404 0.3287015211394544 -0.8669062130558763
vn -0.35243657091438035 0.3525066361740357 -0.8669068778913793
vn -0.35243842717832946 0.35250780698624984 -0.8669056471507209
vn -0.3286287524376078 0.37480307056738504 -0.8669058780309206
vn -0.3524385696936292 0.3525072640468546 -0.866905809985439
vn -0.3954334530436483 0.30348917637607287 -0.8669063986593648
vn -0.3954341144619441 0.3034893000116004 -0.8669060536748874
vn -0.37473731784307096 0.32870158159509955 -0.8669066921374302
vn -0.37473904572384176 0.3287024452888637 -0.866905617741116
vn -0.32862701372923053 0.37480451927797337 -0.8669059107978301
vn -0.3286272296308024 0.37480387193590026 -0.8669061088301553
vn -0.3286268656243091 0.3748028513820401 -0.8669066880500086
vn -0.30340979040762095 0.3954949747058234 -0.8669061218305265
vn -0.3034098704987783 0.3954941877022852 -0.8669064528411494
vn -0.30341034772659214 0.395493949792935 -0.8669063943527073
vn -0.32862711500231284 0.37480256585816096 -0.8669067169605941
vn -0.3286283398862157 0.37480340373179905 -0.866905890379508
vn -0.3034104106570085 0.3954933580816153 -0.8669066422737068
vn -0.30341155192328845 0.3954939953724614 -0.8669059520985131
vn -0.49782297021376654 0.5677112341632629 -0.6556494832853667
vn -0.6593458684883615 0.751839760658698 0
vn -0.6406503348474125 0.7146387132272012 0.28081783778255304
vn -0.30341131182492365 0.3954926222760233 -0.8669066625548068
vn -0.3034119036097101 0.3954925869186749 -0.8669064715644393
vn -0.3034131818297401 0.39549267205043587 -0.8669059853561742
vn -0.3034119935986204 0.39549199163077337 -0.8669067116457426
vn -0.2768960899510313 0.414490849731145 -0.8669059296480696
vn -0.2768954300888467 0.414489323509049 -0.8669068701382655
vn -0.2768967469296455 0.41448977883471605 -0.8669062318274843
vn -0.276895964277581 0.414489230729445 -0.8669067438750846
vn -0.30341338417268304 0.39549242545473645 -0.8669060270368465
vn -0.45962565801477234 0.5990539149382058 -0.6556513261572009
vn -0.6087612032766206 0.7933535135015166 0
vn -0.02604980369188501 0.03319246662519832 0.999109437392596
vn -0.2768978546723451 0.41449050165996604 -0.8669055324033423
vn -0.4194633948035755 0.627834198959968 -0.6556482891277572
vn -0.5555700015194128 0.8314697669859799 0
vn -0.5418906258718412 0.7921477028691046 0.2808141136613771
vn -0.3747382231937745 0.3287006378159311 -0.8669066586299663
vn -0.37473923541057025 0.32870090510514755 -0.8669061197309419
vn -0.3524389924486943 0.3525059284659446 -0.8669061811973148
vn -0.3524390455545073 0.3525054749310432 -0.8669063440258513
vn -0.37473905463868756 0.3287003371436121 -0.8669064132247368
vn -0.374739429051384 0.3287001469114655 -0.8669063235059619
vn -0.3286281216324308 0.37480172381006793 -0.8669066994211901
vn -0.3286287537832118 0.37480182040449467 -0.8669064180223666
vn -0.35243752090939384 0.35250570862203434 -0.8669068688412371
vn -0.35243869071585693 0.3525062525811772 -0.8669061720726573
vn -0.3286293414446531 0.3748016320274505 -0.866906276693861
vn -0.328629880533878 0.3748016946514799 -0.8669060452590396
vn -0.352439343584677 0.352505176914767 -0.8669063440429369
vn -0.5338868019966582 0.5339363930622 -0.6556499148307036
vn -0.3747401773109591 0.32870006031269783 -0.8669060328890207
vn -0.7071067811865476 0.7071067811865476 0
vn -0.23169452570056157 0.22669242927176733 0.946006442510439
vn -0.32862966735124166 0.37480094438548167 -0.8669064504457004
vn -0.47200106010240994 0.1602748680513734 -0.8669065497118568
vn -0.47200061992481 0.16027445792868608 -0.8669068651973294
vn -0.46050978702042983 0.19080208654251318 -0.866905588763518
vn -0.4720032742315046 0.1602746820912863 -0.8669053785709695
vn -0.4470426059671647 0.22051401029161288 -0.8669062692789784
vn -0.4470434416419924 0.22051371286516216 -0.86690591399719
vn -0.44704209925392596 0.22051246053449006 -0.8669069247870084
vn -0.43166375895148795 0.24927993543175897 -0.866905942417636
vn -0.4316634483723719 0.2492793172332988 -0.8669062748296223
vn -0.43166279125603674 0.24927839251515702 -0.8669068679334053
vn -0.4605088256452706 0.19080393109583757 -0.8669056934760486
vn -0.4720026453649255 0.16027688643835705 -0.8669053134236394
vn -0.46050900581793447 0.19080348462396396 -0.8669056960338479
vn -0.4605068057215781 0.1908022500133857 -0.8669071364765308
vn -0.47200065456020657 0.1602759198836093 -0.8669065760508451
vn -0.47200145559977175 0.1602755312231298 -0.8669062117685166
vn -0.43166509170830086 0.24927851500077083 -0.8669056872344735
vn -0.44704300091080806 0.22051244937587297 -0.8669064626630213
vn -0.447044078624061 0.22051257096747384 -0.8669058759822077
vn -0.431664618139722 0.24927786123721973 -0.8669061110312266
vn -0.44704442460347293 0.2205121926926415 -0.8669057937889406
vn -0.43166341536235503 0.24927815309035142 -0.8669066260154955
vn -0.4605082536767919 0.19080211078239626 -0.8669063979557042
vn -0.4605084145226069 0.19080189216823149 -0.8669063606289306
vn -0.4814745217004076 0.12906323451710497 -0.866905396481846
vn -0.48888382805628683 0.0972969690776323 -0.8669059363468087
vn -0.4814724961894749 0.12906237053040734 -0.8669066500645545
vn -0.4814738827707974 0.12906217302825143 -0.8669059093712755
vn -0.48888301529532935 0.0972964012218067 -0.8669064584284928
vn -0.48888310176212196 0.0972960132064738 -0.8669064532148624
vn -0.4941995783577233 0.065114074030325 -0.8669065313597664
vn -0.4984714450146083 0.00005082352862444936 -0.8669061171326553
vn -0.4974004834054392 0.03265234396225404 -0.8669063291623876
vn -0.49420007754885914 0.06511363346470408 -0.8669062798755848
vn -0.4941994928005847 0.0651130463574262 -0.8669066573222867
vn -0.4974010026445309 0.03265176364407693 -0.866906053098689
vn -0.49847125912587414 0.00005049476012095907 -0.8669062240379548
vn -0.49739966647956435 0.03265131693348989 -0.8669068365681096
vn -0.4984704965146553 0.00004990284400656052 -0.8669066625733932
vn -0.4814743296377727 0.1290613087159272 -0.8669057898597687
vn -0.48147136855182143 0.12906131384818828 -0.8669074336586438
vn -0.48888250182291654 0.0972953716818285 -0.8669068635445568
vn -0.48888480636497056 0.09729532147080226 -0.8669055695549421
vn -0.48147442609720065 0.12906086357153768 -0.8669058025578904
vn -0.4888843004344359 0.09729466596079998 -0.8669059284399366
vn -0.4974026858586219 0.03265057798309922 -0.8669051319827323
vn -0.4984721628876275 0.00004914142204883517 -0.8669057044519034
vn -0.49420126369950657 0.06511191159769598 -0.8669057330101726
vn -0.49740132738694054 0.032650124313952235 -0.8669059285158875
vn -0.4984721147449076 0.00004867617005401514 -0.866905732160291
vn -0.4941995723589212 0.06511267253079543 -0.8669066400461798
vn -0.49420185146002016 0.06511250302839924 -0.8669053535207085
vn -0.49739971902127406 0.032650843357981095 -0.8669068242582766
vn -0.4984705413204098 0.00004944868816785813 -0.8669066368361503
vn -0.46050847822188246 0.19079980770213067 -0.8669067855695882
vn -0.44704451953136265 0.2205103178696279 -0.866906221727592
vn -0.48147392213816353 0.12905950828437257 -0.8669062842212472
vn -0.4814729805714185 0.12905887077987718 -0.8669069020677466
vn -0.46050923944442296 0.19080133687124268 -0.8669060446406323
vn -0.4605082053453275 0.1908005061277706 -0.8669067768053333
vn -0.47200136941298204 0.16027381868307 -0.8669065753107517
vn -0.4720014648284537 0.16027347799662217 -0.8669065863463378
vn -0.48147382845684117 0.1290599094699758 -0.8669062765251581
vn -0.47200228452099885 0.16027314515492835 -0.8669062015864838
vn -0.4720013733100043 0.16027247890184526 -0.8669068208868399
vn -0.4605089665097188 0.19080041104620413 -0.8669063933947829
vn -0.4470441619450606 0.22050987085529652 -0.8669065198314171
vn -0.6771836420713065 0.3339888522477871 -0.6556475893994017
vn -0.4605106186580953 0.19080010351658347 -0.8669055834410109
vn -0.6975783030661707 0.2889842060262392 -0.6556467339647972
vn -0.8968728838647412 0.4422884015980324 0
vn -0.8653628451522347 0.4150726901404562 0.28082344654532315
vn -0.9238795305660377 0.3826834370613369 0
vn -0.03915606765870423 0.01572064291935329 0.9991094353231328
vn -0.472003345156114 0.1602727487841499 -0.8669056973850217
vn -0.7149847216975346 0.24274176587074972 -0.6556472243829367
vn -0.4814750026233994 0.12905898878134256 -0.8669057614663399
vn -0.7293300586416664 0.195459647834616 -0.6556471548249954
vn -0.9469300549733575 0.32143968483706875 0
vn -0.9121370227564833 0.2985695571708908 0.2808242711157935
vn -0.9659258182961655 0.25881907493243805 0
vn -0.31399739125334464 0.08047366973630697 0.9460072022798061
vn -0.4316646105521523 0.24927730551258945 -0.8669062746071469
vn -0.4316644642242487 0.2492767110159304 -0.8669065184153784
vn -0.4470440523882352 0.22051142533728144 -0.8669061809215719
vn -0.44704325907884995 0.22051059667316886 -0.8669068007963734
vn -0.4316641468896877 0.24927615083011087 -0.8669068375075384
vn -0.4316658153615434 0.24927637408291722 -0.8669059425175994
vn -0.44704442595837496 0.22051053933210019 -0.8669062136488659
vn -0.43166616058095225 0.24927627751037365 -0.8669057983886546
vn -0.6538880916606981 0.3775633190713322 -0.6556495280835409
vn -0.8660252003375697 0.5000003523801481 0
vn -0.28247157061355693 0.15900097968699414 0.9460066068763403
vn -0.4888842740118622 0.09729368315676978 -0.8669060536423104
vn -0.48888284672706317 0.09729389986576047 -0.8669068342243902
vn -0.49419983213098856 0.06511089817948425 -0.8669066252255566
vn -0.4888829465587922 0.09729317330308057 -0.8669068594679649
vn -0.4888832905985174 0.09729278164910819 -0.8669067094056571
vn -0.49420081147997996 0.06511000749242252 -0.8669061338212262
vn -0.4941998429194074 0.06511056432473261 -0.8669066441501921
vn -0.48147242070082313 0.12906004169148913 -0.8669070386973916
vn -0.4941997312481188 0.06511123587012536 -0.8669066573730715
vn -0.4974005017486764 0.0326496331550258 -0.8669064207369833
vn -0.4973990945391968 0.032649215495825584 -0.8669072438727768
vn -0.4984705413523909 0.00004813372618842667 -0.8669066368917697
vn -0.4984705413624733 0.00004771165880506129 -0.8669066369093044
vn -0.4974019049135914 0.03264871689478608 -0.8669056501566103
vn -0.4974000565280469 0.03264841882944744 -0.8669067219221643
vn -0.4984711886496716 0.00004741780027332659 -0.8669062647355456
vn -0.49847003184137434 0.00004702141754298736 -0.8669069299209953
vn -0.4888846955578926 0.09729255897751983 -0.8669059420818802
vn -0.7405518316947547 0.14734055148760128 -0.6556475779417427
vn -0.4942008675551498 0.06510966430070497 -0.8669061276299682
vn -0.7486024861909297 0.0985907285511757 -0.655647913069589
vn -0.9807852926251279 0.19509026057249068 0
vn -0.9433048856698627 0.17695726253818508 0.2808238236089651
vn -0.9914448482045445 0.13052629225051873 0
vn -0.0017107938276444414 0.00020626574517563834 0.9999985153183587
vn -0.4974008017616224 0.03264813571889774 -0.8669063049955142
vn -0.7534476965635756 0.04941878742570527 -0.6556480397228494
vn -0.49847144512008756 0.00004647387016956522 -0.8669061173160973
vn -0.7550669418452929 0.000034959103267726776 -0.6556477042667488
vn -0.9978589147635325 0.06540325853461215 8.097995874364377e-20
vn -0.9583321208757561 0.05231751871378917 0.2808245419001113
vn -1 -1.221014123142794e-10 1.6197147651492718e-19
vn -0.0018860130981006966 -0.000020580479224720216 0.9999982212639368
vn -0.3306139395703231 0.942194100250801 -0.05444906256653382
vn -0.19070484007384655 0.46054918209649803 -0.8669060588337443
vn -0.19070522834934067 0.46054867749838474 -0.8669062414902284
vn -0.19070407403435205 0.4605485415639411 -0.8669065676357673
vn -0.16017421949716354 0.47203495714453403 -0.866906695464992
vn -0.1601753546493022 0.4720358590646881 -0.8669059946268869
vn -0.16017596647537008 0.4720358616534764 -0.8669058801719719
vn -0.6159268534824279 0.7859194769103812 -0.05444893912785097
vn -0.5632063724884074 0.8245204059496679 -0.05444889494786887
vn -0.5080738545827939 0.8595907488762632 -0.05444908388326654
vn -0.3034045116329025 0.39549774141592736 -0.8669067071234944
vn -0.27688867404261674 0.41449514855565794 -0.8669062429183128
vn -0.2768886662418062 0.4144943322153495 -0.866906635727392
vn -0.27689019593711256 0.4144952409206676 -0.8669057126631622
vn -0.24918652627521837 0.4317170304725889 -0.8669062698601386
vn -0.2491868732661012 0.4317165610231388 -0.8669064039042614
vn -0.24918760002141435 0.4317167637461599 -0.8669060940471638
vn -0.4507662442262251 0.8909798435206574 -0.05444916442047818
vn -0.3915283707754935 0.9185536568995658 -0.05444918984082655
vn -0.22041703436258597 0.44708984432319077 -0.8669065705517911
vn -0.2204178698315349 0.4470902337897321 -0.8669061572677699
vn -0.2204183302415394 0.4470899028689214 -0.8669062108706975
vn -0.22042024520679435 0.44708970970192047 -0.8669058235942524
vn -0.22042019637256566 0.447088956265259 -0.8669062245806758
vn -0.24919002836214935 0.43171440841245656 -0.8669065689761233
vn -0.24919098745580603 0.4317150138477468 -0.8669059917829846
vn -0.24919092152087743 0.43171413861340885 -0.8669064465978197
vn -0.24918938556568745 0.4317144346691967 -0.8669067406703279
vn -0.2204205669200819 0.4470883263973031 -0.8669064552060322
vn -0.22042059556186103 0.44708728096205785 -0.8669069870834522
vn -0.22042193919954953 0.44708844839078243 -0.8669060433720789
vn -0.22042219045553121 0.4470878779606879 -0.8669062736740315
vn -0.22041848662763322 0.44708884494346995 -0.866906716711722
vn -0.2204195373329629 0.4470893070200202 -0.8669062112537206
vn -0.19070538845743612 0.4605472974033501 -0.8669069394506936
vn -0.19070625701309207 0.46054802301517983 -0.8669063628979002
vn -0.19070721884639263 0.46054869218652955 -0.8669057958077979
vn -0.1907078795983619 0.4605488237141715 -0.8669055805764488
vn -0.16017545896857166 0.47203341530706155 -0.8669073059893766
vn -0.1601767218436837 0.4720347752405931 -0.8669063321622318
vn -0.1601779645642327 0.4720350609197252 -0.8669059469922736
vn -0.16017741384696998 0.47203524157761234 -0.8669059503787373
vn -0.19070768538580646 0.46054599129218426 -0.8669071280359202
vn -0.19070753363268372 0.46054708735754485 -0.8669065791319274
vn -0.19070861014628007 0.4605469471120998 -0.8669064168189082
vn -0.19070912780789717 0.46054687813991035 -0.8669063395813493
vn -0.16017797197675626 0.4720325056538097 -0.8669073369741425
vn -0.16017855883795692 0.47203487688165696 -0.8669059373980054
vn -0.16017906058213974 0.47203355115343 -0.8669065665551884
vn -0.16017996122218578 0.4720348222132536 -0.866905708044976
vn -0.2768900455427406 0.414493480513668 -0.8669066024036294
vn -0.2768897161136499 0.41449383574110754 -0.8669065377785118
vn -0.2768912311669755 0.4144939774698204 -0.8669059861046552
vn -0.2768915605959549 0.41449362224221675 -0.8669060507294104
vn -0.2491881071590406 0.43171622816741023 -0.8669062149894873
vn -0.24918839504012993 0.4317157893775403 -0.8669063507550577
vn -0.2491886700967899 0.4317154475788053 -0.8669064419054833
vn -0.24918981298309498 0.4317160318373736 -0.8669058224282739
vn -0.2768913233112386 0.41449240204433074 -0.8669067099304698
vn -0.2768924539003857 0.4144929058409465 -0.866906107938196
vn -0.2768922735279258 0.41449203924057176 -0.8669065798958551
vn -0.2768930824459246 0.41449234363371973 -0.8669061759859719
vn -0.26828369192681534 0.9617999682551343 -0.05444889081092805
vn -0.2048041788472685 0.977287336789811 -0.05444914762395254
vn -0.12895921181391906 0.48150129278766135 -0.8669060080147926
vn -0.12895907213462918 0.48149957326266224 -0.8669069838581585
vn -0.12896059308840194 0.4815015142793155 -0.8669056795159517
vn -0.09719142230424146 0.4889043227602841 -0.8669062178902551
vn -0.09719205747561602 0.48890427257249197 -0.8669061749832093
vn -0.09719226334754862 0.488904169360798 -0.8669062101098417
vn -0.1404486171076098 0.9885896595842198 -0.054448791682793894
vn -0.07549012266389206 0.995658849983024 -0.0544490204748671
vn -0.06500805122385292 0.49421450138723383 -0.8669059810006184
vn -0.06500707682640265 0.4942132322687416 -0.8669067775793247
vn -0.06500866897080741 0.4942150626805082 -0.8669056146884421
vn -0.03254533126912291 0.49740635437176817 -0.866906984654738
vn -0.03254501906206411 0.4974077958465171 -0.8669061692970926
vn -0.03254635241974015 0.49740907281867885 -0.8669053865456324
vn -0.12896080597915155 0.4814994738787274 -0.8669067811337713
vn -0.12896056634729178 0.48149976737195405 -0.8669066537685243
vn -0.12896183040274922 0.4815005327366602 -0.8669060406257906
vn -0.1289623866422313 0.48150043180927116 -0.8669060139363581
vn -0.09719281033653986 0.48890358889110347 -0.866906476148543
vn -0.09719348502933689 0.48890392986873715 -0.8669062082063764
vn -0.09719371170624477 0.48890320070356186 -0.8669065940149354
vn -0.0971946797736605 0.48890439024078153 -0.866905814622895
vn -0.09719659476302203 0.4889037951507156 -0.8669059355280133
vn -0.12896289114605092 0.48150021521917374 -0.866906059184697
vn -0.1289633062445826 0.4814997006121915 -0.866906283258367
vn -0.12896292263654555 0.48149771812703873 -0.8669074414396816
vn -0.1289645868112951 0.48150097862806157 -0.8669053829160429
vn -0.09719485958591048 0.48890296475094974 -0.8669065983875118
vn -0.09719572046202629 0.4889036927507209 -0.8669060913031911
vn -0.09719588770366112 0.4889023385883444 -0.8669068362496314
vn -0.06500893831809788 0.4942132234996608 -0.8669066429880602
vn -0.0650096326418958 0.4942136217234164 -0.8669063638979643
vn -0.06501020587427764 0.4942141844528236 -0.8669060001048641
vn -0.06501045663200566 0.4942134795227955 -0.8669063831732174
vn -0.03254672196338259 0.49740652112681927 -0.8669068367650318
vn -0.032547264769558264 0.49740695156143366 -0.8669065694147103
vn -0.03254801387617497 0.4974082380017153 -0.8669058031647644
vn -0.03254849861585057 0.4974081853036424 -0.8669058152018542
vn -0.06501212714190444 0.49421343192823364 -0.8669062850309727
vn -0.06501249256089087 0.4942129576797771 -0.8669065279904328
vn -0.03254923207909015 0.4974063907619572 -0.866906817322499
vn -0.032549925365565634 0.4974076781066878 -0.8669060526488495
vn -0.03255021937929258 0.4974072565311158 -0.8669062834981349
vn -0.06501107528915712 0.4942133920845714 -0.8669063866266122
vn -0.06501159842412658 0.4942128677628102 -0.866906646305125
vn -0.0325487812864297 0.49740683729956964 -0.8669065780373382
vn 0.8660253998985324 -0.5000000067305869 -2.490143556933154e-17
vn 0.2773508726389174 -0.9607686992436999 0
vn 0.010757510683913746 -0.9999421363078393 0
vn 0.5218893934281894 -0.8530131657994177 -1.0721141408048932e-7
vn 0.500000192460167 -0.8660252926674809 -2.5470552276312675e-23
vn 0.4999997986492412 -0.8660255200343221 2.547055195127141e-23
vn 0.5000000067305869 -0.8660253998985324 -2.5470581900737097e-23
vn 0.500000192460167 -0.8660252926674809 0
vn 0.4999997986492412 -0.8660255200343221 2.547055195127141e-23
vn 0.500000192460167 -0.8660252926674809 0
vn 0.4999997986492412 -0.8660255200343221 -2.547055195127141e-23
vn 0.5000000067305869 -0.8660253998985324 2.5470581900737097e-23
vn 0.5000000067305869 -0.8660253998985324 -2.5470581900737097e-23
vn 0.5000004228931902 -0.8660251596268038 5.0941043785609835e-23
vn -0.24919208920403083 0.4317148632115919 -0.8669057501022397
vn -0.2491921340278458 0.43171411836199974 -0.8669061081487254
vn -0.24919145924680144 0.43171226329183326 -0.866907225925527
vn -0.22042266948291853 0.4470879718101549 -0.8669061034741342
vn -0.2204229661362478 0.44708644911314743 -0.8669068133421814
vn -0.22042321145115967 0.44708789361255397 -0.8669060059998702
vn -0.24919341310421175 0.43171387574484116 -0.8669058612991619
vn -0.24919291201820307 0.43171352773806454 -0.8669061786420971
vn -0.24919319664092812 0.43171299389605866 -0.8669063626766027
vn -0.22042324502977623 0.44708611271084236 -0.8669069159209951
vn -0.22042500296182654 0.44708813844740714 -0.866905424212417
vn -0.22042530742222138 0.4470878236783792 -0.8669055091336942
vn -0.1907101289829974 0.4605478981741099 -0.8669055774366076
vn -0.19071010057324989 0.4605468882580775 -0.8669061202086088
vn -0.19071033601779028 0.4605462552272843 -0.8669064047128194
vn -0.16018002995985992 0.4720340899594042 -0.8669060940599365
vn -0.1601807937771524 0.47203433974730435 -0.8669058169168365
vn -0.1601807607963064 0.4720329594737446 -0.8669065745748932
vn -0.1907125698087977 0.4605474737823112 -0.8669052659372047
vn -0.16018126795669596 0.47203278219487627 -0.8669065773940983
vn -0.16018157038013434 0.472032854766348 -0.8669064819988865
vn -0.16018215022123003 0.4720333277602213 -0.866906117312662
vn -0.19071010057390064 0.460544980910986 -0.8669071334905443
vn -0.19071122774856955 0.46054613036983266 -0.8669062748717453
vn -0.22042575974424047 0.4470854800188112 -0.8669066028111236
vn -0.19071338897446663 0.46054511843728574 -0.8669063370107871
vn -0.24919391682785008 0.43171288721670237 -0.8669062087832876
vn -0.24919433695474802 0.4317125048008604 -0.8669062784570492
vn -0.24919393023476843 0.43171157332586907 -0.8669068592361304
vn -0.24919484740055534 0.4317121835695114 -0.8669062916986233
vn -0.22042435216284892 0.4470857641031723 -0.8669068142020058
vn -0.22042507493007132 0.44708592835026406 -0.8669065457206185
vn -0.22042594411838776 0.4470863849447226 -0.8669060892372233
vn -0.22042674364508807 0.44708649415816326 -0.8669058296189877
vn -0.3339255707782892 0.6772136006204486 -0.6556488788330848
vn -0.4422884015980324 0.8968728838647412 0
vn -0.4338576775795514 0.8560991251959759 0.28082343820265915
vn -0.19071420860048077 0.46054601265704637 -0.8669056816422349
vn -0.2889195702571197 0.6976048403340119 -0.6556469847905951
vn -0.3826834370613369 0.9238795305660377 0
vn -0.002156998957734316 0.005050859869329893 0.9999849179713046
vn -0.2491957581020004 0.43171272300946095 -0.8669057612772715
vn -0.3775027295725326 0.6539237328491597 -0.655648870037849
vn -0.5000003523801481 0.8660252003375697 0
vn -0.1651272898755554 0.2789346237174881 0.9460065823396461
vn -0.19071243549576833 0.4605460725839651 -0.8669060398767319
vn -0.19071217133363566 0.46054480088550026 -0.8669067735821108
vn -0.19071250032370282 0.4605446546860349 -0.866906778875562
vn -0.16018330886323878 0.4720320951132665 -0.8669065744038421
vn -0.1601835173267489 0.4720315880236811 -0.866906811995772
vn -0.1601828163085389 0.47203292717252826 -0.8669062123577149
vn -0.16018326314009163 0.4720327775618983 -0.8669062112575913
vn -0.1289676571895629 0.4814985375970337 -0.8669062819537955
vn -0.12896807673566857 0.4814983972231547 -0.8669062975054662
vn -0.1289681957966596 0.4814972939835383 -0.8669068925550684
vn -0.16018456094477276 0.4720331989307772 -0.866905742017036
vn -0.24267549064847063 0.715007461922055 -0.6556469596012059
vn -0.32143965811402525 0.9469300640446149 0
vn -0.31840306785648625 0.9054044560500081 0.28082424636125464
vn -0.12896913453153014 0.48149908197992564 -0.8669057598093791
vn -0.19539205493127895 0.7293481738378386 -0.6556471506756832
vn -0.25881907493243805 0.9659258182961655 0
vn -0.087306513419099 0.31216659797527685 0.946007181697445
vn -0.1289646311208871 0.48149957644829916 -0.8669061551286631
vn -0.12896534448021496 0.48149983758887277 -0.8669059039624709
vn -0.12896534964280087 0.4814984859568493 -0.8669066539211543
vn -0.09719714656214289 0.48890367823587744 -0.8669059395964517
vn -0.0971974787883884 0.4889027092206406 -0.8669064488362621
vn -0.09719799368648123 0.48890259407577025 -0.8669064560431566
vn -0.1289658131489639 0.48149834280748294 -0.8669066644757522
vn -0.12896649609763391 0.48149904871165805 -0.8669061708017007
vn -0.12896700283300927 0.4814995557091551 -0.8669058138184084
vn -0.09719850120436468 0.4889024792848179 -0.8669064638776109
vn -0.09719878578273912 0.4889033508773173 -0.8669059404245029
vn -0.09719930806099147 0.4889032353780981 -0.8669059470030717
vn -0.06501338726301258 0.49421418438268183 -0.8669057615632451
vn -0.06501346277208939 0.49421258268380097 -0.8669066690107934
vn -0.06501401178465151 0.49421256496881694 -0.8669066379366397
vn -0.032550699198200715 0.4974071557621254 -0.8669063233004711
vn -0.03255129254610899 0.4974075886843582 -0.8669060526220761
vn -0.03255150919749626 0.49740619690744187 -0.8669068430500709
vn -0.06501453303596114 0.4942125031648168 -0.866906634078712
vn -0.06501543479630237 0.4942153064082008 -0.8669049683501046
vn -0.06501532239502592 0.4942132451634943 -0.8669061518750683
vn -0.0325526296524357 0.497408448781776 -0.8669055089127181
vn -0.03255194411208067 0.4974062122791042 -0.8669068178995241
vn -0.032553362715475785 0.49740906211413133 -0.8669051294707255
vn -0.09719970914745597 0.48890158998866556 -0.866906829969752
vn -0.12896674703050978 0.48149740067255337 -0.8669070488270026
vn -0.09720055175128325 0.4889027855431647 -0.8669060612473422
vn -0.09720042227421387 0.48890095343146495 -0.8669071090050645
vn -0.09719960338611412 0.48890226813260357 -0.8669064593809288
vn -0.06501620257216428 0.4942122693539361 -0.8669066421611544
vn -0.0650166626027919 0.49421288071937386 -0.8669062591278556
vn -0.06501694832695602 0.494212364056967 -0.866906532241783
vn -0.09720128222219775 0.48890284672718665 -0.866905944838547
vn -0.14727192864417296 0.7405657045119073 -0.6556473261855098
vn -0.19509026057249068 0.9807852926251279 0
vn -0.19749985489809804 0.9392186930141744 0.2808238843260599
vn -0.0650174241533294 0.49421295242016827 -0.8669061611366057
vn -0.09852138099720932 0.7486118627214615 -0.655647631337982
vn -0.13052629225051873 0.9914448482045445 0
vn -0.005963549899744305 0.04177039081960703 0.9991094387119815
vn -0.06501571003966627 0.49421235272400693 -0.866906631571728
vn -0.03255327064728753 0.49740538288491304 -0.8669072439697788
vn -0.032553884337863846 0.4974067387823034 -0.8669064429501435
vn -0.03255427604396007 0.4974066875908183 -0.8669064576130368
vn -0.03255478261528744 0.49740686536349127 -0.8669063365889864
vn -0.03255518452023159 0.49740685884851077 -0.8669063252343424
vn -0.049348863773940814 0.7534522272150628 -0.6556480999353863
vn -0.06540325853461215 0.9978589147635325 0
vn -0.07321776559763869 0.9569622422093598 0.2808245462678145
vn 0.4999996129196202 -0.8660256272652848 -2.547052162226414e-23
vn 0.5000000067305869 -0.8660253998985324 -2.5470581900737097e-23
vn 0.5000000067305869 -0.8660253998985324 2.5470581900737097e-23
vn 0.5000000067305869 -0.8660253998985324 -2.5470581900737097e-23
vn 0.5000004228931902 -0.8660251596268038 0
vn 0.4999996129196202 -0.8660256272652848 2.547052162226414e-23
vn 0.5000000067305869 -0.8660253998985324 -2.5470581900737097e-23
vn 0.5000000067305869 -0.8660253998985324 2.5470581900737097e-23
vn 0.5000000067305869 -0.8660253998985324 -2.5470581900737097e-23
vn 0.5000004228931902 -0.8660251596268038 0
vn 0.4999996129196202 -0.8660256272652848 2.547052162226414e-23
vn 0.5000000067305869 -0.8660253998985324 -2.5470581900737097e-23
vn 0.5000000067305869 -0.8660253998985324 2.5470581900737097e-23
vn 0.0010998941910395342 -0.00317512108704861 0.9999943544034892
vn -0.9956588494230205 -0.07549013007201341 -0.05444902044424251
vn -0.9885896616531872 -0.1404486025003859 -0.05444879179674691
vn -0.977287336789811 -0.2048041788472685 -0.05444914762395254
vn -0.9617999682551343 -0.26828369192681534 -0.05444889081092805
vn -0.4974063544320741 -0.0325453275477785 -0.8669069847598425
vn -0.49421447886406794 -0.06500805218133959 -0.866905993769051
vn -0.4974090279611624 -0.032546353384670844 -0.8669054122475484
vn -0.4942150626805082 -0.06500866897080741 -0.8669056146884421
vn -0.4974077734177213 -0.03254501954450846 -0.8669061821480294
vn -0.4942132325081092 -0.0650070694073075 -0.866906777999203
vn -0.48890416865272895 -0.09719227810794813 -0.8669062088543208
vn -0.48890437034748957 -0.09719143329035655 -0.8669061898210734
vn -0.48890427257249197 -0.09719205747561602 -0.8669061749832093
vn -0.48150129186238816 -0.12895922646726715 -0.8669060063489095
vn -0.48149957233739343 -0.12895908678797716 -0.8669069821922755
vn -0.4815015620521135 -0.1289605979014358 -0.8669056522657347
vn -0.942194100250801 -0.3306139395703231 -0.05444906256653382
vn -0.47203495714453403 -0.16017421949716354 -0.866906695464992
vn -0.4605485415639411 -0.19070407403435205 -0.8669065676357673
vn -0.4720358126386509 -0.16017533410723617 -0.8669060237016487
vn -0.46054918209649803 -0.19070484007384655 -0.8669060588337443
vn -0.4720358605268174 -0.16017598099422214 -0.8669058781028339
vn -0.46054867749838474 -0.19070522834934067 -0.8669062414902284
vn -0.4974063907619572 -0.03254923207909015 -0.866906817322499
vn -0.4974076781066878 -0.032549925365565634 -0.8669060526488495
vn -0.49740721173380653 -0.032550216622991006 -0.8669063093051039
vn -0.4942135247952555 -0.06501213504764365 -0.8669062314956539
vn -0.49421295744038984 -0.0650124999799807 -0.8669065275705199
vn -0.4889038181835303 -0.09719658596662847 -0.8669059235245756
vn -0.49740695156143366 -0.032547264769558264 -0.8669065694147103
vn -0.49740654355565217 -0.03254672148091422 -0.8669068239141177
vn -0.4942132234996608 -0.06500893831809788 -0.8669066429880602
vn -0.4942135739027706 -0.06500962282115683 -0.8669063918964385
vn -0.49740823806202644 -0.032548010154831164 -0.8669058032698774
vn -0.49740820767211374 -0.03254850185469793 -0.8669058022457977
vn -0.4942141842134441 -0.06501021329336974 -0.8669059996849661
vn -0.4942134795227955 -0.06501045663200566 -0.8669063831732174
vn -0.4889036122779464 -0.09719279415999738 -0.8669064647728426
vn -0.48890392986873715 -0.09719348502933689 -0.8669062082063764
vn -0.4814994738787274 -0.12896080597915155 -0.8669067811337713
vn -0.48890439024078153 -0.0971946797736605 -0.866905814622895
vn -0.48890324606112523 -0.09719370887393232 -0.866906568752495
vn -0.4815005795841557 -0.12896184986917392 -0.866906011709714
vn -0.48150043180927116 -0.1289623866422313 -0.8669060139363581
vn -0.48149976737195405 -0.12896056634729178 -0.8669066537685243
vn -0.49740681481043314 -0.032548785490272555 -0.8669065907831405
vn -0.49421336980075536 -0.06501106882759503 -0.8669063998149256
vn -0.4942128677628102 -0.06501159842412658 -0.866906646305125
vn -0.48890296510499276 -0.0971948522057142 -0.8669065990152892
vn -0.4889037630166594 -0.0971957300321084 -0.8669060506027604
vn -0.48149969968689194 -0.12896332089791454 -0.8669062815924304
vn -0.4815002371867548 -0.1289629039487896 -0.866906045078816
vn -0.48890233929643706 -0.09719587294327152 -0.8669068375051998
vn -0.48149771812703873 -0.12896292263654555 -0.8669074414396816
vn -0.48150095573520446 -0.1289645886619172 -0.8669053953560026
vn -0.4720350609197252 -0.1601779645642327 -0.8669059469922736
vn -0.47203341756036044 -0.1601754299308625 -0.8669073101276455
vn -0.4720348216666079 -0.16017674238580343 -0.8669063030875053
vn -0.46054802432393976 -0.19070624265386904 -0.8669063653614268
vn -0.4605472974033501 -0.19070538845743612 -0.8669069394506936
vn -0.44708884494346995 -0.22041848662763322 -0.866906716711722
vn -0.4470893569039637 -0.22041951743108096 -0.8669061905873378
vn -0.4720352647394627 -0.16017741159363466 -0.8669059381833237
vn -0.46054869218652955 -0.19070721884639263 -0.8669057958077979
vn -0.46054884719526556 -0.19070787698081523 -0.8669055686778014
vn -0.4470896656918616 -0.22042020839989865 -0.8669058556501302
vn -0.447088956265259 -0.22042019637256566 -0.8669062245806758
vn -0.47203487688165696 -0.16017855883795692 -0.8669059373980054
vn -0.4720325056538097 -0.16017797197675626 -0.8669073369741425
vn -0.46054599129218426 -0.19070768538580646 -0.8669071280359202
vn -0.47203484650180016 -0.16017994444998354 -0.8669056979187655
vn -0.4720335279915322 -0.16017906283549005 -0.8669065787505662
vn -0.46054689983373426 -0.19070860290959757 -0.8669064435276771
vn -0.46054687683113393 -0.1907091421671034 -0.8669063371177856
vn -0.46054708735754485 -0.19070753363268372 -0.8669065791319274
vn -0.4470883278657747 -0.2204205527428971 -0.8669064580534057
vn -0.4470872585853015 -0.220420584321613 -0.8669070014817037
vn -0.43171440881830553 -0.2491894027476492 -0.8669067486050221
vn -0.43171440841245656 -0.24919002836214935 -0.8669065689761233
vn -0.44708851771447505 -0.2204219588923605 -0.8669060026126983
vn -0.4470879018058956 -0.22042218751856926 -0.8669062621231493
vn -0.4317150138477468 -0.24919098745580603 -0.8669059917829846
vn -0.4317140917207593 -0.24919091395724266 -0.8669064721242274
vn -0.9185536568995658 -0.3915283707754935 -0.05444918984082655
vn -0.8909798675970378 -0.45076619644937577 -0.054449165974580965
vn -0.8595907488762632 -0.5080738545827939 -0.05444908388326654
vn -0.8245204059496679 -0.5632063724884074 -0.05444889494786887
vn -0.7859195059225509 -0.6159268166146842 -0.05444893741253986
vn -0.44708984432319077 -0.22041703436258597 -0.8669065705517911
vn -0.44709027633138043 -0.22041792081557465 -0.8669061223646245
vn -0.44708988049222853 -0.2204183190012635 -0.8669062252689747
vn -0.4317170304725889 -0.24918652627521837 -0.8669062698601386
vn -0.431716541584464 -0.24918683454451612 -0.8669064247149364
vn -0.4317167637461599 -0.24918760002141435 -0.8669060940471638
vn -0.4144952229234348 -0.27689015411231893 -0.8669057346270749
vn -0.41449510587629923 -0.27688863563825045 -0.8669062755909566
vn -0.4144943322153495 -0.2768886662418062 -0.866906635727392
vn -0.39549774141592736 -0.3034045116329025 -0.8669067071234944
vn -0.4317161844809476 -0.24918807164358683 -0.8669062469539385
vn -0.43171576673277556 -0.2491883842703449 -0.8669063651277839
vn -0.41449383574110754 -0.2768897161136499 -0.8669065377785118
vn -0.4144935017754205 -0.27689006963978924 -0.8669065845411615
vn -0.4317154475788053 -0.2491886700967899 -0.8669064419054833
vn -0.4317160318373736 -0.24918981298309498 -0.8669058224282739
vn -0.4144939774698204 -0.2768912311669755 -0.8669059861046552
vn -0.41449362224221675 -0.2768915605959549 -0.8669060507294104
vn -0.41449242330610264 -0.27689134740825894 -0.8669066920679949
vn -0.41449288115879274 -0.27689245732079687 -0.8669061186469579
vn -0.41449208191983594 -0.27689231193240565 -0.8669065472232214
vn -0.41449236147505697 -0.2768931340602786 -0.8669061509697041
vn -0.3954981295586387 -0.3034057042724115 -0.8669061126388371
vn -0.3954979444869498 -0.3034063253205494 -0.8669059797129551
vn -0.7439536548566832 -0.6660091963170455 -0.05444914918073849
vn -0.6988013847404984 -0.7132404308436975 -0.054449173498397375
vn -0.6506571353227509 -0.7574170440840917 -0.0544491835063518
vn -0.37480759071475217 -0.32862177009671084 -0.8669065706067218
vn -0.37480822826810933 -0.32862333007977607 -0.8669057036089908
vn -0.35251268911926775 -0.35243255067398654 -0.8669060509855323
vn -0.35251247250805595 -0.3524331089249605 -0.866905912114887
vn -0.37480673039600176 -0.3286227272330513 -0.8669065797395763
vn -0.35251122071709695 -0.3524326021920687 -0.866906627140818
vn -0.32870759965841134 -0.37473329224301455 -0.8669061504058655
vn -0.3287071293601798 -0.37473338910449117 -0.8669062868603803
vn -0.32870661872657203 -0.3747338613882452 -0.86690627632657
vn -0.30349465976966145 -0.3954296380419237 -0.8669062191779054
vn -0.30349415550132636 -0.39542987954991893 -0.8669062855555226
vn -0.39549637803412485 -0.30340556048703166 -0.8669069620365492
vn -0.3954969902933728 -0.30340689116631087 -0.8669062169933252
vn -0.37480620121372404 -0.32862297201664165 -0.8669067157397543
vn -0.3748068523570917 -0.3286244581804763 -0.8669058708485932
vn -0.3954969574920849 -0.3034076339236902 -0.8669059720011923
vn -0.39549628678326865 -0.3034077346420682 -0.8669062427390952
vn -0.37480616737481953 -0.32862460760518175 -0.8669061103569053
vn -0.3748055143365725 -0.3286245502914479 -0.8669064144235183
vn -0.3954958043217817 -0.30340805815287525 -0.86690634962017
vn -0.39549530131675914 -0.30340818015037846 -0.8669065364006672
vn -0.39549501783119445 -0.3034086452770811 -0.866906502941251
vn -0.39549537572172194 -0.3034095395482401 -0.866906026679858
vn -0.37480500849295145 -0.3286255940705508 -0.8669062374503809
vn -0.374805176489229 -0.3286248395276827 -0.8669064508482348
vn -0.3748042675948989 -0.3286256275203462 -0.8669065450955542
vn -0.37480435583540717 -0.32862616293941643 -0.8669063039789949
vn -0.35250830135935246 -0.35243492804270465 -0.8669068686821424
vn -0.352508563486988 -0.35243587562500156 -0.8669063768601419
vn -0.3525112841505844 -0.3524342749500993 -0.8669059213010969
vn -0.35251114803813616 -0.35243345338139814 -0.8669063106509822
vn -0.35251030338181877 -0.35243392002951246 -0.8669064644021807
vn -0.3525097153522183 -0.352434166463221 -0.8669066033268361
vn -0.32870557547837187 -0.3747350532908258 -0.8669061566770386
vn -0.3287048658940356 -0.3747350895587353 -0.8669064100530061
vn -0.3287059430666907 -0.3747338427508135 -0.8669065405739227
vn -0.32870604851714647 -0.3747346615303747 -0.8669061466594633
vn -0.3034933514969961 -0.3954299698147006 -0.8669065258547001
vn -0.30349316824408434 -0.3954305302751485 -0.8669063343611481
vn -0.30349304625882656 -0.3954310332977211 -0.8669061476178573
vn -0.30349257537521107 -0.395431488089621 -0.8669061050190786
vn -0.35250995108294964 -0.352435266461891 -0.8669060602749484
vn -0.35250949725070774 -0.35243546828217925 -0.8669061627677902
vn -0.32870474307147507 -0.3747357708928907 -0.8669061621050034
vn -0.32870412057571835 -0.3747357449131336 -0.8669064093666295
vn -0.3287033133287213 -0.37473550354835683 -0.8669068197834643
vn -0.3287037264041705 -0.3747369591229124 -0.8669060339594624
vn -0.3034919138101841 -0.3954315101864449 -0.8669063265448576
vn -0.3034912096855022 -0.3954311968639964 -0.8669067159679512
vn -0.3034910220302905 -0.3954320496116663 -0.8669063926900795
vn -0.30349105871644044 -0.39543289304594764 -0.8669059951208585
vn -0.4974071557621254 -0.032550699198200715 -0.8669063233004711
vn -0.4942142772496571 -0.06501339516875373 -0.8669057080278285
vn -0.49740756631587335 -0.03255128930730302 -0.8669060655781295
vn -0.49740619690744187 -0.03255150919749626 -0.8669068430500709
vn -0.4942126277302445 -0.06501346085696397 -0.8669066434740057
vn -0.49421256496881694 -0.06501401178465151 -0.8669066379366397
vn -0.4889037005605938 -0.09719715252612807 -0.8669059263374371
vn -0.4814995755229905 -0.12896464577421382 -0.8669061534627099
vn -0.4889026868958961 -0.09719747282440568 -0.866906462095261
vn -0.48890259336766173 -0.09719800844686426 -0.8669064547875612
vn -0.48149983758887277 -0.12896534448021496 -0.8669059039624709
vn -0.4814984381840937 -0.1289653448295702 -0.8669066811712021
vn -0.49740837822233636 -0.032552628935504924 -0.8669055494248565
vn -0.49740903968537364 -0.03255336319804503 -0.8669051423216789
vn -0.49421322240089377 -0.06501533077170427 -0.8669061642235397
vn -0.4974062122791042 -0.03255194411208067 -0.8669068178995241
vn -0.4942124804021975 -0.06501454141262723 -0.8669066464271763
vn -0.49421528412445787 -0.06501542833481233 -0.8669049815384741
vn -0.4889025495507672 -0.09719851077451477 -0.8669064231772516
vn -0.48890335016920206 -0.09719880054312025 -0.8669059391688982
vn -0.48149909449748074 -0.12896649239634958 -0.8669061459218573
vn -0.4814983647751005 -0.12896582595165673 -0.8669066503698717
vn -0.4889032353780981 -0.09719930806099147 -0.8669059470030717
vn -0.4814996024202744 -0.12896698447838895 -0.866905790604532
vn -0.472032783321565 -0.16018125343786938 -0.8669065794633061
vn -0.472032854766348 -0.16018157038013434 -0.8669064819988865
vn -0.4720332802075856 -0.16018214419774968 -0.8669061443182176
vn -0.4605474737823112 -0.1907125698087977 -0.8669052659372047
vn -0.4720340899594042 -0.16018002995985992 -0.8669060940599365
vn -0.4605478274146239 -0.19071012436384402 -0.866905616044098
vn -0.47203431771211724 -0.16018078151170165 -0.8669058311814246
vn -0.4720329594737446 -0.1601807607963064 -0.8669065745748932
vn -0.46054691173922474 -0.1907100979556837 -0.8669061083100039
vn -0.46054625391850146 -0.19071035037698975 -0.86690640224924
vn -0.4470879718101549 -0.22042266948291853 -0.8669061034741342
vn -0.4470878510710505 -0.220423160467007 -0.8669060409031686
vn -0.4470864476446659 -0.2204229803134167 -0.8669068104947755
vn -0.4317148632115919 -0.24919208920403083 -0.8669057501022397
vn -0.43171411836199974 -0.2491921340278458 -0.8669061081487254
vn -0.43171226329183326 -0.24919145924680144 -0.866907225925527
vn -0.460544980910986 -0.19071010057390064 -0.8669071334905443
vn -0.46054610819745284 -0.19071121600695226 -0.8669062892339228
vn -0.4470861156478064 -0.22042321667544212 -0.8669069216158141
vn -0.4470881146022058 -0.22042500589882758 -0.8669054357632942
vn -0.4317138531000526 -0.24919340233451442 -0.8669058756718948
vn -0.4470878236783792 -0.22042530742222138 -0.8669055091336942
vn -0.43171299389605866 -0.24919319664092812 -0.8669063626766027
vn -0.43171355198593225 -0.2491929088120706 -0.866906167488425
vn -0.49740538288491304 -0.03255327064728753 -0.8669072439697788
vn -0.4942123302007779 -0.06501571099726157 -0.8669066443401146
vn -0.49740680934178205 -0.03255388505482719 -0.8669064024381556
vn -0.49740666522231236 -0.03255427280519823 -0.8669064705690822
vn -0.4974068429346682 -0.03255478309787562 -0.8669063494399015
vn -0.48890229081141245 -0.09719960196987476 -0.8669064467497349
vn -0.4942122693539361 -0.06501620257216428 -0.8669066421611544
vn -0.4889016123134349 -0.09719971511140613 -0.8669068167107612
vn -0.494212364056967 -0.06501694832695602 -0.866906532241783
vn -0.49421288071937386 -0.0650166626027919 -0.8669062591278556
vn -0.4889028075138316 -0.09720056509540437 -0.8669060473605127
vn -0.48890095449365045 -0.0972004001336498 -0.8669071108885057
vn -0.48149737777959367 -0.12896674888114912 -0.8669070612668938
vn -0.49740683641968775 -0.032555185002825705 -0.866906338085257
vn -0.753452201447393 -0.04934886599016141 -0.6556481293800526
vn -0.9978589142772835 -0.06540326595332203 0
vn -0.9569622342003283 -0.07321776498486281 0.28082457371985353
vn -0.49421300048017086 -0.06501742655526417 -0.8669061335580209
vn -0.7486118627214615 -0.09852138099720932 -0.655647631337982
vn -0.4889028463731203 -0.09720128960238474 -0.8669059442107285
vn -0.7405657061370954 -0.14727191406620355 -0.6556473276243425
vn -0.991444850132898 -0.13052627760322993 0
vn -0.002776225334845049 -0.00039636108041322585 0.9999960677276607
vn -0.980785298327553 -0.19509023190445116 0
vn -0.9392186930141744 -0.19749985489809804 0.2808238843260599
vn -0.48149839907381675 -0.1289680474290406 -0.8669063008374619
vn -0.4814973159511706 -0.12896820859931296 -0.8669068784491807
vn -0.4720329051373127 -0.16018280404311977 -0.8669062266222987
vn -0.48149849366183467 -0.12896763158424498 -0.8669063101655995
vn -0.4720328239878214 -0.1601832836824345 -0.8669061821828216
vn -0.4605460477939982 -0.19071245247254934 -0.8669060493117082
vn -0.46054482305791333 -0.19071218307524196 -0.8669067592199468
vn -0.4720320708246259 -0.16018332563545878 -0.8669065845299482
vn -0.47203161118563347 -0.16018351507334525 -0.8669067998004412
vn -0.4605446546860349 -0.19071250032370282 -0.866906778875562
vn -0.460545141918481 -0.19071338635686547 -0.8669063251122253
vn -0.4470855291778523 -0.22042573969310192 -0.8669065825569148
vn -0.4814990810545856 -0.12896914918483993 -0.8669057581433685
vn -0.7293481110665206 -0.19539209878641117 -0.6556472074336469
vn -0.4720331989307772 -0.16018456094477276 -0.866905742017036
vn -0.715007461922055 -0.24267549064847063 -0.6556469596012059
vn -0.9659258033950012 -0.2588191305443268 0
vn -0.31216659817833625 -0.08730650602530997 0.9460071823128076
vn -0.9469300549733575 -0.32143968483706875 0
vn -0.9054044560500081 -0.31840306785648625 0.28082424636125464
vn -0.4605459904846833 -0.19071419685892058 -0.8669056960044379
vn -0.6976048981940264 -0.2889195695345646 -0.6556469235462513
vn -0.44708649415816326 -0.22042674364508807 -0.8669058296189877
vn -0.6772136006204486 -0.3339255707782892 -0.6556488788330848
vn -0.9238795498316468 -0.3826833905500394 0
vn -0.000747144068266793 -0.0003190722288190906 0.9999996699842725
vn -0.8968728838647412 -0.4422884015980324 0
vn -0.8560990871372464 -0.4338577481033317 0.28082344527029673
vn -0.4470857641031723 -0.22042435216284892 -0.8669068142020058
vn -0.44708592835026406 -0.22042507493007132 -0.8669065457206185
vn -0.4317128888197727 -0.2491939028520156 -0.8669062120023521
vn -0.43171243880699295 -0.24919428856325915 -0.8669063252317227
vn -0.4470863625679752 -0.22042593287824025 -0.8669061036355059
vn -0.4317115490779512 -0.24919393344089927 -0.86690687038976
vn -0.4317122110235608 -0.24919481624275214 -0.8669062869831374
vn -0.43171267966044397 -0.24919572048017544 -0.8669057936793163
vn -0.4144924639393779 -0.27689382823640013 -0.8669058802557832
vn -0.4144913774133569 -0.27689349129728996 -0.8669065073738781
vn -0.4144907674715781 -0.27689374034226066 -0.8669067194572292
vn -0.41449072242620466 -0.2768946540313688 -0.8669064491578383
vn -0.41449088004142237 -0.27689436175566046 -0.86690646715226
vn -0.4144917937985262 -0.2768962325448452 -0.8669054327180971
vn -0.3954942764136964 -0.30341231375557187 -0.8669055572468647
vn -0.41448977883471605 -0.2768967469296455 -0.8669062318274843
vn -0.41449084631070554 -0.2768961174683663 -0.8669059224942345
vn -0.4144893696086494 -0.2768954409760791 -0.8669068446194708
vn -0.39549264741683304 -0.3034113082487362 -0.8669066523369255
vn -0.3954926120594851 -0.303411900033516 -0.8669064613465615
vn -0.414489206047201 -0.2768959676980052 -0.8669067545837592
vn -0.3954919880545836 -0.30341202065737566 -0.8669067038068407
vn -0.39549267205043587 -0.3034131818297401 -0.8669059853561742
vn -0.6539236987324284 -0.37750274428641545 -0.6556488955930037
vn -0.41449051950126153 -0.27689790628649863 -0.8669055073868938
vn -0.627834198959968 -0.4194633948035755 -0.6556482891277572
vn -0.866025241048328 -0.5000002818671057 0
vn -0.27893459692026445 -0.165127276753391 0.946006592531436
vn -0.8314697669859799 -0.5555700015194128 0
vn -0.7921477028691046 -0.5418906258718412 0.2808141136613771
vn -0.39549242545473645 -0.30341338417268304 -0.8669060270368465
vn -0.5990539149382058 -0.45962565801477234 -0.6556513261572009
vn -0.7933535135015166 -0.6087612032766206 0
vn -0.03319247034477373 -0.026049805550045064 0.9991094372205761
vn -0.5677112341632629 -0.49782297021376654 -0.6556494832853667
vn -0.751839760658698 -0.6593458684883615 0
vn -0.7146387132272012 -0.6406503348474125 0.28081783778255304
vn -0.39549493270538905 -0.30340975124733754 -0.86690615469749
vn -0.3954941661376966 -0.30340984701616885 -0.8669064708979123
vn -0.3954939953695381 -0.3034103598281167 -0.8669063693246306
vn -0.3748038499909207 -0.32862720671778123 -0.8669061270038713
vn -0.3748028513820401 -0.3286268656243091 -0.8669066880500086
vn -0.37480456058968975 -0.3286270536229408 -0.8669058778138918
vn -0.3525090702395085 -0.3524371274355349 -0.8669056618824598
vn -0.3525081300815421 -0.3524368131235843 -0.8669061719596338
vn -0.3525069602889177 -0.3524362691812388 -0.866906868765888
vn -0.3954933329408226 -0.30341041423319187 -0.8669066524916063
vn -0.3954939953724614 -0.30341155192328845 -0.8669059520985131
vn -0.37480256585816096 -0.32862711500231284 -0.8669067169605941
vn -0.3748033744452516 -0.32862837014077206 -0.8669058915724775
vn -0.37480302925571674 -0.3286287125438474 -0.8669059110148642
vn -0.35250665857056485 -0.3524365933123815 -0.8669068596785805
vn -0.35250780328368964 -0.3524384532788207 -0.866905638045191
vn -0.3525072640468546 -0.3524385696936292 -0.866905809985439
vn -0.3287015211394544 -0.3747384791634404 -0.8669062130558763
vn -0.32870367373037196 -0.37473765247780677 -0.8669057542152893
vn -0.32870271335602985 -0.3747370189906856 -0.8669063921960422
vn -0.32870197488784475 -0.3747369370964992 -0.8669067075991309
vn -0.3034905751769902 -0.3954329141155274 -0.8669061547900335
vn -0.3034899513986615 -0.3954328572085587 -0.8669063991227159
vn -0.30348941869645013 -0.3954329812903619 -0.8669065290140033
vn -0.32870162149104315 -0.3747373591526593 -0.866906659153366
vn -0.3287024452888637 -0.37473904572384176 -0.866905617741116
vn -0.30348914931871346 -0.3954334566202181 -0.8669064065002575
vn -0.3034893000116004 -0.3954341144619441 -0.8669060536748874
vn -0.27697829149263115 -0.41443575531623134 -0.8669060103363502
vn -0.2769775663914805 -0.41443568098012956 -0.866906277544689
vn -0.27697693752213964 -0.414435497646564 -0.866906566113847
vn -0.3034889630382975 -0.39543443036832165 -0.8669060275446352
vn -0.27697632170860675 -0.4144350954296 -0.866906955150914
vn -0.27697679253725715 -0.41443681497386214 -0.8669059826706088
vn -0.27697676662313847 -0.4144378042683792 -0.8669055180030844
vn -0.37480174942586886 -0.32862811796166713 -0.8669066897378752
vn -0.37480184234952196 -0.32862877669620505 -0.8669063998486571
vn -0.37480168692983173 -0.3286293075193469 -0.8669062658176528
vn -0.3748016946514799 -0.328629880533878 -0.8669060452590396
vn -0.3525059769615431 -0.3524390111440803 -0.8669061538772065
vn -0.35250547122850107 -0.35243907165498495 -0.8669063349202984
vn -0.35250570862203434 -0.35243752090939384 -0.8669068688412371
vn -0.35250624887863063 -0.35243871681634237 -0.8669061629671154
vn -0.3287006378159311 -0.3747382231937745 -0.8669066586299663
vn -0.32870083495593216 -0.37473922338911053 -0.8669061515256421
vn -0.3287003334726557 -0.3747390802558888 -0.8669064035430443
vn -0.3287001904783093 -0.3747394447438282 -0.8669063002035517
vn -0.3748009224404356 -0.32862964443826714 -0.8669064686194102
vn -0.35250518061730884 -0.35243931748420465 -0.8669063531484967
vn -0.5339363930622 -0.5338868019966582 -0.6556499148307036
vn -0.7071067811865476 -0.7071067811865476 0
vn -0.22669242927176733 -0.23169452570056157 0.946006442510439
vn -0.32870006398366186 -0.3747401516937828 -0.8669060425707374
vn -0.4978750365841338 -0.5676647444936227 -0.6556502007971456
vn -0.6593458684883615 -0.751839760658698 0
vn -0.6249033742698819 -0.7284484428706407 0.28081780375441795
vn -0.3034883975008169 -0.3954347293122559 -0.8669060891677536
vn -0.3034876036748378 -0.395434356001948 -0.8669065373551116
vn -0.30348756258504506 -0.39543550358529306 -0.8669060282755184
vn -0.30348721561332137 -0.39543426577239027 -0.8669067143656946
vn -0.2769759035955697 -0.41443700146075324 -0.8669061775345919
vn -0.2769751525153227 -0.4144365454149574 -0.8669066355228974
vn -0.27697465332615623 -0.41443670557445406 -0.8669067184463674
vn -0.2769748571754746 -0.41443747330207487 -0.8669062862937478
vn -0.30348700722722904 -0.39543533895591254 -0.8669062977906449
vn -0.4596820792606888 -0.5990117219519717 -0.6556503206517201
vn -0.6087612032766206 -0.7933535135015166 0
vn -0.0032956683940984655 -0.004393446715895975 0.9999849179841619
vn -0.2769749385321463 -0.41443859374464076 -0.8669057246552698
vn -0.41952157505786003 -0.6277960611474804 -0.6556475834384516
vn -0.5555700015194128 -0.8314697669859799 0
vn -0.5244760991324345 -0.8037837562876171 0.280813985704048
vn 0.9999590567735198 0.009049020754342675 1.2780632646928265e-25
vn 0.8867457016849806 -0.462257569481789 2.511385617790661e-8
vn 0.9967330075879188 0.08076702040267097 -1.2752494143267136e-7
vn 0.9999999999999774 2.1270760441893317e-7 0
vn 0.9999999999999738 -2.2913511088517534e-7 0
vn 0.6481627634638495 0.7615018266943987 0
vn 0.500000192460167 0.8660252926674809 -1.8265458677770343e-16
vn 0.4999997986492412 0.8660255200343221 -2.547055195127141e-23
vn 0.500000192460167 0.8660252926674809 2.5470552276312675e-23
vn 1 -1.671074123521521e-8 0
vn 0.9999999999999774 2.1270760441893317e-7 0
vn 0.9999999999999738 -2.2913511088517534e-7 0
vn 0.9999999999999774 2.1270760441893317e-7 0
vn 0.9999999999999738 -2.2913511088517534e-7 0
vn 1 -1.671074123521521e-8 0
vn 1 -1.671074123521521e-8 0
vn 0.9999999999999023 4.421254402586351e-7 0
vn 0.5000000067305869 0.8660253998985324 -2.5470581900737097e-23
vn 0.4999997986492412 0.8660255200343221 2.547055195127141e-23
vn 0.500000192460167 0.8660252926674809 0
vn 0.4999997986492412 0.8660255200343221 -2.547055195127141e-23
vn 0.500000192460167 0.8660252926674809 0
vn 0.5000000067305869 0.8660253998985324 2.5470581900737097e-23
vn 0.5000000067305869 0.8660253998985324 -2.5470581900737097e-23
vn 0.4999996129196202 0.8660256272652848 2.547052162226414e-23
vn -0.5997269676541037 -0.7983500860178573 -0.054449099383672935
vn -0.5462279411700217 -0.835865034820613 -0.054448873721084756
vn -0.4903900559398592 -0.8698004966843529 -0.054448957776569794
vn -0.30349504590432225 -0.3954292191214473 -0.8669062750819927
vn -0.27698287817198036 -0.41443208532368003 -0.8669062993506461
vn -0.2769823405772568 -0.414432202807938 -0.8669064149515244
vn -0.2769821580958247 -0.41443297218086017 -0.8669061054496721
vn -0.24928450743308753 -0.4316598204470726 -0.866906588834947
vn -0.24928412499723052 -0.4316603655370715 -0.8669064273892351
vn -0.24928408795869972 -0.43166163450671297 -0.8669058061782677
vn -0.43245254827889607 -0.9000111585383169 -0.054449132165773455
vn -0.37266311966646887 -0.9263679017133243 -0.05444914981620737
vn -0.22051874973623103 -0.4470395679050571 -0.8669066303484069
vn -0.22051852577414915 -0.4470404908755976 -0.8669062113678161
vn -0.2205182062283813 -0.4470411633116851 -0.8669059458942201
vn -0.31127834301904994 -0.9487576479144092 -0.05444923040073877
vn -0.1908086736718655 -0.4605061531062998 -0.8669060693078695
vn -0.19080804704072157 -0.4605064194390243 -0.8669060657533522
vn -0.19080878745364407 -0.460504918112089 -0.8669067003000084
vn -0.16028193792207768 -0.4719990690574016 -0.8669063266494768
vn -0.16028154003462922 -0.47200003581816274 -0.8669058738477785
vn -0.1602809266100182 -0.47199928346577236 -0.8669063968923241
vn -0.2769807578206561 -0.41443303243485125 -0.8669065240404807
vn -0.27698136133855794 -0.4144329542070359 -0.8669063686109753
vn -0.27698079098860057 -0.4144341103542891 -0.8669059981325414
vn -0.2769802561865532 -0.41443408300547485 -0.8669061820786854
vn -0.24928308689847975 -0.43166091460606953 -0.8669064525009701
vn -0.24928264519496257 -0.43166113245409515 -0.8669064710411675
vn -0.24928244780261186 -0.4316619903538525 -0.8669061006252572
vn -0.24928189533865838 -0.4316620778196826 -0.8669062159361649
vn -0.2769795729136345 -0.4144340266634416 -0.8669064273219496
vn -0.2769790284763679 -0.4144341935140646 -0.8669065215065775
vn -0.2769789044473368 -0.41443493136049236 -0.8669062083982195
vn -0.2769784389888952 -0.4144349185838046 -0.8669063632213747
vn -0.22051670202044948 -0.44704155238269727 -0.8669061278900343
vn -0.22051641289507104 -0.4470424342821687 -0.866905746661633
vn -0.24928066121401507 -0.4316618142252172 -0.8669067020645863
vn -0.24928052934288294 -0.43166259296327864 -0.8669063522242474
vn -0.24928030720663485 -0.4316634298200029 -0.8669059993995871
vn -0.24928129344088448 -0.43166224250222057 -0.8669063070126977
vn -0.22051520015665485 -0.4470411113346845 -0.8669067373579008
vn -0.22051474011792188 -0.44704132379716127 -0.8669067448165386
vn -0.2205147733553975 -0.44704255265633225 -0.8669061026700228
vn -0.22051431732612548 -0.44704238581692973 -0.8669063047050126
vn -0.22051717170798227 -0.44703998816790463 -0.8669068150388207
vn -0.22051708343408294 -0.4470410633485014 -0.8669062830513844
vn -0.19080693673550575 -0.46050514935265957 -0.8669069848105374
vn -0.19080691095155847 -0.46050602331820417 -0.866906526230353
vn -0.19080688286306072 -0.46050781559382736 -0.8669055803425676
vn -0.19080625145258762 -0.4605075637521902 -0.866905853096883
vn -0.16028004734564685 -0.4719985977300461 -0.8669069328155977
vn -0.1602797098312692 -0.4719998647770999 -0.8669063053564691
vn -0.16027958701072273 -0.47200059920054666 -0.8669059281963628
vn -0.16027918825123622 -0.47200069912617976 -0.8669059475156011
vn -0.1908053287051052 -0.46050670219881457 -0.866906513857007
vn -0.19080457068506812 -0.4605064386581114 -0.8669068206907302
vn -0.1908043899098595 -0.46050664254082935 -0.8669067521751684
vn -0.190804164985121 -0.46050753321390386 -0.8669063285485784
vn -0.16027754513255296 -0.47199943567581454 -0.8669069392085837
vn -0.1602783923693713 -0.47200026387011135 -0.8669063316449103
vn -0.16027710065343256 -0.4720002180625217 -0.8669065954040616
vn -0.1602769953873517 -0.47200113911345015 -0.8669061133855317
vn -0.24855947331593609 -0.9670850571189277 -0.05444887989834827
vn -0.18477758217751614 -0.9812708802357621 -0.05444910215939274
vn -0.12906859770093532 -0.4814715964686732 -0.8669062226569961
vn -0.1290681187985238 -0.48147132054361574 -0.8669064472039626
vn -0.12906755754438787 -0.4814715179720808 -0.8669064211154434
vn -0.09730271050611325 -0.4888822038124976 -0.8669062079161731
vn -0.09730194352110295 -0.48888160990029395 -0.866906628933193
vn -0.09730157402391511 -0.4888831152495799 -0.8669058214802429
vn -0.1202031565757041 -0.991255018764369 -0.0544489570486666
vn -0.05511459444340068 -0.9969943362330883 -0.05444882917458588
vn 0.010209797867863876 -0.9984643445941984 -0.0544491744802013
vn -0.06511971377355137 -0.49419978434560985 -0.8669059903073709
vn -0.065119191942943 -0.49419850064516024 -0.8669067613075664
vn -0.06511878218800153 -0.4942012724659804 -0.8669052119461259
vn -0.03265825750767754 -0.4973989864823262 -0.8669069652868855
vn -0.03265760449313218 -0.497400430214048 -0.8669061615259462
vn -0.000056662297955802806 -0.4984709577183277 -0.8669063969661069
vn -0.00005609080993680964 -0.4984710058884453 -0.8669063693054647
vn -0.03265717650024068 -0.49740106239114684 -0.8669058149275447
vn -0.00005564699293994313 -0.49847167557807165 -0.8669059842623085
vn -0.12906685256307135 -0.4814719775496703 -0.8669062708297088
vn -0.12906626124429008 -0.48147122032544043 -0.8669067794213816
vn -0.12906597212079934 -0.48147265825133 -0.8669060238554759
vn -0.12906549581892934 -0.4814727794574367 -0.8669060274508101
vn -0.09730073751957527 -0.48888215132889734 -0.8669064589620818
vn -0.09730008227337913 -0.488882063956304 -0.8669065817788084
vn -0.09729974152146599 -0.48888347458782344 -0.8669058245131318
vn -0.09729917198450959 -0.48888226595004186 -0.8669065700354804
vn -0.12906502433406813 -0.4814729484355784 -0.8669060037964884
vn -0.12906414571398167 -0.48147199680719427 -0.8669066631313967
vn -0.1290636822129914 -0.48147213998064164 -0.8669066526195803
vn -0.1290634711612895 -0.48147308456951515 -0.8669061594237959
vn -0.09729884599261482 -0.48888367587243536 -0.8669058115123933
vn -0.0972981918843805 -0.4888819848922704 -0.8669068385379274
vn -0.09729763388047409 -0.488882823324994 -0.8669064283410546
vn -0.09729740875328378 -0.48888373910852934 -0.8669059371610971
vn -0.06511798624669764 -0.49419883832015543 -0.8669066593758431
vn -0.06511760407398422 -0.49419935811782856 -0.8669063917607194
vn -0.06511713571866903 -0.49419939574675187 -0.8669064054898556
vn -0.06511653985780047 -0.4942002018179106 -0.8669059907279936
vn -0.032656617693760624 -0.49739933365947914 -0.8669068278632426
vn -0.032656076622883154 -0.49739982653306597 -0.8669065654524001
vn -0.00005494988687048544 -0.49847054117726963 -0.8669066365872105
vn -0.000054406356585152465 -0.49847100593483473 -0.8669063693861421
vn -0.03265544787255054 -0.49740118018420404 -0.8669058124592337
vn -0.032654904076078135 -0.4974012114474888 -0.8669058150055013
vn -0.00005399202909749895 -0.4984716756232952 -0.8669059843409579
vn -0.0000534753940431915 -0.4984716308426917 -0.866906010121864
vn -0.06511586969526595 -0.49419954912462566 -0.866906413148989
vn -0.06511540776786617 -0.49419919156203784 -0.86690665168209
vn -0.03265439637232012 -0.49739994353865713 -0.8669065616116307
vn -0.00005280705182302011 -0.4984709578235129 -0.8669063971490377
vn -0.06511499876436272 -0.49419922727238863 -0.8669066620457423
vn -0.06511454105096515 -0.4942009313077383 -0.8669057250002945
vn -0.03265384192352119 -0.497399535741797 -0.8669068164753803
vn -0.000052304982865645506 -0.49847061179928015 -0.8669065961432292
vn -0.032653275951465444 -0.49740091079294907 -0.86690604883804
vn -0.03265287407668321 -0.49740050051536916 -0.8669062993781926
vn -0.00005193898103630349 -0.4984712142945368 -0.8669062497306569
vn -0.000051330127329634736 -0.49847146739893666 -0.8669061042318073
vn 0.9999999999998963 -4.5572056706073274e-7 0
vn 1 -1.671074123521521e-8 0
vn 1 -1.671074123521521e-8 0
vn 1 -1.671074123521521e-8 0
vn 0.9999999999999023 4.421254402586351e-7 0
vn 0.9999999999998963 -4.5572056706073274e-7 0
vn 0.5000004228931902 0.8660251596268038 -5.0941043785609835e-23
vn 0.5000000067305869 0.8660253998985324 2.5470581900737097e-23
vn 0.5000000067305869 0.8660253998985324 2.5470581900737097e-23
vn 0.5000000067305869 0.8660253998985324 -2.5470581900737097e-23
vn 0.4999996129196202 0.8660256272652848 2.547052162226414e-23
vn 0.5000004228931902 0.8660251596268038 0
vn 1 -1.671074123521521e-8 0
vn 1 -1.671074123521521e-8 0
vn 1 -1.671074123521521e-8 0
vn 0.9999999999999023 4.421254402586351e-7 0
vn 0.9999999999998963 -4.5572056706073274e-7 0
vn 1 -1.671074123521521e-8 0
vn 1 -1.671074123521521e-8 0
vn 0.009118139592033819 -0.001754786790011225 0.9999568891975802
vn 0.5000000067305869 0.8660253998985324 -2.5470581900737097e-23
vn 0.5000000067305869 0.8660253998985324 2.5470581900737097e-23
vn 0.5000000067305869 0.8660253998985324 -2.5470581900737097e-23
vn 0.4999996129196202 0.8660256272652848 2.547052162226414e-23
vn 0.5000004228931902 0.8660251596268038 0
vn 0.5000000067305869 0.8660253998985324 -2.5470581900737097e-23
vn 0.5000000067305869 0.8660253998985324 2.5470581900737097e-23
vn 0.0032247543276228965 0.0037236258929485254 0.9999878677112717
vn -0.24927993543175897 -0.43166375895148795 -0.866905942417636
vn -0.24927930646497035 -0.4316634257266514 -0.8669062892021694
vn -0.24927840649036395 -0.431662789652609 -0.8669068647132471
vn -0.22051401029161288 -0.4470426059671647 -0.8669062692789784
vn -0.22051245481429374 -0.44704214766870276 -0.8669069012757527
vn -0.22051369868858942 -0.44704344311093697 -0.8669059168457649
vn -0.24927814232199916 -0.4316633927166262 -0.8669066403880322
vn -0.2492785085870228 -0.431665140206527 -0.8669056649296445
vn -0.24927786123721973 -0.431664618139722 -0.8669061110312266
vn -0.22051244937587297 -0.44704300091080806 -0.8669064626630213
vn -0.22051258220617578 -0.4470441010014973 -0.8669058615839023
vn -0.22051218109665105 -0.44704452071101336 -0.8669057471780067
vn -0.19080393371447504 -0.4605088021630778 -0.8669057053736637
vn -0.1908034820053315 -0.4605090293001215 -0.8669056841362278
vn -0.1908022500133857 -0.4605068057215781 -0.8669071364765308
vn -0.16027688643835705 -0.4720026453649255 -0.8669053134236394
vn -0.16027593214742777 -0.47200067659575123 -0.866906561785886
vn -0.1602755312231298 -0.47200145559977175 -0.8669062117685166
vn -0.19080211340100547 -0.46050823019458365 -0.8669064098533141
vn -0.19080191826698217 -0.46050843538620284 -0.8669063438017923
vn -0.1908021100226331 -0.46050983136614254 -0.866905560038715
vn -0.16027486202424812 -0.47200101255052074 -0.8669065767165407
vn -0.16027447244706738 -0.4720006187975425 -0.866906863126917
vn -0.16027469660966664 -0.4720032731042292 -0.8669053765005578
vn -0.24927731948780454 -0.4316646089487249 -0.866906271387005
vn -0.2492767561484351 -0.43166443516484887 -0.8669065199073805
vn -0.24927611320598353 -0.43166410354257645 -0.8669068699103161
vn -0.2492763364588102 -0.4316657720144271 -0.8669059749205
vn -0.22051140270437058 -0.44704400691129326 -0.8669062101300501
vn -0.22051058837226847 -0.4470432128549774 -0.8669068267443829
vn -0.22051052809335991 -0.4470444035809351 -0.8669062280471596
vn -0.22051031493177664 -0.447044543377726 -0.8669062101778306
vn -0.1907998050835516 -0.4605085017040843 -0.8669067736719664
vn -0.24927631192761984 -0.43166622817715755 -0.8669057548332864
vn -0.37756333382641494 -0.6538881172144857 -0.6556494941015193
vn -0.5000003523801481 -0.8660252003375697 0
vn -0.15900097968699414 -0.28247157061355693 0.9460066068763403
vn -0.22050987085529652 -0.4470441619450606 -0.8669065198314171
vn -0.3339888522477871 -0.6771836420713065 -0.6556475893994017
vn -0.4422884015980324 -0.8968728838647412 0
vn -0.4150726901404562 -0.8653628451522347 0.28082344654532315
vn -0.19080010351658347 -0.4605106186580953 -0.8669055834410109
vn -0.2889842060262392 -0.6975783030661707 -0.6556467339647972
vn -0.3826834370613369 -0.9238795305660377 0
vn -0.01572064291935329 -0.03915606765870423 0.9991094353231328
vn -0.19080134861132028 -0.460509261617301 -0.8669060302782474
vn -0.1908005061277706 -0.4605082053453275 -0.8669067768053333
vn -0.19080039930610654 -0.46050894433682515 -0.8669064077571541
vn -0.1602731306365408 -0.472002285648261 -0.8669062036568775
vn -0.16027248115635606 -0.4720013501472006 -0.86690683308139
vn -0.16027381868307 -0.47200136941298204 -0.8669065753107517
vn -0.16027349026048293 -0.47200148686399107 -0.866906572081389
vn -0.12905989666890066 -0.48147380648914767 -0.8669062906316135
vn -0.12905950828437257 -0.48147392213816353 -0.8669062842212472
vn -0.12905887077987718 -0.4814729805714185 -0.8669069020677466
vn -0.1602727487841499 -0.472003345156114 -0.8669056973850217
vn -0.24274176587074972 -0.7149847216975346 -0.6556472243829367
vn -0.32143965811402525 -0.9469300640446149 0
vn -0.2985695571708908 -0.9121370227564833 0.2808242711157935
vn -0.12905898878134256 -0.4814750026233994 -0.8669057614663399
vn -0.19545963350274584 -0.7293300607658953 -0.6556471567346172
vn -0.25881907493243805 -0.9659258182961655 0
vn -0.08047366973630697 -0.31399739125334464 0.9460072022798061
vn -0.12906324917005282 -0.48147452077443953 -0.8669053948146203
vn -0.12906237053040734 -0.4814724961894749 -0.8669066500645545
vn -0.12906217302825143 -0.4814738827707974 -0.8669059093712755
vn -0.09729695808769674 -0.4888837804699221 -0.8669059644161633
vn -0.09729639980421281 -0.4888830379746993 -0.8669064457977964
vn -0.0972960132064738 -0.48888310176212196 -0.8669064532148624
vn -0.12906131384818828 -0.48147136855182143 -0.8669074336586438
vn -0.1290613087159272 -0.4814743296377727 -0.8669057898597687
vn -0.1290608811894742 -0.4814744958370469 -0.8669057612019071
vn -0.0972953716818285 -0.48888250182291654 -0.8669068635445568
vn -0.09729532147080226 -0.48888480636497056 -0.8669055695549421
vn -0.09729465999832067 -0.48888427810949536 -0.8669059416990801
vn -0.065114074030325 -0.4941995783577233 -0.8669065313597664
vn -0.06511363250569031 -0.49420010007244897 -0.8669062671075203
vn -0.0651130463574262 -0.4941994928005847 -0.8669066573222867
vn -0.0326523484027163 -0.4974005539044589 -0.8669062885452643
vn -0.00005082352862444936 -0.4984714450146083 -0.8669061171326553
vn -0.03265176364407693 -0.4974010026445309 -0.866906053098689
vn -0.03265131693348989 -0.49739966647956435 -0.8669068365681096
vn -0.00005049476012095907 -0.49847125912587414 -0.8669062240379548
vn -0.00004990284400656052 -0.4984704965146553 -0.8669066625733932
vn -0.06511268090878682 -0.49419954959556583 -0.8669066523936764
vn -0.06511250302839924 -0.49420185146002016 -0.8669053535207085
vn -0.0651118977186999 -0.49420124165544627 -0.8669057466193685
vn -0.032650843357981095 -0.49739971902127406 -0.8669068242582766
vn -0.00004944868816785813 -0.4984705413204098 -0.8669066368361503
vn -0.03265057846710338 -0.49740266342967526 -0.8669051448335214
vn -0.000049141340204113574 -0.4984721147335669 -0.8669057321405681
vn -0.032650124313952235 -0.49740132738694054 -0.8669059285158875
vn -0.00004867566801295061 -0.49847211474491976 -0.8669057321603122
vn 0.4386444378423713 -0.8772888756847426 0.19482116350579196
vn 0.05068810788595742 -0.02534405394297871 0.9983929059486938
vn 0.36425118019752023 -0.7285025988136284 0.5801767327689926
vn 0.43864423499903904 -0.8772888276259505 0.19482183662206176
vn 0.42257951605039545 0 0.9063258534404794
vn 0.4386456921557604 -0.8772879868467571 0.19482234185934114
vn 0.38699210092103853 0 0.9220830297889233
vn 0.8776992138206468 -0.4388497559219383 0.19249670590914963
vn 0 0 1
vn 0.4407980920772322 -0.8815964821776804 0.16877406386353014
vn 0.6161329255089997 -0.3080665819637914 0.7248966817284158
vn 0 0 1
vn 0.6825342213598292 -0.6825344597784095 0.26133072511231115
vn 0.5022787899585048 -0.5022789687724338 0.7038692028258664
vn 0.3555667691217419 -0.17778344416551561 0.9175866823777321
vn 0 0 1
vn 0.23845781644835481 -0.9538312657934193 0.18260280986229777
vn 0.4407978285384035 -0.8815966107511081 0.16877408055737517
vn 0.4386458113649576 -0.8772879272419267 0.19482234185929995
vn 0.5073148448262931 -0.2536563495295744 0.823583696148852
vn 0 0 1
vn 0.4639530782504349 -0.23197653912521746 0.8549470313869931
vn 0 0 1
vn 0.2130478772396851 -0.10652405037855164 0.9712173951771107
vn 0.06507728098125391 -0.9319070361805774 0.356811187348742
vn 0.2915884865859541 -0.2915884865859541 0.9110171836914086
vn 0.3426848036270958 0 0.9394504379492612
vn 0.3426848036270958 0 0.9394504379492612
vn 0.5251430335204514 0.2263550040091926 0.8203585840990125
vn 0.27833470291971535 0.6627010605420327 0.695238878017519
vn 0.7706058722456258 0 0.6373120033865346
vn 0.741241395824109 0.3195010127148387 0.5903221967628517
vn 0.4330539102950633 0.8661081782179948 0.2496416119200916
vn -0.5425958615435703 0.24770675517459817 0.8026400777911994
vn -0.4884651640603006 0 0.8725833963006306
vn -0.9121019647071656 0 0.4099634202917724
vn 0.2495729007191632 0.4991453842058166 0.829799525579914
vn 0.6370741750528954 0 0.7708025009564206
vn -0.40078270547939565 -0.801564755307697 0.4436971557685803
vn 0 0 1
vn 0.7656997934889191 -0.3215940253220767 0.5570288225291129
vn 0 0 1
vn -0.3311431016074876 0.16557140179213609 0.9289404486652306
vn 0.4324146268813792 0.864828478902366 0.2551260326553472
vn -0.19151626853691234 0.11399769232236703 0.9748466777041773
vn -0.1268558804385549 -0.8577867178470415 0.4981059448384038
vn 0 0 1
vn 0.5975451513392399 0.6453489708705444 0.4758828615397846
vn 0 0 1
vn 0 0 1
vn -0.42603219118085633 0.4260323401924702 0.7981184230349313
vn -0.44079804405394557 0.8815965053404045 0.16877406829783445
vn 0.3933274989910869 -0.786651958145332 0.47589092792732585
vn 0.5473810432441383 -0.7772781250162966 0.31018173683843686
vn 0.09792503490352601 -0.04896253607821407 0.9939886103974898
vn 0.05326826912431759 -0.02663414573802978 0.9982249815473989
vn 0.04930381479630408 0 0.9987838273853517
vn 0.052731520867288995 -0.02636565798816238 0.998260606648321
vn 0.051161079988723386 0 0.9986904144400242
vn 0.026102680270090637 -0.05220537916663245 0.9982951710134562
vn 0.0016204847937372532 -0.0008102426879069392 0.9999983587665631
vn 0.0263657343449594 -0.05273149104166035 0.9982606062071038
vn 0.09757479300004342 -0.09757482280236586 0.9904333969157572
vn 0.6825342213598292 -0.6825344597784095 0.26133072511231115
vn 0.4407980920772322 -0.8815964821776804 0.16877406386353014
vn 0.03938816521315023 -0.03938816521315023 0.9984473671066908
vn 0.05068809671247906 -0.025344074433272298 0.9983929059958245
vn 0.050688178575546916 -0.02534398311699738 0.9983929041577063
vn 0.025100903430842737 -0.050201594520139774 0.9984236298058009
vn 0.02510086788450108 -0.05020173576900216 0.9984236235973305
vn 0.025100860391672187 -0.050201772937407824 0.9984236219168389
vn 0.010987219254563847 -0.039334259404091194 0.9991657004972617
vn 0.019369145494334532 -0.07747658197733813 0.9968060069280924
vn 0.04727455958942161 0 0.9988819329708722
vn 0.052587248154456895 0 0.9986163333991396
vn 0.006449559132428972 0.011119941999124194 0.9999173716247425
vn 0.4970914557667715 0.2958875080358901 0.815690301028511
vn 0.7180341031307805 0 0.6960079214643866
vn 0.3420447985398289 0.5897331799699469 0.7315874057379487
vn 0.5807787091265209 0.29038947377254815 0.7605064395174014
vn -0.5047002994760548 0.847896808295551 0.16232254985367275
vn -0.9230498500542673 0 0.38468035342969453
vn 0.8530879599189294 0.4265436223315968 0.30050203142341514
vn 0.9789723495341035 0 0.20399298725122195
vn -0.8853164547404395 -0.4426578697423417 0.14236848429688115
vn 0.4895489014366361 -0.82244242859492 0.28970730876019124
vn -0.42978446541071125 0.8595681559610608 0.27645596131993727
vn 0.8853164793071434 0.44265782242106383 0.14236847866240052
vn -0.3365149475649427 0.8012254780993214 0.49476805000917096
vn -0.49068516920225236 -0.8294909072644512 0.2667824947228631
vn 0.1511175916301796 0.6528282104190951 0.742279462992811
vn -0.22480827308000365 0.899233390343235 0.37528729001472644
vn -0.7073236191953034 0.3536619586092654 0.6120592428524511
vn 0.7073253436593071 -0.3536613009228153 0.6120576300045812
vn 0.164345871548211 -0.9334809562338425 0.31875341387004796
vn 0.4927104059903654 -0.8494983815682663 0.18865035261484572
vn 0.3104105554312505 0.1337972863262644 0.9411395078566142
vn 0.4927087360890199 -0.8494994527771834 0.18864989030695542
vn 0.13150902434841183 0 0.9913149734140652
vn 0.1158077480527635 -0.07082613479402423 0.9907432685217126
vn 0.23290103787526045 -0.11645064559750098 0.9655031608941276
vn 0.2315040924880821 0.2315031239126258 0.9448873788870106
vn 0.07790751014616107 0.7915372853018298 0.6061345938319604
vn -0.1290600465083569 -0.4814724684729912 -0.8669070114480477
vn -0.09729368315676978 -0.4888842740118622 -0.8669060536423104
vn -0.09729317330308057 -0.4888829465587922 -0.8669068594679649
vn -0.09729278164910819 -0.4888832905985174 -0.8669067094056571
vn -0.0972938888759262 -0.48888279914068217 -0.8669068622936205
vn -0.06511089817948425 -0.49419983213098856 -0.8669066252255566
vn -0.06511056432473261 -0.4941998429194074 -0.8669066441501921
vn -0.06511000749242252 -0.49420081147997996 -0.8669061338212262
vn 1 0 0
vn 1 0 0
vn 0.05268305898215682 -0.0227081532900804 0.99835306133173
vn 0.02701612453288683 0.046579395827661844 0.9985491920278909
vn 1 0 0
vn 0.053027258007589305 -0.025340989559092333 0.9982714781843477
vn 0.0046524942159355005 0 0.9999891770902176
vn 0.03174168627294322 0 0.9994961057215531
vn 0.0046524942159355005 0 0.9999891770902176
vn 0.026232328474453916 -0.05558946027842244 0.9981090505795257
vn 0.025100860391672187 -0.050201772937407824 0.9984236219168389
vn 0.682535687272122 0.6825328262492595 0.26133116287991787
vn 0.004008981495584811 0.04073109575646281 0.9991621019163236
vn -0.09729255159746514 -0.48888469591227834 -0.8669059427102883
vn -0.14734055148760128 -0.7405518316947547 -0.6556475779417427
vn -0.19509026057249068 -0.9807852926251279 0
vn -0.17695726253818508 -0.9433048856698627 0.2808238236089651
vn -0.06510965447634365 -0.4942008197351564 -0.86690615562878
vn -0.0985907285511757 -0.7486024861909297 -0.655647913069589
vn -0.13052629225051873 -0.9914448482045445 0
vn -0.0002953202627642376 -0.0024494232987055295 0.9999969565510919
vn -0.1365894532431646 -0.27317866806774904 0.9522167487371056
vn 0.24652850579142083 -0.12326414113700168 0.9612646083893898
vn -0.15681860050914595 0.15681798956152923 0.9750979667111572
vn -0.04827865340667698 0.9810184499444472 0.18780833978775363
vn 0 0 1
vn -0.31668846987095073 0.15834493529003352 0.9352193830961755
vn -0.2384568514527485 0.9538316377408825 0.18260212715022683
vn -0.06511123587012536 -0.4941997312481188 -0.8669066573730715
vn -0.0326496331550258 -0.4974005017486764 -0.8669064207369833
vn -0.032649215495825584 -0.4973990945391968 -0.8669072438727768
vn -0.03264871689478608 -0.4974019049135914 -0.8669056501566103
vn -0.03264841882944744 -0.4974000565280469 -0.8669067219221643
vn -0.00004813372618842667 -0.4984705413523909 -0.8669066368917697
vn -0.00004771165880506129 -0.4984705413624733 -0.8669066369093044
vn -0.00004741780027332659 -0.4984711886496716 -0.8669062647355456
vn -0.00004702141754298736 -0.49847003184137434 -0.8669069299209953
vn -0.8853164793071434 -0.44265782242106383 0.14236847866240052
vn 0.42978446541071125 -0.8595681559610608 0.27645596131993727
vn -0.23845866836397397 0.9538309183631941 0.18260351216914178
vn -0.026453358705254074 0.1343825441838286 0.9905763734472435
vn -0.44079670232269663 0.8815972789472968 0.16877353161606284
vn -0.14820733699297023 0.14820800754522545 0.977787794851688
vn -0.03264813571889774 -0.4974008017616224 -0.8669063049955142
vn -0.049418789356975086 -0.7534477260080616 -0.6556480057407114
vn -0.06540325853461215 -0.9978589147635325 0
vn -0.05231751871378917 -0.9583321208757561 0.2808245419001113
vn -0.00004647387016956522 -0.49847144512008756 -0.8669061173160973
vn -0.000034959103267726776 -0.7550669418452929 -0.6556477042667488
vn 1.221014123142794e-10 -1 0
vn 0.003536918506832661 -0.3241262801246118 0.9460072117801521
vn 0.01088040702745721 0.9970821216895636 -0.07555699405055179
vn 0.07628472863197407 0.9970571357913194 -0.007596587731134387
vn 0.004435011706185885 0.031063976150267247 -0.9995075587792729
vn 0.2057745346832235 0.9785699434485338 -0.0075964896522270255
vn 0.2685737092302788 0.9602912348995268 -0.07555730861691191
vn 0.33174342456246997 0.9433390651489734 -0.007596606046500494
vn 0.3345696951543095 0.7834328472547859 -0.5237328449950525
vn 0.4520353959418039 0.8919676515655807 -0.007596668764623624
vn 0.5079634888101665 0.8580583507028114 -0.07555766556064877
vn 0.5645936844083704 0.8253340295473454 -0.007596788619086499
vn 0.12777045624039676 0.16280407038266284 -0.978350420441959
vn -0.05242237907430756 -0.1505787993398473 -0.987207130931275
vn 0.6674907781515881 0.7445793127292846 -0.007596587271515236
vn 0.7127372675815462 0.697349732371205 -0.0755575155904446
vn 0.7589676507926921 0.6510840167934353 -0.007596586493138511
vn 0.6814618133063585 0.5111879127144449 -0.5237334387833747
vn 0.8374581224394336 0.5464487002345739 -0.007596786963142807
vn 0.8689387237374052 0.48911811757097023 -0.07555766971949283
vn 0.9016194272570766 0.4324635233204258 -0.007596669658804781
vn 0.010579732039802848 0.004247620618724648 -0.9999350113827624
vn 0.9503536020335384 0.31107928681094615 -0.007596605759936522
vn 0.9659234613468272 0.24755395262209057 -0.07555731176361538
vn 0.9828271862799014 0.18437194818505193 -0.007596488108367013
vn 0.8457574346261074 0.10197036086395558 -0.5237331451034396
vn 0.9984843660510976 0.05450928917828946 -0.0075965877086636175
vn -0.09241979475065944 0.10671719054963395 -0.9899848598738463
vn -0.15467912285390348 -0.029514127102989986 -0.9875238150315645
vn 0.05450928917828946 -0.9984843660510976 -0.0075965877086636175
vn 0.10197036086395558 -0.8457574346261074 -0.5237331451034396
vn 0.18437194818505193 -0.9828271862799014 -0.007596488108367013
vn 0.24755399471123327 -0.9659234496837602 -0.07555732296432437
vn 0.07710728976290603 -0.19205445504394625 -0.978350424011352
vn 0.4324635233204258 -0.9016194272570766 -0.007596669658804781
vn 0.48911811757097023 -0.8689387237374052 -0.07555766971949283
vn 0.5464487002345739 -0.8374581224394336 -0.007596786963142807
vn 0.5111879127144449 -0.6814618133063585 -0.5237334387833747
vn 0.31107928681094615 -0.9503536020335384 -0.007596605759936522
vn 0.7834328472547859 -0.3345696951543095 -0.5237328449950525
vn 0.8919676515655807 -0.4520353959418039 -0.007596668764623624
vn 0.024684684659977082 -0.01937281550867224 -0.9995075589321495
vn 0.8253340295473454 -0.5645936844083704 -0.007596788619086499
vn 0.8580583659396506 -0.5079634625447914 -0.07555766910435302
vn 0.9970821216895636 -0.01088040702745721 -0.07555699405055179
vn 0.9970571357913194 -0.07628472863197407 -0.007596587731134387
vn 0.20487762428272788 -0.029250431007276652 -0.9783504338191679
vn 0.9785699434485338 -0.2057745346832235 -0.0075964896522270255
vn 0.9602912395391965 -0.2685736938577061 -0.07555730429217655
vn 0.9433390651489734 -0.33174342456246997 -0.007596606046500494
vn 0.6510840167934353 -0.7589676507926921 -0.007596586493138511
vn 0.7445793127292846 -0.6674907781515881 -0.007596587271515236
vn 0.6973497926154351 -0.7127372086305986 -0.07555751565974332
vn -0.01020979879701842 0.9984643443821768 -0.054449178193929436
vn 0.05511459444340068 0.9969943362330883 -0.05444882917458588
vn 0.12020314923277561 0.9912550196521203 -0.05444895709743017
vn 0.00005666327781644191 0.4984710282695974 -0.8669063563990769
vn 0.00005609065714169591 0.4984710058884495 -0.866906369305472
vn 0.03265760125592107 0.4974004078455473 -0.8669061744821595
vn 0.032658252098853514 0.49739896084139873 -0.8669069802024578
vn 0.000055647117853254334 0.4984717461293482 -0.866905943695253
vn 0.03265717277892335 0.49740106245165944 -0.8669058150330103
vn 0.065119191942943 0.49419850064516024 -0.8669067613075664
vn 0.06511971377355137 0.49419978434560985 -0.8669059903073709
vn 0.0651187812289096 0.4942012949895352 -0.8669051991780463
vn 0.1847776073772383 0.9812708753221528 -0.05444910519410816
vn 0.24855947331593609 0.9670850571189277 -0.05444887989834827
vn 0.09730271050611325 0.4888822038124976 -0.8669062079161731
vn 0.09730193833347359 0.4888816808748586 -0.8669065894901952
vn 0.09730156239086496 0.4888831836420968 -0.8669057842166383
vn 0.12906859770093532 0.4814715964686732 -0.8669062226569961
vn 0.12906810711076963 0.4814713921354453 -0.8669064091826747
vn 0.1290675666413591 0.48147158572719123 -0.8669063821305171
vn 0.000054949552176438645 0.4984705411772788 -0.8669066365872264
vn 0.000054406323843342375 0.4984710059348356 -0.8669063693861436
vn 0.032656617693760624 0.49739933365947914 -0.8669068278632426
vn 0.03265607290156565 0.4973998265935763 -0.8669065655578622
vn 0.00005399176716302649 0.49847167562330225 -0.8669059843409702
vn 0.00005347499512028061 0.498471698034363 -0.866905971486622
vn 0.032655443667157946 0.4974012026737044 -0.866905799713933
vn 0.032654904076078135 0.4974012114474888 -0.8669058150055013
vn 0.06511799174753402 0.49419888312763915 -0.8669066334191716
vn 0.06511759665499643 0.49419935835759626 -0.8669063921813112
vn 0.06511714313765737 0.4941993955069858 -0.8669064050692669
vn 0.06511653339786824 0.49420017953408746 -0.8669060039166416
vn 0.00005230447603795279 0.49847054124798557 -0.866906636710195
vn 0.03265383868625252 0.4973995133732626 -0.8669068294315678
vn 0.000051938594638961263 0.49847123669178034 -0.8669062368522615
vn 0.000051329997124936624 0.49847144500171353 -0.8669061171102297
vn 0.03265327271418956 0.49740088842445446 -0.8669060617942501
vn 0.03265287779800163 0.49740050045486467 -0.866906299272741
vn 0.06511498942730781 0.4941992725593767 -0.8669066369302202
vn 0.06511454942898466 0.4942009085444159 -0.8669057373478007
vn 0.00005280680117767046 0.4984710507720556 -0.8669063437036578
vn 0.032654396856378214 0.49739992110962916 -0.8669065744623701
vn 0.06511586873622026 0.4941995716482314 -0.866906400380936
vn 0.06511539843079986 0.49419923684902894 -0.866906626566573
vn 0.09730072417714422 0.4888821293583285 -0.8669064728496781
vn 0.09730008227337913 0.488882063956304 -0.8669065817788084
vn 0.09729974010382206 0.48888349726718056 -0.8669058118824325
vn 0.09729916743972858 0.4888822209456637 -0.8669065959252881
vn 0.12906624177425133 0.48147117347929047 -0.8669068083379813
vn 0.12906685256307135 0.4814719775496703 -0.8669062708297088
vn 0.12906597212079934 0.48147265825133 -0.8669060238554759
vn 0.12906548301795193 0.48147275748975127 -0.8669060415573061
vn 0.09729740875328378 0.48888373910852934 -0.8669059371610971
vn 0.09729884741024622 0.48888365319308336 -0.866905824143097
vn 0.0972981918843805 0.4888819848922704 -0.8669068385379274
vn 0.0972976316881671 0.48888275270485776 -0.8669064684125933
vn 0.12906500486408345 0.48147290158940553 -0.8669060327131844
vn 0.12906414089696172 0.4814719490350466 -0.8669066903807598
vn 0.1290636822129914 0.48147213998064164 -0.8669066526195803
vn 0.1290634858142362 0.48147308364354807 -0.8669061577565655
vn 0.31127831610439954 0.9487576567158603 -0.05444923090585432
vn 0.16028192340373207 0.471999070184718 -0.8669063287199845
vn 0.16028155004371278 0.4720000810165267 -0.8669058473882715
vn 0.19080880181228377 0.4605049168027479 -0.8669066978351562
vn 0.16028093887374883 0.47199930550132363 -0.8669063826273387
vn 0.19080868078979812 0.46050610451958784 -0.8669060935507672
vn 0.19080804704072157 0.4605064194390243 -0.8669060657533522
vn 0.37266311966646887 0.9263679017133243 -0.05444914981620737
vn 0.43245249990894374 0.9000111819197228 -0.054449129855018125
vn 0.22051874973623103 0.4470395679050571 -0.8669066303484069
vn 0.22051852577414915 0.4470404908755976 -0.8669062113678161
vn 0.22051818947110607 0.4470410701419468 -0.8669059982020707
vn 0.4903900559398592 0.8698004966843529 -0.054448957776569794
vn 0.5462279411700217 0.835865034820613 -0.054448873721084756
vn 0.5997269676541037 0.7983500860178573 -0.054449099383672935
vn 0.24928449345792555 0.43165982205052844 -0.8669065920551831
vn 0.24928409814114427 0.43166034483592397 -0.8669064454196241
vn 0.24928411270210893 0.4316616555489952 -0.8669057885854857
vn 0.2769828397649437 0.4144320426466639 -0.8669063320240896
vn 0.2769823405772568 0.414432202807938 -0.8669064149515244
vn 0.3034950188470692 0.395429222698048 -0.8669062829230358
vn 0.2769821821907139 0.41443299344346857 -0.8669060875863983
vn 0.16028004734564685 0.4719985977300461 -0.8669069328155977
vn 0.16027970380395856 0.4719998172252461 -0.8669063323611437
vn 0.16027917147827497 0.472000723416303 -0.8669059373915515
vn 0.16027958323803063 0.4720005284858613 -0.8669059673956058
vn 0.19080693673550575 0.46050514935265957 -0.8669069848105374
vn 0.19080689397424552 0.46050604810980406 -0.8669065167976255
vn 0.22051717170798227 0.44703998816790463 -0.8669068150388207
vn 0.22051708343408294 0.4470410633485014 -0.8669062830513844
vn 0.19080686126378574 0.4605077696257685 -0.8669056095152242
vn 0.19080627043318416 0.4605076332024812 -0.8669058120266743
vn 0.16027842743335655 0.4720003091673863 -0.8669063004992995
vn 0.16027753286875868 0.4719994136402427 -0.8669069534735381
vn 0.16027710065343256 0.4720002180625217 -0.8669065954040616
vn 0.16027697861440893 0.4720011634035462 -0.8669061032614404
vn 0.19080457068506812 0.4605064386581114 -0.8669068206907302
vn 0.19080534044511965 0.46050672437174195 -0.8669064994946286
vn 0.19080439514712214 0.4605065955763238 -0.8669067759703145
vn 0.19080416760375432 0.4605075097316762 -0.8669063404461688
vn 0.220516716197003 0.44704155091373876 -0.8669061250414196
vn 0.22051640165643438 0.4470424119047081 -0.8669057610599433
vn 0.22051517180352917 0.4470411142725782 -0.8669067430550946
vn 0.22051472852205167 0.4470414199048212 -0.8669066982059415
vn 0.2492812977421844 0.4316621943448921 -0.8669063297550231
vn 0.2205147733553975 0.44704255265633225 -0.8669061026700228
vn 0.22051432856480388 0.4470424081944052 -0.8669062903067207
vn 0.24928064723882462 0.4316618158286558 -0.8669067052847731
vn 0.24928057773542958 0.4316626589560293 -0.8669063054488073
vn 0.24928030720663485 0.4316634298200029 -0.8669059993995871
vn 0.24928309010538136 0.4316608903568479 -0.8669064636532858
vn 0.2492826344266842 0.43166110980832734 -0.866906485413701
vn 0.24928248652124035 0.4316620097926931 -0.8669060798122947
vn 0.24928189854555335 0.4316620535704908 -0.8669062270885077
vn 0.27698136133855794 0.4144329542070359 -0.8669063686109753
vn 0.2769808162735385 0.41443300090920243 -0.866906520435645
vn 0.27698079098860057 0.4144341103542891 -0.8669059981325414
vn 0.2769802286706064 0.41443408642648505 -0.8669061892346965
vn 0.2769795729136345 0.4144340266634416 -0.8669064273219496
vn 0.2769790043813971 0.41443417225145635 -0.8669065393698101
vn 0.27697894285425756 0.4144349740376078 -0.8669061757247928
vn 0.2769784315189521 0.41443484780209794 -0.8669063994460723
vn -0.010757529308209937 -0.9999421361074766 0
vn -0.8660253998985324 -0.5000000067305869 7.460276697771444e-18
vn -0.5012701063698052 -0.8652908646576127 -2.9181165403831133e-7
vn -0.37740326691584986 -0.9260490128072293 0
vn -0.5447044965080065 -0.838628053122455 0
vn -0.500000121947118 -0.8660253333782257 0
vn -0.4999999585692771 -0.8660254277044763 0
vn -0.4999997504879324 -0.86602554784025 -1.2735274719161094e-23
vn -0.500000121947118 -0.8660253333782257 1.273527507145246e-23
vn -0.4999997504879324 -0.86602554784025 0
vn -0.500000121947118 -0.8660253333782257 0
vn -0.49999993621753414 -0.8660254406092593 0
vn -0.49999993621753414 -0.8660254406092593 -1.2735289883664143e-23
vn -0.4999995905678664 -0.8660256401700622 0
vn 0.00005082329215582461 0.49847144501461443 -0.8669061171326659
vn 0.03265234396225404 0.4974004834054392 -0.8669063291623876
vn 0.000050494619740042015 0.4984712143314114 -0.8669062497947867
vn 0.000049902634417766636 0.498470563706422 -0.8669066239382007
vn 0.03265176364407693 0.4974010026445309 -0.866906053098689
vn 0.032651315730353854 0.4973996183490549 -0.8669068642289618
vn 0.065114074030325 0.4941995783577233 -0.8669065313597664
vn 0.06511363250569031 0.49420010007244897 -0.8669062671075203
vn 0.0651130463574262 0.4941994928005847 -0.8669066573222867
vn 0.00004914122088083915 0.4984720923363631 -0.8669057450190009
vn 0.03265057798309922 0.4974026858586219 -0.8669051319827323
vn 0.000049448455337216674 0.4984705413204154 -0.8669066368361601
vn 0.0326508401206674 0.4973996966527394 -0.8669068372144595
vn 0.00004867590448156796 0.49847211474491404 -0.8669057321603022
vn 0.032650127551275075 0.49740134975542755 -0.8669059155596784
vn 0.06511267348979406 0.4941995498353155 -0.8669066528142364
vn 0.06511249320394072 0.49420180364003863 -0.8669053815196324
vn 0.0651118977186999 0.49420124165544627 -0.8669057466193685
vn 0.0972969690776323 0.48888382805628683 -0.8669059363468087
vn 0.0972964012218067 0.48888301529532935 -0.8669064584284928
vn 0.0972960132064738 0.48888310176212196 -0.8669064532148624
vn 0.1290632638230006 0.48147451984847145 -0.8669053931473945
vn 0.1290623723823231 0.4814724732958 -0.8669066625037968
vn 0.12906217784518445 0.48147393054296683 -0.8669058821217932
vn 0.09729537387408826 0.48888257244306416 -0.8669068234730614
vn 0.09729532885085283 0.4888848060105747 -0.8669055689265166
vn 0.09729467475842393 0.48888427740070917 -0.8669059404422368
vn 0.1290613266492472 0.4814713905195797 -0.8669074195522143
vn 0.12906127941001724 0.4814743314896801 -0.8669057931941713
vn 0.12906086171963613 0.4814744489908189 -0.8669057901186105
vn 0.000048134326454924274 0.4984705413523765 -0.8669066368917447
vn 0.00004771160858214204 0.49847051896522065 -0.866906649787707
vn 0.00004741741100960433 0.49847118864968076 -0.8669062647355615
vn 0.00004702177336637014 0.4984700542386339 -0.866906917042589
vn 0.032649629433706584 0.4974005018091749 -0.8669064208424245
vn 0.03264921824918376 0.4973991393368039 -0.8669072180658803
vn 0.06511123587012536 0.4941997312481188 -0.8669066573730715
vn 0.03264871689478608 0.4974019049135914 -0.8669056501566103
vn 0.03264842206679728 0.49740007889657534 -0.8669067089659814
vn 0.00004647361551104608 0.49847144512009345 -0.8669061173161076
vn 0.000034959288804648316 0.755066941845288 -0.6556477042667446
vn 1.221014123142794e-10 1 0
vn -0.003536918506832661 0.3241262801246118 0.9460072117801521
vn 0.032648134515881055 0.49740075363110337 -0.8669063326564429
vn 0.04941879307316749 0.7534477258693524 -0.6556480056200069
vn 0.06540326595332203 0.9978589142772835 0
vn 0.05231751827593214 0.9583321128552601 0.28082456935214994
vn 0.06511089913845723 0.49419980960739085 -0.8669066379936193
vn 0.09729389248570773 0.48888284708145247 -0.8669068348528075
vn 0.06511056432473261 0.4941998429194074 -0.8669066441501921
vn 0.06511000749242252 0.49420081147997996 -0.8669061338212262
vn 0.09729368457432772 0.4888842513325276 -0.8669060662730335
vn 0.12906004169148913 0.48147242070082313 -0.8669070386973916
vn 0.0972931990529963 0.48888299343640523 -0.8669068301419095
vn 0.09729278164910819 0.4888832905985174 -0.8669067094056571
vn 0.06510966189533915 0.49420081949541717 -0.8669061552082397
vn 0.09859073240406788 0.7486025154460605 -0.6556478790874414
vn 0.13052627760322993 0.991444850132898 0
vn 0.00009756996107803245 0.0008092573467526091 0.9999996677912695
vn 0.0972925649400316 0.48888471788282845 -0.8669059288227396
vn 0.14734053690993285 0.7405518333206695 -0.6556475793812464
vn 0.19509023190445116 0.980785298327553 0
vn 0.17695726253818508 0.9433048856698627 0.2808238236089651
vn 0.16027687191998727 0.4720026464922148 -0.8669053154940792
vn 0.1602759198836093 0.47200065456020657 -0.8669065760508451
vn 0.1602755312231298 0.47200145559977175 -0.8669062117685166
vn 0.19080394283586724 0.46050884781814355 -0.8669056791136466
vn 0.19080351072267104 0.4605090266814888 -0.8669056792066663
vn 0.1908022330361055 0.46050683051312713 -0.8669071270437161
vn 0.16027484750586848 0.472001013677792 -0.8669065787869576
vn 0.16027449299256427 0.472000665222162 -0.8669068340518565
vn 0.1602746988642177 0.4720032499414794 -0.8669053886951366
vn 0.19080209828257338 0.4605098091932867 -0.8669055744011165
vn 0.19080211340100547 0.46050823019458365 -0.8669064098533141
vn 0.19080189216823149 0.4605084145226069 -0.8669063606289306
vn 0.22051400457147424 0.44704265438194873 -0.8669062457676684
vn 0.22051370162647854 0.4470434192645442 -0.866905928395494
vn 0.22051246053449006 0.44704209925392596 -0.8669069247870084
vn 0.2492799257579429 0.43166371239757406 -0.8669059683802269
vn 0.24927934518369893 0.4316634451654998 -0.8669062683892866
vn 0.24927838174680492 0.4316627686102909 -0.866906882305933
vn 0.22051242102271035 0.4470430038486775 -0.8669064683601422
vn 0.2205125792682971 0.4470441248478716 -0.8669058500341564
vn 0.2205121614016007 0.447044451387714 -0.8669057879362972
vn 0.24927851500077083 0.43166509170830086 -0.8669056872344735
vn 0.24927815309035142 0.43166341536235503 -0.8669066260154955
vn 0.24927786123721973 0.431664618139722 -0.8669061110312266
vn 0.12905988016405476 0.4814738303087265 -0.8669062798595263
vn 0.16027380416468542 0.4720013705402468 -0.8669065773811552
vn 0.16027347799662217 0.4720014648284537 -0.8669065863463378
vn 0.12905951124932843 0.48147399280397785 -0.8669062445325213
vn 0.12905886781492315 0.4814729099055794 -0.866906941756371
vn 0.19080133687124268 0.46050923944442296 -0.8669060446406323
vn 0.1908005061277706 0.4605082053453275 -0.8669067768053333
vn 0.16027314515492835 0.47200228452099885 -0.8669062015864838
vn 0.16027246061092856 0.47200130372255267 -0.8669068621564424
vn 0.19080038756600842 0.4605089221639304 -0.866906422119525
vn 0.1290590034343069 0.48147500169746094 -0.8669057597991685
vn 0.1954596773567835 0.7293299979916644 -0.6556472134898926
vn 0.2588191305443268 0.9659258033950012 0
vn 0.08047367789169829 0.31399736420109736 0.9460072105651979
vn 0.16027276104801552 0.4720033671915994 -0.8669056831200486
vn 0.24274176587074972 0.7149847216975346 -0.6556472243829367
vn 0.32143968483706875 0.9469300549733575 0
vn 0.29856953252405266 0.9121370385066097 0.2808242461625425
vn 0.19079982206082188 0.46050847691259295 -0.8669067831048519
vn 0.22051031493177664 0.447044543377726 -0.8669062101778306
vn 0.22051142533728144 0.4470440523882352 -0.8669061809215719
vn 0.22051059667316886 0.44704325907884995 -0.8669068007963734
vn 0.22051053933210019 0.44704442595837496 -0.8669062136488659
vn 0.2492772807690132 0.4316645895098801 -0.8669062921998394
vn 0.24927674217321572 0.4316644367682721 -0.8669065231275161
vn 0.24927612718120748 0.4316641019391586 -0.8669068666901875
vn 0.24927635364088352 0.431665746161905 -0.8669059828528068
vn 0.19080010351658347 0.4605106186580953 -0.8669055834410109
vn 0.28898421731962376 0.6975783303272454 -0.6556466999825569
vn 0.3826833905500394 0.9238795498316468 0
vn 0.01572064291935329 0.03915606765870423 0.9991094353231328
vn 0.22050987085529652 0.4470441619450606 -0.8669065198314171
vn 0.333988838766898 0.67718367434259 -0.6556475629353076
vn 0.4422884015980324 0.8968728838647412 0
vn 0.4150726901404562 0.8653628451522347 0.28082344654532315
vn 0.24927626032829783 0.4316661864334646 -0.8669057904563379
vn -0.5000003523801481 -0.8660252003375697 2.5470519759398413e-23
vn -0.49999993621753414 -0.8660254406092593 0
vn -0.49999993621753414 -0.8660254406092593 -1.2735289883664143e-23
vn -0.49999993621753414 -0.8660254406092593 0
vn -0.4999995424065584 -0.8660256679759741 -1.2735259744427864e-23
vn -0.5000003523801481 -0.8660252003375697 1.2735259879699206e-23
vn -0.4999999585692771 -0.8660254277044763 0
vn -0.49999993621753414 -0.8660254406092593 0
vn -0.49999993621753414 -0.8660254406092593 -1.2735289883664143e-23
vn -0.4999995424065584 -0.8660256679759741 0
vn -0.5000003523801481 -0.8660252003375697 1.2735259879699206e-23
vn -0.49999993621753414 -0.8660254406092593 0
vn -0.49999993621753414 -0.8660254406092593 -1.2735289883664143e-23
vn -0.002090606894722396 -0.0024140249656057684 0.9999949009101383
vn 0.6506571353227509 0.7574170440840917 -0.0544491835063518
vn 0.6988013847404984 0.7132404308436975 -0.054449173498397375
vn 0.7439536548566832 0.6660091963170455 -0.05444914918073849
vn 0.3034946362890009 0.395429616476229 -0.8669062372351864
vn 0.3034941590779226 0.39542985440762995 -0.8669062957717779
vn 0.3287075767471714 0.37473327029666514 -0.8669061685798348
vn 0.32870712201822616 0.37473344033914535 -0.8669062674972902
vn 0.3287065958153073 0.37473383944190297 -0.8669062945005316
vn 0.3525126854167181 0.3524325767746008 -0.8669060418801503
vn 0.35251247250805595 0.3524331089249605 -0.866905912114887
vn 0.37480759071475217 0.32862177009671084 -0.8669065706067218
vn 0.37480822092656124 0.3286233832475183 -0.8669056866284941
vn 0.35251129112986085 0.35243261299777656 -0.8669065941158355
vn 0.3748067596824432 0.3286226969784156 -0.8669065785463734
vn 0.3954981295586387 0.3034057042724115 -0.8669061126388371
vn 0.3954979696276333 0.30340632174437265 -0.8669059694949447
vn 0.3034933514969961 0.3954299698147006 -0.8669065258547001
vn 0.30349316824408434 0.3954305302751485 -0.8669063343611481
vn 0.3287059430666907 0.3747338427508135 -0.8669065405739227
vn 0.32870609208417617 0.37473467722254933 -0.866906123356884
vn 0.30349305836421403 0.39543107887255 -0.8669061225913837
vn 0.3034925518945049 0.39543146652396194 -0.8669061230763514
vn 0.32870557547837187 0.3747350532908258 -0.8669061566770386
vn 0.3287048658940356 0.3747350895587353 -0.8669064100530061
vn 0.3525111298233063 0.3524334351705829 -0.8669063254611531
vn 0.3525113247618211 0.3524343155589747 -0.8669058882780429
vn 0.3525102772828373 0.35243392373205124 -0.8669064735095753
vn 0.35250973774867633 0.35243418886126626 -0.8669065851140253
vn 0.3034919259155253 0.3954315557612914 -0.866906301518388
vn 0.3034912096855022 0.3954311968639964 -0.8669067159679512
vn 0.3034910611929185 0.39543209160995 -0.8669063598226606
vn 0.303491051563266 0.3954329433303813 -0.8669059746881979
vn 0.3287047164891982 0.37473577456386387 -0.8669061705973586
vn 0.3287041132337858 0.3747357961476828 -0.8669063900034151
vn 0.3287033133287213 0.37473550354835683 -0.8669068197834643
vn 0.3287037264041705 0.3747369591229124 -0.8669060339594624
vn 0.35250995108294964 0.352435266461891 -0.8669060602749484
vn 0.35250949725070774 0.35243546828217925 -0.8669061627677902
vn 0.3748062231586752 0.3286229949297698 -0.8669066975660747
vn 0.3748068523570917 0.3286244581804763 -0.8669058708485932
vn 0.39549637803412485 0.30340556048703166 -0.8669069620365492
vn 0.395496986717198 0.30340691822515775 -0.8669062091545595
vn 0.37480611614341325 0.32862461494671713 -0.8669061297237505
vn 0.3748055143365725 0.3286245502914479 -0.8669064144235183
vn 0.39549696106826787 0.30340760686485624 -0.8669059798399743
vn 0.39549628678326865 0.3034077346420682 -0.8669062427390952
vn 0.35250830506188074 0.35243490194214 -0.8669068777875938
vn 0.3525086338997201 0.35243588643086027 -0.8669063438352766
vn 0.374805176489229 0.3286248395276827 -0.8669064508482348
vn 0.3748049635104353 0.3286255807606954 -0.8669062619439527
vn 0.3748042675948989 0.3286256275203462 -0.8669065450955542
vn 0.37480435583540717 0.32862616293941643 -0.8669063039789949
vn 0.3954958043217817 0.30340805815287525 -0.86690634962017
vn 0.3954953264575055 0.30340817657420366 -0.8669065261827182
vn 0.3954949926904415 0.3034086488532585 -0.8669065131591915
vn 0.3954953505809774 0.3034095431244313 -0.8669060368978021
vn 0.7859194769103812 0.6159268534824279 -0.05444893912785097
vn 0.8245204059496679 0.5632063724884074 -0.05444889494786887
vn 0.8595907488762632 0.5080738545827939 -0.05444908388326654
vn 0.8909798435206574 0.4507662442262251 -0.05444916442047818
vn 0.9185536568995658 0.3915283707754935 -0.05444918984082655
vn 0.39549774141592736 0.3034045116329025 -0.8669067071234944
vn 0.41449510587629923 0.27688863563825045 -0.8669062755909566
vn 0.4144943075332313 0.2768886696621824 -0.8669066464361972
vn 0.4317170304725889 0.24918652627521837 -0.8669062698601386
vn 0.4317165610231388 0.2491868732661012 -0.8669064039042614
vn 0.4144952409206676 0.27689019593711256 -0.8669057126631622
vn 0.4317167637461599 0.24918760002141435 -0.8669060940471638
vn 0.44708984432319077 0.22041703436258597 -0.8669065705517911
vn 0.4470902337897321 0.2204178698315349 -0.8669061572677699
vn 0.4470899028689214 0.2204183302415394 -0.8669062108706975
vn 0.41449383574110754 0.2768897161136499 -0.8669065377785118
vn 0.4144935017754205 0.27689006963978924 -0.8669065845411615
vn 0.4317162039196118 0.24918811036513117 -0.8669062261432292
vn 0.43171576673277556 0.2491883842703449 -0.8669063651277839
vn 0.4144939774698204 0.2768912311669755 -0.8669059861046552
vn 0.41449362224221675 0.2768915605959549 -0.8669060507294104
vn 0.431715399083168 0.2491886765089737 -0.8669064642129318
vn 0.43171610458078064 0.2491898033647611 -0.8669057889670759
vn 0.4144924760908242 0.27689131305005854 -0.8669066778041983
vn 0.4144929058409465 0.2768924539003857 -0.866906107938196
vn 0.41449203924057176 0.2768922735279258 -0.8669065798958551
vn 0.4144923402133051 0.27689310996330946 -0.8669061688322124
vn 0.942194100250801 0.3306139395703231 -0.05444906256653382
vn 0.46054918209649803 0.19070484007384655 -0.8669060588337443
vn 0.4605485415639411 0.19070407403435205 -0.8669065676357673
vn 0.47203495714453403 0.16017421949716354 -0.866906695464992
vn 0.4720358590646881 0.1601753546493022 -0.8669059946268869
vn 0.4605486302199819 0.19070522111279828 -0.8669062681990578
vn 0.4720358616534764 0.16017596647537008 -0.8669058801719719
vn 0.9617999682551343 0.26828369192681534 -0.05444889081092805
vn 0.977287336789811 0.2048041788472685 -0.05444914762395254
vn 0.9885896595842198 0.1404486171076098 -0.054448791682793894
vn 0.995658849983024 0.07549012266389206 -0.0544490204748671
vn 0.48150129278766135 0.12895921181391906 -0.8669060080147926
vn 0.48149957326266224 0.12895907213462918 -0.8669069838581585
vn 0.4889043227602841 0.09719142230424146 -0.8669062178902551
vn 0.4889042722184582 0.09719206485581632 -0.8669061743554504
vn 0.4815015142793155 0.12896059308840194 -0.8669056795159517
vn 0.48890416865272895 0.09719227810794813 -0.8669062088543208
vn 0.4942132325081092 0.0650070694073075 -0.866906777999203
vn 0.4974077734177213 0.03254501954450846 -0.8669061821480294
vn 0.49421447886406794 0.06500805218133959 -0.866905993769051
vn 0.49740635437176817 0.03254533126912291 -0.866906984654738
vn 0.4942150626805082 0.06500866897080741 -0.8669056146884421
vn 0.49740907281867885 0.03254635241974015 -0.8669053865456324
vn 0.4470896656918616 0.22042020839989865 -0.8669058556501302
vn 0.447088956265259 0.22042019637256566 -0.8669062245806758
vn 0.44708884494346995 0.22041848662763322 -0.866906716711722
vn 0.4605472974033501 0.19070538845743612 -0.8669069394506936
vn 0.4470893070200202 0.2204195373329629 -0.8669062112537206
vn 0.46054802301517983 0.19070625701309207 -0.8669063628979002
vn 0.4720333932718086 0.16017544670301595 -0.8669073202538962
vn 0.4720347752405931 0.1601767218436837 -0.8669063321622318
vn 0.46054869218652955 0.19070721884639263 -0.8669057958077979
vn 0.46054884719526556 0.19070787698081523 -0.8669055686778014
vn 0.4720352404509447 0.16017742836581536 -0.8669059483095806
vn 0.4720350818282382 0.16017799134857533 -0.8669059306585372
vn 0.43171440841245656 0.24919002836214935 -0.8669065689761233
vn 0.43171450226619473 0.2491894199812668 -0.866906697114777
vn 0.4470883263973031 0.2204205669200819 -0.8669064552060322
vn 0.44708728096205785 0.22042059556186103 -0.8669069870834522
vn 0.43171498959991667 0.24919099066192468 -0.8669060029366923
vn 0.43171413861340885 0.24919092152087743 -0.8669064465978197
vn 0.44708844839078243 0.22042193919954953 -0.8669060433720789
vn 0.4470879018058956 0.22042218751856926 -0.8669062621231493
vn 0.4605470860487789 0.19070754799189907 -0.8669065766683838
vn 0.46054601608212004 0.190707668409064 -0.866907118600872
vn 0.47203487688165696 0.16017855883795692 -0.8669059373980054
vn 0.4720325056538097 0.16017797197675626 -0.8669073369741425
vn 0.4605469484208728 0.19070859578707047 -0.8669064192824653
vn 0.46054687813991035 0.19070912780789717 -0.8669063395813493
vn 0.47203355115343 0.16017906058213974 -0.8669065665551884
vn 0.47203489169883694 0.16017995446207814 -0.8669056714587774
vn 0.48149976737195405 0.12896056634729178 -0.8669066537685243
vn 0.48149947295344625 0.12896082063249345 -0.8669067794678661
vn 0.48890358889110347 0.09719281033653986 -0.866906476148543
vn 0.4889039295146983 0.09719349240953486 -0.8669062075786079
vn 0.4815005327366602 0.12896183040274922 -0.8669060406257906
vn 0.48150043180927116 0.1289623866422313 -0.8669060139363581
vn 0.48890320070356186 0.09719371170624477 -0.8669065940149354
vn 0.48890439024078153 0.0971946797736605 -0.866905814622895
vn 0.4942132234996608 0.06500893831809788 -0.8669066429880602
vn 0.4942136219627934 0.06500962522280307 -0.8669063643178585
vn 0.49740652112681927 0.03254672196338259 -0.8669068367650318
vn 0.4974069996920961 0.03254726596885255 -0.8669065417536425
vn 0.4942141844528236 0.06501020587427764 -0.8669060001048641
vn 0.4942134795227955 0.06501045663200566 -0.8669063831732174
vn 0.4974082380017153 0.03254801387617497 -0.8669058031647644
vn 0.4974081853036424 0.03254849861585057 -0.8669058152018542
vn 0.48150021521917374 0.12896289114605092 -0.866906059184697
vn 0.4814997006121915 0.1289633062445826 -0.866906283258367
vn 0.48890296475094974 0.09719485958591048 -0.8669065983875118
vn 0.4889037403378928 0.09719573144829562 -0.8669060632339868
vn 0.4814977410199894 0.12896292078595978 -0.866907428999776
vn 0.48150097862806157 0.1289645868112951 -0.8669053829160429
vn 0.48890236162119816 0.097195878907281 -0.8669068242462142
vn 0.49421334727755606 0.06501106978512394 -0.866906412583335
vn 0.4942128677628102 0.06501159842412658 -0.866906646305125
vn 0.49740683729956964 0.0325487812864297 -0.8669065780373382
vn 0.4889037951507156 0.09719659476302203 -0.8669059355280133
vn 0.4974063907619572 0.03254923207909015 -0.866906817322499
vn 0.49421343168884746 0.06501213456099458 -0.8669062846110622
vn 0.4942129576797771 0.06501249256089087 -0.8669065279904328
vn 0.4974076781066878 0.032549925365565634 -0.8669060526488495
vn 0.4974072565311158 0.03255021937929258 -0.8669062834981349
vn 0.27697829149263115 0.41443575531623134 -0.8669060103363502
vn 0.2769775663914805 0.41443568098012956 -0.866906277544689
vn 0.27697688249013785 0.4144355044885253 -0.866906580425703
vn 0.27697632170860675 0.4144350954296 -0.866906955150914
vn 0.27697679253725715 0.41443681497386214 -0.8669059826706088
vn 0.27697679071814363 0.4144378255308951 -0.8669055001398369
vn 0.3034889359809346 0.39543443394489775 -0.8669060353855188
vn 0.3034905588493993 0.3954328422654543 -0.8669061932799553
vn 0.30348990086054306 0.39543283921948663 -0.8669064250208747
vn 0.3034894222730186 0.3954329561481459 -0.8669065392303417
vn 0.32870367373037196 0.37473765247780677 -0.8669057542152893
vn 0.32870271702699266 0.3747369933734388 -0.8669064018776814
vn 0.32870199412826684 0.37473698466004085 -0.8669066797435588
vn 0.30348917637607287 0.3954334530436483 -0.8669063986593648
vn 0.3034893000116004 0.3954341144619441 -0.8669060536748874
vn 0.3287016081774374 0.37473731417211775 -0.866906683645151
vn 0.3287024755421644 0.37473901643566043 -0.8669056189305075
vn 0.35250901804149454 0.3524371348406535 -0.8669056800971673
vn 0.3525081300815421 0.3524368131235843 -0.8669061719596338
vn 0.352506963991446 0.3524362430807023 -0.8669068778713741
vn 0.3748045349739509 0.32862705729372016 -0.8669058874972705
vn 0.39549497112963244 0.3034098174664161 -0.8669061139916865
vn 0.3748038499909207 0.32862720671778123 -0.8669061270038713
vn 0.3748028257662638 0.32862686929506946 -0.8669066977333518
vn 0.3954941877022852 0.3034098704987783 -0.8669064528411494
vn 0.3954939953695381 0.3034103598281167 -0.8669063693246306
vn 0.3525066361740357 0.35243657091438035 -0.8669068778913793
vn 0.35250776637513237 0.3524383865693394 -0.8669056801738099
vn 0.32870159128867965 0.37473849118486235 -0.8669061812611458
vn 0.3525072416503646 0.352438547295696 -0.8669058281982828
vn 0.37480307056738504 0.3286287524376078 -0.8669058780309206
vn 0.37480259147394357 0.3286271113315521 -0.8669067072772569
vn 0.37480340373179905 0.3286283398862157 -0.866905890379508
vn 0.3954933329408226 0.30341041423319187 -0.8669066524916063
vn 0.3954939953724614 0.30341155192328845 -0.8669059520985131
vn 0.2769759345325684 0.4144369733562375 -0.8669061810860109
vn 0.2769751525153227 0.4144365454149574 -0.8669066355228974
vn 0.2769748571754746 0.41443747330207487 -0.8669062862937478
vn 0.27697464243537673 0.41443665947627734 -0.8669067439638126
vn 0.30348840960598444 0.39543477488718726 -0.866906064141179
vn 0.3034875645123025 0.3954343140035762 -0.866906570222485
vn 0.3034872084602126 0.39543431605675944 -0.8669066939329458
vn 0.3034875661616144 0.3954354784431372 -0.8669060384919157
vn 0.377563267963571 0.6538881063761396 -0.6556495428386228
vn 0.27697498035992074 0.4144386117383671 -0.866905702689166
vn 0.41952157505786003 0.6277960611474804 -0.6556475834384516
vn 0.5000002818671057 0.866025241048328 0
vn 0.1590009665010728 0.2824715438584264 0.9460066170814884
vn 0.5555700015194128 0.8314697669859799 0
vn 0.5244760991324345 0.8037837562876171 0.280813985704048
vn 0.3034869801698298 0.3954353425324739 -0.8669063056314806
vn 0.4596820393433897 0.5990117683757885 -0.6556503062246011
vn 0.6087612032766206 0.7933535135015166 0
vn 0.0032956683940984655 0.004393446715895975 0.9999849179841619
vn 0.49787506161009465 0.5676647986523786 -0.6556501349025247
vn 0.6593458684883615 0.751839760658698 0
vn 0.6249033742698819 0.7284484428706407 0.28081780375441795
vn 0.3287006378159311 0.3747382231937745 -0.8669066586299663
vn 0.32870090510514755 0.37473923541057025 -0.8669061197309419
vn 0.35250570862203434 0.35243752090939384 -0.8669068688412371
vn 0.3525062264821104 0.3524386944184033 -0.8669061811799443
vn 0.32870032980169905 0.37473910587308906 -0.8669063938613509
vn 0.3287001941492678 0.3747394191266347 -0.866906309885253
vn 0.37480172381006793 0.3286281216324308 -0.8669066994211901
vn 0.37480184602029387 0.3286287501124401 -0.8669064083390521
vn 0.3525059284659446 0.3524389924486943 -0.8669061811973148
vn 0.3525054749310432 0.3524390455545073 -0.8669063440258513
vn 0.3748016989548956 0.32862937766767053 -0.8669062340266582
vn 0.3748017165964983 0.32862990344683746 -0.8669060270853124
vn 0.32870006031269783 0.3747401773109591 -0.8669060328890207
vn 0.35250520301385535 0.3524393398821349 -0.8669063349356755
vn 0.5339363930622 0.5338868019966582 -0.6556499148307036
vn 0.3748009224404356 0.32862964443826714 -0.8669064686194102
vn 0.7071067811865476 0.7071067811865476 0
vn 0.22669241727206216 0.2316944985349153 0.9460064520393101
vn 0.4144924212601424 0.2768937898319004 -0.8669059129285209
vn 0.41449135615157706 0.27689346720032304 -0.8669065252363776
vn 0.4144907494745585 0.27689369851732604 -0.8669067414211374
vn 0.41449088004142237 0.27689436175566046 -0.86690646715226
vn 0.41449069774399744 0.2768946574517891 -0.8669064598665478
vn 0.3954943184140739 0.30341235291590624 -0.8669055243798027
vn 0.414491772536794 0.27689620844796087 -0.8669054505806559
vn 0.3954926438406453 0.3034113353075037 -0.8669066444980417
vn 0.39549260848329076 0.30341192709227244 -0.8669064535076642
vn 0.414490849731145 0.2768960899510313 -0.8669059296480696
vn 0.414489323509049 0.2768954300888467 -0.8669068701382655
vn 0.39549199163077337 0.3034119935986204 -0.8669067116457426
vn 0.39549267205043587 0.3034131818297401 -0.8669059853561742
vn 0.41448927340861424 0.27689600268217024 -0.8669067112024421
vn 0.41448977883471605 0.2768967469296455 -0.8669062318274843
vn 0.5677112341632629 0.49782297021376654 -0.6556494832853667
vn 0.751839760658698 0.6593458684883615 0
vn 0.7146387132272012 0.6406503348474125 0.28081783778255304
vn 0.39549242545473645 0.30341338417268304 -0.8669060270368465
vn 0.5990539149382058 0.45962565801477234 -0.6556513261572009
vn 0.7933535135015166 0.6087612032766206 0
vn 0.03319246662519832 0.02604980369188501 0.999109437392596
vn 0.41449050165996604 0.2768978546723451 -0.8669055324033423
vn 0.627834191111423 0.41946341936219245 -0.6556482809315088
vn 0.8314697669859799 0.5555700015194128 0
vn 0.7921477028691046 0.5418906258718412 0.2808141136613771
vn 0.4317148632115919 0.24919208920403083 -0.8669057501022397
vn 0.43171411836199974 0.2491921340278458 -0.8669061081487254
vn 0.4317123082439869 0.24919148289269577 -0.8669071967427586
vn 0.4470879718101549 0.22042266948291853 -0.8669061034741342
vn 0.44708789361255397 0.22042321145115967 -0.8669060059998702
vn 0.44708644911314743 0.2204229661362478 -0.8669068133421814
vn 0.4605478981741099 0.1907101289829974 -0.8669055774366076
vn 0.4720340899594042 0.16018002995985992 -0.8669060940599365
vn 0.4605468882580775 0.19071010057324989 -0.8669061202086088
vn 0.4605462552272843 0.19071033601779028 -0.8669064047128194
vn 0.47203433974730435 0.1601807937771524 -0.8669058169168365
vn 0.4720329583470587 0.1601807753151352 -0.8669065725056916
vn 0.43171352773806454 0.24919291201820307 -0.8669061786420971
vn 0.43171387574484116 0.24919341310421175 -0.8669058612991619
vn 0.44708615818930525 0.22042326765961803 -0.8669068867126296
vn 0.44708813844740714 0.22042500296182654 -0.866905424212417
vn 0.43171299389605866 0.24919319664092812 -0.8669063626766027
vn 0.4470878236783792 0.22042530742222138 -0.8669055091336942
vn 0.460544980910986 0.19071010057390064 -0.8669071334905443
vn 0.4605461316786213 0.19071121338937524 -0.866906277335336
vn 0.47203275903295644 0.16018127021007364 -0.8669065895894564
vn 0.47203285701973025 0.1601815413424832 -0.8669064861373096
vn 0.4605474737823112 0.1907125698087977 -0.8669052659372047
vn 0.4720333277602213 0.16018215022123003 -0.866906117312662
vn 0.48149957644829916 0.1289646311208871 -0.8669061551286631
vn 0.48890367823587744 0.09719714656214289 -0.8669059395964517
vn 0.48149983758887277 0.12896534448021496 -0.8669059039624709
vn 0.4814984859568493 0.12896534964280087 -0.8669066539211543
vn 0.48890268618779137 0.09719748758479034 -0.8669064608396725
vn 0.48890259407577025 0.09719799368648123 -0.8669064560431566
vn 0.49421422942903026 0.0650133853478832 -0.8669057360264018
vn 0.4974071557621254 0.032550699198200715 -0.8669063233004711
vn 0.4942126277302445 0.06501346085696397 -0.8669066434740057
vn 0.49421256496881694 0.06501401178465151 -0.8669066379366397
vn 0.4974075886843582 0.03255129254610899 -0.8669060526220761
vn 0.49740619690744187 0.03255150919749626 -0.8669068430500709
vn 0.4814983647751005 0.12896582595165673 -0.8669066503698717
vn 0.4814990706792487 0.12896650890031136 -0.8669061566958015
vn 0.4889024792848179 0.09719850120436468 -0.8669064638776109
vn 0.4889033508773173 0.09719878578273912 -0.8669059404245029
vn 0.4814995557091551 0.12896700283300927 -0.8669058138184084
vn 0.488903236086217 0.09719929330061171 -0.8669059482586831
vn 0.4942124804021975 0.06501454141262723 -0.8669066464271763
vn 0.4942153064082008 0.06501543479630237 -0.8669049683501046
vn 0.4974062122791042 0.03255194411208067 -0.8669068178995241
vn 0.4974083782826561 0.03255262521416231 -0.8669055495299846
vn 0.49421322240089377 0.06501533077170427 -0.8669061642235397
vn 0.49740906211413133 0.032553362715475785 -0.8669051294707255
vn 0.43171288721670237 0.24919391682785008 -0.8669062087832876
vn 0.4317125048008604 0.24919433695474802 -0.8669062784570492
vn 0.447085786479948 0.22042436340303176 -0.8669067998037474
vn 0.44708592835026406 0.22042507493007132 -0.8669065457206185
vn 0.43171157332586907 0.24919393023476843 -0.8669068592361304
vn 0.4317121835695114 0.24919484740055534 -0.8669062916986233
vn 0.4470863625679752 0.22042593287824025 -0.8669061036355059
vn 0.43171267805736274 0.2491957344559964 -0.86690579046023
vn 0.6539237328491597 0.3775027295725326 -0.655648870037849
vn 0.8660252003375697 0.5000003523801481 0
vn 0.2789346237174881 0.1651272898755554 0.9460065823396461
vn 0.44708548148730815 0.22042574556708933 -0.8669066056585649
vn 0.46054511843728574 0.19071338897446663 -0.8669063370107871
vn 0.4605460725839651 0.19071243549576833 -0.8669060398767319
vn 0.46054480088550026 0.19071217133363566 -0.8669067735821108
vn 0.47203292717252826 0.1601828163085389 -0.8669062123577149
vn 0.4720327775618983 0.16018326314009163 -0.8669062112575913
vn 0.4814985375970337 0.1289676571895629 -0.8669062819537955
vn 0.4605446781672436 0.19071249770611642 -0.8669067669770059
vn 0.4720321182752045 0.1601833066098356 -0.8669065622085015
vn 0.47203161118563347 0.16018351507334525 -0.8669067998004412
vn 0.481498375255554 0.12896806393301674 -0.8669063116113707
vn 0.4814972939835383 0.1289681957966596 -0.8669068925550684
vn 0.44708649415816326 0.22042674364508807 -0.8669058296189877
vn 0.6772135683515808 0.33392558425722035 -0.6556489052984019
vn 0.4605459904846833 0.19071419685892058 -0.8669056960044379
vn 0.6976048403340119 0.2889195702571197 -0.6556469847905951
vn 0.8968728838647412 0.4422884015980324 0
vn 0.8560991251959759 0.4338576775795514 0.28082343820265915
vn 0.9238795305660377 0.3826834370613369 0
vn 0.0002889281925099793 0.00012338846990217595 0.9999999506478912
vn 0.4720331989307772 0.16018456094477276 -0.866905742017036
vn 0.7150074302038577 0.24267551501436876 -0.6556469851724983
vn 0.48149908197992564 0.12896913453153014 -0.8669057598093791
vn 0.7293481738378386 0.19539205493127895 -0.6556471506756832
vn 0.9469300640446149 0.32143965811402525 0
vn 0.9054044560500081 0.31840306785648625 0.28082424636125464
vn 0.9659258182961655 0.25881907493243805 0
vn 0.31216659797527685 0.087306513419099 0.946007181697445
vn 0.48149737777959367 0.12896674888114912 -0.8669070612668938
vn 0.48890158998866556 0.09719970914745597 -0.866906829969752
vn 0.48890226813260357 0.09719960338611412 -0.8669064593809288
vn 0.4942122693539361 0.06501620257216428 -0.8669066421611544
vn 0.4889027376019677 0.0972005481450271 -0.8669060886887391
vn 0.4889010017267138 0.0972004185002882 -0.8669070821916178
vn 0.49421288071937386 0.0650166626027919 -0.8669062591278556
vn 0.494212364056967 0.06501694832695602 -0.866906532241783
vn 0.49421235272400693 0.06501571003966627 -0.866906631571728
vn 0.49740538288491304 0.03255327064728753 -0.8669072439697788
vn 0.49740671635347694 0.032553884820438576 -0.8669064558010567
vn 0.4974066875908183 0.03255427604396007 -0.8669064576130368
vn 0.49740686536349127 0.03255478261528744 -0.8669063365889864
vn 0.48890284672718665 0.09720128222219775 -0.866905944838547
vn 0.7405657045119073 0.14727192864417296 -0.6556473261855098
vn 0.49421295242016827 0.0650174241533294 -0.8669061611366057
vn 0.7486118627214615 0.09852138099720932 -0.655647631337982
vn 0.9807852926251279 0.19509026057249068 0
vn 0.9392186930141744 0.19749985489809804 0.2808238843260599
vn 0.9914448482045445 0.13052629225051873 0
vn 0.04177039081960703 0.005963549899744305 0.9991094387119815
vn 0.49740685884851077 0.03255518452023159 -0.8669063252343424
vn 0.7534522566597286 0.04934886570247821 -0.655648065953253
vn 0.9978589147635325 0.06540325853461215 8.099151342251514e-20
vn 0.9569622422093598 0.07321776559763869 0.2808245462678145
vn -0.503161180960412 0.8641925861603555 -8.670256355854408e-18
vn -0.026637514650802423 0.9996451584503514 0
vn -0.5507424417659096 0.8346752439348634 0
vn -0.500000121947118 0.8660253333782257 0
vn -0.4999997504879324 0.86602554784025 0
vn -0.9816789582842668 0.190542443728207 -1.467367476750941e-19
vn -0.9966452726904592 -0.0818425343189811 -8.336763109710872e-8
vn -0.9999999999999845 -1.7678431163403454e-7 0
vn -0.9999999999999742 2.2686923273340068e-7 0
vn -0.4999999585692771 0.8660254277044763 1.2735290482754446e-23
vn -0.500000121947118 0.8660253333782257 -1.273527507145246e-23
vn -0.4999997504879324 0.86602554784025 0
vn -0.500000121947118 0.8660253333782257 0
vn -0.4999997504879324 0.86602554784025 0
vn -0.49999993621753414 0.8660254406092593 1.2735289883664143e-23
vn -0.49999993621753414 0.8660254406092593 0
vn -0.5000003523801481 0.8660252003375697 -2.5470519759398413e-23
vn -1 -1.671074123521521e-8 0
vn -0.9999999999999705 -2.432967391996427e-7 0
vn -0.9999999999999749 2.2403692412353287e-7 0
vn -0.9999999999999705 -2.432967391996427e-7 0
vn -0.9999999999999742 2.2686923273340068e-7 0
vn -1 -1.671074123521521e-8 0
vn -1 -1.671074123521521e-8 0
vn -0.9999999999998923 -4.642174928903342e-7 0
vn 0.07549013007201341 -0.9956588494230205 -0.05444902044424251
vn 0.1404486025003859 -0.9885896616531872 -0.05444879179674691
vn 0.03254501857961975 -0.49740781827531194 -0.8669061564461557
vn 0.0325453275477785 -0.4974063544320741 -0.8669069847598425
vn 0.0325463529022055 -0.49740905038992106 -0.8669053993965904
vn 0.0650070694073075 -0.4942132325081092 -0.866906777999203
vn 0.06500805122385292 -0.49421450138723383 -0.8669059810006184
vn 0.06500866897080741 -0.4942150626805082 -0.8669056146884421
vn 0.2048041788472685 -0.977287336789811 -0.05444914762395254
vn 0.26828369192681534 -0.9617999682551343 -0.05444889081092805
vn 0.09719143329035655 -0.48890437034748957 -0.8669061898210734
vn 0.09719205747561602 -0.48890427257249197 -0.8669061749832093
vn 0.0971922795240862 -0.48890414597397475 -0.8669062214855597
vn 0.12895922646726715 -0.48150129186238816 -0.8669060063489095
vn 0.12895908678797716 -0.48149957233739343 -0.8669069821922755
vn 0.12896059308840194 -0.4815015142793155 -0.8669056795159517
vn 0.03254672148091422 -0.49740654355565217 -0.8669068239141177
vn 0.032547261048214315 -0.4974069516217432 -0.8669065695198209
vn 0.03254801387617497 -0.4974082380017153 -0.8669058031647644
vn 0.03254850185469793 -0.49740820767211374 -0.8669058022457977
vn 0.06500893831809788 -0.4942132234996608 -0.8669066429880602
vn 0.06500962282115683 -0.4942135739027706 -0.8669063918964385
vn 0.06501021329336974 -0.4942141842134441 -0.8669059996849661
vn 0.06501045663200566 -0.4942134795227955 -0.8669063831732174
vn 0.0325487812864297 -0.49740683729956964 -0.8669065780373382
vn 0.06501106882759503 -0.49421336980075536 -0.8669063998149256
vn 0.06501159842412658 -0.4942128677628102 -0.866906646305125
vn 0.032549231362227676 -0.4974063202024634 -0.8669068578344348
vn 0.032549928604391994 -0.4974077004751716 -0.866906039692798
vn 0.032550216622991006 -0.49740721173380653 -0.8669063093051039
vn 0.06501212762855346 -0.49421352503464167 -0.8669062319155643
vn 0.0650124999799807 -0.49421295744038984 -0.8669065275705199
vn 0.09719279415999738 -0.4889036122779464 -0.8669064647728426
vn 0.09719348502933689 -0.48890392986873715 -0.8669062082063764
vn 0.09719371170624477 -0.48890320070356186 -0.8669065940149354
vn 0.0971946797736605 -0.48890439024078153 -0.866905814622895
vn 0.12896056634729178 -0.48149976737195405 -0.8669066537685243
vn 0.12896080597915155 -0.4814994738787274 -0.8669067811337713
vn 0.12896184986917392 -0.4815005795841557 -0.866906011709714
vn 0.1289623866422313 -0.48150043180927116 -0.8669060139363581
vn 0.0971948581697382 -0.48890298742973887 -0.8669065857562976
vn 0.09719572784222104 -0.4889036923966741 -0.8669060906754082
vn 0.097195878907281 -0.48890236162119816 -0.8669068242462142
vn 0.1289629039487896 -0.4815002371867548 -0.866906045078816
vn 0.12896332089791454 -0.48149969968689194 -0.8669062815924304
vn 0.1289629354392934 -0.48149774009469637 -0.8669074273338422
vn 0.1289645886619172 -0.48150095573520446 -0.8669053953560026
vn 0.09719658596662847 -0.4889038181835303 -0.8669059235245756
vn 0.3915283707754935 -0.9185536568995658 -0.05444918984082655
vn 0.45076619644937577 -0.8909798675970378 -0.054449165974580965
vn 0.22041703436258597 -0.44708984432319077 -0.8669065705517911
vn 0.2204178698315349 -0.4470902337897321 -0.8669061572677699
vn 0.2204183190012635 -0.44708988049222853 -0.8669062252689747
vn 0.5080738545827939 -0.8595907488762632 -0.05444908388326654
vn 0.5632063724884074 -0.8245204059496679 -0.05444889494786887
vn 0.6159268166146842 -0.7859195059225509 -0.05444893741253986
vn 0.24918652627521837 -0.4317170304725889 -0.8669062698601386
vn 0.2491868313384394 -0.43171656583225426 -0.866906413561183
vn 0.24918760002141435 -0.4317167637461599 -0.8669060940471638
vn 0.27688863221786814 -0.4144951305583973 -0.8669062648821354
vn 0.2768886696621824 -0.4144943075332313 -0.8669066464361972
vn 0.3034045116329025 -0.39549774141592736 -0.8669067071234944
vn 0.2768901925167097 -0.41449526560276323 -0.866905701954344
vn 0.3306139395703231 -0.942194100250801 -0.05444906256653382
vn 0.16017421949716354 -0.47203495714453403 -0.866906695464992
vn 0.16017533410723617 -0.4720358126386509 -0.8669060237016487
vn 0.19070407403435205 -0.4605485415639411 -0.8669065676357673
vn 0.1601759764875859 -0.47203590685048175 -0.866905853711977
vn 0.19070484007384655 -0.46054918209649803 -0.8669060588337443
vn 0.19070522834934067 -0.46054867749838474 -0.8669062414902284
vn 0.24918807164358683 -0.4317161844809476 -0.8669062469539385
vn 0.24918835741849557 -0.4317157460283569 -0.8669063831569422
vn 0.24918868407266317 -0.4317154459757593 -0.8669064386864859
vn 0.24918979259500726 -0.43171608193603483 -0.8669058033398185
vn 0.2768897161136499 -0.41449383574110754 -0.8669065377785118
vn 0.27689007306017593 -0.4144934770932815 -0.8669065952499448
vn 0.2768912311669755 -0.4144939774698204 -0.8669059861046552
vn 0.2768915605959549 -0.41449362224221675 -0.8669060507294104
vn 0.2768913233112386 -0.41449240204433074 -0.8669067099304698
vn 0.27689245732079687 -0.41449288115879274 -0.8669061186469579
vn 0.2768922735279258 -0.41449203924057176 -0.8669065798958551
vn 0.27689310996330946 -0.4144923402133051 -0.8669061688322124
vn 0.1601754299308625 -0.47203341756036044 -0.8669073101276455
vn 0.16017672786695483 -0.47203482279326975 -0.866906305156654
vn 0.16017741384696998 -0.47203524157761234 -0.8669059503787373
vn 0.1601779645642327 -0.4720350609197252 -0.8669059469922736
vn 0.19070538845743612 -0.4605472974033501 -0.8669069394506936
vn 0.19070624265386904 -0.46054802432393976 -0.8669063653614268
vn 0.22041848662763322 -0.44708884494346995 -0.866906716711722
vn 0.2204195373329629 -0.4470893070200202 -0.8669062112537206
vn 0.19070721884639263 -0.46054869218652955 -0.8669057958077979
vn 0.1907078795983619 -0.4605488237141715 -0.8669055805764488
vn 0.16017855883795692 -0.47203487688165696 -0.8669059373980054
vn 0.16017795745791424 -0.4720325067804747 -0.8669073390433096
vn 0.16017906283549005 -0.4720335279915322 -0.8669065787505662
vn 0.16017994444998354 -0.47203484650180016 -0.8669056979187655
vn 0.19070754799189907 -0.4605470860487789 -0.8669065766683838
vn 0.190707668409064 -0.46054601608212004 -0.866907118600872
vn 0.19070859116793382 -0.46054687766136 -0.8669064578898431
vn 0.1907091421671034 -0.46054687683113393 -0.8669063371177856
vn 0.2204202367542725 -0.4470896627549143 -0.866905849955396
vn 0.22042019637256566 -0.447088956265259 -0.8669062245806758
vn 0.22042054150265494 -0.44708830548904915 -0.866906472451675
vn 0.220420584321613 -0.4470872585853015 -0.8669070014817037
vn 0.2491894027476492 -0.43171440881830553 -0.8669067486050221
vn 0.2204219588923605 -0.44708851771447505 -0.8669060026126983
vn 0.22042218751856926 -0.4470879018058956 -0.8669062621231493
vn 0.24919002836214935 -0.43171440841245656 -0.8669065689761233
vn 0.2491909638099656 -0.4317149688955615 -0.8669060209659205
vn 0.24919091395724266 -0.4317140917207593 -0.8669064721242274
vn -0.4999995424065584 0.8660256679759741 0
vn -0.49999993621753414 0.8660254406092593 1.2735289883664143e-23
vn -0.49999993621753414 0.8660254406092593 0
vn -0.49999993621753414 0.8660254406092593 1.2735289883664143e-23
vn -0.5000003523801481 0.8660252003375697 -1.2735259879699206e-23
vn -0.4999995424065584 0.8660256679759741 0
vn -0.9999999999998959 4.5628704015138986e-7 0
vn -1 -1.671074123521521e-8 0
vn -1 -1.671074123521521e-8 0
vn -1 -1.671074123521521e-8 0
vn -0.9999999999998923 -4.642174928903342e-7 0
vn -0.9999999999998959 4.5628704015138986e-7 0
vn -0.4999999585692771 0.8660254277044763 0
vn -0.49999993621753414 0.8660254406092593 1.2735289883664143e-23
vn -0.49999993621753414 0.8660254406092593 0
vn -0.5000003523801481 0.8660252003375697 -1.2735259879699206e-23
vn -0.4999995424065584 0.8660256679759741 0
vn -0.49999993621753414 0.8660254406092593 1.2735289883664143e-23
vn -0.49999993621753414 0.8660254406092593 0
vn -0.0017692099718091044 0.005107269601332679 0.9999853927399616
vn -1 -1.671074123521521e-8 0
vn -1 -1.671074123521521e-8 0
vn -1 -1.671074123521521e-8 0
vn -0.9999999999998896 -4.6988216695348725e-7 0
vn -0.9999999999998959 4.5628704015138986e-7 0
vn -1 -1.671074123521521e-8 0
vn -1 -1.671074123521521e-8 0
vn -0.0034039509892452107 0.0006550906770560563 0.9999939919688857
vn 0.032550695476857634 -0.4974071558224414 -0.8669063234055928
vn 0.03255129206357183 -0.4974076111131593 -0.8669060397711462
vn 0.03255150919749626 -0.49740619690744187 -0.8669068430500709
vn 0.06501338439031851 -0.4942142519522031 -0.8669057232579799
vn 0.06501346085696397 -0.4942126277302445 -0.8669066434740057
vn 0.06501400532313381 -0.4942125426849866 -0.8669066511249545
vn 0.03255194411208067 -0.4974062122791042 -0.8669068178995241
vn 0.03255262569671997 -0.4974083558538782 -0.8669055623809269
vn 0.03255336319804503 -0.49740903968537364 -0.8669051423216789
vn 0.06501454141262723 -0.4942124804021975 -0.8669066464271763
vn 0.06501542833481233 -0.49421528412445787 -0.8669049815384741
vn 0.06501532981411284 -0.4942132449240964 -0.8669061514551372
vn 0.09719714656214289 -0.48890367823587744 -0.8669059395964517
vn 0.09719747282440568 -0.4889026868958961 -0.866906462095261
vn 0.09719800844686426 -0.48890259336766173 -0.8669064547875612
vn 0.12896464577421382 -0.4814995755229905 -0.8669061534627099
vn 0.12896534929343423 -0.48149988536163785 -0.8669058767123174
vn 0.1289653642961252 -0.4814984850315375 -0.8669066522551908
vn 0.09719851077451477 -0.4889025495507672 -0.8669064231772516
vn 0.09719880054312025 -0.48890335016920206 -0.8669059391688982
vn 0.09719930806099147 -0.4889032353780981 -0.8669059470030717
vn 0.12896582595165673 -0.4814983647751005 -0.8669066503698717
vn 0.12896649239634958 -0.48149909449748074 -0.8669061459218573
vn 0.12896698447838895 -0.4814996024202744 -0.866905790604532
vn 0.38985044709330857 -0.9044532995169192 0.173149813439419
vn 0.7096702976995438 -0.3548352680590602 0.6086542541578887
vn -0.8074857097775701 -0.46834186306679026 0.3586401090287333
vn -0.38878202759433017 -0.7775644128165319 0.4942085783765022
vn -0.8815963314563751 -0.4407983743444453 0.16877411394510633
vn 0 0 1
vn 0 0 1
vn -0.5176825329708947 0 0.8555727877023898
vn -0.2075187902315258 0 0.9782310318635594
vn -0.9847269085311904 0 0.17410604703629545
vn -0.9806688582712392 0 0.19567470561363867
vn -0.17044882586813062 0 0.985366529652888
vn -0.9795291655380423 0 0.2013022947220094
vn -0.9737683973664938 0 0.2275414430170697
vn -0.02582157020499716 0 0.999666567667514
vn -0.02556728508757545 0 0.9996731035359762
vn -1 0 0
vn -1 0 0
vn -0.9205149261520258 0.3866164024982529 0.05639173743235415
vn 0.45435123856485476 0.7633103597386888 0.45926272081476
vn -0.5734887581229665 0 0.8192134302528111
vn -0.6188855104146255 0 0.7854812060124853
vn -0.19446084977965197 0 0.9809102802514488
vn -0.13298171759903857 0 0.9911184907892747
vn -0.8355456875761255 0 0.5494209715445342
vn -0.8724525083984275 0 0.48869890586054293
vn -0.4097491491920698 0 0.9121982431118659
vn -0.357373499148286 0 0.933961552798888
vn -0.8355456875761255 0 0.5494209715445342
vn -0.8724524956917128 0 0.4886989285452772
vn -0.5446098527196763 0 0.8386895184277984
vn -0.22112496298309037 0.9552601023473886 0.1964227268138384
vn -0.25241511826527363 -0.9036465203566101 0.3459907142085154
vn 0.5923098918524715 0.6396949883764503 0.4898564216786042
vn -0.2565907566349732 0 0.9665201413366884
vn -0.9353611669203289 0 0.353694059064385
vn -0.9353611570607758 0 0.3536940851384523
vn -0.23278320438432948 0.9311331155605496 0.2807189000816795
vn 0.38985044709330857 -0.9044532995169192 0.173149813439419
vn 0.7096697642727795 -0.3548350013456786 0.6086550316041343
vn -0.82830692267342 -0.4448309590679906 0.34063625718050167
vn -0.9139133553499522 0 0.40590932351079606
vn -0.9720813790245776 0 0.23464396977905827
vn -0.4866763124587895 0 0.8735823755614089
vn -0.22169521425615651 0.9577237356665518 0.183347970037363
vn 0.25356618273548304 -0.9443132543342418 0.20970614836391624
vn 0.812273504334333 0.35011705841725144 0.4665080916357972
vn 0 0 1
vn 0.3740957421274534 0.7481917226734885 0.5479612411886332
vn 0.38985044709330857 -0.9044532995169192 0.173149813439419
vn -0.8074857097775701 -0.46834186306679026 0.3586401090287333
vn 0.9147023352518419 0 0.40412824435422373
vn 0.3998946948573718 0 0.9165610907216875
vn -0.37878218543221637 -0.7575646092830135 0.5316200887485998
vn 0.5987977929258583 0.2993990454745398 0.7428333694416638
vn -0.7775648424179483 -0.38878093109281875 0.4942087650519284
vn -0.4068397848295437 -0.8136765894268715 0.41522499599434637
vn 0 0 1
vn 1 0 0
vn -0.5870199763604609 -0.6339818200404327 0.5034626095471085
vn -0.23968539731280192 -0.9587419468790703 0.15285545331957975
vn -0.5258876689580693 -0.5258878477720039 0.6684939275741985
vn 0.4068382322618544 0.81367694136086 0.41522582755373577
vn 0.710328404183661 0.3551643809057659 0.6076938544577503
vn -0.7734746868765123 -0.3580904871296967 0.5229800300092707
vn 0 0 1
vn 0.340129525240102 0.6802594677127183 0.6492757215907214
vn 0.5073127283304782 0.2536563641652391 0.8235849953662088
vn -0.227456273574107 -0.9098255711335903 0.34710383709088705
vn 0 0 1
vn 0.3340954168643252 0.7954643330890306 0.5055855488574376
vn -0.5624381880167144 -0.5624385456445817 0.6060743906763284
vn -0.3740958023199805 -0.748191604639961 0.5479613612590309
vn -0.5073141355412834 -0.2536559948870569 0.8235842422836038
vn -0.34013101785446503 -0.680259115081308 0.6492753091270922
vn 0 0 1
vn 0.07970009608613367 -0.04622606854495594 0.9957464764038778
vn 0.4407980920772322 -0.8815964821776804 0.16877406386353014
vn -0.008832984731746669 -0.020492531655703944 0.9997509862596129
vn -0.8815963314563751 -0.4407983743444453 0.16877411394510633
vn -0.032653062739425545 -0.06530615528117276 0.997330879686439
vn -0.25400349042032755 0 0.9672033017180466
vn -0.27286287951679417 0 0.9620529346048498
vn -0.24700561183977773 0 0.9690140492890993
vn -0.2728632142278132 0 0.96205283967216
vn -0.24700541567709483 0 0.9690140992917419
vn -0.5047002994760548 0.847896808295551 0.16232254985367275
vn 0.8839385106901074 0.37125430323588066 0.2842937770120821
vn -0.25978889375404773 0 0.9656654341344357
vn -0.2470057660264128 0 0.9690140099862875
vn -0.060316591271043815 0 0.9981792969288843
vn -0.9752967169095477 0 0.22089887728428476
vn -0.9799044534114114 0 0.19946744642794031
vn -0.9752967169095477 0 0.22089887728428476
vn -0.5962418919953723 0.6439414627000951 0.47941109587225955
vn -0.06532122151421273 -0.9354003009713867 0.3475045538730829
vn 0.16323360659943073 0.7051694928378767 0.6899933159439402
vn -0.8940884877794719 0 0.44789036160674095
vn -0.6940862407124753 0.5983487852206367 0.40027868002007344
vn 0.7760000347390082 -0.45008016319977445 0.44187305052370257
vn 0.38763644779827017 -0.7752731936197603 0.49868773756024576
vn -0.19690871254060208 -0.39381647140688697 0.8978505141582485
vn -0.8207067782809676 0 0.5713496163328323
vn -0.9752967072785415 0 0.22089891980640172
vn -0.39338594745293476 0.3662563270908571 0.8432697072778507
vn 0.02316749977122555 -0.021569691131812067 0.9994988821298544
vn 0.450081140006567 0.7760000828439211 0.4418719710918726
vn 0.8212348934297462 0.41061759572648715 0.3961899038254666
vn 1 0 0
vn 0.5340489068105739 -0.30974846608593454 0.7866687059314371
vn -0.36722754932052537 -0.8519681576105662 0.3732213625151948
vn 0.9624724249362656 0 0.27137949671503236
vn 0.3586366527325041 0 0.9334772366355941
vn 0.3586366068089724 0 0.933477254279153
vn 0.3703392795884915 0 0.9288965593616315
vn -0.8212348934297462 -0.41061759572648715 0.3961899038254666
vn 0.41061738410871873 0.8212352450545989 0.3961893942899351
vn -0.41061881118395077 -0.8212344037170888 0.3961896591953361
vn -0.8212355878790156 -0.41061627402108314 0.3961898341831227
vn -0.009514162358226249 -0.04110119882189607 0.9991096897588495
vn -0.6825342266755846 -0.6825344650941668 0.26133069734530057
vn -0.00027661168278995626 -0.0011064470804057925 0.9999993496302061
vn 0.8212346513172627 0.4106175640772127 0.39619043848521857
vn 0.4106171823780727 0.8212347819886687 0.39619056322420915
vn -0.434249396243696 -0.7487068688715293 0.5008647385937405
vn 0.8595682265755766 0.4297843219040422 0.2764559648609534
vn 0.40287255966499186 0.8057451193299837 0.4341295928002233
vn -0.062376851150578796 -0.06237688467819245 0.9961015273045123
vn 0.7690279926193007 0.4577541855907417 0.4461581021813744
vn -0.03180265822974199 -0.12721070742477447 0.9913657381844556
vn -0.07224667139321167 -0.036123335696605835 0.9967324230157015
vn -0.036628290108546915 -0.07325626729271646 0.9966403000411241
vn -0.07224671619391737 -0.036123209085345165 0.9967324243569948
vn -0.7264269069457996 -0.33630892982200467 0.5993331732743786
vn -0.03754870930486915 -0.06473920432956001 0.9971955324069167
vn 0 0 1
vn -0.2970657000800142 0.14853289474348993 0.9432337721981178
vn -0.14158309719542334 0.07079127292623497 0.9873919294110289
vn -0.4407980920772322 0.8815964821776804 0.16877406386353014
vn -0.49014379986899387 0.8450764912431372 0.21355275553869965
vn -0.43864563131602746 0.8772878651673008 0.19482302676419808
vn 0.6510694128262522 0 0.7590181945659006
vn 0.6370741750528954 0 0.7708025009564206
vn 0.526595239571147 0 0.8501161412777704
vn 0.9229752331734958 0 0.38485934956595613
vn 0 0 1
vn 0 0 1
vn 0.4431117995698291 0 0.8964663591468381
vn 0.9854506166073059 0 0.16996200230722386
vn 0.3752873885029692 0 0.9269085046705642
vn 0 0 1
vn 0.39035112648919845 0 0.9206660621792321
vn 0.40967238141905854 0.20483538604682103 0.8889381331259714
vn 0.07732960581617945 0.15465989708577382 0.9849367737564336
vn 0.3597748642154426 0 0.9330391455232517
vn 0.4147067422823949 0.20735256647848235 0.8860153672935419
vn 0.08983562302311521 0.1796720507089493 0.979616003865846
vn -0.38192624659968966 0 0.9241928057273943
vn -0.8355456875761255 0 0.5494209715445342
vn -0.3340952994160566 -0.7954644564912224 0.5055854323130955
vn 0 0 1
vn 0.526595239571147 0 0.8501161412777704
vn -0.7264280082497007 -0.33630957103588643 0.5993314786159916
vn -0.3224517973003641 0 0.9465858853890464
vn 0.5372980921161054 0.23159419379922636 0.8109715713925362
vn 0 0 1
vn -0.8014393530003084 0 0.5980760515707402
vn -0.3230048087176619 -0.7690619748113678 0.5515537801923812
vn -0.6175478801675838 -0.28590190896043455 0.7327309971287573
vn -0.2648250502886755 0 0.964296475540381
vn -0.7338653168062851 0 0.6792949998261513
vn 0.3340942794920194 0.7954655731578057 0.5055843493735067
vn 0.5265951000528156 0 0.8501162277008746
vn 0.3750630969742857 0 0.9269992844053643
vn 0.5365004568733536 0 0.843900029490865
vn -0.32680254457816665 -0.6536075329467156 0.6826399415010401
vn 0.626335862904853 -0.26305994542898875 0.7338275355627715
vn 0 0 1
vn -0.8835523283994201 0.40335930103586953 0.23798436345234558
vn -0.1907600881808347 0 0.9816366887791227
vn -0.6150993093352402 0 0.7884496430687952
vn -0.27491217492209763 -0.5498270916578191 0.7887416974895559
vn 0 0 1
vn 0.2087510244049422 0.4174999626473014 0.8843736715887629
vn 0.41582033342156494 0 0.9094467825624424
vn 0.6937011985522261 -0.29135605311267887 0.6587034973657014
vn 0.8815956129908047 0.4407998628556504 0.16877397922016038
vn 0.14505292177771462 0.2901047706718453 0.9459380909537284
vn 0.877798162033299 0.43889747169120025 0.19193591658164044
vn 0 0 1
vn 0 0 1
vn 0.15785813435212506 0.3157177588203793 0.9356297912017889
vn 0.4800024934391989 0 0.8772671236813516
vn 0 0 1
vn 0.4438916489701477 0.4438897714238183 0.7784099657634614
vn 0.1272123053495254 0.5088470756308147 0.8514057099818084
vn 0.881596931206106 0.44079709469621026 0.168774323270326
vn 0.23746251417649406 0.4749275019456794 0.8473815092723084
vn 0.03255327064728753 -0.49740538288491304 -0.8669072439697788
vn 0.03255388505482719 -0.49740680934178205 -0.8669064024381556
vn 0.06501571099726157 -0.4942123302007779 -0.8669066443401146
vn 0.670277168364381 0.3351399550890001 0.6621251604284268
vn 0.30021014532981 0.6004177872645625 0.7411965659508825
vn 0.45809367536393003 0.7237852253262234 0.5160282280951636
vn 0.03255427232261779 -0.49740668765114077 -0.86690645771817
vn 0.03255478309787562 -0.4974068429346682 -0.8669063494399015
vn -0.4407980920772322 0.8815964821776804 0.16877406386353014
vn -0.44079952789624205 0.8815956583277814 0.16877461723865889
vn -0.30970561381385486 0.15485285161041082 0.9381380639971431
vn -0.49540517461271405 0.21353696600104624 0.8420069341270381
vn -0.30970612578883333 0.15485245194679964 0.9381379609497397
vn 0.26566731682746086 0 0.964064767932994
vn 0.24671684476923653 0 0.9690876113680913
vn 0.2725488303729622 0 0.9621419516174993
vn 0.24671673255937263 0 0.9690876399352264
vn 0.2725488303729622 0 0.9621419516174993
vn 0.24671712490876335 0 0.9690875400482423
vn 0.27254816090480266 0 0.962142141259497
vn 0.2537080299151373 0 0.9672808462678147
vn 0.06049857052048692 0.12099666420380492 0.9908076151385442
vn 0.881595663231412 0.44079976876664373 0.16877396252633411
vn 0.17619410044997733 0 0.9843554434078288
vn 0.09727505103891178 0.1945493421185828 0.9760574357724056
vn 0.1877193327877219 0.09386008362638015 0.9777278439317261
vn 1 0 0
vn 1 0 0
vn -0.8057864298450237 0 0.5922062389722103
vn -0.8478968617061398 -0.5047001765798306 0.16232265297600101
vn 0.8901148354608989 0 0.4557363049971078
vn -0.402476491337932 -0.6939234764512807 0.5970618751436708
vn 0.45083470049236024 0.7773018037919084 0.438805171635214
vn -0.8057870864294344 0 0.5922053455884734
vn -0.8478959163790435 -0.5047018504784542 0.16232238635310434
vn -0.4024766125309883 -0.6939233010576228 0.5970619972958187
vn -0.9606724799929872 0 0.2776839681798781
vn 0.7690266522757856 0.4577556938993332 0.4461588649710304
vn 0.8866043565539851 0 0.4625286098605081
vn 1 0 0
vn 0.35862670193792867 0 0.93348105961349
vn 0.9373634362718016 0 0.3483529651671131
vn 0.1733637463310525 0 0.984857863581371
vn 0.959706976162641 0 0.2810027044438539
vn -0.8530869028220552 -0.42654506073646303 0.300502990658663
vn 0.5047019633497815 -0.8478957269173791 0.1623230250646077
vn -0.504701501063784 0.8478959897818175 0.16232308934922174
vn -0.9230499329497621 0 0.384680154519881
vn -0.8853154335367943 -0.442659922140292 0.14236845322018596
vn 0.8530885695243217 0.426542168797242 0.3005023640251298
vn 0.9789722523230874 0 0.20399345377109884
vn 0.4895472228626342 -0.8224437236952667 0.2897064685880281
vn 0.09727470454354124 0.19455030315674285 0.9760572787483254
vn 0.032555185002825705 -0.49740683641968775 -0.866906338085257
vn 0.04934886777784181 -0.7534521718642125 -0.6556481632416477
vn 0.18771985568511787 0.09385958511584426 0.977727791393617
vn 0.09727501614136944 0.19454931702702033 0.9760574442516262
vn 0.18771936101475611 0.09386011264105502 0.9777278357269064
vn 0.20644923644563037 0 0.9784573126973993
vn 0.048811011665063776 0.19524322709637856 0.9795394670013174
vn 0.682535687272122 0.6825328262492595 0.26133116287991787
vn 0.0654350878226186 0.13086975841273238 0.9892377649557457
vn 0.18771945980936952 0.09386021419241197 0.9777278070100252
vn 0.06540326595332203 -0.9978589142772835 0
vn 0.07321776498486281 -0.9569622342003283 0.28082457371985353
vn 0.09727480445178083 0.19455039866511975 0.9760572497543938
vn 0.18771976019552997 0.09385948521699783 0.9777278193172846
vn 0.0688306699647493 0.4350081449815572 0.8977918760335875
vn -0.29950382497754624 0 0.9540950994653623
vn -0.7560701978639164 0 0.6544905315602497
vn -0.30792817519607507 -0.7331622253926584 0.6063442835367544
vn 0 0 1
vn -0.7264279155426242 -0.33630973231705347 0.5993315004813529
vn -0.2995037435906101 0 0.9540951250138584
vn -0.7560687592366159 0 0.6544921934648298
vn -0.7822418895620599 0 0.6229748198879135
vn -0.32292967029138275 0 0.9464229646651114
vn -0.21209262044939461 -0.5049843128643354 0.8366645469433039
vn -0.5660189264796268 -0.28300827114694427 0.7742925114769407
vn -0.782241941740835 0 0.6229747543693308
vn -0.3229295368192285 0 0.9464230102072321
vn -0.5317201504990282 0 0.8469201152135253
vn -0.75607008781005 0 0.6544906586949145
vn -0.3103501481413451 0 0.9506223148804392
vn -0.34289875813315174 0 0.9393723658223837
vn -0.4854448274466388 0 0.8742673043785311
vn -0.09394785230502728 0 0.9955771195880672
vn -0.3835344034495011 0 0.9235265894226518
vn -0.5244013736698688 0 0.851471196983876
vn -0.12722449361056692 0 0.9918739477501841
vn -0.44182028156766906 0 0.8971035830914208
vn -0.6188871407901573 0 0.7854799214267566
vn -0.1327191625870214 0 0.9911536832813567
vn -0.5933993013633784 0 0.8049082364726146
vn -0.7378891857458779 0 0.6749218840423574
vn -0.1935923640613881 0 0.9810820539471319
vn 0.06501620257216428 -0.4942122693539361 -0.8669066421611544
vn 0 0 1
vn 0.09719960196987476 -0.48890229081141245 -0.8669064467497349
vn -0.9863593490720045 0 0.1646063015144059
vn -0.9960079693319163 0 0.08926435474091915
vn -0.15278727209614387 0.9656118403176995 0.21035641973489735
vn 0.0650166626027919 -0.49421288071937386 -0.8669062591278556
vn 0.06501694832695602 -0.494212364056967 -0.866906532241783
vn 0.12896674888114912 -0.48149737777959367 -0.8669070612668938
vn 0.09719970914745597 -0.48890158998866556 -0.866906829969752
vn 0.09720056509540437 -0.4889028075138316 -0.8669060473605127
vn 0.0972004001336498 -0.48890095449365045 -0.8669071108885057
vn -0.0701085571060745 0 0.997539367754729
vn -0.06869290718745241 -0.04088862955399364 0.996799580896447
vn -0.03716290424297388 -0.06407386903841684 0.9972529558014231
vn -0.07131725500564597 0 0.9974536827033421
vn -0.0657688247223028 0 0.9978348869901508
vn -0.06937697565279773 -0.034688629387430926 0.9969872287248681
vn -0.03515403253735402 -0.07030777450207232 0.9969057181303197
vn -0.06721793960832911 0 0.9977383166917122
vn -0.0725681563718823 0 0.9973634556573576
vn -0.06525239447554104 0 0.9978687914827322
vn -0.0725681563718823 0 0.9973634556573576
vn -0.06525239447554104 0 0.9978687914827322
vn -0.010114841006091621 0 0.9999488436872267
vn 0.06501742655526417 -0.49421300048017086 -0.8669061335580209
vn 0.09852138099720932 -0.7486118627214615 -0.655647631337982
vn -0.18172180688812184 0 0.983349980882349
vn -0.20140783959140557 0 0.9795074691655611
vn -0.18172180688812184 0 0.983349980882349
vn -0.20140783959140557 0 0.9795074691655611
vn -0.18172180688812184 0 0.983349980882349
vn 0.13052627760322993 -0.991444850132898 0
vn 0.005963548969382828 -0.0417703871010485 0.9991094388729986
vn -0.1961444873803999 0 0.9805750048161946
vn -0.11819647658028373 0.18674970626723778 0.9752713161644336
vn 0.09720128960238474 -0.4889028463731203 -0.8669059442107285
vn 0.14727191406620355 -0.7405657061370954 -0.6556473276243425
vn 0.19509023190445116 -0.980785298327553 0
vn 0.19749985489809804 -0.9392186930141744 0.2808238843260599
vn 0.16018002995985992 -0.4720340899594042 -0.8669060940599365
vn 0.1601807937771524 -0.47203433974730435 -0.8669058169168365
vn 0.1601807753151352 -0.4720329583470587 -0.8669065725056916
vn 0.19071012436384402 -0.4605478274146239 -0.866905616044098
vn 0.1907100979556837 -0.46054691173922474 -0.8669061083100039
vn 0.19071034775942378 -0.4605462773996657 -0.8669063903506478
vn 0.19071010057390064 -0.460544980910986 -0.8669071334905443
vn 0.19071121600695226 -0.46054610819745284 -0.8669062892339228
vn 0.16018126795669596 -0.47203278219487627 -0.8669065773940983
vn 0.1601815558613088 -0.4720328558930391 -0.866906484068098
vn 0.16018214419774968 -0.4720332802075856 -0.8669061443182176
vn 0.1907125698087977 -0.4605474737823112 -0.8669052659372047
vn 0.22042268366008946 -0.44708797034167036 -0.8669061006267343
vn 0.220423160467007 -0.4470878510710505 -0.8669060409031686
vn 0.22042299449058547 -0.4470864461761843 -0.8669068076473694
vn 0.2491920784343139 -0.43171484056682374 -0.8669057644749794
vn 0.2491921372339725 -0.43171409411414663 -0.8669061193024115
vn 0.24919145924680144 -0.43171226329183326 -0.866907225925527
vn 0.22042324502977623 -0.44708611271084236 -0.8669069159209951
vn 0.2204250114145355 -0.44708818539436335 -0.8669053978512749
vn 0.2204252932450676 -0.4470878251468807 -0.8669055119811261
vn 0.2491929088120706 -0.43171355198593225 -0.866906167488425
vn 0.24919341310421175 -0.43171387574484116 -0.8669058612991619
vn 0.24919319664092812 -0.43171299389605866 -0.8669063626766027
vn 0.12896764253624762 -0.481498538522362 -0.8669062836197878
vn 0.16018280404311977 -0.4720329051373127 -0.8669062266222987
vn 0.16018327765890847 -0.4720327764351954 -0.8669062091883585
vn 0.1289680602316925 -0.48149842104141655 -0.8669062867315575
vn 0.12896820859931296 -0.4814973159511706 -0.8669068784491807
vn 0.19071245247254934 -0.4605460477939982 -0.8669060493117082
vn 0.19071218307524196 -0.46054482305791333 -0.8669067592199468
vn 0.1601832965978249 -0.47203207307802897 -0.8669065886684169
vn 0.1601835173267489 -0.4720315880236811 -0.866906811995772
vn 0.19071250032370282 -0.4605446546860349 -0.866906778875562
vn 0.12896914918483993 -0.4814990810545856 -0.8669057581433685
vn 0.19539209878641117 -0.7293481110665206 -0.6556472074336469
vn 0.2588191305443268 -0.9659258033950012 0
vn 0.08730650602530997 -0.31216659817833625 0.9460071823128076
vn 0.16018456094477276 -0.4720331989307772 -0.866905742017036
vn 0.24267551501436876 -0.7150074302038577 -0.6556469851724983
vn 0.32143968483706875 -0.9469300549733575 0
vn 0.31840306785648625 -0.9054044560500081 0.28082424636125464
vn 0.22042436340303176 -0.447085786479948 -0.8669067998037474
vn 0.22042506941431694 -0.44708585755807095 -0.8669065836324338
vn 0.22042593287824025 -0.4470863625679752 -0.8669061036355059
vn 0.2491939028520156 -0.4317128888197727 -0.8669062120023521
vn 0.24919428856325915 -0.43171243880699295 -0.8669063252317227
vn 0.24919393344089927 -0.4317115490779512 -0.86690687038976
vn 0.24919481624275214 -0.4317122110235608 -0.8669062869831374
vn 0.19071338635686547 -0.460545141918481 -0.8669063251122253
vn 0.22042575974424047 -0.4470854800188112 -0.8669066028111236
vn 0.24919574412617904 -0.4317127246125424 -0.8669057644963579
vn 0.19071419685892058 -0.4605459904846833 -0.8669056960044379
vn 0.2889195695345646 -0.6976048981940264 -0.6556469235462513
vn 0.3826833905500394 -0.9238795498316468 0
vn 0.0024816582536455116 -0.005811085945908509 0.9999800361269426
vn 0.22042672395216434 -0.4470864248344967 -0.8669058703783384
vn 0.3339255707782892 -0.6772136006204486 -0.6556488788330848
vn 0.4422884015980324 -0.8968728838647412 0
vn 0.4338577481033317 -0.8560990871372464 0.28082344527029673
vn 0.9263679017133243 -0.37266311966646887 -0.05444914981620737
vn 0.9000111585383169 -0.43245254827889607 -0.054449132165773455
vn 0.7983500860178573 -0.5997269676541037 -0.054449099383672935
vn 0.835865034820613 -0.5462279411700217 -0.054448873721084756
vn 0.8698004966843529 -0.4903900559398592 -0.054448957776569794
vn 0.44703952021206417 -0.22051875561209283 -0.8669066534476834
vn 0.4470404908755976 -0.22051852577414915 -0.8669062113678161
vn 0.4470410701419468 -0.22051818947110607 -0.8669059982020707
vn 0.3954292191214473 -0.30349504590432225 -0.8669062750819927
vn 0.41443208532368003 -0.27698287817198036 -0.8669062993506461
vn 0.4144321747032639 -0.27698237151418914 -0.8669064185026543
vn 0.4316598204470726 -0.24928450743308753 -0.866906588834947
vn 0.43166034483592397 -0.24928409814114427 -0.8669064454196241
vn 0.4316616086540496 -0.24928410514078458 -0.866905814110366
vn 0.4144329900224434 -0.2769822097066271 -0.8669060804303378
vn 0.4316608919602986 -0.24928307613020892 -0.8669064668735029
vn 0.43166115830675966 -0.24928262801288917 -0.8669064631090566
vn 0.4144330035743039 -0.2769813544965282 -0.8669063471965409
vn 0.41443302901384327 -0.2769807853365935 -0.8669065168844533
vn 0.4316619645012077 -0.24928246498469042 -0.8669061085573887
vn 0.4316620746127874 -0.2492819232890202 -0.8669062094957627
vn 0.4144341103542891 -0.27698079098860057 -0.8669059981325414
vn 0.4144340650119983 -0.27698021435858516 -0.8669062040448798
vn 0.4144340266634416 -0.2769795729136345 -0.8669064273219496
vn 0.4144341935140646 -0.2769790284763679 -0.8669065215065775
vn 0.41443493136049236 -0.2769789044473368 -0.8669062083982195
vn 0.41443484780209794 -0.2769784315189521 -0.8669063994460723
vn 0.9984643443821768 0.01020979879701842 -0.054449178193929436
vn 0.9969943362330883 -0.05511459444340068 -0.05444882917458588
vn 0.9912550196521203 -0.12020314923277561 -0.05444895709743017
vn 0.9812708753221528 -0.1847776073772383 -0.05444910519410816
vn 0.9670850571189277 -0.24855947331593609 -0.05444887989834827
vn 0.4973989864823262 -0.03265825750767754 -0.8669069652868855
vn 0.49419978434560985 -0.06511971377355137 -0.8669059903073709
vn 0.498471028269617 -0.00005666258296248276 -0.866906356399111
vn 0.4984710058884495 -0.00005609065714169591 -0.866906369305472
vn 0.4974004078455473 -0.03265760125592107 -0.8669061744821595
vn 0.4941984778817497 -0.065119200321022 -0.8669067736549948
vn 0.4984717461293482 -0.000055647117853254334 -0.866905943695253
vn 0.49740106245165944 -0.03265717277892335 -0.8669058150330103
vn 0.4942012949895352 -0.0651187812289096 -0.8669051991780463
vn 0.4888822038124976 -0.09730271050611325 -0.8669062079161731
vn 0.4888816808748586 -0.09730193833347359 -0.8669065894901952
vn 0.48147159554267227 -0.12906861235386238 -0.8669062209896995
vn 0.4814713921354453 -0.12906810711076963 -0.8669064091826747
vn 0.48147154086578314 -0.12906755569240141 -0.8669064086762294
vn 0.4888831836420968 -0.09730156239086496 -0.8669057842166383
vn 0.9487576567158603 -0.31127831610439954 -0.05444923090585432
vn 0.471999070184718 -0.16028192340373207 -0.8669063287199845
vn 0.4605048946297891 -0.19080879007232598 -0.8669067121975363
vn 0.4720000810165267 -0.16028155004371278 -0.8669058473882715
vn 0.4605061071382748 -0.19080865207251743 -0.8669060984804645
vn 0.47199930662863365 -0.1602809243553985 -0.8669063846978337
vn 0.4605064194390243 -0.19080804704072157 -0.8669060657533522
vn 0.4984705411772748 -0.000054949697695589425 -0.8669066365872196
vn 0.49739933365947914 -0.032656617693760624 -0.8669068278632426
vn 0.4984710059348356 -0.000054406323843342375 -0.8669063693861436
vn 0.49739982653306597 -0.032656076622883154 -0.8669065654524001
vn 0.49419888312763915 -0.06511799174753402 -0.8669066334191716
vn 0.49419935835759626 -0.06511759665499643 -0.8669063921813112
vn 0.49847167562330214 -0.00005399177080100527 -0.86690598434097
vn 0.4974012026737044 -0.032655443667157946 -0.866905799713933
vn 0.498471698034363 -0.00005347499512028061 -0.866905971486622
vn 0.4974012114474888 -0.032654904076078135 -0.8669058150055013
vn 0.4941993955069858 -0.06511714313765737 -0.8669064050692669
vn 0.49420017953408746 -0.06511653339786824 -0.8669060039166416
vn 0.4814719775496703 -0.12906685256307135 -0.8669062708297088
vn 0.4888821293583285 -0.09730072417714422 -0.8669064728496781
vn 0.488882063956304 -0.09730008227337913 -0.8669065817788084
vn 0.48147117255330735 -0.1290662564271873 -0.8669068066707142
vn 0.48888347458782344 -0.09729974152146599 -0.8669058245131318
vn 0.4888822209456637 -0.09729916743972858 -0.8669065959252881
vn 0.48147265825133 -0.12906597212079934 -0.8669060238554759
vn 0.48147275748975127 -0.12906548301795193 -0.8669060415573061
vn 0.49847105077205195 -0.00005280693942086455 -0.8669063437036515
vn 0.4973998986806002 -0.0326543973404363 -0.8669065873131093
vn 0.4941995716482314 -0.06511586873622026 -0.866906400380936
vn 0.49419919180179744 -0.06511540034887608 -0.8669066521026678
vn 0.48888365319308336 -0.09729884741024622 -0.866905824143097
vn 0.4888819848922704 -0.0972981918843805 -0.8669068385379274
vn 0.48147290158940553 -0.12906500486408345 -0.8669060327131844
vn 0.4814719490350466 -0.12906414089696172 -0.8669066903807598
vn 0.488882823324994 -0.09729763388047409 -0.8669064283410546
vn 0.48147213905467484 -0.12906369686593755 -0.8669066509523462
vn 0.48147308364354807 -0.1290634858142362 -0.8669061577565655
vn 0.49847054124798557 -0.00005230447603795279 -0.866906636710195
vn 0.4973994427532089 -0.032653841688390854 -0.866906869837693
vn 0.49847123669178034 -0.000051938594638961263 -0.8669062368522615
vn 0.49740088842445446 -0.03265327271418956 -0.8669060617942501
vn 0.49847144500171353 -0.000051329997124936624 -0.8669061171102297
vn 0.49740050045486467 -0.03265287779800163 -0.866906299272741
vn 0.4941992725593767 -0.06511498942730781 -0.8669066369302202
vn 0.4942009085444159 -0.06511454942898466 -0.8669057373478007
vn 0.48888373910852934 -0.09729740875328378 -0.8669059371610971
vn 0.4719985977300461 -0.16028004734564685 -0.8669069328155977
vn 0.4719998647770999 -0.1602797098312692 -0.8669063053564691
vn 0.46050519532069983 -0.19080695833481381 -0.8669069556380666
vn 0.44704003217578064 -0.22051720851766138 -0.866906782981801
vn 0.4470410633485014 -0.22051708343408294 -0.8669062830513844
vn 0.46050604810980406 -0.19080689397424552 -0.8669065167976255
vn 0.4720005284858613 -0.16027958323803063 -0.8669059673956058
vn 0.4605077709351043 -0.19080684690513522 -0.8669056119800481
vn 0.4605076332024812 -0.19080627043318416 -0.8669058120266743
vn 0.47200069912617976 -0.16027918825123622 -0.8669059475156011
vn 0.44704155091373876 -0.220516716197003 -0.8669061250414196
vn 0.4470424119047081 -0.22051640165643438 -0.8669057610599433
vn 0.4605067716491356 -0.19080534768570204 -0.8669064727869027
vn 0.4720003091673863 -0.16027842743335655 -0.8669063004992995
vn 0.4719994136402427 -0.16027753286875868 -0.8669069534735381
vn 0.4605064360394785 -0.19080459940239541 -0.8669068157611342
vn 0.4720002180625217 -0.16027710065343256 -0.8669065954040616
vn 0.4720011622762596 -0.16027699313277843 -0.8669061011909972
vn 0.4605065955763238 -0.19080439514712214 -0.8669067759703145
vn 0.4605075097316762 -0.19080416760375432 -0.8669063404461688
vn 0.43166224250222057 -0.24928129344088448 -0.8669063070126977
vn 0.44704115974944614 -0.2205151944365857 -0.8669067138466888
vn 0.44704132379716127 -0.22051474011792188 -0.8669067448165386
vn 0.4316618142252172 -0.24928066121401507 -0.8669067020645863
vn 0.44704255559422973 -0.22051474500226548 -0.8669061083672013
vn 0.44704238581692973 -0.22051431732612548 -0.8669063047050126
vn 0.4316626589560293 -0.24928057773542958 -0.8669063054488073
vn 0.4316634298200029 -0.24928030720663485 -0.8669059993995871
vn 0.6660091963170455 -0.7439536548566832 -0.05444914918073849
vn 0.7574170440840917 -0.6506571353227509 -0.0544491835063518
vn 0.7132404308436975 -0.6988013847404984 -0.054449173498397375
vn 0.32862177009671084 -0.37480759071475217 -0.8669065706067218
vn 0.32862336033442147 -0.37480819898167855 -0.866905704802214
vn 0.3286227272330513 -0.37480673039600176 -0.8669065797395763
vn 0.37473329224301455 -0.32870759965841134 -0.8669061504058655
vn 0.37473338910449117 -0.3287071293601798 -0.8669062868603803
vn 0.35243255067398654 -0.35251268911926775 -0.8669060509855323
vn 0.3524331089249605 -0.35251247250805595 -0.866905912114887
vn 0.37473383944190297 -0.3287065958153073 -0.8669062945005316
vn 0.3524326021920687 -0.35251122071709695 -0.866906627140818
vn 0.3034057042724115 -0.3954981295586387 -0.8669061126388371
vn 0.3034063253205494 -0.3954979444869498 -0.8669059797129551
vn 0.3954296380419237 -0.30349465976966145 -0.8669062191779054
vn 0.39542985440762995 -0.3034941590779226 -0.8669062957717779
vn 0.35243345338139814 -0.35251114803813616 -0.8669063106509822
vn 0.3524342749500993 -0.3525112841505844 -0.8669059213010969
vn 0.35243392002951246 -0.35251030338181877 -0.8669064644021807
vn 0.3524341627606856 -0.352509741451212 -0.8669065942194547
vn 0.30340556048703166 -0.39549637803412485 -0.8669069620365492
vn 0.30340691822515775 -0.395496986717198 -0.8669062091545595
vn 0.32862297201664165 -0.37480620121372404 -0.8669067157397543
vn 0.3286244581804763 -0.3748068523570917 -0.8669058708485932
vn 0.30340760686485624 -0.39549696106826787 -0.8669059798399743
vn 0.3034077346420682 -0.39549628678326865 -0.8669062427390952
vn 0.3286245810213348 -0.3748061710455873 -0.8669061188471898
vn 0.32862453698163624 -0.3748054693540376 -0.8669064389170869
vn 0.352435266461891 -0.35250995108294964 -0.8669060602749484
vn 0.35243546828217925 -0.35250949725070774 -0.8669061627677902
vn 0.30340805815287525 -0.3954958043217817 -0.86690634962017
vn 0.3034082072092027 -0.3954952977405843 -0.8669065285618652
vn 0.3034086452770811 -0.39549501783119445 -0.866906502941251
vn 0.3034095395482401 -0.39549537572172194 -0.866906026679858
vn 0.3286248358569219 -0.3748052021049525 -0.8669064411648335
vn 0.32862562432514564 -0.37480497920645517 -0.8669062386434632
vn 0.3286256275203462 -0.3748042675948989 -0.8669065450955542
vn 0.32862613268483215 -0.37480438512191755 -0.8669063027859427
vn 0.3747338427508135 -0.3287059430666907 -0.8669065405739227
vn 0.3747346359130753 -0.3287060521881233 -0.8669061563410387
vn 0.3954299195301259 -0.3034933586501711 -0.8669065462872206
vn 0.3954305722733768 -0.30349320740677194 -0.8669063014937082
vn 0.3954311291570696 -0.30349305121102516 -0.8669061021588134
vn 0.39543146652396194 -0.3034925518945049 -0.8669061230763514
vn 0.3747350982712897 -0.3287055887921502 -0.866906132185263
vn 0.3747350895587353 -0.3287048658940356 -0.8669064100530061
vn 0.3747357708928907 -0.32870474307147507 -0.8669061621050034
vn 0.3747357449131336 -0.32870412057571835 -0.8669064093666295
vn 0.37473550354835683 -0.3287033133287213 -0.8669068197834643
vn 0.3747369591229124 -0.3287037264041705 -0.8669060339594624
vn 0.3954315137630293 -0.3034918867528746 -0.8669063343858201
vn 0.3954311968639964 -0.3034912096855022 -0.8669067159679512
vn 0.3954320496116663 -0.3034910220302905 -0.8669063926900795
vn 0.3954329433303813 -0.303491051563266 -0.8669059746881979
vn 0.35243490194214 -0.35250830506188074 -0.8669068777875938
vn 0.35243587562500156 -0.352508563486988 -0.8669063768601419
vn 0.4974004834054392 -0.03265234396225404 -0.8669063291623876
vn 0.49847144501461443 -0.00005082329215582461 -0.8669061171326659
vn 0.4941995783577233 -0.065114074030325 -0.8669065313597664
vn 0.49847121433141195 -0.00005049459791216862 -0.8669062497947877
vn 0.4974010250735271 -0.03265176316005681 -0.866906040247929
vn 0.498470563706422 -0.000049902634417766636 -0.8669066239382007
vn 0.4973996183490549 -0.032651315730353854 -0.8669068642289618
vn 0.49420010007244897 -0.06511363250569031 -0.8669062671075203
vn 0.4941994928005847 -0.0651130463574262 -0.8669066573222867
vn 0.48888382805628683 -0.0972969690776323 -0.8669059363468087
vn 0.4814745427420871 -0.12906326197106419 -0.8669053807081177
vn 0.48888301529532935 -0.0972964012218067 -0.8669064584284928
vn 0.48888310176212196 -0.0972960132064738 -0.8669064532148624
vn 0.4814724732958 -0.1290623723823231 -0.8669066625037968
vn 0.48147393054296683 -0.12906217784518445 -0.8669058821217932
vn 0.49847056371766874 -0.000049448436412737604 -0.8669066239577602
vn 0.49739964852222923 -0.032650838917548955 -0.8669068648753124
vn 0.4941995498353155 -0.06511267348979406 -0.8669066528142364
vn 0.49420185146002016 -0.06511250302839924 -0.8669053535207085
vn 0.4984720923363631 -0.00004914122088083915 -0.8669057450190009
vn 0.49740266342967526 -0.03265057846710338 -0.8669051448335214
vn 0.49847211474491404 -0.00004867590448156796 -0.8669057321603022
vn 0.49740134975542755 -0.032650127551275075 -0.8669059155596784
vn 0.49420124165544627 -0.0651118977186999 -0.8669057466193685
vn 0.48888257244306416 -0.09729537387408826 -0.8669068234730614
vn 0.4888848290442884 -0.09729532005321889 -0.8669055569242123
vn 0.4814713905195797 -0.1290613266492472 -0.8669074195522143
vn 0.4814743783359028 -0.12906129887986983 -0.8669057642774655
vn 0.48888427740070917 -0.09729467475842393 -0.8669059404422368
vn 0.4814744489908189 -0.12906086171963613 -0.8669057901186105
vn 0.4720026233294475 -0.16027687417456593 -0.8669053276886411
vn 0.4605088256452706 -0.19080393109583757 -0.8669056934760486
vn 0.47200065456020657 -0.1602759198836093 -0.8669065760508451
vn 0.47200145559977175 -0.1602755312231298 -0.8669062117685166
vn 0.46050907395891655 -0.1908035179631617 -0.8669056524988071
vn 0.4605068057215781 -0.1908022500133857 -0.8669071364765308
vn 0.43166371239757406 -0.2492799257579429 -0.8669059683802269
vn 0.4316634451654998 -0.24927934518369893 -0.8669062683892866
vn 0.431662789652609 -0.24927840649036395 -0.8669068647132471
vn 0.4470426059671647 -0.22051401029161288 -0.8669062692789784
vn 0.44704344311093697 -0.22051369868858942 -0.8669059168457649
vn 0.44704209925392596 -0.22051246053449006 -0.8669069247870084
vn 0.46050823019458365 -0.19080211340100547 -0.8669064098533141
vn 0.4605084588684053 -0.1908019156483745 -0.8669063319041781
vn 0.43166339432005435 -0.24927812834678997 -0.866906643608186
vn 0.4470430038486775 -0.22051242102271035 -0.8669064683601422
vn 0.4470441010014973 -0.22051258220617578 -0.8669058615839023
vn 0.43166509170830086 -0.24927851500077083 -0.8669056872344735
vn 0.44704452071101336 -0.22051218109665105 -0.8669057471780067
vn 0.431664618139722 -0.24927786123721973 -0.8669061110312266
vn 0.47200098938770707 -0.1602748642787907 -0.866906588911078
vn 0.4720006663494299 -0.16027447847418255 -0.8669068361222693
vn 0.4720032488142038 -0.16027471338259805 -0.8669053866247244
vn 0.4605098091932867 -0.19080209828257338 -0.8669055744011165
vn 0.4984705413523765 -0.000048134326454924274 -0.8669066368917447
vn 0.498470541362475 -0.000047711586045485806 -0.8669066369093072
vn 0.4974005018091749 -0.032649629433706584 -0.8669064208424245
vn 0.4941997312481188 -0.06511123587012536 -0.8669066573730715
vn 0.4973991393368039 -0.03264921824918376 -0.8669072180658803
vn 0.49847123680373495 -0.00004741756918841602 -0.866906237046965
vn 0.4984700542386476 -0.00004702118765179964 -0.8669069170426129
vn 0.4974019049135914 -0.03264871689478608 -0.8669056501566103
vn 0.49740007889657534 -0.03264842206679728 -0.8669067089659814
vn 0.48147242070082313 -0.12906004169148913 -0.8669070386973916
vn 0.48888279914068217 -0.0972938888759262 -0.8669068622936205
vn 0.49419980960739085 -0.06511089913845723 -0.8669066379936193
vn 0.4888842513325276 -0.09729368457432772 -0.8669060662730335
vn 0.4941998429194074 -0.06511056432473261 -0.8669066441501921
vn 0.49420081147997996 -0.06511000749242252 -0.8669061338212262
vn 0.48888299414517894 -0.09729318429288884 -0.8669068313987353
vn 0.4888832905985174 -0.09729278164910819 -0.8669067094056571
vn 0.4984714451200939 -0.000046473597321151864 -0.8669061173161083
vn 0.755066941845288 -0.000034959288804648316 -0.6556477042667446
vn 0.49740075363110337 -0.032648134515881055 -0.8669063326564429
vn 0.7534476965635756 -0.04941878742570527 -0.6556480397228494
vn 1 -1.221014123142794e-10 -4.0165866028478564e-27
vn 0.3241262801246118 0.003536918506832661 0.9460072117801521
vn 0.9978589142772835 -0.06540326595332203 -8.099224362841315e-20
vn 0.9583321128552601 -0.05231751827593214 0.28082456935214994
vn 0.4942008197351564 -0.06510965447634365 -0.86690615562878
vn 0.7486025154460605 -0.09859073240406788 -0.6556478790874414
vn 0.4888846955578926 -0.09729255897751983 -0.8669059420818802
vn 0.7405518618630261 -0.1473405158286053 -0.6556475518802508
vn 0.991444850132898 -0.13052627760322993 0
vn 0.005452673405358381 -0.0006574140266018526 0.9999849179660323
vn 0.980785298327553 -0.19509023190445116 0
vn 0.9433048856698627 -0.17695726253818508 0.2808238236089651
vn 0.44704405385716667 -0.22051141116069323 -0.8669061837701185
vn 0.44704325907884995 -0.22051059667316886 -0.8669068007963734
vn 0.4316645895098801 -0.2492772807690132 -0.8669062921998394
vn 0.4316644367682721 -0.24927674217321572 -0.8669065231275161
vn 0.4470444244894482 -0.2205105535086937 -0.8669062108003308
vn 0.4316641468896877 -0.24927615083011087 -0.8669068375075384
vn 0.431665746161905 -0.24927635364088352 -0.8669059828528068
vn 0.43166616058095225 -0.24927627751037365 -0.8669057983886546
vn 0.4720013705402468 -0.16027380416468542 -0.8669065773811552
vn 0.4814737845214529 -0.12905988386782496 -0.8669063047380685
vn 0.47200148799125385 -0.16027347574209683 -0.8669065741517882
vn 0.46050923944442296 -0.19080133687124268 -0.8669060446406323
vn 0.4605082053453275 -0.1908005061277706 -0.8669067768053333
vn 0.46050894433682515 -0.19080039930610654 -0.8669064077571541
vn 0.47200226248548366 -0.16027313289106507 -0.8669062158514422
vn 0.4720013501472006 -0.16027248115635606 -0.86690683308139
vn 0.48147399280397785 -0.12905951124932843 -0.8669062445325213
vn 0.48147293279924125 -0.12905886596305605 -0.8669069293171137
vn 0.44704451953136265 -0.2205103178696279 -0.866906221727592
vn 0.46050847691259295 -0.19079982206082188 -0.8669067831048519
vn 0.48147500169746094 -0.1290590034343069 -0.8669057597991685
vn 0.7293300565174373 -0.19545966216648603 -0.6556471529153732
vn 0.472003345156114 -0.1602727487841499 -0.8669056973850217
vn 0.7149847216975346 -0.24274176587074972 -0.6556472243829367
vn 0.9659258033950012 -0.2588191305443268 0
vn 0.31399736420109736 -0.08047367789169829 0.9460072105651979
vn 0.9469300549733575 -0.32143968483706875 0
vn 0.9121370385066097 -0.29856953252405266 0.2808242461625425
vn 0.4605106186580953 -0.19080010351658347 -0.8669055834410109
vn 0.6975783030661707 -0.2889842060262392 -0.6556467339647972
vn 0.4470442074220249 -0.22050989348816202 -0.8669064906229811
vn 0.67718367434259 -0.333988838766898 -0.6556475629353076
vn 0.9238795498316468 -0.3826833905500394 0
vn 0.03915606765870423 -0.01572064291935329 0.9991094353231328
vn 0.8968728838647412 -0.4422884015980324 0
vn 0.8653628451522347 -0.4150726901404562 0.28082344654532315
vn 0.30340975124733754 -0.39549493270538905 -0.86690615469749
vn 0.30340984701616885 -0.3954941661376966 -0.8669064708979123
vn 0.3034103598281167 -0.3954939953695381 -0.8669063693246306
vn 0.32862705729372016 -0.3748045349739509 -0.8669058874972705
vn 0.3286272296308024 -0.37480387193590026 -0.8669061088301553
vn 0.32862690551804785 -0.3748028926937429 -0.866906655066181
vn 0.3034104106570085 -0.3954933580816153 -0.8669066422737068
vn 0.30341154834708567 -0.39549402051323884 -0.8669059418806044
vn 0.3286271113315521 -0.37480259147394357 -0.8669067072772569
vn 0.3286283664699894 -0.3748034000610164 -0.8669058818891288
vn 0.37473765247780677 -0.32870367373037196 -0.8669057542152893
vn 0.3954328422654543 -0.3034905588493993 -0.8669061932799553
vn 0.39543283921948663 -0.30348990086054306 -0.8669064250208747
vn 0.3954329812903619 -0.30348941869645013 -0.8669065290140033
vn 0.3747369933734388 -0.32870271702699266 -0.8669064018776814
vn 0.3747369370964992 -0.32870197488784475 -0.8669067075991309
vn 0.3524371274355349 -0.3525090702395085 -0.8669056618824598
vn 0.3524368131235843 -0.3525081300815421 -0.8669061719596338
vn 0.3524362430807023 -0.352506963991446 -0.8669068778713741
vn 0.37473731784307096 -0.32870158159509955 -0.8669066921374302
vn 0.37473904572384176 -0.3287024452888637 -0.866905617741116
vn 0.395433478185852 -0.3034891727995029 -0.8669063884430157
vn 0.3954341144619441 -0.3034893000116004 -0.8669060536748874
vn 0.3524365933123815 -0.35250665857056485 -0.8669068596785805
vn 0.3524383865693394 -0.35250776637513237 -0.8669056801738099
vn 0.35243859579411696 -0.3525072603442987 -0.866905800879904
vn 0.3286287125438474 -0.37480302925571674 -0.8669059110148642
vn 0.37473847549247646 -0.3287015477217933 -0.8669062045636033
vn 0.27689382823640013 -0.4144924639393779 -0.8669058802557832
vn 0.27689346720032304 -0.41449135615157706 -0.8669065252363776
vn 0.27689374034226066 -0.4144907674715781 -0.8669067194572292
vn 0.27689436517607857 -0.4144908553592186 -0.8669064778609743
vn 0.2768946540313688 -0.41449072242620466 -0.8669064491578383
vn 0.2768962325448452 -0.4144917937985262 -0.8669054327180971
vn 0.30341235291590624 -0.3954943184140739 -0.8669055243798027
vn 0.35243752090939384 -0.35250570862203434 -0.8669068688412371
vn 0.35243871681634237 -0.35250624887863063 -0.8669061629671154
vn 0.32862811796166713 -0.37480174942586886 -0.8669066897378752
vn 0.32862877669620505 -0.37480184234952196 -0.8669063998486571
vn 0.3286293075193469 -0.37480168692983173 -0.8669062658176528
vn 0.328629880533878 -0.3748016946514799 -0.8669060452590396
vn 0.3747382231937745 -0.3287006378159311 -0.8669066586299663
vn 0.3747392097933721 -0.3287009087761119 -0.8669061294126356
vn 0.37473907658493216 -0.32870036005501824 -0.8669063950507999
vn 0.3747394191266347 -0.3287001941492678 -0.866906309885253
vn 0.3524390111440803 -0.3525059769615431 -0.8669061538772065
vn 0.35243907165498495 -0.35250547122850107 -0.8669063349202984
vn 0.32862964443826714 -0.3748009224404356 -0.8669064686194102
vn 0.3747401516937828 -0.32870006398366186 -0.8669060425707374
vn 0.3524393398821349 -0.35250520301385535 -0.8669063349356755
vn 0.5338868019966582 -0.5339363930622 -0.6556499148307036
vn 0.7071067811865476 -0.7071067811865476 0
vn 0.23169452570056157 -0.22669242927176733 0.946006442510439
vn 0.2768961174683663 -0.41449084631070554 -0.8669059224942345
vn 0.27689541003831314 -0.41448939771130916 -0.8669068410646155
vn 0.276895964277581 -0.414489230729445 -0.8669067438750846
vn 0.2768967469296455 -0.41448977883471605 -0.8669062318274843
vn 0.3034113082487362 -0.39549264741683304 -0.8669066523369255
vn 0.3034119036097101 -0.3954925869186749 -0.8669064715644393
vn 0.30341201350499536 -0.3954920383362309 -0.8669066833711098
vn 0.3034131818297401 -0.39549267205043587 -0.8669059853561742
vn 0.37750274428641545 -0.6539236987324284 -0.6556488955930037
vn 0.27689788218965167 -0.4144904982395077 -0.8669055252494648
vn 0.41946341936219245 -0.627834191111423 -0.6556482809315088
vn 0.5000002818671057 -0.866025241048328 0
vn 0.165127276753391 -0.27893459692026445 0.946006592531436
vn 0.5555700015194128 -0.8314697669859799 0
vn 0.5418906258718412 -0.7921477028691046 0.2808141136613771
vn 0.30341338417268304 -0.39549242545473645 -0.8669060270368465
vn 0.45962565801477234 -0.5990539149382058 -0.6556513261572009
vn 0.6087612032766206 -0.7933535135015166 0
vn 0.02604980369188501 -0.03319246662519832 0.999109437392596
vn 0.49782297021376654 -0.5677112341632629 -0.6556494832853667
vn 0.6593458684883615 -0.751839760658698 0
vn 0.6406503348474125 -0.7146387132272012 0.28081783778255304
vn 0.41443575531623134 -0.27697829149263115 -0.8669060103363502
vn 0.4144356597175525 -0.27697754229648003 -0.8669062954079171
vn 0.4144354763839733 -0.27697691342711966 -0.8669065839770598
vn 0.4144350954296 -0.27697632170860675 -0.866906955150914
vn 0.41443679029032293 -0.27697679595824715 -0.86690599337792
vn 0.4144377727428678 -0.27697682507614324 -0.8669055143985823
vn 0.39543447236666607 -0.30348900220085206 -0.866905994677178
vn 0.4144369733562375 -0.2769759345325684 -0.8669061810860109
vn 0.4144365419939897 -0.27697518003135235 -0.866906628367014
vn 0.3954347293122559 -0.3034883975008169 -0.8669060891677536
vn 0.3954343140035762 -0.3034875645123025 -0.866906570222485
vn 0.41443665947627734 -0.27697464243537673 -0.8669067439638126
vn 0.3954342909145753 -0.30348721203676704 -0.8669067041493205
vn 0.3954354784431372 -0.3034875661616144 -0.8669060384919157
vn 0.41443747330207487 -0.2769748571754746 -0.8669062862937478
vn 0.3954353425324739 -0.3034869801698298 -0.8669063056314806
vn 0.5990117683757885 -0.4596820393433897 -0.6556503062246011
vn 0.7933535135015166 -0.6087612032766206 0
vn 0.0007207176613631826 -0.0005406339248661016 0.9999995941404235
vn 0.41443857248212757 -0.2769749144370944 -0.8669057425184934
vn 0.6277960611474804 -0.41952157505786003 -0.6556475834384516
vn 0.653888039345121 -0.37756329347781037 -0.6556495949968872
vn 0.8314697669859799 -0.5555700015194128 0
vn 0.8037837562876171 -0.5244760991324345 0.280813985704048
vn 0.866025241048328 -0.5000002818671057 0
vn 0.2824715438584264 -0.1590009665010728 0.9460066170814884
vn 0.5676647986523786 -0.49787506161009465 -0.6556501349025247
vn 0.751839760658698 -0.6593458684883615 0
vn 0.7284484428706407 -0.6249033742698819 0.28081780375441795
f 1//1 16//16 12//12
f 1//1 12//12 2//2
f 1//1 3//3 16//16
f 3//3 461//461 16//16
f 2//2 12//12 55//55
f 1//1 2//2 54//54
f 1//1 56//56 3//3
f 4//4 14//14 5//5
f 5//5 14//14 7//7
f 5//5 7//7 6//6
f 7//7 9//9 8//8
f 5//5 6//6 115//115
f 4//4 5//5 108//108
f 6//6 7//7 116//116
f 7//7 8//8 117//117
f 8//8 9//9 118//118
f 10//10 12//12 14//14
f 10//10 11//11 12//12
f 10//10 14//14 13//13
f 7//7 14//14 12//12
f 7//7 12//12 25//25
f 7//7 25//25 9//9
f 10//10 13//13 203//203
f 11//11 205//205 12//12
f 10//10 204//204 11//11
f 13//13 14//14 206//206
f 4//4 207//207 14//14
f 12//12 205//205 55//55
f 2//2 55//55 54//54
f 1//1 54//54 56//56
f 3//3 56//56 461//461
f 4//4 108//108 207//207
f 5//5 115//115 108//108
f 6//6 116//116 115//115
f 7//7 117//117 116//116
f 8//8 118//118 117//117
f 9//9 119//119 118//118
f 10//10 203//203 204//204
f 11//11 204//204 205//205
f 14//14 207//207 206//206
f 13//13 206//206 203//203
f 15//15 21//21 20//20
f 16//16 17//17 18//18
f 16//16 18//18 20//20
f 12//12 16//16 20//20
f 18//18 19//19 20//20
f 12//12 20//20 1512//1512
f 15//15 20//20 454//454
f 16//16 462//462 17//17
f 17//17 463//463 18//18
f 18//18 471//471 19//19
f 19//19 472//472 20//20
f 20//20 21//21 23//23
f 21//21 22//22 23//23
f 20//20 23//23 1512//1512
f 23//23 24//24 1510//1510
f 15//15 516//516 21//21
f 21//21 517//517 22//22
f 22//22 524//524 23//23
f 23//23 525//525 24//24
f 24//24 1561//1561 1510//1510
f 9//9 25//25 39//39
f 12//12 1521//1521 25//25
f 25//25 1080//1080 39//39
f 25//25 1521//1521 565//565
f 16//16 461//461 462//462
f 18//18 463//463 471//471
f 17//17 462//462 463//463
f 19//19 471//471 472//472
f 20//20 472//472 454//454
f 15//15 454//454 516//516
f 21//21 516//516 517//517
f 22//22 517//517 524//524
f 23//23 524//524 525//525
f 24//24 525//525 1561//1561
f 25//25 564//564 1081//1081
f 25//25 1081//1081 1080//1080
f 25//25 565//565 564//564
f 565//565 1521//1521 566//566
f 9//9 27//27 26//26
f 27//27 29//29 28//28
f 27//27 31//31 29//29
f 29//29 31//31 30//30
f 9//9 26//26 119//119
f 26//26 27//27 704//704
f 27//27 28//28 705//705
f 28//28 29//29 706//706
f 29//29 30//30 707//707
f 30//30 31//31 720//720
f 9//9 40//40 27//27
f 27//27 40//40 31//31
f 31//31 33//33 32//32
f 31//31 35//35 33//33
f 33//33 35//35 34//34
f 31//31 41//41 35//35
f 31//31 32//32 787//787
f 32//32 33//33 788//788
f 33//33 34//34 789//789
f 34//34 35//35 790//790
f 35//35 37//37 36//36
f 35//35 41//41 37//37
f 37//37 41//41 38//38
f 35//35 36//36 791//791
f 36//36 37//37 816//816
f 37//37 38//38 817//817
f 38//38 41//41 818//818
f 26//26 704//704 119//119
f 27//27 705//705 704//704
f 28//28 706//706 705//705
f 29//29 707//707 706//706
f 30//30 720//720 707//707
f 31//31 787//787 720//720
f 32//32 788//788 787//787
f 33//33 789//789 788//788
f 34//34 790//790 789//789
f 35//35 791//791 790//790
f 36//36 816//816 791//791
f 37//37 817//817 816//816
f 38//38 818//818 817//817
f 41//41 1105//1105 818//818
f 9//9 39//39 40//40
f 31//31 40//40 1535//1535
f 31//31 1535//1535 49//49
f 39//39 1085//1085 40//40
f 31//31 49//49 41//41
f 41//41 43//43 42//42
f 41//41 45//45 43//43
f 43//43 45//45 44//44
f 41//41 49//49 45//45
f 45//45 47//47 46//46
f 41//41 42//42 1105//1105
f 42//42 43//43 1106//1106
f 43//43 44//44 1107//1107
f 44//44 45//45 1115//1115
f 45//45 46//46 1116//1116
f 45//45 49//49 47//47
f 47//47 49//49 48//48
f 49//49 51//51 50//50
f 46//46 47//47 1120//1120
f 47//47 48//48 1167//1167
f 48//48 49//49 1168//1168
f 49//49 50//50 1175//1175
f 50//50 51//51 1176//1176
f 39//39 1080//1080 1085//1085
f 40//40 1085//1085 2214//2214
f 42//42 1106//1106 1105//1105
f 43//43 1107//1107 1106//1106
f 44//44 1115//1115 1107//1107
f 45//45 1116//1116 1115//1115
f 46//46 1120//1120 1116//1116
f 47//47 1167//1167 1120//1120
f 48//48 1168//1168 1167//1167
f 49//49 1175//1175 1168//1168
f 50//50 1176//1176 1175//1175
f 51//51 1177//1177 1176//1176
f 23//23 1510//1510 1512//1512
f 1510//1510 1511//1511 1512//1512
f 1512//1512 1513//1513 1514//1514
f 1512//1512 1514//1514 1516//1516
f 12//12 1512//1512 1529//1529
f 1510//1510 1562//1562 1511//1511
f 1511//1511 1563//1563 1512//1512
f 1512//1512 1573//1573 1513//1513
f 1513//1513 1574//1574 1514//1514
f 1514//1514 1621//1621 1515//1515
f 1514//1514 1515//1515 1516//1516
f 1512//1512 1516//1516 1520//1520
f 1516//1516 1517//1517 1518//1518
f 1516//1516 1518//1518 1520//1520
f 1518//1518 1519//1519 1520//1520
f 1512//1512 1520//1520 1529//1529
f 1515//1515 1628//1628 1516//1516
f 1516//1516 1629//1629 1517//1517
f 1517//1517 1633//1633 1518//1518
f 1518//1518 1634//1634 1519//1519
f 1519//1519 1635//1635 1520//1520
f 12//12 1529//1529 1521//1521
f 1521//1521 1536//1536 1684//1684
f 1521//1521 1529//1529 1536//1536
f 1510//1510 1561//1561 1562//1562
f 1511//1511 1562//1562 1563//1563
f 1512//1512 1563//1563 1573//1573
f 1513//1513 1573//1573 1574//1574
f 1514//1514 1574//1574 1621//1621
f 1515//1515 1621//1621 1628//1628
f 1516//1516 1628//1628 1629//1629
f 1517//1517 1629//1629 1633//1633
f 1518//1518 1633//1633 1634//1634
f 1519//1519 1634//1634 1635//1635
f 566//566 1521//1521 1683//1683
f 1521//1521 1684//1684 1683//1683
f 1536//1536 2218//2218 1684//1684
f 1520//1520 1522//1522 1523//1523
f 1520//1520 1523//1523 1525//1525
f 1523//1523 1524//1524 1525//1525
f 1520//1520 1834//1834 1522//1522
f 1522//1522 1835//1835 1523//1523
f 1523//1523 1836//1836 1524//1524
f 1524//1524 1890//1890 1525//1525
f 1520//1520 1525//1525 1529//1529
f 1525//1525 1526//1526 1527//1527
f 1525//1525 1527//1527 1529//1529
f 1527//1527 1528//1528 1529//1529
f 1525//1525 1891//1891 1526//1526
f 1526//1526 1892//1892 1527//1527
f 1527//1527 1893//1893 1528//1528
f 1528//1528 1894//1894 1529//1529
f 1529//1529 1530//1530 1531//1531
f 1529//1529 1531//1531 1533//1533
f 1531//1531 1532//1532 1533//1533
f 1529//1529 1533//1533 1554//1554
f 1533//1533 1534//1534 1552//1552
f 1529//1529 1917//1917 1530//1530
f 1530//1530 1924//1924 1531//1531
f 1531//1531 1925//1925 1532//1532
f 1532//1532 1926//1926 1533//1533
f 1533//1533 1927//1927 1534//1534
f 1534//1534 2821//2821 1552//1552
f 1520//1520 1635//1635 1834//1834
f 1522//1522 1834//1834 1835//1835
f 1523//1523 1835//1835 1836//1836
f 1524//1524 1836//1836 1890//1890
f 1525//1525 1890//1890 1891//1891
f 1526//1526 1891//1891 1892//1892
f 1527//1527 1892//1892 1893//1893
f 1528//1528 1893//1893 1894//1894
f 1529//1529 1894//1894 1917//1917
f 1530//1530 1917//1917 1924//1924
f 1531//1531 1924//1924 1925//1925
f 1532//1532 1925//1925 1926//1926
f 1533//1533 1926//1926 1927//1927
f 1534//1534 1927//1927 2821//2821
f 49//49 1535//1535 1536//1536
f 40//40 2213//2213 1535//1535
f 1535//1535 2218//2218 1536//1536
f 49//49 1536//1536 1529//1529
f 49//49 1529//1529 1549//1549
f 49//49 1538//1538 51//51
f 51//51 1538//1538 1537//1537
f 49//49 1541//1541 1538//1538
f 1538//1538 1540//1540 1539//1539
f 1538//1538 1541//1541 1540//1540
f 51//51 1537//1537 1177//1177
f 1537//1537 1538//1538 2238//2238
f 1538//1538 1539//1539 2239//2239
f 1539//1539 1540//1540 2246//2246
f 1540//1540 1546//1546 2247//2247
f 49//49 1549//1549 1541//1541
f 1541//1541 1543//1543 1542//1542
f 1541//1541 1549//1549 1545//1545
f 1541//1541 1545//1545 1543//1543
f 1543//1543 1545//1545 1544//1544
f 1540//1540 1541//1541 1546//1546
f 1541//1541 1542//1542 2286//2286
f 1542//1542 1543//1543 2287//2287
f 1543//1543 1544//1544 2291//2291
f 1544//1544 1545//1545 2292//2292
f 1541//1541 2301//2301 1546//1546
f 40//40 2214//2214 2213//2213
f 1535//1535 2213//2213 2218//2218
f 1177//1177 1537//1537 2238//2238
f 1538//1538 2239//2239 2238//2238
f 1539//1539 2246//2246 2239//2239
f 1540//1540 2247//2247 2246//2246
f 1546//1546 2301//2301 2247//2247
f 1541//1541 2286//2286 2301//2301
f 1542//1542 2287//2287 2286//2286
f 1544//1544 2292//2292 2291//2291
f 1543//1543 2291//2291 2287//2287
f 1545//1545 2293//2293 2292//2292
f 1529//1529 1554//1554 1549//1549
f 1547//1547 1549//1549 1554//1554
f 1547//1547 1548//1548 1551//1551
f 1549//1549 1551//1551 1550//1550
f 1547//1547 1551//1551 1549//1549
f 1547//1547 1557//1557 2794//2794
f 1547//1547 2795//2795 1548//1548
f 1550//1550 1551//1551 2797//2797
f 1549//1549 1550//1550 2796//2796
f 1548//1548 2798//2798 1551//1551
f 1533//1533 1552//1552 1554//1554
f 1552//1552 1553//1553 1554//1554
f 1554//1554 1555//1555 1556//1556
f 1547//1547 1554//1554 1556//1556
f 1547//1547 1556//1556 1557//1557
f 1552//1552 2822//2822 1553//1553
f 1553//1553 2823//2823 1554//1554
f 1554//1554 2824//2824 1555//1555
f 1556//1556 2841//2841 1557//1557
f 1555//1555 2825//2825 1556//1556
f 1545//1545 1560//1560 1558//1558
f 1549//1549 1559//1559 1560//1560
f 1545//1545 1549//1549 1560//1560
f 1558//1558 1560//1560 2916//2916
f 1559//1559 2918//2918 1560//1560
f 1549//1549 2917//2917 1559//1559
f 1545//1545 1558//1558 2293//2293
f 1548//1548 2795//2795 2798//2798
f 1547//1547 2794//2794 2795//2795
f 1550//1550 2797//2797 2796//2796
f 1551//1551 2798//2798 2797//2797
f 1552//1552 2821//2821 2822//2822
f 1553//1553 2822//2822 2823//2823
f 1554//1554 2823//2823 2824//2824
f 1555//1555 2824//2824 2825//2825
f 1556//1556 2825//2825 2841//2841
f 1557//1557 2841//2841 2794//2794
f 1558//1558 2916//2916 2293//2293
f 1560//1560 2918//2918 2916//2916
f 1559//1559 2917//2917 2918//2918
f 1549//1549 2796//2796 2917//2917
f 1684//1684 2219//2219 1685//1685
f 1684//1684 2218//2218 2219//2219
f 61//61 205//205 214//214
f 52//52 62//62 214//214
f 52//52 53//53 64//64
f 52//52 64//64 62//62
f 53//53 70//70 64//64
f 53//53 68//68 70//70
f 56//56 464//464 461//461
f 55//55 205//205 61//61
f 54//54 55//55 59//59
f 54//54 65//65 56//56
f 57//57 464//464 65//65
f 57//57 65//65 66//66
f 58//58 66//66 67//67
f 67//67 88//88 90//90
f 57//57 66//66 58//58
f 58//58 67//67 90//90
f 59//59 61//61 60//60
f 59//59 60//60 66//66
f 55//55 61//61 59//59
f 61//61 214//214 62//62
f 60//60 61//61 62//62
f 60//60 62//62 63//63
f 64//64 70//70 95//95
f 63//63 64//64 95//95
f 60//60 63//63 67//67
f 63//63 88//88 67//67
f 63//63 95//95 88//88
f 62//62 64//64 63//63
f 59//59 66//66 65//65
f 54//54 59//59 65//65
f 56//56 65//65 464//464
f 60//60 67//67 66//66
f 74//74 222//222 75//75
f 75//75 223//223 78//78
f 71//71 72//72 96//96
f 68//68 69//69 71//71
f 69//69 74//74 72//72
f 69//69 219//219 74//74
f 68//68 71//71 70//70
f 69//69 72//72 71//71
f 73//73 106//106 97//97
f 72//72 73//73 97//97
f 72//72 74//74 73//73
f 73//73 74//74 75//75
f 73//73 75//75 83//83
f 79//79 226//226 227//227
f 78//78 226//226 79//79
f 80//80 227//227 228//228
f 80//80 228//228 81//81
f 81//81 228//228 229//229
f 79//79 80//80 84//84
f 79//79 227//227 80//80
f 80//80 81//81 85//85
f 78//78 82//82 83//83
f 83//83 107//107 106//106
f 73//73 83//83 106//106
f 82//82 107//107 83//83
f 75//75 78//78 83//83
f 78//78 79//79 82//82
f 79//79 84//84 82//82
f 77//77 84//84 85//85
f 80//80 85//85 84//84
f 76//76 82//82 84//84
f 76//76 107//107 82//82
f 76//76 84//84 77//77
f 86//86 89//89 94//94
f 86//86 96//96 87//87
f 87//87 97//97 98//98
f 91//91 92//92 506//506
f 88//88 89//89 91//91
f 89//89 92//92 91//91
f 86//86 92//92 89//89
f 88//88 91//91 90//90
f 92//92 93//93 507//507
f 86//86 93//93 92//92
f 86//86 87//87 93//93
f 87//87 102//102 93//93
f 70//70 71//71 94//94
f 70//70 94//94 95//95
f 71//71 96//96 94//94
f 89//89 95//95 94//94
f 88//88 95//95 89//89
f 86//86 94//94 96//96
f 72//72 97//97 96//96
f 87//87 96//96 97//97
f 97//97 106//106 98//98
f 99//99 106//106 107//107
f 98//98 106//106 99//99
f 98//98 99//99 103//103
f 76//76 100//100 107//107
f 99//99 107//107 100//100
f 76//76 101//101 100//100
f 76//76 77//77 101//101
f 99//99 100//100 104//104
f 100//100 101//101 105//105
f 93//93 102//102 512//512
f 102//102 513//513 512//512
f 102//102 103//103 513//513
f 87//87 98//98 102//102
f 98//98 103//103 102//102
f 99//99 104//104 103//103
f 100//100 105//105 104//104
f 103//103 514//514 513//513
f 103//103 104//104 514//514
f 104//104 105//105 515//515
f 104//104 515//515 514//514
f 108//108 110//110 207//207
f 109//109 110//110 111//111
f 108//108 111//111 110//110
f 109//109 111//111 112//112
f 109//109 113//113 217//217
f 113//113 139//139 217//217
f 113//113 140//140 139//139
f 114//114 142//142 140//140
f 114//114 125//125 142//142
f 109//109 112//112 113//113
f 112//112 114//114 113//113
f 113//113 114//114 140//140
f 115//115 116//116 121//121
f 108//108 115//115 111//111
f 116//116 117//117 123//123
f 117//117 118//118 133//133
f 118//118 119//119 134//134
f 120//120 126//126 130//130
f 120//120 173//173 179//179
f 120//120 130//130 173//173
f 130//130 180//180 173//173
f 121//121 123//123 122//122
f 112//112 121//121 122//122
f 111//111 115//115 121//121
f 111//111 121//121 112//112
f 116//116 123//123 121//121
f 123//123 133//133 124//124
f 122//122 123//123 124//124
f 112//112 122//122 114//114
f 114//114 122//122 125//125
f 122//122 124//124 125//125
f 125//125 179//179 142//142
f 120//120 179//179 125//125
f 120//120 125//125 124//124
f 120//120 124//124 126//126
f 126//126 134//134 128//128
f 127//127 128//128 134//134
f 127//127 129//129 128//128
f 126//126 128//128 130//130
f 128//128 131//131 130//130
f 131//131 184//184 180//180
f 130//130 131//131 180//180
f 128//128 129//129 131//131
f 129//129 132//132 131//131
f 131//131 132//132 184//184
f 132//132 185//185 184//184
f 117//117 133//133 123//123
f 118//118 134//134 133//133
f 126//126 133//133 134//134
f 124//124 133//133 126//126
f 119//119 127//127 134//134
f 135//135 224//224 141//141
f 135//135 225//225 224//224
f 136//136 150//150 225//225
f 135//135 136//136 225//225
f 137//137 146//146 175//175
f 137//137 176//176 156//156
f 139//139 140//140 141//141
f 138//138 141//141 140//140
f 135//135 141//141 138//138
f 135//135 138//138 144//144
f 138//138 140//140 142//142
f 138//138 142//142 143//143
f 142//142 179//179 143//143
f 143//143 146//146 144//144
f 138//138 143//143 144//144
f 143//143 172//172 146//146
f 136//136 144//144 145//145
f 136//136 145//145 148//148
f 137//137 162//162 145//145
f 135//135 144//144 136//136
f 144//144 146//146 145//145
f 137//137 145//145 146//146
f 147//147 227//227 150//150
f 147//147 150//150 148//148
f 136//136 148//148 150//150
f 147//147 148//148 149//149
f 147//147 151//151 228//228
f 151//151 229//229 228//228
f 151//151 152//152 229//229
f 149//149 153//153 151//151
f 151//151 153//153 152//152
f 152//152 153//153 154//154
f 153//153 158//158 154//154
f 147//147 149//149 151//151
f 155//155 162//162 156//156
f 137//137 156//156 162//162
f 156//156 193//193 157//157
f 155//155 156//156 157//157
f 155//155 157//157 158//158
f 154//154 158//158 159//159
f 158//158 161//161 159//159
f 160//160 161//161 196//196
f 160//160 196//196 197//197
f 157//157 161//161 158//158
f 157//157 192//192 161//161
f 159//159 161//161 160//160
f 145//145 162//162 148//148
f 148//148 162//162 149//149
f 149//149 162//162 155//155
f 149//149 155//155 153//153
f 153//153 155//155 158//158
f 166//166 198//198 200//200
f 163//163 198//198 166//166
f 163//163 166//166 167//167
f 164//164 202//202 165//165
f 164//164 166//166 200//200
f 164//164 168//168 166//166
f 166//166 168//168 167//167
f 167//167 168//168 170//170
f 164//164 165//165 168//168
f 165//165 169//169 168//168
f 168//168 169//169 170//170
f 169//169 171//171 170//170
f 172//172 179//179 173//173
f 146//146 172//172 175//175
f 172//172 174//174 175//175
f 172//172 173//173 174//174
f 173//173 180//180 174//174
f 174//174 180//180 181//181
f 174//174 178//178 175//175
f 174//174 181//181 178//178
f 178//178 181//181 186//186
f 175//175 178//178 176//176
f 137//137 175//175 176//176
f 176//176 177//177 193//193
f 177//177 178//178 186//186
f 177//177 186//186 187//187
f 177//177 187//187 194//194
f 176//176 178//178 177//177
f 143//143 179//179 172//172
f 181//181 182//182 186//186
f 182//182 188//188 186//186
f 180//180 184//184 181//181
f 181//181 184//184 182//182
f 182//182 185//185 183//183
f 182//182 183//183 188//188
f 183//183 189//189 188//188
f 182//182 184//184 185//185
f 186//186 188//188 187//187
f 187//187 190//190 199//199
f 187//187 188//188 190//190
f 188//188 189//189 190//190
f 190//190 191//191 201//201
f 189//189 191//191 190//190
f 177//177 194//194 193//193
f 192//192 193//193 194//194
f 192//192 194//194 195//195
f 156//156 176//176 193//193
f 157//157 193//193 192//192
f 187//187 199//199 194//194
f 194//194 199//199 195//195
f 195//195 199//199 200//200
f 161//161 192//192 196//196
f 195//195 198//198 196//196
f 192//192 195//195 196//196
f 196//196 198//198 197//197
f 163//163 197//197 198//198
f 195//195 200//200 198//198
f 199//199 201//201 200//200
f 190//190 201//201 199//199
f 164//164 200//200 201//201
f 164//164 201//201 202//202
f 191//191 202//202 201//201
f 203//203 206//206 208//208
f 204//204 214//214 205//205
f 203//203 212//212 204//204
f 206//206 207//207 215//215
f 208//208 213//213 212//212
f 209//209 215//215 216//216
f 203//203 208//208 212//212
f 208//208 215//215 209//209
f 208//208 209//209 213//213
f 209//209 210//210 213//213
f 210//210 211//211 218//218
f 209//209 216//216 211//211
f 211//211 216//216 217//217
f 139//139 220//220 217//217
f 211//211 217//217 220//220
f 209//209 211//211 210//210
f 211//211 220//220 218//218
f 52//52 214//214 212//212
f 204//204 212//212 214//214
f 52//52 212//212 213//213
f 53//53 213//213 210//210
f 52//52 213//213 53//53
f 68//68 210//210 218//218
f 53//53 210//210 68//68
f 110//110 216//216 215//215
f 110//110 215//215 207//207
f 109//109 216//216 110//110
f 206//206 215//215 208//208
f 109//109 217//217 216//216
f 219//219 220//220 221//221
f 221//221 224//224 222//222
f 69//69 218//218 219//219
f 218//218 220//220 219//219
f 74//74 219//219 222//222
f 219//219 221//221 222//222
f 139//139 221//221 220//220
f 139//139 141//141 221//221
f 141//141 224//224 221//221
f 222//222 224//224 223//223
f 223//223 224//224 225//225
f 223//223 225//225 226//226
f 75//75 222//222 223//223
f 68//68 218//218 69//69
f 150//150 227//227 226//226
f 150//150 226//226 225//225
f 78//78 223//223 226//226
f 147//147 228//228 227//227
f 231//231 232//232 270//270
f 233//233 234//234 349//349
f 232//232 234//234 277//277
f 234//234 278//278 277//277
f 233//233 278//278 234//234
f 235//235 236//236 238//238
f 233//233 344//344 236//236
f 236//236 240//240 238//238
f 236//236 347//347 240//240
f 233//233 236//236 235//235
f 233//233 235//235 278//278
f 243//243 324//324 315//315
f 244//244 411//411 414//414
f 241//241 411//411 244//244
f 237//237 244//244 414//414
f 237//237 414//414 415//415
f 237//237 415//415 248//248
f 238//238 239//239 311//311
f 238//238 240//240 239//239
f 239//239 242//242 314//314
f 239//239 241//241 242//242
f 239//239 240//240 241//241
f 240//240 410//410 241//241
f 241//241 244//244 242//242
f 242//242 244//244 243//243
f 237//237 252//252 243//243
f 242//242 243//243 315//315
f 237//237 243//243 244//244
f 245//245 324//324 252//252
f 245//245 253//253 246//246
f 246//246 253//253 254//254
f 247//247 255//255 326//326
f 246//246 254//254 247//247
f 247//247 254//254 255//255
f 248//248 249//249 253//253
f 248//248 415//415 417//417
f 249//249 417//417 418//418
f 248//248 417//417 249//249
f 249//249 250//250 254//254
f 250//250 251//251 255//255
f 250//250 418//418 419//419
f 251//251 419//419 420//420
f 249//249 418//418 250//250
f 250//250 419//419 251//251
f 251//251 420//420 255//255
f 237//237 248//248 252//252
f 248//248 253//253 252//252
f 243//243 252//252 324//324
f 245//245 252//252 253//253
f 249//249 254//254 253//253
f 250//250 255//255 254//254
f 257//257 285//285 258//258
f 258//258 286//286 260//260
f 259//259 294//294 298//298
f 260//260 289//289 261//261
f 261//261 289//289 290//290
f 260//260 261//261 584//584
f 259//259 262//262 290//290
f 261//261 290//290 262//262
f 259//259 298//298 262//262
f 261//261 262//262 586//586
f 262//262 298//298 604//604
f 263//263 271//271 264//264
f 263//263 264//264 282//282
f 264//264 267//267 265//265
f 265//265 268//268 273//273
f 264//264 265//265 283//283
f 265//265 287//287 283//283
f 81//81 266//266 271//271
f 81//81 271//271 85//85
f 266//266 269//269 267//267
f 266//266 267//267 271//271
f 81//81 229//229 266//266
f 229//229 230//230 266//266
f 230//230 269//269 266//266
f 230//230 231//231 269//269
f 267//267 269//269 268//268
f 268//268 270//270 279//279
f 268//268 269//269 270//270
f 231//231 270//270 269//269
f 232//232 277//277 270//270
f 85//85 271//271 263//263
f 264//264 271//271 267//267
f 77//77 85//85 263//263
f 265//265 267//267 268//268
f 274//274 279//279 280//280
f 272//272 276//276 280//280
f 272//272 310//310 318//318
f 273//273 288//288 287//287
f 268//268 279//279 273//273
f 273//273 279//279 274//274
f 265//265 273//273 287//287
f 273//273 274//274 288//288
f 276//276 318//318 316//316
f 274//274 275//275 288//288
f 275//275 276//276 316//316
f 274//274 280//280 276//276
f 272//272 318//318 276//276
f 274//274 276//276 275//275
f 270//270 277//277 279//279
f 277//277 278//278 280//280
f 277//277 280//280 279//279
f 272//272 280//280 278//278
f 235//235 272//272 278//278
f 235//235 238//238 310//310
f 235//235 310//310 272//272
f 101//101 281//281 284//284
f 101//101 284//284 105//105
f 281//281 282//282 285//285
f 281//281 285//285 284//284
f 77//77 281//281 101//101
f 77//77 263//263 281//281
f 263//263 282//282 281//281
f 282//282 286//286 285//285
f 283//283 289//289 286//286
f 282//282 283//283 286//286
f 264//264 283//283 282//282
f 105//105 284//284 256//256
f 257//257 284//284 285//285
f 105//105 256//256 515//515
f 256//256 284//284 257//257
f 258//258 285//285 286//286
f 283//283 287//287 289//289
f 287//287 288//288 290//290
f 287//287 290//290 289//289
f 259//259 288//288 275//275
f 275//275 316//316 294//294
f 259//259 275//275 294//294
f 259//259 290//290 288//288
f 260//260 286//286 289//289
f 296//296 320//320 321//321
f 302//302 321//321 327//327
f 291//291 303//303 327//327
f 293//293 326//326 305//305
f 291//291 292//292 304//304
f 291//291 304//304 303//303
f 292//292 293//293 305//305
f 292//292 305//305 304//304
f 295//295 317//317 297//297
f 294//294 295//295 299//299
f 295//295 297//297 301//301
f 296//296 297//297 320//320
f 296//296 321//321 302//302
f 296//296 300//300 297//297
f 296//296 306//306 300//300
f 299//299 301//301 606//606
f 299//299 606//606 605//605
f 294//294 299//299 298//298
f 295//295 301//301 299//299
f 298//298 299//299 605//605
f 301//301 607//607 606//606
f 300//300 607//607 301//301
f 300//300 619//619 607//607
f 297//297 300//300 301//301
f 302//302 307//307 306//306
f 302//302 327//327 303//303
f 296//296 302//302 306//306
f 302//302 303//303 307//307
f 303//303 308//308 307//307
f 304//304 309//309 308//308
f 255//255 618//618 305//305
f 303//303 304//304 308//308
f 304//304 305//305 309//309
f 306//306 307//307 620//620
f 306//306 620//620 619//619
f 300//300 306//306 619//619
f 307//307 308//308 621//621
f 305//305 622//622 309//309
f 308//308 309//309 622//622
f 307//307 621//621 620//620
f 308//308 622//622 621//621
f 310//310 319//319 318//318
f 310//310 311//311 319//319
f 311//311 312//312 319//319
f 311//311 314//314 312//312
f 242//242 315//315 314//314
f 313//313 314//314 315//315
f 312//312 314//314 313//313
f 313//313 315//315 322//322
f 317//317 318//318 319//319
f 312//312 320//320 319//319
f 316//316 318//318 317//317
f 317//317 319//319 320//320
f 312//312 321//321 320//320
f 313//313 327//327 321//321
f 312//312 313//313 321//321
f 238//238 311//311 310//310
f 239//239 314//314 311//311
f 291//291 322//322 323//323
f 315//315 324//324 322//322
f 245//245 323//323 324//324
f 322//322 324//324 323//323
f 245//245 325//325 323//323
f 246//246 326//326 325//325
f 292//292 323//323 325//325
f 293//293 325//325 326//326
f 255//255 305//305 326//326
f 245//245 246//246 325//325
f 246//246 247//247 326//326
f 291//291 327//327 322//322
f 313//313 322//322 327//327
f 291//291 323//323 292//292
f 292//292 325//325 293//293
f 295//295 316//316 317//317
f 294//294 316//316 295//295
f 297//297 317//317 320//320
f 342//342 352//352 354//354
f 342//342 354//354 343//343
f 343//343 354//354 355//355
f 328//328 343//343 355//355
f 328//328 329//329 351//351
f 328//328 355//355 368//368
f 328//328 368//368 329//329
f 329//329 368//368 367//367
f 329//329 330//330 351//351
f 329//329 331//331 330//330
f 330//330 331//331 386//386
f 331//331 388//388 386//386
f 331//331 367//367 371//371
f 331//331 371//371 388//388
f 371//371 428//428 388//388
f 329//329 367//367 331//331
f 154//154 159//159 332//332
f 332//332 338//338 333//333
f 333//333 340//340 334//334
f 333//333 334//334 337//337
f 334//334 341//341 345//345
f 152//152 230//230 229//229
f 152//152 335//335 230//230
f 230//230 335//335 231//231
f 231//231 335//335 336//336
f 154//154 332//332 335//335
f 152//152 154//154 335//335
f 332//332 336//336 335//335
f 332//332 333//333 336//336
f 333//333 337//337 336//336
f 232//232 336//336 337//337
f 334//334 349//349 337//337
f 231//231 336//336 232//232
f 232//232 337//337 234//234
f 338//338 339//339 340//340
f 159//159 338//338 332//332
f 159//159 160//160 338//338
f 333//333 338//338 340//340
f 160//160 339//339 338//338
f 197//197 352//352 339//339
f 160//160 197//197 339//339
f 339//339 342//342 340//340
f 339//339 352//352 342//342
f 340//340 342//342 341//341
f 341//341 342//342 343//343
f 341//341 343//343 350//350
f 334//334 340//340 341//341
f 344//344 349//349 345//345
f 345//345 350//350 346//346
f 346//346 350//350 351//351
f 334//334 345//345 349//349
f 344//344 345//345 346//346
f 348//348 412//412 410//410
f 344//344 346//346 347//347
f 240//240 347//347 410//410
f 347//347 348//348 410//410
f 330//330 348//348 351//351
f 346//346 351//351 348//348
f 330//330 412//412 348//348
f 330//330 386//386 412//412
f 346//346 348//348 347//347
f 234//234 337//337 349//349
f 233//233 349//349 344//344
f 236//236 344//344 347//347
f 341//341 350//350 345//345
f 328//328 350//350 343//343
f 328//328 351//351 350//350
f 163//163 353//353 352//352
f 352//352 353//353 354//354
f 353//353 356//356 354//354
f 163//163 167//167 353//353
f 167//167 358//358 353//353
f 353//353 358//358 356//356
f 356//356 358//358 361//361
f 354//354 356//356 355//355
f 355//355 357//357 368//368
f 355//355 356//356 357//357
f 357//357 362//362 369//369
f 357//357 361//361 362//362
f 356//356 361//361 357//357
f 360//360 363//363 361//361
f 167//167 170//170 358//358
f 170//170 360//360 358//358
f 358//358 360//360 361//361
f 359//359 363//363 360//360
f 359//359 364//364 363//363
f 170//170 171//171 360//360
f 171//171 359//359 360//360
f 361//361 363//363 362//362
f 362//362 365//365 378//378
f 362//362 363//363 365//365
f 363//363 364//364 365//365
f 365//365 366//366 380//380
f 364//364 366//366 365//365
f 375//375 429//429 422//422
f 367//367 368//368 369//369
f 357//357 369//369 368//368
f 367//367 369//369 370//370
f 369//369 378//378 370//370
f 362//362 378//378 369//369
f 370//370 378//378 379//379
f 367//367 370//370 371//371
f 370//370 372//372 371//371
f 371//371 372//372 428//428
f 372//372 422//422 428//428
f 370//370 379//379 372//372
f 372//372 379//379 375//375
f 372//372 375//375 422//422
f 373//373 376//376 375//375
f 375//375 376//376 429//429
f 376//376 430//430 429//429
f 373//373 374//374 376//376
f 374//374 377//377 376//376
f 376//376 377//377 430//430
f 377//377 432//432 430//430
f 378//378 380//380 379//379
f 365//365 380//380 378//378
f 373//373 379//379 380//380
f 373//373 380//380 381//381
f 366//366 381//381 380//380
f 373//373 381//381 374//374
f 373//373 375//375 379//379
f 163//163 352//352 197//197
f 386//386 387//387 413//413
f 387//387 416//416 413//413
f 387//387 393//393 416//416
f 383//383 416//416 393//393
f 382//382 394//394 383//383
f 382//382 383//383 393//393
f 385//385 402//402 392//392
f 384//384 385//385 392//392
f 389//389 391//391 393//393
f 386//386 388//388 387//387
f 387//387 388//388 389//389
f 387//387 389//389 393//393
f 388//388 428//428 389//389
f 389//389 428//428 390//390
f 389//389 390//390 391//391
f 384//384 391//391 390//390
f 382//382 393//393 391//391
f 382//382 392//392 396//396
f 382//382 391//391 392//392
f 384//384 392//392 391//391
f 383//383 394//394 417//417
f 394//394 395//395 418//418
f 395//395 396//396 397//397
f 394//394 396//396 395//395
f 382//382 396//396 394//394
f 395//395 419//419 418//418
f 395//395 398//398 419//419
f 398//398 420//420 419//419
f 399//399 401//401 420//420
f 398//398 399//399 420//420
f 397//397 400//400 398//398
f 399//399 400//400 401//401
f 395//395 397//397 398//398
f 398//398 400//400 399//399
f 402//402 404//404 403//403
f 385//385 404//404 402//402
f 403//403 404//404 405//405
f 400//400 403//403 406//406
f 401//401 406//406 407//407
f 401//401 407//407 409//409
f 403//403 405//405 406//406
f 405//405 408//408 406//406
f 406//406 408//408 407//407
f 407//407 408//408 409//409
f 401//401 409//409 445//445
f 396//396 402//402 397//397
f 392//392 402//402 396//396
f 397//397 402//402 403//403
f 397//397 403//403 400//400
f 400//400 406//406 401//401
f 255//255 401//401 445//445
f 411//411 412//412 413//413
f 413//413 416//416 414//414
f 411//411 413//413 414//414
f 241//241 410//410 411//411
f 410//410 412//412 411//411
f 386//386 413//413 412//412
f 414//414 416//416 415//415
f 383//383 417//417 415//415
f 383//383 415//415 416//416
f 394//394 418//418 417//417
f 255//255 420//420 401//401
f 390//390 422//422 421//421
f 384//384 390//390 421//421
f 384//384 421//421 424//424
f 421//421 422//422 429//429
f 421//421 429//429 423//423
f 421//421 423//423 424//424
f 423//423 427//427 424//424
f 384//384 424//424 385//385
f 385//385 425//425 404//404
f 385//385 424//424 425//425
f 425//425 426//426 438//438
f 424//424 427//427 425//425
f 425//425 427//427 426//426
f 390//390 428//428 422//422
f 423//423 429//429 430//430
f 423//423 430//430 431//431
f 423//423 431//431 427//427
f 427//427 431//431 434//434
f 433//433 436//436 434//434
f 430//430 432//432 431//431
f 431//431 432//432 433//433
f 431//431 433//433 434//434
f 426//426 427//427 434//434
f 426//426 435//435 440//440
f 426//426 434//434 435//435
f 434//434 436//436 435//435
f 435//435 437//437 446//446
f 435//435 436//436 437//437
f 405//405 438//438 439//439
f 404//404 438//438 405//405
f 404//404 425//425 438//438
f 438//438 440//440 439//439
f 426//426 440//440 438//438
f 439//439 440//440 441//441
f 405//405 439//439 408//408
f 408//408 439//439 442//442
f 408//408 442//442 409//409
f 409//409 442//442 443//443
f 409//409 443//443 445//445
f 439//439 441//441 442//442
f 441//441 444//444 442//442
f 442//442 444//444 443//443
f 443//443 444//444 445//445
f 440//440 446//446 441//441
f 435//435 446//446 440//440
f 441//441 446//446 447//447
f 446//446 448//448 447//447
f 437//437 448//448 446//446
f 447//447 448//448 449//449
f 441//441 447//447 444//444
f 444//444 447//447 450//450
f 444//444 450//450 445//445
f 445//445 450//450 451//451
f 445//445 451//451 453//453
f 447//447 449//449 450//450
f 449//449 452//452 450//450
f 450//450 452//452 451//451
f 451//451 452//452 453//453
f 255//255 445//445 703//703
f 445//445 453//453 703//703
f 454//454 472//472 458//458
f 475//475 486//486 488//488
f 455//455 474//474 456//456
f 456//456 475//475 488//488
f 457//457 458//458 472//472
f 455//455 459//459 457//457
f 457//457 459//459 458//458
f 455//455 456//456 460//460
f 455//455 460//460 459//459
f 456//456 492//492 460//460
f 456//456 488//488 492//492
f 460//460 492//492 533//533
f 461//461 465//465 462//462
f 462//462 468//468 463//463
f 465//465 466//466 469//469
f 461//461 464//464 465//465
f 57//57 466//466 464//464
f 464//464 466//466 465//465
f 466//466 467//467 470//470
f 467//467 505//505 508//508
f 57//57 58//58 467//467
f 57//57 467//467 466//466
f 58//58 90//90 505//505
f 58//58 505//505 467//467
f 465//465 469//469 468//468
f 468//468 474//474 473//473
f 463//463 468//468 473//473
f 468//468 469//469 474//474
f 462//462 465//465 468//468
f 466//466 470//470 469//469
f 467//467 508//508 470//470
f 469//469 470//470 475//475
f 469//469 475//475 474//474
f 470//470 508//508 486//486
f 470//470 486//486 475//475
f 463//463 473//473 471//471
f 457//457 472//472 471//471
f 455//455 473//473 474//474
f 457//457 471//471 473//473
f 455//455 457//457 473//473
f 456//456 474//474 475//475
f 476//476 487//487 509//509
f 477//477 510//510 511//511
f 476//476 510//510 477//477
f 477//477 511//511 482//482
f 480//480 514//514 515//515
f 478//478 513//513 479//479
f 479//479 514//514 480//480
f 481//481 482//482 511//511
f 478//478 483//483 481//481
f 481//481 483//483 482//482
f 478//478 484//484 483//483
f 478//478 479//479 484//484
f 479//479 480//480 485//485
f 479//479 485//485 484//484
f 484//484 485//485 499//499
f 486//486 487//487 489//489
f 476//476 490//490 487//487
f 486//486 489//489 488//488
f 487//487 490//490 489//489
f 476//476 491//491 490//490
f 477//477 497//497 491//491
f 476//476 477//477 491//491
f 493//493 495//495 534//534
f 488//488 489//489 493//493
f 488//488 493//493 492//492
f 489//489 490//490 495//495
f 489//489 495//495 493//493
f 492//492 493//493 532//532
f 491//491 501//501 494//494
f 494//494 535//535 495//495
f 490//490 494//494 495//495
f 490//490 491//491 494//494
f 496//496 500//500 497//497
f 477//477 482//482 497//497
f 482//482 496//496 497//497
f 482//482 483//483 496//496
f 491//491 497//497 501//501
f 484//484 499//499 498//498
f 496//496 498//498 502//502
f 498//498 499//499 503//503
f 483//483 484//484 498//498
f 483//483 498//498 496//496
f 497//497 500//500 501//501
f 494//494 501//501 541//541
f 500//500 542//542 501//501
f 496//496 502//502 500//500
f 498//498 503//503 502//502
f 500//500 502//502 543//543
f 502//502 503//503 544//544
f 90//90 504//504 505//505
f 91//91 506//506 504//504
f 504//504 509//509 505//505
f 504//504 506//506 510//510
f 504//504 510//510 509//509
f 90//90 91//91 504//504
f 92//92 507//507 506//506
f 93//93 512//512 507//507
f 506//506 511//511 510//510
f 506//506 507//507 511//511
f 481//481 511//511 507//507
f 505//505 509//509 508//508
f 476//476 509//509 510//510
f 487//487 508//508 509//509
f 486//486 508//508 487//487
f 478//478 512//512 513//513
f 481//481 507//507 512//512
f 478//478 481//481 512//512
f 479//479 513//513 514//514
f 454//454 518//518 516//516
f 516//516 521//521 517//517
f 458//458 519//519 518//518
f 454//454 458//458 518//518
f 458//458 459//459 519//519
f 516//516 518//518 521//521
f 518//518 519//519 522//522
f 459//459 460//460 520//520
f 459//459 520//520 519//519
f 460//460 533//533 520//520
f 519//519 520//520 523//523
f 520//520 533//533 536//536
f 518//518 522//522 521//521
f 517//517 521//521 527//527
f 521//521 522//522 526//526
f 520//520 536//536 523//523
f 522//522 523//523 528//528
f 522//522 528//528 526//526
f 523//523 536//536 548//548
f 523//523 548//548 528//528
f 519//519 523//523 522//522
f 517//517 527//527 524//524
f 524//524 530//530 525//525
f 525//525 1564//1564 1561//1561
f 527//527 529//529 530//530
f 526//526 529//529 527//527
f 521//521 526//526 527//527
f 524//524 527//527 530//530
f 526//526 528//528 531//531
f 526//526 531//531 529//529
f 528//528 548//548 552//552
f 528//528 552//552 531//531
f 529//529 1565//1565 530//530
f 530//530 1565//1565 1564//1564
f 525//525 530//530 1564//1564
f 529//529 531//531 1568//1568
f 531//531 552//552 1581//1581
f 529//529 1568//1568 1565//1565
f 531//531 1581//1581 1568//1568
f 493//493 534//534 532//532
f 532//532 537//537 533//533
f 532//532 534//534 538//538
f 492//492 532//532 533//533
f 495//495 535//535 534//534
f 494//494 541//541 535//535
f 535//535 545//545 539//539
f 534//534 535//535 539//539
f 533//533 537//537 536//536
f 532//532 538//538 537//537
f 536//536 537//537 549//549
f 536//536 549//549 548//548
f 537//537 538//538 550//550
f 537//537 550//550 549//549
f 534//534 539//539 538//538
f 538//538 551//551 550//550
f 538//538 539//539 551//551
f 539//539 561//561 551//551
f 540//540 557//557 547//547
f 547//547 557//557 556//556
f 501//501 542//542 541//541
f 535//535 541//541 545//545
f 541//541 546//546 545//545
f 541//541 542//542 546//546
f 500//500 543//543 542//542
f 502//502 544//544 543//543
f 542//542 543//543 547//547
f 542//542 547//547 546//546
f 540//540 543//543 544//544
f 540//540 547//547 543//543
f 539//539 545//545 561//561
f 545//545 562//562 561//561
f 545//545 546//546 562//562
f 546//546 547//547 556//556
f 546//546 556//556 562//562
f 548//548 549//549 553//553
f 548//548 553//553 552//552
f 549//549 550//550 554//554
f 549//549 554//554 553//553
f 550//550 555//555 554//554
f 550//550 551//551 555//555
f 551//551 563//563 555//555
f 552//552 553//553 1582//1582
f 553//553 554//554 1585//1585
f 552//552 1582//1582 1581//1581
f 553//553 1585//1585 1582//1582
f 554//554 555//555 1586//1586
f 554//554 1586//1586 1585//1585
f 555//555 1601//1601 1586//1586
f 556//556 559//559 562//562
f 556//556 557//557 560//560
f 558//558 562//562 559//559
f 556//556 560//560 559//559
f 558//558 1593//1593 563//563
f 558//558 559//559 1595//1595
f 559//559 560//560 1596//1596
f 558//558 1595//1595 1593//1593
f 559//559 1596//1596 1595//1595
f 551//551 561//561 563//563
f 558//558 561//561 562//562
f 558//558 563//563 561//561
f 555//555 563//563 1601//1601
f 563//563 1593//1593 1601//1601
f 564//564 567//567 1082//1082
f 567//567 568//568 1083//1083
f 564//564 1082//1082 1081//1081
f 567//567 1083//1083 1082//1082
f 568//568 569//569 1084//1084
f 569//569 570//570 1089//1089
f 568//568 1084//1084 1083//1083
f 569//569 1089//1089 1084//1084
f 564//564 565//565 566//566
f 566//566 1683//1683 567//567
f 564//564 566//566 567//567
f 567//567 1686//1686 568//568
f 568//568 1687//1687 569//569
f 569//569 1688//1688 570//570
f 570//570 571//571 1090//1090
f 571//571 572//572 1091//1091
f 570//570 1090//1090 1089//1089
f 571//571 1091//1091 1090//1090
f 572//572 573//573 1092//1092
f 572//572 1092//1092 1091//1091
f 573//573 1093//1093 1092//1092
f 573//573 574//574 1093//1093
f 574//574 575//575 1094//1094
f 574//574 1094//1094 1093//1093
f 575//575 576//576 1095//1095
f 576//576 577//577 1096//1096
f 575//575 1095//1095 1094//1094
f 576//576 1096//1096 1095//1095
f 570//570 1689//1689 571//571
f 571//571 1690//1690 572//572
f 572//572 1691//1691 573//573
f 573//573 1692//1692 574//574
f 574//574 1693//1693 575//575
f 575//575 1694//1694 576//576
f 576//576 1695//1695 577//577
f 256//256 578//578 515//515
f 256//256 257//257 579//579
f 256//256 579//579 578//578
f 480//480 515//515 578//578
f 578//578 579//579 583//583
f 257//257 580//580 579//579
f 258//258 585//585 580//580
f 257//257 258//258 580//580
f 579//579 580//580 582//582
f 485//485 581//581 590//590
f 581//581 583//583 591//591
f 480//480 578//578 581//581
f 480//480 581//581 485//485
f 578//578 583//583 581//581
f 579//579 582//582 583//583
f 580//580 587//587 582//582
f 582//582 592//592 583//583
f 580//580 585//585 587//587
f 584//584 588//588 585//585
f 258//258 260//260 585//585
f 260//260 584//584 585//585
f 262//262 604//604 586//586
f 584//584 586//586 589//589
f 586//586 608//608 589//589
f 586//586 604//604 608//608
f 261//261 586//586 584//584
f 585//585 588//588 587//587
f 587//587 601//601 600//600
f 582//582 587//587 600//600
f 587//587 588//588 601//601
f 584//584 589//589 588//588
f 588//588 589//589 596//596
f 588//588 596//596 601//601
f 589//589 608//608 623//623
f 589//589 623//623 596//596
f 594//594 643//643 642//642
f 594//594 595//595 643//643
f 595//595 647//647 643//643
f 485//485 590//590 499//499
f 581//581 591//591 590//590
f 499//499 590//590 593//593
f 590//590 591//591 594//594
f 583//583 592//592 591//591
f 582//582 600//600 592//592
f 591//591 595//595 594//594
f 591//591 592//592 595//595
f 592//592 597//597 595//595
f 499//499 593//593 503//503
f 590//590 594//594 593//593
f 503//503 593//593 641//641
f 503//503 641//641 544//544
f 593//593 594//594 642//642
f 593//593 642//642 641//641
f 597//597 600//600 598//598
f 596//596 623//623 628//628
f 596//596 599//599 601//601
f 598//598 601//601 599//599
f 596//596 628//628 599//599
f 597//597 598//598 648//648
f 595//595 597//597 647//647
f 597//597 648//648 647//647
f 598//598 599//599 649//649
f 599//599 628//628 666//666
f 598//598 649//649 648//648
f 599//599 666//666 649//649
f 592//592 600//600 597//597
f 598//598 600//600 601//601
f 609//609 610//610 625//625
f 608//608 624//624 623//623
f 609//609 625//625 624//624
f 602//602 603//603 610//610
f 603//603 625//625 610//610
f 602//602 615//615 603//603
f 298//298 605//605 604//604
f 604//604 605//605 609//609
f 604//604 609//609 608//608
f 605//605 606//606 610//610
f 605//605 610//610 609//609
f 602//602 606//606 607//607
f 602//602 610//610 606//606
f 602//602 607//607 611//611
f 608//608 609//609 624//624
f 611//611 619//619 612//612
f 613//613 620//620 621//621
f 614//614 621//621 622//622
f 612//612 620//620 613//613
f 613//613 621//621 614//614
f 614//614 622//622 618//618
f 602//602 611//611 615//615
f 611//611 612//612 616//616
f 611//611 616//616 615//615
f 612//612 613//613 617//617
f 613//613 614//614 618//618
f 612//612 617//617 616//616
f 613//613 618//618 617//617
f 607//607 619//619 611//611
f 612//612 619//619 620//620
f 305//305 618//618 622//622
f 623//623 624//624 629//629
f 624//624 625//625 626//626
f 623//623 629//629 628//628
f 624//624 626//626 629//629
f 603//603 627//627 625//625
f 625//625 627//627 626//626
f 603//603 633//633 627//627
f 628//628 629//629 630//630
f 626//626 631//631 629//629
f 628//628 630//630 666//666
f 629//629 631//631 630//630
f 626//626 632//632 631//631
f 627//627 637//637 632//632
f 626//626 627//627 632//632
f 603//603 615//615 633//633
f 615//615 616//616 634//634
f 615//615 634//634 633//633
f 616//616 635//635 634//634
f 617//617 636//636 635//635
f 618//618 640//640 636//636
f 616//616 617//617 635//635
f 617//617 618//618 636//636
f 627//627 633//633 637//637
f 633//633 634//634 638//638
f 633//633 638//638 637//637
f 634//634 635//635 639//639
f 635//635 636//636 640//640
f 634//634 639//639 638//638
f 635//635 640//640 639//639
f 618//618 680//680 640//640
f 255//255 1755//1755 618//618
f 544//544 641//641 644//644
f 540//540 544//544 644//644
f 641//641 642//642 645//645
f 641//641 645//645 644//644
f 642//642 646//646 645//645
f 642//642 643//643 646//646
f 643//643 650//650 646//646
f 540//540 644//644 653//653
f 644//644 645//645 654//654
f 540//540 653//653 557//557
f 644//644 654//654 653//653
f 645//645 646//646 655//655
f 645//645 655//655 654//654
f 646//646 659//659 655//655
f 643//643 647//647 650//650
f 647//647 648//648 651//651
f 647//647 651//651 650//650
f 648//648 649//649 652//652
f 649//649 666//666 669//669
f 648//648 652//652 651//651
f 649//649 669//669 652//652
f 646//646 650//650 659//659
f 650//650 651//651 660//660
f 650//650 660//660 659//659
f 652//652 669//669 681//681
f 652//652 681//681 661//661
f 651//651 652//652 661//661
f 651//651 661//661 660//660
f 557//557 653//653 656//656
f 653//653 654//654 657//657
f 557//557 656//656 560//560
f 653//653 657//657 656//656
f 654//654 655//655 658//658
f 654//654 658//658 657//657
f 655//655 663//663 658//658
f 560//560 656//656 1697//1697
f 656//656 657//657 1699//1699
f 560//560 1697//1697 1596//1596
f 656//656 1699//1699 1697//1697
f 657//657 658//658 1700//1700
f 657//657 1700//1700 1699//1699
f 658//658 1708//1708 1700//1700
f 655//655 659//659 663//663
f 659//659 660//660 662//662
f 659//659 662//662 663//663
f 660//660 661//661 664//664
f 661//661 681//681 682//682
f 660//660 664//664 662//662
f 661//661 682//682 664//664
f 658//658 663//663 1708//1708
f 662//662 1706//1706 663//663
f 663//663 1706//1706 1708//1708
f 662//662 664//664 1710//1710
f 664//664 682//682 1727//1727
f 662//662 1710//1710 1706//1706
f 664//664 1727//1727 1710//1710
f 630//630 631//631 667//667
f 630//630 667//667 665//665
f 630//630 665//665 666//666
f 665//665 669//669 666//666
f 631//631 632//632 668//668
f 631//631 668//668 667//667
f 632//632 673//673 668//668
f 665//665 670//670 669//669
f 665//665 667//667 671//671
f 669//669 670//670 681//681
f 665//665 671//671 670//670
f 667//667 668//668 672//672
f 667//667 672//672 671//671
f 668//668 677//677 672//672
f 632//632 637//637 673//673
f 637//637 638//638 674//674
f 637//637 674//674 673//673
f 638//638 639//639 675//675
f 639//639 640//640 676//676
f 638//638 675//675 674//674
f 639//639 676//676 675//675
f 640//640 680//680 676//676
f 668//668 673//673 677//677
f 673//673 674//674 678//678
f 673//673 678//678 677//677
f 674//674 675//675 679//679
f 675//675 676//676 680//680
f 674//674 679//679 678//678
f 675//675 680//680 679//679
f 618//618 1755//1755 680//680
f 670//670 683//683 681//681
f 670//670 671//671 684//684
f 681//681 683//683 682//682
f 670//670 684//684 683//683
f 671//671 672//672 685//685
f 671//671 685//685 684//684
f 672//672 686//686 685//685
f 682//682 683//683 1728//1728
f 683//683 684//684 1729//1729
f 682//682 1728//1728 1727//1727
f 683//683 1729//1729 1728//1728
f 684//684 685//685 1730//1730
f 684//684 1730//1730 1729//1729
f 685//685 1736//1736 1730//1730
f 672//672 677//677 686//686
f 677//677 678//678 687//687
f 677//677 687//687 686//686
f 678//678 679//679 688//688
f 679//679 680//680 689//689
f 678//678 688//688 687//687
f 679//679 689//689 688//688
f 680//680 1739//1739 689//689
f 685//685 686//686 1736//1736
f 686//686 687//687 1737//1737
f 686//686 1737//1737 1736//1736
f 687//687 688//688 1738//1738
f 688//688 689//689 1739//1739
f 687//687 1738//1738 1737//1737
f 688//688 1739//1739 1738//1738
f 255//255 703//703 1833//1833
f 453//453 1246//1246 703//703
f 577//577 690//690 1227//1227
f 690//690 691//691 1228//1228
f 577//577 1227//1227 1096//1096
f 690//690 1228//1228 1227//1227
f 691//691 692//692 1229//1229
f 691//691 1229//1229 1228//1228
f 692//692 1230//1230 1229//1229
f 692//692 693//693 1230//1230
f 693//693 694//694 1231//1231
f 693//693 1231//1231 1230//1230
f 694//694 695//695 1232//1232
f 695//695 696//696 1239//1239
f 694//694 1232//1232 1231//1231
f 695//695 1239//1239 1232//1232
f 577//577 1696//1696 690//690
f 690//690 1820//1820 691//691
f 691//691 1821//1821 692//692
f 692//692 1822//1822 693//693
f 693//693 1823//1823 694//694
f 694//694 1824//1824 695//695
f 695//695 1825//1825 696//696
f 696//696 697//697 1240//1240
f 697//697 698//698 1241//1241
f 696//696 1240//1240 1239//1239
f 697//697 1241//1241 1240//1240
f 698//698 699//699 1242//1242
f 698//698 1242//1242 1241//1241
f 699//699 1243//1243 1242//1242
f 699//699 700//700 1243//1243
f 700//700 701//701 1244//1244
f 700//700 1244//1244 1243//1243
f 701//701 702//702 1245//1245
f 702//702 703//703 1246//1246
f 701//701 1245//1245 1244//1244
f 702//702 1246//1246 1245//1245
f 696//696 1826//1826 697//697
f 697//697 1827//1827 698//698
f 698//698 1828//1828 699//699
f 699//699 1829//1829 700//700
f 700//700 1830//1830 701//701
f 701//701 1831//1831 702//702
f 702//702 1832//1832 703//703
f 119//119 704//704 127//127
f 704//704 705//705 712//712
f 705//705 706//706 713//713
f 706//706 707//707 715//715
f 707//707 720//720 717//717
f 127//127 712//712 129//129
f 129//129 712//712 708//708
f 708//708 712//712 713//713
f 708//708 713//713 709//709
f 129//129 708//708 132//132
f 132//132 708//708 710//710
f 132//132 710//710 185//185
f 185//185 710//710 734//734
f 708//708 709//709 710//710
f 709//709 711//711 710//710
f 710//710 711//711 734//734
f 711//711 735//735 734//734
f 127//127 704//704 712//712
f 705//705 713//713 712//712
f 709//709 713//713 715//715
f 709//709 716//716 711//711
f 711//711 716//716 714//714
f 711//711 714//714 735//735
f 714//714 741//741 735//735
f 714//714 719//719 741//741
f 706//706 715//715 713//713
f 715//715 717//717 716//716
f 709//709 715//715 716//716
f 707//707 717//717 715//715
f 717//717 721//721 718//718
f 716//716 717//717 718//718
f 717//717 720//720 721//721
f 718//718 721//721 723//723
f 714//714 716//716 718//718
f 714//714 718//718 719//719
f 718//718 723//723 719//719
f 719//719 723//723 725//725
f 719//719 748//748 741//741
f 719//719 725//725 748//748
f 720//720 787//787 721//721
f 721//721 722//722 723//723
f 721//721 787//787 722//722
f 722//722 724//724 723//723
f 725//725 760//760 748//748
f 725//725 726//726 760//760
f 723//723 724//724 725//725
f 724//724 726//726 725//725
f 726//726 763//763 760//760
f 724//724 793//793 726//726
f 726//726 794//794 763//763
f 763//763 794//794 764//764
f 165//165 749//749 727//727
f 165//165 727//727 169//169
f 169//169 727//727 728//728
f 169//169 728//728 171//171
f 171//171 728//728 729//729
f 727//727 751//751 728//728
f 728//728 751//751 730//730
f 728//728 730//730 729//729
f 729//729 730//730 731//731
f 730//730 756//756 731//731
f 731//731 756//756 732//732
f 183//183 733//733 189//189
f 189//189 733//733 737//737
f 183//183 185//185 734//734
f 183//183 734//734 733//733
f 733//733 736//736 737//737
f 736//736 739//739 737//737
f 733//733 734//734 735//735
f 733//733 735//735 736//736
f 189//189 737//737 191//191
f 191//191 738//738 202//202
f 191//191 737//737 738//738
f 737//737 739//739 738//738
f 738//738 740//740 749//749
f 738//738 739//739 740//740
f 735//735 741//741 736//736
f 736//736 741//741 742//742
f 741//741 748//748 742//742
f 736//736 742//742 739//739
f 739//739 742//742 745//745
f 742//742 743//743 745//745
f 742//742 748//748 743//743
f 743//743 746//746 745//745
f 743//743 761//761 746//746
f 739//739 745//745 740//740
f 740//740 745//745 744//744
f 740//740 744//744 750//750
f 744//744 745//745 746//746
f 744//744 747//747 752//752
f 746//746 766//766 747//747
f 744//744 746//746 747//747
f 747//747 759//759 755//755
f 743//743 748//748 760//760
f 165//165 202//202 749//749
f 202//202 738//738 749//749
f 727//727 749//749 750//750
f 740//740 750//750 749//749
f 727//727 750//750 751//751
f 750//750 752//752 751//751
f 744//744 752//752 750//750
f 751//751 752//752 753//753
f 747//747 755//755 752//752
f 752//752 755//755 753//753
f 753//753 755//755 754//754
f 754//754 755//755 771//771
f 730//730 751//751 753//753
f 730//730 753//753 756//756
f 753//753 754//754 756//756
f 754//754 757//757 756//756
f 754//754 772//772 757//757
f 732//732 756//756 757//757
f 732//732 757//757 758//758
f 757//757 775//775 758//758
f 746//746 761//761 766//766
f 747//747 766//766 759//759
f 759//759 768//768 771//771
f 743//743 760//760 761//761
f 760//760 763//763 761//761
f 761//761 763//763 762//762
f 761//761 762//762 766//766
f 762//762 767//767 766//766
f 762//762 763//763 764//764
f 762//762 764//764 765//765
f 762//762 765//765 767//767
f 765//765 769//769 767//767
f 759//759 766//766 767//767
f 759//759 767//767 768//768
f 767//767 769//769 768//768
f 768//768 770//770 778//778
f 768//768 769//769 770//770
f 765//765 803//803 769//769
f 769//769 806//806 770//770
f 770//770 807//807 779//779
f 770//770 806//806 807//807
f 755//755 759//759 771//771
f 771//771 778//778 772//772
f 754//754 771//771 772//772
f 772//772 778//778 773//773
f 757//757 772//772 775//775
f 758//758 775//775 774//774
f 772//772 773//773 775//775
f 774//774 775//775 776//776
f 773//773 776//776 775//775
f 774//774 776//776 777//777
f 776//776 783//783 777//777
f 768//768 778//778 771//771
f 773//773 778//778 779//779
f 770//770 779//779 778//778
f 773//773 779//779 780//780
f 773//773 780//780 776//776
f 776//776 780//780 783//783
f 779//779 781//781 780//780
f 779//779 807//807 781//781
f 780//780 781//781 782//782
f 780//780 782//782 783//783
f 777//777 783//783 784//784
f 783//783 785//785 784//784
f 784//784 785//785 786//786
f 782//782 785//785 783//783
f 782//782 811//811 785//785
f 785//785 812//812 786//786
f 786//786 812//812 813//813
f 722//722 787//787 788//788
f 788//788 789//789 792//792
f 789//789 790//790 795//795
f 790//790 791//791 799//799
f 722//722 792//792 724//724
f 722//722 788//788 792//792
f 724//724 792//792 793//793
f 726//726 793//793 794//794
f 792//792 795//795 793//793
f 789//789 795//795 792//792
f 795//795 799//799 796//796
f 793//793 795//795 796//796
f 796//796 799//799 800//800
f 793//793 796//796 794//794
f 794//794 796//796 797//797
f 764//764 794//794 797//797
f 764//764 797//797 802//802
f 796//796 800//800 797//797
f 797//797 798//798 802//802
f 797//797 800//800 798//798
f 798//798 804//804 802//802
f 790//790 799//799 795//795
f 799//799 801//801 800//800
f 800//800 801//801 814//814
f 791//791 801//801 799//799
f 798//798 800//800 814//814
f 798//798 814//814 815//815
f 798//798 815//815 804//804
f 804//804 815//815 830//830
f 764//764 802//802 765//765
f 765//765 802//802 803//803
f 802//802 804//804 803//803
f 769//769 803//803 806//806
f 803//803 805//805 806//806
f 805//805 808//808 806//806
f 803//803 804//804 805//805
f 804//804 830//830 805//805
f 805//805 831//831 808//808
f 806//806 808//808 807//807
f 781//781 807//807 809//809
f 807//807 808//808 809//809
f 808//808 834//834 809//809
f 809//809 835//835 810//810
f 805//805 830//830 831//831
f 781//781 810//810 782//782
f 781//781 809//809 810//810
f 782//782 810//810 811//811
f 785//785 811//811 812//812
f 791//791 816//816 801//801
f 801//801 819//819 814//814
f 814//814 819//819 820//820
f 814//814 820//820 815//815
f 815//815 820//820 823//823
f 815//815 823//823 830//830
f 823//823 832//832 830//830
f 816//816 817//817 819//819
f 817//817 818//818 821//821
f 818//818 1105//1105 825//825
f 801//801 816//816 819//819
f 819//819 821//821 820//820
f 817//817 821//821 819//819
f 821//821 825//825 822//822
f 820//820 821//821 822//822
f 820//820 822//822 823//823
f 822//822 824//824 823//823
f 823//823 824//824 832//832
f 824//824 849//849 832//832
f 822//822 826//826 824//824
f 824//824 827//827 849//849
f 827//827 854//854 849//849
f 818//818 825//825 821//821
f 822//822 825//825 826//826
f 825//825 1108//1108 826//826
f 824//824 826//826 827//827
f 825//825 1105//1105 1108//1108
f 826//826 1108//1108 828//828
f 827//827 829//829 854//854
f 826//826 828//828 827//827
f 827//827 828//828 829//829
f 829//829 856//856 854//854
f 808//808 831//831 834//834
f 809//809 834//834 835//835
f 831//831 833//833 834//834
f 830//830 832//832 831//831
f 831//831 832//832 833//833
f 833//833 836//836 834//834
f 833//833 848//848 836//836
f 834//834 836//836 835//835
f 835//835 837//837 838//838
f 835//835 836//836 837//837
f 836//836 850//850 837//837
f 837//837 851//851 843//843
f 810//810 838//838 811//811
f 810//810 835//835 838//838
f 811//811 838//838 839//839
f 811//811 839//839 812//812
f 812//812 840//840 813//813
f 813//813 840//840 841//841
f 812//812 839//839 840//840
f 839//839 842//842 840//840
f 840//840 844//844 841//841
f 838//838 843//843 839//839
f 837//837 843//843 838//838
f 839//839 843//843 842//842
f 842//842 843//843 860//860
f 843//843 851//851 860//860
f 842//842 860//860 861//861
f 840//840 842//842 844//844
f 841//841 844//844 845//845
f 844//844 846//846 845//845
f 842//842 861//861 844//844
f 844//844 861//861 846//846
f 845//845 846//846 847//847
f 832//832 849//849 833//833
f 833//833 849//849 848//848
f 836//836 848//848 850//850
f 848//848 849//849 854//854
f 848//848 854//854 855//855
f 848//848 855//855 850//850
f 837//837 850//850 851//851
f 850//850 852//852 851//851
f 850//850 855//855 852//852
f 851//851 853//853 860//860
f 851//851 852//852 853//853
f 854//854 856//856 855//855
f 852//852 855//855 857//857
f 852//852 857//857 858//858
f 855//855 856//856 857//857
f 857//857 1127//1127 858//858
f 852//852 858//858 853//853
f 853//853 859//859 862//862
f 853//853 858//858 859//859
f 858//858 1129//1129 859//859
f 859//859 1130//1130 866//866
f 860//860 862//862 861//861
f 853//853 862//862 860//860
f 862//862 866//866 863//863
f 861//861 862//862 863//863
f 846//846 861//861 863//863
f 846//846 863//863 864//864
f 846//846 864//864 847//847
f 847//847 864//864 865//865
f 863//863 867//867 864//864
f 864//864 868//868 865//865
f 859//859 866//866 862//862
f 863//863 866//866 867//867
f 866//866 1135//1135 867//867
f 867//867 1135//1135 1136//1136
f 864//864 867//867 868//868
f 865//865 868//868 869//869
f 867//867 1136//1136 868//868
f 868//868 1136//1136 1137//1137
f 868//868 1137//1137 869//869
f 869//869 1137//1137 1138//1138
f 359//359 870//870 364//364
f 364//364 870//870 872//872
f 171//171 729//729 359//359
f 359//359 729//729 870//870
f 871//871 874//874 872//872
f 729//729 731//731 870//870
f 731//731 871//871 870//870
f 870//870 871//871 872//872
f 364//364 872//872 366//366
f 366//366 873//873 381//381
f 366//366 872//872 873//873
f 872//872 874//874 873//873
f 873//873 875//875 885//885
f 873//873 874//874 875//875
f 731//731 732//732 871//871
f 732//732 876//876 871//871
f 871//871 876//876 874//874
f 874//874 876//876 878//878
f 732//732 758//758 876//876
f 758//758 877//877 876//876
f 876//876 877//877 878//878
f 877//877 880//880 878//878
f 874//874 878//878 875//875
f 875//875 879//879 886//886
f 875//875 878//878 879//879
f 878//878 880//880 879//879
f 879//879 880//880 881//881
f 879//879 881//881 888//888
f 374//374 882//882 377//377
f 377//377 882//882 883//883
f 377//377 883//883 432//432
f 432//432 883//883 918//918
f 882//882 887//887 883//883
f 883//883 887//887 884//884
f 883//883 884//884 918//918
f 884//884 919//919 918//918
f 374//374 381//381 885//885
f 381//381 873//873 885//885
f 374//374 885//885 882//882
f 882//882 885//885 886//886
f 875//875 886//886 885//885
f 882//882 886//886 887//887
f 884//884 892//892 919//919
f 892//892 923//923 919//919
f 886//886 888//888 887//887
f 879//879 888//888 886//886
f 887//887 888//888 889//889
f 888//888 891//891 889//889
f 889//889 891//891 890//890
f 881//881 891//891 888//888
f 884//884 887//887 889//889
f 884//884 889//889 892//892
f 889//889 890//890 892//892
f 890//890 893//893 892//892
f 892//892 893//893 923//923
f 893//893 930//930 923//923
f 880//880 900//900 881//881
f 881//881 900//900 901//901
f 881//881 901//901 891//891
f 890//890 891//891 894//894
f 891//891 901//901 894//894
f 890//890 894//894 895//895
f 894//894 910//910 895//895
f 893//893 896//896 930//930
f 896//896 945//945 930//930
f 890//890 895//895 893//893
f 893//893 895//895 896//896
f 895//895 911//911 896//896
f 896//896 911//911 897//897
f 896//896 897//897 945//945
f 897//897 948//948 945//945
f 758//758 774//774 877//877
f 774//774 898//898 877//877
f 774//774 777//777 898//898
f 877//877 898//898 880//880
f 880//880 898//898 900//900
f 898//898 899//899 900//900
f 899//899 902//902 900//900
f 777//777 899//899 898//898
f 777//777 784//784 899//899
f 899//899 904//904 902//902
f 900//900 902//902 901//901
f 894//894 901//901 903//903
f 901//901 902//902 903//903
f 903//903 906//906 910//910
f 902//902 905//905 903//903
f 784//784 904//904 899//899
f 902//902 904//904 905//905
f 905//905 908//908 906//906
f 903//903 905//905 906//906
f 906//906 909//909 912//912
f 784//784 786//786 904//904
f 786//786 907//907 904//904
f 904//904 907//907 905//905
f 905//905 907//907 908//908
f 786//786 813//813 907//907
f 813//813 979//979 907//907
f 907//907 979//979 908//908
f 908//908 979//979 980//980
f 908//908 980//980 909//909
f 906//906 908//908 909//909
f 909//909 981//981 917//917
f 909//909 980//980 981//981
f 894//894 903//903 910//910
f 895//895 910//910 911//911
f 910//910 912//912 911//911
f 911//911 912//912 913//913
f 906//906 912//912 910//910
f 912//912 917//917 913//913
f 909//909 917//917 912//912
f 913//913 917//917 914//914
f 897//897 911//911 913//913
f 897//897 913//913 915//915
f 897//897 915//915 948//948
f 915//915 971//971 948//948
f 913//913 914//914 915//915
f 915//915 916//916 971//971
f 914//914 916//916 915//915
f 916//916 973//973 971//971
f 916//916 984//984 973//973
f 914//914 917//917 983//983
f 917//917 981//981 983//983
f 914//914 982//982 916//916
f 436//436 920//920 921//921
f 432//432 918//918 433//433
f 433//433 918//918 920//920
f 433//433 920//920 436//436
f 918//918 919//919 920//920
f 919//919 924//924 920//920
f 920//920 924//924 921//921
f 921//921 924//924 927//927
f 436//436 921//921 437//437
f 437//437 922//922 448//448
f 437//437 921//921 922//922
f 921//921 927//927 922//922
f 922//922 926//926 931//931
f 922//922 927//927 926//926
f 919//919 923//923 924//924
f 923//923 925//925 924//924
f 924//924 925//925 927//927
f 925//925 928//928 927//927
f 925//925 946//946 928//928
f 928//928 946//946 943//943
f 926//926 929//929 935//935
f 926//926 927//927 928//928
f 926//926 928//928 929//929
f 928//928 943//943 929//929
f 929//929 944//944 937//937
f 929//929 943//943 944//944
f 923//923 930//930 925//925
f 925//925 930//930 946//946
f 448//448 931//931 449//449
f 448//448 922//922 931//931
f 449//449 931//931 932//932
f 931//931 935//935 932//932
f 926//926 935//935 931//931
f 932//932 935//935 936//936
f 449//449 932//932 452//452
f 452//452 932//932 933//933
f 452//452 933//933 453//453
f 453//453 933//933 934//934
f 932//932 936//936 933//933
f 933//933 936//936 939//939
f 933//933 939//939 934//934
f 453//453 934//934 940//940
f 934//934 939//939 940//940
f 935//935 937//937 936//936
f 929//929 937//937 935//935
f 936//936 937//937 938//938
f 937//937 955//955 938//938
f 937//937 944//944 955//955
f 938//938 955//955 956//956
f 936//936 938//938 939//939
f 938//938 941//941 939//939
f 939//939 941//941 940//940
f 940//940 941//941 942//942
f 938//938 956//956 941//941
f 941//941 956//956 959//959
f 941//941 959//959 942//942
f 940//940 942//942 960//960
f 942//942 959//959 960//960
f 943//943 950//950 944//944
f 944//944 951//951 955//955
f 930//930 945//945 946//946
f 945//945 947//947 946//946
f 943//943 946//946 947//947
f 943//943 947//947 950//950
f 947//947 949//949 950//950
f 945//945 948//948 947//947
f 947//947 948//948 949//949
f 949//949 952//952 950//950
f 944//944 950//950 951//951
f 950//950 952//952 951//951
f 951//951 953//953 957//957
f 951//951 952//952 953//953
f 948//948 971//971 949//949
f 949//949 972//972 952//952
f 952//952 972//972 975//975
f 952//952 975//975 953//953
f 953//953 954//954 963//963
f 953//953 975//975 954//954
f 955//955 957//957 956//956
f 951//951 957//957 955//955
f 956//956 957//957 958//958
f 956//956 958//958 959//959
f 958//958 961//961 959//959
f 959//959 961//961 960//960
f 940//940 960//960 968//968
f 960//960 961//961 962//962
f 958//958 964//964 961//961
f 961//961 967//967 962//962
f 960//960 962//962 968//968
f 957//957 963//963 958//958
f 953//953 963//963 957//957
f 958//958 963//963 964//964
f 961//961 964//964 967//967
f 962//962 967//967 968//968
f 963//963 965//965 964//964
f 954//954 965//965 963//963
f 964//964 965//965 966//966
f 965//965 978//978 966//966
f 964//964 966//966 967//967
f 967//967 969//969 968//968
f 966//966 969//969 967//967
f 968//968 969//969 970//970
f 966//966 994//994 969//969
f 969//969 994//994 997//997
f 968//968 970//970 998//998
f 969//969 997//997 970//970
f 970//970 997//997 998//998
f 949//949 971//971 972//972
f 971//971 973//973 972//972
f 972//972 973//973 974//974
f 972//972 974//974 975//975
f 974//974 976//976 975//975
f 973//973 987//987 974//974
f 954//954 975//975 976//976
f 954//954 977//977 965//965
f 954//954 976//976 977//977
f 965//965 977//977 978//978
f 966//966 978//978 994//994
f 968//968 998//998 1004//1004
f 453//453 940//940 1254//1254
f 940//940 968//968 1254//1254
f 980//980 1009//1009 981//981
f 981//981 1010//1010 983//983
f 914//914 983//983 982//982
f 982//982 983//983 1017//1017
f 982//982 1017//1017 1018//1018
f 916//916 982//982 984//984
f 973//973 984//984 987//987
f 982//982 1018//1018 984//984
f 984//984 1018//1018 985//985
f 984//984 985//985 987//987
f 985//985 989//989 987//987
f 974//974 988//988 976//976
f 976//976 988//988 991//991
f 976//976 991//991 977//977
f 977//977 986//986 978//978
f 977//977 991//991 986//986
f 974//974 987//987 988//988
f 987//987 989//989 988//988
f 988//988 990//990 991//991
f 990//990 992//992 991//991
f 988//988 989//989 990//990
f 990//990 1044//1044 992//992
f 986//986 991//991 992//992
f 986//986 993//993 995//995
f 986//986 992//992 993//993
f 992//992 1045//1045 993//993
f 993//993 1046//1046 1001//1001
f 993//993 1045//1045 1046//1046
f 978//978 995//995 994//994
f 978//978 986//986 995//995
f 994//994 995//995 996//996
f 995//995 1001//1001 996//996
f 994//994 996//996 997//997
f 997//997 999//999 998//998
f 996//996 999//999 997//997
f 998//998 999//999 1000//1000
f 998//998 1000//1000 1004//1004
f 996//996 1002//1002 999//999
f 999//999 1003//1003 1000//1000
f 993//993 1001//1001 995//995
f 996//996 1001//1001 1002//1002
f 1001//1001 1055//1055 1002//1002
f 999//999 1002//1002 1003//1003
f 1000//1000 1003//1003 1004//1004
f 968//968 1004//1004 1075//1075
f 1001//1001 1046//1046 1055//1055
f 1002//1002 1055//1055 1005//1005
f 1002//1002 1005//1005 1003//1003
f 1003//1003 1005//1005 1006//1006
f 1003//1003 1006//1006 1004//1004
f 1004//1004 1006//1006 1007//1007
f 1004//1004 1007//1007 1059//1059
f 813//813 841//841 979//979
f 841//841 1008//1008 979//979
f 979//979 1008//1008 980//980
f 980//980 1008//1008 1009//1009
f 841//841 845//845 1008//1008
f 845//845 1013//1013 1008//1008
f 1008//1008 1013//1013 1009//1009
f 1009//1009 1013//1013 1011//1011
f 981//981 1009//1009 1010//1010
f 1010//1010 1012//1012 1017//1017
f 1009//1009 1011//1011 1010//1010
f 1010//1010 1011//1011 1012//1012
f 845//845 847//847 1013//1013
f 1011//1011 1013//1013 1014//1014
f 847//847 1014//1014 1013//1013
f 1011//1011 1015//1015 1012//1012
f 1011//1011 1014//1014 1015//1015
f 1014//1014 1026//1026 1015//1015
f 1012//1012 1016//1016 1019//1019
f 1012//1012 1015//1015 1016//1016
f 1015//1015 1027//1027 1016//1016
f 1016//1016 1028//1028 1022//1022
f 983//983 1010//1010 1017//1017
f 1017//1017 1019//1019 1018//1018
f 1012//1012 1019//1019 1017//1017
f 1018//1018 1019//1019 1020//1020
f 985//985 1018//1018 1020//1020
f 985//985 1020//1020 1021//1021
f 985//985 1021//1021 989//989
f 989//989 1021//1021 1043//1043
f 1019//1019 1022//1022 1020//1020
f 1020//1020 1023//1023 1021//1021
f 1021//1021 1024//1024 1043//1043
f 1024//1024 1049//1049 1043//1043
f 1016//1016 1022//1022 1019//1019
f 1020//1020 1022//1022 1023//1023
f 1022//1022 1032//1032 1023//1023
f 1022//1022 1028//1028 1032//1032
f 1023//1023 1032//1032 1033//1033
f 1021//1021 1023//1023 1024//1024
f 1024//1024 1025//1025 1049//1049
f 1023//1023 1033//1033 1024//1024
f 1024//1024 1033//1033 1025//1025
f 1025//1025 1051//1051 1049//1049
f 847//847 865//865 1014//1014
f 865//865 1026//1026 1014//1014
f 1015//1015 1026//1026 1027//1027
f 865//865 869//869 1026//1026
f 869//869 1029//1029 1026//1026
f 1026//1026 1029//1029 1027//1027
f 1027//1027 1029//1029 1030//1030
f 1016//1016 1027//1027 1028//1028
f 1028//1028 1031//1031 1032//1032
f 1027//1027 1030//1030 1028//1028
f 1028//1028 1030//1030 1031//1031
f 869//869 1138//1138 1029//1029
f 1029//1029 1036//1036 1030//1030
f 1029//1029 1138//1138 1036//1036
f 1030//1030 1036//1036 1037//1037
f 1030//1030 1037//1037 1031//1031
f 1031//1031 1038//1038 1034//1034
f 1032//1032 1034//1034 1033//1033
f 1031//1031 1034//1034 1032//1032
f 1033//1033 1034//1034 1035//1035
f 1025//1025 1033//1033 1035//1035
f 1025//1025 1039//1039 1051//1051
f 1039//1039 1064//1064 1051//1051
f 1025//1025 1035//1035 1039//1039
f 1031//1031 1037//1037 1038//1038
f 1039//1039 1042//1042 1064//1064
f 1034//1034 1040//1040 1035//1035
f 1034//1034 1038//1038 1040//1040
f 1035//1035 1040//1040 1041//1041
f 1040//1040 1261//1261 1041//1041
f 1035//1035 1041//1041 1039//1039
f 1039//1039 1041//1041 1042//1042
f 1042//1042 1068//1068 1064//1064
f 1041//1041 1262//1262 1042//1042
f 1042//1042 1263//1263 1068//1068
f 989//989 1043//1043 990//990
f 990//990 1043//1043 1044//1044
f 992//992 1044//1044 1045//1045
f 1043//1043 1049//1049 1044//1044
f 1044//1044 1049//1049 1050//1050
f 1044//1044 1050//1050 1045//1045
f 1045//1045 1050//1050 1047//1047
f 1045//1045 1047//1047 1046//1046
f 1046//1046 1048//1048 1055//1055
f 1046//1046 1047//1047 1048//1048
f 1049//1049 1051//1051 1050//1050
f 1047//1047 1050//1050 1052//1052
f 1050//1050 1051//1051 1052//1052
f 1047//1047 1052//1052 1053//1053
f 1047//1047 1053//1053 1048//1048
f 1048//1048 1054//1054 1056//1056
f 1048//1048 1053//1053 1054//1054
f 1053//1053 1067//1067 1054//1054
f 1005//1005 1055//1055 1056//1056
f 1048//1048 1056//1056 1055//1055
f 1005//1005 1056//1056 1057//1057
f 1005//1005 1057//1057 1006//1006
f 1006//1006 1058//1058 1007//1007
f 1006//1006 1057//1057 1058//1058
f 1007//1007 1058//1058 1059//1059
f 1057//1057 1061//1061 1058//1058
f 1004//1004 1059//1059 1075//1075
f 1058//1058 1062//1062 1059//1059
f 1056//1056 1060//1060 1057//1057
f 1054//1054 1060//1060 1056//1056
f 1057//1057 1060//1060 1061//1061
f 1058//1058 1061//1061 1062//1062
f 1059//1059 1062//1062 1063//1063
f 1051//1051 1064//1064 1052//1052
f 1052//1052 1065//1065 1053//1053
f 968//968 1075//1075 1479//1479
f 1054//1054 1066//1066 1060//1060
f 1060//1060 1072//1072 1061//1061
f 1059//1059 1063//1063 1075//1075
f 1061//1061 1073//1073 1062//1062
f 1062//1062 1073//1073 1074//1074
f 1062//1062 1074//1074 1063//1063
f 1063//1063 1074//1074 1075//1075
f 1052//1052 1064//1064 1065//1065
f 1053//1053 1065//1065 1067//1067
f 1064//1064 1068//1068 1065//1065
f 1065//1065 1069//1069 1067//1067
f 1054//1054 1067//1067 1066//1066
f 1066//1066 1067//1067 1070//1070
f 1066//1066 1071//1071 1072//1072
f 1065//1065 1068//1068 1069//1069
f 1067//1067 1069//1069 1070//1070
f 1068//1068 1279//1279 1069//1069
f 1069//1069 1280//1280 1070//1070
f 1070//1070 1280//1280 1281//1281
f 1066//1066 1070//1070 1071//1071
f 1070//1070 1281//1281 1071//1071
f 1071//1071 1282//1282 1076//1076
f 1071//1071 1281//1281 1282//1282
f 1060//1060 1066//1066 1072//1072
f 1061//1061 1072//1072 1073//1073
f 1072//1072 1076//1076 1073//1073
f 1071//1071 1076//1076 1072//1072
f 1073//1073 1076//1076 1077//1077
f 1073//1073 1077//1077 1074//1074
f 1074//1074 1078//1078 1075//1075
f 1074//1074 1077//1077 1078//1078
f 1075//1075 1078//1078 1079//1079
f 1076//1076 1288//1288 1077//1077
f 1076//1076 1282//1282 1288//1288
f 1077//1077 1288//1288 1289//1289
f 1077//1077 1289//1289 1078//1078
f 1075//1075 1079//1079 1291//1291
f 1078//1078 1290//1290 1079//1079
f 1078//1078 1289//1289 1290//1290
f 1079//1079 1290//1290 1291//1291
f 1080//1080 1081//1081 1086//1086
f 1080//1080 1086//1086 1085//1085
f 1081//1081 1082//1082 1086//1086
f 1082//1082 1083//1083 1087//1087
f 1082//1082 1087//1087 1086//1086
f 1083//1083 1084//1084 1088//1088
f 1084//1084 1089//1089 1097//1097
f 1083//1083 1088//1088 1087//1087
f 1084//1084 1097//1097 1088//1088
f 1085//1085 1086//1086 2215//2215
f 1086//1086 1087//1087 2216//2216
f 1087//1087 1088//1088 2217//2217
f 1088//1088 1097//1097 2222//2222
f 1089//1089 1090//1090 1098//1098
f 1090//1090 1091//1091 1099//1099
f 1089//1089 1098//1098 1097//1097
f 1090//1090 1099//1099 1098//1098
f 1091//1091 1092//1092 1100//1100
f 1091//1091 1100//1100 1099//1099
f 1092//1092 1101//1101 1100//1100
f 1092//1092 1093//1093 1101//1101
f 1093//1093 1094//1094 1102//1102
f 1093//1093 1102//1102 1101//1101
f 1094//1094 1095//1095 1103//1103
f 1095//1095 1096//1096 1104//1104
f 1094//1094 1103//1103 1102//1102
f 1095//1095 1104//1104 1103//1103
f 1097//1097 1098//1098 2223//2223
f 1098//1098 1099//1099 2224//2224
f 1099//1099 1100//1100 2225//2225
f 1100//1100 1101//1101 2226//2226
f 1101//1101 1102//1102 2227//2227
f 1102//1102 1103//1103 2228//2228
f 1103//1103 1104//1104 2229//2229
f 1105//1105 1106//1106 1108//1108
f 1106//1106 1107//1107 1109//1109
f 1107//1107 1115//1115 1112//1112
f 828//828 1108//1108 1109//1109
f 828//828 1109//1109 1110//1110
f 1106//1106 1109//1109 1108//1108
f 1109//1109 1112//1112 1110//1110
f 828//828 1110//1110 829//829
f 829//829 1110//1110 1111//1111
f 829//829 1111//1111 856//856
f 856//856 1111//1111 1128//1128
f 1110//1110 1113//1113 1111//1111
f 1111//1111 1114//1114 1128//1128
f 1107//1107 1112//1112 1109//1109
f 1110//1110 1112//1112 1113//1113
f 1112//1112 1117//1117 1113//1113
f 1113//1113 1117//1117 1118//1118
f 1111//1111 1113//1113 1114//1114
f 1114//1114 1131//1131 1128//1128
f 1113//1113 1118//1118 1114//1114
f 1114//1114 1118//1118 1119//1119
f 1114//1114 1119//1119 1131//1131
f 1119//1119 1149//1149 1131//1131
f 1115//1115 1116//1116 1117//1117
f 1112//1112 1115//1115 1117//1117
f 1117//1117 1123//1123 1118//1118
f 1116//1116 1123//1123 1117//1117
f 1118//1118 1123//1123 1121//1121
f 1118//1118 1121//1121 1119//1119
f 1116//1116 1120//1120 1123//1123
f 1119//1119 1122//1122 1149//1149
f 1119//1119 1121//1121 1122//1122
f 1122//1122 1151//1151 1149//1149
f 1121//1121 1123//1123 1124//1124
f 1120//1120 1124//1124 1123//1123
f 1121//1121 1124//1124 1125//1125
f 1121//1121 1125//1125 1122//1122
f 1122//1122 1125//1125 1126//1126
f 1122//1122 1126//1126 1151//1151
f 1126//1126 1155//1155 1151//1151
f 1126//1126 1171//1171 1155//1155
f 856//856 1128//1128 857//857
f 857//857 1128//1128 1127//1127
f 858//858 1127//1127 1129//1129
f 1127//1127 1128//1128 1131//1131
f 1127//1127 1131//1131 1132//1132
f 1127//1127 1132//1132 1129//1129
f 1129//1129 1132//1132 1133//1133
f 859//859 1129//1129 1130//1130
f 1129//1129 1133//1133 1130//1130
f 1130//1130 1134//1134 1135//1135
f 1130//1130 1133//1133 1134//1134
f 1132//1132 1150//1150 1133//1133
f 1131//1131 1149//1149 1132//1132
f 1132//1132 1149//1149 1150//1150
f 866//866 1130//1130 1135//1135
f 1135//1135 1144//1144 1136//1136
f 1134//1134 1144//1144 1135//1135
f 1136//1136 1141//1141 1137//1137
f 1133//1133 1150//1150 1139//1139
f 1133//1133 1139//1139 1134//1134
f 1134//1134 1140//1140 1144//1144
f 1134//1134 1139//1139 1140//1140
f 1136//1136 1144//1144 1141//1141
f 1137//1137 1142//1142 1138//1138
f 1137//1137 1141//1141 1142//1142
f 1138//1138 1142//1142 1143//1143
f 1141//1141 1144//1144 1145//1145
f 1140//1140 1145//1145 1144//1144
f 1141//1141 1145//1145 1146//1146
f 1141//1141 1146//1146 1142//1142
f 1142//1142 1146//1146 1147//1147
f 1142//1142 1147//1147 1143//1143
f 1143//1143 1147//1147 1148//1148
f 1147//1147 1161//1161 1148//1148
f 1149//1149 1151//1151 1150//1150
f 1139//1139 1150//1150 1152//1152
f 1150//1150 1151//1151 1152//1152
f 1139//1139 1152//1152 1153//1153
f 1139//1139 1153//1153 1140//1140
f 1140//1140 1154//1154 1145//1145
f 1140//1140 1153//1153 1154//1154
f 1154//1154 1158//1158 1159//1159
f 1151//1151 1155//1155 1152//1152
f 1152//1152 1155//1155 1156//1156
f 1152//1152 1156//1156 1153//1153
f 1153//1153 1156//1156 1157//1157
f 1155//1155 1187//1187 1156//1156
f 1156//1156 1188//1188 1157//1157
f 1153//1153 1157//1157 1154//1154
f 1154//1154 1157//1157 1158//1158
f 1157//1157 1189//1189 1158//1158
f 1158//1158 1190//1190 1164//1164
f 1145//1145 1159//1159 1146//1146
f 1145//1145 1154//1154 1159//1159
f 1146//1146 1159//1159 1160//1160
f 1159//1159 1164//1164 1160//1160
f 1146//1146 1160//1160 1147//1147
f 1147//1147 1160//1160 1161//1161
f 1148//1148 1161//1161 1162//1162
f 1160//1160 1163//1163 1161//1161
f 1161//1161 1165//1165 1162//1162
f 1158//1158 1164//1164 1159//1159
f 1160//1160 1164//1164 1163//1163
f 1163//1163 1164//1164 1195//1195
f 1161//1161 1163//1163 1165//1165
f 1162//1162 1165//1165 1166//1166
f 1163//1163 1196//1196 1165//1165
f 1165//1165 1197//1197 1166//1166
f 1166//1166 1197//1197 1198//1198
f 1120//1120 1167//1167 1124//1124
f 1167//1167 1168//1168 1169//1169
f 1168//1168 1175//1175 1172//1172
f 1124//1124 1169//1169 1125//1125
f 1124//1124 1167//1167 1169//1169
f 1125//1125 1169//1169 1170//1170
f 1169//1169 1172//1172 1170//1170
f 1125//1125 1170//1170 1126//1126
f 1126//1126 1170//1170 1171//1171
f 1155//1155 1171//1171 1187//1187
f 1170//1170 1173//1173 1171//1171
f 1171//1171 1174//1174 1187//1187
f 1168//1168 1172//1172 1169//1169
f 1170//1170 1172//1172 1173//1173
f 1172//1172 1178//1178 1173//1173
f 1171//1171 1173//1173 1174//1174
f 1173//1173 1179//1179 1174//1174
f 1174//1174 1191//1191 1187//1187
f 1174//1174 1179//1179 1180//1180
f 1174//1174 1180//1180 1191//1191
f 1180//1180 1203//1203 1191//1191
f 1175//1175 1176//1176 1178//1178
f 1176//1176 1177//1177 1181//1181
f 1172//1172 1175//1175 1178//1178
f 1173//1173 1178//1178 1179//1179
f 1178//1178 1181//1181 1179//1179
f 1176//1176 1181//1181 1178//1178
f 1179//1179 1181//1181 1182//1182
f 1179//1179 1182//1182 1180//1180
f 1180//1180 1182//1182 1185//1185
f 1180//1180 1185//1185 1203//1203
f 1185//1185 1207//1207 1203//1203
f 1177//1177 1183//1183 1181//1181
f 1181//1181 1183//1183 1182//1182
f 1182//1182 1183//1183 1184//1184
f 1182//1182 1184//1184 1185//1185
f 1185//1185 1186//1186 1207//1207
f 1184//1184 1186//1186 1185//1185
f 1186//1186 1209//1209 1207//1207
f 1156//1156 1187//1187 1188//1188
f 1157//1157 1188//1188 1189//1189
f 1187//1187 1191//1191 1188//1188
f 1188//1188 1192//1192 1189//1189
f 1158//1158 1189//1189 1190//1190
f 1189//1189 1193//1193 1190//1190
f 1190//1190 1194//1194 1195//1195
f 1188//1188 1191//1191 1192//1192
f 1189//1189 1192//1192 1193//1193
f 1191//1191 1203//1203 1192//1192
f 1192//1192 1203//1203 1204//1204
f 1192//1192 1204//1204 1193//1193
f 1193//1193 1204//1204 1205//1205
f 1190//1190 1193//1193 1194//1194
f 1193//1193 1205//1205 1194//1194
f 1194//1194 1206//1206 1199//1199
f 1194//1194 1205//1205 1206//1206
f 1164//1164 1190//1190 1195//1195
f 1163//1163 1195//1195 1196//1196
f 1195//1195 1199//1199 1196//1196
f 1194//1194 1199//1199 1195//1195
f 1196//1196 1199//1199 1200//1200
f 1165//1165 1196//1196 1197//1197
f 1196//1196 1200//1200 1197//1197
f 1197//1197 1200//1200 1201//1201
f 1197//1197 1201//1201 1198//1198
f 1198//1198 1201//1201 1202//1202
f 1199//1199 1215//1215 1200//1200
f 1199//1199 1206//1206 1215//1215
f 1200//1200 1215//1215 1216//1216
f 1200//1200 1216//1216 1201//1201
f 1201//1201 1216//1216 1219//1219
f 1201//1201 1219//1219 1202//1202
f 1202//1202 1219//1219 1220//1220
f 1203//1203 1207//1207 1204//1204
f 1204//1204 1207//1207 1208//1208
f 1204//1204 1208//1208 1205//1205
f 1205//1205 1208//1208 1211//1211
f 1206//1206 1212//1212 1215//1215
f 1205//1205 1211//1211 1206//1206
f 1206//1206 1211//1211 1212//1212
f 1207//1207 1209//1209 1208//1208
f 1208//1208 1210//1210 1211//1211
f 1208//1208 1209//1209 1210//1210
f 1210//1210 1213//1213 1211//1211
f 1211//1211 1213//1213 1212//1212
f 1212//1212 1214//1214 1217//1217
f 1212//1212 1213//1213 1214//1214
f 1215//1215 1217//1217 1216//1216
f 1212//1212 1217//1217 1215//1215
f 1216//1216 1217//1217 1221//1221
f 1217//1217 1218//1218 1221//1221
f 1214//1214 1218//1218 1217//1217
f 1216//1216 1221//1221 1219//1219
f 1219//1219 1223//1223 1220//1220
f 1219//1219 1221//1221 1223//1223
f 1220//1220 1223//1223 1224//1224
f 1218//1218 1222//1222 1221//1221
f 1221//1221 1222//1222 1223//1223
f 1223//1223 1225//1225 1224//1224
f 1222//1222 1225//1225 1223//1223
f 1224//1224 1225//1225 1226//1226
f 453//453 1254//1254 1246//1246
f 968//968 2367//2367 1254//1254
f 968//968 1408//1408 2367//2367
f 1096//1096 1227//1227 1233//1233
f 1227//1227 1228//1228 1234//1234
f 1096//1096 1233//1233 1104//1104
f 1227//1227 1234//1234 1233//1233
f 1228//1228 1229//1229 1235//1235
f 1228//1228 1235//1235 1234//1234
f 1229//1229 1236//1236 1235//1235
f 1229//1229 1230//1230 1236//1236
f 1230//1230 1231//1231 1237//1237
f 1230//1230 1237//1237 1236//1236
f 1231//1231 1232//1232 1238//1238
f 1232//1232 1239//1239 1247//1247
f 1231//1231 1238//1238 1237//1237
f 1232//1232 1247//1247 1238//1238
f 1104//1104 1233//1233 2348//2348
f 1233//1233 1234//1234 2349//2349
f 1234//1234 1235//1235 2350//2350
f 1235//1235 1236//1236 2351//2351
f 1236//1236 1237//1237 2352//2352
f 1237//1237 1238//1238 2353//2353
f 1238//1238 1247//1247 2360//2360
f 1239//1239 1240//1240 1248//1248
f 1240//1240 1241//1241 1249//1249
f 1239//1239 1248//1248 1247//1247
f 1240//1240 1249//1249 1248//1248
f 1241//1241 1242//1242 1250//1250
f 1241//1241 1250//1250 1249//1249
f 1242//1242 1251//1251 1250//1250
f 1242//1242 1243//1243 1251//1251
f 1243//1243 1244//1244 1252//1252
f 1243//1243 1252//1252 1251//1251
f 1244//1244 1245//1245 1253//1253
f 1245//1245 1246//1246 1254//1254
f 1244//1244 1253//1253 1252//1252
f 1245//1245 1254//1254 1253//1253
f 1247//1247 1248//1248 2361//2361
f 1248//1248 1249//1249 2362//2362
f 1249//1249 1250//1250 2363//2363
f 1250//1250 1251//1251 2364//2364
f 1251//1251 1252//1252 2365//2365
f 1252//1252 1253//1253 2366//2366
f 1253//1253 1254//1254 2367//2367
f 1036//1036 1138//1138 1143//1143
f 1036//1036 1255//1255 1037//1037
f 1037//1037 1255//1255 1256//1256
f 1036//1036 1143//1143 1255//1255
f 1037//1037 1256//1256 1038//1038
f 1038//1038 1257//1257 1040//1040
f 1038//1038 1256//1256 1257//1257
f 1256//1256 1260//1260 1257//1257
f 1257//1257 1259//1259 1261//1261
f 1143//1143 1148//1148 1255//1255
f 1148//1148 1258//1258 1255//1255
f 1255//1255 1258//1258 1256//1256
f 1256//1256 1258//1258 1260//1260
f 1148//1148 1162//1162 1258//1258
f 1258//1258 1267//1267 1260//1260
f 1257//1257 1260//1260 1259//1259
f 1259//1259 1260//1260 1268//1268
f 1259//1259 1269//1269 1264//1264
f 1040//1040 1257//1257 1261//1261
f 1041//1041 1261//1261 1262//1262
f 1261//1261 1264//1264 1262//1262
f 1042//1042 1262//1262 1263//1263
f 1068//1068 1263//1263 1279//1279
f 1262//1262 1265//1265 1263//1263
f 1263//1263 1266//1266 1279//1279
f 1266//1266 1283//1283 1279//1279
f 1259//1259 1264//1264 1261//1261
f 1262//1262 1264//1264 1265//1265
f 1264//1264 1273//1273 1265//1265
f 1265//1265 1273//1273 1274//1274
f 1263//1263 1265//1265 1266//1266
f 1265//1265 1274//1274 1266//1266
f 1266//1266 1274//1274 1275//1275
f 1266//1266 1275//1275 1283//1283
f 1275//1275 1300//1300 1283//1283
f 1162//1162 1267//1267 1258//1258
f 1260//1260 1267//1267 1268//1268
f 1162//1162 1166//1166 1267//1267
f 1267//1267 1270//1270 1268//1268
f 1259//1259 1268//1268 1269//1269
f 1268//1268 1271//1271 1269//1269
f 1269//1269 1272//1272 1273//1273
f 1269//1269 1271//1271 1272//1272
f 1166//1166 1270//1270 1267//1267
f 1268//1268 1270//1270 1271//1271
f 1166//1166 1198//1198 1270//1270
f 1198//1198 1318//1318 1270//1270
f 1270//1270 1318//1318 1271//1271
f 1271//1271 1318//1318 1319//1319
f 1271//1271 1319//1319 1272//1272
f 1272//1272 1320//1320 1276//1276
f 1272//1272 1319//1319 1320//1320
f 1264//1264 1269//1269 1273//1273
f 1273//1273 1276//1276 1274//1274
f 1272//1272 1276//1276 1273//1273
f 1274//1274 1276//1276 1277//1277
f 1275//1275 1278//1278 1300//1300
f 1274//1274 1277//1277 1275//1275
f 1275//1275 1277//1277 1278//1278
f 1278//1278 1305//1305 1300//1300
f 1276//1276 1324//1324 1277//1277
f 1276//1276 1320//1320 1324//1324
f 1277//1277 1324//1324 1325//1325
f 1277//1277 1325//1325 1278//1278
f 1278//1278 1326//1326 1305//1305
f 1278//1278 1325//1325 1326//1326
f 1305//1305 1326//1326 1451//1451
f 968//968 1416//1416 1415//1415
f 968//968 1418//1418 1413//1413
f 968//968 1417//1417 1414//1414
f 968//968 1415//1415 1417//1417
f 968//968 1414//1414 1418//1418
f 968//968 1461//1461 1468//1468
f 968//968 1462//1462 1461//1461
f 968//968 1471//1471 1462//1462
f 968//968 1466//1466 1464//1464
f 968//968 1464//1464 1469//1469
f 968//968 1469//1469 1349//1349
f 968//968 1349//1349 1416//1416
f 968//968 1465//1465 1466//1466
f 968//968 1467//1467 1465//1465
f 968//968 1468//1468 1467//1467
f 968//968 1479//1479 1471//1471
f 968//968 1404//1404 1403//1403
f 968//968 1403//1403 1409//1409
f 968//968 1409//1409 1408//1408
f 968//968 1406//1406 1405//1405
f 968//968 1405//1405 1407//1407
f 968//968 1407//1407 1404//1404
f 968//968 1421//1421 1406//1406
f 968//968 1422//1422 1421//1421
f 968//968 1419//1419 1423//1423
f 968//968 1413//1413 1420//1420
f 968//968 1420//1420 1419//1419
f 968//968 1423//1423 1422//1422
f 1069//1069 1279//1279 1280//1280
f 1279//1279 1283//1283 1280//1280
f 1280//1280 1283//1283 1284//1284
f 1280//1280 1284//1284 1281//1281
f 1281//1281 1284//1284 1285//1285
f 1281//1281 1285//1285 1282//1282
f 1282//1282 1286//1286 1288//1288
f 1282//1282 1285//1285 1286//1286
f 1283//1283 1300//1300 1284//1284
f 1284//1284 1301//1301 1285//1285
f 1284//1284 1300//1300 1301//1301
f 1285//1285 1301//1301 1302//1302
f 1285//1285 1302//1302 1286//1286
f 1286//1286 1287//1287 1292//1292
f 1286//1286 1302//1302 1287//1287
f 1288//1288 1292//1292 1289//1289
f 1075//1075 1291//1291 1299//1299
f 1286//1286 1292//1292 1288//1288
f 1289//1289 1292//1292 1293//1293
f 1289//1289 1293//1293 1290//1290
f 1290//1290 1294//1294 1291//1291
f 1290//1290 1293//1293 1294//1294
f 1291//1291 1294//1294 1295//1295
f 1291//1291 1295//1295 1299//1299
f 1292//1292 1296//1296 1293//1293
f 1287//1287 1296//1296 1292//1292
f 1293//1293 1296//1296 1297//1297
f 1293//1293 1297//1297 1294//1294
f 1294//1294 1298//1298 1295//1295
f 1294//1294 1297//1297 1298//1298
f 1295//1295 1298//1298 1299//1299
f 1300//1300 1305//1305 1301//1301
f 1301//1301 1306//1306 1302//1302
f 1301//1301 1305//1305 1306//1306
f 1302//1302 1306//1306 1303//1303
f 1287//1287 1302//1302 1303//1303
f 1287//1287 1304//1304 1296//1296
f 1287//1287 1303//1303 1304//1304
f 1305//1305 1451//1451 1306//1306
f 1303//1303 1306//1306 1307//1307
f 1306//1306 1451//1451 1307//1307
f 1303//1303 1307//1307 1308//1308
f 1303//1303 1308//1308 1304//1304
f 1304//1304 1309//1309 1310//1310
f 1304//1304 1308//1308 1309//1309
f 1296//1296 1310//1310 1297//1297
f 1296//1296 1304//1304 1310//1310
f 1297//1297 1310//1310 1311//1311
f 1297//1297 1311//1311 1298//1298
f 1075//1075 1299//1299 1479//1479
f 1298//1298 1312//1312 1299//1299
f 1298//1298 1311//1311 1312//1312
f 1299//1299 1312//1312 1313//1313
f 1299//1299 1313//1313 1317//1317
f 1310//1310 1314//1314 1311//1311
f 1309//1309 1314//1314 1310//1310
f 1311//1311 1314//1314 1315//1315
f 1311//1311 1315//1315 1312//1312
f 1312//1312 1316//1316 1313//1313
f 1312//1312 1315//1315 1316//1316
f 1313//1313 1316//1316 1317//1317
f 1299//1299 1317//1317 1479//1479
f 1198//1198 1202//1202 1318//1318
f 1202//1202 1321//1321 1318//1318
f 1318//1318 1321//1321 1319//1319
f 1319//1319 1321//1321 1322//1322
f 1320//1320 1323//1323 1324//1324
f 1319//1319 1322//1322 1320//1320
f 1320//1320 1322//1322 1323//1323
f 1202//1202 1220//1220 1321//1321
f 1321//1321 1330//1330 1322//1322
f 1220//1220 1330//1330 1321//1321
f 1322//1322 1330//1330 1331//1331
f 1322//1322 1331//1331 1323//1323
f 1323//1323 1332//1332 1327//1327
f 1323//1323 1331//1331 1332//1332
f 1324//1324 1327//1327 1325//1325
f 1323//1323 1327//1327 1324//1324
f 1325//1325 1327//1327 1328//1328
f 1325//1325 1328//1328 1326//1326
f 1326//1326 1329//1329 1451//1451
f 1326//1326 1328//1328 1329//1329
f 1329//1329 1455//1455 1451//1451
f 1327//1327 1339//1339 1328//1328
f 1327//1327 1332//1332 1339//1339
f 1328//1328 1339//1339 1340//1340
f 1328//1328 1340//1340 1329//1329
f 1329//1329 1341//1341 1455//1455
f 1329//1329 1340//1340 1341//1341
f 1341//1341 1487//1487 1455//1455
f 1220//1220 1224//1224 1330//1330
f 1330//1330 1333//1333 1331//1331
f 1224//1224 1333//1333 1330//1330
f 1331//1331 1333//1333 1335//1335
f 1331//1331 1335//1335 1332//1332
f 1332//1332 1336//1336 1339//1339
f 1332//1332 1335//1335 1336//1336
f 1224//1224 1226//1226 1333//1333
f 1333//1333 1334//1334 1335//1335
f 1226//1226 1334//1334 1333//1333
f 1334//1334 1337//1337 1335//1335
f 1335//1335 1337//1337 1336//1336
f 1336//1336 1338//1338 1342//1342
f 1336//1336 1337//1337 1338//1338
f 1339//1339 1342//1342 1340//1340
f 1336//1336 1342//1342 1339//1339
f 1340//1340 1342//1342 1344//1344
f 1340//1340 1344//1344 1341//1341
f 1341//1341 1346//1346 1487//1487
f 1341//1341 1344//1344 1346//1346
f 1346//1346 1488//1488 1487//1487
f 1342//1342 1343//1343 1344//1344
f 1338//1338 1343//1343 1342//1342
f 1343//1343 1345//1345 1344//1344
f 1344//1344 1345//1345 1346//1346
f 1346//1346 1347//1347 1488//1488
f 1345//1345 1347//1347 1346//1346
f 1347//1347 1492//1492 1488//1488
f 1408//1408 1412//1412 1410//1410
f 1402//1402 1410//1410 1411//1411
f 1419//1419 1424//1424 1423//1423
f 1419//1419 1425//1425 1424//1424
f 1419//1419 1426//1426 1425//1425
f 1429//1429 1430//1430 1428//1428
f 1431//1431 1430//1430 1429//1429
f 1431//1431 1429//1429 1433//1433
f 1432//1432 1433//1433 1429//1429
f 1419//1419 1427//1427 1426//1426
f 1419//1419 1438//1438 1427//1427
f 1419//1419 2495//2495 1438//1438
f 2495//2495 2494//2494 1438//1438
f 1436//1436 1442//1442 1440//1440
f 1436//1436 1437//1437 1442//1442
f 1440//1440 1441//1441 1439//1439
f 1439//1439 1441//1441 2500//2500
f 2498//2498 1439//1439 2500//2500
f 1441//1441 1440//1440 1442//1442
f 1307//1307 1451//1451 1455//1455
f 1307//1307 1452//1452 1308//1308
f 1307//1307 1455//1455 1452//1452
f 1308//1308 1452//1452 1453//1453
f 1308//1308 1453//1453 1309//1309
f 1309//1309 1454//1454 1314//1314
f 1309//1309 1453//1453 1454//1454
f 1452//1452 1455//1455 1487//1487
f 1452//1452 1456//1456 1453//1453
f 1452//1452 1487//1487 1456//1456
f 1453//1453 1456//1456 1457//1457
f 1453//1453 1457//1457 1454//1454
f 1454//1454 1458//1458 1472//1472
f 1454//1454 1457//1457 1458//1458
f 1462//1462 1471//1471 1470//1470
f 1314//1314 1472//1472 1315//1315
f 1314//1314 1454//1454 1472//1472
f 1315//1315 1472//1472 1473//1473
f 1315//1315 1473//1473 1316//1316
f 1316//1316 1474//1474 1317//1317
f 1316//1316 1473//1473 1474//1474
f 1317//1317 1474//1474 1475//1475
f 1317//1317 1475//1475 1479//1479
f 1472//1472 1476//1476 1473//1473
f 1458//1458 1476//1476 1472//1472
f 1473//1473 1476//1476 1477//1477
f 1473//1473 1477//1477 1474//1474
f 1474//1474 1478//1478 1475//1475
f 1474//1474 1477//1477 1478//1478
f 1475//1475 1478//1478 1479//1479
f 1456//1456 1487//1487 1488//1488
f 1456//1456 1489//1489 1457//1457
f 1456//1456 1488//1488 1489//1489
f 1457//1457 1489//1489 1490//1490
f 1457//1457 1490//1490 1458//1458
f 1458//1458 1491//1491 1476//1476
f 1458//1458 1490//1490 1491//1491
f 1488//1488 1492//1492 1489//1489
f 1489//1489 1493//1493 1490//1490
f 1489//1489 1492//1492 1493//1493
f 1490//1490 1493//1493 1494//1494
f 1490//1490 1494//1494 1491//1491
f 1491//1491 1495//1495 1502//1502
f 1491//1491 1494//1494 1495//1495
f 1479//1479 1499//1499 1471//1471
f 1497//1497 1434//1434 1496//1496
f 1434//1434 1497//1497 1435//1435
f 1498//1498 1499//1499 1501//1501
f 2610//2610 1500//1500 1501//1501
f 1479//1479 2609//2609 2608//2608
f 1479//1479 1501//1501 1499//1499
f 1479//1479 2608//2608 2610//2610
f 1479//1479 2610//2610 1501//1501
f 1479//1479 2514//2514 2609//2609
f 1479//1479 2611//2611 2514//2514
f 1479//1479 2612//2612 2611//2611
f 1479//1479 2613//2613 2612//2612
f 1479//1479 2614//2614 2613//2613
f 1479//1479 2615//2615 2614//2614
f 1479//1479 2616//2616 2615//2615
f 1476//1476 1502//1502 1477//1477
f 1476//1476 1491//1491 1502//1502
f 1477//1477 1502//1502 1503//1503
f 1477//1477 1503//1503 1478//1478
f 1478//1478 1504//1504 1479//1479
f 1478//1478 1503//1503 1504//1504
f 1479//1479 1504//1504 1505//1505
f 1479//1479 1505//1505 1509//1509
f 1502//1502 1506//1506 1503//1503
f 1495//1495 1506//1506 1502//1502
f 1503//1503 1506//1506 1507//1507
f 1479//1479 2617//2617 2616//2616
f 1479//1479 2618//2618 2617//2617
f 1479//1479 2619//2619 2618//2618
f 1479//1479 2621//2621 2619//2619
f 1479//1479 2622//2622 2621//2621
f 1479//1479 2623//2623 2622//2622
f 1479//1479 2650//2650 2623//2623
f 1479//1479 2653//2653 2650//2650
f 1503//1503 1507//1507 1504//1504
f 1504//1504 1508//1508 1505//1505
f 1504//1504 1507//1507 1508//1508
f 1505//1505 1508//1508 1509//1509
f 1561//1561 1567//1567 1562//1562
f 1562//1562 1571//1571 1563//1563
f 1564//1564 1565//1565 1566//1566
f 1564//1564 1566//1566 1567//1567
f 1561//1561 1564//1564 1567//1567
f 1565//1565 1568//1568 1569//1569
f 1568//1568 1581//1581 1583//1583
f 1565//1565 1569//1569 1566//1566
f 1568//1568 1583//1583 1569//1569
f 1566//1566 1570//1570 1567//1567
f 1562//1562 1567//1567 1571//1571
f 1567//1567 1570//1570 1571//1571
f 1563//1563 1571//1571 1575//1575
f 1570//1570 1576//1576 1571//1571
f 1566//1566 1569//1569 1572//1572
f 1566//1566 1572//1572 1570//1570
f 1569//1569 1583//1583 1589//1589
f 1569//1569 1589//1589 1572//1572
f 1563//1563 1575//1575 1573//1573
f 1573//1573 1578//1578 1574//1574
f 1574//1574 1622//1622 1621//1621
f 1571//1571 1576//1576 1575//1575
f 1573//1573 1575//1575 1578//1578
f 1575//1575 1576//1576 1579//1579
f 1570//1570 1572//1572 1577//1577
f 1572//1572 1589//1589 1605//1605
f 1572//1572 1605//1605 1577//1577
f 1577//1577 1605//1605 1610//1610
f 1570//1570 1577//1577 1576//1576
f 1576//1576 1577//1577 1580//1580
f 1575//1575 1579//1579 1578//1578
f 1574//1574 1578//1578 1622//1622
f 1578//1578 1623//1623 1622//1622
f 1578//1578 1579//1579 1623//1623
f 1576//1576 1580//1580 1579//1579
f 1577//1577 1610//1610 1580//1580
f 1579//1579 1580//1580 1625//1625
f 1579//1579 1625//1625 1623//1623
f 1580//1580 1610//1610 1643//1643
f 1581//1581 1582//1582 1584//1584
f 1582//1582 1585//1585 1587//1587
f 1581//1581 1584//1584 1583//1583
f 1582//1582 1587//1587 1584//1584
f 1585//1585 1586//1586 1588//1588
f 1585//1585 1588//1588 1587//1587
f 1586//1586 1602//1602 1588//1588
f 1583//1583 1584//1584 1590//1590
f 1583//1583 1590//1590 1589//1589
f 1584//1584 1587//1587 1591//1591
f 1584//1584 1591//1591 1590//1590
f 1587//1587 1592//1592 1591//1591
f 1587//1587 1588//1588 1592//1592
f 1588//1588 1603//1603 1592//1592
f 1593//1593 1594//1594 1601//1601
f 1593//1593 1595//1595 1597//1597
f 1595//1595 1596//1596 1598//1598
f 1593//1593 1597//1597 1594//1594
f 1595//1595 1598//1598 1597//1597
f 1594//1594 1597//1597 1599//1599
f 1597//1597 1598//1598 1600//1600
f 1594//1594 1599//1599 1604//1604
f 1597//1597 1600//1600 1599//1599
f 1586//1586 1601//1601 1602//1602
f 1594//1594 1602//1602 1601//1601
f 1588//1588 1602//1602 1603//1603
f 1594//1594 1604//1604 1602//1602
f 1602//1602 1604//1604 1603//1603
f 1589//1589 1590//1590 1606//1606
f 1589//1589 1606//1606 1605//1605
f 1590//1590 1591//1591 1607//1607
f 1590//1590 1607//1607 1606//1606
f 1605//1605 1606//1606 1609//1609
f 1606//1606 1607//1607 1611//1611
f 1591//1591 1608//1608 1607//1607
f 1591//1591 1592//1592 1608//1608
f 1592//1592 1614//1614 1608//1608
f 1607//1607 1608//1608 1612//1612
f 1605//1605 1609//1609 1610//1610
f 1606//1606 1611//1611 1609//1609
f 1609//1609 1611//1611 1646//1646
f 1609//1609 1644//1644 1610//1610
f 1607//1607 1612//1612 1611//1611
f 1608//1608 1617//1617 1612//1612
f 1611//1611 1612//1612 1645//1645
f 1599//1599 1616//1616 1604//1604
f 1599//1599 1600//1600 1613//1613
f 1599//1599 1613//1613 1616//1616
f 1592//1592 1603//1603 1614//1614
f 1603//1603 1615//1615 1614//1614
f 1603//1603 1604//1604 1615//1615
f 1604//1604 1616//1616 1615//1615
f 1608//1608 1614//1614 1617//1617
f 1614//1614 1618//1618 1617//1617
f 1614//1614 1615//1615 1618//1618
f 1612//1612 1617//1617 1653//1653
f 1617//1617 1618//1618 1654//1654
f 1615//1615 1616//1616 1619//1619
f 1615//1615 1619//1619 1618//1618
f 1613//1613 1620//1620 1616//1616
f 1616//1616 1620//1620 1619//1619
f 1618//1618 1619//1619 1655//1655
f 1621//1621 1624//1624 1628//1628
f 1621//1621 1622//1622 1624//1624
f 1622//1622 1623//1623 1626//1626
f 1622//1622 1626//1626 1624//1624
f 1580//1580 1643//1643 1625//1625
f 1623//1623 1625//1625 1627//1627
f 1623//1623 1627//1627 1626//1626
f 1625//1625 1643//1643 1647//1647
f 1625//1625 1647//1647 1627//1627
f 1626//1626 1627//1627 1632//1632
f 1627//1627 1647//1647 1649//1649
f 1627//1627 1649//1649 1632//1632
f 1628//1628 1630//1630 1629//1629
f 1624//1624 1630//1630 1628//1628
f 1624//1624 1626//1626 1631//1631
f 1624//1624 1631//1631 1630//1630
f 1629//1629 1630//1630 1636//1636
f 1626//1626 1632//1632 1631//1631
f 1629//1629 1636//1636 1633//1633
f 1633//1633 1639//1639 1634//1634
f 1634//1634 1641//1641 1635//1635
f 1630//1630 1637//1637 1636//1636
f 1630//1630 1631//1631 1637//1637
f 1633//1633 1636//1636 1639//1639
f 1636//1636 1637//1637 1640//1640
f 1631//1631 1632//1632 1638//1638
f 1631//1631 1638//1638 1637//1637
f 1632//1632 1649//1649 1671//1671
f 1632//1632 1671//1671 1638//1638
f 1637//1637 1638//1638 1642//1642
f 1638//1638 1671//1671 1675//1675
f 1636//1636 1640//1640 1639//1639
f 1634//1634 1639//1639 1641//1641
f 1639//1639 1837//1837 1641//1641
f 1639//1639 1640//1640 1837//1837
f 1637//1637 1642//1642 1640//1640
f 1638//1638 1675//1675 1642//1642
f 1640//1640 1642//1642 1838//1838
f 1640//1640 1838//1838 1837//1837
f 1642//1642 1675//1675 1850//1850
f 1642//1642 1850//1850 1838//1838
f 1610//1610 1644//1644 1643//1643
f 1609//1609 1646//1646 1644//1644
f 1643//1643 1644//1644 1648//1648
f 1643//1643 1648//1648 1647//1647
f 1644//1644 1646//1646 1651//1651
f 1644//1644 1651//1651 1648//1648
f 1611//1611 1645//1645 1646//1646
f 1612//1612 1653//1653 1645//1645
f 1646//1646 1652//1652 1651//1651
f 1645//1645 1652//1652 1646//1646
f 1647//1647 1648//1648 1650//1650
f 1648//1648 1651//1651 1661//1661
f 1647//1647 1650//1650 1649//1649
f 1648//1648 1661//1661 1650//1650
f 1645//1645 1658//1658 1652//1652
f 1651//1651 1662//1662 1661//1661
f 1651//1651 1652//1652 1662//1662
f 1652//1652 1663//1663 1662//1662
f 1617//1617 1654//1654 1653//1653
f 1645//1645 1653//1653 1658//1658
f 1653//1653 1654//1654 1657//1657
f 1618//1618 1655//1655 1654//1654
f 1619//1619 1620//1620 1656//1656
f 1619//1619 1656//1656 1655//1655
f 1654//1654 1655//1655 1659//1659
f 1655//1655 1656//1656 1660//1660
f 1653//1653 1657//1657 1658//1658
f 1652//1652 1658//1658 1663//1663
f 1658//1658 1664//1664 1663//1663
f 1657//1657 1664//1664 1658//1658
f 1654//1654 1659//1659 1657//1657
f 1655//1655 1660//1660 1659//1659
f 1659//1659 1660//1660 1667//1667
f 1657//1657 1659//1659 1666//1666
f 1657//1657 1666//1666 1664//1664
f 1650//1650 1661//1661 1673//1673
f 1661//1661 1662//1662 1674//1674
f 1661//1661 1674//1674 1673//1673
f 1662//1662 1665//1665 1674//1674
f 1662//1662 1663//1663 1665//1665
f 1663//1663 1664//1664 1668//1668
f 1663//1663 1668//1668 1665//1665
f 1659//1659 1667//1667 1666//1666
f 1664//1664 1666//1666 1669//1669
f 1664//1664 1669//1669 1668//1668
f 1666//1666 1667//1667 1670//1670
f 1666//1666 1670//1670 1669//1669
f 1665//1665 1668//1668 1680//1680
f 1668//1668 1669//1669 1681//1681
f 1669//1669 1670//1670 1682//1682
f 1669//1669 1682//1682 1681//1681
f 1649//1649 1650//1650 1672//1672
f 1649//1649 1672//1672 1671//1671
f 1650//1650 1673//1673 1672//1672
f 1671//1671 1672//1672 1676//1676
f 1671//1671 1676//1676 1675//1675
f 1672//1672 1673//1673 1677//1677
f 1672//1672 1677//1677 1676//1676
f 1675//1675 1676//1676 1851//1851
f 1676//1676 1677//1677 1854//1854
f 1675//1675 1851//1851 1850//1850
f 1673//1673 1678//1678 1677//1677
f 1673//1673 1674//1674 1678//1678
f 1674//1674 1679//1679 1678//1678
f 1677//1677 1678//1678 1855//1855
f 1665//1665 1679//1679 1674//1674
f 1665//1665 1680//1680 1679//1679
f 1678//1678 1679//1679 1862//1862
f 1668//1668 1681//1681 1680//1680
f 567//567 1683//1683 1685//1685
f 1683//1683 1684//1684 1685//1685
f 567//567 1685//1685 1686//1686
f 568//568 1686//1686 1687//1687
f 569//569 1687//1687 1688//1688
f 570//570 1688//1688 1689//1689
f 1685//1685 2219//2219 1686//1686
f 1686//1686 2219//2219 1687//1687
f 1687//1687 2219//2219 2220//2220
f 1687//1687 2220//2220 1688//1688
f 1688//1688 2221//2221 1689//1689
f 1688//1688 2220//2220 2221//2221
f 1689//1689 2221//2221 2230//2230
f 571//571 1689//1689 1690//1690
f 572//572 1690//1690 1691//1691
f 573//573 1691//1691 1692//1692
f 574//574 1692//1692 1693//1693
f 575//575 1693//1693 1694//1694
f 576//576 1694//1694 1695//1695
f 577//577 1695//1695 1696//1696
f 1689//1689 2230//2230 1690//1690
f 1690//1690 2231//2231 1691//1691
f 1690//1690 2230//2230 2231//2231
f 1691//1691 2231//2231 2232//2232
f 1691//1691 2232//2232 1692//1692
f 1692//1692 2233//2233 1693//1693
f 1692//1692 2232//2232 2233//2233
f 1693//1693 2234//2234 1694//1694
f 1693//1693 2233//2233 2234//2234
f 1694//1694 2234//2234 2235//2235
f 1694//1694 2235//2235 1695//1695
f 1695//1695 2236//2236 1696//1696
f 1695//1695 2235//2235 2236//2236
f 1696//1696 2236//2236 2237//2237
f 1596//1596 1697//1697 1698//1698
f 1697//1697 1699//1699 1701//1701
f 1596//1596 1698//1698 1598//1598
f 1697//1697 1701//1701 1698//1698
f 1699//1699 1700//1700 1702//1702
f 1699//1699 1702//1702 1701//1701
f 1700//1700 1709//1709 1702//1702
f 1598//1598 1698//1698 1703//1703
f 1698//1698 1701//1701 1704//1704
f 1598//1598 1703//1703 1600//1600
f 1698//1698 1704//1704 1703//1703
f 1701//1701 1702//1702 1705//1705
f 1701//1701 1705//1705 1704//1704
f 1702//1702 1712//1712 1705//1705
f 1700//1700 1708//1708 1709//1709
f 1706//1706 1707//1707 1708//1708
f 1707//1707 1709//1709 1708//1708
f 1706//1706 1710//1710 1711//1711
f 1710//1710 1727//1727 1731//1731
f 1706//1706 1711//1711 1707//1707
f 1710//1710 1731//1731 1711//1711
f 1702//1702 1709//1709 1712//1712
f 1707//1707 1713//1713 1709//1709
f 1709//1709 1713//1713 1712//1712
f 1707//1707 1711//1711 1714//1714
f 1711//1711 1731//1731 1733//1733
f 1711//1711 1733//1733 1714//1714
f 1707//1707 1714//1714 1713//1713
f 1600//1600 1703//1703 1715//1715
f 1703//1703 1704//1704 1716//1716
f 1600//1600 1715//1715 1613//1613
f 1703//1703 1716//1716 1715//1715
f 1704//1704 1705//1705 1717//1717
f 1704//1704 1717//1717 1716//1716
f 1705//1705 1721//1721 1717//1717
f 1613//1613 1715//1715 1718//1718
f 1715//1715 1716//1716 1719//1719
f 1715//1715 1719//1719 1718//1718
f 1716//1716 1720//1720 1719//1719
f 1716//1716 1717//1717 1720//1720
f 1717//1717 1724//1724 1720//1720
f 1613//1613 1718//1718 1620//1620
f 1705//1705 1712//1712 1721//1721
f 1712//1712 1713//1713 1722//1722
f 1712//1712 1722//1722 1721//1721
f 1714//1714 1733//1733 1745//1745
f 1713//1713 1714//1714 1723//1723
f 1713//1713 1723//1723 1722//1722
f 1714//1714 1745//1745 1723//1723
f 1717//1717 1721//1721 1724//1724
f 1721//1721 1722//1722 1725//1725
f 1721//1721 1725//1725 1724//1724
f 1722//1722 1723//1723 1726//1726
f 1723//1723 1745//1745 1749//1749
f 1722//1722 1726//1726 1725//1725
f 1723//1723 1749//1749 1726//1726
f 1727//1727 1728//1728 1732//1732
f 1728//1728 1729//1729 1734//1734
f 1727//1727 1732//1732 1731//1731
f 1728//1728 1734//1734 1732//1732
f 1729//1729 1730//1730 1735//1735
f 1729//1729 1735//1735 1734//1734
f 1730//1730 1740//1740 1735//1735
f 1731//1731 1732//1732 1744//1744
f 1732//1732 1734//1734 1746//1746
f 1731//1731 1744//1744 1733//1733
f 1732//1732 1746//1746 1744//1744
f 1734//1734 1735//1735 1747//1747
f 1734//1734 1747//1747 1746//1746
f 1735//1735 1752//1752 1747//1747
f 1730//1730 1736//1736 1740//1740
f 1736//1736 1737//1737 1741//1741
f 1736//1736 1741//1741 1740//1740
f 1737//1737 1738//1738 1742//1742
f 680//680 1755//1755 1739//1739
f 1738//1738 1739//1739 1743//1743
f 1737//1737 1742//1742 1741//1741
f 1738//1738 1743//1743 1742//1742
f 1735//1735 1740//1740 1752//1752
f 1740//1740 1741//1741 1753//1753
f 1740//1740 1753//1753 1752//1752
f 1741//1741 1742//1742 1754//1754
f 1739//1739 1755//1755 1743//1743
f 1742//1742 1743//1743 1755//1755
f 1741//1741 1754//1754 1753//1753
f 1742//1742 1755//1755 1754//1754
f 1733//1733 1744//1744 1748//1748
f 1744//1744 1746//1746 1750//1750
f 1733//1733 1748//1748 1745//1745
f 1744//1744 1750//1750 1748//1748
f 1746//1746 1747//1747 1751//1751
f 1746//1746 1751//1751 1750//1750
f 1747//1747 1756//1756 1751//1751
f 1745//1745 1748//1748 1784//1784
f 1748//1748 1750//1750 1787//1787
f 1748//1748 1787//1787 1784//1784
f 1745//1745 1784//1784 1749//1749
f 1750//1750 1751//1751 1788//1788
f 1750//1750 1788//1788 1787//1787
f 1751//1751 1794//1794 1788//1788
f 1747//1747 1752//1752 1756//1756
f 1752//1752 1753//1753 1757//1757
f 1752//1752 1757//1757 1756//1756
f 1753//1753 1754//1754 1758//1758
f 1754//1754 1755//1755 1759//1759
f 1753//1753 1758//1758 1757//1757
f 1754//1754 1759//1759 1758//1758
f 1751//1751 1756//1756 1794//1794
f 1756//1756 1757//1757 1795//1795
f 1756//1756 1795//1795 1794//1794
f 1757//1757 1758//1758 1796//1796
f 1755//1755 1797//1797 1759//1759
f 1758//1758 1759//1759 1797//1797
f 1757//1757 1796//1796 1795//1795
f 1758//1758 1797//1797 1796//1796
f 255//255 2179//2179 1755//1755
f 1718//1718 1719//1719 1761//1761
f 1719//1719 1762//1762 1761//1761
f 1719//1719 1720//1720 1762//1762
f 1720//1720 1766//1766 1762//1762
f 1620//1620 1718//1718 1760//1760
f 1620//1620 1760//1760 1656//1656
f 1718//1718 1761//1761 1760//1760
f 1656//1656 1760//1760 1763//1763
f 1760//1760 1761//1761 1764//1764
f 1656//1656 1763//1763 1660//1660
f 1760//1760 1764//1764 1763//1763
f 1660//1660 1763//1763 1772//1772
f 1763//1763 1764//1764 1773//1773
f 1761//1761 1765//1765 1764//1764
f 1761//1761 1762//1762 1765//1765
f 1762//1762 1770//1770 1765//1765
f 1764//1764 1765//1765 1774//1774
f 1720//1720 1724//1724 1766//1766
f 1724//1724 1767//1767 1766//1766
f 1724//1724 1725//1725 1767//1767
f 1725//1725 1726//1726 1768//1768
f 1726//1726 1749//1749 1785//1785
f 1725//1725 1768//1768 1767//1767
f 1726//1726 1785//1785 1768//1768
f 1766//1766 1767//1767 1771//1771
f 1767//1767 1768//1768 1769//1769
f 1767//1767 1769//1769 1771//1771
f 1768//1768 1785//1785 1789//1789
f 1768//1768 1789//1789 1769//1769
f 1762//1762 1766//1766 1770//1770
f 1766//1766 1771//1771 1770//1770
f 1765//1765 1770//1770 1778//1778
f 1660//1660 1772//1772 1667//1667
f 1763//1763 1773//1773 1772//1772
f 1667//1667 1772//1772 1775//1775
f 1667//1667 1775//1775 1670//1670
f 1772//1772 1773//1773 1776//1776
f 1772//1772 1776//1776 1775//1775
f 1764//1764 1774//1774 1773//1773
f 1765//1765 1778//1778 1774//1774
f 1773//1773 1774//1774 1777//1777
f 1670//1670 1775//1775 2000//2000
f 1670//1670 2000//2000 1682//1682
f 1775//1775 1776//1776 2001//2001
f 1775//1775 2001//2001 2000//2000
f 1773//1773 1777//1777 1776//1776
f 1774//1774 1782//1782 1777//1777
f 1776//1776 2002//2002 2001//2001
f 1776//1776 1777//1777 2002//2002
f 1777//1777 2003//2003 2002//2002
f 1770//1770 1779//1779 1778//1778
f 1770//1770 1771//1771 1779//1779
f 1774//1774 1778//1778 1782//1782
f 1778//1778 1779//1779 1781//1781
f 1769//1769 1780//1780 1771//1771
f 1771//1771 1780//1780 1779//1779
f 1769//1769 1789//1789 1804//1804
f 1769//1769 1804//1804 1780//1780
f 1779//1779 1780//1780 1783//1783
f 1778//1778 1781//1781 1782//1782
f 1777//1777 1782//1782 2003//2003
f 1781//1781 2004//2004 1782//1782
f 1779//1779 1783//1783 1781//1781
f 1780//1780 1804//1804 1807//1807
f 1780//1780 1807//1807 1783//1783
f 1783//1783 1807//1807 2035//2035
f 1781//1781 1783//1783 2005//2005
f 1749//1749 1784//1784 1786//1786
f 1784//1784 1787//1787 1791//1791
f 1749//1749 1786//1786 1785//1785
f 1784//1784 1791//1791 1786//1786
f 1787//1787 1788//1788 1792//1792
f 1788//1788 1798//1798 1792//1792
f 1787//1787 1792//1792 1791//1791
f 1785//1785 1786//1786 1790//1790
f 1786//1786 1791//1791 1793//1793
f 1785//1785 1790//1790 1789//1789
f 1786//1786 1793//1793 1790//1790
f 1791//1791 1792//1792 1802//1802
f 1791//1791 1802//1802 1793//1793
f 1792//1792 1811//1811 1802//1802
f 1788//1788 1794//1794 1798//1798
f 1794//1794 1795//1795 1799//1799
f 1794//1794 1799//1799 1798//1798
f 1795//1795 1796//1796 1800//1800
f 1755//1755 1814//1814 1797//1797
f 1796//1796 1797//1797 1801//1801
f 1795//1795 1800//1800 1799//1799
f 1796//1796 1801//1801 1800//1800
f 1792//1792 1798//1798 1811//1811
f 1798//1798 1799//1799 1812//1812
f 1798//1798 1812//1812 1811//1811
f 1799//1799 1800//1800 1813//1813
f 1797//1797 1814//1814 1801//1801
f 1800//1800 1801//1801 1814//1814
f 1799//1799 1813//1813 1812//1812
f 1800//1800 1814//1814 1813//1813
f 1755//1755 2053//2053 1814//1814
f 1789//1789 1790//1790 1805//1805
f 1790//1790 1793//1793 1806//1806
f 1790//1790 1806//1806 1805//1805
f 1793//1793 1802//1802 1803//1803
f 1793//1793 1803//1803 1806//1806
f 1802//1802 1815//1815 1803//1803
f 1789//1789 1805//1805 1804//1804
f 1804//1804 1805//1805 1808//1808
f 1804//1804 1808//1808 1807//1807
f 1805//1805 1806//1806 1809//1809
f 1805//1805 1809//1809 1808//1808
f 1807//1807 1808//1808 2036//2036
f 1803//1803 1810//1810 1806//1806
f 1806//1806 1810//1810 1809//1809
f 1803//1803 1819//1819 1810//1810
f 1802//1802 1811//1811 1815//1815
f 1811//1811 1812//1812 1816//1816
f 1811//1811 1816//1816 1815//1815
f 1812//1812 1813//1813 1817//1817
f 1813//1813 1814//1814 1818//1818
f 1812//1812 1817//1817 1816//1816
f 1813//1813 1818//1818 1817//1817
f 1803//1803 1815//1815 1819//1819
f 1815//1815 1816//1816 2043//2043
f 1816//1816 1817//1817 2046//2046
f 1814//1814 2047//2047 1818//1818
f 1817//1817 1818//1818 2047//2047
f 1816//1816 2046//2046 2043//2043
f 1817//1817 2047//2047 2046//2046
f 1815//1815 2043//2043 1819//1819
f 1814//1814 2053//2053 2047//2047
f 690//690 1696//1696 1820//1820
f 691//691 1820//1820 1821//1821
f 692//692 1821//1821 1822//1822
f 693//693 1822//1822 1823//1823
f 694//694 1823//1823 1824//1824
f 695//695 1824//1824 1825//1825
f 696//696 1825//1825 1826//1826
f 1696//1696 2237//2237 1820//1820
f 1820//1820 2354//2354 1821//1821
f 1820//1820 2237//2237 2354//2354
f 1821//1821 2354//2354 2355//2355
f 1821//1821 2355//2355 1822//1822
f 1822//1822 2356//2356 1823//1823
f 1822//1822 2355//2355 2356//2356
f 1823//1823 2357//2357 1824//1824
f 1823//1823 2356//2356 2357//2357
f 1824//1824 2357//2357 2358//2358
f 1824//1824 2358//2358 1825//1825
f 1825//1825 2359//2359 1826//1826
f 1825//1825 2358//2358 2359//2359
f 1826//1826 2359//2359 2368//2368
f 255//255 1833//1833 2179//2179
f 697//697 1826//1826 1827//1827
f 698//698 1827//1827 1828//1828
f 699//699 1828//1828 1829//1829
f 700//700 1829//1829 1830//1830
f 701//701 1830//1830 1831//1831
f 702//702 1831//1831 1832//1832
f 703//703 1832//1832 1833//1833
f 1826//1826 2368//2368 1827//1827
f 1827//1827 2369//2369 1828//1828
f 1827//1827 2368//2368 2369//2369
f 1828//1828 2369//2369 2370//2370
f 1828//1828 2370//2370 1829//1829
f 1829//1829 2371//2371 1830//1830
f 1829//1829 2370//2370 2371//2371
f 1830//1830 2372//2372 1831//1831
f 1830//1830 2371//2371 2372//2372
f 1831//1831 2372//2372 2373//2373
f 1831//1831 2373//2373 1832//1832
f 1832//1832 2374//2374 1833//1833
f 1832//1832 2373//2373 2374//2374
f 1833//1833 2374//2374 2375//2375
f 1833//1833 2375//2375 2179//2179
f 1635//1635 1839//1839 1834//1834
f 1834//1834 1842//1842 1835//1835
f 1835//1835 1844//1844 1836//1836
f 1635//1635 1641//1641 1839//1839
f 1641//1641 1837//1837 1840//1840
f 1837//1837 1838//1838 1841//1841
f 1837//1837 1841//1841 1840//1840
f 1838//1838 1850//1850 1852//1852
f 1838//1838 1852//1852 1841//1841
f 1641//1641 1840//1840 1839//1839
f 1834//1834 1839//1839 1842//1842
f 1839//1839 1840//1840 1843//1843
f 1840//1840 1841//1841 1846//1846
f 1839//1839 1843//1843 1842//1842
f 1842//1842 1843//1843 1845//1845
f 1835//1835 1842//1842 1844//1844
f 1842//1842 1845//1845 1844//1844
f 1836//1836 1844//1844 1895//1895
f 1840//1840 1846//1846 1843//1843
f 1841//1841 1858//1858 1846//1846
f 1841//1841 1852//1852 1858//1858
f 1843//1843 1846//1846 1847//1847
f 1846//1846 1858//1858 1872//1872
f 1846//1846 1872//1872 1847//1847
f 1843//1843 1847//1847 1845//1845
f 1836//1836 1895//1895 1890//1890
f 1844//1844 1848//1848 1895//1895
f 1844//1844 1845//1845 1848//1848
f 1845//1845 1847//1847 1849//1849
f 1845//1845 1849//1849 1848//1848
f 1847//1847 1872//1872 1874//1874
f 1847//1847 1874//1874 1849//1849
f 1850//1850 1851//1851 1853//1853
f 1676//1676 1854//1854 1851//1851
f 1850//1850 1853//1853 1852//1852
f 1851//1851 1854//1854 1856//1856
f 1851//1851 1856//1856 1853//1853
f 1677//1677 1855//1855 1854//1854
f 1678//1678 1862//1862 1855//1855
f 1854//1854 1857//1857 1856//1856
f 1854//1854 1855//1855 1857//1857
f 1855//1855 1866//1866 1857//1857
f 1853//1853 1856//1856 1860//1860
f 1856//1856 1857//1857 1861//1861
f 1857//1857 1870//1870 1861//1861
f 1852//1852 1853//1853 1859//1859
f 1852//1852 1859//1859 1858//1858
f 1853//1853 1860//1860 1859//1859
f 1858//1858 1873//1873 1872//1872
f 1858//1858 1859//1859 1873//1873
f 1859//1859 1860//1860 1876//1876
f 1856//1856 1861//1861 1860//1860
f 1860//1860 1861//1861 1877//1877
f 1679//1679 1863//1863 1862//1862
f 1679//1679 1680//1680 1863//1863
f 1855//1855 1862//1862 1866//1866
f 1862//1862 1863//1863 1867//1867
f 1680//1680 1681//1681 1864//1864
f 1680//1680 1864//1864 1863//1863
f 1681//1681 1682//1682 1865//1865
f 1681//1681 1865//1865 1864//1864
f 1863//1863 1864//1864 1868//1868
f 1864//1864 1865//1865 1869//1869
f 1862//1862 1867//1867 1866//1866
f 1857//1857 1866//1866 1870//1870
f 1866//1866 1867//1867 1871//1871
f 1866//1866 1871//1871 1870//1870
f 1863//1863 1868//1868 1867//1867
f 1864//1864 1869//1869 1868//1868
f 1867//1867 1868//1868 1880//1880
f 1867//1867 1880//1880 1871//1871
f 1868//1868 1869//1869 1881//1881
f 1868//1868 1881//1881 1880//1880
f 1859//1859 1876//1876 1873//1873
f 1872//1872 1873//1873 1875//1875
f 1872//1872 1875//1875 1874//1874
f 1873//1873 1876//1876 1878//1878
f 1873//1873 1878//1878 1875//1875
f 1860//1860 1877//1877 1876//1876
f 1861//1861 1882//1882 1877//1877
f 1876//1876 1879//1879 1878//1878
f 1876//1876 1877//1877 1879//1879
f 1877//1877 1886//1886 1879//1879
f 1875//1875 1878//1878 1909//1909
f 1878//1878 1879//1879 1910//1910
f 1861//1861 1870//1870 1882//1882
f 1870//1870 1883//1883 1882//1882
f 1870//1870 1871//1871 1883//1883
f 1882//1882 1883//1883 1887//1887
f 1877//1877 1882//1882 1886//1886
f 1882//1882 1887//1887 1886//1886
f 1871//1871 1880//1880 1884//1884
f 1871//1871 1884//1884 1883//1883
f 1880//1880 1881//1881 1885//1885
f 1883//1883 1884//1884 1888//1888
f 1880//1880 1885//1885 1884//1884
f 1884//1884 1885//1885 1889//1889
f 1879//1879 1886//1886 1913//1913
f 1886//1886 1914//1914 1913//1913
f 1886//1886 1887//1887 1914//1914
f 1883//1883 1888//1888 1887//1887
f 1887//1887 1888//1888 1915//1915
f 1884//1884 1889//1889 1888//1888
f 1887//1887 1915//1915 1914//1914
f 1888//1888 1916//1916 1915//1915
f 1888//1888 1889//1889 1916//1916
f 1890//1890 1896//1896 1891//1891
f 1891//1891 1898//1898 1892//1892
f 1892//1892 1902//1902 1893//1893
f 1893//1893 1919//1919 1894//1894
f 1890//1890 1895//1895 1896//1896
f 1895//1895 1897//1897 1896//1896
f 1848//1848 1897//1897 1895//1895
f 1891//1891 1896//1896 1898//1898
f 1848//1848 1849//1849 1900//1900
f 1848//1848 1900//1900 1897//1897
f 1849//1849 1905//1905 1900//1900
f 1849//1849 1874//1874 1905//1905
f 1896//1896 1897//1897 1899//1899
f 1896//1896 1899//1899 1898//1898
f 1892//1892 1898//1898 1902//1902
f 1898//1898 1899//1899 1903//1903
f 1898//1898 1903//1903 1902//1902
f 1897//1897 1900//1900 1901//1901
f 1900//1900 1905//1905 1907//1907
f 1897//1897 1901//1901 1899//1899
f 1900//1900 1907//1907 1901//1901
f 1899//1899 1901//1901 1904//1904
f 1899//1899 1904//1904 1903//1903
f 1901//1901 1907//1907 1942//1942
f 1901//1901 1942//1942 1904//1904
f 1893//1893 1902//1902 1919//1919
f 1902//1902 1918//1918 1919//1919
f 1902//1902 1903//1903 1918//1918
f 1903//1903 1904//1904 1922//1922
f 1874//1874 1875//1875 1906//1906
f 1874//1874 1906//1906 1905//1905
f 1905//1905 1906//1906 1908//1908
f 1875//1875 1909//1909 1906//1906
f 1906//1906 1909//1909 1911//1911
f 1906//1906 1911//1911 1908//1908
f 1905//1905 1908//1908 1907//1907
f 1907//1907 1944//1944 1942//1942
f 1907//1907 1908//1908 1944//1944
f 1908//1908 1911//1911 1940//1940
f 1878//1878 1910//1910 1909//1909
f 1879//1879 1913//1913 1910//1910
f 1909//1909 1912//1912 1911//1911
f 1909//1909 1910//1910 1912//1912
f 1910//1910 1953//1953 1912//1912
f 1910//1910 1913//1913 1953//1953
f 1913//1913 1952//1952 1953//1953
f 1913//1913 1914//1914 1952//1952
f 1914//1914 1915//1915 1956//1956
f 1894//1894 1920//1920 1917//1917
f 1894//1894 1919//1919 1920//1920
f 1919//1919 1921//1921 1920//1920
f 1918//1918 1921//1921 1919//1919
f 1903//1903 1922//1922 1918//1918
f 1904//1904 1942//1942 1943//1943
f 1904//1904 1943//1943 1922//1922
f 1918//1918 1922//1922 1923//1923
f 1918//1918 1923//1923 1921//1921
f 1922//1922 1943//1943 1946//1946
f 1922//1922 1946//1946 1923//1923
f 1923//1923 1946//1946 1968//1968
f 1917//1917 1928//1928 1924//1924
f 1924//1924 1930//1930 1925//1925
f 1925//1925 1934//1934 1926//1926
f 1926//1926 1935//1935 1927//1927
f 1927//1927 2828//2828 2821//2821
f 1917//1917 1920//1920 1928//1928
f 1920//1920 1921//1921 1929//1929
f 1920//1920 1929//1929 1928//1928
f 1924//1924 1928//1928 1930//1930
f 1928//1928 1929//1929 1931//1931
f 1928//1928 1931//1931 1930//1930
f 1925//1925 1930//1930 1934//1934
f 1930//1930 1931//1931 1936//1936
f 1921//1921 1923//1923 1932//1932
f 1921//1921 1932//1932 1929//1929
f 1929//1929 1932//1932 1933//1933
f 1923//1923 1968//1968 1932//1932
f 1932//1932 1968//1968 1970//1970
f 1929//1929 1933//1933 1931//1931
f 1931//1931 1933//1933 1938//1938
f 1931//1931 1938//1938 1936//1936
f 1932//1932 1970//1970 1933//1933
f 1933//1933 1976//1976 1938//1938
f 1933//1933 1970//1970 1976//1976
f 1930//1930 1936//1936 1934//1934
f 1926//1926 1934//1934 1935//1935
f 1927//1927 1935//1935 2828//2828
f 1934//1934 1937//1937 1935//1935
f 1934//1934 1936//1936 1937//1937
f 1935//1935 2829//2829 2828//2828
f 1935//1935 1937//1937 2829//2829
f 1936//1936 1938//1938 1939//1939
f 1936//1936 1939//1939 1937//1937
f 1938//1938 1978//1978 1939//1939
f 1938//1938 1976//1976 1978//1978
f 1937//1937 1939//1939 2832//2832
f 1937//1937 2832//2832 2829//2829
f 1939//1939 1978//1978 2848//2848
f 1939//1939 2848//2848 2832//2832
f 1908//1908 1940//1940 1944//1944
f 1911//1911 1941//1941 1940//1940
f 1911//1911 1912//1912 1941//1941
f 1912//1912 1954//1954 1941//1941
f 1942//1942 1944//1944 1945//1945
f 1942//1942 1945//1945 1943//1943
f 1940//1940 1948//1948 1944//1944
f 1944//1944 1948//1948 1945//1945
f 1943//1943 1947//1947 1946//1946
f 1943//1943 1945//1945 1947//1947
f 1946//1946 1947//1947 1969//1969
f 1945//1945 1948//1948 1950//1950
f 1945//1945 1950//1950 1947//1947
f 1940//1940 1941//1941 1949//1949
f 1940//1940 1949//1949 1948//1948
f 1941//1941 1960//1960 1949//1949
f 1948//1948 1951//1951 1950//1950
f 1948//1948 1949//1949 1951//1951
f 1947//1947 1950//1950 1972//1972
f 1949//1949 1962//1962 1951//1951
f 1950//1950 1951//1951 1973//1973
f 1912//1912 1953//1953 1954//1954
f 1953//1953 1955//1955 1954//1954
f 1952//1952 1955//1955 1953//1953
f 1914//1914 1956//1956 1952//1952
f 1915//1915 1916//1916 1957//1957
f 1915//1915 1957//1957 1956//1956
f 1952//1952 1956//1956 1958//1958
f 1952//1952 1958//1958 1955//1955
f 1956//1956 1959//1959 1958//1958
f 1956//1956 1957//1957 1959//1959
f 1958//1958 1959//1959 1965//1965
f 1941//1941 1954//1954 1960//1960
f 1954//1954 1961//1961 1960//1960
f 1949//1949 1960//1960 1962//1962
f 1954//1954 1955//1955 1961//1961
f 1955//1955 1958//1958 1964//1964
f 1955//1955 1964//1964 1961//1961
f 1960//1960 1961//1961 1963//1963
f 1960//1960 1963//1963 1962//1962
f 1951//1951 1962//1962 1984//1984
f 1962//1962 1963//1963 1985//1985
f 1961//1961 1964//1964 1966//1966
f 1958//1958 1965//1965 1964//1964
f 1964//1964 1965//1965 1967//1967
f 1961//1961 1966//1966 1963//1963
f 1964//1964 1967//1967 1966//1966
f 1963//1963 1966//1966 1988//1988
f 1966//1966 1967//1967 1989//1989
f 1946//1946 1969//1969 1968//1968
f 1968//1968 1969//1969 1971//1971
f 1947//1947 1972//1972 1969//1969
f 1969//1969 1972//1972 1974//1974
f 1968//1968 1971//1971 1970//1970
f 1970//1970 1977//1977 1976//1976
f 1970//1970 1971//1971 1977//1977
f 1969//1969 1974//1974 1971//1971
f 1971//1971 1974//1974 1980//1980
f 1971//1971 1980//1980 1977//1977
f 1950//1950 1973//1973 1972//1972
f 1951//1951 1984//1984 1973//1973
f 1972//1972 1973//1973 1975//1975
f 1973//1973 1986//1986 1975//1975
f 1972//1972 1975//1975 1974//1974
f 1974//1974 1981//1981 1980//1980
f 1974//1974 1975//1975 1981//1981
f 1975//1975 1991//1991 1981//1981
f 1976//1976 1979//1979 1978//1978
f 1976//1976 1977//1977 1979//1979
f 1977//1977 1980//1980 1982//1982
f 1977//1977 1982//1982 1979//1979
f 1978//1978 1979//1979 2850//2850
f 1978//1978 2850//2850 2848//2848
f 1979//1979 1982//1982 2854//2854
f 1979//1979 2854//2854 2850//2850
f 1980//1980 1983//1983 1982//1982
f 1980//1980 1981//1981 1983//1983
f 1981//1981 1993//1993 1983//1983
f 1982//1982 2856//2856 2854//2854
f 1982//1982 1983//1983 2856//2856
f 1983//1983 2868//2868 2856//2856
f 1962//1962 1985//1985 1984//1984
f 1973//1973 1984//1984 1986//1986
f 1984//1984 1987//1987 1986//1986
f 1984//1984 1985//1985 1987//1987
f 1975//1975 1986//1986 1991//1991
f 1986//1986 1992//1992 1991//1991
f 1986//1986 1987//1987 1992//1992
f 1963//1963 1988//1988 1985//1985
f 1985//1985 1988//1988 1990//1990
f 1985//1985 1990//1990 1987//1987
f 1966//1966 1989//1989 1988//1988
f 1988//1988 1994//1994 1990//1990
f 1988//1988 1989//1989 1994//1994
f 1987//1987 1990//1990 1996//1996
f 1987//1987 1996//1996 1992//1992
f 1981//1981 1991//1991 1993//1993
f 1991//1991 1995//1995 1993//1993
f 1991//1991 1992//1992 1995//1995
f 1983//1983 1993//1993 2868//2868
f 1993//1993 2879//2879 2868//2868
f 1990//1990 1997//1997 1996//1996
f 1990//1990 1994//1994 1997//1997
f 1993//1993 1995//1995 2879//2879
f 1992//1992 1996//1996 1998//1998
f 1992//1992 1998//1998 1995//1995
f 1996//1996 1997//1997 1999//1999
f 1996//1996 1999//1999 1998//1998
f 1995//1995 1998//1998 2881//2881
f 1995//1995 2881//2881 2879//2879
f 1998//1998 1999//1999 2883//2883
f 1998//1998 2883//2883 2881//2881
f 2001//2001 2002//2002 2009//2009
f 1782//1782 2004//2004 2003//2003
f 2002//2002 2003//2003 2013//2013
f 2003//2003 2014//2014 2013//2013
f 2003//2003 2004//2004 2014//2014
f 1781//1781 2005//2005 2004//2004
f 1783//1783 2035//2035 2005//2005
f 2004//2004 2005//2005 2006//2006
f 2004//2004 2006//2006 2014//2014
f 2005//2005 2035//2035 2039//2039
f 2005//2005 2039//2039 2006//2006
f 1682//1682 2000//2000 2007//2007
f 2000//2000 2001//2001 2008//2008
f 1682//1682 2007//2007 1865//1865
f 2000//2000 2008//2008 2007//2007
f 2001//2001 2009//2009 2008//2008
f 2002//2002 2013//2013 2009//2009
f 1865//1865 2007//2007 2010//2010
f 1865//1865 2010//2010 1869//1869
f 2007//2007 2008//2008 2011//2011
f 2007//2007 2011//2011 2010//2010
f 1869//1869 2010//2010 2017//2017
f 1869//1869 2017//2017 1881//1881
f 2010//2010 2011//2011 2018//2018
f 2008//2008 2012//2012 2011//2011
f 2008//2008 2009//2009 2012//2012
f 2009//2009 2015//2015 2012//2012
f 2011//2011 2012//2012 2019//2019
f 2009//2009 2013//2013 2015//2015
f 2013//2013 2014//2014 2016//2016
f 2013//2013 2016//2016 2015//2015
f 2006//2006 2028//2028 2014//2014
f 2014//2014 2028//2028 2016//2016
f 2006//2006 2039//2039 2057//2057
f 2006//2006 2057//2057 2028//2028
f 2010//2010 2018//2018 2017//2017
f 2017//2017 2018//2018 2022//2022
f 2011//2011 2019//2019 2018//2018
f 2012//2012 2026//2026 2019//2019
f 2018//2018 2019//2019 2023//2023
f 2019//2019 2031//2031 2023//2023
f 1881//1881 2017//2017 2020//2020
f 1881//1881 2020//2020 1885//1885
f 2017//2017 2022//2022 2020//2020
f 2018//2018 2023//2023 2022//2022
f 1885//1885 2021//2021 1889//1889
f 1885//1885 2020//2020 2021//2021
f 2020//2020 2022//2022 2024//2024
f 2020//2020 2024//2024 2021//2021
f 1889//1889 2021//2021 2075//2075
f 1889//1889 2075//2075 1916//1916
f 2021//2021 2024//2024 2076//2076
f 2021//2021 2076//2076 2075//2075
f 2022//2022 2025//2025 2024//2024
f 2022//2022 2023//2023 2025//2025
f 2023//2023 2033//2033 2025//2025
f 2024//2024 2025//2025 2077//2077
f 2015//2015 2016//2016 2027//2027
f 2012//2012 2015//2015 2026//2026
f 2015//2015 2027//2027 2026//2026
f 2019//2019 2026//2026 2031//2031
f 2026//2026 2027//2027 2032//2032
f 2016//2016 2028//2028 2029//2029
f 2028//2028 2057//2057 2059//2059
f 2016//2016 2029//2029 2027//2027
f 2027//2027 2029//2029 2030//2030
f 2028//2028 2059//2059 2029//2029
f 2026//2026 2032//2032 2031//2031
f 2027//2027 2030//2030 2032//2032
f 2029//2029 2059//2059 2063//2063
f 2029//2029 2063//2063 2030//2030
f 2023//2023 2031//2031 2033//2033
f 2031//2031 2032//2032 2034//2034
f 2031//2031 2034//2034 2033//2033
f 2025//2025 2033//2033 2078//2078
f 2030//2030 2080//2080 2032//2032
f 2032//2032 2080//2080 2034//2034
f 2030//2030 2063//2063 2082//2082
f 2030//2030 2082//2082 2080//2080
f 1808//1808 1809//1809 2038//2038
f 1808//1808 2038//2038 2036//2036
f 1807//1807 2036//2036 2035//2035
f 2035//2035 2036//2036 2040//2040
f 2036//2036 2038//2038 2041//2041
f 1809//1809 2037//2037 2038//2038
f 1809//1809 1810//1810 2037//2037
f 1810//1810 2044//2044 2037//2037
f 2037//2037 2042//2042 2038//2038
f 2035//2035 2040//2040 2039//2039
f 2036//2036 2041//2041 2040//2040
f 2039//2039 2040//2040 2058//2058
f 2040//2040 2041//2041 2061//2061
f 2038//2038 2042//2042 2041//2041
f 2037//2037 2050//2050 2042//2042
f 2041//2041 2042//2042 2062//2062
f 1810//1810 1819//1819 2044//2044
f 1819//1819 2043//2043 2045//2045
f 1819//1819 2045//2045 2044//2044
f 2043//2043 2046//2046 2048//2048
f 2046//2046 2047//2047 2049//2049
f 2043//2043 2048//2048 2045//2045
f 2046//2046 2049//2049 2048//2048
f 2047//2047 2053//2053 2049//2049
f 2044//2044 2045//2045 2051//2051
f 2037//2037 2044//2044 2050//2050
f 2044//2044 2051//2051 2050//2050
f 2042//2042 2050//2050 2069//2069
f 2050//2050 2051//2051 2054//2054
f 2045//2045 2048//2048 2052//2052
f 2048//2048 2049//2049 2053//2053
f 2045//2045 2052//2052 2051//2051
f 2048//2048 2053//2053 2052//2052
f 2042//2042 2069//2069 2062//2062
f 2050//2050 2054//2054 2069//2069
f 2051//2051 2052//2052 2055//2055
f 2051//2051 2055//2055 2054//2054
f 2052//2052 2053//2053 2056//2056
f 2052//2052 2056//2056 2055//2055
f 2053//2053 2074//2074 2056//2056
f 2039//2039 2058//2058 2057//2057
f 2040//2040 2061//2061 2058//2058
f 1755//1755 2179//2179 2053//2053
f 2057//2057 2058//2058 2060//2060
f 2058//2058 2061//2061 2065//2065
f 2057//2057 2060//2060 2059//2059
f 2058//2058 2065//2065 2060//2060
f 2041//2041 2062//2062 2061//2061
f 2061//2061 2066//2066 2065//2065
f 2061//2061 2062//2062 2066//2066
f 2062//2062 2070//2070 2066//2066
f 2059//2059 2060//2060 2064//2064
f 2059//2059 2064//2064 2063//2063
f 2060//2060 2065//2065 2067//2067
f 2060//2060 2067//2067 2064//2064
f 2065//2065 2066//2066 2068//2068
f 2065//2065 2068//2068 2067//2067
f 2066//2066 2072//2072 2068//2068
f 2063//2063 2083//2083 2082//2082
f 2063//2063 2064//2064 2083//2083
f 2064//2064 2067//2067 2086//2086
f 2062//2062 2069//2069 2070//2070
f 2069//2069 2071//2071 2070//2070
f 2054//2054 2071//2071 2069//2069
f 2054//2054 2055//2055 2073//2073
f 2055//2055 2056//2056 2074//2074
f 2070//2070 2071//2071 2090//2090
f 2066//2066 2070//2070 2072//2072
f 2070//2070 2090//2090 2072//2072
f 2054//2054 2073//2073 2071//2071
f 2055//2055 2074//2074 2073//2073
f 2053//2053 2096//2096 2074//2074
f 2071//2071 2073//2073 2091//2091
f 2073//2073 2074//2074 2092//2092
f 2071//2071 2091//2091 2090//2090
f 2073//2073 2092//2092 2091//2091
f 2024//2024 2077//2077 2076//2076
f 2025//2025 2078//2078 2077//2077
f 2033//2033 2079//2079 2078//2078
f 2033//2033 2034//2034 2079//2079
f 2078//2078 2079//2079 2114//2114
f 2080//2080 2082//2082 2084//2084
f 2034//2034 2080//2080 2081//2081
f 2034//2034 2081//2081 2079//2079
f 2080//2080 2084//2084 2081//2081
f 2079//2079 2081//2081 2117//2117
f 2081//2081 2084//2084 2149//2149
f 2067//2067 2068//2068 2087//2087
f 2082//2082 2083//2083 2085//2085
f 2064//2064 2086//2086 2083//2083
f 2083//2083 2086//2086 2088//2088
f 2082//2082 2085//2085 2084//2084
f 2084//2084 2085//2085 2150//2150
f 2083//2083 2088//2088 2085//2085
f 2067//2067 2087//2087 2086//2086
f 2068//2068 2093//2093 2087//2087
f 2086//2086 2087//2087 2089//2089
f 2087//2087 2097//2097 2089//2089
f 2086//2086 2089//2089 2088//2088
f 2085//2085 2088//2088 2153//2153
f 2085//2085 2153//2153 2150//2150
f 2088//2088 2154//2154 2153//2153
f 2088//2088 2089//2089 2154//2154
f 2089//2089 2156//2156 2154//2154
f 2068//2068 2072//2072 2093//2093
f 2072//2072 2090//2090 2094//2094
f 2090//2090 2091//2091 2095//2095
f 2090//2090 2095//2095 2094//2094
f 2074//2074 2096//2096 2092//2092
f 2091//2091 2096//2096 2095//2095
f 2091//2091 2092//2092 2096//2096
f 2072//2072 2094//2094 2093//2093
f 2087//2087 2093//2093 2097//2097
f 2093//2093 2094//2094 2098//2098
f 2053//2053 2179//2179 2096//2096
f 2094//2094 2095//2095 2099//2099
f 2095//2095 2096//2096 2100//2100
f 2093//2093 2098//2098 2097//2097
f 2089//2089 2097//2097 2156//2156
f 2097//2097 2098//2098 2157//2157
f 2097//2097 2157//2157 2156//2156
f 2094//2094 2099//2099 2098//2098
f 2095//2095 2100//2100 2099//2099
f 2098//2098 2099//2099 2158//2158
f 2096//2096 2159//2159 2100//2100
f 2099//2099 2100//2100 2159//2159
f 2098//2098 2158//2158 2157//2157
f 2099//2099 2159//2159 2158//2158
f 1916//1916 2075//2075 2101//2101
f 1916//1916 2101//2101 1957//1957
f 2075//2075 2076//2076 2102//2102
f 2075//2075 2102//2102 2101//2101
f 2101//2101 2102//2102 2105//2105
f 1957//1957 2101//2101 2104//2104
f 1957//1957 2104//2104 1959//1959
f 2101//2101 2105//2105 2104//2104
f 2076//2076 2077//2077 2103//2103
f 2076//2076 2103//2103 2102//2102
f 2077//2077 2113//2113 2103//2103
f 2102//2102 2103//2103 2106//2106
f 1959//1959 2104//2104 2107//2107
f 2104//2104 2105//2105 2109//2109
f 2102//2102 2106//2106 2105//2105
f 2103//2103 2115//2115 2106//2106
f 2105//2105 2106//2106 2110//2110
f 1959//1959 2107//2107 1965//1965
f 1965//1965 2107//2107 2108//2108
f 2104//2104 2109//2109 2107//2107
f 2107//2107 2109//2109 2111//2111
f 1965//1965 2108//2108 1967//1967
f 1967//1967 2125//2125 1989//1989
f 1967//1967 2108//2108 2125//2125
f 2107//2107 2111//2111 2108//2108
f 2108//2108 2111//2111 2127//2127
f 2108//2108 2127//2127 2125//2125
f 2105//2105 2110//2110 2109//2109
f 2109//2109 2112//2112 2111//2111
f 2106//2106 2119//2119 2110//2110
f 2109//2109 2110//2110 2112//2112
f 2110//2110 2121//2121 2112//2112
f 2077//2077 2078//2078 2113//2113
f 2078//2078 2114//2114 2113//2113
f 2079//2079 2117//2117 2114//2114
f 2103//2103 2113//2113 2115//2115
f 2113//2113 2114//2114 2116//2116
f 2113//2113 2116//2116 2115//2115
f 2106//2106 2115//2115 2119//2119
f 2115//2115 2120//2120 2119//2119
f 2115//2115 2116//2116 2120//2120
f 2114//2114 2117//2117 2118//2118
f 2081//2081 2149//2149 2117//2117
f 2117//2117 2149//2149 2151//2151
f 2117//2117 2151//2151 2118//2118
f 2114//2114 2118//2118 2116//2116
f 2116//2116 2118//2118 2123//2123
f 2116//2116 2123//2123 2120//2120
f 2118//2118 2162//2162 2123//2123
f 2118//2118 2151//2151 2162//2162
f 2110//2110 2119//2119 2121//2121
f 2119//2119 2120//2120 2122//2122
f 2111//2111 2128//2128 2127//2127
f 2111//2111 2112//2112 2128//2128
f 2112//2112 2137//2137 2128//2128
f 2119//2119 2122//2122 2121//2121
f 2112//2112 2121//2121 2137//2137
f 2121//2121 2138//2138 2137//2137
f 2121//2121 2122//2122 2138//2138
f 2120//2120 2123//2123 2124//2124
f 2120//2120 2124//2124 2122//2122
f 2123//2123 2162//2162 2164//2164
f 2123//2123 2164//2164 2124//2124
f 2122//2122 2124//2124 2141//2141
f 2122//2122 2141//2141 2138//2138
f 2124//2124 2164//2164 2188//2188
f 2124//2124 2188//2188 2141//2141
f 1989//1989 2126//2126 1994//1994
f 1989//1989 2125//2125 2126//2126
f 2125//2125 2127//2127 2129//2129
f 2125//2125 2129//2129 2126//2126
f 1994//1994 2126//2126 2131//2131
f 1994//1994 2131//2131 1997//1997
f 2126//2126 2129//2129 2133//2133
f 2126//2126 2133//2133 2131//2131
f 2127//2127 2130//2130 2129//2129
f 2127//2127 2128//2128 2130//2130
f 2128//2128 2139//2139 2130//2130
f 2129//2129 2134//2134 2133//2133
f 2129//2129 2130//2130 2134//2134
f 2130//2130 2143//2143 2134//2134
f 1997//1997 2131//2131 2132//2132
f 1997//1997 2132//2132 1999//1999
f 2131//2131 2135//2135 2132//2132
f 2131//2131 2133//2133 2135//2135
f 1999//1999 2132//2132 2973//2973
f 1999//1999 2973//2973 2883//2883
f 2132//2132 2135//2135 2975//2975
f 2132//2132 2975//2975 2973//2973
f 2133//2133 2136//2136 2135//2135
f 2133//2133 2134//2134 2136//2136
f 2134//2134 2145//2145 2136//2136
f 2135//2135 2977//2977 2975//2975
f 2135//2135 2136//2136 2977//2977
f 2136//2136 2987//2987 2977//2977
f 2128//2128 2137//2137 2139//2139
f 2137//2137 2140//2140 2139//2139
f 2137//2137 2138//2138 2140//2140
f 2130//2130 2139//2139 2143//2143
f 2139//2139 2144//2144 2143//2143
f 2139//2139 2140//2140 2144//2144
f 2138//2138 2141//2141 2142//2142
f 2138//2138 2142//2142 2140//2140
f 2141//2141 2188//2188 2190//2190
f 2141//2141 2190//2190 2142//2142
f 2140//2140 2142//2142 2147//2147
f 2140//2140 2147//2147 2144//2144
f 2142//2142 2190//2190 2196//2196
f 2142//2142 2196//2196 2147//2147
f 2134//2134 2143//2143 2145//2145
f 2143//2143 2146//2146 2145//2145
f 2143//2143 2144//2144 2146//2146
f 2136//2136 2145//2145 2987//2987
f 2145//2145 2991//2991 2987//2987
f 2145//2145 2146//2146 2991//2991
f 2144//2144 2147//2147 2148//2148
f 2144//2144 2148//2148 2146//2146
f 2147//2147 2196//2196 2197//2197
f 2147//2147 2197//2197 2148//2148
f 2146//2146 2148//2148 2993//2993
f 2146//2146 2993//2993 2991//2991
f 2148//2148 2197//2197 3026//3026
f 2148//2148 3026//3026 2993//2993
f 2084//2084 2150//2150 2149//2149
f 2149//2149 2152//2152 2151//2151
f 2149//2149 2150//2150 2152//2152
f 2150//2150 2153//2153 2155//2155
f 2150//2150 2155//2155 2152//2152
f 2151//2151 2152//2152 2163//2163
f 2153//2153 2160//2160 2155//2155
f 2153//2153 2154//2154 2160//2160
f 2154//2154 2172//2172 2160//2160
f 2154//2154 2156//2156 2172//2172
f 2156//2156 2157//2157 2173//2173
f 2096//2096 2179//2179 2159//2159
f 2151//2151 2163//2163 2162//2162
f 2152//2152 2155//2155 2167//2167
f 2152//2152 2167//2167 2163//2163
f 2155//2155 2161//2161 2167//2167
f 2155//2155 2160//2160 2161//2161
f 2160//2160 2174//2174 2161//2161
f 2162//2162 2163//2163 2165//2165
f 2162//2162 2165//2165 2164//2164
f 2163//2163 2167//2167 2168//2168
f 2163//2163 2168//2168 2165//2165
f 2164//2164 2165//2165 2166//2166
f 2164//2164 2166//2166 2188//2188
f 2165//2165 2168//2168 2170//2170
f 2165//2165 2170//2170 2166//2166
f 2167//2167 2169//2169 2168//2168
f 2161//2161 2169//2169 2167//2167
f 2161//2161 2180//2180 2169//2169
f 2168//2168 2169//2169 2171//2171
f 2168//2168 2171//2171 2170//2170
f 2169//2169 2182//2182 2171//2171
f 2156//2156 2173//2173 2172//2172
f 2160//2160 2172//2172 2174//2174
f 2172//2172 2173//2173 2175//2175
f 2172//2172 2175//2175 2174//2174
f 2157//2157 2158//2158 2176//2176
f 2157//2157 2176//2176 2173//2173
f 2158//2158 2159//2159 2177//2177
f 2158//2158 2177//2177 2176//2176
f 2159//2159 2179//2179 2177//2177
f 2173//2173 2176//2176 2178//2178
f 2176//2176 2177//2177 2179//2179
f 2173//2173 2178//2178 2175//2175
f 2176//2176 2179//2179 2178//2178
f 2161//2161 2174//2174 2180//2180
f 2174//2174 2181//2181 2180//2180
f 2174//2174 2175//2175 2181//2181
f 2175//2175 2178//2178 2184//2184
f 2178//2178 2179//2179 2185//2185
f 2169//2169 2180//2180 2182//2182
f 2180//2180 2183//2183 2182//2182
f 2180//2180 2181//2181 2183//2183
f 2175//2175 2184//2184 2181//2181
f 2178//2178 2185//2185 2184//2184
f 2179//2179 2187//2187 2185//2185
f 2181//2181 2184//2184 2186//2186
f 2181//2181 2186//2186 2183//2183
f 2184//2184 2185//2185 2187//2187
f 2184//2184 2187//2187 2186//2186
f 2179//2179 2208//2208 2187//2187
f 2166//2166 2189//2189 2188//2188
f 2188//2188 2189//2189 2190//2190
f 2166//2166 2170//2170 2192//2192
f 2166//2166 2192//2192 2189//2189
f 2189//2189 2191//2191 2190//2190
f 2190//2190 2191//2191 2196//2196
f 2189//2189 2192//2192 2194//2194
f 2189//2189 2194//2194 2191//2191
f 2170//2170 2193//2193 2192//2192
f 2170//2170 2171//2171 2193//2193
f 2171//2171 2201//2201 2193//2193
f 2192//2192 2195//2195 2194//2194
f 2192//2192 2193//2193 2195//2195
f 2193//2193 2203//2203 2195//2195
f 2191//2191 2198//2198 2196//2196
f 2196//2196 2198//2198 2197//2197
f 2191//2191 2194//2194 2199//2199
f 2191//2191 2199//2199 2198//2198
f 2197//2197 2198//2198 3027//3027
f 2197//2197 3027//3027 3026//3026
f 2198//2198 3031//3031 3027//3027
f 2198//2198 2199//2199 3031//3031
f 2194//2194 2200//2200 2199//2199
f 2194//2194 2195//2195 2200//2200
f 2195//2195 2209//2209 2200//2200
f 2199//2199 3032//3032 3031//3031
f 2199//2199 2200//2200 3032//3032
f 2200//2200 3043//3043 3032//3032
f 2171//2171 2182//2182 2201//2201
f 2182//2182 2183//2183 2202//2202
f 2182//2182 2202//2202 2201//2201
f 2193//2193 2201//2201 2203//2203
f 2201//2201 2204//2204 2203//2203
f 2201//2201 2202//2202 2204//2204
f 2183//2183 2186//2186 2205//2205
f 2183//2183 2205//2205 2202//2202
f 2186//2186 2187//2187 2206//2206
f 2186//2186 2206//2206 2205//2205
f 2187//2187 2208//2208 2206//2206
f 2202//2202 2205//2205 2207//2207
f 2202//2202 2207//2207 2204//2204
f 2205//2205 2206//2206 2208//2208
f 2179//2179 3056//3056 2208//2208
f 2205//2205 2208//2208 2207//2207
f 2195//2195 2203//2203 2209//2209
f 2203//2203 2210//2210 2209//2209
f 2203//2203 2204//2204 2210//2210
f 2200//2200 2209//2209 3043//3043
f 2209//2209 3044//3044 3043//3043
f 2209//2209 2210//2210 3044//3044
f 2204//2204 2207//2207 2211//2211
f 2204//2204 2211//2211 2210//2210
f 2207//2207 2208//2208 2212//2212
f 2207//2207 2212//2212 2211//2211
f 2208//2208 3048//3048 2212//2212
f 2210//2210 2211//2211 3047//3047
f 2210//2210 3047//3047 3044//3044
f 2211//2211 2212//2212 3048//3048
f 2211//2211 3048//3048 3047//3047
f 1085//1085 2215//2215 2214//2214
f 1086//1086 2216//2216 2215//2215
f 1087//1087 2217//2217 2216//2216
f 1088//1088 2222//2222 2217//2217
f 2213//2213 2219//2219 2218//2218
f 2213//2213 2214//2214 2219//2219
f 2215//2215 2220//2220 2219//2219
f 2214//2214 2215//2215 2219//2219
f 2215//2215 2216//2216 2220//2220
f 2216//2216 2221//2221 2220//2220
f 2217//2217 2230//2230 2221//2221
f 2216//2216 2217//2217 2221//2221
f 2217//2217 2222//2222 2230//2230
f 1097//1097 2223//2223 2222//2222
f 1098//1098 2224//2224 2223//2223
f 1099//1099 2225//2225 2224//2224
f 1100//1100 2226//2226 2225//2225
f 1101//1101 2227//2227 2226//2226
f 1102//1102 2228//2228 2227//2227
f 1103//1103 2229//2229 2228//2228
f 2222//2222 2231//2231 2230//2230
f 2223//2223 2232//2232 2231//2231
f 2222//2222 2223//2223 2231//2231
f 2223//2223 2224//2224 2232//2232
f 2224//2224 2233//2233 2232//2232
f 2225//2225 2234//2234 2233//2233
f 2224//2224 2225//2225 2233//2233
f 2226//2226 2235//2235 2234//2234
f 2225//2225 2226//2226 2234//2234
f 2226//2226 2227//2227 2235//2235
f 2227//2227 2236//2236 2235//2235
f 2228//2228 2237//2237 2236//2236
f 2227//2227 2228//2228 2236//2236
f 2228//2228 2229//2229 2237//2237
f 1177//1177 2238//2238 1183//1183
f 2238//2238 2239//2239 2240//2240
f 2239//2239 2246//2246 2243//2243
f 1183//1183 2238//2238 2240//2240
f 1183//1183 2240//2240 1184//1184
f 1184//1184 2240//2240 2241//2241
f 1184//1184 2241//2241 1186//1186
f 1186//1186 2242//2242 1209//1209
f 1186//1186 2241//2241 2242//2242
f 1209//1209 2242//2242 2254//2254
f 2239//2239 2243//2243 2240//2240
f 2243//2243 2248//2248 2244//2244
f 2240//2240 2243//2243 2241//2241
f 2241//2241 2243//2243 2244//2244
f 2241//2241 2244//2244 2242//2242
f 2242//2242 2244//2244 2245//2245
f 2242//2242 2245//2245 2254//2254
f 2245//2245 2258//2258 2254//2254
f 2246//2246 2247//2247 2248//2248
f 2247//2247 2301//2301 2251//2251
f 2243//2243 2246//2246 2248//2248
f 2244//2244 2248//2248 2249//2249
f 2248//2248 2251//2251 2249//2249
f 2249//2249 2252//2252 2250//2250
f 2244//2244 2249//2249 2245//2245
f 2245//2245 2249//2249 2250//2250
f 2245//2245 2250//2250 2258//2258
f 2250//2250 2270//2270 2258//2258
f 2250//2250 2253//2253 2270//2270
f 2247//2247 2251//2251 2248//2248
f 2249//2249 2251//2251 2252//2252
f 2251//2251 2301//2301 2302//2302
f 2251//2251 2302//2302 2252//2252
f 2252//2252 2302//2302 2303//2303
f 2250//2250 2252//2252 2253//2253
f 2253//2253 2274//2274 2270//2270
f 2252//2252 2303//2303 2253//2253
f 2253//2253 2303//2303 2305//2305
f 2253//2253 2305//2305 2274//2274
f 1209//1209 2254//2254 1210//1210
f 1210//1210 2255//2255 1213//1213
f 1210//1210 2254//2254 2255//2255
f 1213//1213 2255//2255 2256//2256
f 1213//1213 2256//2256 1214//1214
f 1214//1214 2257//2257 1218//1218
f 1214//1214 2256//2256 2257//2257
f 2254//2254 2258//2258 2255//2255
f 2255//2255 2258//2258 2259//2259
f 2255//2255 2259//2259 2256//2256
f 2256//2256 2259//2259 2260//2260
f 2256//2256 2260//2260 2257//2257
f 2257//2257 2261//2261 2262//2262
f 2257//2257 2260//2260 2261//2261
f 1218//1218 2262//2262 1222//1222
f 1218//1218 2257//2257 2262//2262
f 2262//2262 2263//2263 2265//2265
f 2261//2261 2263//2263 2262//2262
f 2263//2263 2264//2264 2265//2265
f 1222//1222 2262//2262 2265//2265
f 1222//1222 2265//2265 1225//1225
f 1225//1225 2266//2266 1226//1226
f 1225//1225 2265//2265 2266//2266
f 1226//1226 2266//2266 2267//2267
f 2264//2264 2266//2266 2265//2265
f 2266//2266 2268//2268 2267//2267
f 2264//2264 2268//2268 2266//2266
f 2267//2267 2268//2268 2269//2269
f 2258//2258 2270//2270 2259//2259
f 2259//2259 2270//2270 2271//2271
f 2259//2259 2271//2271 2260//2260
f 2260//2260 2271//2271 2272//2272
f 2270//2270 2274//2274 2271//2271
f 2271//2271 2275//2275 2272//2272
f 2260//2260 2272//2272 2261//2261
f 2261//2261 2273//2273 2263//2263
f 2261//2261 2272//2272 2273//2273
f 2272//2272 2276//2276 2273//2273
f 2274//2274 2320//2320 2275//2275
f 2271//2271 2274//2274 2275//2275
f 2272//2272 2275//2275 2276//2276
f 2275//2275 2321//2321 2276//2276
f 2273//2273 2276//2276 2277//2277
f 2273//2273 2277//2277 2278//2278
f 2276//2276 2322//2322 2277//2277
f 2277//2277 2323//2323 2281//2281
f 2263//2263 2278//2278 2264//2264
f 2263//2263 2273//2273 2278//2278
f 2264//2264 2278//2278 2279//2279
f 2264//2264 2279//2279 2268//2268
f 2268//2268 2279//2279 2280//2280
f 2278//2278 2281//2281 2279//2279
f 2277//2277 2281//2281 2278//2278
f 2279//2279 2281//2281 2282//2282
f 2281//2281 2330//2330 2282//2282
f 2279//2279 2282//2282 2280//2280
f 2280//2280 2282//2282 2283//2283
f 2280//2280 2283//2283 2285//2285
f 2283//2283 2284//2284 2285//2285
f 2282//2282 2331//2331 2283//2283
f 2283//2283 2332//2332 2284//2284
f 2268//2268 2280//2280 2269//2269
f 2269//2269 2280//2280 2285//2285
f 2286//2286 2287//2287 2304//2304
f 2287//2287 2291//2291 2288//2288
f 2287//2287 2288//2288 2304//2304
f 2288//2288 2306//2306 2304//2304
f 2288//2288 2289//2289 2306//2306
f 2289//2289 2290//2290 2307//2307
f 2291//2291 2292//2292 2294//2294
f 2292//2292 2293//2293 2297//2297
f 2292//2292 2297//2297 2294//2294
f 2288//2288 2291//2291 2294//2294
f 2288//2288 2294//2294 2289//2289
f 2289//2289 2294//2294 2295//2295
f 2294//2294 2297//2297 2295//2295
f 2289//2289 2295//2295 2290//2290
f 2290//2290 2295//2295 2296//2296
f 2290//2290 2296//2296 2326//2326
f 2296//2296 2308//2308 2326//2326
f 2295//2295 2298//2298 2296//2296
f 2296//2296 2300//2300 2308//2308
f 2297//2297 2299//2299 2298//2298
f 2293//2293 2299//2299 2297//2297
f 2298//2298 2299//2299 2928//2928
f 2295//2295 2297//2297 2298//2298
f 2298//2298 2928//2928 2300//2300
f 2300//2300 2928//2928 2929//2929
f 2300//2300 2929//2929 2312//2312
f 2312//2312 2929//2929 2936//2936
f 2296//2296 2298//2298 2300//2300
f 2300//2300 2312//2312 2308//2308
f 2286//2286 2302//2302 2301//2301
f 2302//2302 2304//2304 2303//2303
f 2286//2286 2304//2304 2302//2302
f 2303//2303 2304//2304 2306//2306
f 2274//2274 2305//2305 2320//2320
f 2303//2303 2306//2306 2305//2305
f 2305//2305 2306//2306 2307//2307
f 2307//2307 2324//2324 2320//2320
f 2305//2305 2307//2307 2320//2320
f 2289//2289 2307//2307 2306//2306
f 2290//2290 2324//2324 2307//2307
f 2290//2290 2326//2326 2324//2324
f 2308//2308 2327//2327 2326//2326
f 2308//2308 2309//2309 2327//2327
f 2308//2308 2312//2312 2309//2309
f 2309//2309 2310//2310 2338//2338
f 2313//2313 2936//2936 2937//2937
f 2309//2309 2312//2312 2313//2313
f 2309//2309 2313//2313 2310//2310
f 2310//2310 2313//2313 2314//2314
f 2312//2312 2936//2936 2313//2313
f 2313//2313 2937//2937 2314//2314
f 2310//2310 2314//2314 2311//2311
f 2311//2311 2315//2315 2342//2342
f 2311//2311 2314//2314 2315//2315
f 2314//2314 2940//2940 2315//2315
f 2315//2315 2941//2941 2316//2316
f 2315//2315 2316//2316 2342//2342
f 2316//2316 2345//2345 2342//2342
f 2316//2316 2317//2317 2345//2345
f 2317//2317 2318//2318 2346//2346
f 2275//2275 2320//2320 2321//2321
f 2320//2320 2324//2324 2321//2321
f 2321//2321 2324//2324 2325//2325
f 2321//2321 2325//2325 2322//2322
f 2322//2322 2325//2325 2328//2328
f 2276//2276 2321//2321 2322//2322
f 2322//2322 2328//2328 2323//2323
f 2323//2323 2328//2328 2329//2329
f 2277//2277 2322//2322 2323//2323
f 2323//2323 2329//2329 2330//2330
f 2324//2324 2326//2326 2325//2325
f 2325//2325 2327//2327 2328//2328
f 2325//2325 2326//2326 2327//2327
f 2327//2327 2338//2338 2328//2328
f 2328//2328 2338//2338 2329//2329
f 2329//2329 2338//2338 2339//2339
f 2329//2329 2339//2339 2334//2334
f 2281//2281 2323//2323 2330//2330
f 2282//2282 2330//2330 2331//2331
f 2330//2330 2334//2334 2331//2331
f 2283//2283 2331//2331 2332//2332
f 2284//2284 2332//2332 2333//2333
f 2331//2331 2335//2335 2332//2332
f 2332//2332 2336//2336 2333//2333
f 2329//2329 2334//2334 2330//2330
f 2334//2334 2340//2340 2335//2335
f 2334//2334 2339//2339 2340//2340
f 2335//2335 2340//2340 2341//2341
f 2331//2331 2334//2334 2335//2335
f 2335//2335 2341//2341 2336//2336
f 2336//2336 2341//2341 2343//2343
f 2332//2332 2335//2335 2336//2336
f 2333//2333 2336//2336 2337//2337
f 2336//2336 2343//2343 2337//2337
f 2309//2309 2338//2338 2327//2327
f 2310//2310 2339//2339 2338//2338
f 2311//2311 2340//2340 2339//2339
f 2310//2310 2311//2311 2339//2339
f 2340//2340 2342//2342 2341//2341
f 2311//2311 2342//2342 2340//2340
f 2341//2341 2342//2342 2345//2345
f 2337//2337 2343//2343 2344//2344
f 2343//2343 2345//2345 2346//2346
f 2341//2341 2345//2345 2343//2343
f 2343//2343 2346//2346 2344//2344
f 2344//2344 2346//2346 2347//2347
f 2317//2317 2346//2346 2345//2345
f 2318//2318 2347//2347 2346//2346
f 2318//2318 2319//2319 2347//2347
f 1104//1104 2348//2348 2229//2229
f 1233//1233 2349//2349 2348//2348
f 1234//1234 2350//2350 2349//2349
f 1235//1235 2351//2351 2350//2350
f 1236//1236 2352//2352 2351//2351
f 1237//1237 2353//2353 2352//2352
f 1238//1238 2360//2360 2353//2353
f 2229//2229 2354//2354 2237//2237
f 2348//2348 2355//2355 2354//2354
f 2229//2229 2348//2348 2354//2354
f 2348//2348 2349//2349 2355//2355
f 2349//2349 2356//2356 2355//2355
f 2350//2350 2357//2357 2356//2356
f 2349//2349 2350//2350 2356//2356
f 2351//2351 2358//2358 2357//2357
f 2350//2350 2351//2351 2357//2357
f 2351//2351 2352//2352 2358//2358
f 2352//2352 2359//2359 2358//2358
f 2353//2353 2368//2368 2359//2359
f 2352//2352 2353//2353 2359//2359
f 2353//2353 2360//2360 2368//2368
f 1247//1247 2361//2361 2360//2360
f 1248//1248 2362//2362 2361//2361
f 1249//1249 2363//2363 2362//2362
f 1250//1250 2364//2364 2363//2363
f 1251//1251 2365//2365 2364//2364
f 1252//1252 2366//2366 2365//2365
f 1253//1253 2367//2367 2366//2366
f 2367//2367 2478//2478 2375//2375
f 2360//2360 2369//2369 2368//2368
f 2361//2361 2370//2370 2369//2369
f 2360//2360 2361//2361 2369//2369
f 2361//2361 2362//2362 2370//2370
f 2362//2362 2371//2371 2370//2370
f 2363//2363 2372//2372 2371//2371
f 2362//2362 2363//2363 2371//2371
f 2364//2364 2373//2373 2372//2372
f 2363//2363 2364//2364 2372//2372
f 2364//2364 2365//2365 2373//2373
f 2365//2365 2374//2374 2373//2373
f 2366//2366 2375//2375 2374//2374
f 2365//2365 2366//2366 2374//2374
f 2366//2366 2367//2367 2375//2375
f 2375//2375 2478//2478 2480//2480
f 2375//2375 2480//2480 2481//2481
f 2367//2367 1410//1410 1402//1402
f 2367//2367 2476//2476 2478//2478
f 2367//2367 1402//1402 2476//2476
f 2367//2367 1408//1408 1410//1410
f 2375//2375 2481//2481 2482//2482
f 2375//2375 2482//2482 2483//2483
f 2375//2375 2483//2483 2484//2484
f 2375//2375 2484//2484 2485//2485
f 2375//2375 2485//2485 2488//2488
f 2375//2375 2488//2488 2489//2489
f 2375//2375 2489//2489 2490//2490
f 2375//2375 2490//2490 2505//2505
f 2375//2375 2505//2505 2519//2519
f 2375//2375 2519//2519 2521//2521
f 2179//2179 2375//2375 2521//2521
f 1226//1226 2267//2267 1334//1334
f 1334//1334 2376//2376 1337//1337
f 1334//1334 2267//2267 2376//2376
f 1337//1337 2376//2376 2377//2377
f 1337//1337 2377//2377 1338//1338
f 1338//1338 2378//2378 1343//1343
f 1338//1338 2377//2377 2378//2378
f 2267//2267 2269//2269 2376//2376
f 2376//2376 2379//2379 2377//2377
f 2269//2269 2379//2379 2376//2376
f 2377//2377 2379//2379 2380//2380
f 2377//2377 2380//2380 2378//2378
f 2378//2378 2381//2381 2382//2382
f 2378//2378 2380//2380 2381//2381
f 1343//1343 2382//2382 1345//1345
f 1343//1343 2378//2378 2382//2382
f 1345//1345 2382//2382 2383//2383
f 1345//1345 2383//2383 1347//1347
f 1347//1347 2384//2384 1492//1492
f 1347//1347 2383//2383 2384//2384
f 1492//1492 2384//2384 2598//2598
f 2382//2382 2385//2385 2383//2383
f 2381//2381 2385//2385 2382//2382
f 2383//2383 2385//2385 2386//2386
f 2383//2383 2386//2386 2384//2384
f 2384//2384 2387//2387 2598//2598
f 2384//2384 2386//2386 2387//2387
f 2387//2387 2600//2600 2598//2598
f 2269//2269 2285//2285 2379//2379
f 2379//2379 2388//2388 2380//2380
f 2285//2285 2388//2388 2379//2379
f 2380//2380 2388//2388 2389//2389
f 2380//2380 2389//2389 2381//2381
f 2381//2381 2390//2390 2385//2385
f 2381//2381 2389//2389 2390//2390
f 2284//2284 2388//2388 2285//2285
f 2284//2284 2391//2391 2388//2388
f 2388//2388 2391//2391 2389//2389
f 2389//2389 2391//2391 2392//2392
f 2389//2389 2392//2392 2390//2390
f 2390//2390 2393//2393 2394//2394
f 2390//2390 2392//2392 2393//2393
f 2385//2385 2394//2394 2386//2386
f 2385//2385 2390//2390 2394//2394
f 2386//2386 2394//2394 2395//2395
f 2386//2386 2395//2395 2387//2387
f 2387//2387 2395//2395 2396//2396
f 2387//2387 2396//2396 2600//2600
f 2396//2396 2696//2696 2600//2600
f 2394//2394 2397//2397 2395//2395
f 2393//2393 2397//2397 2394//2394
f 2395//2395 2397//2397 2398//2398
f 2395//2395 2398//2398 2396//2396
f 2396//2396 2399//2399 2696//2696
f 2396//2396 2398//2398 2399//2399
f 2399//2399 2702//2702 2696//2696
f 2477//2477 2476//2476 1402//1402
f 2478//2478 2479//2479 2480//2480
f 2486//2486 2494//2494 2487//2487
f 2491//2491 2505//2505 2490//2490
f 2491//2491 2492//2492 2505//2505
f 2493//2493 2505//2505 2492//2492
f 2494//2494 2496//2496 2487//2487
f 2494//2494 2495//2495 2496//2496
f 2496//2496 2495//2495 2501//2501
f 2497//2497 2501//2501 2495//2495
f 2496//2496 2501//2501 2504//2504
f 2504//2504 2501//2501 2502//2502
f 2502//2502 2509//2509 2504//2504
f 2498//2498 2499//2499 2497//2497
f 2498//2498 2500//2500 2499//2499
f 2501//2501 2497//2497 2499//2499
f 2502//2502 2511//2511 2509//2509
f 2502//2502 2512//2512 2511//2511
f 2502//2502 2513//2513 2512//2512
f 2502//2502 2514//2514 2513//2513
f 2503//2503 2514//2514 2502//2502
f 2493//2493 2504//2504 2505//2505
f 2504//2504 2509//2509 2505//2505
f 2505//2505 2509//2509 2506//2506
f 2507//2507 2506//2506 2510//2510
f 2510//2510 2506//2506 2509//2509
f 2507//2507 2510//2510 2515//2515
f 2507//2507 2515//2515 2516//2516
f 2516//2516 2515//2515 2517//2517
f 2522//2522 2516//2516 2517//2517
f 2522//2522 2517//2517 2518//2518
f 2521//2521 2519//2519 2520//2520
f 2518//2518 2523//2523 2522//2522
f 2518//2518 2524//2524 2523//2523
f 2525//2525 2523//2523 2524//2524
f 2525//2525 2524//2524 2526//2526
f 1492//1492 2598//2598 1493//1493
f 1493//1493 2599//2599 1494//1494
f 1493//1493 2598//2598 2599//2599
f 1494//1494 2599//2599 2604//2604
f 1494//1494 2604//2604 1495//1495
f 1495//1495 2605//2605 1506//1506
f 1495//1495 2604//2604 2605//2605
f 2598//2598 2600//2600 2599//2599
f 2599//2599 2694//2694 2604//2604
f 2599//2599 2600//2600 2694//2694
f 2604//2604 2694//2694 2700//2700
f 2604//2604 2700//2700 2605//2605
f 2605//2605 2701//2701 2651//2651
f 2605//2605 2700//2700 2701//2701
f 2607//2607 2610//2610 2608//2608
f 2609//2609 2606//2606 2608//2608
f 2609//2609 2514//2514 2503//2503
f 2620//2620 2619//2619 2621//2621
f 2526//2526 2524//2524 2626//2626
f 2627//2627 2629//2629 2626//2626
f 2526//2526 2626//2626 2528//2528
f 2626//2626 2628//2628 2528//2528
f 2628//2628 2626//2626 2629//2629
f 2628//2628 2629//2629 2630//2630
f 2629//2629 2631//2631 2630//2630
f 2630//2630 2631//2631 2635//2635
f 2631//2631 2636//2636 2635//2635
f 2632//2632 2633//2633 2631//2631
f 2631//2631 2633//2633 2636//2636
f 2633//2633 2634//2634 2640//2640
f 2642//2642 2641//2641 2634//2634
f 2633//2633 2639//2639 2636//2636
f 2638//2638 2633//2633 2640//2640
f 2639//2639 2633//2633 2638//2638
f 2641//2641 2640//2640 2634//2634
f 2642//2642 2643//2643 2641//2641
f 2645//2645 2647//2647 2644//2644
f 2648//2648 2647//2647 2645//2645
f 2646//2646 2649//2649 2645//2645
f 2648//2648 2645//2645 2649//2649
f 1506//1506 2651//2651 1507//1507
f 1506//1506 2605//2605 2651//2651
f 1507//1507 2651//2651 2652//2652
f 1479//1479 2654//2654 2653//2653
f 1479//1479 2655//2655 2654//2654
f 1479//1479 2656//2656 2655//2655
f 1507//1507 2652//2652 1508//1508
f 1479//1479 2657//2657 2656//2656
f 1479//1479 2659//2659 2657//2657
f 1479//1479 2660//2660 2659//2659
f 1479//1479 2663//2663 2660//2660
f 1479//1479 1509//1509 2727//2727
f 1508//1508 2661//2661 1509//1509
f 1508//1508 2652//2652 2661//2661
f 1479//1479 2664//2664 2663//2663
f 1479//1479 2665//2665 2664//2664
f 1479//1479 2729//2729 2665//2665
f 1509//1509 2661//2661 2662//2662
f 2651//2651 2719//2719 2652//2652
f 2651//2651 2701//2701 2719//2719
f 2652//2652 2719//2719 2720//2720
f 2658//2658 2657//2657 2659//2659
f 2652//2652 2720//2720 2661//2661
f 1509//1509 2662//2662 2727//2727
f 2661//2661 2726//2726 2662//2662
f 2661//2661 2720//2720 2726//2726
f 2662//2662 2726//2726 2727//2727
f 2600//2600 2696//2696 2694//2694
f 2694//2694 2703//2703 2700//2700
f 2694//2694 2696//2696 2703//2703
f 2700//2700 2703//2703 2704//2704
f 2700//2700 2704//2704 2701//2701
f 2701//2701 2705//2705 2719//2719
f 2701//2701 2704//2704 2705//2705
f 2696//2696 2702//2702 2703//2703
f 2702//2702 2758//2758 2703//2703
f 2703//2703 2758//2758 2704//2704
f 2704//2704 2758//2758 2761//2761
f 2704//2704 2761//2761 2705//2705
f 2705//2705 2762//2762 2730//2730
f 2705//2705 2761//2761 2762//2762
f 2719//2719 2730//2730 2720//2720
f 2705//2705 2730//2730 2719//2719
f 2720//2720 2730//2730 2731//2731
f 2720//2720 2731//2731 2726//2726
f 1479//1479 2789//2789 2729//2729
f 1479//1479 2727//2727 2789//2789
f 2726//2726 2732//2732 2727//2727
f 2726//2726 2731//2731 2732//2732
f 2727//2727 2732//2732 2733//2733
f 2730//2730 2768//2768 2731//2731
f 2730//2730 2762//2762 2768//2768
f 2731//2731 2768//2768 2769//2769
f 2789//2789 2718//2718 2721//2721
f 2789//2789 2721//2721 2722//2722
f 2789//2789 2722//2722 2723//2723
f 2789//2789 2723//2723 2724//2724
f 2789//2789 2724//2724 2725//2725
f 2789//2789 2725//2725 2728//2728
f 2731//2731 2769//2769 2732//2732
f 2727//2727 2733//2733 2771//2771
f 2732//2732 2770//2770 2733//2733
f 2732//2732 2769//2769 2770//2770
f 2789//2789 2728//2728 2729//2729
f 2733//2733 2770//2770 2771//2771
f 2284//2284 2333//2333 2391//2391
f 2333//2333 2734//2734 2391//2391
f 2391//2391 2734//2734 2392//2392
f 2392//2392 2734//2734 2735//2735
f 2333//2333 2337//2337 2734//2734
f 2734//2734 2737//2737 2735//2735
f 2337//2337 2737//2737 2734//2734
f 2735//2735 2737//2737 2738//2738
f 2337//2337 2344//2344 2737//2737
f 2737//2737 2746//2746 2738//2738
f 2735//2735 2738//2738 2736//2736
f 2736//2736 2739//2739 2742//2742
f 2736//2736 2738//2738 2739//2739
f 2738//2738 2747//2747 2739//2739
f 2739//2739 2748//2748 2740//2740
f 2392//2392 2735//2735 2393//2393
f 2393//2393 2736//2736 2397//2397
f 2393//2393 2735//2735 2736//2736
f 2739//2739 2740//2740 2742//2742
f 2740//2740 2741//2741 2743//2743
f 2397//2397 2742//2742 2398//2398
f 2397//2397 2736//2736 2742//2742
f 2398//2398 2742//2742 2743//2743
f 2398//2398 2743//2743 2399//2399
f 2399//2399 2744//2744 2702//2702
f 2399//2399 2743//2743 2744//2744
f 2702//2702 2744//2744 2759//2759
f 2740//2740 2743//2743 2742//2742
f 2741//2741 2744//2744 2743//2743
f 2741//2741 2745//2745 2744//2744
f 2744//2744 2745//2745 2759//2759
f 2745//2745 2763//2763 2759//2759
f 2344//2344 2347//2347 2746//2746
f 2347//2347 2749//2749 2746//2746
f 2746//2746 2749//2749 2747//2747
f 2344//2344 2746//2746 2737//2737
f 2738//2738 2746//2746 2747//2747
f 2739//2739 2747//2747 2748//2748
f 2747//2747 2750//2750 2748//2748
f 2748//2748 2751//2751 2752//2752
f 2319//2319 2749//2749 2347//2347
f 2747//2747 2749//2749 2750//2750
f 2319//2319 3123//3123 2749//2749
f 2749//2749 3123//3123 2750//2750
f 2750//2750 3123//3123 3124//3124
f 2748//2748 2750//2750 2751//2751
f 2750//2750 3124//3124 2751//2751
f 2751//2751 3124//3124 3125//3125
f 2751//2751 3125//3125 2755//2755
f 2740//2740 2748//2748 2752//2752
f 2740//2740 2752//2752 2741//2741
f 2741//2741 2752//2752 2753//2753
f 2752//2752 2755//2755 2753//2753
f 2741//2741 2753//2753 2745//2745
f 2745//2745 2753//2753 2754//2754
f 2745//2745 2754//2754 2763//2763
f 2754//2754 2776//2776 2763//2763
f 2753//2753 2756//2756 2754//2754
f 2755//2755 3125//3125 3126//3126
f 2755//2755 3126//3126 2756//2756
f 2751//2751 2755//2755 2752//2752
f 2753//2753 2755//2755 2756//2756
f 2756//2756 3127//3127 2757//2757
f 2754//2754 2756//2756 2757//2757
f 2757//2757 2779//2779 2776//2776
f 2754//2754 2757//2757 2776//2776
f 2757//2757 3128//3128 2779//2779
f 3188//3188 2521//2521 2527//2527
f 3188//3188 2527//2527 2529//2529
f 3188//3188 2529//2529 2530//2530
f 3188//3188 2530//2530 2531//2531
f 3188//3188 2531//2531 2532//2532
f 3188//3188 2532//2532 2534//2534
f 3188//3188 2534//2534 2706//2706
f 3188//3188 2706//2706 2707//2707
f 3188//3188 2707//2707 2708//2708
f 3188//3188 2708//2708 2709//2709
f 3188//3188 2709//2709 2710//2710
f 3188//3188 2710//2710 2711//2711
f 3188//3188 2711//2711 2712//2712
f 3188//3188 2712//2712 2713//2713
f 2702//2702 2759//2759 2758//2758
f 2758//2758 2760//2760 2761//2761
f 2758//2758 2759//2759 2760//2760
f 2760//2760 2765//2765 2761//2761
f 2762//2762 2765//2765 2766//2766
f 2761//2761 2765//2765 2762//2762
f 2762//2762 2766//2766 2768//2768
f 2759//2759 2763//2763 2760//2760
f 2760//2760 2764//2764 2765//2765
f 2760//2760 2763//2763 2764//2764
f 2764//2764 2767//2767 2765//2765
f 2765//2765 2767//2767 2766//2766
f 2766//2766 2783//2783 2772//2772
f 2766//2766 2767//2767 2783//2783
f 3188//3188 2713//2713 2714//2714
f 3188//3188 2714//2714 2715//2715
f 3188//3188 2715//2715 2716//2716
f 3188//3188 2716//2716 2717//2717
f 3188//3188 2717//2717 2718//2718
f 2768//2768 2772//2772 2769//2769
f 2766//2766 2772//2772 2768//2768
f 2769//2769 2772//2772 2773//2773
f 2769//2769 2773//2773 2770//2770
f 2727//2727 2771//2771 2789//2789
f 2770//2770 2774//2774 2771//2771
f 2770//2770 2773//2773 2774//2774
f 2771//2771 2774//2774 2775//2775
f 2772//2772 2786//2786 2773//2773
f 2772//2772 2783//2783 2786//2786
f 2773//2773 2786//2786 2787//2787
f 2774//2774 2787//2787 2788//2788
f 2775//2775 2788//2788 2789//2789
f 2773//2773 2787//2787 2774//2774
f 2771//2771 2775//2775 2789//2789
f 2774//2774 2788//2788 2775//2775
f 2764//2764 2776//2776 2777//2777
f 2776//2776 2779//2779 2777//2777
f 2777//2777 2779//2779 2780//2780
f 2777//2777 2780//2780 2778//2778
f 2778//2778 2780//2780 2781//2781
f 2779//2779 3148//3148 2780//2780
f 2778//2778 2781//2781 2784//2784
f 2782//2782 2790//2790 2784//2784
f 2781//2781 2782//2782 2784//2784
f 2763//2763 2776//2776 2764//2764
f 2764//2764 2777//2777 2767//2767
f 2767//2767 2777//2777 2778//2778
f 2767//2767 2778//2778 2783//2783
f 2783//2783 2784//2784 2786//2786
f 2778//2778 2784//2784 2783//2783
f 2782//2782 2785//2785 2790//2790
f 2785//2785 3156//3156 2791//2791
f 2789//2789 3188//3188 2718//2718
f 2789//2789 3160//3160 3166//3166
f 2786//2786 2790//2790 2787//2787
f 2784//2784 2790//2790 2786//2786
f 2787//2787 2790//2790 2791//2791
f 2787//2787 2791//2791 2788//2788
f 2788//2788 2792//2792 2789//2789
f 2788//2788 2791//2791 2792//2792
f 2789//2789 2792//2792 2793//2793
f 2785//2785 2791//2791 2790//2790
f 2791//2791 3156//3156 2792//2792
f 2789//2789 2793//2793 3160//3160
f 2792//2792 3159//3159 2793//2793
f 2792//2792 3156//3156 3159//3159
f 2793//2793 3159//3159 3160//3160
f 2794//2794 2799//2799 2795//2795
f 2797//2797 2798//2798 2803//2803
f 2796//2796 2797//2797 2802//2802
f 2795//2795 2805//2805 2798//2798
f 2795//2795 2799//2799 2805//2805
f 2794//2794 2843//2843 2799//2799
f 2799//2799 2843//2843 2800//2800
f 2800//2800 2843//2843 2845//2845
f 2800//2800 2845//2845 2801//2801
f 2797//2797 2803//2803 2802//2802
f 2802//2802 2803//2803 2930//2930
f 2803//2803 2804//2804 2930//2930
f 2804//2804 2931//2931 2930//2930
f 2804//2804 2808//2808 2931//2931
f 2808//2808 2956//2956 2931//2931
f 2808//2808 2811//2811 2956//2956
f 2799//2799 2806//2806 2805//2805
f 2798//2798 2805//2805 2803//2803
f 2804//2804 2805//2805 2806//2806
f 2799//2799 2800//2800 2806//2806
f 2803//2803 2805//2805 2804//2804
f 2806//2806 2807//2807 2808//2808
f 2807//2807 2809//2809 2811//2811
f 2800//2800 2801//2801 2807//2807
f 2800//2800 2807//2807 2806//2806
f 2801//2801 2809//2809 2807//2807
f 2801//2801 2891//2891 2809//2809
f 2804//2804 2806//2806 2808//2808
f 2807//2807 2811//2811 2808//2808
f 2811//2811 2957//2957 2956//2956
f 2809//2809 2891//2891 2810//2810
f 2810//2810 2891//2891 2892//2892
f 2810//2810 2892//2892 2813//2813
f 2809//2809 2812//2812 2811//2811
f 2811//2811 2812//2812 2957//2957
f 2810//2810 2815//2815 2812//2812
f 2812//2812 2815//2815 2958//2958
f 2809//2809 2810//2810 2812//2812
f 2810//2810 2813//2813 2815//2815
f 2815//2815 2816//2816 2959//2959
f 2813//2813 2816//2816 2815//2815
f 2814//2814 2817//2817 2816//2816
f 2813//2813 2814//2814 2816//2816
f 2816//2816 2817//2817 2966//2966
f 2814//2814 2908//2908 2817//2817
f 2817//2817 2908//2908 2818//2818
f 2818//2818 2911//2911 2819//2819
f 2821//2821 2826//2826 2822//2822
f 2822//2822 2827//2827 2823//2823
f 2823//2823 2835//2835 2824//2824
f 2825//2825 2842//2842 2841//2841
f 2824//2824 2837//2837 2825//2825
f 2821//2821 2828//2828 2826//2826
f 2822//2822 2826//2826 2827//2827
f 2826//2826 2831//2831 2827//2827
f 2823//2823 2827//2827 2835//2835
f 2827//2827 2831//2831 2836//2836
f 2826//2826 2828//2828 2830//2830
f 2828//2828 2829//2829 2830//2830
f 2826//2826 2830//2830 2831//2831
f 2829//2829 2832//2832 2833//2833
f 2829//2829 2833//2833 2830//2830
f 2832//2832 2848//2848 2849//2849
f 2832//2832 2849//2849 2833//2833
f 2830//2830 2833//2833 2834//2834
f 2830//2830 2834//2834 2831//2831
f 2833//2833 2852//2852 2834//2834
f 2833//2833 2849//2849 2852//2852
f 2827//2827 2836//2836 2835//2835
f 2824//2824 2835//2835 2837//2837
f 2835//2835 2836//2836 2838//2838
f 2825//2825 2837//2837 2842//2842
f 2837//2837 2844//2844 2842//2842
f 2835//2835 2838//2838 2837//2837
f 2837//2837 2838//2838 2844//2844
f 2831//2831 2840//2840 2836//2836
f 2836//2836 2840//2840 2839//2839
f 2836//2836 2839//2839 2838//2838
f 2838//2838 2839//2839 2846//2846
f 2838//2838 2846//2846 2844//2844
f 2839//2839 2840//2840 2860//2860
f 2839//2839 2860//2860 2888//2888
f 2831//2831 2834//2834 2840//2840
f 2834//2834 2861//2861 2840//2840
f 2834//2834 2852//2852 2861//2861
f 2840//2840 2861//2861 2860//2860
f 2794//2794 2841//2841 2843//2843
f 2841//2841 2842//2842 2843//2843
f 2842//2842 2845//2845 2843//2843
f 2842//2842 2844//2844 2845//2845
f 2844//2844 2846//2846 2847//2847
f 2844//2844 2847//2847 2845//2845
f 2846//2846 2890//2890 2847//2847
f 2839//2839 2888//2888 2846//2846
f 2846//2846 2888//2888 2890//2890
f 2801//2801 2845//2845 2847//2847
f 2847//2847 2890//2890 2891//2891
f 2801//2801 2847//2847 2891//2891
f 2848//2848 2851//2851 2849//2849
f 2848//2848 2850//2850 2851//2851
f 2850//2850 2854//2854 2855//2855
f 2850//2850 2855//2855 2851//2851
f 2849//2849 2853//2853 2852//2852
f 2849//2849 2851//2851 2853//2853
f 2851//2851 2855//2855 2858//2858
f 2851//2851 2858//2858 2853//2853
f 2854//2854 2857//2857 2855//2855
f 2854//2854 2856//2856 2857//2857
f 2856//2856 2869//2869 2857//2857
f 2855//2855 2859//2859 2858//2858
f 2855//2855 2857//2857 2859//2859
f 2857//2857 2870//2870 2859//2859
f 2860//2860 2863//2863 2889//2889
f 2852//2852 2862//2862 2861//2861
f 2852//2852 2853//2853 2862//2862
f 2861//2861 2862//2862 2863//2863
f 2853//2853 2858//2858 2864//2864
f 2853//2853 2864//2864 2862//2862
f 2862//2862 2864//2864 2866//2866
f 2860//2860 2861//2861 2863//2863
f 2862//2862 2866//2866 2863//2863
f 2863//2863 2866//2866 2894//2894
f 2864//2864 2865//2865 2867//2867
f 2858//2858 2865//2865 2864//2864
f 2858//2858 2859//2859 2865//2865
f 2859//2859 2872//2872 2865//2865
f 2864//2864 2867//2867 2866//2866
f 2865//2865 2874//2874 2867//2867
f 2866//2866 2867//2867 2897//2897
f 2856//2856 2868//2868 2869//2869
f 2868//2868 2880//2880 2869//2869
f 2857//2857 2869//2869 2870//2870
f 2869//2869 2871//2871 2870//2870
f 2869//2869 2880//2880 2871//2871
f 2859//2859 2870//2870 2872//2872
f 2870//2870 2873//2873 2872//2872
f 2870//2870 2871//2871 2873//2873
f 2867//2867 2874//2874 2901//2901
f 2874//2874 2875//2875 2902//2902
f 2865//2865 2872//2872 2874//2874
f 2872//2872 2875//2875 2874//2874
f 2872//2872 2873//2873 2875//2875
f 2871//2871 2876//2876 2873//2873
f 2873//2873 2877//2877 2875//2875
f 2873//2873 2876//2876 2877//2877
f 2875//2875 2877//2877 2904//2904
f 2876//2876 2878//2878 2877//2877
f 2876//2876 2887//2887 2878//2878
f 2868//2868 2879//2879 2880//2880
f 2879//2879 2881//2881 2882//2882
f 2879//2879 2882//2882 2880//2880
f 2881//2881 2883//2883 2884//2884
f 2881//2881 2884//2884 2882//2882
f 2880//2880 2882//2882 2885//2885
f 2871//2871 2880//2880 2885//2885
f 2882//2882 2884//2884 2886//2886
f 2882//2882 2886//2886 2885//2885
f 2871//2871 2885//2885 2876//2876
f 2876//2876 2885//2885 2887//2887
f 2885//2885 2886//2886 2887//2887
f 2860//2860 2889//2889 2888//2888
f 2888//2888 2893//2893 2890//2890
f 2888//2888 2889//2889 2893//2893
f 2863//2863 2894//2894 2889//2889
f 2889//2889 2895//2895 2893//2893
f 2889//2889 2894//2894 2895//2895
f 2890//2890 2893//2893 2892//2892
f 2890//2890 2892//2892 2891//2891
f 2893//2893 2895//2895 2898//2898
f 2892//2892 2893//2893 2898//2898
f 2894//2894 2896//2896 2895//2895
f 2894//2894 2897//2897 2896//2896
f 2895//2895 2899//2899 2898//2898
f 2896//2896 2897//2897 2900//2900
f 2895//2895 2896//2896 2899//2899
f 2896//2896 2909//2909 2899//2899
f 2866//2866 2897//2897 2894//2894
f 2867//2867 2901//2901 2897//2897
f 2813//2813 2892//2892 2898//2898
f 2813//2813 2898//2898 2814//2814
f 2814//2814 2898//2898 2899//2899
f 2814//2814 2899//2899 2908//2908
f 2896//2896 2900//2900 2909//2909
f 2900//2900 2910//2910 2909//2909
f 2900//2900 2903//2903 2910//2910
f 2903//2903 2906//2906 2912//2912
f 2903//2903 2912//2912 2910//2910
f 2874//2874 2902//2902 2901//2901
f 2897//2897 2901//2901 2900//2900
f 2901//2901 2902//2902 2903//2903
f 2900//2900 2901//2901 2903//2903
f 2875//2875 2904//2904 2902//2902
f 2902//2902 2904//2904 2906//2906
f 2904//2904 2905//2905 2907//2907
f 2877//2877 2905//2905 2904//2904
f 2877//2877 2878//2878 2905//2905
f 2902//2902 2906//2906 2903//2903
f 2904//2904 2907//2907 2906//2906
f 2906//2906 2907//2907 2913//2913
f 2899//2899 2909//2909 2908//2908
f 2908//2908 2909//2909 2911//2911
f 2909//2909 2910//2910 2911//2911
f 2818//2818 2908//2908 2911//2911
f 2910//2910 2914//2914 2911//2911
f 2910//2910 2912//2912 2914//2914
f 2906//2906 2913//2913 2912//2912
f 2912//2912 2915//2915 2914//2914
f 2912//2912 2913//2913 2915//2915
f 2819//2819 2911//2911 2914//2914
f 2820//2820 2914//2914 2915//2915
f 2819//2819 2914//2914 2820//2820
f 2916//2916 2918//2918 2919//2919
f 2917//2917 2924//2924 2918//2918
f 2796//2796 2922//2922 2917//2917
f 2293//2293 2916//2916 2299//2299
f 2299//2299 2916//2916 2919//2919
f 2918//2918 2924//2924 2919//2919
f 2919//2919 2924//2924 2920//2920
f 2920//2920 2925//2925 2921//2921
f 2802//2802 2923//2923 2922//2922
f 2917//2917 2922//2922 2924//2924
f 2922//2922 2923//2923 2925//2925
f 2922//2922 2925//2925 2924//2924
f 2920//2920 2924//2924 2925//2925
f 2923//2923 2926//2926 2927//2927
f 2921//2921 2925//2925 2927//2927
f 2921//2921 2927//2927 2938//2938
f 2927//2927 2932//2932 2938//2938
f 2923//2923 2927//2927 2925//2925
f 2926//2926 2932//2932 2927//2927
f 2926//2926 2954//2954 2932//2932
f 2299//2299 2919//2919 2928//2928
f 2919//2919 2920//2920 2928//2928
f 2920//2920 2929//2929 2928//2928
f 2921//2921 2936//2936 2929//2929
f 2920//2920 2921//2921 2929//2929
f 2921//2921 2938//2938 2936//2936
f 2796//2796 2802//2802 2922//2922
f 2802//2802 2930//2930 2923//2923
f 2923//2923 2930//2930 2926//2926
f 2926//2926 2930//2930 2931//2931
f 2931//2931 2956//2956 2954//2954
f 2926//2926 2931//2931 2954//2954
f 2932//2932 2939//2939 2938//2938
f 2932//2932 2933//2933 2939//2939
f 2933//2933 2934//2934 2942//2942
f 2932//2932 2954//2954 2933//2933
f 2933//2933 2954//2954 2955//2955
f 2933//2933 2955//2955 2934//2934
f 2934//2934 2960//2960 2935//2935
f 2934//2934 2935//2935 2943//2943
f 2936//2936 2938//2938 2937//2937
f 2937//2937 2938//2938 2939//2939
f 2939//2939 2942//2942 2940//2940
f 2937//2937 2939//2939 2940//2940
f 2314//2314 2937//2937 2940//2940
f 2940//2940 2942//2942 2941//2941
f 2941//2941 2943//2943 2946//2946
f 2941//2941 2942//2942 2943//2943
f 2315//2315 2940//2940 2941//2941
f 2933//2933 2942//2942 2939//2939
f 2934//2934 2943//2943 2942//2942
f 2935//2935 2950//2950 2943//2943
f 2943//2943 2950//2950 2946//2946
f 2946//2946 2950//2950 2947//2947
f 2316//2316 2941//2941 2946//2946
f 2316//2316 2946//2946 2317//2317
f 2317//2317 2946//2946 2947//2947
f 2318//2318 2947//2947 2948//2948
f 2317//2317 2947//2947 2318//2318
f 2318//2318 2948//2948 2319//2319
f 2319//2319 2948//2948 2949//2949
f 2947//2947 2951//2951 2948//2948
f 2948//2948 2952//2952 2949//2949
f 2944//2944 2951//2951 2950//2950
f 2947//2947 2950//2950 2951//2951
f 2935//2935 2944//2944 2950//2950
f 2944//2944 2945//2945 2951//2951
f 2948//2948 2951//2951 2952//2952
f 2949//2949 2952//2952 2953//2953
f 2945//2945 2952//2952 2951//2951
f 2945//2945 2970//2970 2952//2952
f 2953//2953 2970//2970 2971//2971
f 2952//2952 2970//2970 2953//2953
f 2954//2954 2956//2956 2955//2955
f 2955//2955 2957//2957 2960//2960
f 2955//2955 2956//2956 2957//2957
f 2812//2812 2958//2958 2957//2957
f 2957//2957 2958//2958 2960//2960
f 2934//2934 2955//2955 2960//2960
f 2958//2958 2961//2961 2960//2960
f 2958//2958 2959//2959 2961//2961
f 2959//2959 2962//2962 2961//2961
f 2935//2935 2960//2960 2961//2961
f 2935//2935 2961//2961 2944//2944
f 2815//2815 2959//2959 2958//2958
f 2816//2816 2966//2966 2959//2959
f 2959//2959 2966//2966 2962//2962
f 2963//2963 2966//2966 2967//2967
f 2944//2944 2961//2961 2962//2962
f 2944//2944 2962//2962 2945//2945
f 2945//2945 2962//2962 2963//2963
f 2962//2962 2966//2966 2963//2963
f 2945//2945 2963//2963 2970//2970
f 2963//2963 2964//2964 2970//2970
f 2964//2964 2971//2971 2970//2970
f 2963//2963 2967//2967 2964//2964
f 2964//2964 2968//2968 2965//2965
f 2964//2964 2965//2965 2971//2971
f 2817//2817 2967//2967 2966//2966
f 2817//2817 2818//2818 2967//2967
f 2818//2818 2968//2968 2967//2967
f 2964//2964 2967//2967 2968//2968
f 2965//2965 2968//2968 2969//2969
f 2818//2818 2819//2819 2968//2968
f 2819//2819 2969//2969 2968//2968
f 2819//2819 2820//2820 2969//2969
f 2179//2179 2521//2521 3188//3188
f 2878//2878 2887//2887 2982//2982
f 2883//2883 2973//2973 2972//2972
f 2883//2883 2972//2972 2884//2884
f 2973//2973 2975//2975 2976//2976
f 2972//2972 2973//2973 2976//2976
f 2884//2884 2972//2972 2974//2974
f 2884//2884 2974//2974 2886//2886
f 2972//2972 2979//2979 2974//2974
f 2972//2972 2976//2976 2979//2979
f 2975//2975 2978//2978 2976//2976
f 2975//2975 2977//2977 2978//2978
f 2977//2977 2988//2988 2978//2978
f 2976//2976 2980//2980 2979//2979
f 2976//2976 2978//2978 2980//2980
f 2978//2978 2989//2989 2980//2980
f 2886//2886 2974//2974 2981//2981
f 2886//2886 2981//2981 2887//2887
f 2974//2974 2979//2979 2983//2983
f 2974//2974 2983//2983 2981//2981
f 2887//2887 2981//2981 2982//2982
f 2981//2981 2983//2983 2985//2985
f 2981//2981 2985//2985 2982//2982
f 2979//2979 2984//2984 2983//2983
f 2979//2979 2980//2980 2984//2984
f 2980//2980 2996//2996 2984//2984
f 2983//2983 2986//2986 2985//2985
f 2983//2983 2984//2984 2986//2986
f 2984//2984 2998//2998 2986//2986
f 2977//2977 2987//2987 2988//2988
f 2987//2987 2992//2992 2988//2988
f 2987//2987 2991//2991 2992//2992
f 2978//2978 2988//2988 2989//2989
f 2988//2988 2990//2990 2989//2989
f 2988//2988 2992//2992 2990//2990
f 2990//2990 2992//2992 2995//2995
f 2991//2991 2993//2993 2994//2994
f 2991//2991 2994//2994 2992//2992
f 2993//2993 3026//3026 3028//3028
f 2993//2993 3028//3028 2994//2994
f 2992//2992 2994//2994 2995//2995
f 2994//2994 3028//3028 3029//3029
f 2994//2994 3029//3029 2995//2995
f 2980//2980 2989//2989 2996//2996
f 2989//2989 2997//2997 2996//2996
f 2989//2989 2990//2990 2997//2997
f 2984//2984 2996//2996 2998//2998
f 2996//2996 2999//2999 2998//2998
f 2996//2996 2997//2997 2999//2999
f 2990//2990 2995//2995 3000//3000
f 2990//2990 3000//3000 2997//2997
f 2995//2995 3036//3036 3000//3000
f 2997//2997 3000//3000 3001//3001
f 2997//2997 3001//3001 2999//2999
f 3000//3000 3036//3036 3035//3035
f 3000//3000 3035//3035 3001//3001
f 2995//2995 3029//3029 3036//3036
f 2878//2878 3002//3002 2905//2905
f 2878//2878 2982//2982 3002//3002
f 2905//2905 3002//3002 3003//3003
f 2982//2982 3004//3004 3002//3002
f 3002//3002 3004//3004 3006//3006
f 2905//2905 3003//3003 2907//2907
f 2907//2907 3003//3003 3011//3011
f 3003//3003 3006//3006 3012//3012
f 3002//3002 3006//3006 3003//3003
f 3006//3006 3007//3007 3013//3013
f 3004//3004 3007//3007 3006//3006
f 3004//3004 3005//3005 3007//3007
f 3005//3005 3014//3014 3007//3007
f 2913//2913 3008//3008 2915//2915
f 2913//2913 3011//3011 3008//3008
f 3009//3009 3011//3011 3012//3012
f 3008//3008 3011//3011 3009//3009
f 2915//2915 3008//3008 3170//3170
f 2820//2820 2915//2915 3170//3170
f 3008//3008 3009//3009 3171//3171
f 3008//3008 3171//3171 3170//3170
f 3009//3009 3172//3172 3171//3171
f 3010//3010 3173//3173 3172//3172
f 3009//3009 3012//3012 3010//3010
f 3010//3010 3013//3013 3016//3016
f 3009//3009 3010//3010 3172//3172
f 2907//2907 3011//3011 2913//2913
f 3003//3003 3012//3012 3011//3011
f 3006//3006 3013//3013 3012//3012
f 3007//3007 3017//3017 3013//3013
f 3010//3010 3012//3012 3013//3013
f 3005//3005 3022//3022 3014//3014
f 3014//3014 3022//3022 3015//3015
f 3007//3007 3014//3014 3017//3017
f 3010//3010 3016//3016 3173//3173
f 3016//3016 3019//3019 3174//3174
f 3019//3019 3021//3021 3175//3175
f 3013//3013 3017//3017 3016//3016
f 3017//3017 3018//3018 3019//3019
f 3014//3014 3018//3018 3017//3017
f 3014//3014 3015//3015 3018//3018
f 3016//3016 3017//3017 3019//3019
f 3018//3018 3020//3020 3021//3021
f 3015//3015 3020//3020 3018//3018
f 3015//3015 3025//3025 3020//3020
f 3020//3020 3025//3025 3059//3059
f 3025//3025 3070//3070 3059//3059
f 3018//3018 3021//3021 3019//3019
f 3020//3020 3061//3061 3021//3021
f 3021//3021 3061//3061 3177//3177
f 3020//3020 3059//3059 3061//3061
f 2982//2982 2985//2985 3004//3004
f 2985//2985 3005//3005 3004//3004
f 2985//2985 2986//2986 3005//3005
f 2986//2986 3022//3022 3005//3005
f 2986//2986 2998//2998 3022//3022
f 2998//2998 3023//3023 3022//3022
f 2998//2998 2999//2999 3023//3023
f 3015//3015 3022//3022 3023//3023
f 2999//2999 3024//3024 3023//3023
f 2999//2999 3001//3001 3024//3024
f 3001//3001 3035//3035 3067//3067
f 3001//3001 3067//3067 3024//3024
f 3023//3023 3024//3024 3025//3025
f 3015//3015 3023//3023 3025//3025
f 3024//3024 3067//3067 3070//3070
f 3024//3024 3070//3070 3025//3025
f 3026//3026 3027//3027 3030//3030
f 3026//3026 3030//3030 3028//3028
f 3027//3027 3033//3033 3030//3030
f 3027//3027 3031//3031 3033//3033
f 3028//3028 3030//3030 3037//3037
f 3028//3028 3037//3037 3029//3029
f 3030//3030 3033//3033 3039//3039
f 3030//3030 3039//3039 3037//3037
f 3031//3031 3034//3034 3033//3033
f 3031//3031 3032//3032 3034//3034
f 3032//3032 3045//3045 3034//3034
f 3033//3033 3040//3040 3039//3039
f 3033//3033 3034//3034 3040//3040
f 3034//3034 3051//3051 3040//3040
f 3035//3035 3036//3036 3068//3068
f 3029//3029 3037//3037 3038//3038
f 3029//3029 3038//3038 3036//3036
f 3037//3037 3039//3039 3041//3041
f 3037//3037 3041//3041 3038//3038
f 3036//3036 3038//3038 3068//3068
f 3038//3038 3041//3041 3075//3075
f 3038//3038 3075//3075 3068//3068
f 3039//3039 3042//3042 3041//3041
f 3039//3039 3040//3040 3042//3042
f 3040//3040 3053//3053 3042//3042
f 3041//3041 3076//3076 3075//3075
f 3041//3041 3042//3042 3076//3076
f 3042//3042 3079//3079 3076//3076
f 2179//2179 3188//3188 3056//3056
f 3032//3032 3043//3043 3045//3045
f 3043//3043 3046//3046 3045//3045
f 3043//3043 3044//3044 3046//3046
f 3034//3034 3045//3045 3051//3051
f 3045//3045 3052//3052 3051//3051
f 3045//3045 3046//3046 3052//3052
f 3044//3044 3047//3047 3049//3049
f 3044//3044 3049//3049 3046//3046
f 2208//2208 3056//3056 3048//3048
f 3047//3047 3048//3048 3050//3050
f 3047//3047 3050//3050 3049//3049
f 3046//3046 3049//3049 3055//3055
f 3046//3046 3055//3055 3052//3052
f 3048//3048 3056//3056 3050//3050
f 3049//3049 3050//3050 3056//3056
f 3049//3049 3056//3056 3055//3055
f 3040//3040 3051//3051 3053//3053
f 3051//3051 3054//3054 3053//3053
f 3051//3051 3052//3052 3054//3054
f 3042//3042 3053//3053 3079//3079
f 3053//3053 3080//3080 3079//3079
f 3053//3053 3054//3054 3080//3080
f 3052//3052 3055//3055 3057//3057
f 3052//3052 3057//3057 3054//3054
f 3055//3055 3056//3056 3058//3058
f 3055//3055 3058//3058 3057//3057
f 3054//3054 3057//3057 3083//3083
f 3054//3054 3083//3083 3080//3080
f 3056//3056 3084//3084 3058//3058
f 3057//3057 3058//3058 3084//3084
f 3057//3057 3084//3084 3083//3083
f 3059//3059 3070//3070 3060//3060
f 3059//3059 3062//3062 3061//3061
f 3061//3061 3062//3062 3178//3178
f 3059//3059 3060//3060 3062//3062
f 3060//3060 3064//3064 3062//3062
f 3060//3060 3063//3063 3064//3064
f 3063//3063 3065//3065 3064//3064
f 3063//3063 3077//3077 3065//3065
f 3065//3065 3077//3077 3066//3066
f 3066//3066 3089//3089 3191//3191
f 3092//3092 3188//3188 3195//3195
f 3035//3035 3068//3068 3069//3069
f 3035//3035 3069//3069 3067//3067
f 3068//3068 3075//3075 3073//3073
f 3068//3068 3073//3073 3069//3069
f 3067//3067 3069//3069 3071//3071
f 3067//3067 3071//3071 3070//3070
f 3069//3069 3072//3072 3071//3071
f 3069//3069 3073//3073 3072//3072
f 3073//3073 3075//3075 3074//3074
f 3072//3072 3073//3073 3078//3078
f 3073//3073 3074//3074 3078//3078
f 3074//3074 3087//3087 3078//3078
f 3074//3074 3075//3075 3076//3076
f 3074//3074 3076//3076 3081//3081
f 3060//3060 3070//3070 3071//3071
f 3063//3063 3071//3071 3072//3072
f 3060//3060 3071//3071 3063//3063
f 3063//3063 3072//3072 3077//3077
f 3072//3072 3078//3078 3077//3077
f 3077//3077 3078//3078 3089//3089
f 3074//3074 3081//3081 3087//3087
f 3081//3081 3088//3088 3087//3087
f 3081//3081 3082//3082 3088//3088
f 3056//3056 3188//3188 3092//3092
f 3082//3082 3091//3091 3088//3088
f 3085//3085 3092//3092 3091//3091
f 3076//3076 3079//3079 3081//3081
f 3079//3079 3082//3082 3081//3081
f 3079//3079 3080//3080 3082//3082
f 3080//3080 3083//3083 3085//3085
f 3080//3080 3085//3085 3082//3082
f 3056//3056 3092//3092 3084//3084
f 3083//3083 3084//3084 3086//3086
f 3083//3083 3086//3086 3085//3085
f 3082//3082 3085//3085 3091//3091
f 3084//3084 3092//3092 3086//3086
f 3085//3085 3086//3086 3092//3092
f 3078//3078 3087//3087 3089//3089
f 3087//3087 3090//3090 3089//3089
f 3087//3087 3088//3088 3090//3090
f 3066//3066 3077//3077 3089//3089
f 3089//3089 3090//3090 3191//3191
f 3088//3088 3093//3093 3090//3090
f 3091//3091 3094//3094 3093//3093
f 3088//3088 3091//3091 3093//3093
f 3091//3091 3092//3092 3094//3094
f 3090//3090 3093//3093 3194//3194
f 3090//3090 3194//3194 3191//3191
f 3093//3093 3094//3094 3195//3195
f 3092//3092 3195//3195 3094//3094
f 3093//3093 3195//3195 3194//3194
f 2319//2319 2949//2949 3123//3123
f 3095//3095 3124//3124 3123//3123
f 2949//2949 3095//3095 3123//3123
f 3095//3095 3096//3096 3124//3124
f 3096//3096 3097//3097 3125//3125
f 2971//2971 3111//3111 3098//3098
f 2953//2953 2971//2971 3098//3098
f 3098//3098 3111//3111 3099//3099
f 2949//2949 2953//2953 3095//3095
f 2953//2953 3098//3098 3095//3095
f 3095//3095 3098//3098 3096//3096
f 3096//3096 3098//3098 3099//3099
f 3099//3099 3112//3112 3100//3100
f 3096//3096 3099//3099 3097//3097
f 3097//3097 3099//3099 3100//3100
f 3097//3097 3100//3100 3101//3101
f 3097//3097 3101//3101 3126//3126
f 3101//3101 3103//3103 3102//3102
f 3100//3100 3103//3103 3101//3101
f 3102//3102 3103//3103 3104//3104
f 3102//3102 3104//3104 3129//3129
f 3104//3104 3121//3121 3129//3129
f 3121//3121 3152//3152 3129//3129
f 3121//3121 3132//3132 3152//3152
f 2965//2965 3111//3111 2971//2971
f 2965//2965 3105//3105 3111//3111
f 3105//3105 3109//3109 3112//3112
f 3109//3109 3110//3110 3113//3113
f 2820//2820 3170//3170 3106//3106
f 2820//2820 3106//3106 2969//2969
f 3107//3107 3170//3170 3171//3171
f 3106//3106 3170//3170 3107//3107
f 2965//2965 2969//2969 3105//3105
f 2969//2969 3106//3106 3105//3105
f 3105//3105 3106//3106 3109//3109
f 3106//3106 3107//3107 3109//3109
f 3107//3107 3171//3171 3108//3108
f 3108//3108 3172//3172 3116//3116
f 3107//3107 3110//3110 3109//3109
f 3107//3107 3108//3108 3110//3110
f 3108//3108 3114//3114 3110//3110
f 3099//3099 3111//3111 3112//3112
f 3105//3105 3112//3112 3111//3111
f 3100//3100 3112//3112 3113//3113
f 3100//3100 3113//3113 3103//3103
f 3109//3109 3113//3113 3112//3112
f 3110//3110 3118//3118 3113//3113
f 3114//3114 3116//3116 3115//3115
f 3108//3108 3116//3116 3114//3114
f 3115//3115 3116//3116 3117//3117
f 3117//3117 3176//3176 3122//3122
f 3115//3115 3117//3117 3122//3122
f 3122//3122 3176//3176 3136//3136
f 3136//3136 3176//3176 3179//3179
f 3103//3103 3113//3113 3118//3118
f 3104//3104 3118//3118 3119//3119
f 3110//3110 3114//3114 3118//3118
f 3114//3114 3119//3119 3118//3118
f 3103//3103 3118//3118 3104//3104
f 3119//3119 3120//3120 3121//3121
f 3115//3115 3120//3120 3119//3119
f 3120//3120 3122//3122 3130//3130
f 3104//3104 3119//3119 3121//3121
f 3120//3120 3132//3132 3121//3121
f 3120//3120 3130//3130 3132//3132
f 3114//3114 3115//3115 3119//3119
f 3115//3115 3122//3122 3120//3120
f 3122//3122 3136//3136 3130//3130
f 3096//3096 3125//3125 3124//3124
f 3097//3097 3126//3126 3125//3125
f 2756//2756 3126//3126 3127//3127
f 3101//3101 3127//3127 3126//3126
f 3101//3101 3102//3102 3127//3127
f 2757//2757 3127//3127 3128//3128
f 2779//2779 3128//3128 3148//3148
f 3102//3102 3128//3128 3127//3127
f 3102//3102 3129//3129 3128//3128
f 3128//3128 3129//3129 3148//3148
f 3129//3129 3152//3152 3148//3148
f 3132//3132 3153//3153 3152//3152
f 3132//3132 3133//3133 3153//3153
f 3133//3133 3134//3134 3154//3154
f 3136//3136 3179//3179 3137//3137
f 3137//3137 3180//3180 3138//3138
f 3130//3130 3133//3133 3132//3132
f 3131//3131 3134//3134 3133//3133
f 3130//3130 3131//3131 3133//3133
f 3131//3131 3140//3140 3134//3134
f 3134//3134 3140//3140 3135//3135
f 3135//3135 3140//3140 3141//3141
f 3135//3135 3141//3141 3142//3142
f 3131//3131 3136//3136 3137//3137
f 3130//3130 3136//3136 3131//3131
f 3137//3137 3138//3138 3140//3140
f 3131//3131 3137//3137 3140//3140
f 3138//3138 3141//3141 3140//3140
f 3139//3139 3144//3144 3141//3141
f 3138//3138 3182//3182 3139//3139
f 3138//3138 3139//3139 3141//3141
f 3141//3141 3144//3144 3142//3142
f 3142//3142 3144//3144 3167//3167
f 3145//3145 3168//3168 3167//3167
f 3146//3146 3169//3169 3168//3168
f 3143//3143 3145//3145 3144//3144
f 3139//3139 3143//3143 3144//3144
f 3143//3143 3196//3196 3145//3145
f 3144//3144 3145//3145 3167//3167
f 3146//3146 3196//3196 3197//3197
f 3147//3147 3197//3197 3198//3198
f 3145//3145 3146//3146 3168//3168
f 3147//3147 3188//3188 3166//3166
f 3146//3146 3147//3147 3169//3169
f 3145//3145 3196//3196 3146//3146
f 3146//3146 3197//3197 3147//3147
f 2780//2780 3148//3148 3149//3149
f 3148//3148 3152//3152 3149//3149
f 3149//3149 3153//3153 3150//3150
f 2780//2780 3149//3149 2781//2781
f 2781//2781 3149//3149 3150//3150
f 3150//3150 3154//3154 3151//3151
f 2781//2781 3150//3150 2782//2782
f 2782//2782 3151//3151 2785//2785
f 2782//2782 3150//3150 3151//3151
f 3149//3149 3152//3152 3153//3153
f 3150//3150 3153//3153 3154//3154
f 3133//3133 3154//3154 3153//3153
f 3151//3151 3155//3155 3157//3157
f 3151//3151 3154//3154 3155//3155
f 3134//3134 3155//3155 3154//3154
f 3135//3135 3163//3163 3155//3155
f 2785//2785 3151//3151 3157//3157
f 2785//2785 3157//3157 3156//3156
f 3156//3156 3157//3157 3158//3158
f 3156//3156 3158//3158 3159//3159
f 3159//3159 3161//3161 3160//3160
f 3158//3158 3161//3161 3159//3159
f 3160//3160 3161//3161 3162//3162
f 3160//3160 3162//3162 3166//3166
f 3155//3155 3163//3163 3157//3157
f 3158//3158 3163//3163 3164//3164
f 3142//3142 3164//3164 3163//3163
f 3157//3157 3163//3163 3158//3158
f 3161//3161 3164//3164 3165//3165
f 3162//3162 3165//3165 3166//3166
f 2789//2789 3166//3166 3188//3188
f 3158//3158 3164//3164 3161//3161
f 3161//3161 3165//3165 3162//3162
f 3134//3134 3135//3135 3155//3155
f 3135//3135 3142//3142 3163//3163
f 3142//3142 3167//3167 3164//3164
f 3164//3164 3167//3167 3165//3165
f 3165//3165 3167//3167 3168//3168
f 3165//3165 3168//3168 3166//3166
f 3166//3166 3168//3168 3169//3169
f 3147//3147 3166//3166 3169//3169
f 3108//3108 3171//3171 3172//3172
f 3116//3116 3172//3172 3173//3173
f 3116//3116 3173//3173 3117//3117
f 3117//3117 3173//3173 3174//3174
f 3016//3016 3174//3174 3173//3173
f 3117//3117 3174//3174 3176//3176
f 3174//3174 3175//3175 3176//3176
f 3019//3019 3175//3175 3174//3174
f 3021//3021 3177//3177 3175//3175
f 3175//3175 3177//3177 3179//3179
f 3175//3175 3179//3179 3176//3176
f 3061//3061 3178//3178 3177//3177
f 3177//3177 3178//3178 3180//3180
f 3178//3178 3181//3181 3182//3182
f 3177//3177 3180//3180 3179//3179
f 3137//3137 3179//3179 3180//3180
f 3178//3178 3182//3182 3180//3180
f 3138//3138 3180//3180 3182//3182
f 3181//3181 3184//3184 3183//3183
f 3139//3139 3182//3182 3183//3183
f 3181//3181 3183//3183 3182//3182
f 3183//3183 3184//3184 3185//3185
f 3062//3062 3181//3181 3178//3178
f 3062//3062 3064//3064 3181//3181
f 3064//3064 3184//3184 3181//3181
f 3064//3064 3065//3065 3184//3184
f 3065//3065 3189//3189 3184//3184
f 3139//3139 3183//3183 3143//3143
f 3143//3143 3183//3183 3185//3185
f 3185//3185 3186//3186 3196//3196
f 3184//3184 3189//3189 3185//3185
f 3185//3185 3189//3189 3186//3186
f 3186//3186 3190//3190 3187//3187
f 3187//3187 3192//3192 3188//3188
f 3066//3066 3190//3190 3189//3189
f 3065//3065 3066//3066 3189//3189
f 3066//3066 3191//3191 3190//3190
f 3186//3186 3189//3189 3190//3190
f 3190//3190 3191//3191 3192//3192
f 3192//3192 3194//3194 3193//3193
f 3188//3188 3193//3193 3195//3195
f 3191//3191 3194//3194 3192//3192
f 3193//3193 3194//3194 3195//3195
f 3187//3187 3190//3190 3192//3192
f 3188//3188 3192//3192 3193//3193
f 3143//3143 3185//3185 3196//3196
f 3186//3186 3187//3187 3197//3197
f 3186//3186 3197//3197 3196//3196
f 3187//3187 3198//3198 3197//3197
f 3187//3187 3188//3188 3198//3198
f 3147//3147 3198//3198 3188//3188
f 1348//1348 1368//1368 1367//1367
f 1348//1348 1367//1367 1416//1416
f 1348//1348 1416//1416 1349//1349
f 1348//1348 1448//1448 1368//1368
f 1348//1348 1349//1349 1448//1448
f 1448//1448 1349//1349 1469//1469
f 1448//1448 1390//1390 1368//1368
f 1448//1448 1480//1480 1390//1390
f 1390//1390 1480//1480 1496//1496
f 1390//1390 1496//1496 1434//1434
f 1364//1364 1371//1371 1373//1373
f 1364//1364 1413//1413 1371//1371
f 1364//1364 1373//1373 1420//1420
f 1371//1371 2434//2434 1373//1373
f 1371//1371 1396//1396 2434//2434
f 1371//1371 1397//1397 1396//1396
f 1396//1396 2435//2435 2434//2434
f 1397//1397 1398//1398 2437//2437
f 1397//1397 2437//2437 1396//1396
f 1396//1396 2437//2437 2436//2436
f 1398//1398 1439//1439 2437//2437
f 1364//1364 1420//1420 1413//1413
f 1371//1371 1413//1413 1418//1418
f 2437//2437 1439//1439 2498//2498
f 2434//2434 2435//2435 2498//2498
f 2435//2435 2436//2436 2498//2498
f 2436//2436 2437//2437 2498//2498
f 2434//2434 2498//2498 2497//2497
f 1353//1353 1354//1354 1356//1356
f 1353//1353 1356//1356 1355//1355
f 1355//1355 1356//1356 1363//1363
f 1354//1354 2406//2406 1356//1356
f 1353//1353 1405//1405 1354//1354
f 1353//1353 1355//1355 1407//1407
f 1353//1353 1407//1407 1405//1405
f 1354//1354 1405//1405 1406//1406
f 1354//1354 2414//2414 2406//2406
f 2406//2406 2414//2414 2413//2413
f 2413//2413 2414//2414 2417//2417
f 2413//2413 2417//2417 2488//2488
f 2416//2416 2488//2488 2417//2417
f 2415//2415 2420//2420 2416//2416
f 2420//2420 2488//2488 2416//2416
f 2413//2413 2488//2488 2485//2485
f 1374//1374 1375//1375 2422//2422
f 1374//1374 1421//1421 1375//1375
f 1375//1375 1421//1421 1422//1422
f 1375//1375 2423//2423 2422//2422
f 2421//2421 2422//2422 2490//2490
f 2422//2422 2423//2423 2490//2490
f 2423//2423 2424//2424 2490//2490
f 2421//2421 2490//2490 2489//2489
f 1351//1351 1359//1359 1358//1358
f 1351//1351 1352//1352 1359//1359
f 1359//1359 1352//1352 2405//2405
f 1351//1351 1403//1403 1352//1352
f 1351//1351 1358//1358 1409//1409
f 1352//1352 1403//1403 1404//1404
f 1351//1351 1409//1409 1403//1403
f 1352//1352 2411//2411 2405//2405
f 2405//2405 2411//2411 2410//2410
f 2410//2410 2411//2411 2484//2484
f 2411//2411 2412//2412 2484//2484
f 2410//2410 2484//2484 2483//2483
f 1360//1360 1362//1362 1361//1361
f 1360//1360 1361//1361 1410//1410
f 1360//1360 1410//1410 1362//1362
f 1362//1362 1410//1410 1412//1412
f 1361//1361 1411//1411 1410//1410
f 1361//1361 1362//1362 2407//2407
f 1362//1362 2408//2408 2407//2407
f 2407//2407 2408//2408 2482//2482
f 2408//2408 2409//2409 2482//2482
f 2407//2407 2482//2482 2481//2481
f 1393//1393 1394//1394 1401//1401
f 1401//1401 1394//1394 2443//2443
f 1393//1393 1401//1401 1442//1442
f 1393//1393 1442//1442 1437//1437
f 1391//1391 1481//1481 1394//1394
f 1481//1481 2443//2443 1394//1394
f 1481//1481 2535//2535 2443//2443
f 1391//1391 1435//1435 1481//1481
f 1481//1481 1435//1435 1497//1497
f 2443//2443 2535//2535 2539//2539
f 2535//2535 2536//2536 2539//2539
f 2443//2443 2539//2539 2609//2609
f 2536//2536 2606//2606 2539//2539
f 2443//2443 2609//2609 2503//2503
f 2539//2539 2606//2606 2609//2609
f 1377//1377 1378//1378 1381//1381
f 1378//1378 1382//1382 1381//1381
f 1377//1377 1424//1424 1378//1378
f 1381//1381 1382//1382 1429//1429
f 1382//1382 1383//1383 1429//1429
f 1378//1378 1424//1424 1425//1425
f 1381//1381 1429//1429 1428//1428
f 1380//1380 1395//1395 1387//1387
f 1395//1395 1389//1389 1387//1387
f 1386//1386 1387//1387 1389//1389
f 1386//1386 1389//1389 1388//1388
f 1395//1395 2431//2431 1389//1389
f 1380//1380 1427//1427 1395//1395
f 1386//1386 1388//1388 1433//1433
f 1395//1395 1438//1438 2431//2431
f 1386//1386 1433//1433 1432//1432
f 1395//1395 1427//1427 1438//1438
f 2431//2431 1438//1438 2494//2494
f 1389//1389 2431//2431 2418//2418
f 2418//2418 2431//2431 2494//2494
f 2418//2418 2494//2494 2486//2486
f 1384//1384 1430//1430 1385//1385
f 1385//1385 1430//1430 1431//1431
f 1384//1384 1385//1385 2426//2426
f 1385//1385 2427//2427 2426//2426
f 2425//2425 2426//2426 2492//2492
f 2426//2426 2427//2427 2492//2492
f 2427//2427 2428//2428 2492//2492
f 2425//2425 2492//2492 2491//2491
f 1446//1446 1459//1459 1447//1447
f 1447//1447 1459//1459 1466//1466
f 1447//1447 1466//1466 1463//1463
f 1447//1447 1463//1463 1468//1468
f 1459//1459 1460//1460 1466//1466
f 1463//1463 1466//1466 1465//1465
f 1463//1463 1467//1467 1468//1468
f 1446//1446 1447//1447 2537//2537
f 1447//1447 1484//1484 2537//2537
f 1484//1484 2540//2540 2537//2537
f 1484//1484 1485//1485 2540//2540
f 1485//1485 1500//1500 2540//2540
f 2540//2540 1500//1500 2610//2610
f 2537//2537 2540//2540 2610//2610
f 2537//2537 2610//2610 2607//2607
f 1449//1449 1471//1471 1450//1450
f 1449//1449 1470//1470 1471//1471
f 1449//1449 1450//1450 1482//1482
f 1450//1450 1483//1483 1482//1482
f 1450//1450 1471//1471 1483//1483
f 1482//1482 1483//1483 1499//1499
f 1483//1483 1471//1471 1499//1499
f 1482//1482 1499//1499 1498//1498
f 2400//2400 2401//2401 2402//2402
f 2401//2401 2403//2403 2402//2402
f 2400//2400 2476//2476 2401//2401
f 2400//2400 2402//2402 2478//2478
f 2402//2402 2403//2403 2479//2479
f 2400//2400 2478//2478 2476//2476
f 2401//2401 2476//2476 2477//2477
f 2402//2402 2479//2479 2478//2478
f 2419//2419 2433//2433 2430//2430
f 2433//2433 2444//2444 2430//2430
f 2419//2419 2487//2487 2433//2433
f 2429//2429 2430//2430 2504//2504
f 2433//2433 2496//2496 2444//2444
f 2430//2430 2444//2444 2504//2504
f 2429//2429 2504//2504 2493//2493
f 2433//2433 2487//2487 2496//2496
f 2444//2444 2496//2496 2504//2504
f 2438//2438 2439//2439 2440//2440
f 2439//2439 2441//2441 2440//2440
f 2438//2438 2499//2499 2439//2439
f 2438//2438 2440//2440 2501//2501
f 2440//2440 2441//2441 2502//2502
f 2441//2441 2442//2442 2502//2502
f 2438//2438 2501//2501 2499//2499
f 2439//2439 2499//2499 2500//2500
f 2440//2440 2502//2502 2501//2501
f 2449//2449 2451//2451 2450//2450
f 2451//2451 2453//2453 2450//2450
f 2449//2449 2509//2509 2451//2451
f 2449//2449 2450//2450 2510//2510
f 2450//2450 2453//2453 2515//2515
f 2449//2449 2510//2510 2509//2509
f 2451//2451 2509//2509 2511//2511
f 2450//2450 2515//2515 2510//2510
f 2508//2508 2512//2512 2513//2513
f 2456//2456 2457//2457 2464//2464
f 2458//2458 2514//2514 2452//2452
f 2456//2456 2464//2464 2524//2524
f 2456//2456 2524//2524 2518//2518
f 2452//2452 2541//2541 2457//2457
f 2464//2464 2457//2457 2541//2541
f 2464//2464 2541//2541 2557//2557
f 2452//2452 2514//2514 2541//2541
f 2464//2464 2557//2557 2626//2626
f 2557//2557 2558//2558 2626//2626
f 2541//2541 2514//2514 2611//2611
f 2464//2464 2626//2626 2524//2524
f 2445//2445 2446//2446 2459//2459
f 2446//2446 2448//2448 2447//2447
f 2446//2446 2447//2447 2459//2459
f 2445//2445 2505//2505 2446//2446
f 2445//2445 2459//2459 2519//2519
f 2446//2446 2506//2506 2448//2448
f 2447//2447 2460//2460 2459//2459
f 2459//2459 2460//2460 2520//2520
f 2446//2446 2505//2505 2506//2506
f 2445//2445 2519//2519 2505//2505
f 2448//2448 2506//2506 2507//2507
f 2459//2459 2520//2520 2519//2519
f 2462//2462 2463//2463 2469//2469
f 2463//2463 2466//2466 2465//2465
f 2463//2463 2465//2465 2471//2471
f 2463//2463 2471//2471 2469//2469
f 2468//2468 2469//2469 2471//2471
f 2465//2465 2472//2472 2471//2471
f 2462//2462 2522//2522 2463//2463
f 2463//2463 2523//2523 2466//2466
f 2468//2468 2471//2471 2529//2529
f 2471//2471 2472//2472 2530//2530
f 2463//2463 2522//2522 2523//2523
f 2466//2466 2523//2523 2525//2525
f 2468//2468 2529//2529 2527//2527
f 2471//2471 2530//2530 2529//2529
f 2474//2474 2475//2475 2533//2533
f 2474//2474 2533//2533 2534//2534
f 2474//2474 2534//2534 2532//2532
f 2470//2470 2561//2561 2475//2475
f 2533//2533 2475//2475 2561//2561
f 2533//2533 2561//2561 2666//2666
f 2470//2470 2528//2528 2561//2561
f 2561//2561 2528//2528 2628//2628
f 2533//2533 2666//2666 2706//2706
f 2666//2666 2667//2667 2706//2706
f 2533//2533 2706//2706 2534//2534
f 2542//2542 2543//2543 2560//2560
f 2543//2543 2562//2562 2560//2560
f 2542//2542 2612//2612 2543//2543
f 2543//2543 2563//2563 2562//2562
f 2559//2559 2560//2560 2562//2562
f 2559//2559 2562//2562 2629//2629
f 2562//2562 2563//2563 2631//2631
f 2563//2563 2566//2566 2631//2631
f 2543//2543 2612//2612 2613//2613
f 2559//2559 2629//2629 2627//2627
f 2562//2562 2631//2631 2629//2629
f 2544//2544 2547//2547 2565//2565
f 2545//2545 2565//2565 2546//2546
f 2546//2546 2565//2565 2567//2567
f 2544//2544 2614//2614 2547//2547
f 2547//2547 2568//2568 2565//2565
f 2547//2547 2569//2569 2568//2568
f 2565//2565 2568//2568 2567//2567
f 2567//2567 2568//2568 2633//2633
f 2568//2568 2569//2569 2634//2634
f 2569//2569 2570//2570 2634//2634
f 2547//2547 2614//2614 2615//2615
f 2567//2567 2633//2633 2632//2632
f 2568//2568 2634//2634 2633//2633
f 2548//2548 2549//2549 2550//2550
f 2549//2549 2577//2577 2550//2550
f 2548//2548 2616//2616 2549//2549
f 2550//2550 2577//2577 2575//2575
f 2549//2549 2579//2579 2577//2577
f 2575//2575 2577//2577 2576//2576
f 2577//2577 2579//2579 2578//2578
f 2575//2575 2576//2576 2643//2643
f 2578//2578 2579//2579 2645//2645
f 2579//2579 2580//2580 2645//2645
f 2549//2549 2616//2616 2617//2617
f 2575//2575 2643//2643 2642//2642
f 2578//2578 2645//2645 2644//2644
f 2551//2551 2552//2552 2582//2582
f 2551//2551 2618//2618 2552//2552
f 2552//2552 2619//2619 2553//2553
f 2552//2552 2553//2553 2681//2681
f 2552//2552 2681//2681 2582//2582
f 2581//2581 2582//2582 2585//2585
f 2582//2582 2681//2681 2585//2585
f 2553//2553 2682//2682 2681//2681
f 2581//2581 2585//2585 2649//2649
f 2552//2552 2618//2618 2619//2619
f 2553//2553 2619//2619 2620//2620
f 2581//2581 2649//2649 2646//2646
f 2681//2681 2682//2682 2716//2716
f 2681//2681 2716//2716 2715//2715
f 2554//2554 2621//2621 2555//2555
f 2555//2555 2622//2622 2556//2556
f 2554//2554 2555//2555 2684//2684
f 2555//2555 2556//2556 2684//2684
f 2556//2556 2685//2685 2684//2684
f 2555//2555 2621//2621 2622//2622
f 2556//2556 2622//2622 2623//2623
f 2683//2683 2684//2684 2718//2718
f 2684//2684 2685//2685 2718//2718
f 2683//2683 2718//2718 2717//2717
f 2587//2587 2588//2588 2590//2590
f 2587//2587 2590//2590 2589//2589
f 2588//2588 2591//2591 2590//2590
f 2587//2587 2589//2589 2687//2687
f 2589//2589 2593//2593 2687//2687
f 2590//2590 2688//2688 2593//2593
f 2590//2590 2591//2591 2688//2688
f 2587//2587 2653//2653 2588//2588
f 2588//2588 2654//2654 2591//2591
f 2588//2588 2653//2653 2654//2654
f 2591//2591 2654//2654 2655//2655
f 2593//2593 2688//2688 2687//2687
f 2686//2686 2687//2687 2722//2722
f 2687//2687 2688//2688 2722//2722
f 2686//2686 2722//2722 2721//2721
f 2592//2592 2594//2594 2690//2690
f 2594//2594 2595//2595 2690//2690
f 2592//2592 2656//2656 2594//2594
f 2594//2594 2657//2657 2595//2595
f 2594//2594 2656//2656 2657//2657
f 2595//2595 2657//2657 2658//2658
f 2595//2595 2691//2691 2690//2690
f 2689//2689 2690//2690 2724//2724
f 2690//2690 2691//2691 2724//2724
f 2689//2689 2724//2724 2723//2723
f 2571//2571 2572//2572 2669//2669
f 2571//2571 2635//2635 2572//2572
f 2572//2572 2635//2635 2636//2636
f 2572//2572 2670//2670 2669//2669
f 2572//2572 2671//2671 2670//2670
f 2668//2668 2669//2669 2670//2670
f 2668//2668 2670//2670 2708//2708
f 2670//2670 2671//2671 2709//2709
f 2671//2671 2672//2672 2709//2709
f 2668//2668 2708//2708 2707//2707
f 2670//2670 2709//2709 2708//2708
f 2573//2573 2574//2574 2674//2674
f 2573//2573 2624//2624 2574//2574
f 2574//2574 2624//2624 2625//2625
f 2574//2574 2625//2625 2639//2639
f 2574//2574 2639//2639 2637//2637
f 2574//2574 2637//2637 2641//2641
f 2637//2637 2639//2639 2638//2638
f 2637//2637 2640//2640 2641//2641
f 2574//2574 2675//2675 2674//2674
f 2673//2673 2674//2674 2711//2711
f 2674//2674 2675//2675 2711//2711
f 2673//2673 2711//2711 2710//2710
f 2583//2583 2647//2647 2584//2584
f 2584//2584 2647//2647 2648//2648
f 2583//2583 2584//2584 2678//2678
f 2584//2584 2679//2679 2678//2678
f 2677//2677 2678//2678 2714//2714
f 2678//2678 2679//2679 2714//2714
f 2679//2679 2680//2680 2714//2714
f 2677//2677 2714//2714 2713//2713
f 2597//2597 2660//2660 2601//2601
f 2601//2601 2663//2663 2602//2602
f 2601//2601 2660//2660 2663//2663
f 2602//2602 2663//2663 2664//2664
f 2597//2597 2601//2601 2693//2693
f 2601//2601 2602//2602 2693//2693
f 2602//2602 2695//2695 2693//2693
f 2693//2693 2695//2695 2697//2697
f 2692//2692 2693//2693 2728//2728
f 2693//2693 2697//2697 2728//2728
f 2697//2697 2698//2698 2728//2728
f 2692//2692 2728//2728 2725//2725
f 1366//1366 1367//1367 1370//1370
f 1366//1366 1370//1370 1369//1369
f 1367//1367 1392//1392 1370//1370
f 1367//1367 1368//1368 1392//1392
f 1393//1393 1368//1368 1390//1390
f 1392//1392 1368//1368 1393//1393
f 1366//1366 1415//1415 1367//1367
f 1366//1366 1369//1369 1417//1417
f 1393//1393 1390//1390 1391//1391
f 1393//1393 1391//1391 1394//1394
f 1390//1390 1434//1434 1391//1391
f 1392//1392 1393//1393 1437//1437
f 1366//1366 1417//1417 1415//1415
f 1367//1367 1415//1415 1416//1416
f 1391//1391 1434//1434 1435//1435
f 1392//1392 1437//1437 1436//1436
f 1372//1372 1419//1419 1373//1373
f 1372//1372 1373//1373 2434//2434
f 1372//1372 2434//2434 2432//2432
f 1396//1396 2436//2436 2435//2435
f 1372//1372 2432//2432 2495//2495
f 1373//1373 1419//1419 1420//1420
f 1372//1372 2495//2495 1419//1419
f 2432//2432 2434//2434 2497//2497
f 2432//2432 2497//2497 2495//2495
f 1354//1354 1374//1374 2414//2414
f 1354//1354 1406//1406 1374//1374
f 1374//1374 1406//1406 1421//1421
f 2414//2414 2415//2415 2416//2416
f 2414//2414 2416//2416 2417//2417
f 1374//1374 2415//2415 2414//2414
f 1374//1374 2420//2420 2415//2415
f 1374//1374 2421//2421 2420//2420
f 1374//1374 2422//2422 2421//2421
f 2420//2420 2421//2421 2489//2489
f 2420//2420 2489//2489 2488//2488
f 1375//1375 1376//1376 2423//2423
f 1376//1376 1377//1377 2423//2423
f 1377//1377 1381//1381 2423//2423
f 1375//1375 1422//1422 1376//1376
f 1376//1376 1423//1423 1377//1377
f 1381//1381 1428//1428 1384//1384
f 1376//1376 1422//1422 1423//1423
f 1377//1377 1423//1423 1424//1424
f 1384//1384 1428//1428 1430//1430
f 1381//1381 1384//1384 2423//2423
f 1384//1384 2424//2424 2423//2423
f 1384//1384 2425//2425 2424//2424
f 1384//1384 2426//2426 2425//2425
f 2424//2424 2425//2425 2491//2491
f 2424//2424 2491//2491 2490//2490
f 1357//1357 1358//1358 1362//1362
f 1358//1358 2408//2408 1362//1362
f 1358//1358 1359//1359 2408//2408
f 1357//1357 1408//1408 1358//1358
f 1357//1357 1362//1362 1412//1412
f 1357//1357 1412//1412 1408//1408
f 1358//1358 1408//1408 1409//1409
f 1359//1359 2405//2405 2408//2408
f 2405//2405 2409//2409 2408//2408
f 2405//2405 2410//2410 2409//2409
f 2409//2409 2410//2410 2483//2483
f 2409//2409 2483//2483 2482//2482
f 1350//1350 1402//1402 1361//1361
f 1361//1361 1402//1402 1411//1411
f 1350//1350 2407//2407 2401//2401
f 2401//2401 2407//2407 2403//2403
f 2403//2403 2407//2407 2404//2404
f 1350//1350 1361//1361 2407//2407
f 1350//1350 2401//2401 2477//2477
f 2403//2403 2404//2404 2480//2480
f 2404//2404 2407//2407 2481//2481
f 1350//1350 2477//2477 1402//1402
f 2403//2403 2480//2480 2479//2479
f 2404//2404 2481//2481 2480//2480
f 1352//1352 1355//1355 1363//1363
f 1352//1352 1363//1363 2411//2411
f 1356//1356 2406//2406 1363//1363
f 1352//1352 1404//1404 1355//1355
f 1355//1355 1404//1404 1407//1407
f 1363//1363 2406//2406 2411//2411
f 2406//2406 2412//2412 2411//2411
f 2406//2406 2413//2413 2412//2412
f 2412//2412 2413//2413 2485//2485
f 2412//2412 2485//2485 2484//2484
f 1378//1378 1379//1379 1382//1382
f 1379//1379 1383//1383 1382//1382
f 1379//1379 1386//1386 1383//1383
f 1379//1379 1380//1380 1386//1386
f 1380//1380 1387//1387 1386//1386
f 1378//1378 1425//1425 1379//1379
f 1379//1379 1426//1426 1380//1380
f 1383//1383 1386//1386 1432//1432
f 1379//1379 1425//1425 1426//1426
f 1380//1380 1426//1426 1427//1427
f 1383//1383 1432//1432 1429//1429
f 1385//1385 1431//1431 1388//1388
f 1388//1388 1431//1431 1433//1433
f 1385//1385 1388//1388 2427//2427
f 1388//1388 1389//1389 2427//2427
f 1389//1389 2418//2418 2429//2429
f 2418//2418 2419//2419 2429//2429
f 1389//1389 2428//2428 2427//2427
f 1389//1389 2429//2429 2428//2428
f 2419//2419 2430//2430 2429//2429
f 2418//2418 2486//2486 2419//2419
f 2428//2428 2429//2429 2493//2493
f 2419//2419 2486//2486 2487//2487
f 2428//2428 2493//2493 2492//2492
f 1400//1400 1441//1441 1401//1401
f 1401//1401 1441//1441 1442//1442
f 1400//1400 1401//1401 2443//2443
f 1400//1400 2443//2443 2439//2439
f 2439//2439 2442//2442 2441//2441
f 2439//2439 2443//2443 2442//2442
f 1400//1400 2439//2439 2500//2500
f 2442//2442 2443//2443 2503//2503
f 1400//1400 2500//2500 1441//1441
f 2442//2442 2503//2503 2502//2502
f 1445//1445 1446//1446 1448//1448
f 1445//1445 1464//1464 1446//1446
f 1446//1446 1460//1460 1459//1459
f 1445//1445 1448//1448 1469//1469
f 1446//1446 1464//1464 1460//1460
f 1445//1445 1469//1469 1464//1464
f 1460//1460 1464//1464 1466//1466
f 1463//1463 1465//1465 1467//1467
f 1446//1446 1480//1480 1448//1448
f 1446//1446 1481//1481 1480//1480
f 1446//1446 2535//2535 1481//1481
f 1446//1446 2536//2536 2535//2535
f 1446//1446 2537//2537 2536//2536
f 1480//1480 1481//1481 1497//1497
f 1480//1480 1497//1497 1496//1496
f 2537//2537 2538//2538 2536//2536
f 2537//2537 2607//2607 2538//2538
f 2536//2536 2538//2538 2608//2608
f 2536//2536 2608//2608 2606//2606
f 2538//2538 2607//2607 2608//2608
f 1443//1443 1444//1444 1447//1447
f 1443//1443 1461//1461 1444//1444
f 1443//1443 1447//1447 1468//1468
f 1444//1444 1462//1462 1449//1449
f 1444//1444 1461//1461 1462//1462
f 1443//1443 1468//1468 1461//1461
f 1449//1449 1462//1462 1470//1470
f 1444//1444 1484//1484 1447//1447
f 1444//1444 1449//1449 1485//1485
f 1449//1449 1482//1482 1485//1485
f 1444//1444 1485//1485 1484//1484
f 1482//1482 1486//1486 1485//1485
f 1482//1482 1498//1498 1486//1486
f 1485//1485 1486//1486 1501//1501
f 1486//1486 1498//1498 1501//1501
f 1485//1485 1501//1501 1500//1500
f 2451//2451 2452//2452 2453//2453
f 2451//2451 2458//2458 2452//2452
f 2453//2453 2452//2452 2455//2455
f 2455//2455 2452//2452 2456//2456
f 2456//2456 2452//2452 2457//2457
f 2451//2451 2508//2508 2458//2458
f 2453//2453 2455//2455 2517//2517
f 2455//2455 2456//2456 2518//2518
f 2451//2451 2511//2511 2508//2508
f 2458//2458 2508//2508 2514//2514
f 2453//2453 2517//2517 2515//2515
f 2455//2455 2518//2518 2517//2517
f 2508//2508 2511//2511 2512//2512
f 2508//2508 2513//2513 2514//2514
f 2447//2447 2448//2448 2460//2460
f 2448//2448 2507//2507 2454//2454
f 2454//2454 2516//2516 2462//2462
f 2448//2448 2454//2454 2461//2461
f 2448//2448 2461//2461 2460//2460
f 2454//2454 2462//2462 2468//2468
f 2454//2454 2468//2468 2461//2461
f 2462//2462 2469//2469 2468//2468
f 2460//2460 2461//2461 2521//2521
f 2461//2461 2468//2468 2527//2527
f 2454//2454 2507//2507 2516//2516
f 2460//2460 2521//2521 2520//2520
f 2461//2461 2527//2527 2521//2521
f 2462//2462 2516//2516 2522//2522
f 2465//2465 2466//2466 2472//2472
f 2466//2466 2467//2467 2473//2473
f 2474//2474 2467//2467 2470//2470
f 2466//2466 2473//2473 2472//2472
f 2473//2473 2467//2467 2474//2474
f 2474//2474 2470//2470 2475//2475
f 2466//2466 2525//2525 2467//2467
f 2467//2467 2526//2526 2470//2470
f 2472//2472 2473//2473 2531//2531
f 2473//2473 2474//2474 2532//2532
f 2467//2467 2525//2525 2526//2526
f 2470//2470 2526//2526 2528//2528
f 2472//2472 2531//2531 2530//2530
f 2473//2473 2532//2532 2531//2531
f 2541//2541 2542//2542 2557//2557
f 2542//2542 2558//2558 2557//2557
f 2542//2542 2559//2559 2558//2558
f 2542//2542 2560//2560 2559//2559
f 2541//2541 2611//2611 2542//2542
f 2558//2558 2559//2559 2627//2627
f 2542//2542 2611//2611 2612//2612
f 2558//2558 2627//2627 2626//2626
f 2543//2543 2544//2544 2545//2545
f 2543//2543 2545//2545 2546//2546
f 2544//2544 2565//2565 2545//2545
f 2543//2543 2546//2546 2563//2563
f 2543//2543 2613//2613 2544//2544
f 2546//2546 2566//2566 2563//2563
f 2546//2546 2567//2567 2566//2566
f 2566//2566 2567//2567 2632//2632
f 2544//2544 2613//2613 2614//2614
f 2566//2566 2632//2632 2631//2631
f 2547//2547 2548//2548 2550//2550
f 2547//2547 2550//2550 2569//2569
f 2547//2547 2615//2615 2548//2548
f 2550//2550 2570//2570 2569//2569
f 2550//2550 2575//2575 2570//2570
f 2570//2570 2575//2575 2642//2642
f 2548//2548 2615//2615 2616//2616
f 2570//2570 2642//2642 2634//2634
f 2549//2549 2551//2551 2579//2579
f 2549//2549 2617//2617 2551//2551
f 2551//2551 2580//2580 2579//2579
f 2551//2551 2581//2581 2580//2580
f 2551//2551 2582//2582 2581//2581
f 2580//2580 2581//2581 2646//2646
f 2551//2551 2617//2617 2618//2618
f 2580//2580 2646//2646 2645//2645
f 2553//2553 2620//2620 2554//2554
f 2553//2553 2554//2554 2684//2684
f 2553//2553 2683//2683 2682//2682
f 2553//2553 2684//2684 2683//2683
f 2554//2554 2620//2620 2621//2621
f 2682//2682 2683//2683 2717//2717
f 2682//2682 2717//2717 2716//2716
f 2556//2556 2586//2586 2587//2587
f 2556//2556 2623//2623 2586//2586
f 2586//2586 2650//2650 2587//2587
f 2556//2556 2587//2587 2687//2687
f 2556//2556 2686//2686 2685//2685
f 2556//2556 2687//2687 2686//2686
f 2586//2586 2623//2623 2650//2650
f 2587//2587 2650//2650 2653//2653
f 2685//2685 2686//2686 2721//2721
f 2685//2685 2721//2721 2718//2718
f 2589//2589 2590//2590 2593//2593
f 2591//2591 2592//2592 2690//2690
f 2591//2591 2655//2655 2592//2592
f 2592//2592 2655//2655 2656//2656
f 2591//2591 2689//2689 2688//2688
f 2591//2591 2690//2690 2689//2689
f 2688//2688 2689//2689 2723//2723
f 2688//2688 2723//2723 2722//2722
f 2561//2561 2564//2564 2666//2666
f 2564//2564 2571//2571 2668//2668
f 2564//2564 2667//2667 2666//2666
f 2564//2564 2668//2668 2667//2667
f 2571//2571 2669//2669 2668//2668
f 2561//2561 2628//2628 2564//2564
f 2564//2564 2630//2630 2571//2571
f 2564//2564 2628//2628 2630//2630
f 2571//2571 2630//2630 2635//2635
f 2667//2667 2668//2668 2707//2707
f 2667//2667 2707//2707 2706//2706
f 2572//2572 2573//2573 2671//2671
f 2572//2572 2636//2636 2573//2573
f 2573//2573 2636//2636 2624//2624
f 2624//2624 2636//2636 2625//2625
f 2625//2625 2636//2636 2639//2639
f 2637//2637 2638//2638 2640//2640
f 2573//2573 2672//2672 2671//2671
f 2573//2573 2673//2673 2672//2672
f 2573//2573 2674//2674 2673//2673
f 2672//2672 2673//2673 2710//2710
f 2672//2672 2710//2710 2709//2709
f 2574//2574 2576//2576 2675//2675
f 2576//2576 2577//2577 2676//2676
f 2577//2577 2578//2578 2676//2676
f 2578//2578 2583//2583 2676//2676
f 2574//2574 2641//2641 2576//2576
f 2578//2578 2644//2644 2583//2583
f 2576//2576 2641//2641 2643//2643
f 2583//2583 2644//2644 2647//2647
f 2576//2576 2676//2676 2675//2675
f 2583//2583 2677//2677 2676//2676
f 2583//2583 2678//2678 2677//2677
f 2675//2675 2676//2676 2712//2712
f 2676//2676 2677//2677 2713//2713
f 2675//2675 2712//2712 2711//2711
f 2676//2676 2713//2713 2712//2712
f 2584//2584 2648//2648 2585//2585
f 2585//2585 2648//2648 2649//2649
f 2584//2584 2585//2585 2681//2681
f 2584//2584 2680//2680 2679//2679
f 2584//2584 2681//2681 2680//2680
f 2680//2680 2681//2681 2715//2715
f 2680//2680 2715//2715 2714//2714
f 2595//2595 2596//2596 2597//2597
f 2595//2595 2597//2597 2693//2693
f 2595//2595 2658//2658 2596//2596
f 2596//2596 2659//2659 2597//2597
f 2596//2596 2658//2658 2659//2659
f 2597//2597 2659//2659 2660//2660
f 2595//2595 2692//2692 2691//2691
f 2595//2595 2693//2693 2692//2692
f 2691//2691 2692//2692 2725//2725
f 2691//2691 2725//2725 2724//2724
f 2602//2602 2664//2664 2603//2603
f 2603//2603 2664//2664 2665//2665
f 2602//2602 2603//2603 2695//2695
f 2603//2603 2699//2699 2695//2695
f 2697//2697 2695//2695 2698//2698
f 2695//2695 2699//2699 2698//2698
f 2603//2603 2665//2665 2699//2699
f 2698//2698 2699//2699 2729//2729
f 2699//2699 2665//2665 2729//2729
f 2698//2698 2729//2729 2728//2728
f 1365//1365 1369//1369 1371//1371
f 1369//1369 1370//1370 1397//1397
f 1369//1369 1397//1397 1371//1371
f 1365//1365 1414//1414 1369//1369
f 1365//1365 1371//1371 1418//1418
f 1370//1370 1392//1392 1398//1398
f 1370//1370 1398//1398 1397//1397
f 1392//1392 1399//1399 1398//1398
f 1398//1398 1399//1399 1440//1440
f 1392//1392 1436//1436 1399//1399
f 1369//1369 1414//1414 1417//1417
f 1365//1365 1418//1418 1414//1414
f 1398//1398 1440//1440 1439//1439
f 1399//1399 1436//1436 1440//1440
o double_ended_connector_pin
v -3.4294605255126953 1.9800000190734863 1.8849999904632568
v -3.3688387870788574 1.9450000524520874 1.8849999904632568
v -3.1869735717773438 1.840000033378601 1.600000023841858
v -3.3688387870788574 -1.9450000524520874 1.8849999904632568
v -3.1869735717773438 -1.840000033378601 1.600000023841858
v -3.4294605255126953 -1.9800000190734863 1.8849999904632568
v -3.4294605255126953 1.9800000190734863 8.71500015258789
v -3.3688385486602783 1.9449999332427979 8.71500015258789
v -3.1869735717773438 1.840000033378601 9
v -3.3688385486602783 -1.9449999332427979 8.71500015258789
v -3.1869735717773438 -1.840000033378601 9
v -3.4294605255126953 -1.9800000190734863 8.71500015258789
v 4.506700205755181e-16 3.680000066757202 1.600000023841858
v 4.849601377418587e-16 3.9600000381469727 1.8849999904632568
v 4.76387581980494e-16 3.890000104904175 1.8849999904632568
v 3.1869735717773438 1.840000033378601 1.600000023841858
v 3.3688387870788574 1.9450000524520874 1.8849999904632568
v 3.4294605255126953 1.9800000190734863 1.8849999904632568
v 0 9.797174820681343e-17 1.600000023841858
v 0 -3.680000066757202 1.600000023841858
v 0 -3.890000104904175 1.8849999904632568
v 0 -3.9600000381469727 1.8849999904632568
v 3.1869735717773438 -1.840000033378601 1.600000023841858
v 3.3688387870788574 -1.9450000524520874 1.8849999904632568
v 3.4294605255126953 -1.9800000190734863 1.8849999904632568
v 4.849601377418587e-16 3.9600000381469727 8.71500015258789
v 4.76387581980494e-16 3.8899998664855957 8.71500015258789
v 4.506700205755181e-16 3.680000066757202 9
v 3.1869735717773438 1.840000033378601 9
v 3.3688385486602783 1.9449999332427979 8.71500015258789
v 3.4294605255126953 1.9800000190734863 8.71500015258789
v 0 5.510910704284357e-16 9
v 0 -3.8899998664855957 8.71500015258789
v 0 -3.9600000381469727 8.71500015258789
v 0 -3.680000066757202 9
v 3.1869735717773438 -1.840000033378601 9
v 3.3688385486602783 -1.9449999332427979 8.71500015258789
v 3.4294605255126953 -1.9800000190734863 8.71500015258789
vn -0.8658467402864901 0.49989681695022004 -0.020312428173347205
vn -0.6177675747924454 0.35666826505335575 -0.7008216408180398
vn -0.12223690996268992 0.07057351017161338 -0.9899886451393423
vn -0.6149680005595667 -0.35505196378070686 -0.7040969118688367
vn -0.06327954570998803 -0.03653446149636356 -0.9973268933593982
vn -0.8660140499638151 -0.4999934059534395 -0.005124379801468428
vn -0.8660140498770218 0.49999340590332936 0.005124399358728617
vn -0.6149678943378503 0.3550518818721186 0.704097045948027
vn -0.06327953089433312 0.03653445036985977 0.9973268947070292
vn -0.6177674625999147 -0.35666820949983863 0.7008217679874409
vn -0.12223686611997976 -0.07057348831683943 0.9899886521106991
vn -0.8658467389761206 -0.4998968161936779 0.020312502648411196
vn 0.021603682453463887 0.10821595509353454 -0.9938926440856899
vn -0.1889727810039387 0.9819313620597478 -0.010004411183373469
vn -0.1307227640830744 0.7050966778425185 -0.6969578422300192
vn 0.06327955312212169 0.036534465199456516 -0.9973268927534513
vn 0.6149680634312252 0.3550519656669181 -0.7040968560047021
vn 0.8660140499658817 0.49999340595463265 -0.005124379335819377
vn 0 0 -1
vn -0.02160368059168812 -0.10821595509788916 -0.9938926441256841
vn 0.13072278788223038 -0.7050967050670924 -0.6969578102237085
vn 0.1889727810039387 -0.9819313620597478 -0.010004411183373469
vn 0.1222368953484533 -0.07057350288668879 -0.9899886474631282
vn 0.6177675682258584 -0.3566682910644573 -0.700821633368626
vn 0.8658467402864901 -0.49989681695022004 -0.020312428173347205
vn 0.18897278093879186 0.981931361721235 0.010004445638858855
vn 0.13072274413290347 0.7050965313997174 0.6969579941247899
vn -0.02160366952554404 0.1082159109440428 0.9938926491737335
vn 0.12223686611997976 0.07057348831683943 0.9899886521106991
vn 0.6177674625999147 0.35666820949983863 0.7008217679874409
vn 0.8658467389761206 0.4998968161936779 0.020312502648411196
vn 0 0 1
vn -0.13072274413290347 -0.7050965313997174 0.6969579941247899
vn -0.1889727809370311 -0.9819313617120858 0.010004446570088189
vn 0.021603671352482975 -0.10821592566634627 0.9938926475310448
vn 0.06327953089433312 -0.03653445036985977 0.9973268947070292
vn 0.6149678943378503 -0.3550518818721186 0.704097045948027
vn 0.8660140498770218 -0.49999340590332936 0.005124399358728617
f 3199//3199 3213//3213 3200//3200
f 3199//3199 3200//3200 3202//3202
f 3199//3199 3205//3205 3212//3212
f 3205//3205 3199//3199 3204//3204
f 3199//3199 3212//3212 3213//3213
f 3199//3199 3202//3202 3204//3204
f 3204//3204 3202//3202 3220//3220
f 3220//3220 3202//3202 3219//3219
f 3204//3204 3220//3220 3232//3232
f 3205//3205 3206//3206 3224//3224
f 3205//3205 3210//3210 3206//3206
f 3205//3205 3224//3224 3212//3212
f 3224//3224 3206//3206 3225//3225
f 3205//3205 3204//3204 3210//3210
f 3204//3204 3232//3232 3210//3210
f 3210//3210 3208//3208 3206//3206
f 3210//3210 3231//3231 3208//3208
f 3210//3210 3232//3232 3231//3231
f 3212//3212 3215//3215 3213//3213
f 3212//3212 3224//3224 3216//3216
f 3212//3212 3216//3216 3215//3215
f 3216//3216 3223//3223 3215//3215
f 3220//3220 3219//3219 3223//3223
f 3223//3223 3222//3222 3215//3215
f 3223//3223 3219//3219 3222//3222
f 3236//3236 3223//3223 3216//3216
f 3220//3220 3223//3223 3236//3236
f 3224//3224 3225//3225 3229//3229
f 3216//3216 3224//3224 3229//3229
f 3229//3229 3236//3236 3216//3216
f 3229//3229 3225//3225 3228//3228
f 3229//3229 3228//3228 3235//3235
f 3220//3220 3236//3236 3232//3232
f 3232//3232 3235//3235 3231//3231
f 3229//3229 3235//3235 3236//3236
f 3232//3232 3236//3236 3235//3235
f 3201//3201 3200//3200 3213//3213
f 3201//3201 3202//3202 3200//3200
f 3201//3201 3213//3213 3211//3211
f 3201//3201 3211//3211 3217//3217
f 3201//3201 3203//3203 3202//3202
f 3201//3201 3217//3217 3203//3203
f 3203//3203 3218//3218 3202//3202
f 3203//3203 3217//3217 3218//3218
f 3218//3218 3219//3219 3202//3202
f 3211//3211 3213//3213 3215//3215
f 3211//3211 3214//3214 3217//3217
f 3211//3211 3215//3215 3214//3214
f 3214//3214 3215//3215 3221//3221
f 3217//3217 3221//3221 3218//3218
f 3218//3218 3221//3221 3219//3219
f 3214//3214 3221//3221 3217//3217
f 3221//3221 3215//3215 3222//3222
f 3221//3221 3222//3222 3219//3219
f 3207//3207 3226//3226 3206//3206
f 3207//3207 3206//3206 3209//3209
f 3226//3226 3225//3225 3206//3206
f 3207//3207 3230//3230 3226//3226
f 3209//3209 3206//3206 3208//3208
f 3207//3207 3209//3209 3230//3230
f 3209//3209 3208//3208 3231//3231
f 3209//3209 3233//3233 3230//3230
f 3209//3209 3231//3231 3233//3233
f 3226//3226 3227//3227 3225//3225
f 3226//3226 3230//3230 3227//3227
f 3227//3227 3228//3228 3225//3225
f 3227//3227 3235//3235 3228//3228
f 3230//3230 3233//3233 3234//3234
f 3233//3233 3231//3231 3235//3235
f 3227//3227 3230//3230 3234//3234
f 3227//3227 3234//3234 3235//3235
f 3233//3233 3235//3235 3234//3234
o daisy_topper
v -6.6713409423828125 8.365596771240234 5.550000190734863
v -8.365596771240234 6.6713409423828125 5.550000190734863
v -7.427399158477783 5.923152923583984 9.949999809265137
v -9.640366554260254 4.642556190490723 5.550000190734863
v -10.699999809265137 2.3053977363875254e-15 5.550000190734863
v -10.43172836303711 2.380974054336548 5.550000190734863
v -9.261815071105957 2.1139488220214844 9.949999809265137
v -9.5 2.354383345793136e-15 9.949999809265137
v -8.5592041015625 4.1218953132629395 9.949999809265137
v -8.601090431213379 2.8064675331115723 21.637826919555664
v -7.320684432983398 4.014379978179932 20.69782257080078
v -7.14267110824585 4.176212310791016 20.791091918945312
v -6.912362575531006 4.149725437164307 20.953210830688477
v -6.579064846038818 4.0151047706604 20.074180603027344
v -6.747754096984863 3.850607395172119 19.969051361083984
v -6.371266841888428 3.9950528144836426 20.26493263244629
v -6.092133045196533 3.6352250576019287 19.32017707824707
v -8.56585693359375 2.5412073135375977 21.554323196411133
v -8.281341552734375 2.317996025085449 21.4157772064209
v -7.961753845214844 2.673499345779419 20.495168685913086
v -7.9831953048706055 2.418147563934326 20.525386810302734
v -7.835503101348877 2.2188572883605957 20.661388397216797
v -6.009746074676514 2.0336499214172363 18.553874969482422
v -6.0603928565979 1.7878154516220093 18.613506317138672
v -5.983211517333984 1.6115036010742188 18.82052230834961
v -7.388823986053467 2.5097267627716064 19.76639747619629
v -7.419588565826416 2.257040023803711 19.808473587036133
v -7.294407367706299 2.0641846656799316 19.97311019897461
v -6.7332024574279785 2.294344663619995 19.117523193359375
v -6.773767948150635 2.044877290725708 19.169300079345703
v -6.67224645614624 1.8597944974899292 19.357351303100586
v -7.960020065307617 4.147348403930664 21.84048080444336
v -7.725332736968994 4.299272060394287 21.82002830505371
v -7.358200550079346 4.24886417388916 21.707599639892578
v -6.751922607421875 3.7689554691314697 22.249662399291992
v -6.8853044509887695 3.5606062412261963 22.3229923248291
v -6.629364013671875 3.8547706604003906 22.00957679748535
v -6.065590858459473 3.1396241188049316 22.515405654907227
v -7.592446804046631 2.0108907222747803 21.983957290649414
v -7.526374340057373 2.2197256088256836 22.120338439941406
v -7.552504539489746 1.9239026308059692 21.717754364013672
v -6.7783379554748535 1.526311993598938 21.89947509765625
v -6.786073207855225 1.5967596769332886 22.17323875427246
v -6.706660747528076 1.798743486404419 22.31275177001953
v -5.973491191864014 1.1315182447433472 21.965639114379883
v -4.642556190490723 9.640366554260254 5.550000190734863
v -4.1218953132629395 8.5592041015625 9.949999809265137
v -5.923152923583984 7.427399158477783 9.949999809265137
v -2.380974054336548 10.43172836303711 5.550000190734863
v -2.1139488220214844 9.261815071105957 9.949999809265137
v -3.481422185897827 2.009999990463257 5.550000190734863
v -3.481422185897827 2.009999990463257 9
v -1.861181378364563 1.0745536088943481 9.949999809265137
v -2.116457462310791 0.3731885254383087 9.949999809265137
v -1.3814194202423096 1.6463115215301514 9.949999809265137
v -0.7646313309669495 2.0024142265319824 9.949999809265137
v -0.7350379228591919 2.0195000171661377 9.949999809265137
v -5.36867618560791 3.37453031539917 18.756528854370117
v -5.2198686599731445 3.5458803176879883 18.87921142578125
v -4.591645240783691 3.0745201110839844 18.283540725708008
v -5.933243751525879 3.8029422760009766 19.43500518798828
v -5.749105930328369 3.7906625270843506 19.649173736572266
v -5.060070991516113 3.5423717498779297 19.11234474182129
v -4.453181266784668 3.249863624572754 18.412521362304688
v -4.31835412979126 3.255995988845825 18.660852432250977
v -3.7749087810516357 2.740957260131836 17.906951904296875
v -3.647144079208374 2.920670509338379 18.040864944458008
v -3.538146734237671 2.937352180480957 18.30110740661621
v -5.232715129852295 1.7336394786834717 18.080886840820312
v -5.293705463409424 1.491798758506775 18.146814346313477
v -5.241494655609131 1.3251278400421143 18.369029998779297
v -4.487668037414551 1.1626056432724 17.77515983581543
v -4.41597843170166 1.4000767469406128 17.70429801940918
v -4.461287498474121 1.006484031677246 18.00928497314453
v -3.5731751918792725 1.0385531187057495 17.430255889892578
v -3.6560816764831543 0.8058936595916748 17.504764556884766
v -3.6567811965942383 0.6613882184028625 17.74769401550293
v -3.5213687419891357 0.026855630800127983 21.517778396606445
v -5.855197429656982 3.4571800231933594 22.19129753112793
v -5.945549011230469 3.3548243045806885 22.43894386291504
v -5.050350666046143 3.0623862743377686 22.257461547851562
v -5.110095500946045 2.9450173377990723 22.50762367248535
v -5.217459201812744 2.723598003387451 22.585126876831055
v -4.22947359085083 2.676683187484741 22.2127685546875
v -5.8585286140441895 1.3827173709869385 22.38247299194336
v -5.950619220733643 1.1869524717330933 22.241918563842773
v -5.152614116668701 0.745815098285675 21.92094612121582
v -5.10074520111084 0.7876243591308594 22.19564437866211
v -4.996643543243408 0.9777458310127258 22.335546493530273
v -5.599999904632568 1.75 26.850515365600586
v -5.862916946411133 1.5889087915420532 26.395130157470703
v -5.188079357147217 1.75 26.843786239624023
v -5.064154148101807 1.5889087915420532 26.382080078125
v -5.971820831298828 1.2000000476837158 26.20650291442871
v -5.01282262802124 1.2000000476837158 26.19083595275879
v -4.260221004486084 2.545689105987549 22.46135139465332
v -4.355573654174805 2.3186264038085938 22.53820037841797
v -3.4072163105010986 2.3063642978668213 22.061914443969727
v -3.4102816581726074 2.162903308868408 22.305418014526367
v -3.4941680431365967 1.9306763410568237 22.380165100097656
v -4.330357074737549 0.3754962980747223 21.770092010498047
v -4.135237693786621 0.5897957682609558 22.17751121520996
v -4.250805854797363 0.4048384726047516 22.03971290588379
v -3.415034532546997 0.04465555027127266 21.77904510498047
v -3.288372755050659 0.22483175992965698 21.91338348388672
v -4.334650039672852 1.5889087915420532 26.820148468017578
v -4.2174272537231445 1.2000000476837158 26.668472290039062
v -2.8155574798583984 2.5639584064483643 17.770469665527344
v -2.932105302810669 2.3794336318969727 17.632909774780273
v -2.733640670776367 2.5922563076019287 18.03951644897461
v -1.9721672534942627 2.185307264328003 17.60789680480957
v -2.0767948627471924 1.9954309463500977 17.46803855895996
v -1.9190276861190796 2.22652530670166 17.882490158081055
v -2.8126912117004395 0.42724254727363586 17.342191696166992
v -2.717864751815796 0.6545503735542297 17.265384674072266
v -2.8421683311462402 0.29565706849098206 17.590669631958008
v -1.6901252269744873 0.97579425573349 17.32402992248535
v -1.9244555234909058 0.3393334448337555 17.228647232055664
v -1.9246753454208374 0.28214091062545776 17.22031593322754
v -1.924554705619812 0.26465389132499695 17.224889755249023
v -1.9236277341842651 0.130270853638649 17.260028839111328
v -1.9713095426559448 0.03220643848180771 17.294384002685547
v -1.9227242469787598 0.022391369566321373 17.294281005859375
v -1.9226058721542358 0.008258670568466187 17.298768997192383
v -1.8171589374542236 1.6370550394058228 21.460525512695312
v -1.5925921201705933 0.919483482837677 21.528566360473633
v -1.6762754917144775 0.6930657029151917 21.483182907104492
v -1.8141993284225464 0.3198922872543335 21.408382415771484
v -1.130785584449768 1.7902711629867554 17.560091018676758
v -1.3613272905349731 1.3651576042175293 17.384525299072266
v -1.2226334810256958 1.594394564628601 17.419506072998047
v -1.1439266204833984 1.5556941032409668 17.426591873168945
v -1.2942594289779663 1.4445797204971313 17.39686393737793
v -1.2530349493026733 1.4933089017868042 17.406614303588867
v -0.9140980243682861 1.6837252378463745 17.579599380493164
v -1.1176085472106934 1.5703551769256592 17.44411277770996
v -1.1084991693496704 1.8459749221801758 17.836437225341797
v -0.8936129808425903 1.6930629014968872 17.661325454711914
v -0.8437448740005493 1.715794324874878 17.860273361206055
v -0.8482157588005066 1.712022066116333 17.899377822875977
v -0.8567191362380981 1.7048472166061401 17.9737491607666
v -1.015558123588562 1.5708262920379639 19.36297607421875
v -1.1332433223724365 1.4715288877487183 20.392269134521484
v -1.1842758655548096 1.4284698963165283 20.838607788085938
v -1.1926791667938232 1.421379566192627 20.9121036529541
v -1.2040520906448364 1.4007470607757568 21.084596633911133
v -1.2047175168991089 1.399539828300476 21.094690322875977
v -1.3791093826293945 1.1763818264007568 21.46814727783203
v -1.3384050130844116 1.2261877059936523 21.436559677124023
v -1.4542596340179443 1.084427833557129 21.526466369628906
v -1.2624551057815552 1.3222377300262451 21.301647186279297
v -1.2895067930221558 1.2860195636749268 21.398611068725586
v -2.6473031044006348 1.565712332725525 22.116037368774414
v -2.5982282161712646 1.9577237367630005 21.809600830078125
v -2.5745105743408203 1.802720308303833 22.04475212097168
v -1.7671499252319336 1.4712575674057007 21.683927536010742
v -1.8290523290634155 1.22977876663208 21.75034523010254
v -1.5740386247634888 1.2000000476837158 26.90764617919922
v -1.5740386247634888 0.5555897951126099 26.90764617919922
v -1.582765817642212 0.526884138584137 26.968948364257812
v -0.9758883118629456 1.4059423208236694 25.528106689453125
v -0.8637006282806396 1.4747593402862549 25.395294189453125
v -1.387313723564148 1.5889087915420532 26.946807861328125
v -1.1110079288482666 1.5889087915420532 25.956377029418945
v -0.6982733011245728 1.5889087915420532 25.21224594116211
v -0.6762896776199341 1.5889087915420532 25.200027465820312
v -0.6599209904670715 1.5977566242218018 25.219812393188477
v -0.704133152961731 1.5726395845413208 25.206390380859375
v -0.5944220423698425 1.633161187171936 25.29897689819336
v -0.3056028485298157 1.683946967124939 25.304235458374023
v -0.22449885308742523 1.698208212852478 25.30571174621582
v -0.36009836196899414 1.75 25.550132751464844
v -2.219186511257746e-15 1.7376840114593506 25.309799194335938
v -2.0574066064639636e-15 1.75 25.350000381469727
v -0.6828319430351257 1.75 26.13199806213379
v -1.3127533197402954 1.0706709623336792 25.97105598449707
v -1.288364291191101 1.2000000476837158 25.88363265991211
v -1.1215037107467651 1.3099721670150757 25.693784713745117
v -1.21198570728302 1.2000000476837158 25.745927810668945
v -1.288364291191101 1.1033244132995605 25.88363265991211
v -1.4759677648544312 0.8521503806114197 26.556106567382812
v -1.1104600429534912 1.3233946561813354 25.687419891357422
v -10.43172836303711 -2.380974054336548 5.550000190734863
v -9.261815071105957 -2.1139488220214844 9.949999809265137
v -9.640366554260254 -4.642556190490723 5.550000190734863
v -8.5592041015625 -4.1218953132629395 9.949999809265137
v -8.365596771240234 -6.6713409423828125 5.550000190734863
v -7.427399158477783 -5.923152923583984 9.949999809265137
v -6.6713409423828125 -8.365596771240234 5.550000190734863
v -3.481422185897827 -2.009999990463257 5.550000190734863
v -3.481422185897827 -2.009999990463257 9
v -2.116457462310791 -0.3731885254383087 9.949999809265137
v -1.861181378364563 -1.0745536088943481 9.949999809265137
v -1.655227541923523 -1.3199998140335083 9.949999809265137
v -1.3814194202423096 -1.6463115215301514 9.949999809265137
v -0.7350379228591919 -2.0195000171661377 9.949999809265137
v -5.923152923583984 -7.427399158477783 9.949999809265137
v -4.642556190490723 -9.640366554260254 5.550000190734863
v -4.1218953132629395 -8.5592041015625 9.949999809265137
v -2.380974054336548 -10.43172836303711 5.550000190734863
v -2.1139488220214844 -9.261815071105957 9.949999809265137
v -5.971820831298828 -1.2000000476837158 26.20650291442871
v -5.01282262802124 -1.2000000476837158 26.19083595275879
v -5.862916946411133 -1.5889086723327637 26.395130157470703
v -5.599999904632568 -1.75 26.850515365600586
v -5.064154148101807 -1.5889086723327637 26.382080078125
v -5.188079357147217 -1.75 26.843786239624023
v -4.2174272537231445 -1.2000000476837158 26.668472290039062
v -4.334650039672852 -1.5889086723327637 26.820148468017578
v -2.031639814376831 -0.08489323407411575 17.544614791870117
v -1.9158457517623901 -0.14182956516742706 17.55504035949707
v -1.8851454257965088 -0.33240199089050293 18.71886444091797
v -2.7402994632720947 -0.2938130795955658 21.168703079223633
v -2.4701220989227295 -0.11110182851552963 21.547691345214844
v -2.6076738834381104 -0.28680717945098877 21.41822052001953
v -1.8457766771316528 -0.4103791415691376 19.11026954650879
v -1.7881487607955933 -0.5245220065116882 19.683208465576172
v -1.7576302289962769 -0.5849695205688477 19.986623764038086
v -1.727527379989624 -0.6445937156677246 20.285905838012695
v -2.0017993450164795 -0.5802159905433655 20.727567672729492
v -1.8430849313735962 -0.5833277106285095 20.96150016784668
v -1.7143723964691162 -0.6431143879890442 20.773706436157227
v -1.746324062347412 -0.540270984172821 20.968935012817383
v -1.820353627204895 -0.32097744941711426 21.175073623657227
v -1.8033447265625 -0.36968934535980225 21.149398803710938
v -1.7627819776535034 -0.4904908537864685 21.028085708618164
v -1.709099292755127 -0.6810939311981201 20.469118118286133
v -1.706170678138733 -0.6868947744369507 20.49823570251465
v -1.555320382118225 -0.6121928095817566 26.84054946899414
v -1.5740386247634888 -0.5555897951126099 26.90764617919922
v -1.5740386247634888 -1.2000000476837158 26.90764617919922
v -1.288364291191101 -1.1033244132995605 25.88363265991211
v -1.2855757474899292 -1.1068540811538696 25.878604888916016
v -1.288364291191101 -1.2000000476837158 25.88363265991211
v -1.21198570728302 -1.2000000476837158 25.745927810668945
v -1.4759677648544312 -0.8521503806114197 26.556106567382812
v -1.1104600429534912 -1.3233946561813354 25.687419891357422
v -0.9806745648384094 -1.4030063152313232 25.533775329589844
v -0.8460153341293335 -1.485607624053955 25.374359130859375
v -1.387313723564148 -1.5889086723327637 26.946807861328125
v -1.1110079288482666 -1.5889086723327637 25.956377029418945
v -0.7041330933570862 -1.5726395845413208 25.206390380859375
v -0.6870181560516357 -1.5826400518417358 25.20248031616211
v -0.6982733011245728 -1.5889086723327637 25.21224594116211
v -0.6762899160385132 -1.5889086723327637 25.200027465820312
v -0.5944220423698425 -1.633161187171936 25.29897689819336
v -0.28876280784606934 -1.6869081258773804 25.304542541503906
v -0.23873066902160645 -1.695705771446228 25.305452346801758
v -0.36009836196899414 -1.75 25.550132751464844
v -2.0574066064639636e-15 -1.75 25.350000381469727
v -0.6828319430351257 -1.75 26.13199806213379
v -10.15487003326416 1.5889087915420532 30.687082290649414
v -10.167919158935547 1.5889087915420532 31.4858455657959
v -9.70621395111084 1.75 31.361921310424805
v -9.729850769042969 1.5889087915420532 32.21535110473633
v -9.469645500183105 1.5889087915420532 30.27640151977539
v -9.699484825134277 1.75 30.950000762939453
v -9.346115112304688 1.75 30.73821258544922
v -9.363670349121094 1.75 31.932348251342773
v -10.343497276306152 1.2000000476837158 30.57817840576172
v -10.359163284301758 1.2000000476837158 31.53717803955078
v -9.881526947021484 1.2000000476837158 32.33257293701172
v -9.52081298828125 1.2000000476837158 30.085113525390625
v -11.337753295898438 1.5889087915420532 35.85172653198242
v -11.725833892822266 1.5889087915420532 36.54999923706055
v -11.199999809265137 1.75 36.54999923706055
v -11.337753295898438 1.5889087915420532 37.24827194213867
v -10.99986743927002 1.75 36.189903259277344
v -10.593622207641602 1.5889087915420532 35.43899154663086
v -10.99986743927002 1.75 36.910099029541016
v -10.593622207641602 1.5889087915420532 37.661006927490234
v -11.477709770202637 1.2000000476837158 35.71165084838867
v -11.943641662597656 1.2000000476837158 36.54999923706055
v -11.477709770202637 1.2000000476837158 37.38835144042969
v -10.666366577148438 1.2000000476837158 35.261634826660156
v -9.01026439666748 1.5889087915420532 32.949851989746094
v -9.137542724609375 1.2000000476837158 33.09197998046875
v -9.642354011535645 1.2000000476837158 34.97595977783203
v -10.418002128601074 1.75 35.86716842651367
v -10.418002128601074 1.75 37.23283004760742
v -9.508646011352539 1.75 35.61347961425781
v -9.603191375732422 1.5889087915420532 35.16268539428711
v -9.508646011352539 1.75 37.48651885986328
v -8.618842124938965 1.5889087915420532 30.291027069091797
v -8.680838584899902 1.75 30.749649047851562
v -7.7664690017700195 1.75 30.98462677001953
v -7.622951030731201 1.5889087915420532 30.546955108642578
v -8.593162536621094 1.2000000476837158 30.10106086730957
v -7.563504219055176 1.2000000476837158 30.365665435791016
v -6.273598670959473 1.5889087915420532 27.080354690551758
v -6.258972644805908 1.5889087915420532 27.9311580657959
v -6.003044605255127 1.5889087915420532 28.92704963684082
v -6.4648871421813965 1.2000000476837158 27.029186248779297
v -6.448939800262451 1.2000000476837158 27.956836700439453
v -6.1843342781066895 1.2000000476837158 28.986495971679688
v -6.4977898597717285 1.5889087915420532 30.99921417236328
v -6.687997817993164 1.75 31.418119430541992
v -6.419003009796143 1.2000000476837158 30.825698852539062
v -8.702988624572754 1.75 32.606727600097656
v -8.402644157409668 1.5889087915420532 34.99177169799805
v -8.05601692199707 1.5889087915420532 33.698143005371094
v -7.788338661193848 1.75 33.3239631652832
v -8.421171188354492 1.2000000476837158 34.80210876464844
v -8.166893005371094 1.2000000476837158 33.85313034057617
v -8.357916831970215 1.75 35.44966125488281
v -8.357916831970215 1.75 37.65034103393555
v -6.952686786651611 1.5889087915420532 34.41618347167969
v -7.0881123542785645 1.5889087915420532 34.92159652709961
v -6.7143940925598145 1.75 34.02288055419922
v -7.092136859893799 1.2000000476837158 34.73115921020508
v -7.051390647888184 1.2000000476837158 34.57909393310547
v -7.078395366668701 1.75 35.381351470947266
v -7.078395366668701 1.75 37.71864700317383
v -10.666366577148438 1.2000000476837158 37.83836364746094
v -9.603191375732422 1.5889087915420532 37.937313079833984
v -9.01026439666748 1.5889087915420532 40.150146484375
v -9.642354011535645 1.2000000476837158 38.12403869628906
v -9.137542724609375 1.2000000476837158 40.008018493652344
v -10.167919158935547 1.5889087915420532 41.61415481567383
v -9.729850769042969 1.5889087915420532 40.88465118408203
v -9.70621395111084 1.75 41.73807907104492
v -10.15487003326416 1.5889087915420532 42.41291809082031
v -9.363670349121094 1.75 41.16765213012695
v -9.699484825134277 1.75 42.150001525878906
v -9.346115112304688 1.75 42.36178970336914
v -9.469645500183105 1.5889087915420532 42.8235969543457
v -10.359163284301758 1.2000000476837158 41.56282424926758
v -9.881526947021484 1.2000000476837158 40.767425537109375
v -10.343497276306152 1.2000000476837158 42.521820068359375
v -9.52081298828125 1.2000000476837158 43.014888763427734
v -8.402644157409668 1.5889087915420532 38.10822677612305
v -8.05601692199707 1.5889087915420532 39.401859283447266
v -7.788338661193848 1.75 39.77603530883789
v -8.421171188354492 1.2000000476837158 38.297889709472656
v -8.166893005371094 1.2000000476837158 39.24686813354492
v -8.702988624572754 1.75 40.4932746887207
v -8.680838584899902 1.75 42.35034942626953
v -8.618842124938965 1.5889087915420532 42.8089714050293
v -7.7664690017700195 1.75 42.11537170410156
v -7.622951030731201 1.5889087915420532 42.553043365478516
v -8.593162536621094 1.2000000476837158 42.998939514160156
v -7.563504219055176 1.2000000476837158 42.73433303833008
v -7.0881123542785645 1.5889087915420532 38.178401947021484
v -6.952686786651611 1.5889087915420532 38.68381881713867
v -6.7143940925598145 1.75 39.077117919921875
v -7.092136859893799 1.2000000476837158 38.368839263916016
v -7.051390647888184 1.2000000476837158 38.52090835571289
v -6.687997817993164 1.75 41.681880950927734
v -6.4977898597717285 1.5889087915420532 42.10078430175781
v -6.419003009796143 1.2000000476837158 42.2743034362793
v -6.003044605255127 1.5889087915420532 44.172950744628906
v -6.258972644805908 1.5889087915420532 45.16884231567383
v -6.1843342781066895 1.2000000476837158 44.113502502441406
v -6.448939800262451 1.2000000476837158 45.14316177368164
v -6.273598670959473 1.5889087915420532 46.01964569091797
v -6.4648871421813965 1.2000000476837158 46.0708122253418
v -5.811788082122803 1.75 27.20388412475586
v -5.800351142883301 1.75 27.86916160583496
v -5.565372943878174 1.75 28.783531188964844
v -4.617651462554932 1.75 27.186328887939453
v -5.550786018371582 1.5889087915420532 30.052209854125977
v -5.324283599853516 1.5889087915420532 31.595705032348633
v -5.545746326446533 1.75 31.99872398376465
v -5.131881237030029 1.75 29.862001419067383
v -4.551276206970215 1.75 31.004253387451172
v -4.954294204711914 1.5889087915420532 31.22571563720703
v -5.724301815032959 1.2000000476837158 30.130996704101562
v -5.232551097869873 1.2000000476837158 31.428770065307617
v -5.121230125427246 1.2000000476837158 31.31744956970215
v -3.943272829055786 1.75 27.84701156616211
v -3.600147008895874 1.5889087915420532 27.539735794067383
v -3.2260355949401855 1.75 28.761661529541016
v -3.458019495010376 1.2000000476837158 27.412456512451172
v -4.292442321777344 1.5889087915420532 32.343318939208984
v -4.206681251525879 1.5889087915420532 32.2575569152832
v -3.9019978046417236 1.75 32.100624084472656
v -4.106154441833496 1.2000000476837158 32.095829010009766
v -5.603917121887207 1.75 34.647727966308594
v -5.789314270019531 1.5889087915420532 34.935977935791016
v -5.820704936981201 1.5889087915420532 35.05312728881836
v -4.674914836883545 1.5889087915420532 34.99622344970703
v -5.783118724822998 1.2000000476837158 34.74565124511719
v -4.666939735412598 1.2000000476837158 34.80599594116211
v -5.804271221160889 1.75 35.39545822143555
v -5.804271221160889 1.75 37.70454025268555
v -4.694167613983154 1.75 35.455474853515625
v -4.612531661987305 1.75 35.15080261230469
v -4.8254828453063965 1.5889087915420532 35.55815124511719
v -4.636444091796875 1.5889087915420532 35.30766677856445
v -4.694167613983154 1.75 37.644527435302734
v -4.8254828453063965 1.5889087915420532 37.541847229003906
v -5.910501003265381 1.2000000476837158 35.22105026245117
v -4.896508693695068 1.2000000476837158 35.23798370361328
v -4.913690090179443 1.2000000476837158 35.72688293457031
v -4.913690090179443 1.2000000476837158 37.37311935424805
v -4.449375629425049 1.75 32.64800262451172
v -3.51800537109375 1.75 33.255027770996094
v -3.6830668449401855 1.5889087915420532 33.27829360961914
v -3.3941125869750977 1.5889087915420532 33.155887603759766
v -3.2949717044830322 1.75 33.0319938659668
v -3.2717068195343018 1.5889087915420532 32.8669319152832
v -4.454169750213623 1.2000000476837158 32.443843841552734
v -3.8438212871551514 1.2000000476837158 33.380313873291016
v -3.5844931602478027 1.2000000476837158 32.96550750732422
v -3.1696865558624268 1.2000000476837158 32.706180572509766
v -4.008592128753662 1.75 35.47590255737305
v -4.008592128753662 1.75 37.62409973144531
v -2.851858139038086 1.5889087915420532 28.493982315063477
v -1.5582267045974731 1.5889087915420532 28.147356033325195
v -2.133817672729492 1.5889087915420532 29.597312927246094
v -1.6284029483795166 1.5889087915420532 29.46188735961914
v -2.696868896484375 1.2000000476837158 28.383106231689453
v -1.7478893995285034 1.2000000476837158 28.128828048706055
v -1.6353193521499634 0.35402289032936096 27.33810043334961
v -1.6542692184448242 0.09242112189531326 27.471210479736328
v -1.9709069728851318 1.2000000476837158 29.49860954284668
v -1.8188397884368896 1.2000000476837158 29.457862854003906
v -2.5271189212799072 1.75 29.83560562133789
v -1.9022735357284546 1.75 30.946083068847656
v -1.6140233278274536 1.5889087915420532 30.760684967041016
v -1.4968719482421875 1.5889087915420532 30.72929573059082
v -1.5537761449813843 1.5889087915420532 31.875085830688477
v -1.8043469190597534 1.2000000476837158 30.766881942749023
v -1.5261726379394531 0.4263092875480652 30.28899383544922
v -1.5825841426849365 0.2790522873401642 30.188737869262695
v -1.7440036535263062 1.2000000476837158 31.883060455322266
v -1.5011998414993286 0.3819286525249481 31.7540283203125
v -1.5407394170761108 0.27167394757270813 31.775041580200195
v -0.9365198612213135 1.75 27.041353225708008
v -1.1003406047821045 1.75 28.19208335876465
v -1.1686477661132812 1.75 29.47160530090332
v -1.1545413732528687 1.75 30.745729446411133
v -1.3991962671279907 1.75 31.937467575073242
v -1.2423313856124878 1.5889087915420532 31.913555145263672
v -1.0945264101028442 1.75 31.855833053588867
v -0.9918476939201355 1.5889087915420532 31.724517822265625
v -1.3289490938186646 1.2000000476837158 30.63949966430664
v -1.3289490938186646 0.8597856163978577 30.63949966430664
v -1.383493423461914 0.7987603545188904 30.54256248474121
v -1.2858636379241943 0.9076484441757202 30.72440528869629
v -1.3120155334472656 1.2000000476837158 31.653491973876953
v -1.3120155334472656 0.8383539319038391 31.653491973876953
v -1.3571665287017822 0.7835604548454285 31.677486419677734
v -1.2806141376495361 0.8758220076560974 31.652387619018555
v -1.2471940517425537 0.9156986474990845 31.651214599609375
v -1.2481191158294678 0.9146072268486023 31.650943756103516
v -1.2516217231750488 0.910415530204773 31.651369094848633
v -1.0226930379867554 1.2000000476837158 31.24302101135254
v -1.014358401298523 1.2088651657104492 31.26903533935547
v -1.008925199508667 1.2000000476837158 31.642841339111328
v -1.0079092979431152 1.2011795043945312 31.643600463867188
v -0.9031678438186646 1.2645519971847534 31.54839324951172
v -0.8939878940582275 1.2657464742660522 31.68317985534668
v -0.9040100574493408 1.260066270828247 31.679697036743164
v -0.8604142069816589 1.285964012145996 31.655807495117188
v -2.934493064880371 1.75 33.61550521850586
v -1.074099063873291 1.75 32.54140853881836
v -5.820704936981201 1.5889087915420532 38.046871185302734
v -5.789314270019531 1.5889087915420532 38.164024353027344
v -5.603917121887207 1.75 38.452274322509766
v -4.612531661987305 1.75 37.949195861816406
v -4.674914836883545 1.5889087915420532 38.10377502441406
v -4.636444091796875 1.5889087915420532 37.79233169555664
v -5.910501003265381 1.2000000476837158 37.87894821166992
v -5.783118724822998 1.2000000476837158 38.354347229003906
v -4.896508693695068 1.2000000476837158 37.86201477050781
v -4.666939735412598 1.2000000476837158 38.294002532958984
v -5.545746326446533 1.75 41.10127639770508
v -5.324283599853516 1.5889087915420532 41.504295349121094
v -5.550786018371582 1.5889087915420532 43.04779052734375
v -4.954294204711914 1.5889087915420532 41.87428283691406
v -4.551276206970215 1.75 42.09574508666992
v -5.232551097869873 1.2000000476837158 41.67123031616211
v -5.724301815032959 1.2000000476837158 42.96900177001953
v -5.121230125427246 1.2000000476837158 41.78255081176758
v -3.51800537109375 1.75 39.844970703125
v -3.6830668449401855 1.5889087915420532 39.82170867919922
v -3.3941125869750977 1.5889087915420532 39.94411087036133
v -3.2949717044830322 1.75 40.0680046081543
v -3.2717068195343018 1.5889087915420532 40.23306655883789
v -3.8438212871551514 1.2000000476837158 39.719688415527344
v -3.5844931602478027 1.2000000476837158 40.13449478149414
v -3.1696865558624268 1.2000000476837158 40.393821716308594
v -4.449375629425049 1.75 40.45199966430664
v -4.292442321777344 1.5889087915420532 40.75667953491211
v -4.206681251525879 1.5889087915420532 40.84244155883789
v -3.9019978046417236 1.75 40.99937438964844
v -4.454169750213623 1.2000000476837158 40.65615463256836
v -4.106154441833496 1.2000000476837158 41.00416946411133
v -5.565372943878174 1.75 44.31646728515625
v -5.800351142883301 1.75 45.230838775634766
v -5.131881237030029 1.75 43.237998962402344
v -5.811788082122803 1.75 45.896114349365234
v -5.599999904632568 1.75 46.24948501586914
v -5.862916946411133 1.5889087915420532 46.70486831665039
v -5.188079357147217 1.75 46.2562141418457
v -5.064154148101807 1.5889087915420532 46.717918395996094
v -4.617651462554932 1.75 45.91366958618164
v -5.971820831298828 1.2000000476837158 46.893497467041016
v -5.01282262802124 1.2000000476837158 46.90916442871094
v -3.943272829055786 1.75 45.252986907958984
v -3.2260355949401855 1.75 44.33833694458008
v -3.600147008895874 1.5889087915420532 45.560264587402344
v -3.458019495010376 1.2000000476837158 45.68754196166992
v -4.334650039672852 1.5889087915420532 46.279850006103516
v -4.2174272537231445 1.2000000476837158 46.43152618408203
v -2.934493064880371 1.75 39.484493255615234
v -1.5537761449813843 1.5889087915420532 41.22491455078125
v -1.9022735357284546 1.75 42.15391540527344
v -1.6140233278274536 1.5889087915420532 42.33931350708008
v -1.4968719482421875 1.5889087915420532 42.370704650878906
v -1.7440036535263062 1.2000000476837158 41.21693801879883
v -1.8043469190597534 1.2000000476837158 42.3331184387207
v -1.3991962671279907 1.75 41.162532806396484
v -1.2423313856124878 1.5889087915420532 41.18644332885742
v -1.074099063873291 1.75 40.55859375
v -1.0945264101028442 1.75 41.24416732788086
v -0.9918476939201355 1.5889087915420532 41.375484466552734
v -1.1545413732528687 1.75 42.354270935058594
v -1.3120155334472656 1.2000000476837158 41.446510314941406
v -0.8231184482574463 1.2000000476837158 41.46369171142578
v -1.3289490938186646 1.2000000476837158 42.46050262451172
v -2.5271189212799072 1.75 43.2643928527832
v -2.851858139038086 1.5889087915420532 44.60601806640625
v -2.133817672729492 1.5889087915420532 43.502685546875
v -1.6284029483795166 1.5889087915420532 43.63811111450195
v -1.5582267045974731 1.5889087915420532 44.95264434814453
v -2.696868896484375 1.2000000476837158 44.71689224243164
v -1.9709069728851318 1.2000000476837158 43.60139083862305
v -1.8188397884368896 1.2000000476837158 43.64213562011719
v -1.7478893995285034 1.2000000476837158 44.97117233276367
v -1.5740386247634888 1.2000000476837158 46.192352294921875
v -1.1686477661132812 1.75 43.628395080566406
v -1.1003406047821045 1.75 44.90791702270508
v -1.387313723564148 1.5889087915420532 46.15319061279297
v -0.9365198612213135 1.75 46.05864715576172
v -1.1110079288482666 1.5889087915420532 47.14362335205078
v -0.6828319430351257 1.75 46.96800231933594
v -0.6982733011245728 1.5889087915420532 47.887752532958984
v -0.36009836196899414 1.75 47.54986572265625
v -1.288364291191101 1.2000000476837158 47.216365814208984
v -0.8383499383926392 1.2000000476837158 48.0277099609375
v -10.343497276306152 -1.2000000476837158 30.57817840576172
v -10.359163284301758 -1.2000000476837158 31.53717803955078
v -9.881526947021484 -1.2000000476837158 32.33257293701172
v -9.52081298828125 -1.2000000476837158 30.085113525390625
v -10.15487003326416 -1.5889086723327637 30.687082290649414
v -10.167919158935547 -1.5889086723327637 31.4858455657959
v -9.70621395111084 -1.75 31.361921310424805
v -9.729850769042969 -1.5889086723327637 32.21535110473633
v -9.469645500183105 -1.5889086723327637 30.27640151977539
v -9.699484825134277 -1.75 30.950000762939453
v -9.346115112304688 -1.75 30.73821258544922
v -9.363670349121094 -1.75 31.932348251342773
v -11.477709770202637 -1.2000000476837158 35.71165084838867
v -11.943641662597656 -1.2000000476837158 36.54999923706055
v -11.477709770202637 -1.2000000476837158 37.38835144042969
v -10.666366577148438 -1.2000000476837158 35.261634826660156
v -11.337753295898438 -1.5889086723327637 35.85172653198242
v -11.725833892822266 -1.5889086723327637 36.54999923706055
v -11.199999809265137 -1.75 36.54999923706055
v -11.337753295898438 -1.5889086723327637 37.24827194213867
v -10.99986743927002 -1.75 36.189903259277344
v -10.593622207641602 -1.5889086723327637 35.43899154663086
v -10.99986743927002 -1.75 36.910099029541016
v -10.593622207641602 -1.5889086723327637 37.661006927490234
v -9.137542724609375 -1.2000000476837158 33.09197998046875
v -9.642354011535645 -1.2000000476837158 34.97595977783203
v -9.01026439666748 -1.5889086723327637 32.949851989746094
v -10.418002128601074 -1.75 35.86716842651367
v -10.418002128601074 -1.75 37.23283004760742
v -9.603191375732422 -1.5889086723327637 35.16268539428711
v -9.508646011352539 -1.75 35.61347961425781
v -9.508646011352539 -1.75 37.48651885986328
v -8.593162536621094 -1.2000000476837158 30.10106086730957
v -7.563504219055176 -1.2000000476837158 30.365665435791016
v -8.618842124938965 -1.5889086723327637 30.291027069091797
v -8.680838584899902 -1.75 30.749649047851562
v -7.622951030731201 -1.5889086723327637 30.546955108642578
v -7.7664690017700195 -1.75 30.98462677001953
v -6.4648871421813965 -1.2000000476837158 27.029186248779297
v -6.448939800262451 -1.2000000476837158 27.956836700439453
v -6.1843342781066895 -1.2000000476837158 28.986495971679688
v -6.273598670959473 -1.5889086723327637 27.080354690551758
v -6.258972644805908 -1.5889086723327637 27.9311580657959
v -6.003044605255127 -1.5889086723327637 28.92704963684082
v -6.419003009796143 -1.2000000476837158 30.825698852539062
v -6.4977898597717285 -1.5889086723327637 30.99921417236328
v -6.687997817993164 -1.75 31.418119430541992
v -8.421171188354492 -1.2000000476837158 34.80210876464844
v -8.166893005371094 -1.2000000476837158 33.85313034057617
v -8.702988624572754 -1.75 32.606727600097656
v -8.402644157409668 -1.5889086723327637 34.99177169799805
v -8.05601692199707 -1.5889086723327637 33.698143005371094
v -7.788338661193848 -1.75 33.3239631652832
v -8.357916831970215 -1.75 35.44966125488281
v -8.357916831970215 -1.75 37.65034103393555
v -7.092136859893799 -1.2000000476837158 34.73115921020508
v -7.051390647888184 -1.2000000476837158 34.57909393310547
v -6.952686786651611 -1.5889086723327637 34.41618347167969
v -7.0881123542785645 -1.5889086723327637 34.92159652709961
v -6.7143940925598145 -1.75 34.02288055419922
v -7.078395366668701 -1.75 35.381351470947266
v -7.078395366668701 -1.75 37.71864700317383
v -10.666366577148438 -1.2000000476837158 37.83836364746094
v -9.642354011535645 -1.2000000476837158 38.12403869628906
v -9.137542724609375 -1.2000000476837158 40.008018493652344
v -9.603191375732422 -1.5889086723327637 37.937313079833984
v -9.01026439666748 -1.5889086723327637 40.150146484375
v -10.359163284301758 -1.2000000476837158 41.56282424926758
v -9.881526947021484 -1.2000000476837158 40.767425537109375
v -10.343497276306152 -1.2000000476837158 42.521820068359375
v -9.52081298828125 -1.2000000476837158 43.014888763427734
v -10.167919158935547 -1.5889086723327637 41.61415481567383
v -9.729850769042969 -1.5889086723327637 40.88465118408203
v -9.70621395111084 -1.75 41.73807907104492
v -10.15487003326416 -1.5889086723327637 42.41291809082031
v -9.363670349121094 -1.75 41.16765213012695
v -9.699484825134277 -1.75 42.150001525878906
v -9.346115112304688 -1.75 42.36178970336914
v -9.469645500183105 -1.5889086723327637 42.8235969543457
v -8.421171188354492 -1.2000000476837158 38.297889709472656
v -8.166893005371094 -1.2000000476837158 39.24686813354492
v -8.402644157409668 -1.5889086723327637 38.10822677612305
v -8.05601692199707 -1.5889086723327637 39.401859283447266
v -7.788338661193848 -1.75 39.77603530883789
v -8.593162536621094 -1.2000000476837158 42.998939514160156
v -7.563504219055176 -1.2000000476837158 42.73433303833008
v -8.702988624572754 -1.75 40.4932746887207
v -8.680838584899902 -1.75 42.35034942626953
v -8.618842124938965 -1.5889086723327637 42.8089714050293
v -7.7664690017700195 -1.75 42.11537170410156
v -7.622951030731201 -1.5889086723327637 42.553043365478516
v -7.092136859893799 -1.2000000476837158 38.368839263916016
v -7.051390647888184 -1.2000000476837158 38.52090835571289
v -7.0881123542785645 -1.5889086723327637 38.178401947021484
v -6.952686786651611 -1.5889086723327637 38.68381881713867
v -6.7143940925598145 -1.75 39.077117919921875
v -6.419003009796143 -1.2000000476837158 42.2743034362793
v -6.687997817993164 -1.75 41.681880950927734
v -6.4977898597717285 -1.5889086723327637 42.10078430175781
v -6.1843342781066895 -1.2000000476837158 44.113502502441406
v -6.448939800262451 -1.2000000476837158 45.14316177368164
v -6.003044605255127 -1.5889086723327637 44.172950744628906
v -6.258972644805908 -1.5889086723327637 45.16884231567383
v -6.4648871421813965 -1.2000000476837158 46.0708122253418
v -6.273598670959473 -1.5889086723327637 46.01964569091797
v -5.811788082122803 -1.75 27.20388412475586
v -5.800351142883301 -1.75 27.86916160583496
v -5.565372943878174 -1.75 28.783531188964844
v -4.617651462554932 -1.75 27.186328887939453
v -5.724301815032959 -1.2000000476837158 30.130996704101562
v -5.232551097869873 -1.2000000476837158 31.428770065307617
v -5.121230125427246 -1.2000000476837158 31.31744956970215
v -5.550786018371582 -1.5889086723327637 30.052209854125977
v -5.324283599853516 -1.5889086723327637 31.595705032348633
v -5.545746326446533 -1.75 31.99872398376465
v -5.131881237030029 -1.75 29.862001419067383
v -4.551276206970215 -1.75 31.004253387451172
v -4.954294204711914 -1.5889086723327637 31.22571563720703
v -3.458019495010376 -1.2000000476837158 27.412456512451172
v -3.943272829055786 -1.75 27.84701156616211
v -3.600147008895874 -1.5889086723327637 27.539735794067383
v -3.2260355949401855 -1.75 28.761661529541016
v -4.106154441833496 -1.2000000476837158 32.095829010009766
v -4.292442321777344 -1.5889086723327637 32.343318939208984
v -4.206681251525879 -1.5889086723327637 32.2575569152832
v -3.9019978046417236 -1.75 32.100624084472656
v -5.783118724822998 -1.2000000476837158 34.74565124511719
v -4.666939735412598 -1.0839191675186157 34.80599594116211
v -4.670726776123047 -1.100000023841858 34.805789947509766
v -4.666939735412598 -1.1160808801651 34.80599594116211
v -4.67590856552124 -1.100000023841858 34.822872161865234
v -4.666939735412598 -1.2000000476837158 34.80599594116211
v -5.789314270019531 -1.5889086723327637 34.935977935791016
v -5.820704936981201 -1.5889086723327637 35.05312728881836
v -5.603917121887207 -1.75 34.647727966308594
v -4.674914836883545 -1.5889086723327637 34.99622344970703
v -5.910501003265381 -1.2000000476837158 35.22105026245117
v -4.896508693695068 -1.2000000476837158 35.23798370361328
v -4.913690090179443 -1.078108787536621 35.72688293457031
v -4.910783290863037 -1.100000023841858 35.6441650390625
v -4.918680667877197 -1.100000023841858 35.72434997558594
v -4.913690090179443 -1.1218912601470947 35.72688293457031
v -4.864413738250732 -1.265070915222168 35.574546813964844
v -4.913690090179443 -1.2000000476837158 35.72688293457031
v -4.877406597137451 -1.250896692276001 35.672019958496094
v -4.913690090179443 -1.0781103372573853 37.37311935424805
v -4.918680191040039 -1.100000023841858 37.37565231323242
v -4.913690090179443 -1.1218897104263306 37.37311935424805
v -4.913690090179443 -1.2000000476837158 37.37311935424805
v -4.910783290863037 -1.100000023841858 37.455833435058594
v -5.804271221160889 -1.75 35.39545822143555
v -5.804271221160889 -1.75 37.70454025268555
v -4.732522964477539 -1.4452292919158936 35.28192138671875
v -4.822774887084961 -1.4390250444412231 35.574546813964844
v -4.8254828453063965 -1.5889086723327637 35.55815124511719
v -4.778251647949219 -1.5982227325439453 35.55339431762695
v -4.752647876739502 -1.5889086723327637 35.46164321899414
v -4.656554222106934 -1.5889086723327637 35.14486312866211
v -4.689903736114502 -1.7143235206604004 35.35376739501953
v -4.748337268829346 -1.75 35.574546813964844
v -4.711925983428955 -1.75 35.45451354980469
v -4.7368292808532715 -1.7980762720108032 35.574546813964844
v -4.619849681854248 -1.7490242719650269 35.150211334228516
v -4.642968654632568 -1.7269753217697144 35.20902633666992
v -4.618826866149902 -1.75 35.14760971069336
v -4.844410419464111 -1.75 36.54999923706055
v -4.829628944396973 -1.811752438545227 36.54999923706055
v -4.8254828453063965 -1.5889086723327637 37.541847229003906
v -4.752647876739502 -1.5889086723327637 37.63835525512695
v -4.7105560302734375 -1.6418946981430054 37.73530578613281
v -4.748337268829346 -1.75 37.52545166015625
v -4.7368292808532715 -1.7980762720108032 37.52545166015625
v -4.7119245529174805 -1.75 37.64548873901367
v -4.710446834564209 -1.7476054430007935 37.65224838256836
v -4.689903736114502 -1.7143253087997437 37.74623107910156
v -4.454169750213623 -1.2000000476837158 32.443843841552734
v -3.8438212871551514 -1.2000000476837158 33.380313873291016
v -3.7604174613952637 -1.2721277475357056 33.33869171142578
v -3.5844931602478027 -1.2000000476837158 32.96550750732422
v -3.1696865558624268 -1.2000000476837158 32.706180572509766
v -4.449375629425049 -1.75 32.64800262451172
v -3.869785785675049 -1.75 33.656246185302734
v -4.410605430603027 -1.75 34.537044525146484
v -4.463808536529541 -1.75 34.63658142089844
v -4.461995601654053 -1.7575734853744507 34.63658142089844
v -3.9718589782714844 -1.75 33.77214813232422
v -4.000515937805176 -2.3703343868255615 34.63658142089844
v -3.4995830059051514 -1.3734543323516846 33.050418853759766
v -3.462609052658081 -1.4046554565429688 33.01446533203125
v -3.4150636196136475 -1.6032849550247192 33.01446533203125
v -3.377952814102173 -1.6525614261627197 33.01446533203125
v -3.6921024322509766 -1.4154466390609741 33.2972526550293
v -3.6830668449401855 -1.5889086723327637 33.27829360961914
v -3.6466197967529297 -1.5967519283294678 33.29471206665039
v -3.583423376083374 -1.6280964612960815 33.22684860229492
v -3.609419107437134 -1.5889086723327637 33.24709701538086
v -3.4898455142974854 -1.6691113710403442 33.15566635131836
v -3.51800537109375 -1.75 33.255027770996094
v -3.5030064582824707 -1.7401899099349976 33.23139190673828
v -3.5167715549468994 -1.748395562171936 33.2540397644043
v -3.516986846923828 -1.75 33.25565719604492
v -3.2717068195343018 -1.5889086723327637 32.8669319152832
v -3.2927160263061523 -1.5852543115615845 32.91051483154297
v -3.3305516242980957 -1.6251062154769897 32.96240234375
v -3.339916706085205 -1.633521318435669 32.97441101074219
v -3.2902677059173584 -1.5889086723327637 32.91074752807617
v -3.305619478225708 -1.75 33.015655517578125
v -3.304570198059082 -1.75 33.01446533203125
v -3.311814785003662 -1.7472798824310303 33.02036666870117
v -3.0618622303009033 -2.0722718238830566 33.01446533203125
v -3.6003689765930176 -2.2432706356048584 33.77214813232422
v -4.246924877166748 -2.448579788208008 35.574546813964844
v -4.330127239227295 -2.4749999046325684 36.54999923706055
v -4.246924877166748 -2.448579788208008 37.52545166015625
v -3.2664074897766113 -2.89652419090271 34.63658142089844
v -3.467599630355835 -3.0071797370910645 35.574546813964844
v -3.535533905029297 -3.044543743133545 36.54999923706055
v -3.467599630355835 -3.0071797370910645 37.52545166015625
v -2.696868896484375 -1.2000000476837158 28.383106231689453
v -1.6542692184448242 -0.05759800225496292 27.471210479736328
v -1.7478893995285034 -1.2000000476837158 28.128828048706055
v -1.9709069728851318 -1.2000000476837158 29.49860954284668
v -1.8188397884368896 -1.2000000476837158 29.457862854003906
v -2.851858139038086 -1.5889086723327637 28.493982315063477
v -1.5582267045974731 -1.5889086723327637 28.147356033325195
v -2.133817672729492 -1.5889086723327637 29.597312927246094
v -1.6284029483795166 -1.5889086723327637 29.46188735961914
v -1.5825841426849365 -0.11911271512508392 30.188737869262695
v -1.5825841426849365 -0.2790522873401642 30.188737869262695
v -1.8043469190597534 -1.2000000476837158 30.766881942749023
v -1.5407394170761108 -0.15502071380615234 31.775041580200195
v -1.5407394170761108 -0.27167394757270813 31.775041580200195
v -1.7440036535263062 -1.0469993352890015 31.883060455322266
v -1.7442083358764648 -1.100000023841858 31.879274368286133
v -1.7271300554275513 -1.100000023841858 31.874094009399414
v -1.744114875793457 -1.1242057085037231 31.88100242614746
v -1.7352402210235596 -1.1254745721817017 31.878402709960938
v -1.7440036535263062 -1.1530007123947144 31.883060455322266
v -1.7440036535263062 -1.2000000476837158 31.883060455322266
v -1.7329177856445312 -1.2085940837860107 31.88373374938965
v -1.7137961387634277 -1.261757493019104 31.881793975830078
v -2.5271189212799072 -1.75 29.83560562133789
v -1.9022735357284546 -1.75 30.946083068847656
v -1.6140233278274536 -1.5889086723327637 30.760684967041016
v -1.4968719482421875 -1.5889086723327637 30.72929573059082
v -2.046969175338745 -1.75 32.17124938964844
v -1.6725977659225464 -1.346494197845459 31.875450134277344
v -1.6601892709732056 -1.3716025352478027 31.877286911010742
v -1.6482981443405151 -1.3956642150878906 31.879047393798828
v -1.514337182044983 -1.5808665752410889 31.88060760498047
v -1.5537761449813843 -1.5889086723327637 31.875085830688477
v -1.5051243305206299 -1.5889086723327637 31.88109588623047
v -1.5420385599136353 -1.5928505659103394 31.891389846801758
v -1.5104957818984985 -1.6039416790008545 31.887489318847656
v -0.9365198612213135 -1.75 27.041353225708008
v -1.1003406047821045 -1.75 28.19208335876465
v -1.1686477661132812 -1.75 29.47160530090332
v -1.4380476474761963 -0.6563514471054077 30.44561004638672
v -1.383493423461914 -0.7987603545188904 30.54256248474121
v -1.3289490938186646 -0.8597856760025024 30.63949966430664
v -1.3289490938186646 -1.2000000476837158 30.63949966430664
v -1.397281289100647 -0.6717019081115723 31.69880485534668
v -1.3571665287017822 -0.7835604548454285 31.677486419677734
v -1.3120155334472656 -0.8383539915084839 31.653491973876953
v -1.3120155334472656 -1.2000000476837158 31.653491973876953
v -1.4253712892532349 -1.310059905052185 31.797809600830078
v -1.1047412157058716 -1.1088541746139526 31.08133316040039
v -1.0226930379867554 -1.2000000476837158 31.24302101135254
v -1.014358401298523 -1.2088651657104492 31.26903533935547
v -1.0851314067840576 -1.109071135520935 31.645519256591797
v -1.008925199508667 -1.2000000476837158 31.642841339111328
v -1.0079187154769897 -1.2011905908584595 31.643056869506836
v -0.9513854384422302 -1.2375446557998657 31.648761749267578
v -0.952879011631012 -1.2404277324676514 31.649423599243164
v -0.9426142573356628 -1.23879873752594 31.646190643310547
v -0.9498431086540222 -1.234567642211914 31.6480770111084
v -0.9424555897712708 -1.2388916015625 31.646150588989258
v -0.9419773817062378 -1.239169955253601 31.646074295043945
v -0.9201849699020386 -1.256029486656189 31.505638122558594
v -0.8658567070960999 -1.2832382917404175 31.642133712768555
v -0.882800281047821 -1.3177464008331299 31.646074295043945
v -1.1545413732528687 -1.75 30.745729446411133
v -1.3365395069122314 -1.6651089191436768 31.865978240966797
v -1.2923914194107056 -1.3700900077819824 31.772998809814453
v -1.2805839776992798 -1.375420093536377 31.770795822143555
v -1.1630206108093262 -1.469308614730835 31.757551193237305
v -1.4843353033065796 -1.75 31.93060302734375
v -1.4116346836090088 -1.75 31.91295623779297
v -1.3529902696609497 -1.8441447019577026 31.93060302734375
v -1.2107669115066528 -1.6754831075668335 31.83896255493164
v -1.1481481790542603 -1.7314815521240234 31.84272575378418
v -0.952191948890686 -1.3686909675598145 31.67653465270996
v -0.9520118832588196 -1.4023042917251587 31.683639526367188
v -0.9023657441139221 -1.3684860467910767 31.66240692138672
v -0.9102986454963684 -1.3890585899353027 31.669029235839844
v -0.9279444217681885 -1.4416162967681885 31.691110610961914
v -1.0976191759109497 -1.5412718057632446 31.76604652404785
v -1.0543259382247925 -1.5889086723327637 31.771669387817383
v -0.9918476939201355 -1.5889086723327637 31.724517822265625
v -1.1014424562454224 -1.7478554248809814 31.84125328063965
v -1.095324993133545 -1.75 31.841060638427734
v -0.9567086100578308 -2.011387348175049 31.93060302734375
v -0.6823230385780334 -1.75 31.764135360717773
v -0.31666725873947144 -1.75 31.72132110595703
v -0.4952287971973419 -2.116520404815674 31.93060302734375
v -2.49147629737854 -1.75 32.39265060424805
v -2.4056897163391113 -1.8639090061187744 32.39265060424805
v -2.5 -2.4749999046325684 33.01446533203125
v -1.9642374515533447 -2.180330514907837 32.39265060424805
v -1.388925552368164 -2.4231293201446533 32.39265060424805
v -0.7189607620239258 -2.575758934020996 32.39265060424805
v -2.9396889209747314 -2.7168288230895996 33.77214813232422
v -2.3096988201141357 -3.300283670425415 34.63658142089844
v -1.7677669525146484 -2.784024238586426 33.01446533203125
v -2.078674077987671 -3.080203056335449 33.77214813232422
v -2.451963186264038 -3.4358086585998535 35.574546813964844
v -2.5 -3.48157000541687 36.54999923706055
v -2.451963186264038 -3.4358086585998535 37.52545166015625
v -0.9150635004043579 -2.978285074234009 33.01446533203125
v -1.0760008096694946 -3.3086295127868652 33.77214813232422
v -1.1955881118774414 -3.5540976524353027 34.63658142089844
v -1.269229531288147 -3.705256223678589 35.574546813964844
v -1.2940952777862549 -3.756295919418335 36.54999923706055
v -1.269229531288147 -3.705256223678589 37.52545166015625
v -5.910501003265381 -1.2000000476837158 37.87894821166992
v -5.783118724822998 -1.2000000476837158 38.354347229003906
v -4.896508693695068 -1.2000000476837158 37.86201477050781
v -4.666939735412598 -1.0839191675186157 38.294002532958984
v -4.670726776123047 -1.100000023841858 38.29420852661133
v -4.67590856552124 -1.100000023841858 38.27712631225586
v -4.666939735412598 -1.1160808801651 38.294002532958984
v -4.666939735412598 -1.2000000476837158 38.294002532958984
v -4.660101413726807 -1.2872060537338257 38.18151092529297
v -5.820704936981201 -1.5889086723327637 38.046871185302734
v -5.789314270019531 -1.5889086723327637 38.164024353027344
v -5.603917121887207 -1.75 38.452274322509766
v -4.732522964477539 -1.4452292919158936 37.818077087402344
v -4.674914836883545 -1.5889086723327637 38.10377502441406
v -4.656554222106934 -1.5889086723327637 37.955135345458984
v -4.620240211486816 -1.6021268367767334 38.064414978027344
v -4.659499645233154 -1.3383886814117432 38.14310836791992
v -4.642968654632568 -1.7269753217697144 37.89097213745117
v -4.618826866149902 -1.75 37.952388763427734
v -5.232551097869873 -1.2000000476837158 41.67123031616211
v -5.724301815032959 -1.2000000476837158 42.96900177001953
v -5.121230125427246 -1.2000000476837158 41.78255081176758
v -5.545746326446533 -1.75 41.10127639770508
v -5.324283599853516 -1.5889086723327637 41.504295349121094
v -5.550786018371582 -1.5889086723327637 43.04779052734375
v -4.954294204711914 -1.5889086723327637 41.87428283691406
v -4.551276206970215 -1.75 42.09574508666992
v -3.8438212871551514 -1.2000000476837158 39.719688415527344
v -3.5844931602478027 -1.2000000476837158 40.13449478149414
v -3.2025437355041504 -1.2569382190704346 40.327980041503906
v -3.1696865558624268 -1.2000000476837158 40.393821716308594
v -4.463808536529541 -1.75 38.463417053222656
v -4.410605430603027 -1.75 38.56295394897461
v -4.461995601654053 -1.7575734853744507 38.463417053222656
v -4.000515937805176 -2.3703343868255615 38.463417053222656
v -3.9718589782714844 -1.75 39.327850341796875
v -3.6830668449401855 -1.5889086723327637 39.82170867919922
v -3.6094155311584473 -1.5889086723327637 39.852909088134766
v -3.5717105865478516 -1.6263703107833862 39.88792419433594
v -3.4995815753936768 -1.3734569549560547 40.049583435058594
v -3.476564407348633 -1.3463549613952637 40.085533142089844
v -3.4898321628570557 -1.6691168546676636 39.944339752197266
v -3.4150636196136475 -1.6032849550247192 40.085533142089844
v -3.377952814102173 -1.6525614261627197 40.085533142089844
v -3.51800537109375 -1.75 39.844970703125
v -3.516986846923828 -1.75 39.84434127807617
v -3.5030062198638916 -1.7401899099349976 39.86860656738281
v -3.4424092769622803 -1.6977277994155884 39.97372055053711
v -3.44040846824646 -1.6908175945281982 39.981903076171875
v -3.2613048553466797 -1.4818428754806519 40.23557662963867
v -3.2881476879119873 -1.5845811367034912 40.193363189697266
v -3.339916706085205 -1.633521318435669 40.125587463378906
v -3.2902677059173584 -1.5889086723327637 40.18925094604492
v -3.2717068195343018 -1.5889086723327637 40.23306655883789
v -3.2607743740081787 -1.5941312313079834 40.208797454833984
v -3.305619478225708 -1.75 40.08434295654297
v -3.304570198059082 -1.75 40.085533142089844
v -3.6003689765930176 -2.2432706356048584 39.327850341796875
v -3.0618622303009033 -2.0722718238830566 40.085533142089844
v -4.454169750213623 -1.2000000476837158 40.65615463256836
v -4.106154441833496 -1.2000000476837158 41.00416946411133
v -4.292442321777344 -1.5889086723327637 40.75667953491211
v -4.206681251525879 -1.5889086723327637 40.84244155883789
v -4.449375629425049 -1.75 40.45199966430664
v -3.9019978046417236 -1.75 40.99937438964844
v -3.2664074897766113 -2.89652419090271 38.463417053222656
v -5.565372943878174 -1.75 44.31646728515625
v -5.800351142883301 -1.75 45.230838775634766
v -5.131881237030029 -1.75 43.237998962402344
v -5.971820831298828 -1.2000000476837158 46.893497467041016
v -5.01282262802124 -1.2000000476837158 46.90916442871094
v -5.811788082122803 -1.75 45.896114349365234
v -5.599999904632568 -1.75 46.24948501586914
v -5.862916946411133 -1.5889086723327637 46.70486831665039
v -5.188079357147217 -1.75 46.2562141418457
v -5.064154148101807 -1.5889086723327637 46.717918395996094
v -4.617651462554932 -1.75 45.91366958618164
v -3.458019495010376 -1.2000000476837158 45.68754196166992
v -3.943272829055786 -1.75 45.252986907958984
v -3.2260355949401855 -1.75 44.33833694458008
v -3.600147008895874 -1.5889086723327637 45.560264587402344
v -4.2174272537231445 -1.2000000476837158 46.43152618408203
v -4.334650039672852 -1.5889086723327637 46.279850006103516
v -2.5 -2.4749999046325684 40.085533142089844
v -1.7440036535263062 -1.046951174736023 41.21693801879883
v -1.735226035118103 -1.0745234489440918 41.22160339355469
v -1.7441149950027466 -1.0757943391799927 41.218997955322266
v -1.7271156311035156 -1.100000023841858 41.225914001464844
v -1.744208574295044 -1.100000023841858 41.220726013183594
v -1.7440036535263062 -1.1530488729476929 41.21693801879883
v -1.7440036535263062 -1.2000000476837158 41.21693801879883
v -1.7138242721557617 -1.261699914932251 41.218204498291016
v -1.6848090887069702 -1.3213783502578735 41.22267150878906
v -1.6728957891464233 -1.3176604509353638 41.22655487060547
v -1.8043469190597534 -1.2000000476837158 42.3331184387207
v -2.49147629737854 -1.75 40.70734786987305
v -2.4056897163391113 -1.8639090061187744 40.70734786987305
v -2.046969175338745 -1.75 40.92875289916992
v -1.672597885131836 -1.346494197845459 41.224552154541016
v -1.6538301706314087 -1.3437283039093018 41.230445861816406
v -1.6482852697372437 -1.3956905603408813 41.220951080322266
v -1.5537761449813843 -1.5889086723327637 41.22491455078125
v -1.5051294565200806 -1.5889086723327637 41.21890640258789
v -1.9642374515533447 -2.180330514907837 40.70734786987305
v -1.9022735357284546 -1.75 42.15391540527344
v -1.6140233278274536 -1.5889086723327637 42.33931350708008
v -1.4968719482421875 -1.5889086723327637 42.370704650878906
v -1.3120155334472656 -1.2000000476837158 41.446510314941406
v -0.8587051630020142 -0.9734508395195007 41.462440490722656
v -0.8231184482574463 -0.9442917108535767 41.46369171142578
v -0.8242657780647278 -0.97852623462677 41.4659538269043
v -1.0572911500930786 -1.2558151483535767 41.41778564453125
v -0.9496283531188965 -1.207880973815918 41.45392608642578
v -0.9422138929367065 -1.2388559579849243 41.45392608642578
v -0.9058018922805786 -1.100000023841858 41.460784912109375
v -0.8256498575210571 -1.100000023841858 41.46868133544922
v -0.8685857057571411 -1.2000000476837158 41.462093353271484
v -0.8827997446060181 -1.3177471160888672 41.45392608642578
v -0.8245104551315308 -1.2000000476837158 41.466434478759766
v -0.8364077210426331 -1.223263144493103 41.46471405029297
v -1.3289490938186646 -1.2000000476837158 42.46050262451172
v -1.3990802764892578 -1.4864027500152588 41.2720832824707
v -1.4925525188446045 -1.5739490985870361 41.22702407836914
v -1.3365575075149536 -1.6651026010513306 41.2340202331543
v -1.2805842161178589 -1.3754189014434814 41.32920455932617
v -1.1481435298919678 -1.6523284912109375 41.284080505371094
v -1.4843353033065796 -1.75 41.16939926147461
v -1.4116355180740356 -1.75 41.18704605102539
v -1.4014804363250732 -1.7462327480316162 41.19078826904297
v -1.3529902696609497 -1.8441447019577026 41.16939926147461
v -1.2107640504837036 -1.6754820346832275 41.26103973388672
v -1.2095656394958496 -1.7098435163497925 41.24969482421875
v -1.1481482982635498 -1.7314815521240234 41.25727462768555
v -0.9476913809776306 -1.4646273851394653 41.396305084228516
v -1.054326057434082 -1.5889086723327637 41.328330993652344
v -0.9953917264938354 -1.5958497524261475 41.34028625488281
v -0.9918476939201355 -1.5889086723327637 41.375484466552734
v -0.9102977514266968 -1.3890583515167236 41.430973052978516
v -0.9279412031173706 -1.4416089057922363 41.40889358520508
v -1.0953251123428345 -1.75 41.258941650390625
v -1.388925552368164 -2.4231293201446533 40.70734786987305
v -0.9567086100578308 -2.011387348175049 41.16939926147461
v -1.1545413732528687 -1.75 42.354270935058594
v -0.6823230385780334 -1.75 41.33586502075195
v -0.31666725873947144 -1.75 41.37868118286133
v -0.7189607620239258 -2.575758934020996 40.70734786987305
v -0.4952287971973419 -2.116520404815674 41.16939926147461
v -2.3096988201141357 -3.300283670425415 38.463417053222656
v -2.9396889209747314 -2.7168288230895996 39.327850341796875
v -2.078674077987671 -3.080203056335449 39.327850341796875
v -1.7677669525146484 -2.784024238586426 40.085533142089844
v -1.1955881118774414 -3.5540976524353027 38.463417053222656
v -1.0760008096694946 -3.3086295127868652 39.327850341796875
v -0.9150635004043579 -2.978285074234009 40.085533142089844
v -2.696868896484375 -1.2000000476837158 44.71689224243164
v -1.9709069728851318 -1.2000000476837158 43.60139083862305
v -1.8188397884368896 -1.2000000476837158 43.64213562011719
v -1.7478893995285034 -1.2000000476837158 44.97117233276367
v -2.5271189212799072 -1.75 43.2643928527832
v -2.851858139038086 -1.5889086723327637 44.60601806640625
v -2.133817672729492 -1.5889086723327637 43.502685546875
v -1.6284029483795166 -1.5889086723327637 43.63811111450195
v -1.5582267045974731 -1.5889086723327637 44.95264434814453
v -1.5740386247634888 -1.2000000476837158 46.192352294921875
v -1.1686477661132812 -1.75 43.628395080566406
v -1.1003406047821045 -1.75 44.90791702270508
v -1.288364291191101 -1.2000000476837158 47.216365814208984
v -0.8383499383926392 -1.2000000476837158 48.0277099609375
v -1.387313723564148 -1.5889086723327637 46.15319061279297
v -0.9365198612213135 -1.75 46.05864715576172
v -1.1110079288482666 -1.5889086723327637 47.14362335205078
v -0.6828319430351257 -1.75 46.96800231933594
v -0.6982733011245728 -1.5889086723327637 47.887752532958984
v -0.36009836196899414 -1.75 47.54986572265625
v 1.310372039621901e-15 10.699999809265137 5.550000190734863
v 1.16341447025124e-15 9.5 9.949999809265137
v 2.380974054336548 10.43172836303711 5.550000190734863
v 2.1139488220214844 9.261815071105957 9.949999809265137
v 4.1218953132629395 8.5592041015625 9.949999809265137
v 4.642556190490723 9.640366554260254 5.550000190734863
v 5.923152923583984 7.427399158477783 9.949999809265137
v 4.923079897406122e-16 4.019999980926514 5.550000190734863
v 4.923079897406122e-16 4.019999980926514 9
v 2.631897332637214e-16 2.1491072177886963 9.949999809265137
v 0.7350379228591919 2.0195000171661377 9.949999809265137
v 1.3814194202423096 1.6463115215301514 9.949999809265137
v 1.861181378364563 1.0745536088943481 9.949999809265137
v 2.116457462310791 0.3731885254383087 9.949999809265137
v 3.481422185897827 2.009999990463257 5.550000190734863
v 3.481422185897827 2.009999990463257 9
v 0.23873060941696167 1.695705771446228 25.305452346801758
v 0.28876280784606934 1.6869081258773804 25.304540634155273
v 0.36009836196899414 1.75 25.550132751464844
v 0.5944220423698425 1.633161187171936 25.29897689819336
v 0.6762896776199341 1.5889087915420532 25.200027465820312
v 0.6982733011245728 1.5889087915420532 25.21224594116211
v 0.6870180368423462 1.5826400518417358 25.20248031616211
v 0.704133152961731 1.5726395845413208 25.206390380859375
v 0.6828319430351257 1.75 26.13199806213379
v 0.8460153341293335 1.485607624053955 25.374359130859375
v 0.9806745648384094 1.4030063152313232 25.53377342224121
v 1.1110079288482666 1.5889087915420532 25.956377029418945
v 1.387313723564148 1.5889087915420532 26.946807861328125
v 1.1104600429534912 1.3233946561813354 25.687419891357422
v 1.21198570728302 1.2000000476837158 25.745927810668945
v 1.288364291191101 1.2000000476837158 25.88363265991211
v 1.288364291191101 1.1033244132995605 25.88363265991211
v 1.2855757474899292 1.1068540811538696 25.878604888916016
v 1.4759677648544312 0.8521503806114197 26.556106567382812
v 1.7813303470611572 0.23338980972766876 22.654417037963867
v 1.7881412506103516 0.09082452207803726 22.396221160888672
v 1.7884079217910767 0.060847651213407516 22.3861141204834
v 1.8876054286956787 0.04156319424510002 22.389034271240234
v 1.9421454668045044 0.15374337136745453 22.642797470092773
v 1.7659105062484741 0.3113776743412018 23.238971710205078
v 1.688199758529663 0.4563452899456024 24.127656936645508
v 1.6207339763641357 0.5822010040283203 24.89918327331543
v 1.5954757928848267 0.629319429397583 25.188030242919922
v 1.5805960893630981 0.6570771336555481 25.358192443847656
v 1.5780032873153687 0.6619139909744263 25.38784408569336
v 1.5893440246582031 0.6094778180122375 25.663724899291992
v 1.8745299577713013 0.5459342002868652 25.622514724731445
v 1.5740386247634888 1.2000000476837158 26.90764617919922
v 1.5932948589324951 0.5912102460861206 25.759836196899414
v 1.6372624635696411 0.4586804509162903 25.91192054748535
v 1.7123024463653564 0.5446630716323853 25.854019165039062
v 1.6837332248687744 0.32067346572875977 26.04585075378418
v 1.6915658712387085 0.29826870560646057 26.057323455810547
v 1.555320382118225 0.6121928095817566 26.84054946899414
v 1.5740386247634888 0.5555897951126099 26.90764617919922
v 2.42966628074646 0.24856558442115784 26.29305648803711
v 2.5666275024414062 0.26026567816734314 26.04608726501465
v 2.2888522148132324 0.07090604305267334 26.41619300842285
v 4.334650039672852 1.5889087915420532 26.820148468017578
v 4.2174272537231445 1.2000000476837158 26.668472290039062
v 5.188079357147217 1.75 26.843786239624023
v 5.064154148101807 1.5889087915420532 26.382080078125
v 5.599999904632568 1.75 26.850515365600586
v 5.862916946411133 1.5889087915420532 26.395130157470703
v 5.01282262802124 1.2000000476837158 26.19083595275879
v 6.6713409423828125 8.365596771240234 5.550000190734863
v 7.427399158477783 5.923152923583984 9.949999809265137
v 8.365596771240234 6.6713409423828125 5.550000190734863
v 8.5592041015625 4.1218953132629395 9.949999809265137
v 9.640366554260254 4.642556190490723 5.550000190734863
v 10.43172836303711 2.380974054336548 5.550000190734863
v 9.261815071105957 2.1139488220214844 9.949999809265137
v 5.971820831298828 1.2000000476837158 26.20650291442871
v 0 5.510910704284357e-16 9
v 0 -2.1491072177886963 9.949999809265137
v 0.7350379228591919 -2.0195000171661377 9.949999809265137
v 1.3814194202423096 -1.6463115215301514 9.949999809265137
v 2.116457462310791 -0.3731885254383087 9.949999809265137
v 1.861181378364563 -1.0745536088943481 9.949999809265137
v 0 -4.019999980926514 5.550000190734863
v 0 -4.019999980926514 9
v 3.481422185897827 -2.009999990463257 5.550000190734863
v 3.481422185897827 -2.009999990463257 9
v 0 -10.699999809265137 5.550000190734863
v 0 -9.5 9.949999809265137
v 2.380974054336548 -10.43172836303711 5.550000190734863
v 2.1139488220214844 -9.261815071105957 9.949999809265137
v 5.923152923583984 -7.427399158477783 9.949999809265137
v 4.1218953132629395 -8.5592041015625 9.949999809265137
v 4.642556190490723 -9.640366554260254 5.550000190734863
v 1.2252864837646484 -1.3197165727615356 22.442462921142578
v 1.3327986001968384 -1.1921979188919067 22.42761993408203
v 0.716812014579773 -1.6356842517852783 22.896286010742188
v 0.7251588702201843 -1.6278637647628784 22.994823455810547
v 0.7196893095970154 -1.632988452911377 22.930253982543945
v 0.7948786616325378 -1.599083423614502 22.618181228637695
v 0.8456856608390808 -1.5707091093063354 22.586692810058594
v 0.7685482501983643 -1.611428141593933 22.711978912353516
v 0.9918085336685181 -1.4891033172607422 22.496135711669922
v 1.0279840230941772 -1.4689003229141235 22.47371482849121
v 1.0321627855300903 -1.7166024446487427 22.60103416442871
v 1.0026198625564575 -1.777235507965088 22.875633239746094
v 1.1661388874053955 -1.3897501230239868 22.453575134277344
v 1.1284829378128052 -1.5186741352081299 22.466453552246094
v 0.834595263004303 -1.5253283977508545 24.286771774291992
v 1.4805117845535278 -0.8547739386558533 26.360214233398438
v 1.420442819595337 -0.926490306854248 26.357074737548828
v 1.4759677648544312 -0.8521503806114197 26.556106567382812
v 1.359397530555725 -1.3353358507156372 26.38479995727539
v 1.4499573707580566 -1.2000000476837158 26.462871551513672
v 1.4502619504928589 -1.1932200193405151 26.46396255493164
v 0 -1.7376840114593506 25.309799194335938
v 0.2244982123374939 -1.6982083320617676 25.30571174621582
v 0.3056028485298157 -1.683946967124939 25.304235458374023
v 0.36009836196899414 -1.75 25.550132751464844
v 0.5944220423698425 -1.633161187171936 25.29897689819336
v 0.7041330933570862 -1.5726395845413208 25.206390380859375
v 0.6762898564338684 -1.5889086723327637 25.200027465820312
v 0.6599213480949402 -1.5977565050125122 25.219812393188477
v 0.6982733011245728 -1.5889086723327637 25.21224594116211
v 0.6828319430351257 -1.75 26.13199806213379
v 0.8583922982215881 -1.5030320882797241 24.567705154418945
v 0.8523573279380798 -1.5086864233016968 24.4964599609375
v 0.9151442050933838 -1.4498589038848877 25.237688064575195
v 0.8637006282806396 -1.4747593402862549 25.395294189453125
v 0.937756359577179 -1.4310736656188965 25.484722137451172
v 0.9357163310050964 -1.4305840730667114 25.48055076599121
v 1.037455677986145 -1.454997181892395 25.688617706298828
v 1.1110079288482666 -1.5889086723327637 25.956377029418945
v 1.1587979793548584 -1.484114170074463 25.93677520751953
v 1.1769858598709106 -1.4849244356155396 26.003446578979492
v 1.170981526374817 -1.4846569299697876 25.981435775756836
v 1.2451809644699097 -1.444007396697998 26.173355102539062
v 1.314518690109253 -1.40240478515625 26.346111297607422
v 1.387313723564148 -1.5889086723327637 26.946807861328125
v 1.7903574705123901 -0.15834003686904907 22.312206268310547
v 1.7905356884002686 -0.1823062151670456 22.305452346801758
v 1.7905142307281494 -0.17942844331264496 22.306262969970703
v 1.790091633796692 -0.3156414330005646 22.32228660583496
v 1.5725042819976807 -0.9078857898712158 22.394527435302734
v 2.5898802280426025 -0.5642833113670349 22.363069534301758
v 2.708547592163086 -0.21249166131019592 22.69803810119629
v 2.6840925216674805 -0.3390484154224396 22.44644546508789
v 1.9374319314956665 -1.905240774154663 22.524761199951172
v 1.8286499977111816 -2.0972139835357666 22.658443450927734
v 1.769021987915039 -2.143470525741577 22.930875778198242
v 2.7446987628936768 -2.277895450592041 22.69165802001953
v 2.6243090629577637 -2.464510202407837 22.822940826416016
v 2.5366568565368652 -2.4978301525115967 23.08957862854004
v 1.6861591339111328 -0.2973153591156006 26.262287139892578
v 1.5940638780593872 -0.5469626784324646 26.306142807006836
v 1.5740386247634888 -0.5555897951126099 26.90764617919922
v 1.582765817642212 -0.526884138584137 26.968948364257812
v 1.6364037990570068 -1.2700514793395996 26.577884674072266
v 1.5740386247634888 -1.2000000476837158 26.90764617919922
v 1.6271018981933594 -1.670713186264038 26.2789249420166
v 1.5742237567901611 -1.509600043296814 26.505054473876953
v 2.4050240516662598 -1.6013106107711792 26.932140350341797
v 2.359586000442505 -1.9863983392715454 26.616525650024414
v 2.3322598934173584 -1.836297631263733 26.854434967041016
v 3.476182460784912 -0.5668511986732483 22.85674285888672
v 3.4797515869140625 -0.7063445448875427 22.610942840576172
v 3.3971469402313232 -0.9369378685951233 22.529966354370117
v 4.261858940124512 -1.054931640625 22.87591552734375
v 4.190174579620361 -1.2903921604156494 22.79863929748535
v 4.231925964355469 -0.9036880135536194 23.112783432006836
v 3.5377261638641357 -2.631349563598633 22.960330963134766
v 3.0574722290039062 -0.26035311818122864 26.770448684692383
v 3.1877024173736572 -0.07813205569982529 26.64243507385254
v 3.2991116046905518 -0.05541953444480896 26.383689880371094
v 3.89304780960083 -0.5549276471138 26.986263275146484
v 4.058403015136719 -0.395060658454895 26.63079071044922
v 3.9731314182281494 -0.429464727640152 26.898042678833008
v 3.9814300537109375 -0.4333055317401886 26.899675369262695
v 3.9801018238067627 -0.4351334273815155 26.900978088378906
v 4.2174272537231445 -0.4703184962272644 26.668472290039062
v 4.225425720214844 -0.4723617136478424 26.66366958618164
v 3.118877410888672 -2.3260395526885986 26.863628387451172
v 4.9626545906066895 -1.217354655265808 23.46004295349121
v 5.0177412033081055 -1.379395842552185 23.23512840270996
v 4.956475734710693 -1.6193286180496216 23.162803649902344
v 5.683474063873291 -1.9183298349380493 23.616634368896484
v 5.655242919921875 -1.5022038221359253 23.892393112182617
v 5.734661102294922 -1.674251914024353 23.682666778564453
v 5.01282262802124 -0.9124868512153625 26.19083595275879
v 5.606142044067383 -1.2000000476837158 26.200529098510742
v 5.782976150512695 -1.2809144258499146 26.243032455444336
v 5.930287837982178 -1.3483198881149292 26.278440475463867
v 3.292400598526001 -2.8346669673919678 23.34562110900879
v 3.406416416168213 -2.8130972385406494 23.087913513183594
v 4.023128986358643 -3.1483335494995117 23.69287872314453
v 4.304027557373047 -2.9602861404418945 23.324495315551758
v 4.162298679351807 -3.137561321258545 23.447126388549805
v 3.891397714614868 -2.6835756301879883 27.01569938659668
v 5.0310258865356445 -3.2592873573303223 23.7783260345459
v 4.715717315673828 -3.433182716369629 24.125228881835938
v 4.879218578338623 -3.432417631149292 23.89466667175293
v 5.705913066864014 -3.522775173187256 24.31640625
v 5.35704231262207 -3.6835670471191406 24.636550903320312
v 5.544275760650635 -3.6920673847198486 24.424909591674805
v 5.933979034423828 -3.8938393592834473 25.220720291137695
v 5.421810150146484 -3.428091049194336 27.01663589477539
v 8.5592041015625 -4.1218953132629395 9.949999809265137
v 10.43172836303711 -2.380974054336548 5.550000190734863
v 9.5 2.75545359851928e-17 9.949999809265137
v 9.261815071105957 -2.1139488220214844 9.949999809265137
v 10.699999809265137 -3.1534652814473377e-16 5.550000190734863
v 9.640366554260254 -4.642556190490723 5.550000190734863
v 7.427399158477783 -5.923152923583984 9.949999809265137
v 8.365596771240234 -6.6713409423828125 5.550000190734863
v 6.6713409423828125 -8.365596771240234 5.550000190734863
v 6.399718284606934 -1.9339019060134888 24.21291160583496
v 6.358361721038818 -2.1818177700042725 24.154714584350586
v 5.971820831298828 -1.2000000476837158 26.20650291442871
v 6.296567916870117 -1.7525882720947266 24.403715133666992
v 6.148752689361572 -1.404241681098938 26.69620132446289
v 6.182331085205078 -1.4128367900848389 26.760412216186523
v 6.1945085525512695 -1.4159539937973022 26.7836971282959
v 6.200290203094482 -1.4174339771270752 26.794754028320312
v 6.361335754394531 -1.4971121549606323 26.78380012512207
v 6.873504638671875 -1.9628605842590332 24.987882614135742
v 6.999737739562988 -2.1525869369506836 24.820451736450195
v 6.967941761016846 -2.403987407684326 24.771936416625977
v 7.372929096221924 -2.127373218536377 25.638776779174805
v 7.092069625854492 -1.8719695806503296 26.62360954284668
v 7.124982833862305 -1.9640965461730957 26.8890380859375
v 7.054532527923584 -2.17507004737854 27.019819259643555
v 7.521124839782715 -2.3243343830108643 25.499967575073242
v 7.49842643737793 -2.5787312984466553 25.46331024169922
v 7.781717777252197 -2.2404792308807373 26.35027313232422
v 8.062262535095215 -2.468325614929199 26.489368438720703
v 6.315493583679199 -3.7449448108673096 24.93362808227539
v 6.1442952156066895 -3.910752534866333 25.03244972229004
v 6.152544021606445 -3.802948474884033 26.8564453125
v 6.845978260040283 -3.9196889400482178 25.625001907348633
v 6.433403968811035 -4.058351993560791 25.871612548828125
v 6.665682315826416 -4.082499980926514 25.71196746826172
v 6.84219217300415 -4.1714582443237305 26.58310890197754
v 7.206819534301758 -4.226491451263428 26.701366424560547
v 7.441936016082764 -4.076473236083984 26.72951316833496
v 8.09438419342041 -2.735515832901001 26.567821502685547
v 0.9365198612213135 1.75 27.041353225708008
v 1.1003406047821045 1.75 28.19208335876465
v 1.1686477661132812 1.75 29.47160530090332
v 1.1545413732528687 1.75 30.745729446411133
v 1.0945264101028442 1.75 31.855833053588867
v 0.9918476939201355 1.5889087915420532 31.724517822265625
v 1.3991962671279907 1.75 31.937467575073242
v 1.2423313856124878 1.5889087915420532 31.913555145263672
v 1.3289490938186646 1.2000000476837158 30.63949966430664
v 1.3289490938186646 0.8597856760025024 30.63949966430664
v 1.383493423461914 0.7987603545188904 30.54256248474121
v 1.4380476474761963 0.6563514471054077 30.44561004638672
v 0.9201849699020386 1.256029486656189 31.505638122558594
v 0.8604142069816589 1.285964012145996 31.655807495117188
v 1.0226930379867554 1.2000000476837158 31.24302101135254
v 1.014358401298523 1.2088651657104492 31.26903533935547
v 1.1047412157058716 1.1088541746139526 31.08133316040039
v 1.008925199508667 1.2000000476837158 31.642841339111328
v 1.0079187154769897 1.2011905908584595 31.643056869506836
v 1.0851314067840576 1.109071135520935 31.645519256591797
v 1.3120155334472656 1.2000000476837158 31.653491973876953
v 1.3120155334472656 0.8383539915084839 31.653491973876953
v 1.3571665287017822 0.7835604548454285 31.677486419677734
v 1.397281289100647 0.6717019081115723 31.69880485534668
v 1.4243741035461426 0.5961546301841736 31.71320152282715
v 1.432417392730713 0.5737259387969971 31.71747589111328
v 1.4292271137237549 0.5826661586761475 31.715206146240234
v 1.5582267045974731 1.5889087915420532 28.147356033325195
v 1.6284029483795166 1.5889087915420532 29.46188735961914
v 2.133817672729492 1.5889087915420532 29.597312927246094
v 2.851858139038086 1.5889087915420532 28.493982315063477
v 1.7478893995285034 1.2000000476837158 28.128828048706055
v 1.6542692184448242 0.2916922867298126 27.471210479736328
v 1.8188397884368896 1.2000000476837158 29.457862854003906
v 1.9709069728851318 1.2000000476837158 29.49860954284668
v 2.696868896484375 1.2000000476837158 28.383106231689453
v 1.4968719482421875 1.5889087915420532 30.72929573059082
v 1.6140233278274536 1.5889087915420532 30.760684967041016
v 1.9022735357284546 1.75 30.946083068847656
v 1.5537761449813843 1.5889087915420532 31.875085830688477
v 2.5271189212799072 1.75 29.83560562133789
v 1.8043469190597534 1.2000000476837158 30.766881942749023
v 1.5825841426849365 0.2790522873401642 30.188737869262695
v 1.5825841426849365 0.11911271512508392 30.188737869262695
v 1.7440036535263062 1.2000000476837158 31.883060455322266
v 1.5407394170761108 0.27167394757270813 31.775041580200195
v 1.5407394170761108 0.15502071380615234 31.775041580200195
v 1.5407394170761108 0.010285753756761551 31.775041580200195
v 1.074099063873291 1.75 32.54140853881836
v 2.934493064880371 1.75 33.61550521850586
v 3.600147008895874 1.5889087915420532 27.539735794067383
v 3.2260355949401855 1.75 28.761661529541016
v 3.943272829055786 1.75 27.84701156616211
v 3.458019495010376 1.2000000476837158 27.412456512451172
v 3.9019978046417236 1.75 32.100624084472656
v 4.206681251525879 1.5889087915420532 32.2575569152832
v 4.292442321777344 1.5889087915420532 32.343318939208984
v 4.106154441833496 1.2000000476837158 32.095829010009766
v 4.617651462554932 1.75 27.186328887939453
v 5.811788082122803 1.75 27.20388412475586
v 5.800351142883301 1.75 27.86916160583496
v 5.565372943878174 1.75 28.783531188964844
v 4.551276206970215 1.75 31.004253387451172
v 5.131881237030029 1.75 29.862001419067383
v 4.954294204711914 1.5889087915420532 31.22571563720703
v 5.550786018371582 1.5889087915420532 30.052209854125977
v 5.324283599853516 1.5889087915420532 31.595705032348633
v 5.545746326446533 1.75 31.99872398376465
v 5.121230125427246 1.2000000476837158 31.31744956970215
v 5.724301815032959 1.2000000476837158 30.130996704101562
v 5.232551097869873 1.2000000476837158 31.428770065307617
v 3.2949717044830322 1.75 33.0319938659668
v 3.2717068195343018 1.5889087915420532 32.8669319152832
v 3.51800537109375 1.75 33.255027770996094
v 3.3941125869750977 1.5889087915420532 33.155887603759766
v 3.6830668449401855 1.5889087915420532 33.27829360961914
v 4.449375629425049 1.75 32.64800262451172
v 3.1696865558624268 1.2000000476837158 32.706180572509766
v 3.5844931602478027 1.2000000476837158 32.96550750732422
v 3.8438212871551514 1.2000000476837158 33.380313873291016
v 4.454169750213623 1.2000000476837158 32.443843841552734
v 4.008592128753662 1.75 35.47590255737305
v 4.008592128753662 1.75 37.62409973144531
v 4.674914836883545 1.5889087915420532 34.99622344970703
v 5.603917121887207 1.75 34.647727966308594
v 5.789314270019531 1.5889087915420532 34.935977935791016
v 5.820704936981201 1.5889087915420532 35.05312728881836
v 4.666939735412598 1.2000000476837158 34.80599594116211
v 5.783118724822998 1.2000000476837158 34.74565124511719
v 4.612531661987305 1.75 35.15080261230469
v 4.694167613983154 1.75 35.455474853515625
v 4.636444091796875 1.5889087915420532 35.30766677856445
v 4.8254828453063965 1.5889087915420532 35.55815124511719
v 4.694167613983154 1.75 37.644527435302734
v 4.8254828453063965 1.5889087915420532 37.541847229003906
v 5.804271221160889 1.75 35.39545822143555
v 5.804271221160889 1.75 37.70454025268555
v 4.896508693695068 1.2000000476837158 35.23798370361328
v 4.913690090179443 1.2000000476837158 35.72688293457031
v 4.913690090179443 1.2000000476837158 37.37311935424805
v 5.910501003265381 1.2000000476837158 35.22105026245117
v 1.074099063873291 1.75 40.55859375
v 1.0945264101028442 1.75 41.24416732788086
v 0.9918476939201355 1.5889087915420532 41.375484466552734
v 1.3991962671279907 1.75 41.162532806396484
v 1.2423313856124878 1.5889087915420532 41.18644332885742
v 1.1545413732528687 1.75 42.354270935058594
v 0.8231184482574463 1.2000000476837158 41.46369171142578
v 1.3120155334472656 1.2000000476837158 41.446510314941406
v 1.3289490938186646 1.2000000476837158 42.46050262451172
v 2.934493064880371 1.75 39.484493255615234
v 1.5537761449813843 1.5889087915420532 41.22491455078125
v 1.4968719482421875 1.5889087915420532 42.370704650878906
v 1.6140233278274536 1.5889087915420532 42.33931350708008
v 1.9022735357284546 1.75 42.15391540527344
v 1.7440036535263062 1.2000000476837158 41.21693801879883
v 1.8043469190597534 1.2000000476837158 42.3331184387207
v 1.1686477661132812 1.75 43.628395080566406
v 1.1003406047821045 1.75 44.90791702270508
v 0.6828319430351257 1.75 46.96800231933594
v 6.858021845081348e-16 1.75 47.75
v 0.36009836196899414 1.75 47.54986572265625
v 1.6973223126743198e-15 1.5889087915420532 48.27583312988281
v 0.6982733011245728 1.5889087915420532 47.887752532958984
v 0.9365198612213135 1.75 46.05864715576172
v 1.1110079288482666 1.5889087915420532 47.14362335205078
v 1.387313723564148 1.5889087915420532 46.15319061279297
v 2.116307583550133e-15 1.2000000476837158 48.4936408996582
v 0.8383499383926392 1.2000000476837158 48.0277099609375
v 1.288364291191101 1.2000000476837158 47.216365814208984
v 1.6284029483795166 1.5889087915420532 43.63811111450195
v 2.133817672729492 1.5889087915420532 43.502685546875
v 1.5582267045974731 1.5889087915420532 44.95264434814453
v 2.5271189212799072 1.75 43.2643928527832
v 2.851858139038086 1.5889087915420532 44.60601806640625
v 1.8188397884368896 1.2000000476837158 43.64213562011719
v 1.9709069728851318 1.2000000476837158 43.60139083862305
v 1.7478893995285034 1.2000000476837158 44.97117233276367
v 2.696868896484375 1.2000000476837158 44.71689224243164
v 1.5740386247634888 1.2000000476837158 46.192352294921875
v 3.2949717044830322 1.75 40.0680046081543
v 3.2717068195343018 1.5889087915420532 40.23306655883789
v 3.51800537109375 1.75 39.844970703125
v 3.3941125869750977 1.5889087915420532 39.94411087036133
v 3.6830668449401855 1.5889087915420532 39.82170867919922
v 3.1696865558624268 1.2000000476837158 40.393821716308594
v 3.5844931602478027 1.2000000476837158 40.13449478149414
v 3.8438212871551514 1.2000000476837158 39.719688415527344
v 3.9019978046417236 1.75 40.99937438964844
v 4.449375629425049 1.75 40.45199966430664
v 4.206681251525879 1.5889087915420532 40.84244155883789
v 4.292442321777344 1.5889087915420532 40.75667953491211
v 4.106154441833496 1.2000000476837158 41.00416946411133
v 4.454169750213623 1.2000000476837158 40.65615463256836
v 4.612531661987305 1.75 37.949195861816406
v 4.636444091796875 1.5889087915420532 37.79233169555664
v 4.674914836883545 1.5889087915420532 38.10377502441406
v 5.820704936981201 1.5889087915420532 38.046871185302734
v 5.789314270019531 1.5889087915420532 38.164024353027344
v 5.603917121887207 1.75 38.452274322509766
v 4.666939735412598 1.2000000476837158 38.294002532958984
v 4.896508693695068 1.2000000476837158 37.86201477050781
v 5.783118724822998 1.2000000476837158 38.354347229003906
v 5.910501003265381 1.2000000476837158 37.87894821166992
v 4.551276206970215 1.75 42.09574508666992
v 4.954294204711914 1.5889087915420532 41.87428283691406
v 5.545746326446533 1.75 41.10127639770508
v 5.324283599853516 1.5889087915420532 41.504295349121094
v 5.550786018371582 1.5889087915420532 43.04779052734375
v 5.121230125427246 1.2000000476837158 41.78255081176758
v 5.232551097869873 1.2000000476837158 41.67123031616211
v 5.724301815032959 1.2000000476837158 42.96900177001953
v 3.2260355949401855 1.75 44.33833694458008
v 3.600147008895874 1.5889087915420532 45.560264587402344
v 3.943272829055786 1.75 45.252986907958984
v 3.458019495010376 1.2000000476837158 45.68754196166992
v 4.334650039672852 1.5889087915420532 46.279850006103516
v 4.2174272537231445 1.2000000476837158 46.43152618408203
v 5.131881237030029 1.75 43.237998962402344
v 5.565372943878174 1.75 44.31646728515625
v 5.800351142883301 1.75 45.230838775634766
v 4.617651462554932 1.75 45.91366958618164
v 5.188079357147217 1.75 46.2562141418457
v 5.064154148101807 1.5889087915420532 46.717918395996094
v 5.599999904632568 1.75 46.24948501586914
v 5.811788082122803 1.75 45.896114349365234
v 5.862916946411133 1.5889087915420532 46.70486831665039
v 5.01282262802124 1.2000000476837158 46.90916442871094
v 6.273598670959473 1.5889087915420532 27.080354690551758
v 6.258972644805908 1.5889087915420532 27.9311580657959
v 6.003044605255127 1.5889087915420532 28.92704963684082
v 6.4648871421813965 1.2000000476837158 27.029186248779297
v 6.448939800262451 1.2000000476837158 27.956836700439453
v 6.1843342781066895 1.2000000476837158 28.986495971679688
v 6.4977898597717285 1.5889087915420532 30.99921417236328
v 6.687997817993164 1.75 31.418119430541992
v 6.419003009796143 1.2000000476837158 30.825698852539062
v 7.7664690017700195 1.75 30.98462677001953
v 7.622951030731201 1.5889087915420532 30.546955108642578
v 8.618842124938965 1.5889087915420532 30.291027069091797
v 8.680838584899902 1.75 30.749649047851562
v 7.563504219055176 1.2000000476837158 30.365665435791016
v 8.593162536621094 1.2000000476837158 30.10106086730957
v 6.7143940925598145 1.75 34.02288055419922
v 6.952686786651611 1.5889087915420532 34.41618347167969
v 7.0881123542785645 1.5889087915420532 34.92159652709961
v 7.051390647888184 1.2000000476837158 34.57909393310547
v 7.092136859893799 1.2000000476837158 34.73115921020508
v 7.078395366668701 1.75 35.381351470947266
v 7.078395366668701 1.75 37.71864700317383
v 7.788338661193848 1.75 33.3239631652832
v 8.05601692199707 1.5889087915420532 33.698143005371094
v 8.702988624572754 1.75 32.606727600097656
v 8.402644157409668 1.5889087915420532 34.99177169799805
v 8.166893005371094 1.2000000476837158 33.85313034057617
v 8.421171188354492 1.2000000476837158 34.80210876464844
v 8.357916831970215 1.75 35.44966125488281
v 8.357916831970215 1.75 37.65034103393555
v 9.469645500183105 1.5889087915420532 30.27640151977539
v 9.346115112304688 1.75 30.73821258544922
v 9.699484825134277 1.75 30.950000762939453
v 9.363670349121094 1.75 31.932348251342773
v 10.15487003326416 1.5889087915420532 30.687082290649414
v 9.70621395111084 1.75 31.361921310424805
v 9.729850769042969 1.5889087915420532 32.21535110473633
v 10.167919158935547 1.5889087915420532 31.4858455657959
v 9.52081298828125 1.2000000476837158 30.085113525390625
v 10.343497276306152 1.2000000476837158 30.57817840576172
v 9.881526947021484 1.2000000476837158 32.33257293701172
v 10.359163284301758 1.2000000476837158 31.53717803955078
v 9.01026439666748 1.5889087915420532 32.949851989746094
v 9.137542724609375 1.2000000476837158 33.09197998046875
v 9.642354011535645 1.2000000476837158 34.97595977783203
v 9.508646011352539 1.75 35.61347961425781
v 9.603191375732422 1.5889087915420532 35.16268539428711
v 9.508646011352539 1.75 37.48651885986328
v 10.418002128601074 1.75 35.86716842651367
v 10.418002128601074 1.75 37.23283004760742
v 10.593622207641602 1.5889087915420532 35.43899154663086
v 10.99986743927002 1.75 36.189903259277344
v 10.593622207641602 1.5889087915420532 37.661006927490234
v 10.99986743927002 1.75 36.910099029541016
v 11.337753295898438 1.5889087915420532 35.85172653198242
v 11.199999809265137 1.75 36.54999923706055
v 11.337753295898438 1.5889087915420532 37.24827194213867
v 11.725833892822266 1.5889087915420532 36.54999923706055
v 10.666366577148438 1.2000000476837158 35.261634826660156
v 11.477709770202637 1.2000000476837158 35.71165084838867
v 11.477709770202637 1.2000000476837158 37.38835144042969
v 11.943641662597656 1.2000000476837158 36.54999923706055
v 6.7143940925598145 1.75 39.077117919921875
v 7.0881123542785645 1.5889087915420532 38.178401947021484
v 6.952686786651611 1.5889087915420532 38.68381881713867
v 7.051390647888184 1.2000000476837158 38.52090835571289
v 7.092136859893799 1.2000000476837158 38.368839263916016
v 6.687997817993164 1.75 41.681880950927734
v 6.4977898597717285 1.5889087915420532 42.10078430175781
v 6.419003009796143 1.2000000476837158 42.2743034362793
v 7.788338661193848 1.75 39.77603530883789
v 8.05601692199707 1.5889087915420532 39.401859283447266
v 8.402644157409668 1.5889087915420532 38.10822677612305
v 8.166893005371094 1.2000000476837158 39.24686813354492
v 8.421171188354492 1.2000000476837158 38.297889709472656
v 7.7664690017700195 1.75 42.11537170410156
v 7.622951030731201 1.5889087915420532 42.553043365478516
v 8.702988624572754 1.75 40.4932746887207
v 8.680838584899902 1.75 42.35034942626953
v 8.618842124938965 1.5889087915420532 42.8089714050293
v 7.563504219055176 1.2000000476837158 42.73433303833008
v 8.593162536621094 1.2000000476837158 42.998939514160156
v 6.003044605255127 1.5889087915420532 44.172950744628906
v 6.258972644805908 1.5889087915420532 45.16884231567383
v 6.1843342781066895 1.2000000476837158 44.113502502441406
v 6.448939800262451 1.2000000476837158 45.14316177368164
v 6.273598670959473 1.5889087915420532 46.01964569091797
v 5.971820831298828 1.2000000476837158 46.893497467041016
v 6.4648871421813965 1.2000000476837158 46.0708122253418
v 9.603191375732422 1.5889087915420532 37.937313079833984
v 9.01026439666748 1.5889087915420532 40.150146484375
v 9.642354011535645 1.2000000476837158 38.12403869628906
v 9.137542724609375 1.2000000476837158 40.008018493652344
v 9.363670349121094 1.75 41.16765213012695
v 9.346115112304688 1.75 42.36178970336914
v 9.699484825134277 1.75 42.150001525878906
v 9.469645500183105 1.5889087915420532 42.8235969543457
v 9.729850769042969 1.5889087915420532 40.88465118408203
v 9.70621395111084 1.75 41.73807907104492
v 10.167919158935547 1.5889087915420532 41.61415481567383
v 10.15487003326416 1.5889087915420532 42.41291809082031
v 9.52081298828125 1.2000000476837158 43.014888763427734
v 9.881526947021484 1.2000000476837158 40.767425537109375
v 10.359163284301758 1.2000000476837158 41.56282424926758
v 10.343497276306152 1.2000000476837158 42.521820068359375
v 10.666366577148438 1.2000000476837158 37.83836364746094
v 0.9365198612213135 -1.75 27.041353225708008
v 1.1003406047821045 -1.75 28.19208335876465
v 1.1686477661132812 -1.75 29.47160530090332
v 1.2858636379241943 -0.9076484441757202 30.72440528869629
v 1.383493423461914 -0.7987603545188904 30.54256248474121
v 1.3289490938186646 -0.8597856163978577 30.63949966430664
v 1.3289490938186646 -1.2000000476837158 30.63949966430664
v 0.9031678438186646 -1.2645519971847534 31.54839324951172
v 0.8658567070960999 -1.2832382917404175 31.642133712768555
v 0.882800281047821 -1.3177464008331299 31.646074295043945
v 0.9037817120552063 -1.2612824440002441 31.64409637451172
v 1.0226930379867554 -1.2000000476837158 31.24302101135254
v 1.014358401298523 -1.2088651657104492 31.26903533935547
v 0.9419774413108826 -1.239169955253601 31.646074295043945
v 0.9421711564064026 -1.239057183265686 31.64610481262207
v 0.9425891637802124 -1.238816499710083 31.646081924438477
v 0.9424555897712708 -1.2388916015625 31.646150588989258
v 0.9979434013366699 -1.2068278789520264 31.647062301635742
v 1.008925199508667 -1.2000000476837158 31.642841339111328
v 1.0079092979431152 -1.2011795043945312 31.643600463867188
v 1.0572974681854248 -1.255816102027893 31.68221664428711
v 1.2806141376495361 -0.8758220076560974 31.652387619018555
v 1.3571665287017822 -0.7835604548454285 31.677486419677734
v 1.3120155334472656 -0.8383539319038391 31.653491973876953
v 1.3120155334472656 -1.2000000476837158 31.653491973876953
v -7.23654922250627e-17 -1.75 31.708675384521484
v 0.31666725873947144 -1.75 31.72132110595703
v 0.6823230385780334 -1.75 31.764135360717773
v -1.1716301339742351e-16 -2.1523795127868652 31.93060302734375
v 0.4952287971973419 -2.116520404815674 31.93060302734375
v 1.1545413732528687 -1.75 30.745729446411133
v 0.9102986454963684 -1.3890585899353027 31.669029235839844
v 0.9279444217681885 -1.4416162967681885 31.691110610961914
v 0.947677731513977 -1.4646146297454834 31.703689575195312
v 0.9918476939201355 -1.5889086723327637 31.724517822265625
v 0.9953915476799011 -1.5958493947982788 31.759714126586914
v 1.0543259382247925 -1.5889086723327637 31.771669387817383
v 1.095324993133545 -1.75 31.841060638427734
v 1.2805839776992798 -1.3754202127456665 31.770795822143555
v 1.1481435298919678 -1.6523284912109375 31.815919876098633
v 1.3990728855133057 -1.486398696899414 31.82791519165039
v 1.3365395069122314 -1.6651089191436768 31.865978240966797
v 1.4925459623336792 -1.5739469528198242 31.872974395751953
v 1.1481481790542603 -1.7314815521240234 31.84272575378418
v 1.2107669115066528 -1.6754831075668335 31.83896255493164
v 1.20956552028656 -1.709843397140503 31.85030746459961
v 1.4116346836090088 -1.75 31.91295623779297
v 1.4014803171157837 -1.7462329864501953 31.909215927124023
v 1.4843353033065796 -1.75 31.93060302734375
v 1.3529902696609497 -1.8441447019577026 31.93060302734375
v 0.9567086100578308 -2.011387348175049 31.93060302734375
v 1.6542692184448242 -0.2916922867298126 27.471210479736328
v 1.7478893995285034 -1.2000000476837158 28.128828048706055
v 1.8188397884368896 -1.2000000476837158 29.457862854003906
v 1.9709069728851318 -1.2000000476837158 29.49860954284668
v 2.696868896484375 -1.2000000476837158 28.383106231689453
v 1.5582267045974731 -1.5889086723327637 28.147356033325195
v 1.6284029483795166 -1.5889086723327637 29.46188735961914
v 2.133817672729492 -1.5889086723327637 29.597312927246094
v 2.851858139038086 -1.5889086723327637 28.493982315063477
v 1.5825841426849365 -0.2790522873401642 30.188737869262695
v 1.5261726379394531 -0.4263092875480652 30.28899383544922
v 1.8043469190597534 -1.2000000476837158 30.766881942749023
v 1.5407686233520508 -0.004803666844964027 31.773937225341797
v 1.5407394170761108 -0.029224764555692673 31.775041580200195
v 1.5407394170761108 -0.27167394757270813 31.775041580200195
v 1.5011998414993286 -0.3819286525249481 31.7540283203125
v 1.6729055643081665 -1.3176634311676025 31.873449325561523
v 1.7440036535263062 -1.0469993352890015 31.883060455322266
v 1.7352402210235596 -1.0745254755020142 31.878402709960938
v 1.744114875793457 -1.0757943391799927 31.88100242614746
v 1.7271300554275513 -1.100000023841858 31.874094009399414
v 1.7442083358764648 -1.100000023841858 31.879274368286133
v 1.7440036535263062 -1.1530007123947144 31.883060455322266
v 1.7440036535263062 -1.2000000476837158 31.883060455322266
v 1.7137961387634277 -1.261757493019104 31.881793975830078
v 1.6848089694976807 -1.3213783502578735 31.877330780029297
v 1.4968719482421875 -1.5889086723327637 30.72929573059082
v 1.6140233278274536 -1.5889086723327637 30.760684967041016
v 1.9022735357284546 -1.75 30.946083068847656
v 1.653840184211731 -1.343729853630066 31.869558334350586
v 1.6725977659225464 -1.346494197845459 31.875450134277344
v 1.6482981443405151 -1.3956642150878906 31.879047393798828
v 1.5051243305206299 -1.5889086723327637 31.88109588623047
v 1.5537761449813843 -1.5889086723327637 31.875085830688477
v 2.046969175338745 -1.75 32.17124938964844
v 2.5271189212799072 -1.75 29.83560562133789
v -1.7009432726447136e-16 -2.6278181076049805 32.39265060424805
v 0.7189607620239258 -2.575758934020996 32.39265060424805
v 1.388925552368164 -2.4231293201446533 32.39265060424805
v 1.9642374515533447 -2.180330514907837 32.39265060424805
v 2.4056897163391113 -1.8639090061187744 32.39265060424805
v 2.49147629737854 -1.75 32.39265060424805
v 2.5 -2.4749999046325684 33.01446533203125
v -2.1648900846821896e-16 -3.044543743133545 33.01446533203125
v -2.545641585338144e-16 -3.3865416049957275 33.77214813232422
v -2.8285654127976575e-16 -3.6406686305999756 34.63658142089844
v 0.9150635004043579 -2.978285074234009 33.01446533203125
v 1.0760008096694946 -3.3086295127868652 33.77214813232422
v 1.1955881118774414 -3.5540976524353027 34.63658142089844
v -3.0027889727404344e-16 -3.797159433364868 35.574546813964844
v -3.0616169991140216e-16 -3.8499999046325684 36.54999923706055
v -3.0027889727404344e-16 -3.797159433364868 37.52545166015625
v 1.269229531288147 -3.705256223678589 35.574546813964844
v 1.2940952777862549 -3.756295919418335 36.54999923706055
v 1.269229531288147 -3.705256223678589 37.52545166015625
v 1.7677669525146484 -2.784024238586426 33.01446533203125
v 2.078674077987671 -3.080203056335449 33.77214813232422
v 2.3096988201141357 -3.300283670425415 34.63658142089844
v 2.9396889209747314 -2.7168288230895996 33.77214813232422
v 2.451963186264038 -3.4358086585998535 35.574546813964844
v 2.5 -3.48157000541687 36.54999923706055
v 2.451963186264038 -3.4358086585998535 37.52545166015625
v 3.458019495010376 -1.2000000476837158 27.412456512451172
v 3.8500545024871826 -0.6148855090141296 27.028383255004883
v 3.850656509399414 -0.6140459775924683 27.027793884277344
v 3.847177267074585 -0.6299911141395569 27.03120231628418
v 3.755235195159912 -1.2000000476837158 27.12127685546875
v 3.2012791633605957 -1.9574860334396362 27.19127082824707
v 3.600147008895874 -1.5889086723327637 27.539735794067383
v 3.1176888942718506 -2.1876304149627686 27.11004066467285
v 3.2260355949401855 -1.75 28.761661529541016
v 3.859900951385498 -1.425254464149475 27.173105239868164
v 3.9359428882598877 -1.5889086723327637 27.210758209228516
v 3.9437077045440674 -1.5911355018615723 27.212045669555664
v 3.943272829055786 -1.75 27.84701156616211
v 4.170927047729492 -1.656297206878662 27.249711990356445
v 4.320463180541992 -1.6991809606552124 27.274499893188477
v 4.012180328369141 -2.3327856063842773 27.35089874267578
v 3.9173483848571777 -2.557727098464966 27.267454147338867
v 4.106154441833496 -1.2000000476837158 32.095829010009766
v 3.9019978046417236 -1.75 32.100624084472656
v 4.206681251525879 -1.5889086723327637 32.2575569152832
v 4.292442321777344 -1.5889086723327637 32.343318939208984
v 4.5194854736328125 -1.75 27.282501220703125
v 5.2974419593811035 -1.75 27.289016723632812
v 5.830142021179199 -1.743388295173645 27.233734130859375
v 5.8112335205078125 -1.75 27.23614501953125
v 5.800351142883301 -1.75 27.86916160583496
v 5.565372943878174 -1.75 28.783531188964844
v 5.121230125427246 -1.2000000476837158 31.31744956970215
v 5.724301815032959 -1.2000000476837158 30.130996704101562
v 5.232551097869873 -1.2000000476837158 31.428770065307617
v 4.551276206970215 -1.75 31.004253387451172
v 5.131881237030029 -1.75 29.862001419067383
v 4.954294204711914 -1.5889086723327637 31.22571563720703
v 5.550786018371582 -1.5889086723327637 30.052209854125977
v 5.324283599853516 -1.5889086723327637 31.595705032348633
v 5.545746326446533 -1.75 31.99872398376465
v 4.718092918395996 -2.9407665729522705 27.321910858154297
v 4.824760913848877 -2.721486806869507 27.406158447265625
v 4.663568019866943 -3.0529465675354004 27.06821060180664
v 5.50667142868042 -3.3309199810028076 27.268272399902344
v 5.625904560089111 -3.1178572177886963 27.351665496826172
v 3.1696865558624268 -1.2000000476837158 32.706180572509766
v 3.2025396823883057 -1.2569315433502197 32.772010803222656
v 3.5844931602478027 -1.2000000476837158 32.96550750732422
v 3.8438212871551514 -1.2000000476837158 33.380313873291016
v 4.454169750213623 -1.2000000476837158 32.443843841552734
v 3.2613041400909424 -1.4818421602249146 32.86442184448242
v 3.2607743740081787 -1.5941312313079834 32.89120101928711
v 3.2717068195343018 -1.5889086723327637 32.8669319152832
v 3.288147449493408 -1.5845810174942017 32.90663528442383
v 3.2902677059173584 -1.5889086723327637 32.91074752807617
v 3.339916706085205 -1.633521318435669 32.97441101074219
v 3.305619478225708 -1.75 33.015655517578125
v 3.304570198059082 -1.75 33.01446533203125
v 3.476565361022949 -1.3463512659072876 33.01446533203125
v 3.4995830059051514 -1.3734543323516846 33.050418853759766
v 3.377952814102173 -1.6525614261627197 33.01446533203125
v 3.4150636196136475 -1.6032849550247192 33.01446533203125
v 3.4898455142974854 -1.6691113710403442 33.15566635131836
v 3.57171368598938 -1.6263707876205444 33.21207809448242
v 3.609419107437134 -1.5889086723327637 33.24709701538086
v 3.6830668449401855 -1.5889086723327637 33.27829360961914
v 3.44040846824646 -1.6908178329467773 33.11809539794922
v 3.4424092769622803 -1.6977277994155884 33.126277923583984
v 3.51800537109375 -1.75 33.255027770996094
v 3.5030062198638916 -1.7401899099349976 33.23139190673828
v 3.516986846923828 -1.75 33.25565719604492
v 3.0618622303009033 -2.0722718238830566 33.01446533203125
v 3.6003689765930176 -2.2432706356048584 33.77214813232422
v 4.449375629425049 -1.75 32.64800262451172
v 3.9718589782714844 -1.75 33.77214813232422
v 4.410605430603027 -1.75 34.537044525146484
v 4.463808536529541 -1.75 34.63658142089844
v 4.461995601654053 -1.7575734853744507 34.63658142089844
v 4.000515937805176 -2.3703343868255615 34.63658142089844
v 4.246924877166748 -2.448579788208008 35.574546813964844
v 4.330127239227295 -2.4749999046325684 36.54999923706055
v 4.246924877166748 -2.448579788208008 37.52545166015625
v 4.660101413726807 -1.2872060537338257 34.918487548828125
v 4.666939735412598 -1.0839191675186157 34.80599594116211
v 4.670726776123047 -1.100000023841858 34.805789947509766
v 4.666939735412598 -1.1160808801651 34.80599594116211
v 4.67590856552124 -1.100000023841858 34.822872161865234
v 4.666939735412598 -1.2000000476837158 34.80599594116211
v 5.783118724822998 -1.2000000476837158 34.74565124511719
v 4.659499645233154 -1.3383886814117432 34.95689010620117
v 4.620240211486816 -1.6021268367767334 35.03558349609375
v 4.674914836883545 -1.5889086723327637 34.99622344970703
v 5.789314270019531 -1.5889086723327637 34.935977935791016
v 5.820704936981201 -1.5889086723327637 35.05312728881836
v 5.603917121887207 -1.75 34.647727966308594
v 4.896508693695068 -1.2000000476837158 35.23798370361328
v 4.913690090179443 -1.078108787536621 35.72688293457031
v 4.910783290863037 -1.100000023841858 35.6441650390625
v 4.918680667877197 -1.100000023841858 35.72434997558594
v 4.913690090179443 -1.1218912601470947 35.72688293457031
v 4.913690090179443 -1.2000000476837158 35.72688293457031
v 4.913690090179443 -1.0781103372573853 37.37311935424805
v 4.918680191040039 -1.100000023841858 37.37565231323242
v 4.913690090179443 -1.1218897104263306 37.37311935424805
v 4.913690090179443 -1.2000000476837158 37.37311935424805
v 4.910783290863037 -1.100000023841858 37.455833435058594
v 4.877406120300293 -1.2508975267410278 37.427982330322266
v 4.864413738250732 -1.2650710344314575 37.52545166015625
v 5.910501003265381 -1.2000000476837158 35.22105026245117
v 4.656554222106934 -1.5889086723327637 35.14486312866211
v 4.732522964477539 -1.4452292919158936 35.28192138671875
v 4.7105560302734375 -1.6418946981430054 35.36469268798828
v 4.752647876739502 -1.5889086723327637 35.46164321899414
v 4.8254828453063965 -1.5889086723327637 35.55815124511719
v 4.618826866149902 -1.75 35.14760971069336
v 4.642968654632568 -1.7269753217697144 35.20902633666992
v 4.689903736114502 -1.7143235206604004 35.35376739501953
v 4.710447788238525 -1.747605323791504 35.44775390625
v 4.711925983428955 -1.75 35.45451354980469
v 4.748337268829346 -1.75 35.574546813964844
v 4.7368292808532715 -1.7980762720108032 35.574546813964844
v 4.844410419464111 -1.75 36.54999923706055
v 4.829628944396973 -1.811752438545227 36.54999923706055
v 4.822775363922119 -1.4390217065811157 37.52545166015625
v 4.752647876739502 -1.5889086723327637 37.63835525512695
v 4.778251647949219 -1.5982227325439453 37.54660415649414
v 4.8254828453063965 -1.5889086723327637 37.541847229003906
v 4.748337268829346 -1.75 37.52545166015625
v 4.7368292808532715 -1.7980762720108032 37.52545166015625
v 4.7119245529174805 -1.75 37.64548873901367
v 4.689903736114502 -1.7143253087997437 37.74623107910156
v 5.804271221160889 -1.75 35.39545822143555
v 5.804271221160889 -1.75 37.70454025268555
v 3.2664074897766113 -2.89652419090271 34.63658142089844
v 3.467599630355835 -3.0071797370910645 35.574546813964844
v 3.535533905029297 -3.044543743133545 36.54999923706055
v 3.467599630355835 -3.0071797370910645 37.52545166015625
v 0.8231184482574463 -0.9442917108535767 41.46369171142578
v 0.8242657780647278 -0.97852623462677 41.4659538269043
v 0.8587051630020142 -0.9734508395195007 41.462440490722656
v 0.8256498575210571 -1.100000023841858 41.46868133544922
v 0.9058018922805786 -1.100000023841858 41.460784912109375
v 0.8245104551315308 -1.2000000476837158 41.466434478759766
v 0.8250935077667236 -1.2011401653289795 41.46635055541992
v 0.8364077210426331 -1.223263144493103 41.46471405029297
v 0.8685857057571411 -1.2000000476837158 41.462093353271484
v 0.8827997446060181 -1.3177471160888672 41.45392608642578
v 0.945324718952179 -1.2258598804473877 41.45392608642578
v 0.9422138929367065 -1.2388559579849243 41.45392608642578
v 0.9513788819313049 -1.2375456094741821 41.45124053955078
v 0.9528714418411255 -1.2404265403747559 41.45058059692383
v 1.3120155334472656 -1.2000000476837158 41.446510314941406
v 1.4253671169281006 -1.3100593090057373 41.30219268798828
v 1.3289490938186646 -1.2000000476837158 42.46050262451172
v -7.23654922250627e-17 -1.75 41.391326904296875
v 0.31666725873947144 -1.75 41.37868118286133
v 0.6823230385780334 -1.75 41.33586502075195
v -1.7009432726447136e-16 -2.6278181076049805 40.70734786987305
v -1.1716301339742351e-16 -2.1523795127868652 41.16939926147461
v 0.7189607620239258 -2.575758934020996 40.70734786987305
v 0.4952287971973419 -2.116520404815674 41.16939926147461
v 0.90236496925354 -1.3684860467910767 41.43759536743164
v 0.9102977514266968 -1.3890583515167236 41.430973052978516
v 0.9279412031173706 -1.4416089057922363 41.40889358520508
v 0.9521850347518921 -1.3686909675598145 41.423465728759766
v 0.9520052075386047 -1.4023022651672363 41.41636276245117
v 0.9918476939201355 -1.5889086723327637 41.375484466552734
v 1.0976194143295288 -1.5412718057632446 41.333953857421875
v 1.054326057434082 -1.5889086723327637 41.328330993652344
v 1.0953251123428345 -1.75 41.258941650390625
v 1.1630207300186157 -1.469308614730835 41.34244918823242
v 1.2805842161178589 -1.3754189014434814 41.32920455932617
v 1.2923885583877563 -1.3700900077819824 41.327003479003906
v 1.336557388305664 -1.6651026010513306 41.2340202331543
v 1.1481482982635498 -1.7314815521240234 41.25727462768555
v 1.2107640504837036 -1.6754820346832275 41.26103973388672
v 1.4116355180740356 -1.75 41.18704605102539
v 1.4843353033065796 -1.75 41.16939926147461
v 1.3529902696609497 -1.8441447019577026 41.16939926147461
v 0.9567086100578308 -2.011387348175049 41.16939926147461
v 1.388925552368164 -2.4231293201446533 40.70734786987305
v 1.1545413732528687 -1.75 42.354270935058594
v 2.5 -2.4749999046325684 40.085533142089844
v 1.7440036535263062 -1.046951174736023 41.21693801879883
v 1.744208574295044 -1.100000023841858 41.220726013183594
v 1.7271156311035156 -1.100000023841858 41.225914001464844
v 1.7441149950027466 -1.1242057085037231 41.218997955322266
v 1.735226035118103 -1.125476598739624 41.22160339355469
v 1.7440036535263062 -1.1530488729476929 41.21693801879883
v 1.7440036535263062 -1.2000000476837158 41.21693801879883
v 1.7329292297363281 -1.208585262298584 41.21626663208008
v 1.7138242721557617 -1.2616997957229614 41.218204498291016
v 1.8043469190597534 -1.2000000476837158 42.3331184387207
v 1.672597885131836 -1.346494197845459 41.224552154541016
v 1.6601893901824951 -1.3716025352478027 41.222713470458984
v 1.6482852697372437 -1.3956905603408813 41.220951080322266
v 1.514340877532959 -1.5808677673339844 41.219390869140625
v 1.5051294565200806 -1.5889086723327637 41.21890640258789
v 1.5104957818984985 -1.6039416790008545 41.2125129699707
v 1.5537761449813843 -1.5889086723327637 41.22491455078125
v 1.5420395135879517 -1.5928502082824707 41.20861053466797
v 2.046969175338745 -1.75 40.92875289916992
v 1.9642374515533447 -2.180330514907837 40.70734786987305
v 1.4968719482421875 -1.5889086723327637 42.370704650878906
v 1.6140233278274536 -1.5889086723327637 42.33931350708008
v 1.9022735357284546 -1.75 42.15391540527344
v 2.4056897163391113 -1.8639090061187744 40.70734786987305
v 2.49147629737854 -1.75 40.70734786987305
v -2.8285654127976575e-16 -3.6406686305999756 38.463417053222656
v -2.1648900846821896e-16 -3.044543743133545 40.085533142089844
v -2.545641585338144e-16 -3.3865416049957275 39.327850341796875
v 1.1955881118774414 -3.5540976524353027 38.463417053222656
v 1.0760008096694946 -3.3086295127868652 39.327850341796875
v 0.9150635004043579 -2.978285074234009 40.085533142089844
v 1.7677669525146484 -2.784024238586426 40.085533142089844
v 2.078674077987671 -3.080203056335449 39.327850341796875
v 2.3096988201141357 -3.300283670425415 38.463417053222656
v 2.9396889209747314 -2.7168288230895996 39.327850341796875
v 1.1686477661132812 -1.75 43.628395080566406
v 1.1003406047821045 -1.75 44.90791702270508
v 2.116307583550133e-15 -1.2000000476837158 48.4936408996582
v 0.8383499383926392 -1.2000000476837158 48.0277099609375
v 1.288364291191101 -1.2000000476837158 47.216365814208984
v 0.6828319430351257 -1.75 46.96800231933594
v 6.858021845081348e-16 -1.75 47.75
v 0.36009836196899414 -1.75 47.54986572265625
v 1.6973223126743198e-15 -1.5889086723327637 48.27583312988281
v 0.6982733011245728 -1.5889086723327637 47.887752532958984
v 0.9365198612213135 -1.75 46.05864715576172
v 1.1110079288482666 -1.5889086723327637 47.14362335205078
v 1.387313723564148 -1.5889086723327637 46.15319061279297
v 1.8188397884368896 -1.2000000476837158 43.64213562011719
v 1.9709069728851318 -1.2000000476837158 43.60139083862305
v 1.7478893995285034 -1.2000000476837158 44.97117233276367
v 2.696868896484375 -1.2000000476837158 44.71689224243164
v 1.6284029483795166 -1.5889086723327637 43.63811111450195
v 2.133817672729492 -1.5889086723327637 43.502685546875
v 1.5582267045974731 -1.5889086723327637 44.95264434814453
v 2.5271189212799072 -1.75 43.2643928527832
v 2.851858139038086 -1.5889086723327637 44.60601806640625
v 1.5740386247634888 -1.2000000476837158 46.192352294921875
v 3.1696865558624268 -1.2000000476837158 40.393821716308594
v 3.5844931602478027 -1.2000000476837158 40.13449478149414
v 3.760410785675049 -1.272133469581604 39.761314392089844
v 3.8438212871551514 -1.2000000476837158 39.719688415527344
v 3.2927160263061523 -1.5852543115615845 40.189483642578125
v 3.2902677059173584 -1.5889086723327637 40.18925094604492
v 3.2717068195343018 -1.5889086723327637 40.23306655883789
v 3.3305516242980957 -1.6251062154769897 40.137596130371094
v 3.339916706085205 -1.633521318435669 40.125587463378906
v 3.311814785003662 -1.7472798824310303 40.07963180541992
v 3.305619478225708 -1.75 40.08434295654297
v 3.304570198059082 -1.75 40.085533142089844
v 3.462608814239502 -1.4046571254730225 40.085533142089844
v 3.4995815753936768 -1.3734569549560547 40.049583435058594
v 3.377952814102173 -1.6525614261627197 40.085533142089844
v 3.4150636196136475 -1.6032849550247192 40.085533142089844
v 3.4898324012756348 -1.6691168546676636 39.944339752197266
v 3.6920969486236572 -1.4154504537582397 39.80275344848633
v 3.5834226608276367 -1.628096342086792 39.87314987182617
v 3.6094155311584473 -1.5889086723327637 39.852909088134766
v 3.6466176509857178 -1.5967525243759155 39.80529022216797
v 3.6830668449401855 -1.5889086723327637 39.82170867919922
v 3.51800537109375 -1.75 39.844970703125
v 3.5167715549468994 -1.748395562171936 39.8459587097168
v 3.516986846923828 -1.75 39.84434127807617
v 3.5030064582824707 -1.7401899099349976 39.86860656738281
v 3.0618622303009033 -2.0722718238830566 40.085533142089844
v 3.6003689765930176 -2.2432706356048584 39.327850341796875
v 4.410605430603027 -1.75 38.56295394897461
v 4.463808536529541 -1.75 38.463417053222656
v 4.461995601654053 -1.7575734853744507 38.463417053222656
v 4.000515937805176 -2.3703343868255615 38.463417053222656
v 3.869785785675049 -1.75 39.44375228881836
v 3.9718589782714844 -1.75 39.327850341796875
v 4.106154441833496 -1.2000000476837158 41.00416946411133
v 4.454169750213623 -1.2000000476837158 40.65615463256836
v 3.9019978046417236 -1.75 40.99937438964844
v 4.206681251525879 -1.5889086723327637 40.84244155883789
v 4.292442321777344 -1.5889086723327637 40.75667953491211
v 4.449375629425049 -1.75 40.45199966430664
v 4.666939735412598 -1.0839191675186157 38.294002532958984
v 4.67590856552124 -1.100000023841858 38.27712631225586
v 4.670726776123047 -1.100000023841858 38.29420852661133
v 4.666939735412598 -1.1160808801651 38.294002532958984
v 4.666939735412598 -1.2000000476837158 38.294002532958984
v 4.896508693695068 -1.2000000476837158 37.86201477050781
v 5.783118724822998 -1.2000000476837158 38.354347229003906
v 5.910501003265381 -1.2000000476837158 37.87894821166992
v 4.656554222106934 -1.5889086723327637 37.955135345458984
v 4.732522964477539 -1.4452292919158936 37.818077087402344
v 4.674914836883545 -1.5889086723327637 38.10377502441406
v 4.642968654632568 -1.7269753217697144 37.89097213745117
v 4.618826866149902 -1.75 37.952388763427734
v 4.619849681854248 -1.7490242719650269 37.94978713989258
v 5.820704936981201 -1.5889086723327637 38.046871185302734
v 5.789314270019531 -1.5889086723327637 38.164024353027344
v 5.603917121887207 -1.75 38.452274322509766
v 5.121230125427246 -1.2000000476837158 41.78255081176758
v 5.232551097869873 -1.2000000476837158 41.67123031616211
v 5.724301815032959 -1.2000000476837158 42.96900177001953
v 4.551276206970215 -1.75 42.09574508666992
v 4.954294204711914 -1.5889086723327637 41.87428283691406
v 5.545746326446533 -1.75 41.10127639770508
v 5.324283599853516 -1.5889086723327637 41.504295349121094
v 5.550786018371582 -1.5889086723327637 43.04779052734375
v 3.2664074897766113 -2.89652419090271 38.463417053222656
v 3.458019495010376 -1.2000000476837158 45.68754196166992
v 3.2260355949401855 -1.75 44.33833694458008
v 3.600147008895874 -1.5889086723327637 45.560264587402344
v 3.943272829055786 -1.75 45.252986907958984
v 4.2174272537231445 -1.2000000476837158 46.43152618408203
v 4.334650039672852 -1.5889086723327637 46.279850006103516
v 5.131881237030029 -1.75 43.237998962402344
v 5.565372943878174 -1.75 44.31646728515625
v 5.800351142883301 -1.75 45.230838775634766
v 5.01282262802124 -1.2000000476837158 46.90916442871094
v 4.617651462554932 -1.75 45.91366958618164
v 5.188079357147217 -1.75 46.2562141418457
v 5.064154148101807 -1.5889086723327637 46.717918395996094
v 5.599999904632568 -1.75 46.24948501586914
v 5.811788082122803 -1.75 45.896114349365234
v 5.862916946411133 -1.5889086723327637 46.70486831665039
v 6.4648871421813965 -1.2000000476837158 27.029186248779297
v 6.448939800262451 -1.2000000476837158 27.956836700439453
v 6.1843342781066895 -1.2000000476837158 28.986495971679688
v 6.053067684173584 -1.6654382944107056 27.205297470092773
v 6.119000434875488 -1.6425342559814453 27.171873092651367
v 6.281627655029297 -1.5249532461166382 27.03285026550293
v 6.291275978088379 -1.537706971168518 27.061092376708984
v 6.285391807556152 -1.5649316310882568 27.077199935913086
v 6.275633335113525 -1.5843958854675293 27.090524673461914
v 6.273370742797852 -1.5889086723327637 27.09361457824707
v 6.278353214263916 -1.7768996953964233 27.189973831176758
v 6.258972644805908 -1.5889086723327637 27.9311580657959
v 6.362113952636719 -1.5727545022964478 27.0562744140625
v 6.003044605255127 -1.5889086723327637 28.92704963684082
v 6.419003009796143 -1.2000000476837158 30.825698852539062
v 6.4977898597717285 -1.5889086723327637 30.99921417236328
v 6.687997817993164 -1.75 31.418119430541992
v 7.563504219055176 -1.2000000476837158 30.365665435791016
v 8.593162536621094 -1.2000000476837158 30.10106086730957
v 7.622951030731201 -1.5889086723327637 30.546955108642578
v 7.7664690017700195 -1.75 30.98462677001953
v 8.618842124938965 -1.5889086723327637 30.291027069091797
v 8.680838584899902 -1.75 30.749649047851562
v 6.269540309906006 -3.722262144088745 27.101036071777344
v 6.4020843505859375 -3.5160274505615234 27.18151092529297
v 7.051390647888184 -1.2000000476837158 34.57909393310547
v 7.092136859893799 -1.2000000476837158 34.73115921020508
v 6.7143940925598145 -1.75 34.02288055419922
v 6.952686786651611 -1.5889086723327637 34.41618347167969
v 7.0881123542785645 -1.5889086723327637 34.92159652709961
v 7.078395366668701 -1.75 35.381351470947266
v 7.078395366668701 -1.75 37.71864700317383
v 8.166893005371094 -1.2000000476837158 33.85313034057617
v 8.421171188354492 -1.2000000476837158 34.80210876464844
v 7.788338661193848 -1.75 33.3239631652832
v 8.05601692199707 -1.5889086723327637 33.698143005371094
v 8.702988624572754 -1.75 32.606727600097656
v 8.402644157409668 -1.5889086723327637 34.99177169799805
v 8.357916831970215 -1.75 35.44966125488281
v 8.357916831970215 -1.75 37.65034103393555
v 9.52081298828125 -1.2000000476837158 30.085113525390625
v 10.343497276306152 -1.2000000476837158 30.57817840576172
v 9.881526947021484 -1.2000000476837158 32.33257293701172
v 10.359163284301758 -1.2000000476837158 31.53717803955078
v 9.469645500183105 -1.5889086723327637 30.27640151977539
v 9.346115112304688 -1.75 30.73821258544922
v 9.699484825134277 -1.75 30.950000762939453
v 9.363670349121094 -1.75 31.932348251342773
v 10.15487003326416 -1.5889086723327637 30.687082290649414
v 9.70621395111084 -1.75 31.361921310424805
v 9.729850769042969 -1.5889086723327637 32.21535110473633
v 10.167919158935547 -1.5889086723327637 31.4858455657959
v 9.137542724609375 -1.2000000476837158 33.09197998046875
v 9.642354011535645 -1.2000000476837158 34.97595977783203
v 9.01026439666748 -1.5889086723327637 32.949851989746094
v 9.603191375732422 -1.5889086723327637 35.16268539428711
v 9.508646011352539 -1.75 35.61347961425781
v 9.508646011352539 -1.75 37.48651885986328
v 10.418002128601074 -1.75 35.86716842651367
v 10.418002128601074 -1.75 37.23283004760742
v 10.666366577148438 -1.2000000476837158 35.261634826660156
v 11.477709770202637 -1.2000000476837158 35.71165084838867
v 11.477709770202637 -1.2000000476837158 37.38835144042969
v 11.943641662597656 -1.2000000476837158 36.54999923706055
v 10.593622207641602 -1.5889086723327637 35.43899154663086
v 10.99986743927002 -1.75 36.189903259277344
v 10.593622207641602 -1.5889086723327637 37.661006927490234
v 10.99986743927002 -1.75 36.910099029541016
v 11.337753295898438 -1.5889086723327637 35.85172653198242
v 11.199999809265137 -1.75 36.54999923706055
v 11.337753295898438 -1.5889086723327637 37.24827194213867
v 11.725833892822266 -1.5889086723327637 36.54999923706055
v 7.051390647888184 -1.2000000476837158 38.52090835571289
v 7.092136859893799 -1.2000000476837158 38.368839263916016
v 6.7143940925598145 -1.75 39.077117919921875
v 7.0881123542785645 -1.5889086723327637 38.178401947021484
v 6.952686786651611 -1.5889086723327637 38.68381881713867
v 6.419003009796143 -1.2000000476837158 42.2743034362793
v 6.687997817993164 -1.75 41.681880950927734
v 6.4977898597717285 -1.5889086723327637 42.10078430175781
v 8.166893005371094 -1.2000000476837158 39.24686813354492
v 8.421171188354492 -1.2000000476837158 38.297889709472656
v 7.788338661193848 -1.75 39.77603530883789
v 8.05601692199707 -1.5889086723327637 39.401859283447266
v 8.402644157409668 -1.5889086723327637 38.10822677612305
v 7.563504219055176 -1.2000000476837158 42.73433303833008
v 8.593162536621094 -1.2000000476837158 42.998939514160156
v 7.7664690017700195 -1.75 42.11537170410156
v 7.622951030731201 -1.5889086723327637 42.553043365478516
v 8.702988624572754 -1.75 40.4932746887207
v 8.680838584899902 -1.75 42.35034942626953
v 8.618842124938965 -1.5889086723327637 42.8089714050293
v 6.1843342781066895 -1.2000000476837158 44.113502502441406
v 6.448939800262451 -1.2000000476837158 45.14316177368164
v 6.003044605255127 -1.5889086723327637 44.172950744628906
v 6.258972644805908 -1.5889086723327637 45.16884231567383
v 5.971820831298828 -1.2000000476837158 46.893497467041016
v 6.4648871421813965 -1.2000000476837158 46.0708122253418
v 6.273598670959473 -1.5889086723327637 46.01964569091797
v 9.642354011535645 -1.2000000476837158 38.12403869628906
v 9.137542724609375 -1.2000000476837158 40.008018493652344
v 9.603191375732422 -1.5889086723327637 37.937313079833984
v 9.01026439666748 -1.5889086723327637 40.150146484375
v 9.52081298828125 -1.2000000476837158 43.014888763427734
v 9.881526947021484 -1.2000000476837158 40.767425537109375
v 10.359163284301758 -1.2000000476837158 41.56282424926758
v 10.343497276306152 -1.2000000476837158 42.521820068359375
v 9.363670349121094 -1.75 41.16765213012695
v 9.346115112304688 -1.75 42.36178970336914
v 9.699484825134277 -1.75 42.150001525878906
v 9.469645500183105 -1.5889086723327637 42.8235969543457
v 9.729850769042969 -1.5889086723327637 40.88465118408203
v 9.70621395111084 -1.75 41.73807907104492
v 10.167919158935547 -1.5889086723327637 41.61415481567383
v 10.15487003326416 -1.5889086723327637 42.41291809082031
v 10.666366577148438 -1.2000000476837158 37.83836364746094
vn -0.5022859088847169 0.5869512688312157 -0.6349780104486136
vn -0.6315010196374605 0.4687796537832317 -0.6176180845763191
vn -0.41385568851858556 0.35844166926635473 0.8368052574012406
vn -0.4635494073434577 0.20377662866131965 -0.8623207248831236
vn -0.7566247546060085 -0.02620990375494695 -0.6533238260331194
vn -0.7130360181643198 0.13696299828225436 -0.6876196433362758
vn -0.5769950851596228 0.1565677253839016 0.801600411096296
vn -0.5470556560539773 0.022206423575857347 0.8368016395367076
vn -0.48316813381526935 0.2573248194100031 0.8368587047889741
vn -0.9372118100783987 0.3440023059239338 0.057414602398586256
vn -0.7105980399244737 0.4814089457920923 -0.5131236230839918
vn -0.18633232915108058 0.9462854813631948 -0.26424240930320053
vn 0.17996943037515534 0.9830276988236938 -0.03560263299020548
vn -0.09864549386042362 0.9363568470004937 -0.33690491479989904
vn -0.6086198721552342 0.45946023124821717 -0.6468988693134972
vn 0.41318345194477635 0.9026085761584858 0.12073604798961221
vn -0.5203245220957864 0.4309125193921339 -0.7372766050383772
vn -0.8518418174213428 -0.5222671093605123 -0.04003229412010576
vn -0.47320543588667174 -0.8698048383717937 -0.13970024549843477
vn -0.7405159388438678 0.3654700773736838 -0.5639749700675186
vn -0.7951947993010791 -0.37894624215886075 -0.4733550218580073
vn -0.6163979662903151 -0.7268394703027431 -0.30291571692996005
vn -0.4606854080924241 0.2772030866110366 -0.8431651104878752
vn -0.6111511560292469 -0.44679999148231064 -0.6533483237106545
vn -0.4888607618124588 -0.83160472877942 -0.26353127069068993
vn -0.6413032925227681 0.340119506468649 -0.6877854377049426
vn -0.730977652735171 -0.40491726899130476 -0.5492846952850617
vn -0.4407470564011762 -0.8849798520648601 -0.15017554299204802
vn -0.5522393139696381 0.3105218197651704 -0.7736975762893862
vn -0.6719030134854478 -0.42457249716546924 -0.6068645113366342
vn -0.5659661885922412 -0.7400903697658108 -0.36324718574309306
vn -0.729307473849192 0.3557499950740896 0.5844249734503952
vn -0.07993065547410984 0.9135072210248373 0.39889302757877104
vn 0.39140090355835633 0.9041535856533973 0.1712063849387837
vn 0.1100671804314093 0.666623706390799 0.7372232022051893
vn -0.28129584033749566 0.06357658008063077 0.9575127511809299
vn 0.32266881063605973 0.8501729106116052 0.4160418977758157
vn -0.14264437811358088 -0.010948608825199749 0.9897134481037339
vn -0.5412582834981833 -0.6407790874650349 0.5444645365972673
vn -0.3691131282986429 -0.028050607894276068 0.9289610658764721
vn -0.5107473831035275 -0.8441379831594092 0.16299747249716298
vn -0.42885223481589574 -0.8942597006333582 -0.12800526753437885
vn -0.44800419235486877 -0.706825862178276 0.5474389867267386
vn -0.2254151895342109 -0.10925855702807556 0.9681170177428958
vn -0.43396552954897494 -0.8842275648599016 0.17267174842806907
vn -0.34754080607173726 0.6620168881516911 -0.6640399294597867
vn -0.23624045478778896 0.5461868489298403 0.8036606084521938
vn -0.324890519201687 0.4431447319261997 0.835505174788831
vn -0.1271513717608397 0.4798543219814149 -0.868085455663838
vn -0.10007770163950032 0.5382597341258016 0.836815936902122
vn 0.2226983952881363 -0.19286247013829744 -0.9556199518366302
vn 0.7512829154638377 -0.2602520533409295 -0.606500494364173
vn -0.40200325172265267 0.2570065514840884 0.8788293452648646
vn -0.36587001810994585 0.07782986534134385 0.9274058668723076
vn -0.2702939738870018 0.3082910398846517 0.9120843175974537
vn -0.2642938252540599 0.4577703870765 0.8488786996081407
vn -0.13712878511090898 0.644595026304005 0.7521256200649898
vn -0.4293267338038065 0.3984366571048546 -0.810510200994697
vn 0.020564627181434 0.8956322195486892 -0.4443197310666916
vn -0.33597627262154495 0.36262047269228725 -0.8692677015855101
vn -0.03985577884884161 0.9173000004204946 -0.39619720609932746
vn 0.23890620963532608 0.9661305746324873 -0.0975476076486829
vn 0.3507661455366465 0.9364375295686731 0.00691840738065487
vn 0.0824915258307043 0.8717167516238985 -0.4830166178346257
vn 0.2938813868104803 0.9454842219210355 -0.14033287777539122
vn -0.23952001242782014 0.3234058308308894 -0.9154446090458772
vn 0.1465038639745533 0.8454973596996673 -0.5134888826268945
vn 0.4251344126661862 0.8961031870059951 0.12751395768571877
vn -0.36667605993447916 0.24058067640424147 -0.8987044036900029
vn -0.548814073410129 -0.47123239741411677 -0.6904658865246895
vn -0.5097534073926456 -0.7601772566823083 -0.40284240352096434
vn -0.48429463091992064 -0.4979273160850802 -0.7193935629114613
vn -0.2692607970634764 0.20046803588930237 -0.9419719686654305
vn -0.4297392362444736 -0.8913205253819925 -0.1444711385183401
vn -0.16693100671076289 0.1562433870467411 -0.9735101658445553
vn -0.41659459423330514 -0.5272518390255483 -0.740577100847552
vn -0.4482393946336922 -0.7865357549050627 -0.4247857711298068
vn -0.4191738880332219 -0.9021354139475979 -0.10220052100017982
vn 0.4260342883493354 0.8933202348167629 0.14308648859203632
vn 0.2034264575379489 0.6264308908029829 0.7524639628722045
vn 0.391864065365382 0.8131933891537609 0.4303011342210653
vn 0.2794882946192889 0.5893436059551004 0.7579976301352406
vn -0.028513673638740914 -0.06667025374614 0.99736755896763
vn 0.43120894194864867 0.8558119606665123 0.28573543071111546
vn -0.1097443004644799 -0.16635419054851813 0.9799400347993287
vn -0.3714696181033452 -0.7445892119887524 0.5546144861217777
vn -0.41885653779658827 -0.9078471799654999 0.01930540270868175
vn -0.2989452175112932 -0.7787434437544608 0.5515345916047047
vn -0.00017641184027135704 -0.2180937890225617 0.9759277985940582
vn -0.1828357764736058 0.96635278108784 -0.18092368923137458
vn -0.3858565427470567 0.7718851641052461 -0.5052801419544466
vn 0.005429744629246011 0.9995362590726783 -0.029963055122215743
vn 0.13768587944319566 0.7597679461501489 -0.6354488701734692
vn -0.6128005757850177 0.07341906160449864 -0.7868196081127272
vn 0.18626377201665054 0.0683150224828433 -0.9801218622892247
vn 0.3515842909000889 0.5557894196081902 0.753317069661821
vn 0.07968253686229693 -0.1172245970867582 0.98990357467636
vn 0.45628344849297475 0.7826280565850925 0.4234368189909801
vn 0.42043975788378146 0.5251348117663641 0.7399079939166306
vn 0.18312743546151947 -0.163510265108989 0.9693960674488395
vn -0.3679679915154432 -0.9143761358995707 0.16886633565474354
vn 0.10429243525020127 -0.26533907096252835 0.9584979214220157
vn -0.2297081937600122 -0.8099024261513171 0.5397149301563955
vn -0.16272908448962245 -0.8386843204389685 0.5197382569245745
vn 0.20518312851971954 -0.3089884444835227 0.9286689533663292
vn 0.38855126812913166 0.7663199367223058 -0.5116460364521206
vn 0.5933894673129876 0.07056932339330192 -0.8018160079954879
vn 0.21359029516145842 0.816613320507419 -0.5362106587738521
vn -0.1385486894471061 0.28026265380629944 -0.949872152204674
vn 0.3545964403416062 0.9203851931113001 -0.1647800376214814
vn 0.2848913884331357 0.7845124969039425 -0.5507967311070227
vn -0.03138825283690544 0.23234473067696948 -0.9721268969175234
vn 0.4118321208896927 0.9109853437401723 -0.02236085181959987
vn -0.34711083683364546 -0.5644006119025443 -0.7489766459888317
vn -0.06199223805918367 0.10492283656633597 -0.9925463015836024
vn -0.4281505056083916 -0.8826185480956851 -0.19409184193248247
vn -0.9002012054183404 0.43402975989520737 -0.035439487703346435
vn -0.9393101060936391 0.33106582392411754 -0.08995523786751826
vn -0.9966056895199854 0.005456547226695618 -0.0821421067952204
vn -0.9611420478454933 -0.07602460561408451 -0.2653793948380212
vn -0.9999549333285881 -0.00819223276441029 -0.004797773874696506
vn -0.37132932462209495 -0.7331708418189142 -0.5697148842905929
vn -0.9998003815774058 -0.002063499525685167 0.019873071412874515
vn -0.9997474877294464 -0.009655676521407619 0.020291098776920077
vn 0.5134432280466603 0.7623987145371095 0.3938581618364511
vn -0.8360183780384091 0.5436083042851982 0.07458741914156372
vn -0.940168953731709 0.3338445939224516 0.06804502588563624
vn -0.9837649925049754 0.0915883170854611 0.15433087732251985
vn 0.3107079578548638 0.7005654006758888 -0.6423929360613265
vn -0.7633260458077211 0.6459538314815115 -0.008774701470915717
vn 0.04102995214576897 0.19924175583546985 -0.9790910405873986
vn -0.49793845222111793 0.8670490350494591 0.016830585831732605
vn -0.744643096642787 0.6514704862752542 -0.14523382572432944
vn -0.5204755061435168 0.8535188426029083 0.024715032398159104
vn -0.48139363825481785 0.8765035921983236 0.0012719713928735035
vn -0.4824427763513448 0.875888663665084 -0.008247206157209207
vn 0.4179381699524518 0.891691440192177 -0.17382192492547216
vn -0.35075989014222 0.93627153889256 -0.01905531230852715
vn -0.4515166647920035 0.8921356930081376 0.01505346059866113
vn 0.0722999365638536 0.991949997994063 0.10396114972642898
vn 0.2362383845209661 0.9642527467372165 0.120033603997621
vn 0.21637193595036547 0.9691255570607229 0.11823214446517614
vn 0.3843180531653327 0.9137026058304821 0.1320877818338829
vn 0.06343656879722558 0.9926547566754191 0.10301619187729441
vn -0.3662868059663339 0.9291115193998128 0.0508503716166588
vn 0.16422906655626188 0.9781054340323553 0.12782243001303234
vn -0.5438581224019622 0.8252656038224687 0.152167755601996
vn -0.7213972150105256 0.6782562675552387 0.13983738304578627
vn -0.7535360933594414 0.6545643107939934 0.06106487566003894
vn -0.7135211649408306 0.6720250679226374 0.19816623139438896
vn -0.5505438345632896 0.8206761328275499 0.1529449941369993
vn -0.44070675768752887 0.8628235420098715 0.24761479980422213
vn 0.28338376118237607 -0.20639834121594336 0.936532630847125
vn 0.4367483038522052 0.8835154930196742 0.16926692729657375
vn 0.4870792162343894 0.49675656701586024 0.7183221771873051
vn 0.5441176928429857 0.509629491466456 0.6664935991912208
vn 0.3671766750532996 -0.21651841304771777 0.9045999481030835
vn -0.9621981003263471 0.18984829317407334 -0.1952752962032314
vn -0.953774830393133 0.3003526394726318 -0.010092812807821726
vn -0.9480300935423065 0.3178774943314783 0.013886696356818162
vn -0.5627147700551683 0.8252730582517673 -0.047712334731533225
vn -0.5002874102478551 0.8654734434361475 0.025850064879452028
vn -0.646613706476268 0.7524256582858257 -0.12548443469277198
vn -0.623424247887801 0.7461787056277019 -0.23357985018681884
vn -0.4651068571449403 0.8456742986124204 -0.2617452809567864
vn -0.4997307068635379 0.8657926928313799 0.025927469167983705
vn -0.499161909290027 0.8661293564403785 0.025638374092566023
vn -0.5004118739599801 0.8654082518909708 0.025622528346653038
vn -0.2412438204704328 0.9702160797936952 0.021958542633416574
vn -0.17351747061857373 0.9846030162921555 0.021179889011078337
vn -0.17356371521308311 0.9845169579415067 0.024535612628040517
vn -0.1074586890518343 0.9914098449632138 -0.07455970397793779
vn 0.005414775982224215 0.9996496931357275 0.02590697231843879
vn 0.002057251308186315 0.9885329702952005 -0.15099117310758006
vn -0.28104131596119 0.9548246582679084 -0.09656940864670752
vn -0.8113662052640732 0.5844828521142661 -0.00804217257654883
vn -0.8900373015242552 0.3517842901961162 -0.2899679552409829
vn -0.7822941495721092 0.6210892760034664 -0.04758124398058838
vn -0.7723553234925543 0.6350690767056919 0.012430691247543785
vn -0.7781377027310585 0.6279702338809238 0.012453953106101106
vn -0.9157470506434444 0.40170684639871795 -0.006240896909064694
vn -0.6809911654840394 0.7322654645554894 0.006190472681711762
vn -0.7524908152411486 -0.19939434441984327 -0.62769376959716
vn -0.5381473425860911 -0.10005681445445234 0.8368907166104519
vn -0.6981457614512192 -0.3665074780972629 -0.6150323278222712
vn -0.5486038250876372 -0.2372858491303099 0.8017039783496904
vn -0.3805527577532736 -0.3256595637042241 -0.8655203331721055
vn -0.44154634219897476 -0.3237186607849651 0.8368052678791492
vn -0.4394833219251578 -0.5920354224506938 -0.6755356898885926
vn 0.24574615386808166 0.08512897157185438 -0.9655888804549085
vn 0.6010263536171685 0.5205041147576931 -0.6065004441696318
vn -0.4963841476669902 -0.0719798212847923 0.8651136822826956
vn -0.4800842208186142 -0.2551467472796826 0.8392968951888133
vn -0.7194840419476021 -0.6037190050659426 0.34331629193053137
vn -0.3965865079867576 -0.5506157284955983 0.7345348604498844
vn -0.19691620395606105 -0.4959839488868807 0.8457091291136161
vn -0.3583169800035438 -0.41371171771809656 0.8369298396304686
vn -0.3080143341468865 -0.7006685754239816 -0.6435765046778652
vn -0.2808790566629799 -0.5273949023698802 0.8018488464058416
vn -0.147724883879432 -0.769062947297038 -0.6218677848044565
vn -0.14337528937570357 -0.528377342924554 0.8368159354842747
vn -0.3750060101043355 -0.07341915918999994 -0.924110447646525
vn 0.3225181357936815 -0.06787425934520074 -0.944126653051649
vn -0.24465814309253486 -0.7718848014148445 -0.5868017095776722
vn -0.06526671180034622 -0.9663527952306498 -0.2488021934804446
vn 0.21685452769024777 -0.7454324368016763 -0.6303210261320454
vn 0.012985876440124363 -0.999502991745551 -0.028725189377531712
vn 0.6384457811920718 -0.06440845741846554 -0.7669671017006002
vn 0.42317616465797436 -0.7459607040818044 -0.5142611803657219
vn -0.42468569308936066 -0.8829056154749633 -0.20029911694260008
vn -0.9982177154185297 -0.05868800436393228 0.010821772885717559
vn -0.8447205815674117 -0.53428791658878 -0.03136178030078
vn -0.3068844153991138 -0.9404188621373405 0.1464046424176985
vn 0.3007898614816852 -0.3485959156145613 0.8876972157479566
vn -0.09700228773190556 -0.8655678410600731 0.49130730576430526
vn -0.5051183761806096 -0.8547399743718791 -0.11947804089213974
vn -0.6287377458112944 -0.7723187185353573 -0.09062363925618934
vn -0.5443865703977211 -0.8314722252342399 -0.11089274383217439
vn -0.7473955022755173 -0.6619553449366665 -0.05670171503672749
vn -0.34993514226481237 -0.9366864510608819 0.012801898573089695
vn 0.007833518230484015 -0.8452282701836304 0.5343480207453944
vn -0.8869366556627235 -0.458741243041097 0.05385016968341561
vn -0.9354751608272721 -0.35184135665032373 0.03307390550946445
vn -0.9871167889049677 -0.13238574232462852 0.0898580007072425
vn -0.8558215568483964 -0.4767235556249104 0.20075884624576243
vn -0.9326195635714233 -0.35818200991841526 0.043890744065831475
vn -0.9072128350842776 -0.4206058595948095 0.007455382811002568
vn -0.9338522015193416 -0.35653853637103966 0.028290242131798645
vn -0.9470601097405069 -0.3209888344315401 0.0065815430242646845
vn -0.9898112341286938 -0.13945256067972195 -0.028752462720621465
vn -0.9545121692662878 -0.235336450347871 -0.18309362047933228
vn -0.7708582974926544 -0.6366020521007518 0.022700494440388134
vn -0.7665747379439648 -0.641656873546296 0.025290863507097725
vn -0.9130608643990606 -0.3074379632204266 -0.2679584980434761
vn -0.770222163189555 -0.6376691859178837 0.011654555436651953
vn -0.8884647948474885 -0.45878460300172813 0.012124205753656822
vn -0.7199860135763227 -0.6936684174310933 0.02107764012211948
vn -0.5127043790694708 -0.85848493499704 0.01174036056160732
vn -0.5042869334318069 -0.8632726473570145 0.021331317239123845
vn -0.6262890040670529 -0.7679417059995323 -0.13426697125960246
vn -0.5448652448741179 -0.8119928751678599 -0.20925925452629318
vn -0.5004348285500972 -0.8653950314216051 0.025620733104929756
vn -0.49996296241058885 -0.8656675335497411 0.025627281860083867
vn -0.3586151049463999 -0.9114772197341896 -0.20150554436519721
vn -0.4992546002084207 -0.8660759684603698 0.025637102530561142
vn -0.20085232917144202 -0.9793050625424763 0.024898520941682198
vn -0.17351773472696205 -0.9846028737469198 0.021184351406897676
vn -0.17350311738604846 -0.9846271368002809 0.02015117202059769
vn -0.06572441767082478 -0.9963405744040958 -0.05464211487440149
vn -0.002057352146573941 -0.9885329812108863 -0.15099110026906362
vn -0.26952168509076596 -0.9555804191428022 -0.1192649312107304
vn -0.5868014768418307 0.7718851665178514 -0.2446575494154127
vn -0.6303213771193171 0.7454320713204895 0.2168547638242065
vn -0.12145483588145423 0.9910771923753525 0.0549064804408123
vn -0.5142612538893533 0.7459605454580289 0.4231763549255915
vn -0.19848424823493374 0.7597674967541669 -0.6191585855647322
vn -0.2488019152473658 0.9663528738242003 -0.06526660877471441
vn -0.010279198933894278 0.9995362588870166 -0.028663657118809947
vn -0.2241519524438935 0.9548246791882653 0.19510441878290946
vn -0.9241106486078078 0.07341901938854191 -0.37500554225462046
vn -0.9441265727597211 0.06787432174765752 0.3225183577043002
vn -0.7669668897277002 0.06440840003467872 0.6384460416248114
vn -0.32875037255150913 0.06831493241527013 -0.9419428127844817
vn -0.48147145511369827 0.7597678398035793 -0.4369646067027634
vn -0.6305138027892669 0.7718851160262598 0.08152123741298939
vn -0.248102414368139 0.9663527714654502 0.06787866428962776
vn -0.43744584550769944 0.7454328474405418 0.5029622274134906
vn -0.023233865930525524 0.9995362591486237 -0.0196838543252626
vn -0.2488234353520017 0.7663200535740868 -0.5923178821459274
vn -0.077729904537018 0.9910771426103749 0.1082781572429111
vn -0.23377560427490202 0.7459604851312251 0.6236119959307163
vn -0.7556779247135311 0.06831500554971535 -0.6513708115331799
vn -0.9878060946292333 0.07341891622738697 0.13729086696986822
vn -0.6563777983666882 0.06787473770521733 0.7513728806609584
vn -0.39769947346835705 0.07056942549835002 -0.9147978383161082
vn -0.4319797163459719 0.7524254331141531 0.49724188507066935
vn -0.6504643761043937 0.06480869106633955 0.7567667599606828
vn -0.2156069075515071 0.07083091706825956 -0.9739079230622089
vn -0.11926484081104191 0.955580649607448 -0.269520907986977
vn -0.09656933035817662 0.9548245753243438 0.28104162465880295
vn -0.03966532291945565 0.98387599409718 -0.17439808025600848
vn -0.13426697316984895 0.767942670599533 -0.6262878208845069
vn -0.004303486900160779 0.9997063602035148 0.023846873361942928
vn 0.08067178743979364 0.7663196342194671 -0.6373745217068304
vn 0.03147414011061544 0.9555805498330341 -0.29304469161732516
vn 0.05284785539672546 0.9838760011522469 -0.1708657910075358
vn 0.19686594554469197 0.7679416517399693 -0.6095157249880285
vn 0.11298194306765288 0.07056900720928516 -0.9910878345344339
vn 0.3002333693330193 0.07083062205862443 -0.9512323306730754
vn -0.6543015298708927 0.7454322641559734 -0.12735873571886636
vn -0.6569519662284729 0.7459601786332825 0.10935047307599916
vn -0.6227261327602421 0.7524255993638279 0.21463429595350728
vn -0.9788967560059092 0.06787438076702473 -0.19275427236925444
vn -0.9834358884842297 0.06440851963584711 0.1694266680294237
vn -0.9417021036524191 0.06480858311147415 0.3301469302169741
vn 0.2634003762952134 0.7653545750404972 -0.587241531426482
vn 0.12401694080816472 0.951074840282867 -0.28297781993206317
vn 0.40422178139037596 0.06943836204743623 -0.912021417142032
vn -0.01565036320811863 0.9997063599963907 0.018500267949979384
vn -0.06550931811842509 0.7653558115563444 -0.6402647975303566
vn -0.3753276991673121 0.7577566955775124 0.5337920086936679
vn -0.1758347610581231 0.9508884602585439 0.254741580725975
vn -0.10594450850105219 0.06943872680908698 -0.9919445671697605
vn -0.5706019585926015 0.06638475722003494 0.8185392286623312
vn -0.034087176445228795 0.9510749917610576 -0.3070739722749169
vn -0.024906596118969636 0.9508883337994813 0.3085304492490373
vn -0.33276435842897084 0.7626121069380906 0.55469870750778
vn -0.016800889457568753 0.7616339195443002 -0.6477897056244576
vn -0.11413118550823269 0.9745294714368258 0.19304502530639445
vn -0.02906836056384793 0.06766682970011939 -0.9972844281209174
vn -0.5105548561101699 0.06824592581243412 0.8571325641418179
vn -0.0007602022770427825 0.9997201907644864 -0.023642382923830856
vn -0.0023179871439416677 0.9745293831956887 0.22424787228384388
vn -0.34498992333232575 0.0644089202776654 0.9363938507849254
vn -0.12548459857436356 0.7524261945406663 0.6466130506645238
vn -0.4294224062446765 0.7679426036514797 -0.4752478874356186
vn -0.1849358932548655 0.06480888125416434 0.9806113013302511
vn -0.6736744040658631 0.0708310454500038 -0.735626100887512
vn -0.635449223554205 0.7597675238396039 -0.1376865788775173
vn -0.5116459598617461 0.766320447723647 -0.3885503611602769
vn -0.0299630979188338 0.9995362575975587 -0.00542978001148996
vn -0.5052802095884464 0.7718851167665457 0.3858565488786624
vn -0.23804708857549242 0.955580454570909 -0.17378025912855175
vn -0.1809235521170007 0.9663527650432363 0.1828359969553553
vn -0.01317689457091024 0.9910771714538398 0.1326363814061708
vn -0.12735764294337312 0.7454324733635695 0.6543015042310231
vn -0.9801217175402959 0.06831516226374583 -0.18626448241878724
vn -0.8018166986046844 0.07056964904965904 -0.5933884953988348
vn -0.7868198066767595 0.07341879522650524 0.6128003527484583
vn -0.1927536123466129 0.06787485606483111 0.9788968530144073
vn -0.05814677908730333 0.757756956201318 0.649941033794825
vn -0.37686581210789183 0.7653545897956596 -0.5217322220670072
vn -0.18305753464345279 0.9510749134606313 -0.24889043371755687
vn -0.08488519451430676 0.06638518690885435 0.9941768005296366
vn -0.587722586149309 0.06943894764920616 -0.8060771639733625
vn -0.12155054573105405 0.9838759354464458 -0.13120064207870458
vn 0.05688959736563151 0.9548245078929697 0.29167401810672927
vn 0.10935079390194848 0.7459601817097575 0.6569519093332167
vn 0.00819652039632229 0.999706360348957 0.02280373064290446
vn 0.21463370911352528 0.752426287289337 0.6227255038202263
vn 0.1694279313281244 0.06440912932894186 0.9834356309108188
vn 0.33014583302662104 0.06480874810303776 0.9417024769556867
vn -0.010833651063143714 0.7626112269403346 0.6467663786478078
vn -0.33844532969182706 0.7616338596302834 -0.5526016853706369
vn -0.012479541507513346 0.9997201905027258 -0.020094818858497267
vn -0.013587643945721413 0.06824631054094504 0.9975759705554025
vn -0.5238160504666722 0.06766631471897289 -0.8491395734070163
vn 0.13269536396414705 0.9508881711675305 0.2796491128469597
vn 0.2746134427316964 0.7577572539305543 0.5919386802589188
vn 0.4235752600431923 0.0663857099637178 0.9034251139922752
vn -0.6095157849841792 0.7679415926285913 -0.19686599037462701
vn -0.6373741603517679 0.7663199277614584 -0.08067185402327182
vn -0.9512322769002527 0.07083083110913506 -0.30023349038298497
vn -0.9910877785327293 0.07056932784078793 -0.11298223405101909
vn -0.6191584534550677 0.7597674809241601 0.1984847209366122
vn -0.941942584430224 0.06831505235448199 0.32875100191286816
vn -0.132636249324618 0.9910771866140445 -0.013177083830956188
vn -0.2916734850440912 0.9548246977689672 0.05688914353930047
vn -0.022803715748273896 0.9997063606352397 0.008196526917927348
vn 0.17377975350605337 0.9555806389769712 -0.2380467174395374
vn -0.5919387919724339 0.7577570059164258 0.27461388628907557
vn 0.3093439874727677 0.7616342153708301 -0.5694028621204044
vn 0.0111628311722724 0.9997201911021663 -0.020854992276846743
vn -0.27964881288021265 0.9508882241636409 0.13269561636167584
vn -0.19536335739263333 0.9745293842172724 0.11011647417794607
vn -0.5655325695407919 0.7626114547303711 0.3140010858303142
vn -0.9034252148031613 0.06638496355370359 0.4235751620100444
vn 0.47346755093045534 0.06766624638776933 -0.8782082653423995
vn -0.8707196838439368 0.06824638048181857 0.4870212148539791
vn 0.13120063854326242 0.983875968538746 -0.12155028168533623
vn 0.4752484168550689 0.7679419962577956 -0.42942290653892995
vn 0.24889043371755687 0.9510749134606313 -0.18305753464345279
vn 0.7356258234339534 0.07083091332013638 -0.6736747209264671
vn -0.5423021783098864 0.7691337878653899 0.3381442942948905
vn 0.3428727373358162 0.7562146153693245 -0.5572950219530665
vn -0.27070915070677193 0.9474472183619609 0.17047088942632124
vn 0.5210781106057181 0.06508068006107195 -0.8510241522603007
vn -0.14920562577362584 0.947447125692474 0.2829869701144737
vn 0.018289264349621998 0.756215038317544 -0.6540675184045949
vn -0.300574832407381 0.7691340870875227 0.5639924877188682
vn 0.14347344745853394 0.6666460683894884 -0.7314358409151145
vn 0.025754607057354974 0.06508161305997644 -0.9975475346352337
vn 0.29814403557869684 0.0177674866818226 -0.9543555157622657
vn 0.007698046664087716 0.947269518364237 -0.3203454380126924
vn 0.01227756533349089 0.9474470899602127 0.3196768260531354
vn 0.0028308042689919625 0.9982802668119961 -0.05855335550556159
vn -0.0558647350180544 0.9834145057616499 0.17255445876282802
vn -0.02200065572080145 0.8127397368602304 0.5822113802359228
vn 0.750288734870108 -0.45888782157376423 0.47590837515040413
vn 0.03789656633500355 0.9834145370349036 0.1773688208464013
vn -0.24146584344093755 0.6666428035078301 -0.7051819757924739
vn -0.46724553587404344 0.07108036974622148 0.8812656751754934
vn 0.9406882303719151 -0.06277096869255042 0.3334148447942197
vn 0.2837955678433244 0.11685101044821684 0.9517383658494154
vn -0.21919733409719372 0.017786473136280755 -0.9755184109477665
vn 0.16683863110204764 0.947269797712075 -0.27357777964322993
vn 0.03172814795890908 0.998280271010626 -0.04929325651698101
vn -0.3101595867258806 0.8127400689182745 0.4932084864808687
vn 0.41181644986301735 -0.4588868043022677 0.7872929013140364
vn -0.13465652988999183 0.9834147420860145 0.12150334977227267
vn 0.4899727794289688 0.6666424995866073 -0.5617067323466683
vn -0.8452791113053735 0.07107851769899023 0.529576310188166
vn -0.2414659522213526 0.11297938052133236 0.9638100712769355
vn 0.647887349514946 -0.06272401664419916 0.7591493134255715
vn 0.7383584432536062 0.01738915418505039 -0.6741842675358419
vn 0.00004800727372451798 0.9999996362705905 -0.000851559738555012
vn -0.00021852365204316917 0.9999998823120912 -0.000433154957795133
vn 0.5217317380823633 0.7653549369385385 -0.3768657771426876
vn -0.6499410947604801 0.7577568981834542 -0.05814685371487253
vn 0.5526017132395975 0.7616338980412123 -0.3384451977487784
vn -0.646766251916328 0.7626113372801075 -0.010833449771465236
vn 0.8060769323121443 0.06943856825170895 -0.5877229487040602
vn -0.9941767826180249 0.06638506650353707 -0.08488549845876807
vn -0.9960700928184938 0.0878889565872255 -0.010949954454972865
vn 0.994438798673773 -0.1001857118045122 -0.032469968316681384
vn 0.849753165960329 0.0660061259271427 -0.5230322631353517
vn -0.9975759837597596 0.06824614753151267 -0.013587493251318595
vn 0.02009481513447779 0.9997201905659446 -0.01247954243962506
vn 0.2812759954851703 0.9472695853772982 -0.15350617897318672
vn -0.6387191444375895 0.7691341674140006 0.021690713342022924
vn 0.5755848462922194 0.7562139859429391 -0.31119526375421347
vn -0.515210741347541 0.8127397794353167 0.2720513608191469
vn -0.9968211414812093 0.07108156214724236 0.035986433816183314
vn 0.9478175286231468 -0.30860454632569173 -0.08003228362244859
vn 0.9476600918665032 -0.0572834314927111 -0.31410023680346133
vn -0.8807334917138465 0.12458670163694598 0.45693180054441646
vn 0.9400294996280849 -0.3099954120723848 0.14229330385877126
vn 0.9968595698463604 -0.04062277530092939 0.06797637922528516
vn -0.02384687150279427 0.9997063603500922 -0.00430346315206675
vn -0.30853078018347974 0.9508882241717754 -0.024906682051617418
vn -0.22424771775507651 0.9745294188240331 -0.002317957750252036
vn -0.31967680815378957 0.9474470965153955 0.012277525530498296
vn 0.05212411916900476 0.9982802652229836 -0.02682514244481891
vn -0.06281581499896843 -0.4703185840516188 0.8802582591953885
vn -0.17736801957792586 0.983414675063481 0.037896734698285556
vn 0.6998686205716241 0.673350394858961 -0.2382921729357757
vn 0.8592358240166715 0.20807185789960617 -0.467354149095306
vn 0.8667881866035523 -0.4614515486100376 -0.18905212997986418
vn 0.9274103567733983 -0.36832767431984065 -0.06515178032544859
vn 0.8715497661481044 -0.4533723792001951 -0.1866935748908862
vn 0.22943790622009794 -0.2749095900881159 0.933693185402422
vn 0.44733017394858476 0.003031317125104554 0.8943637551866779
vn 0.8940997319380399 -0.32514447685337206 0.3080044456173838
vn 0.7664302618888951 -0.6423274900985877 0.00022164062920434057
vn 0.03145213337304265 0.002015584324995949 0.9995032269713356
vn 0.034923106267246526 -0.00004297426474035315 0.9993900013517543
vn 0.03974954460770414 0.003894479062362617 0.9992020850340101
vn 0.8545467964873278 -0.49688009074936584 -0.1511950661567622
vn 0.8540931852658024 0.3280244138044475 -0.4036394614389979
vn 0.03169721767472278 -0.36310759530046344 0.9312079040830763
vn 0.6241761445838436 -0.7597892880244133 0.18200103938110954
vn 0.9280633075400601 0.013907105279892137 -0.3721627192781913
vn 0.5832425939512422 0.04524762546301864 0.8110368234494565
vn 0.15901803708499085 -0.7045342806202642 0.691624689634865
vn 0.9615573767502135 0.26609053888029316 -0.0678471542191935
vn 0.00010661661306700707 0.9999999810730796 -0.00016274746723244341
vn 0.0007614887971527066 0.999999636269604 -0.00038418156093231816
vn -0.3111954277513038 0.7562146651932886 -0.5755838652127817
vn 0.021690917782096558 0.769134568658352 0.6387186543232484
vn -0.15350634971313756 0.94726953555367 -0.281276070097835
vn -0.026825140593931814 0.9982802656605505 -0.052124111741271406
vn 0.27205133675237264 0.8127398561746249 0.5152106330002293
vn 0.8877221495671718 -0.45889005839171276 0.0370040467664075
vn -0.47646999836748616 0.06508074021011818 -0.8767786709936497
vn 0.03598736504979343 0.07107945345731113 0.9968212582268612
vn 0.980919687158799 -0.06374512049856712 -0.18366580236099228
vn 0.721933707258029 0.1167449852024464 0.6820427631422822
vn 0.11011606012623701 0.9745295911813912 0.19536255837315739
vn 0.31400107941541017 0.7626112007319785 0.5655329156150746
vn -0.5872411732707998 0.7653549319804647 -0.26340013763988956
vn -0.5694028827201282 0.7616341833204093 -0.30934402846646514
vn -0.02085502764824235 0.999720190198016 -0.01116284606333751
vn 0.48702121658744574 0.06824632857066448 0.870719686943111
vn -0.9120214456366768 0.06943876201016817 -0.4042216483926626
vn -0.878207923747591 0.06766624017254154 -0.47346818542311503
vn 0.12150341069117848 0.9834147527232904 0.134656397236079
vn -0.5617071423100355 0.6666423121455304 -0.4899725644718842
vn 0.7872921846369466 -0.45888811477599856 -0.4118163597125712
vn -0.04929320434981161 0.9982802707452039 -0.031728237357438946
vn 0.49320955105643105 0.8127392698728239 0.3101599876729799
vn -0.674184794568188 0.017389405399446906 -0.738357956111332
vn 0.7591479961950931 -0.06272461965140257 -0.647888834571612
vn 0.9638103440658529 0.11298009235544956 0.24146453032074208
vn 0.17047107129505834 0.9474471161307336 0.27070939397640276
vn -0.557295610358754 0.7562137109316482 -0.34287377571615124
vn 0.33814459103189765 0.7691337849398151 0.5423019974331876
vn -0.2735779530389931 0.9472697193468925 -0.16683879171060306
vn -0.8510239761569527 0.06508058341081145 -0.5210784102886232
vn 0.5295763730272017 0.07107869694704091 0.8452790568632732
vn -0.17086607527849415 0.9838759481631197 -0.05284792280729761
vn -0.29304502285163453 0.9555804417392414 -0.03147433791712049
vn -0.28297812199026245 0.9510747346349177 -0.12401706178580929
vn -0.02866362547738937 0.9995362597081096 0.010279207324241408
vn -0.06526710171117628 0.9663527127501581 0.2488024115530906
vn -0.24465747713037048 0.7718854119428651 0.5868011841450184
vn 0.05490648886263849 0.9910772099066014 0.12145468901826342
vn 0.21685496026053638 0.7454322594885883 0.6303210870057729
vn 0.19510415748831214 0.9548247726897012 0.22415178158746893
vn -0.37500652175936094 0.07341939113994654 0.9241102215875471
vn 0.32251928197824636 0.06787488807638499 0.9441262163084206
vn 0.018500256782787564 0.999706360465369 0.01565034645165458
vn 0.2547416636635697 0.9508884361099541 0.1758347714938165
vn 0.4972414244700358 0.7524258298188998 0.4319795555490443
vn 0.7567665437937042 0.06480854630643601 0.6504646420215154
vn 0.42317633226117474 0.7459602074827714 0.5142617627884076
vn 0.6384460972352701 0.06440861569857179 0.7669668253248284
vn -0.000713481796262797 0.9999996362501951 -0.00046737907983152103
vn -0.7314379789744835 0.6666434983646856 -0.14347448902789797
vn 0.2829869045870751 0.9474471058629497 0.14920587597057397
vn -0.6540683833848587 0.7562142894294984 -0.01828929520118108
vn 0.5639918032359132 0.7691346058905276 0.3005747892028301
vn -0.9547827426173616 0.017891122369961765 -0.29676560134289875
vn -0.9975475782471314 0.06508090421141896 -0.02575470908993979
vn 0.17255407304120063 0.9834145751036276 0.05586470576888027
vn 0.4759103606167301 -0.4588882279207729 -0.7502872269560416
vn -0.00019424940906692363 0.9999999810735537 -0.000010957158130607425
vn -0.05855333694393594 0.9982802679172105 -0.0028307984513600165
vn 0.5822115377382757 0.8127395879009846 0.022001990432012276
vn -0.3203450101747597 0.9472696658176615 -0.007697706010837932
vn 0.33339446290259345 -0.06277102139194493 -0.9406954507061799
vn 0.942883789032879 0.12104079120810153 -0.31035348756332376
vn 0.8811179307657248 0.07189387753181403 0.46739968170353735
vn 0.193045486708893 0.9745293495342712 0.11413144596314079
vn 0.5337916123263104 0.7577573808482407 0.3753268793732902
vn 0.5546985841796209 0.762612041670732 0.3327647135859234
vn -0.6477896353802621 0.7616339666395682 0.016801462876311055
vn -0.6402661877971765 0.7653546426058409 0.06550938715448587
vn 0.8185394469384687 0.06638474813587196 0.570601646528121
vn 0.8571322161956421 0.06824623950769508 0.5105553983189339
vn -0.9972844572675573 0.06766630609287672 0.029068579468197235
vn -0.9919445465158051 0.06943869556093357 0.10594472236194544
vn -0.9739080249597334 0.07083066682441462 0.21560652948424416
vn -0.0236423959551893 0.9997201904618406 0.0007601950008552163
vn -0.30707445672256845 0.9510748365184829 0.03408714376242977
vn -0.6262892586248799 0.7679414873705329 0.1342670343242601
vn -0.17439810879112336 0.9838759869481625 0.0396653747853044
vn -0.5923186571975396 0.7663195173796825 0.2488232417172362
vn -0.26952126722499903 0.955580536106918 0.11926493838109331
vn -0.43696398651409324 0.7597679092496955 0.48147190838517007
vn -0.01968385803462804 0.9995362583399706 0.023233897576695653
vn -0.9147985194128662 0.07056909963572701 0.39769796461212925
vn -0.6513703550086098 0.06831514179052887 0.7556783059067512
vn -0.7868192981605215 -0.07341908840491387 -0.6128009705442509
vn -0.9801217788306749 -0.0683150133696327 0.18626421451824995
vn -0.8018158149937549 -0.07056909862718751 0.593389754836437
vn -0.19275362422045486 -0.06787418444657209 -0.9788968972448489
vn -0.5052800125020537 -0.771885208062134 -0.385856624331889
vn -0.6354491183949966 -0.7597676598477137 0.1376863137009282
vn -0.12778555101428252 -0.9915314506582632 0.02315675511587358
vn -0.5116460923028064 -0.7663199310997985 0.3885512056736771
vn -0.12735862882751461 -0.7454321894316838 -0.6543016358089453
vn -0.1809233095331452 -0.966352862004836 -0.182835724525149
vn -0.0031165177153793036 -0.9995029914538435 -0.03136968906680154
vn -0.23804721089248182 -0.9555804670459952 0.17378002297867237
vn -0.6563785306297615 -0.06787403910930924 -0.7513723040832045
vn -0.9878060467801627 -0.07341922257493494 -0.13729104741766326
vn -0.7556784223652531 -0.06831558112611026 0.6513701738235824
vn -0.34499103684840104 -0.06440859447407243 -0.9363934629482095
vn -0.4374464981638385 -0.7454323058951914 -0.5029624623885691
vn -0.6305139662356352 -0.771884978003749 -0.08152128012954897
vn -0.248102205306522 -0.9663528293354358 -0.06787860456313626
vn -0.4814717527382147 -0.7597677199651177 0.43696448713161806
vn -0.01838379493113593 -0.9995029912253459 -0.025608721473670944
vn -0.23377558881394978 -0.745961138996075 -0.623611219577045
vn -0.09908733353074194 -0.9915314152783409 0.0839473218744833
vn -0.2488226449071704 -0.7663205879115236 0.5923175228915124
vn -0.6736744828675141 -0.07083069729110528 0.7356260622452437
vn -0.1849358932548655 -0.06480888125416434 -0.9806113013302511
vn -0.42942302297742463 -0.7679416932795402 0.47524880121877533
vn -0.09656955147997415 -0.9548247304517301 -0.2810410216405027
vn -0.11926505098875116 -0.9555801852810267 0.2695224612364047
vn -0.12548459857436356 -0.7524261945406663 -0.6466130506645238
vn -0.032612834579957097 -0.9829940336753851 -0.18071837974942162
vn -0.0054517896420032096 -0.9996978137188659 0.023969965277802752
vn 0.16942617282046823 -0.06440830970020822 -0.9834359875482344
vn 0.3301471542727628 -0.06480853398822274 -0.9417020284824145
vn 0.10935023380657176 -0.7459601132243676 -0.656952080326059
vn 0.05688908214951307 -0.9548246678071985 -0.29167359510085705
vn 0.21463443351170344 -0.7524255518456572 -0.6227261427633086
vn 0.06211572011389399 -0.9829939995602642 -0.1728132927272894
vn -0.9419424409484191 -0.06831520705629097 -0.3287513808716096
vn -0.9910877890599252 -0.07056920193049598 0.11298222034993947
vn -0.9512323066451648 -0.07083059791771754 0.3002334511561596
vn -0.6191583789348265 -0.7597675818305635 -0.19848456714348287
vn -0.6373742874429917 -0.7663198180286777 0.08067189227378407
vn -0.6095157231999951 -0.7679416494871885 0.19686595986834068
vn 0.4235753083524313 -0.06638491843188535 -0.9034251495054445
vn 0.2746138529269547 -0.7577566980704601 -0.5919392015316831
vn 0.13269557023351727 -0.950888213954511 -0.27964886948243173
vn -0.08488519447232183 -0.06638519432660024 -0.9941768000379085
vn -0.5877233103464397 -0.06943821109815163 0.806076699399574
vn -0.01609022939421503 -0.9997196943034801 0.017367709687754838
vn -0.05814645607984622 -0.7577582331972196 -0.649939573858357
vn -0.376865829831064 -0.7653551613112664 0.5217313708796403
vn -0.18305766649011376 -0.9510748420944705 0.24889060945357575
vn -0.024906608957937025 -0.9508882665764391 -0.30853065539338465
vn -0.034087198831652205 -0.9510749331240913 0.3070741514012808
vn -0.01358764301457081 -0.06824631054180867 -0.9975759705680264
vn -0.5238166009007531 -0.06766625692184029 0.8491392384614956
vn -0.33844537144480946 -0.7616338269192778 0.5526017048832553
vn -0.010833182270059121 -0.7626125144614216 -0.6467648683630949
vn -0.1186113192478162 -0.9743993746478545 0.19099008778510657
vn -0.0002679232240802142 -0.9996639958153037 -0.025919561873735977
vn -0.007236507190505992 -0.9743173034785516 0.22506315803784013
vn -0.3976973907321517 -0.07056947080982297 0.9147987402672021
vn -0.2156069074377245 -0.07083092448146024 0.9739079225482469
vn -0.6504644253825168 -0.06480903276417431 -0.7567666883418989
vn -0.13426733067488333 -0.7679420738505222 0.6262884759626355
vn -0.4319786721473871 -0.7524267424702105 -0.4972408109009636
vn -0.9441266888699302 -0.06787412780976064 -0.3225180586224067
vn -0.7669674106853097 -0.0644088234174375 -0.6384453730842232
vn -0.9241104328770258 -0.0734192521590528 0.3750060282985347
vn -0.32875204054636004 -0.06831598275279675 0.9419421544538306
vn -0.6303212716655134 -0.7454322067973256 -0.2168546046438474
vn -0.5142610188281509 -0.745961027165241 -0.4231757914441829
vn -0.028725217285469073 -0.999502990641176 -0.012985899708839716
vn -0.5868020057394998 -0.7718845009431216 0.2446583807350328
vn -0.2241520007663463 -0.9548246946040612 -0.1951042878224493
vn -0.24880216757972604 -0.9663528103845574 0.06526658616396046
vn -0.04383808780861293 -0.9915314393486588 0.1222441280408225
vn -0.1984842082836541 -0.7597673386962135 0.6191587923242988
vn -0.10594450850105219 -0.06943872680908698 0.9919445671697605
vn -0.5706005609527105 -0.0663854842667528 -0.8185401439875265
vn -0.06550928079397117 -0.7653546186275224 0.6402662273424833
vn -0.37532666432012907 -0.7577573678526051 -0.533791781985651
vn -0.17583576290763347 -0.9508880021957344 -0.2547425990345848
vn 0.11298378294291868 -0.07056946143354466 0.9910875924482593
vn 0.3002332784786546 -0.07083106875199822 0.9512323260872753
vn -0.11860312185840159 -0.9829939325642562 -0.14020067056651164
vn 0.03147476511228032 -0.9555800472772418 0.293046263253349
vn 0.08067192855805988 -0.7663207625017923 0.6373731473017945
vn 0.007319756984151333 -0.9996931230817854 0.023666026719308536
vn 0.19686612829858866 -0.7679415478998103 0.6095157967911636
vn -0.0290684955734422 -0.06766638042240804 0.9972844546695926
vn -0.5105553972805169 -0.06824626917121229 -0.8571322144523236
vn -0.016801496665824537 -0.7616345149537206 0.6477889898269337
vn -0.3327661410438832 -0.7626104253475091 -0.5546999499964405
vn -0.013133744021460003 -0.999666947785614 -0.02221482102051042
vn 0.40422055972493476 -0.0694392040025374 0.9120218944976893
vn 0.12401701643311991 -0.9510746700515801 0.2829783589275084
vn 0.2633994211479958 -0.7653552264118116 0.5872411109101825
vn -0.9417021010954393 -0.06480877665059115 -0.33014689951821297
vn -0.9834358812820707 -0.0644085936699604 -0.16942668168979466
vn -0.622725891018537 -0.7524258337671397 -0.2146341755988405
vn -0.6569519036737315 -0.7459602348881319 -0.10935046513437131
vn -0.9788967829683717 -0.06787434870137128 0.1927541467324042
vn -0.6543016474961578 -0.7454321431420358 0.1273588397186674
vn -0.12224391324635578 -0.9915314496689854 -0.04383845334335629
vn -0.29304513172069835 -0.9555804080211571 0.0314743479824052
vn -0.02149840195678463 -0.9997467704586401 0.006649336119017726
vn 0.19510430476307852 -0.9548247045850523 -0.2241519435048102
vn -0.9120215391771782 -0.06943866028581848 0.40422145481728344
vn 0.4870202262516414 -0.06824594762987758 -0.8707202707264257
vn -0.8782079873874507 -0.06766644164913373 0.473468038587007
vn -0.5872415742164251 -0.7653544935211785 0.2634005177647827
vn 0.3140007011575161 -0.7626115210318866 -0.5655326937163057
vn 0.013756706621136183 -0.9996074613781964 -0.024406478237910496
vn -0.2829779445911944 -0.9510747989948682 0.12401697299891655
vn -0.19808099754244568 -0.9744345344225892 0.10602479208761224
vn -0.5694027504625336 -0.7616342850762637 0.3093440213776083
vn 0.7567665574212725 -0.06480886784844957 -0.6504645941301941
vn 0.14020046840476616 -0.9829939778190256 -0.11860298575758145
vn 0.4972413672190521 -0.7524260717990323 -0.4319791999659303
vn 0.2547421479531535 -0.9508882255094409 -0.17583520877150946
vn 0.5295773277389951 -0.07107865238280126 -0.8452784624727344
vn -0.5587360865876551 -0.754774690614484 0.34369921727074454
vn 0.3381444288796795 -0.769134299675244 -0.542301368503443
vn -0.2737268215295219 -0.9472109099562299 0.1669284853919077
vn 0.03598751948297792 -0.07108038813026415 -0.9968211860031434
vn 0.4869668857754615 -0.0007235844499665903 -0.8734201329163948
vn 0.9727532130491906 -0.0000034145443324584053 -0.23184302122517467
vn 0.06952272151093863 0.0005779018222828533 -0.9975802008977506
vn 0.9504524482223569 0.036629926462812996 0.3087043766380013
vn 0.9296119807075268 -0.283898919757403 -0.2349956780147428
vn 0.021690917782096558 -0.769134568658352 -0.6387186543232484
vn -0.31149360320885616 -0.7556993908775439 0.5760990937219679
vn -0.15353645594939158 -0.9472481738338121 0.28133157281579474
vn 0.236129388834989 -0.8228037975044772 -0.5169495357775516
vn -0.4764693071120417 -0.0650811268478126 0.8767790179448809
vn 0.9782143006640908 0.05435673392961186 0.20035500356309846
vn -0.45252124020562845 -1.8821967500540152e-7 0.8917536246983941
vn 0.9989625296957393 1.2453593813336496e-11 0.04553969986603993
vn 0.9611980360077906 7.930356405460439e-11 0.275859267697799
vn -0.45251182690428493 0.00000492028140417073 0.891758401411244
vn 0.9590296208734596 0.28316274460939117 -0.009002574775324217
vn -0.4221560699282257 -0.06220595973413451 0.9043863506247262
vn 0.8973435621415157 0.42806082305024107 0.10741723908538173
vn -0.014164472232714873 -0.0010704440241495348 -0.9998991058481651
vn 0.9647993056512351 -1.1629952717447949e-7 -0.26298726169699055
vn -0.45251853032328626 0.00000665714571611828 -0.8917549998008061
vn -0.19284237795925568 -0.40007495620151196 -0.8959641994429118
vn 0.9989794709093412 0.0020397187186746743 -0.04512046375250759
vn 0.010601451515936427 -0.9609229469926256 -0.2766129049208707
vn 0.0077006144131420255 -0.9472157090930083 0.3205044476837873
vn 0.8542577185290086 0.47832394525416333 0.20359261708152748
vn 0.9760309293474405 0.16779763714131457 0.13859140639651288
vn -0.3102994566154598 -0.6676185141742917 0.6767568003026356
vn 0.9395132036321304 0.3239745189853286 0.11115507747789179
vn 0.07814382052655088 -0.10980252972160895 0.9908768580304261
vn 0.9774973794198236 0.18288482362029704 0.10512856185047993
vn 0.903385342617398 0.2869459991292236 0.3186799590934109
vn -0.04232683769628981 -0.9990931730035215 -0.004611991802630483
vn -0.03242457574096497 -0.9602087487505888 -0.2773946749864663
vn -0.7930167548635785 -0.5769711901110385 -0.19552153919067622
vn -0.1615401615810315 -0.9432565934546467 0.29012372378126805
vn -0.662958451868024 -0.7484032013913692 0.01946122411109809
vn -0.014363561484646539 -0.9998887587798848 -0.004019722266297022
vn -0.02745023533685092 -0.9996231712900375 4.98392087424554e-11
vn -0.8182927404020506 -0.5742307925205968 -0.025612261252566406
vn -0.057689466351721175 -0.8244531264582166 -0.5629822090841997
vn 0.8573499234430004 0.2780694933165996 -0.4331610158577648
vn 0.9335679049321628 0.131858590562722 -0.33326307772596814
vn -0.00883421929461523 -0.9999605142127612 0.0009625927513118095
vn -0.8009794171833453 -0.5813636051200856 0.142997663933387
vn -0.011036559224115143 -0.9999250965361935 0.005291094175742319
vn 0.011889395544415827 -0.9433912229547308 0.33146891668083434
vn 0.3120383009367589 -0.915274913724109 0.2547624993122526
vn -0.8510239984621284 -0.06508065962236939 0.5210783643413421
vn -0.7049065308035861 -0.03537826650614091 0.7084173636278783
vn 0.7892423849827044 0.3655619910799655 0.49341755990688435
vn 0.7544592524731853 0.03998379731913892 0.6551278747767829
vn 0.9638106289174333 -0.1129792935993096 -0.2414637670616086
vn 0.1704510195513866 -0.947454297699002 -0.2706968852897712
vn -0.25119945779041575 -0.9423141023040504 -0.2212305697789354
vn -0.00292981340418558 -0.9999943180379428 -0.0016673587635638715
vn -0.00039467208638370053 -0.9999999130590247 -0.0001345952732249512
vn -0.7497253455353855 -0.5566700724703582 -0.3578132706841559
vn -0.17642495273151015 -0.9784233105502995 -0.10752702648858332
vn -0.6595248645200269 -0.6838251419934595 -0.31210595677984887
vn 0.6531559438676511 0.5205459165868088 0.5499265966610062
vn 0.7673404769578962 0.28719502525641505 0.5733302799346947
vn 0.6973998647802997 0.24051246396037806 0.6751201250771061
vn 0.22470154342936036 -0.942383726479861 -0.24783488141582058
vn 0.7126201277478975 0.2624995070521649 0.6505893961062851
vn -0.609870012767367 -0.6647516447527677 0.4314670535807128
vn 0.5535302863409065 -0.0619411741047404 0.8305224338053009
vn 0.7411208165634255 0.23082348744400938 0.6304446469758838
vn -0.4291341006399149 -0.12019783257439072 0.8952074646205705
vn -0.28019008378415117 -0.9436501378402522 0.1761190912510716
vn 0.0044389153570223985 -0.9999672325575677 -0.006769774118302373
vn -0.09436462765643706 -0.9029945083507405 -0.4191613471393404
vn -0.6521747724528321 -0.4936361027110722 -0.5753185763351645
vn -0.6523007086777397 -0.4944307156755598 -0.5744928657999786
vn 0.5034626760265922 -0.7819109617967117 -0.3676147190609806
vn 0.6685543077046319 0.27060943909706886 0.692680062598275
vn 0.6467058105120951 0.2881065924057932 0.7062338041061303
vn 0.1827817217318753 -0.9437501799889255 -0.27554752760930723
vn 0.8636834075732923 -0.2505540862384807 0.4373483981356124
vn -0.46536072754781493 -0.7967589440404227 -0.3855056138991478
vn -0.03497671755257785 -0.9983423485803494 -0.045707595214793416
vn -0.2773327804944299 -0.9437059087452715 0.18029333504733344
vn -0.536846635193698 -0.5677323910637975 -0.6240798205503747
vn -0.6135900080542822 -0.6353558363995485 -0.4688606009988212
vn -0.68345124807476 -0.7131992711873477 -0.15569582872668536
vn -0.6897489739865299 -0.7240485846160645 -5.340997468107771e-8
vn -0.6792778326098093 -0.7172819922760884 0.15520363939471657
vn -0.4677568089528759 -0.8414481898945844 -0.2704967863050321
vn -0.4794765626804857 -0.8673202839492123 -0.13363289598883987
vn -0.4819187886696207 -0.8762158872830399 -2.6135558079959127e-8
vn -0.47574226193752184 -0.8694294300756175 0.13327327685983217
vn 0.8185397203187017 -0.06638511121573092 -0.5706012121170588
vn -0.9977247246078855 -0.06682071919944839 0.008964674661541524
vn -0.9951712890461828 -0.05995582299345565 -0.0777136072212352
vn 0.8509015350862948 -0.09254135838532758 -0.5171099250410741
vn -0.9972844543756536 -0.06766634314956177 -0.02906859242242062
vn 0.5337919470302133 -0.7577569906780965 -0.37532719108022145
vn -0.6402661887346854 -0.7653546437265104 -0.06550936489866581
vn 0.5546994039432452 -0.762611306203234 -0.3327650325920762
vn -0.6477895367061836 -0.761634050388338 -0.016801470859505254
vn 0.9495737680982459 0 -0.31354371137003934
vn 0.9675694546701458 0.1284196057892631 -0.2175264472156129
vn -0.997549264476124 -0.06505570747571159 0.025753055507622972
vn 0.9976287667536057 0 0.06882473207852173
vn 0.8839030280235074 0.20268553528489217 0.42146650025494486
vn -0.9975807048022647 -0.000025658084210388663 0.06951788797050318
vn -0.9976336167847596 -0.0003955259377332575 0.06875325606974649
vn 0.4689882438557766 -0.000019631908970289403 0.8832044082428839
vn -0.938891037013583 0.0014263709062677724 0.3442115426327199
vn 0.4557130948322196 -0.06643019639219314 0.887644413155254
vn -0.8592909523786054 0.01262313865124517 0.5113313167906505
vn -0.9968114092472881 0.0013174951564747907 0.07978269612483864
vn 0.29670405021068563 0.12571386837513582 0.9466587188035264
vn -0.8606361255037762 -0.43777862721722266 0.26010638790628005
vn 0.027099570504142533 -0.9995043367988914 -0.016021672780935317
vn 0.2590459272006619 -0.9561533275914691 -0.13662364998970714
vn -0.6551435093325295 -0.7552831287745673 0.018285993764588785
vn 0.5590844259638208 -0.7738599326899563 -0.2975994106543248
vn -0.03557110552395086 -0.9961532879195094 -0.08008322807526454
vn -0.8607936112882563 -0.4311816200207974 0.27040112670172634
vn -0.8695592811927524 -0.4095454481848549 0.27593329332034244
vn -0.8609427014814944 -0.4060095752876037 0.30648636110033667
vn 0.24546167086997311 0.19362781809800444 0.9498720104268402
vn -0.7925609797356535 -0.6075372581787932 0.05239821872024944
vn -0.23587259076287542 0.8920565030473833 0.3854858185428912
vn -0.2126397927335254 0.44577929163701796 0.8695200639972847
vn 0.2151171596169808 0.28307950906112084 0.9346606866601574
vn -0.023277779730961436 -0.9997150168738123 -0.005294337332491087
vn -0.30707460905175904 -0.9510747871890797 -0.0340871478559915
vn -0.22496354824033407 -0.9743403302060476 -0.007233456786981064
vn 0.952516081119063 0.22587916306458616 -0.20418550120619455
vn 0.90339331260722 0.3919138244738573 -0.17402320800062382
vn 0.8771451825851392 0.003221667413633601 -0.48021448283736606
vn 0.8347827390155018 -0.30620647188480565 -0.45757554044948257
vn 0.942816688097897 0.3315010415899192 0.03469513033425828
vn 0.8068405212099022 0.5907275546634106 0.007023495932965331
vn 0.055646431498847765 -0.051419188074382415 0.9971256399066345
vn 0.36151277128928866 0.13695360382986146 0.9222538840215051
vn 0.3262440030182071 0.3279358212886903 0.886579352122735
vn 0.8403719622484952 0.5262393925657327 -0.12979625101929027
vn 0.8939113471344795 -0.03135653906651642 -0.4471456931716887
vn 0.915339565477176 -0.17219492348330784 -0.3640087748923542
vn 0.7412033678699933 0.6131443978678528 0.2732608914964737
vn 0.03430278132931183 0.002037325585429039 0.9994094098504037
vn 0.609920927599418 0.7883226387347626 0.08089424784573196
vn 0.03553684017996223 0.20626772720702838 0.9778500691327228
vn 0.017955389327647963 -0.018146174487170444 0.9996741070696858
vn -0.368194315273488 -0.8223695831307853 0.4337524811935781
vn 0.4693043446905259 0.8380956501410186 0.2781170855400647
vn 0.26335427313787557 0.19453166535109673 0.9448819809879698
vn 0.09170505441061826 0.06841561970589821 0.993433181434868
vn 0.8967505820570293 -0.197103771381503 -0.39621773923887754
vn 0.8846126788104043 -0.2719147203289931 -0.3788440224634485
vn 0.9039830150104708 -0.4122557424458906 0.11340154934111926
vn -0.3204773720957514 -0.947224872117484 0.007700364706780972
vn -0.33028644591275136 -0.943713732268532 0.017755426610495822
vn 0.3229174571532161 0.35227626099346193 0.8784223083495586
vn 0.3578576254252407 0.3306466737624993 0.8732758424775092
vn 0.28696856459835063 0.3312593464793956 0.8988416369430191
vn -0.014347738290821973 -0.9992740544475726 -0.03529173435590227
vn 0.2417202790874458 -0.9540696341322856 -0.17698146768680023
vn -0.2853736649323786 -0.4906651497872062 -0.8232919179412372
vn -0.12380830201535524 -0.4847755433307146 -0.8658314945417989
vn -0.2777393470221547 -0.9073935779646769 0.3154326390597031
vn 0.13939867659458022 0.37162973798956866 0.9178558420609872
vn 0.9164827455405986 -0.3977730865644064 -0.04284797231365212
vn 0.9463847738808796 -0.3212485863030116 -0.03398831512082554
vn 0.5278481185292405 -0.8424881005291204 -0.10765762505264348
vn 0.9686963190928537 -0.22820333185319988 -0.09772758416667691
vn 0.41669323442625217 0.47051566164216857 0.777805734443261
vn 0.7224758369507327 -0.2613214291310806 0.640109190450526
vn 0.4182233425315262 -0.9016735365986681 -0.10988206932619973
vn -0.3307909160315769 -0.9437029019213674 0.0014841752525551531
vn -0.0035219041028356707 -0.9998910984356145 -0.014331345390819325
vn -0.19285804368569504 -0.5634909966205129 -0.8032955070914736
vn -0.0037962766016482056 -0.9997214583376263 -0.02329364770175765
vn -0.022120159107355472 -0.9720713490929457 -0.23364073025413573
vn -0.10165234770658572 -0.6102263996805253 -0.7856783956166055
vn -0.02124400100177777 -0.9993523527842278 -0.029044231889732864
vn -0.4081796526530261 -0.517809584910315 -0.751839480830225
vn -0.4068638095105639 -0.721053244240604 -0.5608422768307071
vn -0.3491712741356067 -0.6111742140355275 -0.71031366410662
vn -0.23474215258723863 -0.7078319874718458 -0.6662356935127136
vn -0.12064463848463566 -0.7605239877076304 -0.6380032408430193
vn -0.4447409127871612 -0.7948562351450726 -0.4128063540502298
vn -0.2969495929330045 -0.923742168009888 -0.24191185646287533
vn -0.2664732583808159 -0.8149037204530034 -0.5147076150201823
vn -0.2858831064904203 -0.8827131626769423 -0.37294546767625036
vn -0.30212122301739036 -0.9458305270927241 -0.11885865817001304
vn -0.3026503670392859 -0.9531016500515468 6.773964962833922e-8
vn -0.29889888137954945 -0.9468813122004381 0.11863911376789162
vn -0.13374373305527643 -0.8631757490535047 -0.4868677850447286
vn -0.1411776705312885 -0.9260977000051742 -0.3498741422118606
vn -0.1449977152358897 -0.9633197140933303 -0.2258114058578893
vn -0.1463555361264975 -0.9830221899183302 -0.11066811272130589
vn -0.1457972517874774 -0.9893144906303649 2.7019392784472726e-8
vn -0.1434505396102661 -0.9834618316529662 0.11056567445331322
vn -0.4672449928512758 -0.07108044033403114 -0.881265957391599
vn 0.025754754051000812 -0.06508073349894489 0.9975475882237457
vn 0.9400075815002777 0.05414519912724107 -0.3368293991525536
vn 0.069522739659701 -0.000025126177641169193 0.9975803667068055
vn 0.32869286132217085 0.0000051031398783096875 0.9444368707805739
vn 0.8832173496096036 -0.0014962535603296023 -0.4689614851710855
vn 0.5222346218113643 0.018020909388199266 0.852611427677558
vn 0.08608762717107872 -0.05841620873885677 0.9945735101060312
vn 0.8990819270263966 0.34382113110983914 -0.2709957901828959
vn -0.3005748696215007 -0.7691341060534017 -0.5639924420215686
vn 0.01828465584588121 -0.7549485456243717 0.6555290724447265
vn -0.08851952148876091 -0.98182595254375 -0.16787523113002323
vn 0.831818463043411 0.4613889464810195 -0.3085421925851184
vn 0.0911342963608169 -0.6656980623605807 0.7406352879766039
vn 0.5503194792534172 -0.16245099501766436 0.8189982570018194
vn 0.899674226893019 0.3235575819240869 -0.29308151876890187
vn 0.8898572172610454 0.20947736141297119 -0.4053065111047297
vn -0.8701096000278433 -0.4751116536863562 0.13106563420974404
vn -0.10596667890314908 -0.9854682605015126 -0.13275304330357132
vn 0.4734686080202635 -0.06766624838981432 0.8782076952795405
vn -0.9034250509089609 -0.06638524777209372 -0.42357546702846127
vn -0.8707197955858279 -0.06824626068723896 -0.4870210318632898
vn 0.10598640411155925 -0.974453175800549 0.19800982378590629
vn 0.3093440928661647 -0.7616341951262819 0.5694028319416321
vn -0.5919387968169387 -0.7577570121180085 -0.2746138587342291
vn -0.5655329773254514 -0.7626112035715219 -0.31400096137528843
vn -0.02524385346360314 -0.9995800580913518 -0.014228679784086158
vn -0.24146259382284083 -0.11297912408553133 -0.9638109427191682
vn 0.6552039385918164 0.038915295160248546 -0.7544490696238961
vn 0.5072209783646164 0.2906498879539514 -0.8113257802752213
vn 0.7067167277957619 -0.03621590568974792 0.7065690870882495
vn -0.020647366877156417 -0.9997665002627167 0.006374260229954162
vn -0.3037070303167845 -0.9367055201934655 0.17419761242694676
vn -0.7723638970575166 -0.5791924565231158 0.26074913006344685
vn -0.6389650469991318 -0.7107272485583165 0.29426254751517783
vn -0.16442023662771116 -0.9797030952542229 0.11466399145582822
vn -0.3531067041232735 -0.7952754425203642 -0.4928007975107567
vn 0.6872648633575086 0.24182395766561804 -0.6849731243582645
vn 0.6869614700217028 0.2438649528034057 -0.6845537404030554
vn 0.5582487018392036 0.3909469268768661 -0.7317915599816509
vn 0.6702970708197219 0.36036684280170744 -0.6487199514887994
vn -0.23790995752217564 -0.9430384626239348 -0.23254528617816025
vn 0.6947718081120947 0.22961608465520725 -0.6815926850548378
vn 0.23883739125373218 -0.949582875234762 0.20309865484535844
vn 0.07684251106283328 -0.9900477767279124 0.11790092573714685
vn -0.02175715219761445 -0.9995796206652672 0.01916267932545567
vn -0.025867959923081857 -0.9216290868630402 0.38720882595495726
vn -0.3185788410705195 -0.7918249412622435 0.5210765629129842
vn -0.09554320598073139 -0.9946361805428722 -0.03962782035402023
vn 0.6389821421945225 0.24425035181315677 -0.7294131803001973
vn 0.659351594165297 0.22637075421630778 -0.7169461325003582
vn 0.18047516162613642 -0.9437124193065776 0.2771923261610003
vn 0.3507756185508379 0.9354583334843484 -0.04329170526743607
vn 0.4815461080067978 -0.5257958814046974 0.7011790334581908
vn 0.8234396333524138 -0.12736846130174076 -0.5529235438015542
vn -0.6077465816579571 -0.6817249437584056 0.407302336772902
vn -0.10005242293411437 -0.9863512433104997 0.1307697881195981
vn -0.6184771084398164 -0.6421229863676237 0.45295047931782567
vn -0.5207958906562421 -0.6171005473785749 0.5898801189230187
vn -0.8452787022694769 -0.07107845878358862 -0.5295769709745496
vn 0.5210780560677813 -0.06508100851943466 0.8510241605352433
vn -0.5423017714799172 -0.7691338622237033 -0.3381447776183939
vn 0.3431914669658577 -0.7559175321505601 0.557501839987304
vn 0.16683912517021549 -0.9472696321264197 0.2735780516845504
vn -0.2703239000386322 -0.9476037539824433 -0.17021196933907012
vn -0.4603531561569316 -0.8459769308979795 0.26906877188701556
vn -0.17281349014267317 -0.9829939610035432 -0.062115781048564155
vn -0.29167389862070675 -0.954824566591701 -0.05688922478262634
vn -0.2796493219184152 -0.9508880535060351 -0.13269576651149917
vn -0.612801444350413 -0.07341964683532755 0.7868188770362742
vn 0.18626442099502677 -0.06831546707035567 0.9801217079681209
vn -0.03136968534681614 -0.9995029916228653 0.003116500952100399
vn -0.18283590215752035 -0.9663527365505858 0.18092380010225256
vn -0.3858566947417572 -0.7718848124448736 0.5052805630933261
vn 0.023156731716214646 -0.9915314653929158 0.12778544092344926
vn 0.13768594018573768 -0.7597684292663673 0.6354482793786498
vn 0.1737803652531871 -0.9555804049548531 0.23804721027306366
vn 0.7356258449263043 -0.07083045516502792 0.673674745628464
vn 0.017070097907053626 -0.9997292195120547 0.015814531648508722
vn 0.2488900681362633 -0.9510750618824412 0.18305726057285143
vn 0.4752480978120057 -0.7679421892631232 0.42942291447456765
vn 0.5933901669528058 -0.07056909801874808 0.8018155100573583
vn 0.38855094255791855 -0.7663202987962952 0.5116457413974145
vn -0.39285451075215183 -0.7328042965622735 0.5555746541389005
vn -0.8737959652736482 -0.00039741820869260657 -0.4862925591968898
vn 0.3959377378659979 0.015730719896701457 -0.9181426099387217
vn -0.7632954095723917 -0.0006290278959047214 -0.6460493185892398
vn 0.46302277165530314 0.0008983808863710742 -0.8863459289918489
vn -0.9973794435109172 0.00021686866702825427 -0.07234776174723322
vn -0.9975795940574658 0.0005895949549576476 -0.06953133033338856
vn 0.010435428648397336 -0.21384482450515405 -0.9768119024977553
vn -0.795405038309981 -0.40903428611360526 -0.44723794317413473
vn -0.8443568155158829 -0.4204877816523213 -0.33204155398532137
vn 0.4684291809692299 0.1627242277448148 -0.8683863933303826
vn -0.9968211449225878 -0.07108152513973878 -0.03598641158867985
vn -0.026984737905434174 -0.9988253608803545 0.04024577471492517
vn -0.46084634344799563 -0.5351505977220778 0.7079791561114742
vn -0.01876381985526653 -0.9988891559994285 0.043224681504768915
vn -0.8774176806872767 -0.4328951523231672 -0.20673654904845037
vn 0.42195558618664225 0.2718376521849957 -0.8649033322518976
vn -0.8044804121368816 -0.40211345679468613 -0.4371681991553153
vn -0.4627893640201922 -0.8750917453739906 -0.14156426713012293
vn 0.03749108626075969 -0.012531218846508138 -0.9992183880439797
vn -0.331680899737652 -0.6365665309447642 0.6962548616923045
vn 0.281490004310957 -0.9471867293422261 0.15362511914069876
vn -0.6386489361287453 -0.7691926467527003 -0.02168429300662874
vn 0.5775757461893507 -0.7542158404306438 0.3123535232029763
vn 0.1998615620731697 0.03510301289180363 -0.9791951462765685
vn 0.06658733458044243 -0.00223786820260014 -0.9977780909698208
vn 0.8917543484290534 2.3672213500149592e-7 0.4525198139947226
vn 0.9998973101076122 -0.001066360515731948 0.014290980190732527
vn 0.1688443311824649 0.4030988010336565 -0.8994459118995287
vn 0.04968430809632216 0.114403820669144 -0.9921911284350875
vn 0.1929567284881972 0.28859224581203224 -0.9378071318711005
vn 0.0365388274602623 0.00009140343723943649 -0.9993322299081725
vn 0.8954222953222335 -0.000026436497594436726 0.44521782572239216
vn 0.0216175193306385 0.05468562767839387 -0.9982695853242297
vn 0.832614711936849 -0.43962782202627493 0.3368681041101277
vn 0.8916810680525236 -0.09208657519793581 0.44319852836514007
vn 0.8743444264598801 -0.45650334103191886 0.16470131616122236
vn 0.8769450779343502 -0.06425157931213711 0.476276248455256
vn 0.1583249086099523 0.3353436811426973 -0.9286968498015461
vn 0.00833260908307924 0.45367445910716026 -0.891128527643288
vn -0.25069152639748743 -0.8724711900536686 -0.41946129871399723
vn 0.14200730708973053 0.3697146199983454 -0.9182292875380321
vn 0.3873841815711967 -0.1410940755897651 -0.9110576039427386
vn -0.0074497397731653064 -0.9998043394949009 0.018324412800343755
vn 0.0014902272896565036 -0.9999612527128489 0.008675960786862703
vn 0.2871869830020211 -0.9427116007624997 0.1697600500176704
vn -0.2761520231418287 -0.5368040963563868 0.7972336058205761
vn -0.12329400268278617 -0.5119577620302034 0.8501163677988343
vn -0.31466916272016104 -0.9398100396592933 -0.13319312065039424
vn -0.3079783012482583 -0.820658919551785 0.4813193365327575
vn 0.2624231302217424 0.24807039123692282 -0.9325208746811957
vn 0.9434405707103579 -0.3301925708822548 -0.02987901725093151
vn 0.42662860692897575 -0.0000613490538153957 -0.9044269058282903
vn 0.6251048995409498 -0.7183123177686199 0.3054034687291094
vn 0.8515177926840292 -0.4227736871288417 0.31012877682343987
vn 0.8055446885990521 -0.43915472208865736 0.3977950285474798
vn -0.03657445722121265 -0.99414576134087 0.10166864947935389
vn -0.2180763057083163 -0.7179327080474993 0.6610713664985023
vn -0.17038051871242188 -0.5911906987884487 0.788329903345872
vn -0.31978760015415353 -0.9474098336946603 -0.012267754737669079
vn -0.02569167885345439 -0.9817021529616217 0.18868179697100537
vn -0.015047360875692231 -0.9708921140855382 0.23904409580073457
vn -0.1042311644099793 -0.7651411335356507 0.6353699002451403
vn -0.07885531369270897 -0.6213732387956249 0.7795364889542117
vn -0.29044794882856484 -0.9260382603355082 0.24102516344992939
vn -0.43384459095888456 -0.8024669789662705 0.4096652518391878
vn -0.2760096786300539 -0.8866946690470014 0.370932906583068
vn -0.2531604701953724 -0.8213507918585116 0.5111679303749932
vn -0.13908348706157295 -0.9642890503585175 0.2253939018373428
vn -0.13204891627783133 -0.9278061738708586 0.3489108588693798
vn -0.12111393580958592 -0.8660143174130372 0.4851294843527269
vn 0.806076762154927 -0.0694384721398844 0.587723193434382
vn 0.8491391752017202 -0.06766660680786696 0.523816658250625
vn -0.99757597966396 -0.06824620685595459 0.01358749598949939
vn -0.994176788575166 -0.06638501474725533 0.08488546916508297
vn 0.19156495744692048 -0.9742430203352506 0.11896808146056616
vn 0.5217320322444422 -0.7653547524604936 0.3768657445513201
vn 0.5526013421704576 -0.7616342371433987 0.33844504050495644
vn -0.6467661878327702 -0.7626113916036024 0.010833451559087805
vn -0.6499412570310342 -0.7577567596864817 0.05814684478424194
vn -0.9806113371539033 -0.06480866010433892 0.1849357808016449
vn -0.02738750363093059 -0.9996248518834098 0.0002830935128216183
vn -0.30853098637074333 -0.9508881570810025 0.024906689306113332
vn -0.9363938974114214 -0.0644084276466671 0.3449898887485435
vn -0.7513726740566682 -0.06787437756693603 0.6563780721130416
vn -0.6466137653227076 -0.7524255977989053 0.1254844941502756
vn -0.1807185378259104 -0.9829940019296945 0.03261291548311405
vn -0.6236124727325114 -0.745960067856396 0.23377566386628834
vn -0.28104146798459584 -0.9548246088957024 0.09656945438508234
vn -0.5029622906720084 -0.7454324356233798 0.43744647453438457
vn -0.02560869168387859 -0.9995029917143616 0.01838380984129119
vn -0.02732118493570408 0.7887050167930827 -0.6141644318414509
vn 0.024253256094847922 0.5974793901070324 0.8015174096463072
vn 0.147724883879432 0.769062947297038 -0.6218677848044565
vn 0.14337527929628202 0.5283773010893448 0.8368159636265629
vn 0.2808790887089308 0.5273949661872929 0.8018487932062658
vn 0.30801436112177794 0.7006685689921645 -0.643576498770127
vn 0.3583169584454671 0.41371169743455577 0.8369298588867576
vn -0.048782474149929735 -0.2534812033401876 -0.9661094916048708
vn 0.15025659303273806 -0.780756136582005 -0.6065004628520373
vn 0.018015095546453374 0.6325498672715306 0.7743100940496779
vn 0.19691624081229978 0.495984085863268 0.8457090401992464
vn 0.4892774789523821 0.5842080079491397 0.6475403864147
vn 0.5682064337995655 0.31727943065478775 0.7592596469404611
vn 0.6258286404009763 0.09695010889889115 0.7739116159086635
vn -0.24574615386808166 -0.08512897157185438 -0.9655888804549085
vn -0.6010263536171685 -0.5205041147576931 -0.6065004441696318
vn 0.17350324746583687 0.9846271139263537 0.020151169689819576
vn 0.17351769136258147 0.9846028813454816 0.021184353433030698
vn 0.013139006452707153 0.9998540107959488 -0.010923534441315087
vn 0.20085224337130012 0.9793050801284386 0.024898521388799714
vn 0.49925506491883914 0.8660757010996442 0.025637084811763914
vn 0.35861500540105323 0.9114772535705289 -0.20150556847077092
vn 0.499961713883436 0.8656682542949449 0.025627293198465115
vn 0.500434572471873 0.8653951796969532 0.025620726612874404
vn 0.26952147915157376 0.9555804882389055 -0.11926484298838008
vn 0.5042869334919169 0.8632726474599148 0.021331311653731175
vn 0.5127043089315579 0.8584849769645182 0.011740354732471769
vn 0.5448652516701251 0.8119928852957023 -0.20925919753170172
vn 0.6262890040670529 0.7679417059995323 -0.13426697125960246
vn 0.652414324010305 0.7577379370410522 0.013739308386791233
vn 0.7703011544800009 0.6375785993908271 0.011386878659619744
vn 0.913060891044088 0.30743789251790543 -0.2679584883707263
vn 0.7708582974600602 0.6366020520738344 0.02270049630207346
vn 0.766186951307212 0.6420989621848271 0.02581624309863499
vn 0.8710888488565405 0.4910605771378905 0.007982917937024414
vn 0.9985128546155502 0.05362422340767865 0.009824552479817918
vn 0.9997539507219914 0.011913729816032542 0.01871098761799525
vn 0.9997027963824079 0.0006749322537599354 0.024369312088084755
vn 0.3617774023151262 0.6813308734187657 -0.6363217363099749
vn 0.4313641531172365 0.8758689847700692 -0.21628335331989204
vn 0.8739635239504109 0.48594557633939545 -0.006682487587129534
vn 0.7599701999461771 0.6487641435312124 -0.03937488110433305
vn 0.5416122182200164 0.8359041969472184 -0.08899650892489883
vn 0.7775603636228089 0.6278651440220445 -0.034427341531729945
vn 0.9123438830163959 0.409217517117627 0.013025467617302212
vn 0.9325581120519334 0.3598243268191447 0.029356796066376232
vn 0.6760341593733241 0.7285111620501202 0.11067656540020691
vn 0.3523616853992167 0.9347908068530273 0.04480390703598966
vn 0.9545121759608279 0.23533642219609793 -0.18309362176347263
vn 0.9197976004265641 0.38805460976739387 0.05818929530257634
vn 0.8995745801420613 0.4215489338843407 0.11428941815938236
vn -1.1047966441779091e-7 0.8358018062676493 0.5490312747373527
vn 0.42419863497191534 0.6917854073764427 0.5843701465928705
vn 0.913848098602073 0.23929570523886654 0.32805368178944366
vn 0.9643373507603942 0.259964406981607 -0.04971902081825563
vn 0.9910624300345362 0.08041526598790143 -0.10643610651529262
vn 0.09348478895270258 0.8538416607595214 0.5120693435325835
vn 0.3086959464391502 0.934989703730986 0.17464554551742853
vn -0.3148840001126195 0.3302303182614229 0.8898291989893539
vn -0.42317616465797436 0.7459607040818044 -0.5142611803657219
vn -0.6396722624726497 0.08105617547650085 -0.7643620170051912
vn -0.054906388086173964 0.9910772064116302 -0.12145476309576873
vn -0.2168545262023702 0.7454324912917758 -0.6303209622026561
vn 0.06526667019095636 0.9663528410424725 -0.24880202646145552
vn 0.24465811507410773 0.7718848070429503 -0.5868017138562667
vn -0.30648670132558536 0.08048320701369116 -0.948466317430067
vn 0.4394833219251578 0.5920354224506938 -0.6755356898885926
vn 0.44154634219897476 0.3237186607849651 0.8368052678791492
vn 0.3805527991785383 0.32565960345292644 -0.86552030000241
vn 0.5486037853617441 0.23728584282724158 0.8017040073995707
vn 0.6981457358580446 0.36650746466154444 -0.6150323648805778
vn 0.7524908152411486 0.19939434441984327 -0.62769376959716
vn 0.5381473429872698 0.10005680707846207 0.8368907172343384
vn 0.3884666267800411 0.07618437714765265 -0.9183080205229401
vn 0 0 -1
vn -0.01801512704892338 -0.6325498019612757 0.7743101466700288
vn 0.23759368095219402 -0.7014427194860174 0.6719578513951953
vn 0.33137479967571243 -0.4028143054699572 0.8531889459250146
vn 0.5693404205734754 -0.11100191871068775 0.8145735445886785
vn 0.5469422915659026 -0.34205904473042775 0.7641006083067506
vn 0.048782477866354756 0.25348120329412277 -0.9661094914293008
vn -0.1502565714755565 0.780756161600952 -0.6065004359854651
vn -0.22269838176599868 0.19286245643140565 -0.9556199577541531
vn -0.7512829154638377 0.2602520533409295 -0.606500494364173
vn 0.02732118493570408 -0.7887050167930827 -0.6141644318414509
vn -0.024253256958568125 -0.5974793517801491 0.801517438190383
vn 0.12715138278436058 -0.47985436695230116 -0.8680854291904866
vn 0.10007770485027116 -0.5382596917900245 0.8368159637495033
vn 0.3535438204863487 -0.48222735863723093 0.8015382346324321
vn 0.2173317734241453 -0.502470090746653 0.8368337398583822
vn 0.34754081856068664 -0.6620169147767687 -0.6640398963794394
vn 0.7591893111252337 -0.6476588278515112 -0.06457269220963087
vn 0.7649504085055628 -0.6440435764784976 0.007664471538061826
vn 0.463066882024835 -0.8861767170153676 0.016121072906682837
vn -0.37371162382202927 -0.9216055471818815 0.10479903446066124
vn -0.31211706568461467 -0.944615947182876 0.10140833119731206
vn 0.4791565819646053 -0.8776751727672387 0.009760177662016431
vn 0.4979794018054592 -0.8669013368180364 0.022329075228919353
vn 0.404048112541979 -0.9147112313550767 -0.006963187786040537
vn 0.48723680472665326 -0.8732695703502436 -0.0007440564910340354
vn 0.4985389501201569 -0.8666609681705811 0.018912468446036394
vn -0.30197569094969784 -0.6883127545094225 -0.6595727663079366
vn -0.4183438366505009 -0.8853782897594403 -0.20271585621057733
vn 0.6050415569759533 -0.7959339532715514 0.020343459922886525
vn -0.01965385456939958 -0.18018163445196597 -0.9834369855800539
vn -0.3662852739618971 -0.9246262550986345 0.10440970482159792
vn 0.7942902602589691 -0.22091275889659417 0.5659510008953378
vn 0.46168255367799593 0.22199967292854159 0.8588162579090972
vn 0.9713947817942226 -0.06198490812262857 -0.2292379747510959
vn 0.550105135594163 -0.6618626486113707 0.509236854681659
vn -0.002025286707766313 -0.48563636325621434 0.8741585788042292
vn 0.9946508117413656 0.08417568110224852 -0.05986833397728005
vn -0.005415042332667646 -0.9996496916939269 0.025906972281073012
vn 0.17356371521308311 -0.9845169579415067 0.024535612628040517
vn 0.17351751396926626 -0.9846030086159079 0.021179890708599033
vn 0.02513503115204641 -0.9995319319648248 -0.017439816273416696
vn 0.24124391856582114 -0.9702160551314746 0.021958554600126717
vn 0.5107390899432793 -0.859647157980446 0.012342843272637901
vn 0.49973300495970574 -0.8657911488579317 0.025934731793590616
vn 0.49916206920041495 -0.8661292640349272 0.02563838243485191
vn 0.4667128888006945 -0.8445166886561565 -0.262622622804188
vn 0.2810414952307927 -0.9548246002113938 -0.09656946095734546
vn -0.3530517545605966 -0.9298388433266715 0.1037023820488319
vn -0.3662850878391886 -0.9246262962534976 0.10440999331087542
vn -0.432505277073185 -0.8951780740038415 0.10768194429253444
vn 0.5135945784570787 -0.8579660236454841 0.01071966648044018
vn -0.3601644242154686 -0.9304844491562145 0.06693487437798193
vn 0.48847000806987584 -0.8723127666223851 0.021621480148584324
vn -0.055901452376259396 -0.9944307711121058 -0.08934466457269598
vn 0.5314306636985391 -0.8230079443746838 -0.2005975403066738
vn -0.32895570556037146 -0.9427707665975678 0.054510782679325215
vn -0.3394482935742617 -0.8849947803258825 0.3186833770146552
vn -0.38143703038793486 -0.9197170661421074 0.09287793115583605
vn -0.35695869458769114 -0.8653943119166633 0.35167197110451737
vn -0.19957326290732386 -0.9021480651547158 0.38249102116275485
vn 0.646613706476268 -0.7524256582858257 -0.12548443469277198
vn 0.9998288480008951 0.002681272497465543 0.018305340286308192
vn 0.999240201053817 -0.007597013235703316 -0.03822703216081558
vn 0.655569925426449 0.20935737057196016 -0.7255326073055264
vn 0.955497147512214 -0.2921458190404383 -0.04093924172739006
vn 0.9103937253245374 -0.41367480632270115 -0.007511291738887039
vn 0.0835846083970796 -0.08642451646033145 -0.992745897092355
vn 0.43753207193556065 0.8766368720448314 -0.20018361720987454
vn 0.36518722681037885 0.5731694087916689 -0.7335633021082459
vn 0.05216481135788325 -0.21342281881380828 -0.9755662626728975
vn -0.27631428854717904 -0.7719386820757785 -0.5725042227440567
vn -0.4151000297354363 -0.9081042227012375 -0.05512427800725669
vn 0.1565132316264492 -0.2614600404060507 -0.952440158538431
vn -0.2068910155632691 -0.8041177407213088 -0.5573067079593222
vn -0.35545039752196184 -0.9144901185215812 -0.19329469218750805
vn 0.9585343391179095 0.0010616397254607866 0.2849750754941311
vn 0.029212926130085817 0.1624794632815581 0.9862793868669542
vn 0.9777551092482145 -0.17577422794159528 -0.11444809797697846
vn 0.978706279525917 -0.20013293199966628 -0.045616093056667015
vn -0.376359677230095 0.1981174529726949 0.9050430200730077
vn 0.969398434882202 -0.16767597128463085 -0.1793082348964842
vn -0.5213946121917313 -0.7705780890168782 0.36654749638284295
vn -0.5505858594006604 -0.5490125352159541 0.6288405581733632
vn -0.29988244472553266 0.18808943219275573 0.9352501723297592
vn -0.44552263865006536 -0.8835920144527886 0.1441344179769235
vn -0.5034788062796399 -0.5088174749034008 0.6982935406117945
vn 0.46139008165769213 0.7912743749195953 -0.40125310733190805
vn 0.43482996245103517 0.5396644027429948 -0.7208919726053814
vn 0.18651448534112322 -0.13738586261864227 -0.9727987826423653
vn 0.500755242300035 0.5100120222968572 -0.6993796711527318
vn 0.28613827227283073 -0.18206264457062923 -0.9407327370686469
vn 0.4372552851526573 0.8917871550921651 -0.1162905224800842
vn 0.2548150682518433 -0.3051608162095645 -0.9175762405610342
vn -0.22136819166985527 0.29049664479040477 0.9309177316403076
vn 0.15764753123030495 0.8267204553073788 0.5400745732520189
vn 0.42358015752354455 0.9034841993485977 -0.06554503550805531
vn -0.7035817678175557 0.005370323679230213 -0.710594016030464
vn 0.4137242500093823 0.9103097459727502 -0.012977339527096336
vn 0.24327171063976763 0.8638265209294063 0.44116053375318953
vn -0.6897580603965723 0.08999510083772229 -0.7184251526381623
vn -0.703566420309435 0.005365868475541096 -0.7106092454144336
vn -0.5622847782751655 0.022383304736676456 -0.8266406811844631
vn -0.4916270922813734 0.05445128998104437 -0.8691017542004861
vn -0.46924450756048025 -0.7874048908436524 0.39975383675434334
vn 0.5217207623371094 0.7643959453618956 -0.37882223385207897
vn 0.5635997758080626 0.48270375436429286 -0.6703375106852654
vn 0.38099745410711466 -0.22305617026064567 -0.8972663399863782
vn 0.4725878922533104 -0.26099896915915527 -0.8417483128545208
vn 0.5003678154375825 0.8314466396259383 -0.24151301151067675
vn 0.6243534119908692 0.4573608958154825 -0.6332486304084828
vn 0.35043490306371433 0.8266350118969726 -0.44030663840194056
vn 0.4347937458538479 0.8862670172880263 -0.15964076119138512
vn 0.44285314724269054 0.8813474068671827 -0.16464458201148502
vn 0.49007760583591997 0.8563973151240082 -0.16250408889170376
vn -0.432445291823492 -0.8961266364576287 0.09974026774994885
vn -0.14158588340930417 -0.8333667336061662 -0.5342783216056928
vn -0.2959258304271322 -0.9402509477632961 -0.16839257144017877
vn 0.3487501702836455 -0.3453603349625452 -0.8712631966069074
vn -0.0792510984095307 -0.8602319062986393 -0.5037065919627136
vn -0.4419415544157444 -0.8570641780260276 0.26481815879045195
vn 0.4397130925792273 -0.3826088027980396 -0.812565628263873
vn -0.35337448314945824 -0.9351460389196972 -0.02506712092868603
vn -0.01890610753162661 -0.8850842882494718 -0.46504662324537777
vn 0.5284417355126979 -0.4170083469489741 -0.7394953486961308
vn -0.2419727489131547 -0.9621389089074717 -0.12545082203697058
vn 0.04001814229625694 -0.9080096120113058 -0.4170336830308006
vn -0.41968774635254713 -0.9029446209756619 0.09248354995694294
vn -0.43374434969531095 -0.8935035643487784 0.11626357814647044
vn 0.48316808686959406 -0.2573248102798267 0.8368587347009218
vn 0.7130360181643198 -0.13696299828225436 -0.6876196433362758
vn 0.5470556142872064 -0.02220642429994348 0.8368016668223468
vn 0.5769950851596228 -0.1565677253839016 0.801600411096296
vn 0.7566246996231243 0.026209905777692468 -0.6533238896285224
vn 0.4635494307419147 -0.20377662584617628 -0.8623207129702929
vn 0.41385569293955493 -0.358441643293048 0.8368052663403237
vn 0.6315010196374605 -0.4687796537832317 -0.6176180845763191
vn 0.5022859088847169 -0.5869512688312157 -0.6349780104486136
vn 0.6836034057763958 0.4338957964256521 -0.5868737696089862
vn 0.561844470849132 -0.29611742640498817 -0.7724281587018595
vn 0.6471427080866243 -0.023876572019872918 -0.7619948980661814
vn 0.5768871410577545 0.7431420220761652 -0.33902973543150855
vn 0.8622247167370088 -0.17701337124745703 -0.4745890898950319
vn 0.8878102122234715 0.06665601445954975 -0.45535700588448524
vn 0.8878093425559145 0.06665753621009234 -0.45535847871411717
vn 0.9374155077710574 -0.041137540042080506 -0.3457743029630989
vn 0.4386646800174768 0.8941596853633579 -0.08973157513420488
vn 0.44936454950286364 0.8847183117915687 -0.1238749790343684
vn 0.7412525962145019 0.41263359510519054 -0.529412981325379
vn 0.6487209753319715 -0.328054545105766 -0.6866886569616426
vn 0.6264874216327568 0.7280128455540579 -0.278407627848491
vn 0.5115467922622423 0.8370300558589042 0.1941663331142913
vn 0.5320198005183836 0.6257947164110867 0.5703822444364365
vn 0.348347941156499 0.007314141098570043 0.9373367672464464
vn 0.8046890120348349 0.3837420150855992 -0.45300955814248006
vn 0.7468406329392776 -0.35709484318404006 -0.5609922833357203
vn 0.48328441132409755 0.868177886303719 -0.11270907463166953
vn 0.8561508529651781 0.5165146513326099 -0.014776059209086485
vn 0.6145778762980864 -0.44803228016107977 -0.6492773751630329
vn 0.09739270284026179 -0.9286866400472912 -0.35784883125579897
vn -0.3360670156328038 -0.8553490504849294 0.39425494649806325
vn 0.7158224063292156 -0.4739061942789238 -0.5128461773486456
vn -0.18299250130424902 -0.9810867216135911 -0.06310775815944163
vn 0.18600902475691428 -0.9406193754903232 -0.2839644927824181
vn -0.39793637387275027 -0.905599236314702 0.1467537581639237
vn 0.06704971224489592 -0.921297256330893 0.38303485685384486
vn 0.7150124833374993 -0.3718244394859484 0.5920335589073498
vn 0.9339925998835997 -0.35119160092350066 0.06574407048139683
vn 0.1743980653442027 0.9838759940371286 -0.03966538997226031
vn 0.30707440293329413 0.9510748545299239 -0.03408712578151979
vn 0.023642379200756854 0.9997201908581987 -0.0007601948265336316
vn 0.32034503691644284 0.9472696567672627 0.007697706868615105
vn 0.05855337406942552 0.9982802657449431 0.002830796582555062
vn -0.5770917108519863 0.816148185893226 -0.0294498884399191
vn -0.1725532890436071 0.983414727162715 -0.055864450589939225
vn -0.47590753566350263 -0.45888841277794523 0.7502889057668587
vn -0.835003954614416 0.3049843545636858 -0.4579879247858598
vn -0.8771451700312115 -0.0032216676003549113 -0.48021450576673513
vn -0.8952851175491331 -0.3991621381195645 -0.19782352182400495
vn -0.9529517887394895 -0.23330175872631928 -0.19352823492558816
vn -0.8456971773653779 0.3466868155145476 -0.4057148458518802
vn -0.8589211132143392 -0.13915003878022109 0.4928405299710074
vn -0.8953888259506881 0.21981617423441852 -0.38724630393018883
vn -0.9406327166699968 0.018901385683400204 -0.33889943928733324
vn -0.8408746546023484 -0.5252317677946106 -0.13061931460059661
vn -0.03430278132929557 -0.00203732581825871 0.9994094098499298
vn -0.3263270806977461 -0.5449211517335194 0.7723804598749902
vn -0.7413970965780428 -0.6133347863644946 0.2723064175168634
vn -0.3723171973364459 -0.25757011937081636 0.8916487751210324
vn -0.055646431498847765 0.051419188074382415 0.9971256399066345
vn -0.8361260071688351 -0.5485366436424156 0.000922343436218576
vn -0.9414272122080637 -0.33720954585451096 0.0021275099877280856
vn -0.44186687621391185 0.006705902074234723 0.8970555693948568
vn -0.46982619862109803 -0.00013133489313840087 0.8827589284965598
vn -0.46927322027004253 -2.7958515784855987e-7 0.883053024872972
vn 0.6402661887346854 0.7653546437265104 -0.06550936489866581
vn 0.6477895366859109 0.7616340503645025 -0.016801472721624595
vn -0.5546994236561548 0.7626112737002725 -0.3327650742202037
vn -0.5337920137606347 0.7577569411890182 -0.37532719609059667
vn 0.991355263429588 0.09012495936210933 -0.09535320325206881
vn 0.9984158235413535 0.0449800787459653 -0.033802896595522935
vn 0.9972844543756536 0.06766634314956177 -0.02906859242242062
vn -0.8509014929974694 0.09254135283971207 -0.5171099952904346
vn -0.8185397203187017 0.06638511121573092 -0.5706012121170588
vn -0.5545274005495118 0.7776658515726054 -0.29620125816352616
vn 0.6540684766313669 0.7562142091159226 0.018289281240725593
vn -0.2829872649081506 0.9474469956705915 -0.14920589229173944
vn 0.7314380569991544 0.666643395943679 0.14347456714686724
vn -0.19304536384773932 0.9745293907036333 -0.11413130224307111
vn 0.9975475780984095 0.06508091165229689 0.025754696047583896
vn -0.9675694546701458 -0.1284196057892631 -0.2175264472156129
vn -0.9283305815617412 0 -0.37175574149868806
vn 0.9597304383251105 0.017830379158390215 0.28035613660371234
vn -0.9131414973298149 -0.2249719520992692 0.33994150470765927
vn -0.9999921369259113 0 0.003965612985360551
vn -0.49291850335710197 -0.006101977694239902 0.8700540873511334
vn 0.00048437822334755415 0.9999998823155833 0.000027323185391478986
vn 0.0007134544968840373 0.9999996362698762 0.0004673786432832654
vn -0.4972414119531052 0.7524260347890945 -0.431979212937894
vn -0.2547419300056839 0.9508883098876407 -0.17583506822020928
vn -0.018500254921319275 0.9997063605289608 -0.015650344590005007
vn -0.7567665577866877 0.06480886042916283 -0.6504645944442798
vn 0.2735779530389931 0.9472697193468925 0.16683879171060306
vn -0.3381444288796795 0.769134299675244 -0.542301368503443
vn 0.5572951934440368 0.7562142478046606 0.34287326927219786
vn -0.5295773706273883 0.07107865013918442 -0.8452784357912918
vn -0.19510417182225154 0.9548247699137594 -0.2241517809357972
vn 0.02866366642109088 0.9995362585053633 -0.010279210105840068
vn 0.2930448973259494 0.9555804807469728 0.03147432233755033
vn 0.17086586333813536 0.9838759886270172 0.05284785472394603
vn 0.02085500530622261 0.9997201906640316 0.011162846068541026
vn 0.28297772347320366 0.9510748761864324 0.12401688556356137
vn 0.5694027504625336 0.7616342850762637 0.3093440213776083
vn 0.5872415742164251 0.7653544935211785 0.2634005177647827
vn -0.31400072802143564 0.7626115138954055 -0.5655326884240786
vn -0.11011651769824156 0.9745293737460778 -0.19536338509580087
vn 0.8782079873874507 0.06766644164913373 0.473468038587007
vn 0.9120215281902934 0.0694386594493091 0.40422147975005607
vn -0.4870202264992775 0.0682459402139981 -0.8707202711691625
vn 0.04929329353953391 0.9982802663456232 0.031728237217607536
vn -0.4932088865503497 0.8127397321182228 -0.31015983309281636
vn -0.12150413100601615 0.9834144956468636 -0.13465762473806564
vn -0.7872930054297775 -0.4588880770045861 0.41181483264251323
vn 0.5617068459647706 0.6666433274159301 0.48997152285426365
vn -0.17047077093065613 0.9474472223281473 -0.2707092114446533
vn -0.9638106227929757 0.11297928543081112 -0.24146379532956877
vn -0.7591480579909766 -0.06272385242265557 0.6478888364417076
vn 0.67418666122929 0.017389549311058954 0.7383562482943182
vn 0.8510240144859427 0.06508066374017764 0.5210783376569862
vn 0.00009248332740456238 0.9999999789227778 0.00018330651414720292
vn -0.00002777255752081253 0.9999998784070251 0.0004923561925439467
vn -0.27205034346078927 0.8127401248761009 -0.5152107336219295
vn 0.15350575363183108 0.9472697737570426 0.2812755931967884
vn -0.021690919643865308 0.7691345686272769 -0.6387186542974426
vn 0.31119501849589026 0.7562135520896401 0.5755855488972177
vn -0.7219333680600798 0.11674628458380625 -0.6820428997631354
vn -0.035987519502036554 0.07108038071732686 -0.99682118653105
vn 0.026825105328108795 0.9982802702912901 0.0521240412025459
vn -0.03789651776866695 0.9834148910930288 -0.1773668681504398
vn -0.8877239873737367 -0.45888650677837267 -0.037004001648689035
vn 0.24146656519034318 0.666644270412411 0.7051803419136711
vn -0.013411258353994029 0.9606599812510984 0.27740320577095334
vn 0.02200214869565107 0.8127398836637312 -0.5822111188864735
vn -0.012277566147703353 0.9474470809229443 -0.31967685280620606
vn -0.00679571642923629 0.9591488181834792 0.2828203719951035
vn -0.9809198505563412 -0.06374510459557049 0.1836649352070914
vn 0.21919903758725273 0.017787201816606042 0.9755180148886833
vn -0.28379279769088245 0.11684993071663444 -0.9517393244320104
vn 0.4764693071120417 0.0650811268478126 0.8767790179448809
vn -0.0007615158636991788 0.9999996362490038 0.0003841815318205737
vn 0.17736800517058623 0.9834146778014706 -0.03789673107850595
vn -0.7051810127325344 0.6666436291001961 0.24146637666896206
vn -0.05212402627155097 0.9982802697199091 0.02682515560417321
vn 0.03700158032591772 -0.4588905017274293 -0.8877220232019326
vn 0.319676754618406 0.9474471145032612 -0.012277531351530077
vn -0.9743279894625376 0.018243685514340763 0.22439281826462878
vn -0.18421588805700118 -0.0638988389441051 -0.9808065277968769
vn -0.8767787287475705 0.06508106044771249 0.4764698483501293
vn -0.00027306694984390495 0.9999998758436709 0.0004168298016636308
vn 0.5152102015170545 0.8127400125082611 -0.2720516868553246
vn -0.5755837105131645 0.7562148756891501 0.3111952023703786
vn 0.6387192089297978 0.7691341136948708 -0.021690719095938626
vn -0.28127578491892713 0.947269638414876 0.15350623751363138
vn 0.6757485935695801 0.11781212062991134 -0.7276566103055874
vn 0.9968211453168693 0.07108151771727383 -0.035986415328204104
vn 0.22424771775507651 0.9745294188240331 0.002317957750252036
vn 0.3085307802693605 0.950888224436459 0.024906670882679303
vn 0.28104128851278126 0.9548246662652173 0.0965694094555423
vn 0.06787843169069657 0.9663529270606103 0.2481018719651314
vn 0.10827776902473264 0.9910771950025563 0.077729777311475
vn 0.08152087169704014 0.771885109990139 0.6305138574633119
vn 0.5029623417554803 0.7454324229942861 0.4374464373208579
vn 0.02384686591789332 0.9997063604772977 0.004303464549598159
vn 0.6236124727325114 0.745960067856396 0.23377566386628834
vn 0.6466137653227076 0.7524255977989053 0.1254844941502756
vn 0.13729066010786337 0.07341913323235247 0.9878061072510926
vn 0.7513726736766961 0.0678743849831921 0.6563780717811086
vn 0.9363938877838877 0.06440842698445184 0.34498991500385146
vn 0.6467661878588722 0.7626113916343796 0.010833447834234709
vn -0.5526013365966727 0.7616342294612142 0.33844506689357035
vn 0.6499411933904541 0.7577568145856876 0.05814684069787758
vn -0.020094826306069118 0.9997201903530497 0.012479541505644932
vn -0.5217319650637019 0.7653548009513836 0.37686573907883414
vn 0.9975759791188475 0.06824621426924278 0.013587498776042348
vn -0.8491391756298182 0.06766659939140066 0.5238166585147099
vn 0.9941767890668929 0.06638500732950935 0.08488546920706792
vn -0.8060767908096573 0.06943846715772939 0.587723154722348
vn 0.9806113376274034 0.06480865268505187 0.1849357808909434
vn 0.13465705544380707 0.9834146521854614 -0.12150349495447203
vn -0.48997149515858 0.6666437475146909 0.5617063715426722
vn -0.024637270652737978 0.9989634129435803 0.03827668343649749
vn -0.41181270004857773 -0.45889035666024036 -0.7872927921954687
vn 0.3101603705791608 0.8127390195995785 -0.49320972267638175
vn -0.7383567907596311 0.017389411617177428 0.6741860706828248
vn -0.6478871026370796 -0.06272452246470288 -0.7591494823274959
vn 0.2414626359199246 0.11297912286600982 -0.9638109323155809
vn 0.2707094010120395 0.9474470811498866 -0.17047125453947626
vn -0.16683902250721047 0.9472697010716674 0.27357787556824237
vn -0.34287392672949213 0.75621359613721 0.5572956732169444
vn 0.5423017154733079 0.7691339269313574 -0.33814472025725434
vn -0.5210780560677813 0.06508100851943466 0.8510241605352433
vn 0.8452787197344744 0.07107844778953659 -0.5295769445735697
vn 0.055864124428604015 0.9834148696941494 -0.17255258232279416
vn -0.7502890926041191 -0.458887762034034 -0.4759078685782399
vn -0.143475388370713 0.6666420327496423 0.7314391383452884
vn 0.300574832407381 0.7691340870875227 -0.5639924877188682
vn -0.018289083309625837 0.7562144868492602 0.6540681610589251
vn 0.14920562577362584 0.947447125692474 -0.2829869701144737
vn -0.29814407968166035 0.01776748939669493 0.9543555019337994
vn -0.9406879290669705 -0.06277105788052945 -0.3334156780960575
vn -0.02575475221456753 0.0650807186640193 0.9975475892390001
vn 0.46724501614721825 0.07108043934423698 -0.8812659451199825
vn 0.19536356843293962 0.9745293367044816 -0.11011652024774336
vn 0.5655329773254514 0.7626112035715219 -0.31400096137528843
vn -0.011162819061818015 0.9997201908100984 0.0208550127598501
vn -0.3093440928661647 0.7616341951262819 0.5694028319416321
vn 0.5919388574275253 0.7577569538010964 -0.2746138890032308
vn 0.8707197955858279 0.06824626068723896 -0.4870210318632898
vn -0.47346865426318335 0.06766624648020991 0.8782076704957033
vn 0.903425039504545 0.06638524693407735 -0.42357549148376483
vn -0.24888991967746937 0.9510751235995418 0.18305714177015658
vn -0.47524806515162316 0.7679422442494952 0.4294228522874477
vn -0.13120064469270343 0.9838759550488694 0.12155038424001026
vn -0.7356258449263043 0.07083045516502792 0.673674745628464
vn -0.38855089950735805 0.766320332272076 0.5116457239520703
vn -0.5933901672647989 0.07056909060527135 0.8018155104789374
vn 0.2796491165317189 0.9508881240921351 -0.1326956935381453
vn 0.022803710163244374 0.9997063607626278 -0.008196526918971794
vn 0.29167366468910166 0.9548246408849302 -0.0568891772290095
vn -0.17378025974498124 0.9555804579605228 0.2380470745187268
vn -0.00542977722396848 0.9995362587842009 0.029963058838858306
vn -0.13768591196865024 0.7597683784092512 0.6354483462994754
vn 0.1828357764736058 0.96635278108784 0.18092368923137458
vn 0.132636205415713 0.9910771925512529 0.013177079253282733
vn 0.3858567084860759 0.7718847803217335 0.5052806016699637
vn -0.18626442108983352 0.06831545965454713 0.980121708466993
vn 0.6191583752723181 0.7597675773363093 -0.19848459577170866
vn 0.637374287826087 0.7663198184892759 0.08067188487169143
vn 0.6095157231999951 0.7679416494871885 0.19686595986834068
vn 0.9419424317196864 0.068315206386969 -0.32875140745297166
vn 0.991087787391363 0.07056920181168805 0.11298223506088749
vn 0.9512322981338668 0.07083059728394983 0.30023347827209634
vn -0.27461385021280965 0.7577567501858178 -0.591939136076611
vn -0.13269548040955031 0.950888270570957 -0.27964871959201465
vn -0.42357528410662626 0.06638491185215095 -0.9034251613566964
vn -0.008196536227393802 0.9997063601767608 -0.022803732501621692
vn -0.21463444938566975 0.7524254956512915 -0.6227262051903859
vn -0.1093502411680622 0.745960112616617 -0.6569520797908251
vn -0.056889042022357866 0.9548247416956381 -0.29167336104559927
vn -0.3301471542727628 0.06480853398822274 -0.9417020284824145
vn -0.16942617273916413 0.0644083171198806 -0.9834359870763039
vn 0.012479550824426559 0.9997201907981428 0.02009479837533915
vn 0.33844537144480946 0.7616338269192778 0.5526017048832553
vn 0.01083317854520605 0.7626125144921982 -0.6467648683891962
vn 0.5238165746530944 0.06766624608060594 0.8491392555170546
vn 0.013587643945721413 0.06824631054094504 -0.9975759705554025
vn 0.002317986918857953 0.9745293864526569 -0.22424785813213996
vn 0.010092783766762113 0.9494035884679788 0.3138964190938825
vn 0.18305753396453694 0.951074909933326 0.24889044769564422
vn 0.3768658864426959 0.7653550956282873 0.521731426340772
vn 0.12155038138837514 0.9838759319666286 0.13120082042860282
vn 0.058146454993388726 0.7577582079815541 -0.6499396033542543
vn 0.5877233106505012 0.06943820368349528 0.8060766998166018
vn 0.08488519451430676 0.06638518690885435 -0.9941768005296366
vn 0.024906596118969636 0.9508883337994813 -0.3085304492490373
vn 0.003884258046341459 0.999380068758929 0.03499129472922414
vn 0.12735861982675248 0.7454321643621746 -0.6543016661220943
vn 0.01317714813314337 0.9910771896924193 -0.13263621993427557
vn 0.1809231976763919 0.9663529012764313 -0.18283562764727584
vn 0.2380470476410318 0.9555805293053523 0.17377990425216414
vn 0.5052799564940857 0.7718852135565558 -0.38585668668313244
vn 0.029963055116836824 0.9995362588932432 0.005429777690222109
vn 0.5116460923028064 0.7663199310997985 0.3885512056736771
vn 0.6354491539315477 0.7597676310709673 0.13768630848596008
vn 0.19275363866545453 0.06787417683536395 -0.9788968949282398
vn 0.7868192977301195 0.07341909581533329 -0.6128009702090396
vn 0.8018158149937549 0.07056909862718751 0.593389754836437
vn 0.9801217733899144 0.06831501299040878 0.1862642432865993
vn 0.42942302297742463 0.7679416932795402 0.47524880121877533
vn 0.6736744828675141 0.07083069729110528 0.7356260622452437
vn 0.1849358932548655 0.06480888125416434 -0.9806113013302511
vn 0.0033552038116575534 0.9998215188885262 -0.018592282668427877
vn 0.12548459857436356 0.7524261945406663 -0.6466130506645238
vn 0.06725068499976815 0.9529162800649424 0.2956821072609129
vn 0.07509111697660918 0.9729359855626638 -0.21853350349182976
vn 0.06298767900327092 0.9878111677746115 0.14234341963553868
vn 0.23377558881394978 0.745961138996075 -0.623611219577045
vn 0.16421814568575874 0.9595325767806812 -0.22875671514549584
vn 0.24882267286435006 0.7663205822288786 0.5923175184991859
vn 0.21216343065643448 0.9605613225179406 0.17974599960688242
vn 0.43744644996510396 0.7454323253314755 -0.5029624755027329
vn 0.03234195347667043 0.9994376931704061 -0.008848475322331297
vn 0.481471685147044 0.759767766966936 0.4369644798833666
vn 0.6305139639378617 0.7718849751907793 -0.08152132453594553
vn 0.34499103684840104 0.06440859447407243 -0.9363934629482095
vn 0.6563785306297615 0.06787403910930924 -0.7513723040832045
vn 0.7556783670742179 0.06831558896665421 0.6513702371464197
vn 0.9878060488010123 0.07341922272513568 -0.13729103279737112
vn 0.1141311848516142 0.9745294658301719 -0.19304505399809263
vn 0.016801498527943846 0.7616345149298851 0.647788989806661
vn 0.33276611454167043 0.7626104329104719 -0.5546999554975126
vn 0.5105554410886034 0.06824627451025676 -0.857132187932697
vn 0.0290684955734422 0.06766638042240804 0.9972844546695926
vn -0.12401693602810715 0.9510747415535786 0.28297815385113
vn -0.2633994211479958 0.7653552264118116 0.5872411109101825
vn -0.4042205128184121 0.06943920106428485 0.9120219155110111
vn 0.17583563546186026 0.9508880768635937 -0.2547424082880197
vn 0.37532666432012907 0.7577573678526051 -0.533791781985651
vn 0.06550928378241878 0.7653545939373516 0.6402662565505902
vn 0.5706006292721136 0.0663854778300749 -0.8185400968844108
vn 0.10594449376714492 0.06943872691870963 0.9919445687357396
vn -0.05284798090430015 0.9838758604905357 0.17086656214235377
vn -0.19686611211595081 0.7679416025056321 0.6095157332189481
vn 0.01565033341848965 0.9997063608071632 -0.018500249338532306
vn -0.031474743189040595 0.955580119891297 0.29304602882434455
vn -0.08067191619859816 0.7663208462506167 0.6373730481739759
vn -0.300233305594595 0.07083106811822665 0.9512323175759819
vn -0.11298379759445616 0.07056946872821081 0.9910875902585771
vn 0.6227259189465943 0.7524258079073436 -0.21463418522477007
vn 0.656951902068027 0.7459602330648756 -0.10935048721884152
vn 0.941702085537532 0.06480877223134615 -0.3301469447626743
vn 0.9834358842368389 0.06440858641289762 -0.16942666729768174
vn 0.6543015855792043 0.7454322001123161 0.12735882436741877
vn 0.612801445020841 0.07341963201448994 0.7868188778970838
vn 0.978896780156725 0.06787434850641846 0.19275416107992502
vn 0.13426733067488333 0.7679420738505222 0.6262884759626355
vn 0.4319786721473871 0.7524267424702105 -0.4972408109009636
vn 0.21560689334304659 0.07083091729582462 0.9739079261911734
vn 0.6504644256966032 0.0648090253448876 -0.7567666887073149
vn 0.22415185234980384 0.9548247567435432 -0.1951041542299533
vn 0.010279124417302533 0.9995362578380909 0.02866372041866388
vn 0.24880201406645433 0.9663528525046435 0.06526654773016753
vn 0.19848423691188394 0.7597673342019688 0.6191587886617945
vn 0.5142610058568197 0.745961008349684 -0.42317584037496125
vn 0.1214547480914638 0.9910772055699745 -0.054906436468320524
vn 0.6303212675918911 0.7454322019797677 -0.21685463304468822
vn 0.586802049098683 0.7718844795737012 0.24465834415940801
vn 0.32875204054636004 0.06831598275279675 0.9419421544538306
vn 0.766967356956024 0.06440882391084174 -0.6384454375796832
vn 0.9441266888699302 0.06787412780976064 -0.3225180586224067
vn 0.924110433382529 0.07341924474863354 0.375006028503669
vn 0.39769739094125445 0.0705694633963466 0.9147987407481881
vn 0.1807186205527679 -0.9829939870423333 -0.032612905790833834
vn 0.308530959333777 -0.9508881656037917 -0.024906698842577266
vn 0.027387494324691102 -0.9996248521384047 -0.00028309342558234106
vn -0.8696927174435947 0.45846377465280536 -0.18288123073918122
vn -0.9158811071680014 0.38952809991198073 -0.09710642054816995
vn -0.8667881866035523 0.4614515486100376 -0.18905212997986418
vn -0.8577665785296934 -0.21854664636765664 -0.4652675145751248
vn -0.9312553393938104 0.09557789551997714 -0.3516082461184483
vn -0.8999245007177611 0.3437982438627089 0.26821383358209916
vn -0.8311142775842468 -0.43658845851873196 -0.3444409608101991
vn -0.4998257098971201 0.865724493391129 -0.026369703610636765
vn -0.8945147901004463 -0.0020006345383304803 -0.4470338776345687
vn -0.7900460998429022 0.6103668243753442 -0.057266917369253705
vn -0.20921823467291795 0.15752638940372446 0.965097490889793
vn -0.25254922951444037 0.17288495494941156 0.952013486786717
vn -0.07187089853418224 0.5225725613206961 0.8495601756783427
vn -0.4269341711802957 0.5351095651949324 0.7289615673788876
vn -0.28870248336757703 0.5525991232983938 0.781847226142832
vn -0.0325102918380752 0.0002557314587275226 0.9994713680371362
vn -0.7090592031810281 0.7049567345495329 -0.01646355968631578
vn -0.21086705916040122 0.33327251190595975 0.9189475045773484
vn -0.7636386735391341 0.6368709192622323 0.106072656577796
vn -0.9267821426568744 0.33715939938765177 0.16552461888459652
vn -0.44733017394858476 -0.003031317125104554 0.8943637551866779
vn -0.2844370238280914 0.20629713941573477 0.9362355845323883
vn -0.004365652330146015 -0.9662519088919794 -0.25756201125619915
vn 0.015046988431015033 -0.970892119527883 -0.23904409714069846
vn 0.025691664540001574 -0.9817021754185027 -0.1886816820778941
vn -0.011373955790912547 -0.6288578529351867 -0.777437093230966
vn 0.07885472029082631 -0.6213714118906949 -0.7795380052138701
vn 0.3197876268576172 -0.9474098245139111 0.012267767657306295
vn -0.9133767332791898 -0.3841153617007837 -0.13490119350736748
vn -0.8055425750428065 -0.4391525911897108 -0.3978016609376679
vn -0.281372425969299 0.24418534167417602 0.9280102783997694
vn -0.6251035357847367 -0.7183137564969292 -0.3054028761761926
vn -0.4266217583361363 -0.00004966279007938795 0.9044301370740533
vn -0.9434190894251446 -0.33025523690124275 0.029864698349972622
vn 0.036574464994284316 -0.9941457701066319 -0.10166856096883621
vn -0.01660342537222036 0.516392595677686 0.8561909911901497
vn -0.38739614854493565 -0.1410864412566812 0.9110536977511673
vn -0.11968851502835037 0.3589511116208343 0.9256504517562101
vn 0.17259887176197516 -0.7594658275127443 0.6272330398718455
vn -0.008344113115391932 0.45367078188929877 0.8911302920652344
vn 0.30797898353471587 -0.82065891111293 -0.4813189143508316
vn 0.12331413065500485 -0.5119353361684532 -0.8501269533210281
vn 0.31467058374911344 -0.9398109054079824 0.1331836543995569
vn -0.0014901817734259107 -0.999961254162312 -0.008675801543278865
vn -0.287187581777539 -0.9427114905115362 -0.16975964929949341
vn 0.00744972673638969 -0.999804339728516 -0.018324405354044695
vn 0.2761518131985807 -0.5368009347306423 -0.797235807361564
vn 0.17038010156543004 -0.5911889109458486 -0.7883313342530636
vn 0.9943407857521984 -0.023251820551029388 -0.1036617317565332
vn 0.994183992139162 -0.0679203478274988 -0.08357640890365103
vn 0.9975759827326542 -0.06824616236240733 -0.013587494168651458
vn -0.8497531825256246 -0.0660061225839829 -0.5230322366441676
vn -0.8060769110191834 -0.06943857900260582 -0.5877229766376929
vn 0.649941094619694 -0.7577568980193135 -0.05814685742756746
vn 0.6467663159542038 -0.7626112829027466 -0.010833454502335579
vn -0.5526017546428516 -0.7616338729547968 -0.3384451866011957
vn -0.5217317380823633 -0.7653549369385385 -0.3768657771426876
vn -0.9659096439671427 0.04544974788735376 -0.2548585492155274
vn -0.9453307995548986 0.32025858791351064 -0.06151517114127711
vn 0.9968211402917448 -0.07108157696358457 0.035986437498532434
vn -0.5665613382977827 -0.025737933678789265 0.8236175136045686
vn -0.4286958669586148 0.009439926802227758 0.9033995469528255
vn -0.9917873419763578 0.06881380272407606 0.10780783297201908
vn -0.9331173189692713 0.2956250870808228 0.2046897088963068
vn -0.46842929485922596 0.16272427060046743 0.8683863238646924
vn 0.9603943025540911 -0.0002795473787931619 0.27864440686097414
vn -0.44494584323099867 0.004782115587859138 0.8955447101970733
vn 0.9048977570792114 0.0035556811208822133 0.4256141519789718
vn -0.45760564621418076 0.0016685729577911484 0.8891536922361547
vn 0.9973806345375695 0.00021683611416137969 0.07233134058991934
vn 0.9975805315910553 0.0005901356945897571 0.06951787345977616
vn 0.44220525518975323 -0.368546102576602 0.8176969380877992
vn 0.7954122521223577 -0.4090243627887751 0.44723418900937734
vn 0.8443822052157558 -0.4205045892264043 0.33195569275809994
vn -0.5775765682242406 -0.7542152877572195 -0.3123533376668222
vn 0.6386488715547631 -0.7691927003722459 0.02168429283790293
vn -0.28149032527462614 -0.9471866466480291 -0.15362504088997642
vn -0.42196795961162425 0.271811012426554 0.864905668026782
vn 0.8774095396928789 -0.4328937936727717 0.20677394191610815
vn 0.8044803208326504 -0.40211060971984663 0.43717098593539905
vn -0.03750950095630344 -0.012493822715608503 0.9992181652331789
vn 0.4628015127375533 -0.8750836190418532 0.14157478409817598
vn 0.018763676460935196 -0.998889157561685 -0.043224707649404386
vn -0.19156463341415067 -0.9742430992288315 -0.11896795715613338
vn -0.008137959056599158 -0.7784875036239317 -0.627607345657914
vn 0.10423094780064093 -0.7651401758789375 -0.6353710890310708
vn 0.2180759283497788 -0.7179317384738754 -0.6610725439513132
vn 0.3316805947747709 -0.6365652063238963 -0.6962562180316019
vn 0.46084584736602335 -0.5351500389325355 -0.7079799014068109
vn 0.026984676385805952 -0.9988253589430529 -0.040245864043831334
vn 0.3928545531142547 -0.7328042603857924 -0.5555746719009346
vn -0.006187019356381275 -0.878800743011618 -0.47714879741408983
vn -0.0044359694791976795 -0.9396497527929617 -0.3421091408467561
vn -0.0028595076538190686 -0.9753757004669111 -0.22053132692354585
vn 0.12111393405852237 -0.8660143048922146 -0.4851295071410543
vn 0.13204890300959193 -0.9278061853441426 -0.34891083338170187
vn 0.13908348659444286 -0.9642890471198267 -0.22539391598148878
vn -0.0014008598085619285 -0.9941463576297589 -0.10803266729689037
vn -3.9024308784441075e-10 -1 3.6518441048905004e-10
vn 0.0014008610891279693 -0.9941463576279755 0.10803266729669657
vn 0.1434505250157422 -0.9834618337551941 -0.11056567468965615
vn 0.14579720803424837 -0.9893144970783646 -2.7219597258273682e-8
vn 0.1463555361264975 -0.9830221899183302 0.11066811272130589
vn 0.2531604748758882 -0.8213507474392764 -0.5111679994302818
vn 0.2760096786300539 -0.8866946690470014 -0.370932906583068
vn 0.29044792154036647 -0.9260382683513166 -0.24102516553624875
vn 0.43384459095888456 -0.8024669789662705 -0.4096652518391878
vn 0.29889885450398757 -0.9468813214721209 -0.11863910747900258
vn 0.30265039411179767 -0.9531016414548708 -6.74174960441939e-8
vn 0.3021212771814868 -0.9458305100603691 0.11885865602962657
vn -0.7435716893719335 -0.07774223290073617 -0.6641214406930229
vn -0.7118259547291604 0.005182945547024573 -0.702336776233009
vn -0.13656458312438152 0.6331481362494665 0.7618881494024505
vn -0.32637394310046136 0.22807981657705734 0.9173110958313067
vn -0.7947221411712587 0.09427597389571457 0.5996071706360627
vn -0.20510761082284296 0.14339685190113394 0.9681777785341851
vn -0.4421851063180835 -0.8155519410986636 -0.37329259719510527
vn -0.43844741675328414 -0.537574828804666 0.7202618733335855
vn -0.2488905828552369 -0.9510748543377151 -0.18305763904430344
vn -0.8822363083780328 -0.33346599585333736 0.3323545182317257
vn -0.47061002003770425 -0.8678774191396919 0.15910686467761
vn -0.17040063359414598 -0.024793585643964812 0.98506289250059
vn -0.013928785706037573 -0.9998243893477468 -0.012537120648729886
vn -0.30056905947437285 -0.6385971946501152 0.7084150361699655
vn -0.24166880048358647 -0.6454094514925087 0.7245983927645461
vn -0.11188068219095537 0.03186152496690319 0.9932107310028773
vn -0.37094659407595515 -0.5684690001156347 0.7343307294747913
vn -0.5210781802053847 -0.06508068875999287 -0.8510241089795103
vn 0.270323606969538 -0.9476038905581402 0.17021167443525922
vn -0.343190251561732 -0.7559185597268636 -0.5575011948807458
vn 0.5423021307694269 -0.7691338049757258 0.33814433161965246
vn -0.026434995108600264 -0.23031537125517446 0.9727569176300931
vn 0.03305401365929167 -0.38798395801727265 0.9210732221176896
vn 0.3380927059019671 -0.7689720791622138 0.5425636033543236
vn 0.02308470018729268 -0.9754339490242813 0.21907922701196147
vn 0.29304742876710344 -0.9543862959593936 0.057183936362394994
vn 0.1750960916489582 -0.9825377298232947 0.06293622297966635
vn 0.8707196842866762 -0.06824637306593946 0.4870212151016173
vn 0.9034252148031613 -0.06638496355370359 0.4235751620100444
vn -0.47346752780896484 -0.06766624734256932 -0.8782082777342978
vn 0.025306265279077374 -0.9995779784918912 0.014263865243652155
vn 0.2796490177139737 -0.9508881516974025 0.13269570397381839
vn 0.5655325695407919 -0.7626114547303711 0.3140010858303142
vn 0.5919388306921136 -0.7577569791810148 0.2746138766000657
vn -0.30934396052234 -0.7616342223924644 -0.5694028673698254
vn -0.10598711719299903 -0.9744529173911555 -0.1980107137934296
vn -0.29990255876715366 -0.6021326789162046 0.7399288426775299
vn 0.019293302777841474 0.023324415217927077 0.9995417650717074
vn -0.40548142761235856 -0.8182958954567984 0.4074023064981348
vn -0.2245106798214369 -0.6392015678463312 0.7355381093518598
vn 0.12232263454823902 -0.025144258655005983 0.992171829540563
vn -0.7067178613091198 -0.03621586103879443 -0.7065679556248516
vn -0.5072223462862165 0.29064169060482986 0.8113278616627633
vn -0.6552041810971437 0.03891458759781624 0.7544488955157356
vn 0.24146593818901574 -0.11297938092784604 0.9638100747448426
vn 0.8452791113053735 -0.07107851769899023 0.529576310188166
vn -0.6389788182205544 0.24425332947056128 0.7294150950645379
vn -0.8234407080918287 -0.12737548003552984 0.5529203263969832
vn -0.4815476175065402 -0.5257934858428753 -0.7011797931479293
vn -0.6593525446662605 0.22636686392372657 0.7169464866776768
vn -0.35078063625651773 0.9354565744548109 0.04328905793319368
vn -0.18047517604194768 -0.9437124167686615 -0.27719232541554983
vn 0.6077463173760073 -0.681725041211513 -0.407302568002047
vn 0.10005242273915005 -0.9863512413884743 -0.1307698027659383
vn -0.6703010269086582 0.36036223536741846 0.648718423236303
vn -0.5582572829948667 0.3909442731303332 0.7317864314742278
vn -0.2388382637933192 -0.9495824912513591 -0.20309942406874373
vn -0.6947760163115512 0.2296097933199801 0.6815905148766428
vn 0.23790874612302082 -0.9430390412091463 0.23254417918646358
vn -0.6869745760035008 0.24381014383416486 0.6845601110847566
vn -0.6872713976261864 0.24181287827695988 0.6849704795860627
vn 0.35310956889343575 -0.7952734840066376 0.4928019054263451
vn 0.09554919337097753 -0.9946351969244306 0.03963807115961839
vn 0.31857952068872875 -0.7918251055728444 -0.521075897717687
vn -0.07684268897994606 -0.9900476459638405 -0.11790190783778412
vn 0.025867975112781407 -0.9216290971431303 -0.3872088004716618
vn 0.02175715219761445 -0.9995796206652672 -0.01916267932545567
vn 0.5207958715002968 -0.6171005842849896 -0.5898800972260132
vn 0.6184771084398164 -0.6421229863676237 -0.45295047931782567
vn -0.1668387337650647 -0.9472697287668884 -0.2735779557595522
vn 0.16442023662771116 -0.9797030952542229 -0.11466399145582822
vn 0.3037070303167845 -0.9367055201934655 -0.17419761242694676
vn 0.020647260755937653 -0.9997665026620743 -0.006374227648962598
vn 0.7723638970575166 -0.5791924565231158 -0.26074913006344685
vn 0.6389650526026679 -0.710727254791186 -0.2942625202934525
vn 0.6792778937531682 -0.717281934296246 -0.15520363974628712
vn 0.6897490037537906 -0.7240485562589368 5.340997343336005e-8
vn 0.6834512449034792 -0.7131992678780331 0.15569585780656428
vn -0.8990819083418053 0.3438211467582235 0.2709958323190924
vn -0.069522739659701 -0.000025126177641169193 -0.9975803667068055
vn -0.32869286132217085 0.0000051031398783096875 -0.9444368707805739
vn -0.5222346218113643 0.018020909388199266 -0.852611427677558
vn -0.8832173496096036 -0.0014962535603296023 0.4689614851710855
vn -0.08608763456644228 -0.058416208701388445 -0.9945735094681089
vn -0.025754607057354974 -0.06508161305997644 -0.9975475346352337
vn -0.8898572280096971 0.2094773639432639 0.40530648619813514
vn -0.8996737516562339 0.3235584169646604 0.2930820557320425
vn -0.09113262466900375 -0.665701499256258 -0.740632404509085
vn -0.01828485356558269 -0.7549491532033755 -0.6555283672028172
vn 0.3005748696215007 -0.7691341060534017 0.5639924420215686
vn 0.08851952148876091 -0.98182595254375 0.16787523113002323
vn -0.9400076227688016 0.05414526512629072 0.3368292733729511
vn 0.014164468508217818 -0.0010704409974110693 0.9998991059041662
vn -0.9989794439895069 0.0020399095848364773 0.04512105113249539
vn -0.9647981686728843 -3.970721773772018e-7 0.26299143279827814
vn 0.4525212639009338 0.000004329051528784937 0.8917536126637003
vn 0.19284111011754299 -0.4000789173315263 0.8959627035515861
vn 0.4525185777325151 -2.8944120049966817e-7 -0.8917549757679282
vn -0.9611994487253487 2.974012660419292e-11 -0.27585434520791147
vn 0.4525040297275945 0.000007566251800206971 -0.8917623579312147
vn 0.42215344762129337 -0.06220468200338093 -0.9043876625641873
vn -0.99896255829055 4.670133964223998e-12 -0.04553907260363902
vn -0.8973417118547697 0.4280646663367682 -0.10741738034202356
vn -0.959029219613978 0.2831640904301238 0.00900298936382106
vn 0.4672456070091492 -0.07108037150030873 0.8812656373183003
vn -0.5503194792534172 -0.16245099501766436 -0.8189982570018194
vn -0.8318184516055226 0.4613889699390302 0.3085421883425206
vn -0.9335676821463028 0.13185892707875782 0.333263568668432
vn -0.8573499234430004 0.2780694933165996 0.4331610158577648
vn 0.057687989064360956 -0.8244529180266469 0.5629826656967843
vn 0.105966256682951 -0.9854682834059971 0.13275321030182433
vn 0.870111543461288 -0.4751077394833224 -0.13106692114512547
vn -0.31201552583428005 -0.9152817502812176 -0.2547658321684998
vn -0.01188926284550701 -0.9433911871607301 -0.3314690233135805
vn 0.011036672823854298 -0.9999250945776729 -0.005291227344509341
vn 0.010084476566655204 -0.9999484066433286 -0.0012195834720302471
vn 0.8065080098823405 -0.5738934911657396 -0.14209535809879764
vn 0.010060476315583928 -0.9999493535846279 -0.0002776364320674272
vn 0.8142631848372573 -0.5798273823873755 0.027850896798680195
vn -0.9760306581587189 0.1677983868127264 -0.13859240858468622
vn -0.07814425451064555 -0.10979985756316973 -0.9908771199124963
vn -0.9395140187853923 0.32397397588422433 -0.1111497703798332
vn 0.310298824216677 -0.667617009965628 -0.676758574156473
vn 0.0268220272912766 -0.9996359524314372 0.0029225773692652364
vn 0.7930167769843172 -0.5769711628390632 0.19552152994886543
vn 0.03242498271096722 -0.9602087757984403 0.277394533788707
vn -0.9033849695417634 0.28694724592000537 -0.31867989403938135
vn -0.007701330034989315 -0.9472154561015235 -0.3205051781766954
vn -0.008879555545289717 -0.9727502636150293 0.23168529977149857
vn 0.4603532065478292 -0.8459769091283277 -0.26906875411837217
vn 0.4757422382283804 -0.8694294463512842 -0.13327325531685033
vn 0.48191883443134054 -0.8762158621140897 2.607440979865266e-8
vn 0.4794766324145519 -0.8673202426675745 0.1336329137131295
vn -0.9998798984711037 -0.0005105069149317393 0.015489609940392291
vn -0.9935879587425459 -0.0011350256253889275 -0.11305609208994574
vn -0.05902436361464991 0.00285876075983021 -0.9982524490261989
vn -0.951304257209865 0.0010372259424477632 0.3082517386434851
vn -0.035736378988768004 -0.00017216973696327343 -0.9993612367779494
vn -0.8962845807458005 -0.005289014431893543 0.44344782854769266
vn -0.8009364192413255 -0.43967277818973605 0.4064341280598893
vn -0.8598090907963617 -0.4540213890612429 0.23365124792911593
vn -0.02351265752898574 0.04703682620489445 -0.9986163887682272
vn -0.8961158826041478 -0.4374294200551461 0.07504550229565995
vn -0.06741421627887911 0.1153088651892623 -0.9910394487871153
vn -0.10932822592423327 0.07439023301837686 -0.9912181557294698
vn -0.04099177223090243 0.2034308178447322 -0.9782308403236903
vn -0.018161362100546637 -0.01794456138028921 -0.9996740256921363
vn -0.3379681329109331 0.036648708467110006 -0.9404437321309502
vn -0.32624336491852857 0.327933484393136 -0.8865804513186678
vn -0.8812635695193621 -0.0710926217361853 0.46724764330349255
vn 0.004365655207939385 -0.9662518678404923 0.25756216521330355
vn 0.02212051678560202 -0.9720711724928426 0.2336414311408152
vn 0.003796278695940794 -0.9997214580260433 0.023293660733013644
vn 0.00813789942943944 -0.778488514749067 0.6276060922239904
vn 0.011374045425258895 -0.6288601900879045 0.7774352014240599
vn 0.12064471344597823 -0.7605249568909626 0.6380020713630462
vn 0.10165277507430191 -0.6102286807729972 0.7856765686220638
vn -0.9463878606148154 -0.3212380617699623 0.03400183746785654
vn -0.5278625630581478 -0.8424771655221676 0.10767237387286142
vn -0.9686909493325009 -0.22823158319682513 0.09771483568409074
vn -0.1394096302210655 0.3716531362064696 -0.917844704375158
vn -0.916474227868104 -0.3977947553666383 0.04282898850497277
vn -0.4182277938728476 -0.901671533314911 0.10988156552301427
vn -0.4167009261976134 0.4705210589928021 -0.7777983486420779
vn -0.722479995532901 -0.26132207981130995 -0.6401042310888678
vn 0.01033766645278547 -0.9998063294595401 0.016746230171377843
vn -0.2869704421679953 0.331256425878638 -0.8988421138531594
vn -0.35785617991626245 0.3306510110443831 -0.8732747926002826
vn -0.3229160591512564 0.35228079389975936 -0.8784210044116532
vn 0.3302864986110146 -0.9437137125352172 -0.017755495157094587
vn 0.31637534964866737 -0.941599978955688 -0.11530879309632501
vn 0.12379446558802847 -0.4847880277658571 0.8658264828617018
vn -0.24172015544932 -0.9540694974423859 0.17698237341495363
vn 0.01434778574265421 -0.9992740512704291 0.0352918050242079
vn 0.28537425308969133 -0.4906681462573574 0.8232899282281239
vn 0.19285915029153816 -0.5634923789804467 0.8032942717210065
vn 0.23474242409912996 -0.70783301067433 0.6662345107601212
vn 0.32075748460805326 -0.9471276583552432 -0.007989671234057088
vn 0.4068637807563895 -0.7210533057028009 0.560842218670884
vn 0.9975797669510577 -0.000025634570541025183 -0.06953134482190172
vn 0.9974458693751789 -0.00020598675225950603 -0.07142615232427982
vn -0.46907052452502923 -0.00003035099874884397 -0.8831607113660745
vn 0.9421557022918923 0.0007420572089369124 -0.3351747036844667
vn -0.4508025277620964 -0.062172285239242085 -0.8904558876841878
vn 0.8592755190793815 0.012635373499119945 -0.5113569493488841
vn 0.996812016272745 0.0013285182258749714 -0.07977492872819243
vn -0.2967058951054474 0.12569701395499233 -0.9466603786429818
vn 0.8606329000324824 -0.4377774614572892 -0.26011902202970616
vn 0.9975492650124924 -0.06505569260952951 -0.025753072285276866
vn 0.8607933372942074 -0.43117942663112835 -0.270405496467717
vn 0.8695620245650969 -0.40953534593174473 -0.2759396417095882
vn 0.8609428256807007 -0.4060091306059575 -0.30648660129526917
vn -0.24546490637411217 0.19362689576593112 -0.9498713623300776
vn 0.23588455229547248 0.8920633388260298 -0.3854626797900419
vn -0.21511844317485612 0.28307909453676117 -0.9346605167879264
vn 0.7925647367278894 -0.6075324912634855 -0.05239666167452264
vn 0.212680204967446 0.44572815144924893 -0.8695363968349116
vn 0.03557139209324546 -0.9961532801327261 0.08008319764694381
vn 0.34917175954207313 -0.6111753019184792 0.7103124894461228
vn -0.5635990508081693 -0.7697654376916434 0.2996953133826474
vn 0.6601403376965919 -0.7509200597273362 -0.018270151748785584
vn -0.2590458663219825 -0.9561533228889324 0.1366237983293774
vn 0.4081802295970175 -0.5178121236769656 0.7518374190869175
vn 0.021244030790650622 -0.999352352151517 0.029044231871344355
vn 0.0028595060240179087 -0.9753757004714568 0.22053132692457364
vn 0.00618701749380744 -0.8788007430217454 0.47714879741958854
vn 0.0044359699448498 -0.9396497527910207 0.34210914084604943
vn 0.1449977293358678 -0.9633197087705201 0.22581141951133243
vn 0.14117766568245632 -0.9260977278024339 0.34987407059057907
vn 0.13374373305527643 -0.8631757490535047 0.4868677850447286
vn 0.26647326314884295 -0.8149036754294953 0.5147076838345309
vn 0.2858831064904203 -0.8827131626769423 0.37294546767625036
vn 0.2969495646881886 -0.9237421728549337 0.2419118726328689
vn 0.44474087044344895 -0.7948562659944061 0.41280634026942153
vn 0.22496364726957188 -0.9743403073426338 0.007233456617244155
vn 0.3070746358099144 -0.9510747777606529 0.034087169869812216
vn -0.1372906748032571 -0.07341912567173292 0.9878061057705935
vn 0.6513703550086098 -0.06831514179052887 0.7556783059067512
vn 0.9147985194128662 -0.07056909963572701 0.39769796461212925
vn 0.2695214731642012 -0.955580467010852 0.1192650266034462
vn -0.06787846967033066 -0.9663528778020918 0.24810205343533423
vn 0.08394709371166581 -0.9915314484113688 0.09908719528081196
vn -0.08152083094110077 -0.7718851364260695 0.6305138303694701
vn 0.4369639792658492 -0.75976795625151 0.48147184079399497
vn 0.023277800208840894 -0.9997150163920779 0.005294338261262458
vn 0.5923186637860569 -0.7663195259036575 0.2488231997814787
vn 0.6262892598779184 -0.7679414889069799 0.13426701969173133
vn 0.9972844572675573 -0.06766630609287672 0.029068579468197235
vn -0.8571322157598125 -0.06824624692357441 0.5105553980593297
vn 0.991944545489423 -0.06943871039024527 0.10594472225232261
vn -0.8185394473433223 -0.06638474071812552 0.5706016468103432
vn 0.647789600848416 -0.7616339961187296 0.01680145793867882
vn -0.5546986506584263 -0.762611991516836 0.3327647177097448
vn 0.6402661234187986 -0.7653546965041116 0.06550938666605728
vn -0.027099561196947487 -0.9995043370213228 0.016021674647145975
vn -0.5337916489768082 -0.7577573482631029 0.3753268930357782
vn 0.9739080213168133 -0.07083067401005197 0.21560654357892556
vn -0.9638103510016283 -0.11298009316847729 0.24146450225604676
vn -0.7544593139215706 0.03998456482664475 -0.6551277571684905
vn -0.7892409525196172 0.36556625190809366 -0.4934166944194283
vn 0.7049040896008968 -0.03537792018401528 -0.7084198100190198
vn -0.6685540046327354 0.2706106589487385 -0.6926798785534787
vn -0.8636834075732923 -0.2505540862384807 -0.4373483981356124
vn -0.503464288750779 -0.7819098941915824 0.36761478114730434
vn -0.679977829303475 0.2346025986381777 -0.6946882555275771
vn -0.19708060730240984 -0.9446221952176548 0.26238929575630976
vn 0.27733320493776 -0.9437056948635757 -0.18029380167106746
vn 0.46536072754781493 -0.7967589440404227 0.3855056138991478
vn 0.03497671755257785 -0.9983423485803494 0.045707595214793416
vn -0.7673384164591059 0.2872023960355368 -0.5733293454354821
vn -0.6531505501915353 0.5205500655940092 -0.5499290754220649
vn -0.22230591096138813 -0.9423595758542209 0.25007701163337687
vn -0.6971823649102227 0.24082809949152553 -0.6752322389767013
vn 0.28019869531093655 -0.9436494776612011 -0.17610892781398438
vn -0.7126158358774513 0.2625008182305258 -0.6505935681245134
vn -0.7411186649206122 0.23082747912521323 -0.6304457148613103
vn 0.42911104447558446 -0.12016766075668878 -0.8952225671961909
vn -0.5533917507343259 -0.06195887879654931 -0.8306134284716761
vn 0.6098686242304782 -0.6647510890943595 -0.4314698723284012
vn -0.004438920945855344 -0.9999672327597304 0.006769740592057814
vn 0.6521747724528321 -0.4936361027110722 0.5753185763351645
vn 0.6523007086777397 -0.4944307156755598 0.5744928657999786
vn 0.0943636673772305 -0.9029948144665807 0.4191609038610172
vn 0.5368466333906599 -0.5677323295523831 0.624079878059002
vn 0.6135900598811862 -0.6353557687412642 0.4688606248579631
vn 0.002929812240046358 -0.9999943180427122 0.0016673579486645872
vn 0.0003946719117607521 -0.9999999130590995 0.0001345952295692168
vn 0.749725328654227 -0.5566701195407642 0.35781323282514693
vn 0.6595248981982562 -0.6838251151117837 0.3121059445107312
vn 0.25119933861924015 -0.9423141620516781 0.22123045060321245
vn 0.17642491012615966 -0.9784233221862013 0.10752699051444485
vn -0.52957634634579 -0.07107869336591442 0.8452790738805962
vn 0.8510239761569527 -0.06508058341081145 -0.5210784102886232
vn 0.2737268497797399 -0.9472109045852909 -0.16692846954421742
vn -0.33814460653378003 -0.7691337605952969 0.5423020222944511
vn 0.558736543497246 -0.7547741272533516 -0.3436997116520346
vn -0.17045130891611351 -0.9474541899660284 0.2706970801552917
vn -0.4869668857754615 -0.0007235844499665903 0.8734201329163948
vn -0.9504524482223569 0.036629926462812996 -0.3087043766380013
vn -0.9727532130491906 -0.0000034145443324584053 0.23184302122517467
vn -0.06952272151093863 0.0005779018222828533 0.9975802008977506
vn -0.9296129775459657 -0.2838956960857938 0.23499562915528152
vn -0.9782142041484524 0.05435680597115258 -0.20035545524598172
vn -0.03598736877025905 -0.07107945344778199 0.9968212580932242
vn 0.47647002140397604 -0.06508073928597737 -0.8767786585434691
vn -0.9774975145372693 0.18288378351535298 -0.1051291149043435
vn -0.8542575475564401 0.47832332379598946 -0.20359479451993157
vn -0.23613028234678707 -0.8228036167466056 0.5169494153469291
vn 0.6629721472582124 -0.7483913246262642 -0.019451405707070647
vn 0.014363503755824434 -0.9998887596971374 0.004019700383904424
vn 0.16153955188651029 -0.9432570180040556 -0.2901226829505105
vn 0.3114940235622598 -0.7557005309372341 -0.5760973709592648
vn -0.021690917782096558 -0.769134568658352 0.6387186543232484
vn 0.15353706528560787 -0.9472479254736804 -0.28133207650264797
vn 0.8782078985210189 -0.06766624567940537 -0.47346823142735783
vn -0.4870212393209652 -0.06824632758011245 0.8707196743051687
vn 0.9120214561517227 -0.06943877026133495 -0.4042216232507671
vn 0.1980812236381432 -0.9744344875014753 -0.1060248009182431
vn 0.5694028774707056 -0.7616341762987735 -0.30934405541689225
vn -0.01375670941207365 -0.9996074611580045 0.024406485683115
vn -0.31400105255149774 -0.7626112078684645 0.5655329209073096
vn 0.5872411732707998 -0.7653549319804647 -0.26340013763988956
vn 0.4677567623895127 -0.841448213354562 0.2704967938466118
vn -0.7567665437937042 -0.06480854630643601 0.6504646420215154
vn -0.2547418114362672 -0.9508883718807593 0.17583490474910898
vn -0.4972414244700358 -0.7524258298188998 0.4319795555490443
vn -0.14020046840476616 -0.9829939778190256 0.11860298575758145
vn -0.6384461325442601 -0.06440861324754361 0.7669667961384024
vn -0.42317632076716405 -0.7459602397560133 0.5142617254327969
vn 0.28297832680516655 -0.9510746622541227 -0.12401714952680815
vn 0.0214984019568512 -0.9997467704617358 -0.006649335653377041
vn 0.29304518613804603 -0.9555803911060896 -0.03147435487584704
vn -0.322519281815146 -0.06787489549264096 0.944126215830969
vn -0.19510429042913996 -0.9548247073609956 0.2241519441564828
vn -0.012985906239504767 -0.9995029915191683 0.028725183783090285
vn -0.21685493037182257 -0.7454323187962656 0.6303210271500188
vn 0.06526714732184334 -0.9663526665773646 0.24880257892410568
vn 0.12224378855395335 -0.9915314647995777 0.04383845882761115
vn 0.24465748844055601 -0.7718854602181128 0.5868011159275613
vn 0.9831530395345814 -0.04701668369606573 -0.1766338934297089
vn 0.9834367744403797 -0.06400298399797466 0.16957514180344113
vn 0.9417021036524191 -0.06480858311147415 0.3301469302169741
vn 0.210210220869167 -0.23605035452436 0.9487317287679693
vn 0.4224786378798736 -0.8758601973163364 0.23319673087793252
vn 0.9547453137381344 0.11316064249914719 -0.27505645763052244
vn 0.9059957130092825 -0.2732849080142731 -0.3232446860513446
vn 0.9608590702035466 -0.2574935284008192 0.10221022472958427
vn 0.9038432838390094 -0.4260241390150125 0.03963270411709845
vn 0.44187778165708685 -0.8667206154685247 0.2313858267043891
vn 0.2205890979174273 0.053010563481064116 0.97392521788862
vn 0.6637340817934715 -0.7395798601688491 0.1117080977297657
vn 0.44657096591271417 0.6000031872482781 0.6637548852518473
vn 0.6227261347519071 -0.7524256017703107 0.21463428173881113
vn -0.4042217095510623 -0.06943835994573005 -0.9120214491423235
vn -0.2634003762952134 -0.7653545750404972 -0.587241531426482
vn -0.12401702225907035 -0.9510747768017358 -0.2829779975926076
vn -0.3002333420586377 -0.07083063010559355 -0.9512323386823777
vn -0.11298195036372362 -0.07056901456335818 -0.9910878331790608
vn -0.19686595986834068 -0.7679416494871885 -0.6095157231999951
vn -0.007319775142355667 -0.999693122728554 -0.023666036024172384
vn -0.0806717954619075 -0.7663195800439454 -0.6373745858270654
vn -0.03147415858715199 -0.9555804856768414 -0.2930448988377769
vn -0.1302072556868023 -0.6794705997628827 0.722056628405543
vn 0.2590131817633378 -0.08392770031243581 0.9622205115217083
vn 0.5105547862182677 -0.06824591698675464 0.8571326064759501
vn 0.02906836056384793 -0.06766682970011939 -0.9972844281209174
vn 0.013133732852407747 -0.9996669483046269 0.022214804268237374
vn 0.33276435842897084 -0.7626121069380906 0.55469870750778
vn 0.016800885733330054 -0.7616339195919694 -0.6477897056650016
vn 0.007236705038883087 -0.9743174745282926 -0.22506241118629813
vn 0.003245410799763655 -0.9494276215040686 0.3139692004542292
vn 0.5706019987907722 -0.06638475496225428 0.8185392008233796
vn 0.10594449376714492 -0.06943872691870963 -0.9919445687357396
vn 0.17583487853805319 -0.950888391301781 0.2547417570344902
vn 0.37532777926898964 -0.757756677354736 0.5337919782399502
vn 0.11860319566279906 -0.9829939288973727 0.14020063384121628
vn 0.06550931319983438 -0.7653558411379879 -0.6402647626724816
vn 0.03408719914360197 -0.9510749418278748 -0.3070741244091549
vn 0.0024278143678842174 -0.9995447099131989 0.030074550735369073
vn 0.32875034613745546 -0.068314925668778 -0.941942822492625
vn 0.9241106481023059 -0.07341902679896123 -0.375005542049487
vn 0.7669668897277002 -0.06440840003467872 0.6384460416248114
vn 0.944126554610215 -0.0678743204428691 0.3225184111089835
vn 0.19848423392081815 -0.75976749900129 -0.6191585873959841
vn 0.04383840892542086 -0.9915314561274949 -0.12224387678970848
vn 0.24880208261839898 -0.966352827651519 -0.06526665438538115
vn 0.2241521150128852 -0.954824613859497 0.1951045517237176
vn 0.5868014725632478 -0.771885160889756 -0.2446575774338481
vn 0.028725198676819268 -0.999502991260575 0.012985893197629312
vn 0.5142612375095789 -0.7459605813030264 0.4231763116446472
vn 0.6303213432327089 -0.7454321017352136 0.21685475777103788
vn 0.6504643757903088 -0.06480869848562669 0.7567667595952685
vn 0.21560689334304659 -0.07083091729582462 -0.9739079261911734
vn 0.4319796921049553 -0.752425442800877 0.49724189147216064
vn 0.1342669574036652 -0.7679427252566635 -0.6262877572449673
vn 0.005352157551481725 -0.9997087563387507 -0.02353204005547506
vn 0.054111526935068446 -0.9524511962223117 0.29984773046905494
vn 0.09139964706690287 -0.9741577481703643 -0.2065497184594815
vn 0.052533776463489 -0.9868464042079146 0.15288681052462755
vn 0.39769947305014963 -0.07056944032530268 -0.9147978373541374
vn 0.7556779243289011 -0.06831501296552439 -0.6513708112016409
vn 0.6563777980347539 -0.06787474512147332 0.7513728802809846
vn 0.9878060966500803 -0.0734189163775869 0.13729085234957553
vn 0.2488234353520017 -0.7663200535740868 -0.5923178821459274
vn 0.21216358112987577 -0.9605612695316735 -0.17974610515348063
vn 0.23377560427490202 -0.7459604851312251 0.6236119959307163
vn 0.16421825097523857 -0.9595325229100921 0.2287568655241355
vn 0.48147141041622604 -0.7597678759034937 -0.43696459318450914
vn 0.03234198324515436 -0.999437692124721 0.00884848462629914
vn 0.4374458696070825 -0.7454328377224066 0.5029622208564213
vn 0.6305137756954354 -0.7718851424622001 0.08152119665703504
vn 0.5238160072165418 -0.06766631683164173 -0.8491395999187412
vn 0.01358764301457081 -0.06824631054180867 0.9975759705680264
vn 0.1186115016971558 -0.9743992256989726 -0.19099073438883912
vn 0.010833651994357003 -0.7626112269326402 0.6467663786412823
vn 0.33844532969182706 -0.7616338596302834 -0.5526016853706369
vn -0.4235752123600513 -0.06638572206247019 0.9034251354597025
vn -0.13269545268219815 -0.9508881066261416 0.2796492902090364
vn -0.2746134427316964 -0.7577572539305543 0.5919386802589188
vn 0.5877226530990649 -0.06943895596760569 -0.8060771144427344
vn 0.08488519447232183 -0.06638519432660024 0.9941768000379085
vn 0.18305765344612543 -0.9510748517434002 -0.24889058217632026
vn 0.37686581210789183 -0.7653545897956596 -0.5217322220670072
vn 0.05814676794921848 -0.7577569566937395 0.6499410342171834
vn -0.3301458066320556 -0.06480874132141143 0.941702486675916
vn -0.16942791685471326 -0.06440912949155383 0.983435633393672
vn -0.06211592940610719 -0.9829938314435143 0.17281417377638794
vn -0.2146337011468944 -0.7524262593612798 0.6227255403109605
vn 0.016090255470742477 -0.9997196942721015 -0.017367687335467587
vn -0.05688963105533451 -0.9548244510088166 0.2916741977517036
vn -0.1093507743169393 -0.7459602093625108 0.6569518811938397
vn 0.9512322763982581 -0.07083083852233621 -0.30023349022454254
vn 0.9910877802012913 -0.07056932795959606 -0.11298221934007117
vn 0.6095157214119615 -0.7679416472344075 -0.19686597419198926
vn 0.6373741599686729 -0.7663199273008602 -0.0806718614253644
vn 0.37500654716545023 -0.07341939772982538 0.9241102107541268
vn 0.9419425834713513 -0.06831506718610042 0.3287510015782083
vn 0.6191584309098284 -0.7597675128636077 0.19848466900576248
vn 0.1849358932548655 -0.06480888125416434 0.9806113013302511
vn 0.6736744037103432 -0.07083105286320453 -0.7356261004992981
vn 0.12548459857436356 -0.7524261945406663 0.6466130506645238
vn 0.42942243804302965 -0.767942547616367 -0.475247949249299
vn 0.19275362659666 -0.06787486328613311 0.9788968497077329
vn 0.8018167269639069 -0.07056965154561652 -0.5933884567815739
vn 0.9801217202606793 -0.06831516245335845 -0.18626446803461388
vn 0.7868197552332965 -0.07341879598803172 0.6128004187092916
vn 0.23804725121049664 -0.9555803898369984 -0.17378039230619927
vn 0.003116459502458087 -0.9995029897663051 0.03136974861848085
vn 0.1809237027286363 -0.9663527139846608 0.18283611778158107
vn 0.12735766326149578 -0.7454324454647467 0.6543015320607303
vn 0.5116459773071099 -0.7663204142478879 -0.38855040421082776
vn 0.12778549248214036 -0.9915314589801876 -0.023156721782614638
vn 0.6354492222504602 -0.7597675222807966 -0.13768659349618814
vn 0.5052801979624041 -0.7718851586108096 0.38585648039580595
vn 0.34498992316677063 -0.06440892769733714 0.9363938503355651
f 3288//3288 3426//3426 3287//3287
f 3288//3288 3287//3287 4285//4285
f 4285//4285 3287//3287 4284//4284
f 3288//3288 4285//4285 4351//4351
f 3288//3288 3427//3427 3426//3426
f 3288//3288 4351//4351 3427//3427
f 3427//3427 4351//4351 4358//4358
f 3427//3427 4357//4357 3426//3426
f 3427//3427 4358//4358 4357//4357
f 4285//4285 4284//4284 4292//4292
f 4292//4292 4284//4284 4291//4291
f 4285//4285 4292//4292 4351//4351
f 4292//4292 4291//4291 4360//4360
f 4351//4351 4360//4360 4358//4358
f 4292//4292 4360//4360 4351//4351
f 4358//4358 4359//4359 4357//4357
f 4358//4358 4360//4360 4359//4359
f 4360//4360 4291//4291 4359//4359
f 3237//3237 3238//3238 3239//3239
f 3238//3238 3245//3245 3239//3239
f 3237//3237 3287//3287 3238//3238
f 3237//3237 3239//3239 3284//3284
f 3240//3240 3242//3242 3243//3243
f 3240//3240 3243//3243 3245//3245
f 3241//3241 3244//3244 3242//3242
f 3242//3242 3244//3244 3243//3243
f 3238//3238 3240//3240 3245//3245
f 3238//3238 3287//3287 3240//3240
f 3240//3240 3426//3426 3242//3242
f 3241//3241 3242//3242 3426//3426
f 3243//3243 3290//3290 3245//3245
f 3243//3243 3244//3244 3290//3290
f 3237//3237 3284//3284 3282//3282
f 3282//3282 3284//3284 3283//3283
f 3282//3282 3283//3283 3285//3285
f 3237//3237 3282//3282 3287//3287
f 3282//3282 3285//3285 3287//3287
f 3283//3283 3284//3284 3292//3292
f 3285//3285 3286//3286 4277//4277
f 3283//3283 3286//3286 3285//3285
f 3285//3285 4277//4277 4284//4284
f 3286//3286 4278//4278 4277//4277
f 3285//3285 4284//4284 3287//3287
f 3283//3283 3293//3293 3286//3286
f 3286//3286 4286//4286 4278//4278
f 3239//3239 3291//3291 3284//3284
f 3239//3239 3245//3245 3289//3289
f 3239//3239 3289//3289 3291//3291
f 3240//3240 3287//3287 3426//3426
f 3245//3245 3290//3290 3289//3289
f 3283//3283 3292//3292 3293//3293
f 3284//3284 3291//3291 3292//3292
f 3286//3286 3293//3293 4286//4286
f 3241//3241 3419//3419 3420//3420
f 3241//3241 3420//3420 3244//3244
f 3419//3419 3421//3421 3422//3422
f 3419//3419 3422//3422 3420//3420
f 3241//3241 3426//3426 3419//3419
f 3244//3244 3420//3420 3428//3428
f 3420//3420 3422//3422 3429//3429
f 3419//3419 3426//3426 3421//3421
f 3421//3421 3424//3424 3422//3422
f 3421//3421 3426//3426 3423//3423
f 3421//3421 3423//3423 3424//3424
f 3423//3423 3425//3425 3433//3433
f 3423//3423 3433//3433 3424//3424
f 3244//3244 3428//3428 3290//3290
f 3420//3420 3429//3429 3428//3428
f 3422//3422 3424//3424 3429//3429
f 3424//3424 3433//3433 3431//3431
f 3423//3423 3426//3426 4357//4357
f 3424//3424 3430//3430 3429//3429
f 3424//3424 3431//3431 3430//3430
f 3431//3431 3433//3433 3432//3432
f 3432//3432 3437//3437 4352//4352
f 3429//3429 3430//3430 3469//3469
f 3423//3423 4357//4357 3425//3425
f 3425//3425 4357//4357 3434//3434
f 3432//3432 3433//3433 3435//3435
f 3425//3425 3434//3434 3435//3435
f 3425//3425 3435//3435 3433//3433
f 3434//3434 3436//3436 3437//3437
f 3434//3434 3437//3437 3435//3435
f 3432//3432 3435//3435 3437//3437
f 3437//3437 4362//4362 4352//4352
f 3434//3434 4357//4357 3436//3436
f 3436//3436 4362//4362 3437//3437
f 3436//3436 4357//4357 4361//4361
f 3436//3436 4361//4361 4362//4362
f 4277//4277 4278//4278 4279//4279
f 4277//4277 4279//4279 4284//4284
f 4279//4279 4282//4282 4284//4284
f 4278//4278 4280//4280 4279//4279
f 4278//4278 4286//4286 4280//4280
f 4280//4280 4287//4287 4281//4281
f 4279//4279 4280//4280 4282//4282
f 4280//4280 4281//4281 4282//4282
f 4281//4281 4343//4343 4282//4282
f 4281//4281 4283//4283 4343//4343
f 4282//4282 4343//4343 4284//4284
f 4281//4281 4287//4287 4283//4283
f 4343//4343 4345//4345 4284//4284
f 4280//4280 4286//4286 4287//4287
f 4283//4283 4287//4287 4288//4288
f 4345//4345 4291//4291 4284//4284
f 4288//4288 4289//4289 4344//4344
f 4283//4283 4288//4288 4344//4344
f 4289//4289 4346//4346 4344//4344
f 4289//4289 4290//4290 4349//4349
f 4283//4283 4345//4345 4343//4343
f 4283//4283 4344//4344 4345//4345
f 4344//4344 4347//4347 4345//4345
f 4345//4345 4347//4347 4291//4291
f 4347//4347 4348//4348 4291//4291
f 4344//4344 4346//4346 4347//4347
f 4289//4289 4349//4349 4346//4346
f 4290//4290 4482//4482 4349//4349
f 4348//4348 4484//4484 4291//4291
f 4346//4346 4348//4348 4347//4347
f 4346//4346 4349//4349 4348//4348
f 4348//4348 4349//4349 4484//4484
f 4349//4349 4482//4482 4484//4484
f 4352//4352 4364//4364 4353//4353
f 4353//4353 4366//4366 4354//4354
f 4355//4355 4356//4356 4480//4480
f 4485//4485 4359//4359 4291//4291
f 4290//4290 4355//4355 4482//4482
f 4354//4354 4486//4486 4356//4356
f 4356//4356 4486//4486 4480//4480
f 4354//4354 4365//4365 4486//4486
f 4352//4352 4362//4362 4364//4364
f 4363//4363 4357//4357 4359//4359
f 4353//4353 4364//4364 4366//4366
f 4361//4361 4357//4357 4363//4363
f 4361//4361 4364//4364 4362//4362
f 4361//4361 4363//4363 4364//4364
f 4363//4363 4366//4366 4364//4364
f 4363//4363 4359//4359 4367//4367
f 4354//4354 4366//4366 4365//4365
f 4367//4367 4359//4359 4488//4488
f 4363//4363 4367//4367 4366//4366
f 4365//4365 4367//4367 4488//4488
f 4365//4365 4366//4366 4367//4367
f 4355//4355 4483//4483 4482//4482
f 4355//4355 4480//4480 4483//4483
f 4481//4481 4291//4291 4484//4484
f 4481//4481 4485//4485 4291//4291
f 4485//4485 4487//4487 4359//4359
f 4480//4480 4487//4487 4485//4485
f 4481//4481 4484//4484 4482//4482
f 4481//4481 4482//4482 4483//4483
f 4481//4481 4483//4483 4485//4485
f 4480//4480 4485//4485 4483//4483
f 4487//4487 4488//4488 4359//4359
f 4365//4365 4488//4488 4486//4486
f 4486//4486 4488//4488 4487//4487
f 4480//4480 4486//4486 4487//4487
f 3289//3289 3366//3366 3291//3291
f 3289//3289 3290//3290 3353//3353
f 3290//3290 3428//3428 3357//3357
f 3289//3289 3353//3353 3366//3366
f 3290//3290 3354//3354 3353//3353
f 3290//3290 3355//3355 3354//3354
f 3290//3290 3356//3356 3355//3355
f 3290//3290 3357//3357 3356//3356
f 3291//3291 3370//3370 3292//3292
f 3291//3291 3369//3369 3370//3370
f 3291//3291 3366//3366 3369//3369
f 3292//3292 3370//3370 3368//3368
f 3292//3292 3368//3368 3372//3372
f 3292//3292 3371//3371 3374//3374
f 3292//3292 3372//3372 3371//3371
f 3292//3292 3374//3374 3375//3375
f 3292//3292 3402//3402 3293//3293
f 3293//3293 3407//3407 4286//4286
f 3292//3292 3375//3375 3398//3398
f 3292//3292 3398//3398 3404//3404
f 3375//3375 3376//3376 3398//3398
f 3376//3376 3377//3377 3398//3398
f 3377//3377 3378//3378 3398//3398
f 3292//3292 3404//3404 3402//3402
f 3293//3293 3402//3402 3403//3403
f 3293//3293 3403//3403 3405//3405
f 3293//3293 3405//3405 3406//3406
f 3293//3293 3406//3406 3407//3407
f 3407//3407 3409//3409 4286//4286
f 3362//3362 3363//3363 3417//3417
f 3363//3363 3364//3364 3396//3396
f 3363//3363 3395//3395 3417//3417
f 3363//3363 3396//3396 3395//3395
f 3364//3364 3650//3650 3396//3396
f 3364//3364 3998//3998 3651//3651
f 3381//3381 3382//3382 3418//3418
f 3382//3382 3383//3383 3418//3418
f 3383//3383 3387//3387 3418//3418
f 3378//3378 3379//3379 3398//3398
f 3379//3379 3380//3380 3398//3398
f 3380//3380 3381//3381 3398//3398
f 3381//3381 3397//3397 3398//3398
f 3381//3381 3418//3418 3397//3397
f 3384//3384 3386//3386 3412//3412
f 3384//3384 3412//3412 3385//3385
f 3387//3387 3388//3388 3418//3418
f 3385//3385 3418//3418 3388//3388
f 3362//3362 3412//3412 3386//3386
f 3385//3385 3415//3415 3414//3414
f 3385//3385 3414//3414 3418//3418
f 3385//3385 3412//3412 3416//3416
f 3385//3385 3416//3416 3415//3415
f 3362//3362 3417//3417 3412//3412
f 3428//3428 3429//3429 3448//3448
f 3357//3357 3428//3428 3359//3359
f 3359//3359 3428//3428 3360//3360
f 3360//3360 3428//3428 3447//3447
f 3428//3428 3448//3448 3447//3447
f 3429//3429 3452//3452 3448//3448
f 3429//3429 3453//3453 3452//3452
f 3430//3430 3431//3431 3473//3473
f 3431//3431 3432//3432 3475//3475
f 3432//3432 4352//4352 3482//3482
f 3429//3429 3454//3454 3453//3453
f 3429//3429 3455//3455 3454//3454
f 3429//3429 3463//3463 3455//3455
f 3429//3429 3464//3464 3463//3463
f 3429//3429 3472//3472 3464//3464
f 3429//3429 3468//3468 3472//3472
f 3429//3429 3469//3469 3468//3468
f 3430//3430 3473//3473 3471//3471
f 3430//3430 3471//3471 3469//3469
f 3431//3431 3475//3475 3474//3474
f 3432//3432 3478//3478 3475//3475
f 3431//3431 3474//3474 3473//3473
f 3432//3432 3479//3479 3478//3478
f 3432//3432 3481//3481 3479//3479
f 3432//3432 3482//3482 3481//3481
f 3482//3482 4352//4352 3483//3483
f 3483//3483 4352//4352 3484//3484
f 3484//3484 4352//4352 4389//4389
f 3459//3459 3465//3465 3462//3462
f 3458//3458 3464//3464 3472//3472
f 3458//3458 3472//3472 3459//3459
f 3364//3364 3460//3460 3998//3998
f 3460//3460 3461//3461 3465//3465
f 3461//3461 3462//3462 3465//3465
f 3460//3460 3465//3465 3466//3466
f 3459//3459 3472//3472 3465//3465
f 3660//3660 3663//3663 3661//3661
f 3661//3661 3664//3664 4006//4006
f 3661//3661 3663//3663 3664//3664
f 3674//3674 3680//3680 3675//3675
f 3674//3674 3676//3676 3680//3680
f 3660//3660 3675//3675 3663//3663
f 3681//3681 3683//3683 3687//3687
f 3675//3675 3680//3680 3679//3679
f 3678//3678 3679//3679 3680//3680
f 3676//3676 3684//3684 3680//3680
f 3681//3681 3682//3682 3683//3683
f 3680//3680 3687//3687 3683//3683
f 3684//3684 3685//3685 3687//3687
f 3685//3685 3688//3688 3687//3687
f 3687//3687 3688//3688 3690//3690
f 3680//3680 3684//3684 3687//3687
f 3681//3681 3687//3687 3686//3686
f 3688//3688 3691//3691 3690//3690
f 3689//3689 3690//3690 3691//3691
f 3663//3663 3675//3675 3679//3679
f 4006//4006 4009//4009 4007//4007
f 4007//4007 4010//4010 4036//4036
f 3664//3664 4009//4009 4006//4006
f 4007//4007 4009//4009 4010//4010
f 4036//4036 4040//4040 4037//4037
f 4037//4037 4045//4045 4038//4038
f 4010//4010 4040//4040 4036//4036
f 4037//4037 4040//4040 4041//4041
f 4037//4037 4041//4041 4045//4045
f 4041//4041 4042//4042 4048//4048
f 4041//4041 4048//4048 4045//4045
f 4045//4045 4048//4048 4047//4047
f 4045//4045 4047//4047 4046//4046
f 4048//4048 4049//4049 4050//4050
f 4047//4047 4048//4048 4050//4050
f 4047//4047 4050//4050 4057//4057
f 4050//4050 4054//4054 4058//4058
f 4050//4050 4058//4058 4057//4057
f 4055//4055 4056//4056 4058//4058
f 4053//4053 4055//4055 4058//4058
f 4053//4053 4058//4058 4054//4054
f 4286//4286 4296//4296 4287//4287
f 4287//4287 4302//4302 4288//4288
f 4290//4290 4314//4314 4355//4355
f 4289//4289 4317//4317 4290//4290
f 4288//4288 4310//4310 4289//4289
f 3409//3409 4293//4293 4286//4286
f 4286//4286 4293//4293 4294//4294
f 4286//4286 4294//4294 4296//4296
f 4287//4287 4297//4297 4299//4299
f 4287//4287 4299//4299 4300//4300
f 4287//4287 4296//4296 4297//4297
f 4287//4287 4300//4300 4302//4302
f 4288//4288 4302//4302 4303//4303
f 4288//4288 4303//4303 4306//4306
f 4288//4288 4306//4306 4307//4307
f 4288//4288 4307//4307 4310//4310
f 4289//4289 4310//4310 4309//4309
f 4290//4290 4313//4313 4314//4314
f 4290//4290 4312//4312 4313//4313
f 4290//4290 4317//4317 4312//4312
f 4289//4289 4321//4321 4320//4320
f 4289//4289 4322//4322 4321//4321
f 4289//4289 4319//4319 4318//4318
f 4289//4289 4320//4320 4319//4319
f 4289//4289 4318//4318 4317//4317
f 4289//4289 4309//4309 4311//4311
f 4289//4289 4311//4311 4322//4322
f 4311//4311 4323//4323 4322//4322
f 4311//4311 4326//4326 4323//4323
f 4311//4311 4331//4331 4326//4326
f 4326//4326 4331//4331 4327//4327
f 4327//4327 4331//4331 4329//4329
f 4329//4329 4331//4331 4330//4330
f 4330//4330 4331//4331 4332//4332
f 4330//4330 4332//4332 4551//4551
f 4330//4330 4551//4551 4427//4427
f 4352//4352 4353//4353 4390//4390
f 4353//4353 4354//4354 4374//4374
f 4355//4355 4417//4417 4356//4356
f 4354//4354 4356//4356 4369//4369
f 4353//4353 4375//4375 4370//4370
f 4354//4354 4376//4376 4374//4374
f 4353//4353 4373//4373 4375//4375
f 4353//4353 4374//4374 4373//4373
f 4354//4354 4380//4380 4377//4377
f 4354//4354 4368//4368 4380//4380
f 4354//4354 4369//4369 4368//4368
f 4354//4354 4377//4377 4376//4376
f 4352//4352 4390//4390 4389//4389
f 4353//4353 4370//4370 4395//4395
f 4353//4353 4391//4391 4390//4390
f 4353//4353 4393//4393 4391//4391
f 4353//4353 4395//4395 4396//4396
f 4353//4353 4396//4396 4393//4393
f 4355//4355 4416//4416 4417//4417
f 4314//4314 4413//4413 4355//4355
f 4355//4355 4413//4413 4415//4415
f 4355//4355 4415//4415 4414//4414
f 4355//4355 4414//4414 4416//4416
f 4356//4356 4417//4417 4369//4369
f 4370//4370 4372//4372 4395//4395
f 4371//4371 4395//4395 4372//4372
f 4371//4371 4382//4382 4395//4395
f 4383//4383 4385//4385 4384//4384
f 4394//4394 4395//4395 4399//4399
f 4382//4382 4400//4400 4395//4395
f 4395//4395 4400//4400 4399//4399
f 4399//4399 4401//4401 4402//4402
f 4394//4394 4399//4399 4402//4402
f 4401//4401 4404//4404 4402//4402
f 4427//4427 4430//4430 4428//4428
f 4383//4383 4428//4428 4429//4429
f 4427//4427 4864//4864 4430//4430
f 4428//4428 4430//4430 4429//4429
f 4383//4383 4429//4429 4385//4385
f 4528//4528 4529//4529 4535//4535
f 4529//4529 4530//4530 4541//4541
f 4531//4531 4537//4537 4532//4532
f 4533//4533 4535//4535 4538//4538
f 4531//4531 4534//4534 4537//4537
f 4533//4533 4538//4538 4534//4534
f 4534//4534 4538//4538 4537//4537
f 4536//4536 4537//4537 4538//4538
f 4529//4529 4541//4541 4535//4535
f 4535//4535 4541//4541 4538//4538
f 4538//4538 4541//4541 4540//4540
f 4530//4530 4542//4542 4541//4541
f 4530//4530 4564//4564 4542//4542
f 4543//4543 4544//4544 4545//4545
f 4542//4542 4564//4564 4543//4543
f 4543//4543 4564//4564 4544//4544
f 4530//4530 4561//4561 4564//4564
f 4561//4561 4562//4562 4565//4565
f 4561//4561 4565//4565 4564//4564
f 4565//4565 4877//4877 4566//4566
f 4816//4816 4834//4834 4818//4818
f 4817//4817 4835//4835 4874//4874
f 4817//4817 4818//4818 4834//4834
f 4835//4835 4879//4879 4874//4874
f 4823//4823 4826//4826 4827//4827
f 4823//4823 4827//4827 4829//4829
f 4820//4820 4821//4821 4823//4823
f 4820//4820 4823//4823 4829//4829
f 4816//4816 4824//4824 4825//4825
f 4825//4825 4832//4832 4834//4834
f 4831//4831 4834//4834 4832//4832
f 4820//4820 4832//4832 4825//4825
f 4820//4820 4829//4829 4830//4830
f 4820//4820 4830//4830 4832//4832
f 4828//4828 4830//4830 4829//4829
f 4816//4816 4825//4825 4834//4834
f 4817//4817 4834//4834 4835//4835
f 4834//4834 4836//4836 4835//4835
f 4427//4427 4551//4551 4864//4864
f 4562//4562 4873//4873 4565//4565
f 4873//4873 4874//4874 4879//4879
f 4565//4565 4873//4873 4878//4878
f 4873//4873 4879//4879 4878//4878
f 4566//4566 4877//4877 4876//4876
f 4565//4565 4878//4878 4877//4877
f 3247//3247 3268//3268 3248//3248
f 3248//3248 3268//3268 3269//3269
f 3246//3246 3268//3268 3247//3247
f 3246//3246 3247//3247 3256//3256
f 3249//3249 3269//3269 3270//3270
f 3248//3248 3269//3269 3249//3249
f 3247//3247 3248//3248 3250//3250
f 3249//3249 3270//3270 3252//3252
f 3248//3248 3249//3249 3252//3252
f 3248//3248 3252//3252 3250//3250
f 3247//3247 3250//3250 3251//3251
f 3251//3251 3262//3262 3256//3256
f 3253//3253 3265//3265 3262//3262
f 3251//3251 3253//3253 3262//3262
f 3247//3247 3251//3251 3256//3256
f 3250//3250 3297//3297 3251//3251
f 3251//3251 3297//3297 3253//3253
f 3250//3250 3252//3252 3298//3298
f 3250//3250 3298//3298 3297//3297
f 3253//3253 3294//3294 3265//3265
f 3252//3252 3270//3270 3315//3315
f 3246//3246 3256//3256 3254//3254
f 3254//3254 3257//3257 3255//3255
f 3256//3256 3262//3262 3257//3257
f 3257//3257 3262//3262 3263//3263
f 3258//3258 3263//3263 3264//3264
f 3254//3254 3256//3256 3257//3257
f 3255//3255 3257//3257 3258//3258
f 3254//3254 3255//3255 3277//3277
f 3257//3257 3263//3263 3258//3258
f 3255//3255 3258//3258 3264//3264
f 3259//3259 3266//3266 3265//3265
f 3259//3259 3265//3265 3294//3294
f 3259//3259 3260//3260 3266//3266
f 3260//3260 3261//3261 3267//3267
f 3262//3262 3265//3265 3263//3263
f 3263//3263 3266//3266 3264//3264
f 3263//3263 3265//3265 3266//3266
f 3264//3264 3266//3266 3267//3267
f 3255//3255 3264//3264 3278//3278
f 3261//3261 3264//3264 3267//3267
f 3260//3260 3267//3267 3266//3266
f 3264//3264 3310//3310 3278//3278
f 3268//3268 3272//3272 3269//3269
f 3246//3246 3276//3276 3268//3268
f 3269//3269 3271//3271 3270//3270
f 3269//3269 3272//3272 3271//3271
f 3270//3270 3271//3271 3273//3273
f 3268//3268 3276//3276 3272//3272
f 3270//3270 3273//3273 3315//3315
f 3271//3271 3316//3316 3273//3273
f 3271//3271 3272//3272 3274//3274
f 3273//3273 3316//3316 3315//3315
f 3271//3271 3274//3274 3316//3316
f 3272//3272 3280//3280 3274//3274
f 3246//3246 3254//3254 3275//3275
f 3246//3246 3275//3275 3276//3276
f 3254//3254 3277//3277 3275//3275
f 3255//3255 3278//3278 3277//3277
f 3272//3272 3276//3276 3280//3280
f 3275//3275 3277//3277 3278//3278
f 3275//3275 3279//3279 3276//3276
f 3276//3276 3279//3279 3280//3280
f 3275//3275 3278//3278 3279//3279
f 3274//3274 3280//3280 3321//3321
f 3279//3279 3322//3322 3280//3280
f 3278//3278 3281//3281 3279//3279
f 3280//3280 3322//3322 3321//3321
f 3279//3279 3281//3281 3322//3322
f 3259//3259 3294//3294 3296//3296
f 3294//3294 3295//3295 3300//3300
f 3295//3295 3299//3299 3301//3301
f 3295//3295 3301//3301 3300//3300
f 3294//3294 3300//3300 3296//3296
f 3253//3253 3297//3297 3295//3295
f 3252//3252 3299//3299 3298//3298
f 3297//3297 3298//3298 3299//3299
f 3253//3253 3295//3295 3294//3294
f 3295//3295 3297//3297 3299//3299
f 3252//3252 3315//3315 3304//3304
f 3252//3252 3304//3304 3299//3299
f 3296//3296 3300//3300 3303//3303
f 3299//3299 3304//3304 3301//3301
f 3300//3300 3304//3304 3303//3303
f 3296//3296 3303//3303 3302//3302
f 3300//3300 3301//3301 3304//3304
f 3302//3302 3303//3303 3344//3344
f 3303//3303 3304//3304 3346//3346
f 3303//3303 3346//3346 3344//3344
f 3259//3259 3296//3296 3305//3305
f 3259//3259 3305//3305 3260//3260
f 3261//3261 3310//3310 3264//3264
f 3260//3260 3306//3306 3261//3261
f 3260//3260 3305//3305 3306//3306
f 3261//3261 3306//3306 3307//3307
f 3296//3296 3302//3302 3305//3305
f 3305//3305 3309//3309 3306//3306
f 3306//3306 3309//3309 3308//3308
f 3261//3261 3307//3307 3310//3310
f 3306//3306 3308//3308 3307//3307
f 3307//3307 3308//3308 3310//3310
f 3302//3302 3309//3309 3305//3305
f 3309//3309 3345//3345 3311//3311
f 3302//3302 3345//3345 3309//3309
f 3302//3302 3344//3344 3345//3345
f 3308//3308 3311//3311 3312//3312
f 3308//3308 3309//3309 3311//3311
f 3308//3308 3312//3312 3310//3310
f 3310//3310 3312//3312 3313//3313
f 3311//3311 3351//3351 3312//3312
f 3312//3312 3350//3350 3313//3313
f 3312//3312 3351//3351 3350//3350
f 3313//3313 3350//3350 3352//3352
f 3310//3310 3313//3313 3352//3352
f 3310//3310 3352//3352 3448//3448
f 3304//3304 3315//3315 3379//3379
f 3315//3315 3390//3390 3379//3379
f 3278//3278 3310//3310 3452//3452
f 3278//3278 3454//3454 3314//3314
f 3278//3278 3452//3452 3453//3453
f 3278//3278 3453//3453 3454//3454
f 3315//3315 3316//3316 3318//3318
f 3274//3274 3319//3319 3316//3316
f 3315//3315 3318//3318 3317//3317
f 3316//3316 3319//3319 3318//3318
f 3315//3315 3317//3317 3320//3320
f 3317//3317 3332//3332 3320//3320
f 3317//3317 3318//3318 3332//3332
f 3315//3315 3320//3320 3390//3390
f 3274//3274 3321//3321 3319//3319
f 3319//3319 3321//3321 3325//3325
f 3318//3318 3319//3319 3333//3333
f 3319//3319 3325//3325 3333//3333
f 3318//3318 3333//3333 3332//3332
f 3278//3278 3323//3323 3281//3281
f 3281//3281 3323//3323 3322//3322
f 3321//3321 3322//3322 3324//3324
f 3321//3321 3324//3324 3325//3325
f 3322//3322 3323//3323 3324//3324
f 3278//3278 3314//3314 3323//3323
f 3324//3324 3339//3339 3325//3325
f 3325//3325 3338//3338 3333//3333
f 3323//3323 3337//3337 3324//3324
f 3324//3324 3337//3337 3339//3339
f 3320//3320 3332//3332 3335//3335
f 3332//3332 3333//3333 3336//3336
f 3333//3333 3338//3338 3336//3336
f 3320//3320 3335//3335 3334//3334
f 3320//3320 3334//3334 3390//3390
f 3332//3332 3336//3336 3335//3335
f 3334//3334 3335//3335 3391//3391
f 3335//3335 3336//3336 3389//3389
f 3314//3314 3337//3337 3323//3323
f 3325//3325 3339//3339 3338//3338
f 3338//3338 3339//3339 3340//3340
f 3314//3314 3339//3339 3337//3337
f 3336//3336 3338//3338 3341//3341
f 3336//3336 3341//3341 3389//3389
f 3338//3338 3340//3340 3341//3341
f 3314//3314 3340//3340 3339//3339
f 3345//3345 3347//3347 3348//3348
f 3311//3311 3345//3345 3348//3348
f 3304//3304 3349//3349 3346//3346
f 3344//3344 3347//3347 3345//3345
f 3344//3344 3346//3346 3349//3349
f 3348//3348 3367//3367 3351//3351
f 3347//3347 3365//3365 3348//3348
f 3344//3344 3349//3349 3347//3347
f 3304//3304 3377//3377 3349//3349
f 3347//3347 3349//3349 3373//3373
f 3304//3304 3378//3378 3377//3377
f 3311//3311 3348//3348 3351//3351
f 3350//3350 3351//3351 3356//3356
f 3350//3350 3358//3358 3352//3352
f 3352//3352 3358//3358 3446//3446
f 3310//3310 3448//3448 3452//3452
f 3351//3351 3366//3366 3353//3353
f 3351//3351 3367//3367 3369//3369
f 3351//3351 3369//3369 3366//3366
f 3351//3351 3353//3353 3354//3354
f 3351//3351 3354//3354 3355//3355
f 3351//3351 3355//3355 3356//3356
f 3350//3350 3356//3356 3357//3357
f 3350//3350 3357//3357 3358//3358
f 3357//3357 3359//3359 3358//3358
f 3358//3358 3359//3359 3360//3360
f 3304//3304 3379//3379 3378//3378
f 3361//3361 3390//3390 3392//3392
f 3361//3361 3382//3382 3390//3390
f 3379//3379 3390//3390 3380//3380
f 3380//3380 3390//3390 3381//3381
f 3381//3381 3390//3390 3382//3382
f 3361//3361 3392//3392 3388//3388
f 3386//3386 3392//3392 3393//3393
f 3384//3384 3385//3385 3392//3392
f 3384//3384 3392//3392 3386//3386
f 3362//3362 3386//3386 3393//3393
f 3362//3362 3393//3393 3363//3363
f 3363//3363 3393//3393 3364//3364
f 3364//3364 3393//3393 3450//3450
f 3348//3348 3365//3365 3367//3367
f 3367//3367 3370//3370 3369//3369
f 3367//3367 3368//3368 3370//3370
f 3367//3367 3372//3372 3368//3368
f 3365//3365 3372//3372 3367//3367
f 3365//3365 3371//3371 3372//3372
f 3365//3365 3374//3374 3371//3371
f 3347//3347 3373//3373 3365//3365
f 3349//3349 3376//3376 3373//3373
f 3349//3349 3377//3377 3376//3376
f 3365//3365 3373//3373 3374//3374
f 3373//3373 3375//3375 3374//3374
f 3373//3373 3376//3376 3375//3375
f 3361//3361 3383//3383 3382//3382
f 3361//3361 3387//3387 3383//3383
f 3361//3361 3388//3388 3387//3387
f 3385//3385 3388//3388 3392//3392
f 3334//3334 3391//3391 3390//3390
f 3335//3335 3389//3389 3391//3391
f 3390//3390 3391//3391 3392//3392
f 3389//3389 3393//3393 3391//3391
f 3391//3391 3393//3393 3392//3392
f 3389//3389 3450//3450 3393//3393
f 3341//3341 3450//3450 3389//3389
f 3314//3314 3449//3449 3340//3340
f 3340//3340 3451//3451 3341//3341
f 3352//3352 3446//3446 3448//3448
f 3358//3358 3447//3447 3446//3446
f 3358//3358 3360//3360 3447//3447
f 3446//3446 3447//3447 3448//3448
f 3340//3340 3449//3449 3451//3451
f 3314//3314 3456//3456 3449//3449
f 3341//3341 3451//3451 3450//3450
f 3314//3314 3454//3454 3455//3455
f 3314//3314 3455//3455 3456//3456
f 3450//3450 3451//3451 3457//3457
f 3449//3449 3456//3456 3451//3451
f 3450//3450 3461//3461 3460//3460
f 3364//3364 3450//3450 3460//3460
f 3451//3451 3456//3456 3457//3457
f 3450//3450 3457//3457 3461//3461
f 3455//3455 3463//3463 3456//3456
f 3456//3456 3463//3463 3464//3464
f 3456//3456 3464//3464 3458//3458
f 3456//3456 3458//3458 3457//3457
f 3457//3457 3458//3458 3459//3459
f 3457//3457 3462//3462 3461//3461
f 3457//3457 3459//3459 3462//3462
f 4312//4312 4315//4315 4313//4313
f 4313//4313 4315//4315 4314//4314
f 4312//4312 4317//4317 4316//4316
f 4312//4312 4316//4316 4315//4315
f 4316//4316 4317//4317 4419//4419
f 4318//4318 4319//4319 4443//4443
f 4321//4321 4322//4322 4324//4324
f 4320//4320 4321//4321 4324//4324
f 4322//4322 4323//4323 4324//4324
f 4319//4319 4320//4320 4447//4447
f 4323//4323 4326//4326 4328//4328
f 4326//4326 4327//4327 4328//4328
f 4327//4327 4329//4329 4328//4328
f 4323//4323 4328//4328 4324//4324
f 4324//4324 4328//4328 4333//4333
f 4328//4328 4329//4329 4335//4335
f 4329//4329 4330//4330 4335//4335
f 4330//4330 4427//4427 4335//4335
f 4328//4328 4335//4335 4333//4333
f 4320//4320 4324//4324 4447//4447
f 4324//4324 4333//4333 4334//4334
f 4324//4324 4334//4334 4447//4447
f 4333//4333 4335//4335 4445//4445
f 4333//4333 4446//4446 4334//4334
f 4334//4334 4446//4446 4447//4447
f 4373//4373 4378//4378 4375//4375
f 4373//4373 4374//4374 4378//4378
f 4376//4376 4377//4377 4381//4381
f 4377//4377 4380//4380 4381//4381
f 4374//4374 4376//4376 4378//4378
f 4376//4376 4381//4381 4378//4378
f 4370//4370 4375//4375 4379//4379
f 4370//4370 4379//4379 4372//4372
f 4375//4375 4378//4378 4379//4379
f 4371//4371 4372//4372 4423//4423
f 4368//4368 4381//4381 4380//4380
f 4372//4372 4379//4379 4423//4423
f 4378//4378 4422//4422 4379//4379
f 4378//4378 4381//4381 4421//4421
f 4401//4401 4403//4403 4404//4404
f 4401//4401 4436//4436 4403//4403
f 4403//4403 4436//4436 4405//4405
f 4408//4408 4409//4409 4433//4433
f 4408//4408 4433//4433 4410//4410
f 4410//4410 4433//4433 4411//4411
f 4386//4386 4411//4411 4434//4434
f 4386//4386 4434//4434 4387//4387
f 4314//4314 4315//4315 4413//4413
f 4315//4315 4415//4415 4413//4413
f 4315//4315 4420//4420 4415//4415
f 4315//4315 4316//4316 4419//4419
f 4414//4414 4415//4415 4418//4418
f 4416//4416 4418//4418 4417//4417
f 4414//4414 4418//4418 4416//4416
f 4369//4369 4417//4417 4418//4418
f 4368//4368 4418//4418 4381//4381
f 4368//4368 4369//4369 4418//4418
f 4381//4381 4418//4418 4421//4421
f 4315//4315 4419//4419 4420//4420
f 4415//4415 4420//4420 4418//4418
f 4418//4418 4420//4420 4439//4439
f 4419//4419 4438//4438 4420//4420
f 4418//4418 4440//4440 4421//4421
f 4317//4317 4318//4318 4443//4443
f 4317//4317 4443//4443 4419//4419
f 4378//4378 4421//4421 4422//4422
f 4379//4379 4422//4422 4423//4423
f 4421//4421 4424//4424 4422//4422
f 4422//4422 4425//4425 4423//4423
f 4371//4371 4466//4466 4382//4382
f 4382//4382 4466//4466 4400//4400
f 4399//4399 4400//4400 4466//4466
f 4371//4371 4423//4423 4466//4466
f 4421//4421 4440//4440 4424//4424
f 4422//4422 4424//4424 4425//4425
f 4423//4423 4425//4425 4426//4426
f 4424//4424 4444//4444 4425//4425
f 4423//4423 4426//4426 4466//4466
f 4425//4425 4467//4467 4426//4426
f 4335//4335 4427//4427 4428//4428
f 4335//4335 4428//4428 4431//4431
f 4383//4383 4431//4431 4428//4428
f 4383//4383 4384//4384 4431//4431
f 4384//4384 4388//4388 4431//4431
f 4387//4387 4431//4431 4388//4388
f 4387//4387 4434//4434 4431//4431
f 4335//4335 4431//4431 4435//4435
f 4335//4335 4435//4435 4445//4445
f 4333//4333 4445//4445 4446//4446
f 4435//4435 4931//4931 4445//4445
f 4399//4399 4466//4466 4401//4401
f 4405//4405 4436//4436 4407//4407
f 4407//4407 4436//4436 4409//4409
f 4409//4409 4436//4436 4433//4433
f 4411//4411 4433//4433 4434//4434
f 4431//4431 4434//4434 4437//4437
f 4433//4433 4436//4436 4434//4434
f 4431//4431 4437//4437 4435//4435
f 4434//4434 4436//4436 4437//4437
f 4435//4435 4437//4437 4933//4933
f 4436//4436 4455//4455 4437//4437
f 4401//4401 4479//4479 4436//4436
f 4437//4437 4455//4455 4933//4933
f 4420//4420 4438//4438 4439//4439
f 4419//4419 4443//4443 4438//4438
f 4418//4418 4439//4439 4440//4440
f 4438//4438 4443//4443 4439//4439
f 4439//4439 4441//4441 4440//4440
f 4439//4439 4443//4443 4441//4441
f 4440//4440 4441//4441 4442//4442
f 4424//4424 4440//4440 4442//4442
f 4425//4425 4444//4444 4467//4467
f 4424//4424 4442//4442 4444//4444
f 4442//4442 4458//4458 4444//4444
f 4444//4444 4458//4458 4469//4469
f 4319//4319 4462//4462 4443//4443
f 4319//4319 4447//4447 4462//4462
f 4446//4446 4450//4450 4447//4447
f 4445//4445 4928//4928 4446//4446
f 4445//4445 4927//4927 4928//4928
f 4446//4446 4928//4928 4450//4450
f 4445//4445 4929//4929 4927//4927
f 4445//4445 4931//4931 4929//4929
f 4447//4447 4450//4450 4449//4449
f 4448//4448 4450//4450 4928//4928
f 4449//4449 4450//4450 4451//4451
f 4448//4448 4452//4452 4450//4450
f 4450//4450 4452//4452 4451//4451
f 4449//4449 4451//4451 4453//4453
f 4447//4447 4449//4449 4462//4462
f 4449//4449 4453//4453 4454//4454
f 4449//4449 4454//4454 4462//4462
f 4401//4401 4466//4466 4479//4479
f 4436//4436 4471//4471 4455//4455
f 4455//4455 4471//4471 4933//4933
f 4441//4441 4457//4457 4442//4442
f 4441//4441 4443//4443 4456//4456
f 4441//4441 4456//4456 4457//4457
f 4443//4443 4460//4460 4456//4456
f 4442//4442 4457//4457 4458//4458
f 4456//4456 4460//4460 4457//4457
f 4458//4458 4459//4459 4469//4469
f 4457//4457 4461//4461 4458//4458
f 4457//4457 4460//4460 4461//4461
f 4458//4458 4461//4461 4459//4459
f 4443//4443 4498//4498 4460//4460
f 4460//4460 4492//4492 4461//4461
f 4459//4459 4461//4461 4489//4489
f 4459//4459 4490//4490 4472//4472
f 4443//4443 4462//4462 4463//4463
f 4443//4443 4463//4463 4464//4464
f 4443//4443 4464//4464 4465//4465
f 4443//4443 4465//4465 4497//4497
f 4443//4443 4497//4497 4498//4498
f 4426//4426 4467//4467 4466//4466
f 4466//4466 4467//4467 4470//4470
f 4444//4444 4469//4469 4467//4467
f 4467//4467 4469//4469 4470//4470
f 4466//4466 4470//4470 4468//4468
f 4466//4466 4468//4468 4473//4473
f 4468//4468 4470//4470 4474//4474
f 4436//4436 4479//4479 4471//4471
f 4469//4469 4472//4472 4470//4470
f 4468//4468 4474//4474 4473//4473
f 4470//4470 4472//4472 4474//4474
f 4459//4459 4472//4472 4469//4469
f 4466//4466 4473//4473 4478//4478
f 4472//4472 4475//4475 4474//4474
f 4473//4473 4474//4474 4477//4477
f 4472//4472 4490//4490 4475//4475
f 4474//4474 4475//4475 4477//4477
f 4473//4473 4477//4477 4476//4476
f 4466//4466 4478//4478 4479//4479
f 4473//4473 4476//4476 4478//4478
f 4475//4475 4509//4509 4477//4477
f 4476//4476 4477//4477 4510//4510
f 4476//4476 4510//4510 4478//4478
f 4461//4461 4492//4492 4489//4489
f 4459//4459 4489//4489 4490//4490
f 4460//4460 4498//4498 4492//4492
f 4489//4489 4492//4492 4498//4498
f 4489//4489 4499//4499 4490//4490
f 4465//4465 4493//4493 4497//4497
f 4493//4493 4494//4494 4497//4497
f 4494//4494 4495//4495 4497//4497
f 4495//4495 4496//4496 4497//4497
f 4496//4496 5250//5250 4497//4497
f 4497//4497 5250//5250 5257//5257
f 4497//4497 5257//5257 4503//4503
f 4490//4490 4499//4499 4500//4500
f 4489//4489 4498//4498 4499//4499
f 4498//4498 4501//4501 4499//4499
f 4499//4499 4505//4505 4500//4500
f 4499//4499 4501//4501 4505//4505
f 4498//4498 4507//4507 4501//4501
f 4500//4500 4505//4505 4506//4506
f 4497//4497 4507//4507 4498//4498
f 4497//4497 4503//4503 4502//4502
f 4503//4503 5257//5257 4504//4504
f 4497//4497 4502//4502 4507//4507
f 4502//4502 4503//4503 4508//4508
f 4503//4503 4504//4504 4518//4518
f 4501//4501 4507//4507 4505//4505
f 4505//4505 4508//4508 4506//4506
f 4505//4505 4507//4507 4508//4508
f 4502//4502 4508//4508 4507//4507
f 4503//4503 4518//4518 4508//4508
f 4506//4506 4508//4508 4518//4518
f 4475//4475 4490//4490 4500//4500
f 4475//4475 4500//4500 4509//4509
f 4477//4477 4509//4509 4510//4510
f 4478//4478 4510//4510 4514//4514
f 4478//4478 4514//4514 4513//4513
f 4509//4509 4512//4512 4510//4510
f 4510//4510 4512//4512 4514//4514
f 4478//4478 4515//4515 4479//4479
f 4479//4479 4515//4515 4511//4511
f 4511//4511 4515//4515 5268//5268
f 4516//4516 5269//5269 5268//5268
f 4500//4500 4506//4506 4509//4509
f 4506//4506 4512//4512 4509//4509
f 4504//4504 5269//5269 4517//4517
f 4516//4516 4517//4517 5269//5269
f 4512//4512 4518//4518 4517//4517
f 4478//4478 4513//4513 4515//4515
f 4513//4513 4514//4514 4516//4516
f 4512//4512 4517//4517 4514//4514
f 4513//4513 4516//4516 4515//4515
f 4515//4515 4516//4516 5268//5268
f 4514//4514 4517//4517 4516//4516
f 4506//4506 4518//4518 4512//4512
f 4504//4504 4517//4517 4518//4518
f 4435//4435 4933//4933 4931//4931
f 4929//4929 4931//4931 4930//4930
f 4930//4930 4931//4931 4935//4935
f 4931//4931 4936//4936 4935//4935
f 4931//4931 4937//4937 4936//4936
f 4931//4931 4941//4941 4937//4937
f 4931//4931 4933//4933 4942//4942
f 4931//4931 4942//4942 4941//4941
f 4471//4471 4942//4942 4933//4933
f 4937//4937 4941//4941 4939//4939
f 4939//4939 4941//4941 4940//4940
f 4940//4940 4941//4941 4947//4947
f 4941//4941 4963//4963 4947//4947
f 4941//4941 4942//4942 4962//4962
f 4941//4941 4962//4962 4963//4963
f 4947//4947 4963//4963 4948//4948
f 4948//4948 4963//4963 4950//4950
f 4950//4950 4963//4963 4966//4966
f 4949//4949 4950//4950 4966//4966
f 4949//4949 4966//4966 5248//5248
f 4471//4471 4964//4964 4942//4942
f 4942//4942 4964//4964 4962//4962
f 4471//4471 4479//4479 4964//4964
f 4962//4962 4965//4965 4963//4963
f 4479//4479 4962//4962 4964//4964
f 4479//4479 4965//4965 4962//4962
f 4963//4963 4965//4965 4966//4966
f 4479//4479 4511//4511 4965//4965
f 4965//4965 5268//5268 4966//4966
f 5249//5249 5255//5255 5254//5254
f 5250//5250 5251//5251 5257//5257
f 5251//5251 5252//5252 5257//5257
f 5252//5252 5253//5253 5257//5257
f 5253//5253 5254//5254 5255//5255
f 5253//5253 5255//5255 5257//5257
f 5248//5248 5255//5255 5249//5249
f 4504//4504 5257//5257 5255//5255
f 4966//4966 5255//5255 5248//5248
f 4504//4504 5255//5255 5269//5269
f 4966//4966 5269//5269 5255//5255
f 4966//4966 5268//5268 5269//5269
f 4511//4511 5268//5268 4965//4965
f 3327//3327 3529//3529 3526//3526
f 3327//3327 3330//3330 3529//3529
f 3330//3330 3817//3817 3529//3529
f 3327//3327 3329//3329 3330//3330
f 3326//3326 3327//3327 3526//3526
f 3326//3326 3328//3328 3327//3327
f 3326//3326 3593//3593 3328//3328
f 3327//3327 3328//3328 3329//3329
f 3328//3328 3596//3596 3329//3329
f 3329//3329 3342//3342 3331//3331
f 3329//3329 3596//3596 3342//3342
f 3329//3329 3331//3331 3330//3330
f 3330//3330 3331//3331 3438//3438
f 3331//3331 3342//3342 3343//3343
f 3331//3331 3343//3343 3439//3439
f 3342//3342 3607//3607 3343//3343
f 3343//3343 3609//3609 3444//3444
f 3394//3394 3417//3417 3395//3395
f 3394//3394 3395//3395 3396//3396
f 3398//3398 3401//3401 3404//3404
f 3397//3397 3400//3400 3401//3401
f 3397//3397 3401//3401 3398//3398
f 3400//3400 3414//3414 3413//3413
f 3394//3394 3399//3399 3400//3400
f 3397//3397 3418//3418 3400//3400
f 3400//3400 3418//3418 3414//3414
f 3399//3399 3411//3411 3400//3400
f 3399//3399 3665//3665 3411//3411
f 3405//3405 3408//3408 3406//3406
f 3401//3401 3403//3403 3402//3402
f 3401//3401 3402//3402 3404//3404
f 3401//3401 3405//3405 3403//3403
f 3400//3400 3408//3408 3401//3401
f 3401//3401 3408//3408 3405//3405
f 3406//3406 3408//3408 3407//3407
f 3407//3407 3408//3408 3410//3410
f 3407//3407 3410//3410 3409//3409
f 3400//3400 3411//3411 3408//3408
f 3408//3408 3411//3411 3665//3665
f 3408//3408 3665//3665 4295//4295
f 3394//3394 3400//3400 3413//3413
f 3394//3394 3413//3413 3412//3412
f 3413//3413 3414//3414 3415//3415
f 3413//3413 3415//3415 3416//3416
f 3412//3412 3413//3413 3416//3416
f 3394//3394 3412//3412 3417//3417
f 3330//3330 3438//3438 3817//3817
f 3438//3438 3820//3820 3817//3817
f 3438//3438 3440//3440 3820//3820
f 3440//3440 3884//3884 3820//3820
f 3331//3331 3439//3439 3438//3438
f 3438//3438 3439//3439 3440//3440
f 3343//3343 3444//3444 3439//3439
f 3439//3439 3444//3444 3442//3442
f 3440//3440 3441//3441 3884//3884
f 3439//3439 3442//3442 3440//3440
f 3440//3440 3442//3442 3441//3441
f 3441//3441 3443//3443 3884//3884
f 3441//3441 3442//3442 3443//3443
f 3442//3442 3445//3445 3443//3443
f 3442//3442 3444//3444 3445//3445
f 3443//3443 3445//3445 3887//3887
f 3444//3444 3897//3897 3445//3445
f 3460//3460 3466//3466 3998//3998
f 3364//3364 3999//3999 3650//3650
f 3364//3364 3651//3651 3999//3999
f 3465//3465 3467//3467 3466//3466
f 3465//3465 3472//3472 3467//3467
f 3468//3468 3470//3470 3472//3472
f 3469//3469 3471//3471 3470//3470
f 3468//3468 3469//3469 3470//3470
f 3470//3470 3471//3471 3477//3477
f 3467//3467 3472//3472 3470//3470
f 3467//3467 3470//3470 3476//3476
f 3474//3474 3475//3475 3477//3477
f 3475//3475 3478//3478 3480//3480
f 3475//3475 3480//3480 3477//3477
f 3471//3471 3473//3473 3477//3477
f 3470//3470 3477//3477 3476//3476
f 3476//3476 3477//3477 4033//4033
f 3473//3473 3474//3474 3477//3477
f 3477//3477 3480//3480 3487//3487
f 3477//3477 3487//3487 4033//4033
f 3478//3478 3479//3479 3480//3480
f 3479//3479 3481//3481 3480//3480
f 3480//3480 3481//3481 3482//3482
f 3480//3480 3482//3482 3485//3485
f 3480//3480 3485//3485 3487//3487
f 3482//3482 3483//3483 3485//3485
f 3483//3483 3484//3484 3485//3485
f 3484//3484 3486//3486 3485//3485
f 3484//3484 4389//4389 3486//3486
f 3485//3485 4033//4033 3487//3487
f 3485//3485 4392//4392 4033//4033
f 3488//3488 3493//3493 3494//3494
f 3488//3488 3492//3492 3496//3496
f 3488//3488 3489//3489 3493//3493
f 3488//3488 3497//3497 3489//3489
f 3489//3489 3490//3490 3493//3493
f 3489//3489 3491//3491 3490//3490
f 3489//3489 3498//3498 3491//3491
f 3490//3490 3494//3494 3493//3493
f 3488//3488 3494//3494 3492//3492
f 3492//3492 3520//3520 3499//3499
f 3492//3492 3494//3494 3521//3521
f 3490//3490 3491//3491 3495//3495
f 3491//3491 3512//3512 3495//3495
f 3490//3490 3535//3535 3494//3494
f 3490//3490 3495//3495 3535//3535
f 3488//3488 3496//3496 3497//3497
f 3492//3492 3499//3499 3496//3496
f 3496//3496 3499//3499 3779//3779
f 3489//3489 3497//3497 3498//3498
f 3496//3496 3780//3780 3497//3497
f 3497//3497 3781//3781 3498//3498
f 3499//3499 3524//3524 3782//3782
f 3500//3500 3509//3509 3501//3501
f 3500//3500 3501//3501 3504//3504
f 3501//3501 3502//3502 3504//3504
f 3501//3501 3503//3503 3502//3502
f 3501//3501 3510//3510 3503//3503
f 3500//3500 3505//3505 3508//3508
f 3500//3500 3504//3504 3515//3515
f 3500//3500 3515//3515 3505//3505
f 3502//3502 3506//3506 3504//3504
f 3502//3502 3503//3503 3506//3506
f 3503//3503 3507//3507 3506//3506
f 3503//3503 3550//3550 3507//3507
f 3504//3504 3506//3506 3519//3519
f 3506//3506 3507//3507 3516//3516
f 3500//3500 3508//3508 3509//3509
f 3508//3508 3792//3792 3509//3509
f 3508//3508 3511//3511 3791//3791
f 3501//3501 3509//3509 3510//3510
f 3509//3509 3793//3793 3510//3510
f 3505//3505 3511//3511 3508//3508
f 3503//3503 3510//3510 3550//3550
f 3510//3510 3841//3841 3550//3550
f 3495//3495 3512//3512 3535//3535
f 3491//3491 3513//3513 3512//3512
f 3514//3514 3518//3518 3536//3536
f 3491//3491 3498//3498 3513//3513
f 3498//3498 3803//3803 3513//3513
f 3514//3514 3539//3539 3804//3804
f 3505//3505 3515//3515 3517//3517
f 3505//3505 3518//3518 3511//3511
f 3504//3504 3517//3517 3515//3515
f 3505//3505 3517//3517 3518//3518
f 3506//3506 3516//3516 3519//3519
f 3507//3507 3551//3551 3516//3516
f 3516//3516 3551//3551 3519//3519
f 3517//3517 3541//3541 3518//3518
f 3504//3504 3548//3548 3517//3517
f 3504//3504 3519//3519 3548//3548
f 3511//3511 3518//3518 3514//3514
f 3511//3511 3514//3514 3794//3794
f 3494//3494 3522//3522 3521//3521
f 3492//3492 3521//3521 3520//3520
f 3520//3520 3523//3523 3524//3524
f 3520//3520 3521//3521 3522//3522
f 3520//3520 3522//3522 3523//3523
f 3494//3494 3535//3535 3599//3599
f 3494//3494 3599//3599 3522//3522
f 3499//3499 3520//3520 3524//3524
f 3524//3524 3525//3525 3811//3811
f 3523//3523 3525//3525 3524//3524
f 3526//3526 3530//3530 3527//3527
f 3526//3526 3527//3527 3593//3593
f 3527//3527 3528//3528 3594//3594
f 3527//3527 3531//3531 3528//3528
f 3526//3526 3529//3529 3530//3530
f 3527//3527 3530//3530 3531//3531
f 3529//3529 3818//3818 3530//3530
f 3530//3530 3819//3819 3531//3531
f 3522//3522 3533//3533 3523//3523
f 3523//3523 3532//3532 3525//3525
f 3523//3523 3533//3533 3532//3532
f 3522//3522 3599//3599 3533//3533
f 3532//3532 3533//3533 3599//3599
f 3532//3532 3598//3598 3534//3534
f 3525//3525 3532//3532 3534//3534
f 3525//3525 3534//3534 3812//3812
f 3534//3534 3604//3604 3823//3823
f 3512//3512 3537//3537 3535//3535
f 3512//3512 3540//3540 3537//3537
f 3535//3535 3537//3537 3538//3538
f 3535//3535 3538//3538 3545//3545
f 3536//3536 3544//3544 3539//3539
f 3537//3537 3543//3543 3538//3538
f 3512//3512 3513//3513 3540//3540
f 3513//3513 3827//3827 3540//3540
f 3514//3514 3536//3536 3539//3539
f 3537//3537 3540//3540 3547//3547
f 3539//3539 3544//3544 3546//3546
f 3539//3539 3546//3546 3826//3826
f 3518//3518 3541//3541 3536//3536
f 3517//3517 3548//3548 3541//3541
f 3519//3519 3567//3567 3542//3542
f 3519//3519 3542//3542 3549//3549
f 3536//3536 3541//3541 3548//3548
f 3536//3536 3548//3548 3544//3544
f 3538//3538 3543//3543 3545//3545
f 3537//3537 3547//3547 3543//3543
f 3535//3535 3642//3642 3599//3599
f 3535//3535 3545//3545 3623//3623
f 3544//3544 3615//3615 3546//3546
f 3543//3543 3616//3616 3545//3545
f 3545//3545 3616//3616 3614//3614
f 3543//3543 3628//3628 3616//3616
f 3540//3540 3835//3835 3547//3547
f 3543//3543 3547//3547 3628//3628
f 3546//3546 3615//3615 3618//3618
f 3546//3546 3618//3618 3834//3834
f 3547//3547 3915//3915 3628//3628
f 3519//3519 3549//3549 3626//3626
f 3519//3519 3643//3643 3548//3548
f 3544//3544 3548//3548 3620//3620
f 3544//3544 3620//3620 3615//3615
f 3519//3519 3626//3626 3643//3643
f 3507//3507 3553//3553 3551//3551
f 3519//3519 3551//3551 3567//3567
f 3507//3507 3550//3550 3553//3553
f 3550//3550 3842//3842 3553//3553
f 3551//3551 3553//3553 3570//3570
f 3552//3552 3554//3554 3564//3564
f 3555//3555 3556//3556 3563//3563
f 3555//3555 3557//3557 3559//3559
f 3555//3555 3559//3559 3556//3556
f 3555//3555 3565//3565 3558//3558
f 3557//3557 3558//3558 3560//3560
f 3555//3555 3558//3558 3557//3557
f 3558//3558 3562//3562 3560//3560
f 3558//3558 3566//3566 3562//3562
f 3552//3552 3564//3564 3556//3556
f 3556//3556 3559//3559 3572//3572
f 3552//3552 3556//3556 3572//3572
f 3557//3557 3572//3572 3559//3559
f 3557//3557 3560//3560 3561//3561
f 3560//3560 3562//3562 3561//3561
f 3561//3561 3562//3562 3574//3574
f 3556//3556 3564//3564 3563//3563
f 3563//3563 3564//3564 3846//3846
f 3555//3555 3563//3563 3565//3565
f 3558//3558 3565//3565 3566//3566
f 3563//3563 3848//3848 3565//3565
f 3565//3565 3849//3849 3566//3566
f 3554//3554 3847//3847 3564//3564
f 3562//3562 3566//3566 3577//3577
f 3551//3551 3570//3570 3567//3567
f 3552//3552 3568//3568 3554//3554
f 3552//3552 3572//3572 3569//3569
f 3557//3557 3581//3581 3572//3572
f 3552//3552 3569//3569 3568//3568
f 3542//3542 3567//3567 3579//3579
f 3542//3542 3579//3579 3549//3549
f 3567//3567 3582//3582 3579//3579
f 3568//3568 3569//3569 3581//3581
f 3568//3568 3580//3580 3571//3571
f 3569//3569 3572//3572 3581//3581
f 3553//3553 3858//3858 3570//3570
f 3554//3554 3568//3568 3571//3571
f 3554//3554 3571//3571 3843//3843
f 3567//3567 3570//3570 3582//3582
f 3570//3570 3870//3870 3582//3582
f 3571//3571 3583//3583 3859//3859
f 3557//3557 3561//3561 3575//3575
f 3561//3561 3573//3573 3575//3575
f 3561//3561 3574//3574 3573//3573
f 3562//3562 3577//3577 3574//3574
f 3573//3573 3574//3574 3576//3576
f 3557//3557 3575//3575 3581//3581
f 3573//3573 3576//3576 3575//3575
f 3574//3574 3578//3578 3576//3576
f 3574//3574 3577//3577 3578//3578
f 3566//3566 3863//3863 3577//3577
f 3577//3577 3864//3864 3578//3578
f 3568//3568 3581//3581 3580//3580
f 3549//3549 3579//3579 3695//3695
f 3580//3580 3694//3694 3583//3583
f 3580//3580 3581//3581 3696//3696
f 3549//3549 3695//3695 3621//3621
f 3579//3579 3701//3701 3695//3695
f 3580//3580 3696//3696 3694//3694
f 3571//3571 3580//3580 3583//3583
f 3579//3579 3582//3582 3701//3701
f 3583//3583 3694//3694 3700//3700
f 3583//3583 3700//3700 3871//3871
f 3582//3582 4104//4104 3701//3701
f 3575//3575 3576//3576 3585//3585
f 3575//3575 3585//3585 3584//3584
f 3576//3576 3586//3586 3585//3585
f 3575//3575 3584//3584 3704//3704
f 3584//3584 3585//3585 3705//3705
f 3576//3576 3578//3578 3586//3586
f 3578//3578 3875//3875 3586//3586
f 3585//3585 3586//3586 3709//3709
f 3587//3587 3590//3590 3588//3588
f 3588//3588 3592//3592 3591//3591
f 3588//3588 3591//3591 3727//3727
f 3589//3589 3710//3710 3878//3878
f 3588//3588 3590//3590 3592//3592
f 3587//3587 3589//3589 3590//3590
f 3589//3589 3879//3879 3590//3590
f 3590//3590 3882//3882 3592//3592
f 3591//3591 3731//3731 3729//3729
f 3591//3591 3735//3735 3731//3731
f 3591//3591 3592//3592 3735//3735
f 3592//3592 4172//4172 3735//3735
f 3326//3326 3526//3526 3593//3593
f 3527//3527 3594//3594 3593//3593
f 3593//3593 3594//3594 3595//3595
f 3328//3328 3593//3593 3595//3595
f 3528//3528 3595//3595 3594//3594
f 3528//3528 3597//3597 3595//3595
f 3528//3528 3603//3603 3597//3597
f 3595//3595 3597//3597 3600//3600
f 3328//3328 3606//3606 3596//3596
f 3528//3528 3531//3531 3603//3603
f 3532//3532 3599//3599 3598//3598
f 3595//3595 3600//3600 3601//3601
f 3600//3600 3602//3602 3601//3601
f 3597//3597 3602//3602 3600//3600
f 3597//3597 3605//3605 3602//3602
f 3598//3598 3599//3599 3632//3632
f 3598//3598 3611//3611 3604//3604
f 3601//3601 3602//3602 3610//3610
f 3602//3602 3638//3638 3610//3610
f 3598//3598 3632//3632 3611//3611
f 3597//3597 3603//3603 3605//3605
f 3531//3531 3888//3888 3603//3603
f 3603//3603 3890//3890 3605//3605
f 3534//3534 3598//3598 3604//3604
f 3602//3602 3605//3605 3638//3638
f 3604//3604 3611//3611 3613//3613
f 3604//3604 3613//3613 3889//3889
f 3605//3605 3954//3954 3638//3638
f 3342//3342 3596//3596 3606//3606
f 3342//3342 3606//3606 3607//3607
f 3328//3328 3654//3654 3606//3606
f 3328//3328 3595//3595 3654//3654
f 3606//3606 3608//3608 3607//3607
f 3607//3607 3644//3644 3609//3609
f 3607//3607 3608//3608 3644//3644
f 3606//3606 3654//3654 3608//3608
f 3343//3343 3607//3607 3609//3609
f 3609//3609 3644//3644 3648//3648
f 3609//3609 3648//3648 3897//3897
f 3595//3595 3601//3601 3636//3636
f 3601//3601 3610//3610 3612//3612
f 3595//3595 3636//3636 3692//3692
f 3601//3601 3612//3612 3636//3636
f 3595//3595 3692//3692 3654//3654
f 3613//3613 3641//3641 3901//3901
f 3535//3535 3623//3623 3642//3642
f 3545//3545 3614//3614 3623//3623
f 3615//3615 3617//3617 3618//3618
f 3599//3599 3633//3633 3632//3632
f 3617//3617 3625//3625 3619//3619
f 3618//3618 3619//3619 3905//3905
f 3617//3617 3619//3619 3618//3618
f 3619//3619 3629//3629 3906//3906
f 3548//3548 3622//3622 3620//3620
f 3615//3615 3620//3620 3622//3622
f 3614//3614 3616//3616 3624//3624
f 3548//3548 3643//3643 3622//3622
f 3549//3549 3621//3621 3626//3626
f 3614//3614 3624//3624 3623//3623
f 3615//3615 3622//3622 3617//3617
f 3616//3616 3630//3630 3624//3624
f 3623//3623 3624//3624 3625//3625
f 3624//3624 3629//3629 3625//3625
f 3627//3627 3697//3697 3643//3643
f 3627//3627 3699//3699 3631//3631
f 3627//3627 3643//3643 3699//3699
f 3616//3616 3628//3628 3630//3630
f 3628//3628 3917//3917 3630//3630
f 3631//3631 4103//4103 3700//3700
f 3624//3624 3630//3630 3629//3629
f 3619//3619 3625//3625 3629//3629
f 3629//3629 3630//3630 3916//3916
f 3627//3627 3631//3631 3700//3700
f 3631//3631 3699//3699 3702//3702
f 3631//3631 3702//3702 3924//3924
f 3599//3599 3642//3642 3633//3633
f 3611//3611 3632//3632 3633//3633
f 3610//3610 3634//3634 3612//3612
f 3610//3610 3639//3639 3634//3634
f 3611//3611 3637//3637 3613//3613
f 3612//3612 3634//3634 3636//3636
f 3611//3611 3633//3633 3637//3637
f 3634//3634 3640//3640 3635//3635
f 3634//3634 3635//3635 3636//3636
f 3635//3635 3641//3641 3637//3637
f 3633//3633 3692//3692 3637//3637
f 3635//3635 3692//3692 3636//3636
f 3635//3635 3637//3637 3692//3692
f 3633//3633 3642//3642 3692//3692
f 3610//3610 3638//3638 3639//3639
f 3638//3638 3955//3955 3639//3639
f 3613//3613 3637//3637 3641//3641
f 3635//3635 3640//3640 3641//3641
f 3634//3634 3639//3639 3640//3640
f 3639//3639 3957//3957 3640//3640
f 3640//3640 3958//3958 3641//3641
f 3617//3617 3622//3622 3642//3642
f 3623//3623 3625//3625 3642//3642
f 3617//3617 3642//3642 3625//3625
f 3622//3622 3643//3643 3642//3642
f 3626//3626 3699//3699 3643//3643
f 3642//3642 3643//3643 3692//3692
f 3608//3608 3654//3654 3644//3644
f 3644//3644 3646//3646 3648//3648
f 3644//3644 3654//3654 3646//3646
f 3399//3399 3649//3649 3645//3645
f 3645//3645 3653//3653 3647//3647
f 3646//3646 3652//3652 3648//3648
f 3648//3648 3652//3652 3997//3997
f 3394//3394 3649//3649 3399//3399
f 3394//3394 3396//3396 3650//3650
f 3394//3394 3650//3650 3649//3649
f 3649//3649 3650//3650 3999//3999
f 3645//3645 3649//3649 3653//3653
f 3649//3649 4001//4001 3653//3653
f 3654//3654 3692//3692 3669//3669
f 3646//3646 3654//3654 3655//3655
f 3646//3646 3657//3657 3652//3652
f 3654//3654 3669//3669 3655//3655
f 3647//3647 3659//3659 3656//3656
f 3646//3646 3655//3655 3657//3657
f 3655//3655 3669//3669 3657//3657
f 3656//3656 3662//3662 3658//3658
f 3647//3647 3653//3653 3659//3659
f 3652//3652 3657//3657 3673//3673
f 3652//3652 3673//3673 3661//3661
f 3652//3652 3661//3661 4006//4006
f 3653//3653 4008//4008 3659//3659
f 3656//3656 3659//3659 3662//3662
f 3658//3658 3662//3662 3677//3677
f 3662//3662 3663//3663 3679//3679
f 3659//3659 4011//4011 3662//3662
f 3662//3662 3664//3664 3663//3663
f 3662//3662 4009//4009 3664//3664
f 3662//3662 4010//4010 4009//4009
f 3399//3399 3645//3645 3665//3665
f 3645//3645 3666//3666 3665//3665
f 3665//3665 3666//3666 3667//3667
f 3645//3645 3647//3647 3666//3666
f 3647//3647 3667//3667 3666//3666
f 3665//3665 3667//3667 3671//3671
f 3665//3665 3693//3693 4521//4521
f 3656//3656 3668//3668 3667//3667
f 3647//3647 3656//3656 3667//3667
f 3667//3667 3668//3668 3671//3671
f 3657//3657 3672//3672 3673//3673
f 3665//3665 3671//3671 3693//3693
f 3658//3658 3671//3671 3668//3668
f 3656//3656 3658//3658 3668//3668
f 3657//3657 3669//3669 3672//3672
f 3669//3669 3693//3693 3672//3672
f 3670//3670 3693//3693 3671//3671
f 3658//3658 3677//3677 3670//3670
f 3658//3658 3670//3670 3671//3671
f 3672//3672 3688//3688 3685//3685
f 3672//3672 3691//3691 3688//3688
f 3672//3672 3689//3689 3691//3691
f 3670//3670 3689//3689 3672//3672
f 3670//3670 3687//3687 3690//3690
f 3670//3670 3690//3690 3689//3689
f 3670//3670 3672//3672 3693//3693
f 3673//3673 3684//3684 3676//3676
f 3673//3673 3674//3674 3675//3675
f 3673//3673 3676//3676 3674//3674
f 3660//3660 3673//3673 3675//3675
f 3660//3660 3661//3661 3673//3673
f 3673//3673 3685//3685 3684//3684
f 3677//3677 3682//3682 3681//3681
f 3677//3677 3683//3683 3682//3682
f 3677//3677 3681//3681 3686//3686
f 3677//3677 3678//3678 3680//3680
f 3677//3677 3680//3680 3683//3683
f 3662//3662 3678//3678 3677//3677
f 3670//3670 3677//3677 3686//3686
f 3662//3662 3679//3679 3678//3678
f 3672//3672 3685//3685 3673//3673
f 3670//3670 3686//3686 3687//3687
f 3669//3669 3692//3692 3693//3693
f 3643//3643 3752//3752 3692//3692
f 3692//3692 4567//4567 3693//3693
f 3581//3581 3697//3697 3696//3696
f 3694//3694 3696//3696 3697//3697
f 3621//3621 3695//3695 3698//3698
f 3627//3627 3700//3700 3694//3694
f 3575//3575 3743//3743 3581//3581
f 3621//3621 3698//3698 3626//3626
f 3627//3627 3694//3694 3697//3697
f 3695//3695 3703//3703 3698//3698
f 3626//3626 3698//3698 3699//3699
f 3698//3698 3702//3702 3699//3699
f 3581//3581 3743//3743 3697//3697
f 3695//3695 3701//3701 3703//3703
f 3698//3698 3703//3703 3702//3702
f 3701//3701 4106//4106 3703//3703
f 3702//3702 3703//3703 4105//4105
f 3575//3575 3704//3704 3712//3712
f 3584//3584 3705//3705 3704//3704
f 3585//3585 3709//3709 3705//3705
f 3706//3706 3707//3707 3710//3710
f 3704//3704 3705//3705 3722//3722
f 3575//3575 3712//3712 3743//3743
f 3704//3704 3722//3722 3720//3720
f 3704//3704 3720//3720 3712//3712
f 3707//3707 3721//3721 3711//3711
f 3705//3705 3725//3725 3722//3722
f 3706//3706 3708//3708 3707//3707
f 3706//3706 3728//3728 3708//3708
f 3707//3707 3711//3711 3710//3710
f 3586//3586 4122//4122 3709//3709
f 3710//3710 3711//3711 4123//4123
f 3705//3705 3709//3709 3725//3725
f 3711//3711 3721//3721 3724//3724
f 3711//3711 3724//3724 4124//4124
f 3709//3709 4163//4163 3725//3725
f 3643//3643 3697//3697 3743//3743
f 3713//3713 3724//3724 3721//3721
f 3712//3712 3720//3720 3716//3716
f 3713//3713 3721//3721 3715//3715
f 3713//3713 3714//3714 3717//3717
f 3712//3712 3716//3716 3714//3714
f 3714//3714 3716//3716 3718//3718
f 3712//3712 3714//3714 3743//3743
f 3713//3713 3743//3743 3714//3714
f 3713//3713 3715//3715 3743//3743
f 3713//3713 3717//3717 3724//3724
f 3717//3717 4162//4162 3724//3724
f 3717//3717 3718//3718 4130//4130
f 3714//3714 3718//3718 3717//3717
f 3716//3716 3719//3719 3718//3718
f 3718//3718 3719//3719 4131//4131
f 3707//3707 3708//3708 3723//3723
f 3707//3707 3723//3723 3721//3721
f 3715//3715 3721//3721 3723//3723
f 3708//3708 3715//3715 3723//3723
f 3716//3716 3720//3720 3722//3722
f 3716//3716 3722//3722 3719//3719
f 3708//3708 3737//3737 3752//3752
f 3719//3719 3722//3722 3725//3725
f 3719//3719 3725//3725 4133//4133
f 3587//3587 3706//3706 3589//3589
f 3587//3587 3728//3728 3706//3706
f 3587//3587 3726//3726 3728//3728
f 3708//3708 3726//3726 3729//3729
f 3588//3588 3727//3727 3726//3726
f 3587//3587 3588//3588 3726//3726
f 3591//3591 3729//3729 3727//3727
f 3726//3726 3727//3727 3729//3729
f 3708//3708 3728//3728 3726//3726
f 3708//3708 3729//3729 3737//3737
f 3729//3729 3732//3732 3737//3737
f 3732//3732 3734//3734 3737//3737
f 3589//3589 3706//3706 3710//3710
f 3729//3729 3731//3731 3730//3730
f 3729//3729 3730//3730 3732//3732
f 3730//3730 3733//3733 3732//3732
f 3730//3730 3731//3731 3733//3733
f 3731//3731 3736//3736 3733//3733
f 3732//3732 3733//3733 3741//3741
f 3732//3732 3741//3741 3734//3734
f 3733//3733 3742//3742 3741//3741
f 3731//3731 3735//3735 3736//3736
f 3735//3735 4173//4173 3736//3736
f 3733//3733 3736//3736 3742//3742
f 3736//3736 4184//4184 3742//3742
f 3734//3734 3739//3739 3737//3737
f 3737//3737 3738//3738 3759//3759
f 3737//3737 3739//3739 3760//3760
f 3737//3737 3760//3760 3738//3738
f 3739//3739 3764//3764 3760//3760
f 3739//3739 3740//3740 3764//3764
f 3734//3734 3741//3741 3739//3739
f 3739//3739 3741//3741 3740//3740
f 3740//3740 3741//3741 3742//3742
f 3740//3740 3742//3742 4180//4180
f 3643//3643 3743//3743 3752//3752
f 3715//3715 3752//3752 3743//3743
f 3708//3708 3752//3752 3715//3715
f 3744//3744 3751//3751 3748//3748
f 3737//3737 3750//3750 3752//3752
f 3745//3745 3750//3750 3759//3759
f 3745//3745 3759//3759 3747//3747
f 3747//3747 3759//3759 3761//3761
f 3744//3744 3749//3749 3746//3746
f 3747//3747 3761//3761 3758//3758
f 3744//3744 3748//3748 3749//3749
f 3748//3748 3756//3756 4187//4187
f 3746//3746 3749//3749 3766//3766
f 3748//3748 4197//4197 3749//3749
f 3758//3758 3765//3765 4223//4223
f 3750//3750 3751//3751 3752//3752
f 3744//3744 3753//3753 3752//3752
f 3744//3744 3752//3752 3751//3751
f 3745//3745 3754//3754 3750//3750
f 3744//3744 3746//3746 3753//3753
f 3750//3750 3754//3754 3751//3751
f 3751//3751 3754//3754 3756//3756
f 3747//3747 3757//3757 3754//3754
f 3746//3746 3755//3755 3753//3753
f 3753//3753 3755//3755 3769//3769
f 3745//3745 3747//3747 3754//3754
f 3746//3746 3762//3762 3755//3755
f 3752//3752 3753//3753 4620//4620
f 3753//3753 3769//3769 4620//4620
f 3748//3748 3751//3751 3756//3756
f 3754//3754 3757//3757 3756//3756
f 3756//3756 3757//3757 4210//4210
f 3747//3747 3758//3758 3757//3757
f 3757//3757 3758//3758 4212//4212
f 3737//3737 3759//3759 3750//3750
f 3738//3738 3761//3761 3759//3759
f 3738//3738 3760//3760 3761//3761
f 3760//3760 3765//3765 3761//3761
f 3746//3746 3766//3766 3762//3762
f 3762//3762 3767//3767 3763//3763
f 3763//3763 3768//3768 3771//3771
f 3760//3760 3764//3764 3765//3765
f 3740//3740 4257//4257 3764//3764
f 3758//3758 3761//3761 3765//3765
f 3762//3762 3766//3766 3767//3767
f 3764//3764 4258//4258 3765//3765
f 3749//3749 4259//4259 3766//3766
f 3763//3763 3767//3767 3768//3768
f 3766//3766 4260//4260 3767//3767
f 3767//3767 4266//4266 3768//3768
f 3755//3755 3762//3762 3769//3769
f 3762//3762 3763//3763 3769//3769
f 3763//3763 3770//3770 3769//3769
f 3770//3770 3771//3771 3772//3772
f 3763//3763 3771//3771 3770//3770
f 3769//3769 3770//3770 3772//3772
f 3769//3769 3772//3772 3776//3776
f 3769//3769 3776//3776 4643//4643
f 3771//3771 3773//3773 3772//3772
f 3771//3771 3777//3777 3773//3773
f 3772//3772 3773//3773 3774//3774
f 3773//3773 3775//3775 3774//3774
f 3773//3773 3778//3778 3775//3775
f 3772//3772 3774//3774 3776//3776
f 3774//3774 3775//3775 3776//3776
f 3776//3776 4641//4641 4639//4639
f 3775//3775 4641//4641 3776//3776
f 3775//3775 4646//4646 4641//4641
f 3768//3768 3777//3777 3771//3771
f 3768//3768 4269//4269 3777//3777
f 3773//3773 3777//3777 3778//3778
f 3777//3777 4270//4270 3778//3778
f 3775//3775 3778//3778 4646//4646
f 3778//3778 5142//5142 4646//4646
f 3496//3496 3779//3779 3780//3780
f 3499//3499 3782//3782 3779//3779
f 3779//3779 3782//3782 3783//3783
f 3497//3497 3780//3780 3781//3781
f 3779//3779 3784//3784 3780//3780
f 3780//3780 3786//3786 3781//3781
f 3782//3782 3811//3811 3787//3787
f 3779//3779 3783//3783 3784//3784
f 3782//3782 3787//3787 3783//3783
f 3783//3783 3787//3787 3788//3788
f 3783//3783 3788//3788 3785//3785
f 3780//3780 3784//3784 3786//3786
f 3783//3783 3785//3785 3784//3784
f 3784//3784 3785//3785 3790//3790
f 3784//3784 3790//3790 3786//3786
f 3785//3785 3788//3788 3789//3789
f 3787//3787 3789//3789 3788//3788
f 3787//3787 3813//3813 3789//3789
f 3785//3785 3789//3789 3828//3828
f 3785//3785 3828//3828 3790//3790
f 3786//3786 3790//3790 3828//3828
f 3508//3508 3791//3791 3792//3792
f 3791//3791 3796//3796 3792//3792
f 3509//3509 3792//3792 3793//3793
f 3510//3510 3793//3793 3841//3841
f 3792//3792 3798//3798 3793//3793
f 3511//3511 3794//3794 3791//3791
f 3791//3791 3794//3794 3795//3795
f 3793//3793 3802//3802 3841//3841
f 3791//3791 3795//3795 3796//3796
f 3795//3795 3797//3797 3796//3796
f 3792//3792 3796//3796 3798//3798
f 3796//3796 3801//3801 3798//3798
f 3796//3796 3797//3797 3801//3801
f 3794//3794 3800//3800 3795//3795
f 3795//3795 3800//3800 3799//3799
f 3795//3795 3799//3799 3797//3797
f 3799//3799 3800//3800 3806//3806
f 3797//3797 3799//3799 3801//3801
f 3793//3793 3798//3798 3802//3802
f 3798//3798 3801//3801 3807//3807
f 3799//3799 3810//3810 3801//3801
f 3798//3798 3807//3807 3802//3802
f 3514//3514 3804//3804 3794//3794
f 3498//3498 3781//3781 3803//3803
f 3781//3781 3805//3805 3803//3803
f 3804//3804 3826//3826 3808//3808
f 3781//3781 3786//3786 3805//3805
f 3786//3786 3828//3828 3805//3805
f 3794//3794 3804//3804 3800//3800
f 3800//3800 3808//3808 3806//3806
f 3799//3799 3806//3806 3809//3809
f 3800//3800 3804//3804 3808//3808
f 3806//3806 3808//3808 3809//3809
f 3801//3801 3810//3810 3807//3807
f 3802//3802 3807//3807 3810//3810
f 3802//3802 3810//3810 3844//3844
f 3808//3808 3829//3829 3809//3809
f 3799//3799 3809//3809 3839//3839
f 3799//3799 3839//3839 3810//3810
f 3810//3810 3833//3833 3844//3844
f 3524//3524 3811//3811 3782//3782
f 3811//3811 3812//3812 3813//3813
f 3525//3525 3812//3812 3811//3811
f 3787//3787 3811//3811 3813//3813
f 3789//3789 3813//3813 3814//3814
f 3789//3789 3814//3814 3816//3816
f 3813//3813 3815//3815 3814//3814
f 3812//3812 3815//3815 3813//3813
f 3814//3814 3815//3815 3816//3816
f 3789//3789 3893//3893 3828//3828
f 3789//3789 3816//3816 3893//3893
f 3529//3529 3817//3817 3818//3818
f 3530//3530 3818//3818 3819//3819
f 3817//3817 3821//3821 3818//3818
f 3531//3531 3819//3819 3888//3888
f 3818//3818 3822//3822 3819//3819
f 3817//3817 3820//3820 3821//3821
f 3820//3820 3885//3885 3821//3821
f 3818//3818 3821//3821 3822//3822
f 3534//3534 3823//3823 3812//3812
f 3812//3812 3823//3823 3815//3815
f 3823//3823 3889//3889 3824//3824
f 3815//3815 3824//3824 3816//3816
f 3815//3815 3823//3823 3824//3824
f 3816//3816 3824//3824 3825//3825
f 3816//3816 3825//3825 3893//3893
f 3824//3824 3892//3892 3825//3825
f 3513//3513 3803//3803 3827//3827
f 3803//3803 3830//3830 3827//3827
f 3539//3539 3826//3826 3804//3804
f 3540//3540 3827//3827 3835//3835
f 3546//3546 3834//3834 3826//3826
f 3826//3826 3834//3834 3829//3829
f 3803//3803 3805//3805 3830//3830
f 3805//3805 3828//3828 3831//3831
f 3805//3805 3831//3831 3830//3830
f 3808//3808 3826//3826 3829//3829
f 3828//3828 3838//3838 3831//3831
f 3830//3830 3831//3831 3838//3838
f 3827//3827 3830//3830 3836//3836
f 3829//3829 3834//3834 3837//3837
f 3809//3809 3829//3829 3832//3832
f 3809//3809 3832//3832 3839//3839
f 3810//3810 3840//3840 3833//3833
f 3829//3829 3837//3837 3832//3832
f 3832//3832 3837//3837 3839//3839
f 3827//3827 3836//3836 3835//3835
f 3547//3547 3835//3835 3915//3915
f 3618//3618 3905//3905 3834//3834
f 3834//3834 3905//3905 3837//3837
f 3835//3835 3912//3912 3915//3915
f 3830//3830 3838//3838 3836//3836
f 3828//3828 3893//3893 3962//3962
f 3828//3828 3943//3943 3838//3838
f 3836//3836 3838//3838 3913//3913
f 3835//3835 3836//3836 3912//3912
f 3837//3837 3905//3905 3911//3911
f 3836//3836 3913//3913 3912//3912
f 3810//3810 3839//3839 3949//3949
f 3810//3810 3951//3951 3840//3840
f 3837//3837 3911//3911 3839//3839
f 3839//3839 3911//3911 3929//3929
f 3810//3810 3949//3949 3951//3951
f 3550//3550 3841//3841 3842//3842
f 3841//3841 3844//3844 3842//3842
f 3553//3553 3842//3842 3858//3858
f 3554//3554 3843//3843 3847//3847
f 3802//3802 3844//3844 3841//3841
f 3842//3842 3844//3844 3860//3860
f 3843//3843 3845//3845 3851//3851
f 3564//3564 3847//3847 3846//3846
f 3846//3846 3847//3847 3850//3850
f 3563//3563 3846//3846 3848//3848
f 3565//3565 3848//3848 3849//3849
f 3846//3846 3853//3853 3848//3848
f 3848//3848 3857//3857 3849//3849
f 3843//3843 3851//3851 3847//3847
f 3566//3566 3849//3849 3863//3863
f 3847//3847 3851//3851 3850//3850
f 3850//3850 3851//3851 3852//3852
f 3846//3846 3850//3850 3853//3853
f 3850//3850 3855//3855 3853//3853
f 3850//3850 3852//3852 3855//3855
f 3853//3853 3855//3855 3856//3856
f 3848//3848 3853//3853 3857//3857
f 3845//3845 3854//3854 3851//3851
f 3851//3851 3854//3854 3852//3852
f 3845//3845 3865//3865 3854//3854
f 3852//3852 3854//3854 3865//3865
f 3852//3852 3856//3856 3855//3855
f 3853//3853 3856//3856 3857//3857
f 3849//3849 3857//3857 3867//3867
f 3856//3856 3866//3866 3857//3857
f 3842//3842 3860//3860 3858//3858
f 3571//3571 3859//3859 3843//3843
f 3843//3843 3859//3859 3845//3845
f 3570//3570 3858//3858 3870//3870
f 3858//3858 3872//3872 3870//3870
f 3859//3859 3871//3871 3861//3861
f 3833//3833 3860//3860 3844//3844
f 3845//3845 3861//3861 3865//3865
f 3845//3845 3859//3859 3861//3861
f 3852//3852 3865//3865 3874//3874
f 3858//3858 3860//3860 3872//3872
f 3833//3833 3840//3840 3860//3860
f 3840//3840 3872//3872 3860//3860
f 3861//3861 3862//3862 3865//3865
f 3861//3861 3873//3873 3862//3862
f 3862//3862 3874//3874 3865//3865
f 3577//3577 3863//3863 3864//3864
f 3849//3849 3867//3867 3863//3863
f 3863//3863 3869//3869 3864//3864
f 3852//3852 3868//3868 3856//3856
f 3856//3856 3868//3868 3866//3866
f 3857//3857 3866//3866 3867//3867
f 3866//3866 3868//3868 3867//3867
f 3863//3863 3867//3867 3869//3869
f 3852//3852 3874//3874 3868//3868
f 3867//3867 3868//3868 3869//3869
f 3583//3583 3871//3871 3859//3859
f 3582//3582 3870//3870 4104//4104
f 3700//3700 4103//4103 3871//3871
f 3871//3871 4103//4103 3873//3873
f 3870//3870 4113//4113 4104//4104
f 3861//3861 3871//3871 3873//3873
f 3862//3862 3873//3873 3874//3874
f 3870//3870 3872//3872 4113//4113
f 3840//3840 3930//3930 3872//3872
f 3873//3873 4112//4112 3874//3874
f 3872//3872 3930//3930 4113//4113
f 3873//3873 4103//4103 4112//4112
f 3874//3874 4112//4112 4114//4114
f 3868//3868 3874//3874 4148//4148
f 3578//3578 3864//3864 3875//3875
f 3864//3864 3877//3877 3875//3875
f 3586//3586 3875//3875 4122//4122
f 3868//3868 3876//3876 3869//3869
f 3864//3864 3869//3869 3877//3877
f 3869//3869 3876//3876 3877//3877
f 3868//3868 4125//4125 3876//3876
f 3876//3876 4125//4125 3877//3877
f 3875//3875 3877//3877 4126//4126
f 3589//3589 3878//3878 3879//3879
f 3590//3590 3879//3879 3882//3882
f 3879//3879 3883//3883 3882//3882
f 3878//3878 3881//3881 3879//3879
f 3878//3878 3880//3880 3881//3881
f 3880//3880 4170//4170 3881//3881
f 3879//3879 3881//3881 3883//3883
f 3881//3881 4174//4174 3883//3883
f 3592//3592 3882//3882 4172//4172
f 3882//3882 4176//4176 4172//4172
f 3882//3882 3883//3883 4176//4176
f 3820//3820 3884//3884 3885//3885
f 3821//3821 3885//3885 3886//3886
f 3884//3884 3886//3886 3885//3885
f 3443//3443 3886//3886 3884//3884
f 3821//3821 3886//3886 3822//3822
f 3819//3819 3822//3822 3891//3891
f 3822//3822 3894//3894 3891//3891
f 3822//3822 3886//3886 3894//3894
f 3443//3443 3887//3887 3898//3898
f 3603//3603 3888//3888 3890//3890
f 3819//3819 3891//3891 3888//3888
f 3888//3888 3896//3896 3890//3890
f 3604//3604 3889//3889 3823//3823
f 3605//3605 3890//3890 3954//3954
f 3613//3613 3901//3901 3889//3889
f 3889//3889 3901//3901 3892//3892
f 3890//3890 3902//3902 3954//3954
f 3888//3888 3891//3891 3896//3896
f 3824//3824 3889//3889 3892//3892
f 3825//3825 3892//3892 3893//3893
f 3886//3886 3895//3895 3894//3894
f 3891//3891 3894//3894 3895//3895
f 3891//3891 3895//3895 3896//3896
f 3892//3892 3903//3903 3893//3893
f 3890//3890 3896//3896 3902//3902
f 3892//3892 3901//3901 3903//3903
f 3893//3893 3903//3903 3959//3959
f 3444//3444 3609//3609 3897//3897
f 3897//3897 3997//3997 3899//3899
f 3445//3445 3899//3899 3887//3887
f 3445//3445 3897//3897 3899//3899
f 3887//3887 3899//3899 3898//3898
f 3443//3443 3898//3898 4020//4020
f 3443//3443 4020//4020 3886//3886
f 3898//3898 3899//3899 4002//4002
f 3899//3899 3997//3997 4002//4002
f 3898//3898 4002//4002 3900//3900
f 3898//3898 3900//3900 4020//4020
f 3901//3901 3958//3958 3903//3903
f 3886//3886 3986//3986 3895//3895
f 3895//3895 3904//3904 3896//3896
f 3896//3896 3904//3904 3902//3902
f 3886//3886 4084//4084 3986//3986
f 3895//3895 3985//3985 3904//3904
f 3886//3886 4020//4020 4084//4084
f 3895//3895 3986//3986 3985//3985
f 3905//3905 3910//3910 3911//3911
f 3619//3619 3906//3906 3905//3905
f 3629//3629 3907//3907 3906//3906
f 3629//3629 3909//3909 3907//3907
f 3629//3629 3910//3910 3909//3909
f 3905//3905 3906//3906 3907//3907
f 3905//3905 3907//3907 3908//3908
f 3905//3905 3908//3908 3910//3910
f 3908//3908 3909//3909 3910//3910
f 3910//3910 3916//3916 3914//3914
f 3828//3828 3962//3962 3943//3943
f 3838//3838 3943//3943 3913//3913
f 3912//3912 3913//3913 3941//3941
f 3893//3893 3959//3959 3976//3976
f 3893//3893 3961//3961 3962//3962
f 3893//3893 3964//3964 3961//3961
f 3910//3910 3914//3914 3911//3911
f 3913//3913 3943//3943 3941//3941
f 3628//3628 3919//3919 3917//3917
f 3628//3628 3915//3915 3922//3922
f 3628//3628 3920//3920 3919//3919
f 3628//3628 3922//3922 3920//3920
f 3631//3631 3924//3924 4103//4103
f 3924//3924 3925//3925 4103//4103
f 3925//3925 3926//3926 4103//4103
f 3926//3926 3927//3927 4103//4103
f 3630//3630 3919//3919 3918//3918
f 3630//3630 3917//3917 3919//3919
f 3630//3630 3918//3918 3916//3916
f 3629//3629 3916//3916 3910//3910
f 3915//3915 3933//3933 3922//3922
f 3916//3916 3918//3918 3922//3922
f 3918//3918 3919//3919 3922//3922
f 3919//3919 3920//3920 3922//3922
f 3916//3916 3923//3923 3921//3921
f 3916//3916 3922//3922 3923//3923
f 3916//3916 3921//3921 3932//3932
f 3922//3922 3932//3932 3923//3923
f 3702//3702 3925//3925 3924//3924
f 3702//3702 3928//3928 3925//3925
f 3702//3702 4105//4105 3928//3928
f 3925//3925 3927//3927 3926//3926
f 3925//3925 3928//3928 3927//3927
f 3927//3927 3928//3928 4105//4105
f 3927//3927 4105//4105 3946//3946
f 3839//3839 3929//3929 3938//3938
f 3912//3912 3933//3933 3915//3915
f 3911//3911 3914//3914 3929//3929
f 3839//3839 3938//3938 3944//3944
f 3840//3840 3951//3951 3930//3930
f 3839//3839 3944//3944 3949//3949
f 3912//3912 3941//3941 3933//3933
f 3922//3922 3933//3933 3932//3932
f 3914//3914 3939//3939 3929//3929
f 3929//3929 3939//3939 3938//3938
f 3914//3914 3916//3916 3931//3931
f 3916//3916 3937//3937 3931//3931
f 3916//3916 3934//3934 3937//3937
f 3914//3914 3931//3931 3936//3936
f 3914//3914 3936//3936 3937//3937
f 3916//3916 3932//3932 3934//3934
f 3932//3932 3933//3933 3935//3935
f 3933//3933 3934//3934 3935//3935
f 3933//3933 3942//3942 3934//3934
f 3914//3914 3937//3937 3939//3939
f 3933//3933 3941//3941 3942//3942
f 3927//3927 3946//3946 4112//4112
f 3930//3930 3951//3951 3952//3952
f 3946//3946 4105//4105 4115//4115
f 3946//3946 4115//4115 3947//3947
f 3946//3946 3947//3947 3948//3948
f 3946//3946 3948//3948 4120//4120
f 3638//3638 3954//3954 3955//3955
f 3639//3639 3955//3955 3957//3957
f 3954//3954 3971//3971 3955//3955
f 3955//3955 3970//3970 3956//3956
f 3641//3641 3958//3958 3901//3901
f 3640//3640 3957//3957 3958//3958
f 3957//3957 3966//3966 3967//3967
f 3955//3955 3956//3956 3957//3957
f 3956//3956 3970//3970 3957//3957
f 3957//3957 3970//3970 3966//3966
f 3957//3957 3980//3980 3958//3958
f 3902//3902 3971//3971 3954//3954
f 3893//3893 3976//3976 3960//3960
f 3893//3893 3960//3960 3964//3964
f 3903//3903 3980//3980 3959//3959
f 3902//3902 3987//3987 3971//3971
f 3902//3902 3904//3904 3987//3987
f 3959//3959 3977//3977 3976//3976
f 3959//3959 3969//3969 3977//3977
f 3955//3955 3971//3971 3970//3970
f 3903//3903 3958//3958 3980//3980
f 3959//3959 3980//3980 3983//3983
f 3957//3957 3967//3967 3980//3980
f 3959//3959 3983//3983 3969//3969
f 3904//3904 3985//3985 3987//3987
f 3970//3970 3971//3971 3974//3974
f 3971//3971 3972//3972 3974//3974
f 3971//3971 3975//3975 3973//3973
f 3971//3971 3973//3973 3972//3972
f 3971//3971 3987//3987 3975//3975
f 3960//3960 3976//3976 3979//3979
f 3976//3976 3977//3977 3978//3978
f 3976//3976 3978//3978 3979//3979
f 3967//3967 3981//3981 3980//3980
f 3980//3980 3981//3981 3984//3984
f 3980//3980 3982//3982 3983//3983
f 3980//3980 3984//3984 3982//3982
f 3648//3648 3997//3997 3897//3897
f 3997//3997 4000//4000 4002//4002
f 3651//3651 3998//3998 3999//3999
f 3466//3466 3999//3999 3998//3998
f 3466//3466 3467//3467 3999//3999
f 3467//3467 4003//4003 3999//3999
f 3652//3652 4000//4000 3997//3997
f 3649//3649 3999//3999 4001//4001
f 3999//3999 4005//4005 4001//4001
f 3900//3900 4002//4002 4004//4004
f 3900//3900 4004//4004 4020//4020
f 4000//4000 4004//4004 4002//4002
f 3467//3467 3476//3476 4003//4003
f 3999//3999 4003//4003 4005//4005
f 3652//3652 4006//4006 4000//4000
f 3653//3653 4001//4001 4008//4008
f 4000//4000 4006//4006 4007//4007
f 4000//4000 4007//4007 4036//4036
f 4000//4000 4036//4036 4037//4037
f 4000//4000 4037//4037 4038//4038
f 4000//4000 4039//4039 4004//4004
f 4001//4001 4022//4022 4008//4008
f 4000//4000 4038//4038 4039//4039
f 3659//3659 4012//4012 4011//4011
f 3659//3659 4008//4008 4017//4017
f 3659//3659 4014//4014 4012//4012
f 3659//3659 4016//4016 4014//4014
f 3659//3659 4017//4017 4016//4016
f 3662//3662 4011//4011 4013//4013
f 3662//3662 4013//4013 4010//4010
f 4008//4008 4019//4019 4017//4017
f 4008//4008 4025//4025 4019//4019
f 4008//4008 4026//4026 4025//4025
f 4008//4008 4027//4027 4026//4026
f 4010//4010 4013//4013 4043//4043
f 4017//4017 4019//4019 4018//4018
f 4013//4013 4015//4015 4043//4043
f 4014//4014 4016//4016 4043//4043
f 4014//4014 4043//4043 4015//4015
f 4017//4017 4018//4018 4044//4044
f 4016//4016 4017//4017 4043//4043
f 4017//4017 4044//4044 4043//4043
f 4020//4020 4024//4024 4084//4084
f 4004//4004 4023//4023 4020//4020
f 4020//4020 4023//4023 4021//4021
f 4020//4020 4021//4021 4065//4065
f 4001//4001 4005//4005 4022//4022
f 4004//4004 4039//4039 4023//4023
f 4020//4020 4065//4065 4024//4024
f 4008//4008 4022//4022 4029//4029
f 4008//4008 4029//4029 4027//4027
f 4022//4022 4061//4061 4029//4029
f 4021//4021 4066//4066 4065//4065
f 4027//4027 4029//4029 4028//4028
f 4028//4028 4029//4029 4030//4030
f 4029//4029 4031//4031 4030//4030
f 4029//4029 4032//4032 4031//4031
f 3476//3476 4033//4033 4034//4034
f 3476//3476 4034//4034 4003//4003
f 4033//4033 4035//4035 4034//4034
f 4003//4003 4035//4035 4005//4005
f 4003//4003 4034//4034 4035//4035
f 4033//4033 4079//4079 4035//4035
f 4033//4033 4815//4815 4081//4081
f 4038//4038 4045//4045 4039//4039
f 4039//4039 4045//4045 4046//4046
f 4023//4023 4039//4039 4047//4047
f 4010//4010 4043//4043 4040//4040
f 4040//4040 4043//4043 4041//4041
f 4041//4041 4043//4043 4042//4042
f 4039//4039 4046//4046 4047//4047
f 4042//4042 4043//4043 4048//4048
f 4043//4043 4049//4049 4048//4048
f 4043//4043 4044//4044 4062//4062
f 4043//4043 4062//4062 4063//4063
f 4043//4043 4050//4050 4049//4049
f 4043//4043 4051//4051 4050//4050
f 4043//4043 4052//4052 4051//4051
f 4043//4043 4059//4059 4052//4052
f 4043//4043 4072//4072 4059//4059
f 4043//4043 4070//4070 4072//4072
f 4043//4043 4071//4071 4070//4070
f 4050//4050 4051//4051 4054//4054
f 4005//4005 4060//4060 4022//4022
f 4005//4005 4035//4035 4060//4060
f 4035//4035 4079//4079 4060//4060
f 4033//4033 4081//4081 4079//4079
f 4021//4021 4023//4023 4077//4077
f 4022//4022 4069//4069 4061//4061
f 4023//4023 4047//4047 4057//4057
f 4023//4023 4073//4073 4071//4071
f 4023//4023 4071//4071 4074//4074
f 4023//4023 4074//4074 4077//4077
f 4043//4043 4075//4075 4077//4077
f 4021//4021 4077//4077 4066//4066
f 4022//4022 4060//4060 4078//4078
f 4022//4022 4078//4078 4069//4069
f 4029//4029 4061//4061 4032//4032
f 4043//4043 4063//4063 4064//4064
f 4043//4043 4064//4064 4075//4075
f 4066//4066 4077//4077 4068//4068
f 4023//4023 4057//4057 4058//4058
f 4023//4023 4058//4058 4059//4059
f 4023//4023 4072//4072 4073//4073
f 4023//4023 4059//4059 4072//4072
f 4043//4043 4077//4077 4074//4074
f 4043//4043 4074//4074 4071//4071
f 4060//4060 4079//4079 4078//4078
f 4075//4075 4076//4076 4077//4077
f 4068//4068 4077//4077 4076//4076
f 3701//3701 4104//4104 4110//4110
f 3927//3927 4112//4112 4103//4103
f 3701//3701 4107//4107 4106//4106
f 3701//3701 4109//4109 4107//4107
f 3701//3701 4110//4110 4109//4109
f 3703//3703 4106//4106 4108//4108
f 3703//3703 4108//4108 4105//4105
f 4104//4104 4116//4116 4110//4110
f 4105//4105 4111//4111 4119//4119
f 4105//4105 4107//4107 4109//4109
f 4105//4105 4108//4108 4107//4107
f 4105//4105 4109//4109 4110//4110
f 4105//4105 4110//4110 4111//4111
f 3946//3946 4114//4114 4112//4112
f 4104//4104 4113//4113 4116//4116
f 3930//3930 3952//3952 4113//4113
f 3874//3874 4114//4114 4134//4134
f 3952//3952 4116//4116 4113//4113
f 3946//3946 4121//4121 4114//4114
f 4114//4114 4121//4121 4134//4134
f 3874//3874 4134//4134 4135//4135
f 3874//3874 4135//4135 4138//4138
f 4105//4105 4118//4118 4115//4115
f 4105//4105 4119//4119 4118//4118
f 4110//4110 4116//4116 4111//4111
f 4116//4116 4117//4117 4119//4119
f 3953//3953 4118//4118 4116//4116
f 4116//4116 4118//4118 4117//4117
f 4111//4111 4116//4116 4119//4119
f 3946//3946 4120//4120 4121//4121
f 3952//3952 3953//3953 4116//4116
f 3874//3874 4138//4138 4148//4148
f 3711//3711 4124//4124 4123//4123
f 3875//3875 4126//4126 4122//4122
f 4123//4123 4124//4124 4127//4127
f 3709//3709 4122//4122 4163//4163
f 3724//3724 4162//4162 4124//4124
f 4124//4124 4162//4162 4128//4128
f 4122//4122 4165//4165 4163//4163
f 3868//3868 4147//4147 4125//4125
f 3877//3877 4125//4125 4126//4126
f 4125//4125 4166//4166 4126//4126
f 3868//3868 4148//4148 4147//4147
f 4122//4122 4126//4126 4165//4165
f 4128//4128 4162//4162 4164//4164
f 4126//4126 4166//4166 4165//4165
f 4125//4125 4147//4147 4166//4166
f 4128//4128 4164//4164 4129//4129
f 4124//4124 4128//4128 4127//4127
f 4128//4128 4129//4129 4171//4171
f 4127//4127 4128//4128 4171//4171
f 3717//3717 4130//4130 4162//4162
f 4130//4130 4164//4164 4162//4162
f 3718//3718 4131//4131 4130//4130
f 3719//3719 4133//4133 4131//4131
f 4130//4130 4131//4131 4139//4139
f 4131//4131 4143//4143 4142//4142
f 4131//4131 4132//4132 4152//4152
f 4131//4131 4133//4133 4132//4132
f 4132//4132 4133//4133 4152//4152
f 4130//4130 4139//4139 4164//4164
f 4147//4147 4165//4165 4166//4166
f 4147//4147 4149//4149 4165//4165
f 4131//4131 4142//4142 4139//4139
f 4139//4139 4142//4142 4140//4140
f 4139//4139 4140//4140 4141//4141
f 4139//4139 4141//4141 4144//4144
f 4139//4139 4144//4144 4167//4167
f 4150//4150 4151//4151 4165//4165
f 4146//4146 4154//4154 4165//4165
f 4146//4146 4165//4165 4151//4151
f 4154//4154 4156//4156 4165//4165
f 4131//4131 4152//4152 4143//4143
f 4149//4149 4150//4150 4165//4165
f 4144//4144 4151//4151 4167//4167
f 4151//4151 4158//4158 4167//4167
f 4147//4147 4148//4148 4149//4149
f 4158//4158 4159//4159 4167//4167
f 4133//4133 4156//4156 4152//4152
f 4152//4152 4156//4156 4153//4153
f 4153//4153 4156//4156 4155//4155
f 4154//4154 4157//4157 4156//4156
f 4155//4155 4156//4156 4157//4157
f 3725//3725 4163//4163 4133//4133
f 4133//4133 4163//4163 4156//4156
f 4129//4129 4164//4164 4167//4167
f 4139//4139 4167//4167 4164//4164
f 4156//4156 4163//4163 4165//4165
f 4129//4129 4167//4167 4159//4159
f 4129//4129 4159//4159 4198//4198
f 4129//4129 4198//4198 4200//4200
f 4129//4129 4200//4200 4181//4181
f 3710//3710 4123//4123 3878//3878
f 3878//3878 4123//4123 3880//3880
f 3880//3880 4123//4123 4127//4127
f 3880//3880 4127//4127 4169//4169
f 4127//4127 4171//4171 4169//4169
f 4129//4129 4174//4174 4169//4169
f 3880//3880 4169//4169 4170//4170
f 3881//3881 4170//4170 4174//4174
f 4169//4169 4174//4174 4170//4170
f 4129//4129 4169//4169 4171//4171
f 4129//4129 4181//4181 4174//4174
f 4174//4174 4181//4181 4177//4177
f 4177//4177 4181//4181 4179//4179
f 3735//3735 4172//4172 4173//4173
f 4172//4172 4178//4178 4173//4173
f 3736//3736 4173//4173 4184//4184
f 4173//4173 4185//4185 4184//4184
f 3883//3883 4175//4175 4176//4176
f 3883//3883 4174//4174 4175//4175
f 4172//4172 4176//4176 4178//4178
f 4174//4174 4177//4177 4175//4175
f 4175//4175 4177//4177 4176//4176
f 4176//4176 4177//4177 4178//4178
f 4177//4177 4179//4179 4178//4178
f 4178//4178 4179//4179 4185//4185
f 4173//4173 4178//4178 4185//4185
f 3740//3740 4180//4180 4257//4257
f 4180//4180 4262//4262 4257//4257
f 4181//4181 4183//4183 4185//4185
f 4181//4181 4261//4261 4182//4182
f 4181//4181 4182//4182 4183//4183
f 4182//4182 4262//4262 4183//4183
f 4180//4180 4183//4183 4262//4262
f 3742//3742 4184//4184 4180//4180
f 4180//4180 4184//4184 4183//4183
f 4179//4179 4181//4181 4185//4185
f 4183//4183 4184//4184 4185//4185
f 3756//3756 4189//4189 4187//4187
f 3756//3756 4190//4190 4188//4188
f 3756//3756 4188//4188 4189//4189
f 3748//3748 4187//4187 4197//4197
f 3756//3756 4193//4193 4190//4190
f 4190//4190 4193//4193 4192//4192
f 4187//4187 4189//4189 4197//4197
f 4189//4189 4191//4191 4197//4197
f 4191//4191 4192//4192 4197//4197
f 4192//4192 4193//4193 4197//4197
f 4193//4193 4210//4210 4194//4194
f 4194//4194 4210//4210 4195//4195
f 4196//4196 4210//4210 4201//4201
f 4195//4195 4210//4210 4196//4196
f 4201//4201 4210//4210 4202//4202
f 4202//4202 4210//4210 4203//4203
f 3749//3749 4197//4197 4259//4259
f 4193//4193 4208//4208 4197//4197
f 4209//4209 4223//4223 4258//4258
f 4181//4181 4200//4200 4229//4229
f 4181//4181 4229//4229 4230//4230
f 4193//4193 4194//4194 4208//4208
f 4203//4203 4210//4210 4204//4204
f 4204//4204 4225//4225 4205//4205
f 4194//4194 4195//4195 4208//4208
f 4195//4195 4201//4201 4208//4208
f 4201//4201 4203//4203 4208//4208
f 4203//4203 4204//4204 4208//4208
f 4207//4207 4230//4230 4231//4231
f 4207//4207 4261//4261 4230//4230
f 4207//4207 4263//4263 4261//4261
f 4207//4207 4231//4231 4209//4209
f 4197//4197 4208//4208 4264//4264
f 4207//4207 4209//4209 4263//4263
f 3756//3756 4210//4210 4193//4193
f 3757//3757 4211//4211 4217//4217
f 3757//3757 4213//4213 4211//4211
f 3757//3757 4212//4212 4213//4213
f 3757//3757 4217//4217 4210//4210
f 4210//4210 4214//4214 4227//4227
f 4210//4210 4216//4216 4214//4214
f 4210//4210 4217//4217 4219//4219
f 4210//4210 4219//4219 4215//4215
f 4210//4210 4215//4215 4216//4216
f 4220//4220 4223//4223 4240//4240
f 3758//3758 4223//4223 4218//4218
f 3758//3758 4213//4213 4212//4212
f 3758//3758 4218//4218 4213//4213
f 4218//4218 4223//4223 4221//4221
f 4221//4221 4223//4223 4222//4222
f 4220//4220 4222//4222 4223//4223
f 4210//4210 4224//4224 4225//4225
f 4204//4204 4210//4210 4225//4225
f 4210//4210 4227//4227 4224//4224
f 4204//4204 4205//4205 4226//4226
f 4204//4204 4226//4226 4245//4245
f 4231//4231 4233//4233 4239//4239
f 4209//4209 4231//4231 4239//4239
f 4226//4226 4234//4234 4245//4245
f 4234//4234 4235//4235 4245//4245
f 4235//4235 4242//4242 4245//4245
f 4236//4236 4241//4241 4239//4239
f 4228//4228 4239//4239 4233//4233
f 4228//4228 4238//4238 4239//4239
f 4236//4236 4239//4239 4237//4237
f 4237//4237 4239//4239 4238//4238
f 4223//4223 4239//4239 4241//4241
f 4223//4223 4241//4241 4240//4240
f 4204//4204 4245//4245 4208//4208
f 4209//4209 4239//4239 4223//4223
f 4242//4242 4267//4267 4245//4245
f 4208//4208 4245//4245 4267//4267
f 4242//4242 4246//4246 4267//4267
f 4246//4246 4247//4247 4267//4267
f 4247//4247 5076//5076 4267//4267
f 4267//4267 5076//5076 5077//5077
f 4267//4267 5077//5077 5078//5078
f 3764//3764 4257//4257 4258//4258
f 4257//4257 4263//4263 4258//4258
f 3765//3765 4258//4258 4223//4223
f 3766//3766 4259//4259 4260//4260
f 4197//4197 4264//4264 4259//4259
f 3767//3767 4260//4260 4266//4266
f 4259//4259 4265//4265 4260//4260
f 4260//4260 4271//4271 4266//4266
f 4181//4181 4230//4230 4261//4261
f 4182//4182 4261//4261 4262//4262
f 4261//4261 4263//4263 4262//4262
f 4257//4257 4262//4262 4263//4263
f 4209//4209 4258//4258 4263//4263
f 4259//4259 4264//4264 4265//4265
f 4260//4260 4265//4265 4271//4271
f 4208//4208 4267//4267 4264//4264
f 4264//4264 4267//4267 4268//4268
f 4264//4264 4268//4268 4265//4265
f 4265//4265 4272//4272 4271//4271
f 4265//4265 4268//4268 4272//4272
f 4267//4267 4272//4272 4268//4268
f 4267//4267 4276//4276 4272//4272
f 4267//4267 5150//5150 4276//4276
f 3768//3768 4266//4266 4269//4269
f 4266//4266 4273//4273 4269//4269
f 3777//3777 4269//4269 4270//4270
f 4269//4269 4275//4275 4270//4270
f 3778//3778 4270//4270 5142//5142
f 4270//4270 5148//5148 5142//5142
f 4266//4266 4271//4271 4273//4273
f 4271//4271 4272//4272 4274//4274
f 4271//4271 4274//4274 4273//4273
f 4269//4269 4273//4273 4275//4275
f 4272//4272 4276//4276 4274//4274
f 4273//4273 4276//4276 4275//4275
f 4273//4273 4274//4274 4276//4276
f 4270//4270 4275//4275 5148//5148
f 4275//4275 4276//4276 5146//5146
f 4275//4275 5146//5146 5148//5148
f 3409//3409 3410//3410 4293//4293
f 3408//3408 4295//4295 3410//3410
f 3410//3410 4295//4295 4293//4293
f 4293//4293 4295//4295 4294//4294
f 4294//4294 4295//4295 4296//4296
f 4295//4295 4301//4301 4298//4298
f 4295//4295 4298//4298 4296//4296
f 4296//4296 4298//4298 4297//4297
f 4297//4297 4298//4298 4299//4299
f 4298//4298 4300//4300 4299//4299
f 4295//4295 4519//4519 4301//4301
f 4298//4298 4302//4302 4300//4300
f 4298//4298 4304//4304 4302//4302
f 4302//4302 4304//4304 4303//4303
f 4298//4298 4301//4301 4304//4304
f 4303//4303 4304//4304 4306//4306
f 4301//4301 4519//4519 4304//4304
f 4304//4304 4307//4307 4306//4306
f 4304//4304 4305//4305 4308//4308
f 4304//4304 4519//4519 4305//4305
f 4304//4304 4308//4308 4307//4307
f 4307//4307 4308//4308 4310//4310
f 4308//4308 4309//4309 4310//4310
f 4308//4308 4311//4311 4309//4309
f 4305//4305 4325//4325 4308//4308
f 4308//4308 4325//4325 4311//4311
f 4311//4311 4325//4325 4331//4331
f 4325//4325 4332//4332 4331//4331
f 4336//4336 4337//4337 4572//4572
f 4337//4337 4448//4448 4928//4928
f 4337//4337 4451//4451 4452//4452
f 4337//4337 4452//4452 4448//4448
f 4337//4337 4453//4453 4451//4451
f 4336//4336 4577//4577 4338//4338
f 4336//4336 4339//4339 4337//4337
f 4336//4336 4338//4338 4339//4339
f 4339//4339 4341//4341 4342//4342
f 4338//4338 4340//4340 4339//4339
f 4338//4338 4578//4578 4340//4340
f 4339//4339 4340//4340 4341//4341
f 4340//4340 4578//4578 4341//4341
f 4337//4337 4339//4339 4342//4342
f 4337//4337 4342//4342 4453//4453
f 4342//4342 4454//4454 4453//4453
f 4341//4341 4350//4350 4342//4342
f 4342//4342 4350//4350 4462//4462
f 4341//4341 4707//4707 4350//4350
f 4341//4341 4578//4578 4707//4707
f 4350//4350 4707//4707 4710//4710
f 4350//4350 4710//4710 4491//4491
f 4384//4384 4385//4385 4388//4388
f 4386//4386 4387//4387 4432//4432
f 4387//4387 4388//4388 4432//4432
f 4386//4386 4432//4432 4411//4411
f 3486//3486 4389//4389 4390//4390
f 3485//3485 3486//3486 4392//4392
f 3486//3486 4390//4390 4392//4392
f 4390//4390 4391//4391 4392//4392
f 4392//4392 4393//4393 4397//4397
f 4393//4393 4396//4396 4397//4397
f 4394//4394 4397//4397 4395//4395
f 4395//4395 4397//4397 4396//4396
f 4392//4392 4397//4397 4406//4406
f 4391//4391 4393//4393 4392//4392
f 4392//4392 4406//4406 4398//4398
f 4392//4392 4398//4398 4813//4813
f 4394//4394 4402//4402 4397//4397
f 4397//4397 4402//4402 4403//4403
f 4402//4402 4404//4404 4403//4403
f 4397//4397 4403//4403 4405//4405
f 4397//4397 4405//4405 4406//4406
f 4405//4405 4407//4407 4406//4406
f 4398//4398 4406//4406 4412//4412
f 4398//4398 4412//4412 4813//4813
f 4406//4406 4407//4407 4409//4409
f 4406//4406 4409//4409 4408//4408
f 4406//4406 4410//4410 4411//4411
f 4406//4406 4408//4408 4410//4410
f 4406//4406 4411//4411 4432//4432
f 4406//4406 4432//4432 4412//4412
f 4429//4429 4430//4430 4432//4432
f 4385//4385 4429//4429 4432//4432
f 4385//4385 4432//4432 4388//4388
f 4337//4337 4928//4928 4927//4927
f 4342//4342 4462//4462 4454//4454
f 4350//4350 4491//4491 4462//4462
f 4462//4462 4491//4491 4463//4463
f 4463//4463 4491//4491 4464//4464
f 4464//4464 4491//4491 4465//4465
f 4491//4491 4710//4710 5245//5245
f 4465//4465 4491//4491 4493//4493
f 4491//4491 5245//5245 4493//4493
f 4493//4493 5245//5245 4494//4494
f 4494//4494 5245//5245 4495//4495
f 4495//4495 5245//5245 4496//4496
f 4496//4496 5245//5245 5250//5250
f 3665//3665 4521//4521 4295//4295
f 4295//4295 4521//4521 4519//4519
f 4519//4519 4521//4521 4520//4520
f 4305//4305 4519//4519 4520//4520
f 4305//4305 4520//4520 4546//4546
f 4520//4520 4521//4521 4546//4546
f 4521//4521 4547//4547 4546//4546
f 3693//3693 4567//4567 4523//4523
f 3693//3693 4523//4523 4521//4521
f 4521//4521 4522//4522 4547//4547
f 4522//4522 4556//4556 4547//4547
f 4521//4521 4523//4523 4522//4522
f 4524//4524 4531//4531 4532//4532
f 4524//4524 4532//4532 4537//4537
f 4522//4522 4523//4523 4556//4556
f 4524//4524 4525//4525 4557//4557
f 4531//4531 4555//4555 4534//4534
f 4524//4524 4555//4555 4531//4531
f 4524//4524 4557//4557 4555//4555
f 4523//4523 4558//4558 4556//4556
f 4523//4523 4567//4567 4558//4558
f 4525//4525 4526//4526 4567//4567
f 4524//4524 4526//4526 4525//4525
f 4524//4524 4539//4539 4526//4526
f 4526//4526 4558//4558 4567//4567
f 4527//4527 4533//4533 4555//4555
f 4527//4527 4535//4535 4533//4533
f 4527//4527 4528//4528 4535//4535
f 4524//4524 4537//4537 4539//4539
f 4536//4536 4539//4539 4537//4537
f 4533//4533 4534//4534 4555//4555
f 4536//4536 4538//4538 4539//4539
f 4538//4538 4540//4540 4539//4539
f 4539//4539 4540//4540 4541//4541
f 4539//4539 4541//4541 4542//4542
f 4539//4539 4542//4542 4543//4543
f 4539//4539 4545//4545 4544//4544
f 4539//4539 4543//4543 4545//4545
f 4526//4526 4539//4539 4563//4563
f 4305//4305 4546//4546 4325//4325
f 4546//4546 4547//4547 4550//4550
f 4548//4548 4549//4549 4553//4553
f 4548//4548 4570//4570 4549//4549
f 4548//4548 4559//4559 4570//4570
f 4325//4325 4550//4550 4332//4332
f 4332//4332 4550//4550 4551//4551
f 4325//4325 4546//4546 4550//4550
f 4550//4550 4864//4864 4551//4551
f 4547//4547 4552//4552 4550//4550
f 4550//4550 4552//4552 4865//4865
f 4553//4553 4554//4554 4867//4867
f 4554//4554 4572//4572 4868//4868
f 4549//4549 4554//4554 4553//4553
f 4527//4527 4555//4555 4548//4548
f 4547//4547 4556//4556 4552//4552
f 4548//4548 4555//4555 4559//4559
f 4555//4555 4557//4557 4559//4559
f 4525//4525 4559//4559 4557//4557
f 4525//4525 4567//4567 4571//4571
f 4556//4556 4558//4558 4560//4560
f 4526//4526 4563//4563 4558//4558
f 4525//4525 4571//4571 4559//4559
f 4567//4567 4590//4590 4581//4581
f 4527//4527 4553//4553 4528//4528
f 4527//4527 4548//4548 4553//4553
f 4552//4552 4556//4556 4560//4560
f 4528//4528 4553//4553 4529//4529
f 4529//4529 4553//4553 4530//4530
f 4530//4530 4553//4553 4561//4561
f 4553//4553 4562//4562 4561//4561
f 4552//4552 4560//4560 4866//4866
f 4553//4553 4867//4867 4562//4562
f 4558//4558 4563//4563 4560//4560
f 4539//4539 4544//4544 4563//4563
f 4544//4544 4564//4564 4563//4563
f 4560//4560 4563//4563 4875//4875
f 4563//4563 4564//4564 4881//4881
f 3692//3692 4600//4600 4567//4567
f 3692//3692 3752//3752 4600//4600
f 4567//4567 4568//4568 4590//4590
f 4567//4567 4600//4600 4568//4568
f 4549//4549 4569//4569 4554//4554
f 4549//4549 4571//4571 4569//4569
f 4549//4549 4570//4570 4571//4571
f 4559//4559 4571//4571 4570//4570
f 4569//4569 4571//4571 4577//4577
f 4336//4336 4572//4572 4569//4569
f 4336//4336 4569//4569 4577//4577
f 4554//4554 4569//4569 4572//4572
f 4337//4337 4926//4926 4572//4572
f 4567//4567 4581//4581 4571//4571
f 4573//4573 4581//4581 4590//4590
f 4573//4573 4583//4583 4581//4581
f 4573//4573 4575//4575 4583//4583
f 4574//4574 4576//4576 4596//4596
f 4338//4338 4577//4577 4571//4571
f 4338//4338 4571//4571 4578//4578
f 4571//4571 4581//4581 4578//4578
f 4578//4578 4579//4579 4707//4707
f 4578//4578 4580//4580 4579//4579
f 4579//4579 4580//4580 4708//4708
f 4578//4578 4581//4581 4580//4580
f 4580//4580 4582//4582 4709//4709
f 4582//4582 4584//4584 4709//4709
f 4580//4580 4709//4709 4708//4708
f 4584//4584 4712//4712 4709//4709
f 4580//4580 4581//4581 4582//4582
f 4581//4581 4584//4584 4582//4582
f 4581//4581 4583//4583 4584//4584
f 4575//4575 4587//4587 4583//4583
f 4574//4574 4595//4595 4586//4586
f 4574//4574 4585//4585 4576//4576
f 4574//4574 4586//4586 4585//4585
f 4583//4583 4588//4588 4584//4584
f 4585//4585 4586//4586 4714//4714
f 4585//4585 4713//4713 4589//4589
f 4586//4586 4592//4592 4716//4716
f 4575//4575 4599//4599 4587//4587
f 4576//4576 4585//4585 4589//4589
f 4576//4576 4589//4589 4943//4943
f 4587//4587 4599//4599 4953//4953
f 4583//4583 4587//4587 4588//4588
f 4584//4584 4588//4588 4712//4712
f 4587//4587 4954//4954 4588//4588
f 4589//4589 4715//4715 4955//4955
f 4568//4568 4594//4594 4590//4590
f 4568//4568 4592//4592 4593//4593
f 4568//4568 4593//4593 4594//4594
f 4591//4591 4597//4597 4593//4593
f 4574//4574 4596//4596 4591//4591
f 4591//4591 4593//4593 4592//4592
f 4593//4593 4598//4598 4594//4594
f 4573//4573 4590//4590 4575//4575
f 4591//4591 4592//4592 4595//4595
f 4575//4575 4590//4590 4594//4594
f 4574//4574 4591//4591 4595//4595
f 4575//4575 4594//4594 4599//4599
f 4568//4568 4600//4600 4608//4608
f 4591//4591 4596//4596 4597//4597
f 4593//4593 4597//4597 4598//4598
f 4576//4576 4967//4967 4596//4596
f 4596//4596 4969//4969 4597//4597
f 4594//4594 4598//4598 4599//4599
f 4597//4597 4970//4970 4598//4598
f 4598//4598 4971//4971 4599//4599
f 4600//4600 4609//4609 4610//4610
f 4600//4600 4661//4661 4601//4601
f 4586//4586 4595//4595 4592//4592
f 4568//4568 4716//4716 4592//4592
f 4568//4568 4608//4608 4722//4722
f 4602//4602 4604//4604 4606//4606
f 4568//4568 4722//4722 4716//4716
f 4603//4603 4608//4608 4605//4605
f 4603//4603 4722//4722 4608//4608
f 4602//4602 4606//4606 4616//4616
f 4606//4606 4607//4607 5005//5005
f 4604//4604 4607//4607 4606//4606
f 4600//4600 4611//4611 4608//4608
f 4600//4600 4610//4610 4611//4611
f 4602//4602 4610//4610 4609//4609
f 4602//4602 4616//4616 4610//4610
f 4610//4610 4617//4617 4611//4611
f 4602//4602 4609//4609 4614//4614
f 4605//4605 4608//4608 4611//4611
f 4613//4613 4680//4680 4674//4674
f 4613//4613 4676//4676 4618//4618
f 4602//4602 4614//4614 4604//4604
f 4605//4605 4611//4611 4619//4619
f 4609//4609 4727//4727 4614//4614
f 4600//4600 4601//4601 4752//4752
f 4601//4601 4612//4612 4736//4736
f 4610//4610 4616//4616 4617//4617
f 4611//4611 4617//4617 4619//4619
f 4606//4606 5017//5017 4616//4616
f 4616//4616 5018//5018 4617//4617
f 4613//4613 4618//4618 4680//4680
f 4618//4618 5208//5208 4680//4680
f 4617//4617 5030//5030 4619//4619
f 4618//4618 4682//4682 5023//5023
f 3752//3752 4620//4620 4629//4629
f 4620//4620 4624//4624 4622//4622
f 4622//4622 4624//4624 4626//4626
f 4620//4620 4621//4621 4624//4624
f 4620//4620 4622//4622 4623//4623
f 4621//4621 4625//4625 4630//4630
f 4621//4621 4630//4630 4624//4624
f 4622//4622 4631//4631 4623//4623
f 4624//4624 4630//4630 4627//4627
f 4620//4620 4643//4643 4621//4621
f 4621//4621 4636//4636 4625//4625
f 4622//4622 4628//4628 4631//4631
f 4625//4625 4632//4632 4630//4630
f 4625//4625 4636//4636 4632//4632
f 4622//4622 4626//4626 4628//4628
f 4624//4624 4627//4627 4626//4626
f 4626//4626 4627//4627 5059//5059
f 4627//4627 4634//4634 5073//5073
f 4626//4626 5075//5075 4628//4628
f 3752//3752 4629//4629 4600//4600
f 4620//4620 4623//4623 4629//4629
f 4630//4630 4632//4632 4634//4634
f 4623//4623 4631//4631 4633//4633
f 4631//4631 4650//4650 4633//4633
f 4632//4632 4649//4649 4635//4635
f 4623//4623 4633//4633 4652//4652
f 4633//4633 4650//4650 4652//4652
f 4623//4623 4652//4652 4629//4629
f 4627//4627 4630//4630 4634//4634
f 4634//4634 4635//4635 5105//5105
f 4632//4632 4635//4635 4634//4634
f 4628//4628 4655//4655 4631//4631
f 4635//4635 4654//4654 5114//5114
f 3769//3769 4643//4643 4620//4620
f 4621//4621 4643//4643 4636//4636
f 4632//4632 4636//4636 4649//4649
f 4636//4636 4637//4637 4649//4649
f 4636//4636 4643//4643 4637//4637
f 4637//4637 4651//4651 4649//4649
f 4637//4637 4643//4643 4651//4651
f 4643//4643 4645//4645 4651//4651
f 3776//3776 4640//4640 4643//4643
f 4638//4638 4643//4643 4640//4640
f 3776//3776 4639//4639 4640//4640
f 4639//4639 4642//4642 4640//4640
f 4639//4639 4641//4641 4642//4642
f 4638//4638 4640//4640 4644//4644
f 4640//4640 4642//4642 4644//4644
f 4641//4641 4647//4647 4642//4642
f 4638//4638 4645//4645 4643//4643
f 4638//4638 4644//4644 4645//4645
f 4644//4644 4658//4658 4645//4645
f 4642//4642 4648//4648 4644//4644
f 4641//4641 4646//4646 4647//4647
f 4646//4646 5143//5143 4647//4647
f 4644//4644 4648//4648 4658//4658
f 4648//4648 5162//5162 4658//4658
f 4642//4642 4647//4647 4648//4648
f 4647//4647 5144//5144 4648//4648
f 4649//4649 4651//4651 4654//4654
f 4631//4631 4655//4655 4650//4650
f 4645//4645 4656//4656 4651//4651
f 4650//4650 4653//4653 4652//4652
f 4650//4650 4657//4657 4653//4653
f 4652//4652 4653//4653 4691//4691
f 4635//4635 4649//4649 4654//4654
f 4628//4628 5154//5154 4655//4655
f 4654//4654 4656//4656 5153//5153
f 4651//4651 4656//4656 4654//4654
f 4645//4645 4658//4658 4656//4656
f 4656//4656 4658//4658 5155//5155
f 4650//4650 4655//4655 4657//4657
f 4655//4655 5156//5156 4657//4657
f 4600//4600 4629//4629 4661//4661
f 4629//4629 4659//4659 4662//4662
f 4629//4629 4660//4660 4661//4661
f 4629//4629 4662//4662 4660//4660
f 4660//4660 4662//4662 4664//4664
f 4659//4659 4667//4667 4663//4663
f 4659//4659 4663//4663 4662//4662
f 4662//4662 4663//4663 4665//4665
f 4660//4660 4669//4669 4661//4661
f 4601//4601 4673//4673 4674//4674
f 4601//4601 4675//4675 4612//4612
f 4601//4601 4674//4674 4675//4675
f 4661//4661 4669//4669 4668//4668
f 4663//4663 4670//4670 4666//4666
f 4601//4601 4661//4661 4685//4685
f 4662//4662 4665//4665 4664//4664
f 4663//4663 4666//4666 4665//4665
f 4664//4664 4665//4665 5163//5163
f 4665//4665 4666//4666 5164//5164
f 4666//4666 4670//4670 4672//4672
f 4666//4666 4672//4672 5166//5166
f 4629//4629 4652//4652 4698//4698
f 4659//4659 4683//4683 4667//4667
f 4660//4660 4671//4671 4669//4669
f 4663//4663 4667//4667 4670//4670
f 4629//4629 4698//4698 4659//4659
f 4667//4667 4683//4683 4670//4670
f 4659//4659 4698//4698 4683//4683
f 4660//4660 4664//4664 4671//4671
f 4664//4664 5197//5197 4671//4671
f 4674//4674 4679//4679 4675//4675
f 4613//4613 4674//4674 4673//4673
f 4613//4613 4673//4673 4678//4678
f 4612//4612 4675//4675 4677//4677
f 4612//4612 4677//4677 4615//4615
f 4613//4613 4678//4678 4676//4676
f 4675//4675 4681//4681 4677//4677
f 4673//4673 4769//4769 4678//4678
f 4601//4601 4784//4784 4673//4673
f 4674//4674 4680//4680 4679//4679
f 4675//4675 4679//4679 4681//4681
f 4679//4679 4680//4680 5203//5203
f 4618//4618 4676//4676 4682//4682
f 4679//4679 5209//5209 4681//4681
f 4661//4661 4668//4668 4685//4685
f 4668//4668 4669//4669 4686//4686
f 4670//4670 4684//4684 4672//4672
f 4670//4670 4683//4683 4684//4684
f 4668//4668 4686//4686 4685//4685
f 4669//4669 4689//4689 4686//4686
f 4683//4683 4697//4697 4684//4684
f 4684//4684 4687//4687 4688//4688
f 4684//4684 4697//4697 4687//4687
f 4685//4685 4686//4686 4775//4775
f 4669//4669 4671//4671 4689//4689
f 4672//4672 4684//4684 4688//4688
f 4672//4672 4688//4688 5198//5198
f 4671//4671 5221//5221 4689//4689
f 4687//4687 4690//4690 4688//4688
f 4686//4686 4689//4689 4776//4776
f 4688//4688 4690//4690 5220//5220
f 4652//4652 4691//4691 4693//4693
f 4653//4653 4692//4692 4691//4691
f 4653//4653 4694//4694 4692//4692
f 4691//4691 4692//4692 4693//4693
f 4652//4652 4693//4693 4701//4701
f 4692//4692 4695//4695 4693//4693
f 4652//4652 4701//4701 4698//4698
f 4653//4653 4657//4657 4694//4694
f 4657//4657 5229//5229 4694//4694
f 4692//4692 4696//4696 4695//4695
f 4693//4693 4695//4695 4700//4700
f 4692//4692 4694//4694 4696//4696
f 4694//4694 5233//5233 4696//4696
f 4683//4683 4698//4698 4697//4697
f 4693//4693 4700//4700 4701//4701
f 4687//4687 4697//4697 4698//4698
f 4687//4687 4789//4789 4690//4690
f 4687//4687 4698//4698 4789//4789
f 4698//4698 4701//4701 4704//4704
f 4698//4698 4699//4699 4789//4789
f 4698//4698 4704//4704 4699//4699
f 4699//4699 4704//4704 4790//4790
f 4690//4690 4789//4789 4791//4791
f 4690//4690 4791//4791 5222//5222
f 4695//4695 4702//4702 4700//4700
f 4695//4695 4706//4706 4702//4702
f 4700//4700 4702//4702 4701//4701
f 4701//4701 4703//4703 4704//4704
f 4701//4701 4705//4705 4703//4703
f 4701//4701 4702//4702 4705//4705
f 4703//4703 4793//4793 4704//4704
f 4703//4703 4705//4705 4793//4793
f 4702//4702 4794//4794 4705//4705
f 4695//4695 4696//4696 4706//4706
f 4696//4696 5238//5238 4706//4706
f 4702//4702 4706//4706 4794//4794
f 4706//4706 5341//5341 4794//4794
f 4579//4579 4708//4708 4707//4707
f 4707//4707 4708//4708 4710//4710
f 4708//4708 4709//4709 4711//4711
f 4708//4708 4711//4711 4710//4710
f 4710//4710 4711//4711 5245//5245
f 4711//4711 4712//4712 5246//5246
f 4709//4709 4712//4712 4711//4711
f 4588//4588 5247//5247 4712//4712
f 4585//4585 4714//4714 4713//4713
f 4586//4586 4716//4716 4714//4714
f 4713//4713 4717//4717 4715//4715
f 4713//4713 4716//4716 4717//4717
f 4713//4713 4714//4714 4716//4716
f 4589//4589 4713//4713 4715//4715
f 4715//4715 4717//4717 4720//4720
f 4715//4715 4720//4720 5259//5259
f 4716//4716 4719//4719 4717//4717
f 4717//4717 4718//4718 4720//4720
f 4716//4716 4722//4722 4742//4742
f 4717//4717 4719//4719 4718//4718
f 4718//4718 4737//4737 4721//4721
f 4716//4716 4738//4738 4719//4719
f 4718//4718 4719//4719 4738//4738
f 4716//4716 4742//4742 4738//4738
f 4720//4720 4721//4721 5262//5262
f 4718//4718 4721//4721 4720//4720
f 4721//4721 4745//4745 5263//5263
f 4603//4603 4605//4605 4723//4723
f 4604//4604 4724//4724 4607//4607
f 4603//4603 4723//4723 4722//4722
f 4605//4605 4725//4725 4723//4723
f 4722//4722 4723//4723 4730//4730
f 4605//4605 4619//4619 4725//4725
f 4607//4607 4724//4724 4726//4726
f 4607//4607 4726//4726 5010//5010
f 4619//4619 5270//5270 4725//4725
f 4723//4723 4725//4725 4733//4733
f 4600//4600 4752//4752 4609//4609
f 4604//4604 4614//4614 4727//4727
f 4604//4604 4727//4727 4724//4724
f 4612//4612 4615//4615 4736//4736
f 4609//4609 4752//4752 4727//4727
f 4615//4615 4728//4728 4736//4736
f 4601//4601 4736//4736 4752//4752
f 4722//4722 4730//4730 4729//4729
f 4722//4722 4729//4729 4731//4731
f 4723//4723 4733//4733 4730//4730
f 4724//4724 4732//4732 4726//4726
f 4722//4722 4731//4731 4742//4742
f 4729//4729 4749//4749 4731//4731
f 4729//4729 4730//4730 4749//4749
f 4730//4730 4750//4750 4749//4749
f 4732//4732 4753//4753 4734//4734
f 4726//4726 4732//4732 4734//4734
f 4725//4725 5277//5277 4733//4733
f 4726//4726 4734//4734 5271//5271
f 4730//4730 4733//4733 4750//4750
f 4733//4733 5297//5297 4750//4750
f 4734//4734 4751//4751 5278//5278
f 4724//4724 4727//4727 4735//4735
f 4724//4724 4735//4735 4732//4732
f 4727//4727 4752//4752 4735//4735
f 4732//4732 4735//4735 4752//4752
f 4718//4718 4738//4738 4737//4737
f 4737//4737 4738//4738 4739//4739
f 4738//4738 4742//4742 4739//4739
f 4731//4731 4740//4740 4742//4742
f 4731//4731 4743//4743 4740//4740
f 4737//4737 4741//4741 4745//4745
f 4739//4739 4742//4742 4741//4741
f 4737//4737 4739//4739 4741//4741
f 4741//4741 4744//4744 4746//4746
f 4740//4740 4744//4744 4742//4742
f 4741//4741 4742//4742 4744//4744
f 4740//4740 4743//4743 4744//4744
f 4743//4743 4748//4748 4744//4744
f 4721//4721 4737//4737 4745//4745
f 4741//4741 4746//4746 4745//4745
f 4745//4745 4746//4746 5285//5285
f 4746//4746 4748//4748 5286//5286
f 4743//4743 4747//4747 4748//4748
f 4744//4744 4748//4748 4746//4746
f 4747//4747 5288//5288 4748//4748
f 4731//4731 4749//4749 4743//4743
f 4743//4743 4749//4749 4747//4747
f 4747//4747 4749//4749 4750//4750
f 4747//4747 4750//4750 5287//5287
f 4734//4734 4753//4753 4751//4751
f 4751//4751 4765//4765 5298//5298
f 4732//4732 4752//4752 4753//4753
f 4736//4736 4796//4796 4754//4754
f 4736//4736 4762//4762 4752//4752
f 4736//4736 4754//4754 4756//4756
f 4752//4752 4755//4755 4753//4753
f 4751//4751 4753//4753 4757//4757
f 4753//4753 4755//4755 4757//4757
f 4752//4752 4762//4762 4755//4755
f 4736//4736 4756//4756 4762//4762
f 4754//4754 4796//4796 4759//4759
f 4754//4754 4759//4759 4756//4756
f 4751//4751 4757//4757 4765//4765
f 4755//4755 4758//4758 4757//4757
f 4757//4757 4761//4761 4765//4765
f 4755//4755 4762//4762 4758//4758
f 4758//4758 4762//4762 4761//4761
f 4757//4757 4758//4758 4761//4761
f 4756//4756 4759//4759 4763//4763
f 4756//4756 4760//4760 4762//4762
f 4756//4756 4763//4763 4760//4760
f 4759//4759 4767//4767 4763//4763
f 4761//4761 4764//4764 4766//4766
f 4761//4761 4762//4762 4764//4764
f 4760//4760 4764//4764 4762//4762
f 4760//4760 4763//4763 4764//4764
f 4763//4763 4768//4768 4764//4764
f 4761//4761 4766//4766 4765//4765
f 4765//4765 4766//4766 5305//5305
f 4759//4759 4812//4812 4767//4767
f 4764//4764 4768//4768 4766//4766
f 4766//4766 4768//4768 5306//5306
f 4763//4763 4767//4767 4768//4768
f 4767//4767 4812//4812 5307//5307
f 4767//4767 5308//5308 4768//4768
f 4615//4615 4677//4677 4770//4770
f 4676//4676 4771//4771 4682//4682
f 4676//4676 4678//4678 4769//4769
f 4615//4615 4770//4770 4728//4728
f 4677//4677 4773//4773 4770//4770
f 4676//4676 4769//4769 4771//4771
f 4601//4601 4685//4685 4784//4784
f 4673//4673 4784//4784 4769//4769
f 4771//4771 4778//4778 4772//4772
f 4769//4769 4777//4777 4771//4771
f 4677//4677 4681//4681 4773//4773
f 4682//4682 4771//4771 4772//4772
f 4682//4682 4772//4772 5210//5210
f 4681//4681 5318//5318 4773//4773
f 4772//4772 4780//4780 5317//5317
f 4685//4685 4775//4775 4774//4774
f 4685//4685 4774//4774 4782//4782
f 4686//4686 4776//4776 4775//4775
f 4774//4774 4775//4775 4783//4783
f 4774//4774 4783//4783 4782//4782
f 4775//4775 4787//4787 4783//4783
f 4689//4689 5322//5322 4776//4776
f 4775//4775 4776//4776 4787//4787
f 4776//4776 5330//5330 4787//4787
f 4728//4728 4770//4770 4779//4779
f 4728//4728 4779//4779 4736//4736
f 4770//4770 4781//4781 4779//4779
f 4771//4771 4777//4777 4778//4778
f 4769//4769 4784//4784 4777//4777
f 4777//4777 4784//4784 4778//4778
f 4736//4736 4779//4779 4796//4796
f 4778//4778 4797//4797 4780//4780
f 4778//4778 4784//4784 4797//4797
f 4770//4770 4773//4773 4781//4781
f 4772//4772 4778//4778 4780//4780
f 4773//4773 5326//5326 4781//4781
f 4779//4779 4781//4781 4798//4798
f 4780//4780 4797//4797 4799//4799
f 4780//4780 4799//4799 5325//5325
f 4685//4685 4801//4801 4784//4784
f 4685//4685 4782//4782 4801//4801
f 4782//4782 4783//4783 4786//4786
f 4782//4782 4786//4786 4785//4785
f 4783//4783 4788//4788 4786//4786
f 4782//4782 4785//4785 4801//4801
f 4785//4785 4786//4786 4803//4803
f 4783//4783 4787//4787 4788//4788
f 4786//4786 4788//4788 4808//4808
f 4787//4787 5331//5331 4788//4788
f 4789//4789 4790//4790 4791//4791
f 4699//4699 4790//4790 4789//4789
f 4704//4704 4793//4793 4790//4790
f 4790//4790 4793//4793 4792//4792
f 4791//4791 4792//4792 5337//5337
f 4790//4790 4792//4792 4791//4791
f 4792//4792 4793//4793 4795//4795
f 4792//4792 4795//4795 5338//5338
f 4705//4705 4795//4795 4793//4793
f 4705//4705 4794//4794 4795//4795
f 4794//4794 5342//5342 4795//4795
f 4779//4779 4798//4798 4796//4796
f 4797//4797 4804//4804 4799//4799
f 4759//4759 4796//4796 4812//4812
f 4781//4781 5344//5344 4798//4798
f 4799//4799 4809//4809 5345//5345
f 4796//4796 4798//4798 4812//4812
f 4798//4798 5360//5360 4812//4812
f 4784//4784 4800//4800 4797//4797
f 4784//4784 4805//4805 4800//4800
f 4784//4784 4801//4801 4805//4805
f 4797//4797 4800//4800 4804//4804
f 4800//4800 4805//4805 4804//4804
f 4785//4785 4803//4803 4801//4801
f 4786//4786 4808//4808 4803//4803
f 4801//4801 4802//4802 4805//4805
f 4801//4801 4803//4803 4807//4807
f 4804//4804 4806//4806 4809//4809
f 4804//4804 4805//4805 4806//4806
f 4802//4802 4806//4806 4805//4805
f 4801//4801 4807//4807 4802//4802
f 4802//4802 4807//4807 4806//4806
f 4803//4803 4811//4811 4807//4807
f 4806//4806 4807//4807 4810//4810
f 4799//4799 4804//4804 4809//4809
f 4788//4788 5348//5348 4808//4808
f 4806//4806 4810//4810 4809//4809
f 4809//4809 4810//4810 5349//5349
f 4803//4803 4808//4808 4811//4811
f 4807//4807 4811//4811 4810//4810
f 4808//4808 5351//5351 4811//4811
f 4810//4810 4811//4811 5350//5350
f 4033//4033 4392//4392 4815//4815
f 4392//4392 4813//4813 4815//4815
f 4813//4813 4814//4814 4815//4815
f 4412//4412 4869//4869 4813//4813
f 4813//4813 4869//4869 4814//4814
f 4814//4814 4869//4869 4870//4870
f 4814//4814 4870//4870 4815//4815
f 4819//4819 4874//4874 4873//4873
f 4817//4817 4874//4874 4819//4819
f 4817//4817 4819//4819 4818//4818
f 4816//4816 4818//4818 4819//4819
f 4816//4816 4819//4819 4824//4824
f 4820//4820 4822//4822 4821//4821
f 4819//4819 4820//4820 4825//4825
f 4819//4819 4822//4822 4820//4820
f 4819//4819 4844//4844 4822//4822
f 4828//4828 4829//4829 4833//4833
f 4831//4831 4832//4832 4837//4837
f 4830//4830 4837//4837 4832//4832
f 4828//4828 4837//4837 4830//4830
f 4828//4828 4833//4833 4837//4837
f 4834//4834 4837//4837 4836//4836
f 4819//4819 4825//4825 4824//4824
f 4831//4831 4837//4837 4834//4834
f 4833//4833 4851//4851 4837//4837
f 4835//4835 4836//4836 4887//4887
f 4836//4836 4837//4837 4887//4887
f 4081//4081 4815//4815 4082//4082
f 4082//4082 4815//4815 4838//4838
f 4815//4815 4839//4839 4838//4838
f 4815//4815 4840//4840 4839//4839
f 4815//4815 4850//4850 4840//4840
f 4815//4815 4870//4870 4891//4891
f 4815//4815 4891//4891 4843//4843
f 4819//4819 4890//4890 4847//4847
f 4815//4815 4843//4843 4850//4850
f 4819//4819 4845//4845 4844//4844
f 4819//4819 4847//4847 4845//4845
f 4845//4845 4847//4847 4846//4846
f 4846//4846 4847//4847 4849//4849
f 4847//4847 4848//4848 4849//4849
f 4847//4847 4852//4852 4848//4848
f 4847//4847 4857//4857 4852//4852
f 4847//4847 4890//4890 4860//4860
f 4843//4843 4891//4891 4897//4897
f 4843//4843 4897//4897 4854//4854
f 4843//4843 4856//4856 4850//4850
f 4843//4843 4858//4858 4856//4856
f 4843//4843 4854//4854 4858//4858
f 4847//4847 4860//4860 4857//4857
f 4837//4837 4851//4851 4853//4853
f 4837//4837 4853//4853 4855//4855
f 4837//4837 4855//4855 4897//4897
f 4854//4854 4897//4897 4896//4896
f 4550//4550 4865//4865 4864//4864
f 4430//4430 4864//4864 4432//4432
f 4432//4432 4864//4864 4865//4865
f 4412//4412 4432//4432 4865//4865
f 4552//4552 4866//4866 4865//4865
f 4865//4865 4866//4866 4869//4869
f 4554//4554 4868//4868 4867//4867
f 4867//4867 4868//4868 4871//4871
f 4412//4412 4865//4865 4869//4869
f 4866//4866 4870//4870 4869//4869
f 4868//4868 4872//4872 4871//4871
f 4871//4871 4872//4872 4899//4899
f 4872//4872 4934//4934 4899//4899
f 4562//4562 4867//4867 4873//4873
f 4560//4560 4875//4875 4866//4866
f 4819//4819 4873//4873 4867//4867
f 4819//4819 4867//4867 4890//4890
f 4866//4866 4875//4875 4870//4870
f 4563//4563 4881//4881 4875//4875
f 4564//4564 4565//4565 4881//4881
f 4565//4565 4566//4566 4881//4881
f 4566//4566 4876//4876 4881//4881
f 4876//4876 4877//4877 4883//4883
f 4877//4877 4878//4878 4882//4882
f 4878//4878 4879//4879 4887//4887
f 4875//4875 4887//4887 4891//4891
f 4875//4875 4883//4883 4885//4885
f 4875//4875 4881//4881 4883//4883
f 4875//4875 4885//4885 4886//4886
f 4875//4875 4886//4886 4887//4887
f 4835//4835 4887//4887 4879//4879
f 4876//4876 4883//4883 4881//4881
f 4877//4877 4882//4882 4883//4883
f 4878//4878 4884//4884 4882//4882
f 4878//4878 4887//4887 4884//4884
f 4837//4837 4895//4895 4893//4893
f 4837//4837 4894//4894 4880//4880
f 4837//4837 4880//4880 4889//4889
f 4837//4837 4893//4893 4894//4894
f 4837//4837 4889//4889 4888//4888
f 4837//4837 4888//4888 4887//4887
f 4884//4884 4887//4887 4886//4886
f 4870//4870 4875//4875 4891//4891
f 4871//4871 4892//4892 4890//4890
f 4867//4867 4871//4871 4890//4890
f 4871//4871 4899//4899 4892//4892
f 4859//4859 4892//4892 4899//4899
f 4888//4888 4889//4889 4891//4891
f 4889//4889 4894//4894 4891//4891
f 4891//4891 4894//4894 4895//4895
f 4891//4891 4895//4895 4897//4897
f 4887//4887 4888//4888 4891//4891
f 4860//4860 4890//4890 4892//4892
f 4859//4859 4860//4860 4892//4892
f 4837//4837 4897//4897 4895//4895
f 4855//4855 4896//4896 4897//4897
f 4859//4859 4938//4938 4861//4861
f 4861//4861 4938//4938 4898//4898
f 4859//4859 4899//4899 4938//4938
f 4572//4572 4926//4926 4868//4868
f 4868//4868 4926//4926 4872//4872
f 4926//4926 4927//4927 4929//4929
f 4926//4926 4929//4929 4930//4930
f 4926//4926 4930//4930 4935//4935
f 4337//4337 4927//4927 4926//4926
f 4872//4872 4926//4926 4932//4932
f 4872//4872 4932//4932 4934//4934
f 4926//4926 4935//4935 4932//4932
f 4932//4932 4938//4938 4934//4934
f 4899//4899 4934//4934 4938//4938
f 4932//4932 4935//4935 4936//4936
f 4932//4932 4936//4936 4938//4938
f 4936//4936 4937//4937 4938//4938
f 4937//4937 4939//4939 4938//4938
f 4938//4938 4939//4939 4940//4940
f 4938//4938 4940//4940 4947//4947
f 4576//4576 4943//4943 4967//4967
f 4898//4898 4938//4938 4956//4956
f 4898//4898 4956//4956 4905//4905
f 4905//4905 4956//4956 4979//4979
f 4944//4944 4979//4979 4956//4956
f 4944//4944 4956//4956 4946//4946
f 4954//4954 5258//5258 5247//5247
f 4938//4938 4947//4947 4948//4948
f 4938//4938 4948//4948 4950//4950
f 4938//4938 4950//4950 4956//4956
f 4949//4949 4951//4951 4950//4950
f 4949//4949 5256//5256 4951//4951
f 4950//4950 4951//4951 4952//4952
f 4950//4950 4952//4952 4956//4956
f 4952//4952 4959//4959 4957//4957
f 4951//4951 5258//5258 4952//4952
f 4952//4952 5258//5258 4959//4959
f 4954//4954 4959//4959 5258//5258
f 4599//4599 4971//4971 4953//4953
f 4589//4589 4955//4955 4943//4943
f 4953//4953 4971//4971 4958//4958
f 4943//4943 4955//4955 4945//4945
f 4587//4587 4953//4953 4954//4954
f 4588//4588 4954//4954 5247//5247
f 4953//4953 4959//4959 4954//4954
f 4955//4955 5259//5259 4960//4960
f 4952//4952 4957//4957 4956//4956
f 4957//4957 4959//4959 4958//4958
f 4953//4953 4958//4958 4959//4959
f 4956//4956 4957//4957 4958//4958
f 4946//4946 4956//4956 4958//4958
f 4946//4946 4958//4958 4971//4971
f 4945//4945 4960//4960 4995//4995
f 4945//4945 4955//4955 4960//4960
f 4960//4960 4961//4961 4995//4995
f 4960//4960 5260//5260 4961//4961
f 4961//4961 5265//5265 4990//4990
f 4596//4596 4967//4967 4969//4969
f 4597//4597 4969//4969 4970//4970
f 4967//4967 4972//4972 4968//4968
f 4967//4967 4968//4968 4969//4969
f 4968//4968 4972//4972 4969//4969
f 4943//4943 4974//4974 4967//4967
f 4969//4969 4980//4980 4981//4981
f 4969//4969 4987//4987 4970//4970
f 4598//4598 4970//4970 4971//4971
f 4946//4946 4971//4971 4970//4970
f 4967//4967 4974//4974 4972//4972
f 4972//4972 4974//4974 4975//4975
f 4973//4973 4976//4976 4974//4974
f 4974//4974 4976//4976 4975//4975
f 4973//4973 4974//4974 4977//4977
f 4969//4969 4972//4972 4980//4980
f 4945//4945 4977//4977 4974//4974
f 4945//4945 4982//4982 4977//4977
f 4945//4945 4988//4988 4982//4982
f 4944//4944 4987//4987 4984//4984
f 4945//4945 4989//4989 4988//4988
f 4944//4944 4978//4978 4979//4979
f 4944//4944 4988//4988 4978//4978
f 4944//4944 4984//4984 4988//4988
f 4945//4945 4991//4991 4989//4989
f 4969//4969 4981//4981 4987//4987
f 4981//4981 4986//4986 4987//4987
f 4984//4984 4987//4987 4985//4985
f 4985//4985 4987//4987 4986//4986
f 4990//4990 4992//4992 4991//4991
f 4943//4943 4945//4945 4974//4974
f 4944//4944 4946//4946 4987//4987
f 4946//4946 4970//4970 4987//4987
f 4945//4945 4990//4990 4991//4991
f 4945//4945 4995//4995 4990//4990
f 4606//4606 5005//5005 5008//5008
f 4606//4606 5008//5008 5017//5017
f 4607//4607 5006//5006 5005//5005
f 4607//4607 5007//5007 5006//5006
f 4607//4607 5009//5009 5007//5007
f 5006//5006 5007//5007 5017//5017
f 5006//5006 5017//5017 5008//5008
f 5007//5007 5009//5009 5017//5017
f 5004//5004 5017//5017 5009//5009
f 5004//5004 5011//5011 5017//5017
f 5009//5009 5010//5010 5013//5013
f 4607//4607 5010//5010 5009//5009
f 4961//4961 4990//4990 4995//4995
f 4992//4992 5272//5272 4996//4996
f 4990//4990 5265//5265 4992//4992
f 5004//5004 5013//5013 5011//5011
f 5011//5011 5013//5013 5031//5031
f 5012//5012 5031//5031 5013//5013
f 5004//5004 5009//5009 5013//5013
f 4996//4996 5272//5272 4997//4997
f 4997//4997 5272//5272 4998//4998
f 4998//4998 5016//5016 5036//5036
f 5010//5010 5014//5014 5013//5013
f 4998//4998 5272//5272 5016//5016
f 4616//4616 5020//5020 5018//5018
f 4616//4616 5019//5019 5020//5020
f 4616//4616 5017//5017 5019//5019
f 5017//5017 5022//5022 5019//5019
f 5019//5019 5022//5022 5020//5020
f 5020//5020 5022//5022 5021//5021
f 5017//5017 5035//5035 5022//5022
f 4618//4618 5023//5023 5024//5024
f 4618//4618 5024//5024 5027//5027
f 4618//4618 5027//5027 5208//5208
f 5024//5024 5025//5025 5026//5026
f 5024//5024 5026//5026 5027//5027
f 5026//5026 5208//5208 5027//5027
f 5026//5026 5028//5028 5208//5208
f 5026//5026 5045//5045 5028//5028
f 5028//5028 5029//5029 5208//5208
f 5029//5029 5045//5045 5208//5208
f 5026//5026 5210//5210 5048//5048
f 4617//4617 5018//5018 5030//5030
f 5018//5018 5020//5020 5030//5030
f 5020//5020 5021//5021 5030//5030
f 5021//5021 5022//5022 5030//5030
f 5015//5015 5030//5030 5022//5022
f 4682//4682 5024//5024 5023//5023
f 4682//4682 5025//5025 5024//5024
f 4682//4682 5026//5026 5025//5025
f 4682//4682 5210//5210 5026//5026
f 5012//5012 5013//5013 5038//5038
f 5011//5011 5012//5012 5017//5017
f 5012//5012 5032//5032 5017//5017
f 5017//5017 5032//5032 5035//5035
f 5033//5033 5037//5037 5035//5035
f 5032//5032 5034//5034 5035//5035
f 5033//5033 5035//5035 5034//5034
f 5013//5013 5039//5039 5038//5038
f 5035//5035 5037//5037 5036//5036
f 5013//5013 5014//5014 5039//5039
f 5015//5015 5022//5022 5035//5035
f 5016//5016 5035//5035 5036//5036
f 5039//5039 5053//5053 5040//5040
f 5045//5045 5047//5047 5208//5208
f 5047//5047 5052//5052 5208//5208
f 5047//5047 5048//5048 5214//5214
f 5045//5045 5048//5048 5046//5046
f 5046//5046 5048//5048 5047//5047
f 5026//5026 5048//5048 5045//5045
f 5049//5049 5054//5054 5051//5051
f 5015//5015 5035//5035 5016//5016
f 5014//5014 5053//5053 5039//5039
f 5040//5040 5053//5053 5275//5275
f 4627//4627 5060//5060 5059//5059
f 4627//4627 5061//5061 5060//5060
f 4627//4627 5063//5063 5061//5061
f 4627//4627 5073//5073 5063//5063
f 5068//5068 5073//5073 5083//5083
f 5073//5073 5086//5086 5083//5083
f 5073//5073 5087//5087 5086//5086
f 5063//5063 5073//5073 5067//5067
f 5067//5067 5073//5073 5069//5069
f 5068//5068 5072//5072 5073//5073
f 5069//5069 5073//5073 5071//5071
f 5071//5071 5073//5073 5072//5072
f 5073//5073 5094//5094 5093//5093
f 5073//5073 5074//5074 5094//5094
f 4626//4626 5059//5059 5075//5075
f 5059//5059 5060//5060 5075//5075
f 5060//5060 5062//5062 5075//5075
f 5062//5062 5064//5064 5075//5075
f 5064//5064 5065//5065 5075//5075
f 5065//5065 5125//5125 5075//5075
f 5073//5073 5085//5085 5087//5087
f 5073//5073 5088//5088 5085//5085
f 5088//5088 5089//5089 5090//5090
f 5088//5088 5090//5090 5097//5097
f 5065//5065 5066//5066 5125//5125
f 5066//5066 5068//5068 5125//5125
f 5068//5068 5083//5083 5125//5125
f 5083//5083 5084//5084 5125//5125
f 5073//5073 5092//5092 5089//5089
f 5073//5073 5089//5089 5088//5088
f 5073//5073 5093//5093 5092//5092
f 5088//5088 5097//5097 5098//5098
f 5084//5084 5087//5087 5125//5125
f 5085//5085 5125//5125 5087//5087
f 5085//5085 5088//5088 5125//5125
f 5095//5095 5120//5120 5121//5121
f 5095//5095 5126//5126 5096//5096
f 5091//5091 5096//5096 5103//5103
f 5088//5088 5098//5098 5127//5127
f 5078//5078 5091//5091 5150//5150
f 5088//5088 5127//5127 5125//5125
f 5096//5096 5126//5126 5103//5103
f 5091//5091 5103//5103 5140//5140
f 5103//5103 5126//5126 5157//5157
f 4634//4634 5105//5105 5107//5107
f 4635//4635 5106//5106 5105//5105
f 4634//4634 5107//5107 5073//5073
f 4635//4635 5108//5108 5106//5106
f 4635//4635 5110//5110 5108//5108
f 4635//4635 5111//5111 5110//5110
f 5073//5073 5107//5107 5109//5109
f 5073//5073 5108//5108 5110//5110
f 5073//5073 5109//5109 5108//5108
f 5073//5073 5111//5111 5074//5074
f 5074//5074 5111//5111 5112//5112
f 5073//5073 5110//5110 5111//5111
f 5111//5111 5113//5113 5112//5112
f 5111//5111 5114//5114 5113//5113
f 5114//5114 5116//5116 5115//5115
f 5114//5114 5117//5117 5116//5116
f 5113//5113 5114//5114 5115//5115
f 4635//4635 5114//5114 5111//5111
f 4628//4628 5075//5075 5154//5154
f 5114//5114 5153//5153 5126//5126
f 5118//5118 5121//5121 5119//5119
f 5117//5117 5121//5121 5118//5118
f 5119//5119 5121//5121 5122//5122
f 5120//5120 5122//5122 5121//5121
f 5114//5114 5121//5121 5117//5117
f 5095//5095 5121//5121 5126//5126
f 5098//5098 5099//5099 5127//5127
f 5114//5114 5126//5126 5121//5121
f 5075//5075 5125//5125 5158//5158
f 5099//5099 5123//5123 5160//5160
f 5099//5099 5160//5160 5127//5127
f 5125//5125 5160//5160 5158//5158
f 5125//5125 5127//5127 5160//5160
f 5123//5123 5129//5129 5160//5160
f 4267//4267 5078//5078 5150//5150
f 5091//5091 5140//5140 5150//5150
f 5103//5103 5157//5157 5140//5140
f 5140//5140 5157//5157 5159//5159
f 5140//5140 5141//5141 5150//5150
f 5140//5140 5159//5159 5141//5141
f 5141//5141 5159//5159 5152//5152
f 5141//5141 5152//5152 5150//5150
f 4646//4646 5142//5142 5143//5143
f 5142//5142 5149//5149 5143//5143
f 4648//4648 5144//5144 5162//5162
f 5144//5144 5152//5152 5162//5162
f 4647//4647 5143//5143 5144//5144
f 5143//5143 5151//5151 5144//5144
f 4276//4276 5150//5150 5147//5147
f 5145//5145 5147//5147 5150//5150
f 4276//4276 5147//5147 5146//5146
f 5147//5147 5149//5149 5148//5148
f 5142//5142 5148//5148 5149//5149
f 5146//5146 5147//5147 5148//5148
f 5145//5145 5149//5149 5147//5147
f 5145//5145 5150//5150 5151//5151
f 5150//5150 5152//5152 5151//5151
f 5144//5144 5151//5151 5152//5152
f 5145//5145 5151//5151 5149//5149
f 5143//5143 5149//5149 5151//5151
f 4654//4654 5153//5153 5114//5114
f 4655//4655 5154//5154 5156//5156
f 5075//5075 5158//5158 5154//5154
f 5153//5153 5155//5155 5157//5157
f 4656//4656 5155//5155 5153//5153
f 4658//4658 5162//5162 5155//5155
f 5155//5155 5162//5162 5159//5159
f 5154//5154 5161//5161 5156//5156
f 4657//4657 5156//5156 5229//5229
f 5126//5126 5153//5153 5157//5157
f 5155//5155 5159//5159 5157//5157
f 5152//5152 5159//5159 5162//5162
f 5154//5154 5158//5158 5161//5161
f 5158//5158 5160//5160 5230//5230
f 5158//5158 5230//5230 5161//5161
f 4665//4665 5164//5164 5163//5163
f 5163//5163 5164//5164 5169//5169
f 5164//5164 5176//5176 5175//5175
f 5164//5164 5180//5180 5176//5176
f 5164//5164 5166//5166 5165//5165
f 5164//5164 5165//5165 5180//5180
f 4666//4666 5166//5166 5164//5164
f 4672//4672 5198//5198 5166//5166
f 5165//5165 5166//5166 5180//5180
f 5166//5166 5198//5198 5184//5184
f 5167//5167 5168//5168 5169//5169
f 5167//5167 5169//5169 5175//5175
f 5168//5168 5170//5170 5169//5169
f 5169//5169 5170//5170 5171//5171
f 5185//5185 5187//5187 5195//5195
f 5172//5172 5179//5179 5184//5184
f 5164//5164 5175//5175 5169//5169
f 5179//5179 5181//5181 5184//5184
f 5181//5181 5183//5183 5184//5184
f 5180//5180 5184//5184 5182//5182
f 5182//5182 5184//5184 5183//5183
f 5169//5169 5171//5171 5202//5202
f 5185//5185 5188//5188 5186//5186
f 5185//5185 5186//5186 5187//5187
f 5172//5172 5199//5199 5173//5173
f 5171//5171 5177//5177 5202//5202
f 5166//5166 5184//5184 5180//5180
f 5172//5172 5184//5184 5201//5201
f 5185//5185 5202//5202 5188//5188
f 5177//5177 5188//5188 5202//5202
f 5184//5184 5198//5198 5201//5201
f 5195//5195 5196//5196 5225//5225
f 5185//5185 5195//5195 5225//5225
f 4664//4664 5163//5163 5197//5197
f 5163//5163 5200//5200 5197//5197
f 5163//5163 5169//5169 5200//5200
f 5173//5173 5223//5223 5174//5174
f 5129//5129 5236//5236 5160//5160
f 5169//5169 5202//5202 5200//5200
f 5172//5172 5201//5201 5199//5199
f 5173//5173 5199//5199 5223//5223
f 5129//5129 5174//5174 5236//5236
f 5199//5199 5201//5201 5224//5224
f 5199//5199 5224//5224 5223//5223
f 5174//5174 5223//5223 5236//5236
f 4680//4680 5205//5205 5203//5203
f 4680//4680 5204//5204 5205//5205
f 4680//4680 5208//5208 5207//5207
f 4680//4680 5207//5207 5204//5204
f 4679//4679 5203//5203 5209//5209
f 5207//5207 5208//5208 5213//5213
f 5204//5204 5207//5207 5206//5206
f 5203//5203 5205//5205 5209//5209
f 5205//5205 5206//5206 5209//5209
f 5206//5206 5207//5207 5209//5209
f 5207//5207 5218//5218 5209//5209
f 5052//5052 5212//5212 5208//5208
f 5208//5208 5212//5212 5213//5213
f 5211//5211 5213//5213 5212//5212
f 5052//5052 5213//5213 5211//5211
f 5048//5048 5216//5216 5214//5214
f 5051//5051 5213//5213 5052//5052
f 5048//5048 5217//5217 5216//5216
f 5207//5207 5213//5213 5218//5218
f 5215//5215 5216//5216 5219//5219
f 5051//5051 5054//5054 5213//5213
f 5191//5191 5225//5225 5196//5196
f 5191//5191 5192//5192 5225//5225
f 5048//5048 5210//5210 5217//5217
f 5054//5054 5218//5218 5213//5213
f 5216//5216 5217//5217 5219//5219
f 5215//5215 5219//5219 5319//5319
f 5192//5192 5215//5215 5334//5334
f 4671//4671 5197//5197 5221//5221
f 4688//4688 5220//5220 5198//5198
f 5198//5198 5220//5220 5201//5201
f 5197//5197 5226//5226 5221//5221
f 4690//4690 5222//5222 5220//5220
f 4689//4689 5221//5221 5322//5322
f 5220//5220 5222//5222 5224//5224
f 5185//5185 5225//5225 5202//5202
f 5200//5200 5202//5202 5225//5225
f 5197//5197 5200//5200 5226//5226
f 5201//5201 5220//5220 5224//5224
f 5200//5200 5225//5225 5226//5226
f 5223//5223 5224//5224 5227//5227
f 5223//5223 5227//5227 5235//5235
f 5221//5221 5226//5226 5324//5324
f 5225//5225 5323//5323 5226//5226
f 5222//5222 5227//5227 5224//5224
f 5156//5156 5231//5231 5229//5229
f 5160//5160 5232//5232 5230//5230
f 5156//5156 5161//5161 5231//5231
f 5161//5161 5230//5230 5232//5232
f 5161//5161 5232//5232 5231//5231
f 5160//5160 5240//5240 5232//5232
f 5231//5231 5232//5232 5239//5239
f 5160//5160 5236//5236 5240//5240
f 4694//4694 5229//5229 5233//5233
f 5229//5229 5234//5234 5233//5233
f 5229//5229 5231//5231 5234//5234
f 5231//5231 5239//5239 5234//5234
f 5222//5222 5337//5337 5227//5227
f 5223//5223 5235//5235 5236//5236
f 5232//5232 5240//5240 5239//5239
f 5227//5227 5339//5339 5235//5235
f 5235//5235 5339//5339 5236//5236
f 5227//5227 5337//5337 5339//5339
f 5236//5236 5243//5243 5240//5240
f 5236//5236 5339//5339 5340//5340
f 5236//5236 5340//5340 5237//5237
f 5236//5236 5237//5237 5243//5243
f 5237//5237 5343//5343 5243//5243
f 4696//4696 5233//5233 5238//5238
f 5233//5233 5241//5241 5238//5238
f 4706//4706 5238//5238 5341//5341
f 5238//5238 5244//5244 5341//5341
f 5233//5233 5234//5234 5241//5241
f 5234//5234 5239//5239 5240//5240
f 5234//5234 5240//5240 5241//5241
f 5240//5240 5242//5242 5241//5241
f 5240//5240 5243//5243 5242//5242
f 5238//5238 5241//5241 5244//5244
f 5241//5241 5242//5242 5244//5244
f 5242//5242 5243//5243 5244//5244
f 4711//4711 5246//5246 5245//5245
f 5246//5246 5247//5247 5256//5256
f 5245//5245 5246//5246 5253//5253
f 4712//4712 5247//5247 5246//5246
f 4949//4949 5248//5248 5256//5256
f 5248//5248 5249//5249 5256//5256
f 5245//5245 5253//5253 5252//5252
f 5246//5246 5256//5256 5253//5253
f 5249//5249 5254//5254 5256//5256
f 5253//5253 5256//5256 5254//5254
f 4951//4951 5256//5256 5258//5258
f 5245//5245 5251//5251 5250//5250
f 5245//5245 5252//5252 5251//5251
f 5247//5247 5258//5258 5256//5256
f 4715//4715 5259//5259 4955//4955
f 4720//4720 5262//5262 5259//5259
f 5259//5259 5262//5262 5260//5260
f 4960//4960 5259//5259 5260//5260
f 4961//4961 5260//5260 5261//5261
f 4961//4961 5261//5261 5265//5265
f 5260//5260 5264//5264 5261//5261
f 5260//5260 5262//5262 5264//5264
f 5261//5261 5264//5264 5265//5265
f 5262//5262 5263//5263 5264//5264
f 4721//4721 5263//5263 5262//5262
f 5263//5263 5285//5285 5266//5266
f 5264//5264 5266//5266 5265//5265
f 5265//5265 5294//5294 5272//5272
f 5263//5263 5266//5266 5264//5264
f 5265//5265 5266//5266 5267//5267
f 5266//5266 5289//5289 5267//5267
f 5265//5265 5267//5267 5290//5290
f 5265//5265 5290//5290 5294//5294
f 4619//4619 5030//5030 5270//5270
f 4726//4726 5271//5271 5010//5010
f 5010//5010 5271//5271 5014//5014
f 5030//5030 5273//5273 5270//5270
f 4725//4725 5270//5270 5277//5277
f 4992//4992 5265//5265 5272//5272
f 5015//5015 5273//5273 5030//5030
f 5015//5015 5016//5016 5272//5272
f 5015//5015 5272//5272 5273//5273
f 5014//5014 5271//5271 5274//5274
f 5270//5270 5273//5273 5280//5280
f 5272//5272 5279//5279 5273//5273
f 5014//5014 5274//5274 5053//5053
f 5040//5040 5301//5301 5041//5041
f 5053//5053 5274//5274 5275//5275
f 5041//5041 5301//5301 5043//5043
f 5043//5043 5284//5284 5049//5049
f 5049//5049 5284//5284 5054//5054
f 5040//5040 5275//5275 5301//5301
f 5054//5054 5284//5284 5276//5276
f 4734//4734 5278//5278 5271//5271
f 5270//5270 5280//5280 5277//5277
f 5271//5271 5278//5278 5274//5274
f 4733//4733 5277//5277 5297//5297
f 5277//5277 5299//5299 5297//5297
f 5278//5278 5298//5298 5282//5282
f 5272//5272 5281//5281 5279//5279
f 5279//5279 5281//5281 5280//5280
f 5273//5273 5279//5279 5280//5280
f 5274//5274 5278//5278 5282//5282
f 5272//5272 5294//5294 5281//5281
f 5277//5277 5280//5280 5299//5299
f 5280//5280 5281//5281 5299//5299
f 5274//5274 5282//5282 5275//5275
f 5275//5275 5282//5282 5283//5283
f 5043//5043 5301//5301 5284//5284
f 5275//5275 5283//5283 5301//5301
f 5282//5282 5300//5300 5283//5283
f 5284//5284 5302//5302 5329//5329
f 4745//4745 5285//5285 5263//5263
f 4746//4746 5286//5286 5285//5285
f 5285//5285 5286//5286 5289//5289
f 5286//5286 5288//5288 5293//5293
f 4747//4747 5287//5287 5288//5288
f 4748//4748 5288//5288 5286//5286
f 5287//5287 5296//5296 5288//5288
f 5266//5266 5285//5285 5289//5289
f 5267//5267 5289//5289 5290//5290
f 5289//5289 5293//5293 5290//5290
f 5290//5290 5291//5291 5294//5294
f 5281//5281 5294//5294 5292//5292
f 5292//5292 5295//5295 5299//5299
f 5292//5292 5294//5294 5295//5295
f 5286//5286 5293//5293 5289//5289
f 5291//5291 5293//5293 5296//5296
f 5290//5290 5293//5293 5291//5291
f 5294//5294 5296//5296 5295//5295
f 5291//5291 5296//5296 5294//5294
f 5287//5287 5295//5295 5296//5296
f 5288//5288 5296//5296 5293//5293
f 4750//4750 5297//5297 5287//5287
f 5287//5287 5297//5297 5295//5295
f 4751//4751 5298//5298 5278//5278
f 5295//5295 5297//5297 5299//5299
f 5281//5281 5292//5292 5299//5299
f 5282//5282 5298//5298 5300//5300
f 4765//4765 5305//5305 5298//5298
f 5298//5298 5305//5305 5300//5300
f 5283//5283 5300//5300 5301//5301
f 5284//5284 5301//5301 5314//5314
f 5284//5284 5304//5304 5302//5302
f 5300//5300 5309//5309 5301//5301
f 5300//5300 5305//5305 5309//5309
f 5301//5301 5309//5309 5303//5303
f 5301//5301 5303//5303 5314//5314
f 5302//5302 5304//5304 5346//5346
f 5284//5284 5314//5314 5304//5304
f 5304//5304 5311//5311 5346//5346
f 5305//5305 5306//5306 5309//5309
f 4812//4812 5360//5360 5307//5307
f 5307//5307 5360//5360 5315//5315
f 4766//4766 5306//5306 5305//5305
f 4768//4768 5308//5308 5306//5306
f 5306//5306 5308//5308 5313//5313
f 4767//4767 5307//5307 5308//5308
f 5307//5307 5316//5316 5308//5308
f 5303//5303 5309//5309 5313//5313
f 5306//5306 5313//5313 5309//5309
f 5303//5303 5313//5313 5310//5310
f 5303//5303 5310//5310 5314//5314
f 5304//5304 5312//5312 5311//5311
f 5304//5304 5314//5314 5312//5312
f 5312//5312 5314//5314 5315//5315
f 5311//5311 5312//5312 5315//5315
f 5311//5311 5315//5315 5360//5360
f 5310//5310 5313//5313 5316//5316
f 5308//5308 5316//5316 5313//5313
f 5307//5307 5315//5315 5316//5316
f 5314//5314 5316//5316 5315//5315
f 5310//5310 5316//5316 5314//5314
f 4681//4681 5209//5209 5318//5318
f 4772//4772 5317//5317 5210//5210
f 5210//5210 5317//5317 5217//5217
f 5209//5209 5320//5320 5318//5318
f 5317//5317 5325//5325 5321//5321
f 5217//5217 5321//5321 5219//5219
f 5209//5209 5218//5218 5320//5320
f 5054//5054 5276//5276 5218//5218
f 5218//5218 5276//5276 5320//5320
f 5217//5217 5317//5317 5321//5321
f 5219//5219 5321//5321 5319//5319
f 5192//5192 5334//5334 5225//5225
f 5215//5215 5319//5319 5334//5334
f 5319//5319 5321//5321 5328//5328
f 5221//5221 5324//5324 5322//5322
f 4776//4776 5322//5322 5330//5330
f 5322//5322 5333//5333 5330//5330
f 5226//5226 5323//5323 5324//5324
f 5225//5225 5332//5332 5323//5323
f 5322//5322 5324//5324 5333//5333
f 5323//5323 5332//5332 5324//5324
f 5324//5324 5332//5332 5333//5333
f 4773//4773 5318//5318 5326//5326
f 4780//4780 5325//5325 5317//5317
f 5318//5318 5329//5329 5326//5326
f 4781//4781 5326//5326 5344//5344
f 4799//4799 5345//5345 5325//5325
f 5325//5325 5345//5345 5328//5328
f 5318//5318 5320//5320 5329//5329
f 5276//5276 5284//5284 5320//5320
f 5284//5284 5329//5329 5320//5320
f 5321//5321 5325//5325 5328//5328
f 5319//5319 5328//5328 5327//5327
f 5319//5319 5327//5327 5334//5334
f 5326//5326 5329//5329 5346//5346
f 5327//5327 5328//5328 5347//5347
f 5327//5327 5347//5347 5334//5334
f 5328//5328 5345//5345 5347//5347
f 4787//4787 5330//5330 5331//5331
f 4788//4788 5331//5331 5348//5348
f 5330//5330 5336//5336 5331//5331
f 5225//5225 5334//5334 5353//5353
f 5225//5225 5353//5353 5332//5332
f 5332//5332 5335//5335 5333//5333
f 5330//5330 5333//5333 5336//5336
f 5333//5333 5335//5335 5336//5336
f 5332//5332 5353//5353 5335//5335
f 5331//5331 5336//5336 5355//5355
f 5335//5335 5353//5353 5336//5336
f 4791//4791 5337//5337 5222//5222
f 4792//4792 5338//5338 5337//5337
f 4795//4795 5342//5342 5338//5338
f 5337//5337 5338//5338 5339//5339
f 5338//5338 5342//5342 5340//5340
f 5338//5338 5340//5340 5339//5339
f 5237//5237 5340//5340 5343//5343
f 5340//5340 5342//5342 5343//5343
f 4794//4794 5341//5341 5342//5342
f 5341//5341 5343//5343 5342//5342
f 5243//5243 5343//5343 5244//5244
f 5244//5244 5343//5343 5341//5341
f 5326//5326 5346//5346 5344//5344
f 5345//5345 5349//5349 5347//5347
f 4798//4798 5344//5344 5360//5360
f 5311//5311 5360//5360 5344//5344
f 5302//5302 5346//5346 5329//5329
f 5311//5311 5344//5344 5346//5346
f 4809//4809 5349//5349 5345//5345
f 5331//5331 5355//5355 5348//5348
f 4810//4810 5350//5350 5349//5349
f 5349//5349 5350//5350 5356//5356
f 4808//4808 5348//5348 5351//5351
f 4811//4811 5351//5351 5350//5350
f 5348//5348 5359//5359 5351//5351
f 5350//5350 5351//5351 5358//5358
f 5334//5334 5347//5347 5356//5356
f 5334//5334 5356//5356 5352//5352
f 5334//5334 5352//5352 5357//5357
f 5334//5334 5357//5357 5353//5353
f 5347//5347 5349//5349 5356//5356
f 5336//5336 5353//5353 5355//5355
f 5353//5353 5354//5354 5355//5355
f 5353//5353 5357//5357 5354//5354
f 5352//5352 5356//5356 5358//5358
f 5352//5352 5358//5358 5357//5357
f 5350//5350 5358//5358 5356//5356
f 5357//5357 5358//5358 5359//5359
f 5354//5354 5357//5357 5359//5359
f 5348//5348 5355//5355 5359//5359
f 5354//5354 5359//5359 5355//5355
f 5351//5351 5359//5359 5358//5358
f 3907//3907 3909//3909 3908//3908
f 3943//3943 3962//3962 3963//3963
f 3921//3921 3923//3923 3932//3932
f 3931//3931 3937//3937 3936//3936
f 3932//3932 3935//3935 3934//3934
f 3937//3937 3941//3941 3939//3939
f 3934//3934 3942//3942 3937//3937
f 3939//3939 3943//3943 3940//3940
f 3938//3938 3939//3939 3940//3940
f 3937//3937 3942//3942 3941//3941
f 3940//3940 3943//3943 3963//3963
f 3939//3939 3941//3941 3943//3943
f 3938//3938 3940//3940 3945//3945
f 3938//3938 3945//3945 3944//3944
f 3940//3940 3990//3990 3945//3945
f 3944//3944 3945//3945 3949//3949
f 3947//3947 4115//4115 3948//3948
f 3945//3945 3950//3950 3949//3949
f 3949//3949 3950//3950 3951//3951
f 3951//3951 4120//4120 3952//3952
f 3950//3950 4120//4120 3951//3951
f 3945//3945 3991//3991 3950//3950
f 3961//3961 3964//3964 3963//3963
f 3961//3961 3963//3963 3962//3962
f 3940//3940 3963//3963 3965//3965
f 3963//3963 3964//3964 3989//3989
f 3960//3960 3989//3989 3964//3964
f 3963//3963 3989//3989 3965//3965
f 3965//3965 3993//3993 3990//3990
f 3967//3967 3968//3968 3981//3981
f 3968//3968 3969//3969 3982//3982
f 3966//3966 3970//3970 3967//3967
f 3967//3967 3970//3970 3973//3973
f 3970//3970 3974//3974 3972//3972
f 3970//3970 3972//3972 3973//3973
f 3967//3967 3973//3973 3968//3968
f 3968//3968 3973//3973 3969//3969
f 3973//3973 3975//3975 3987//3987
f 3969//3969 3973//3973 3987//3987
f 3969//3969 3987//3987 3977//3977
f 3977//3977 3987//3987 3985//3985
f 3960//3960 3979//3979 3988//3988
f 3978//3978 3988//3988 3979//3979
f 3977//3977 3988//3988 3978//3978
f 3968//3968 3982//3982 3981//3981
f 3969//3969 3983//3983 3982//3982
f 3981//3981 3982//3982 3984//3984
f 3985//3985 3986//3986 3988//3988
f 3977//3977 3985//3985 3988//3988
f 3960//3960 3988//3988 3989//3989
f 3988//3988 4086//4086 3989//3989
f 3989//3989 4086//4086 4090//4090
f 3965//3965 3989//3989 4090//4090
f 3965//3965 4090//4090 3993//3993
f 3940//3940 3965//3965 3990//3990
f 3945//3945 3990//3990 3991//3991
f 3990//3990 3994//3994 3991//3991
f 3950//3950 3991//3991 3992//3992
f 3991//3991 3995//3995 3992//3992
f 3993//3993 4091//4091 3994//3994
f 3991//3991 3994//3994 3995//3995
f 3992//3992 3995//3995 3996//3996
f 3990//3990 3993//3993 3994//3994
f 3994//3994 4094//4094 3995//3995
f 3995//3995 4095//4095 3996//3996
f 4011//4011 4012//4012 4013//4013
f 4013//4013 4014//4014 4015//4015
f 4012//4012 4014//4014 4013//4013
f 4018//4018 4019//4019 4044//4044
f 4019//4019 4025//4025 4044//4044
f 4024//4024 4085//4085 4084//4084
f 4024//4024 4067//4067 4085//4085
f 4067//4067 4087//4087 4085//4085
f 4025//4025 4026//4026 4044//4044
f 4026//4026 4027//4027 4044//4044
f 4027//4027 4028//4028 4044//4044
f 4028//4028 4030//4030 4031//4031
f 4028//4028 4031//4031 4032//4032
f 4024//4024 4065//4065 4067//4067
f 4052//4052 4055//4055 4053//4053
f 4051//4051 4052//4052 4053//4053
f 4051//4051 4053//4053 4054//4054
f 4055//4055 4059//4059 4056//4056
f 4052//4052 4059//4059 4055//4055
f 4056//4056 4059//4059 4058//4058
f 4028//4028 4062//4062 4044//4044
f 4028//4028 4063//4063 4062//4062
f 4028//4028 4064//4064 4063//4063
f 4028//4028 4032//4032 4064//4064
f 4032//4032 4061//4061 4069//4069
f 4032//4032 4069//4069 4064//4064
f 4064//4064 4069//4069 4075//4075
f 4068//4068 4076//4076 4069//4069
f 4065//4065 4066//4066 4067//4067
f 4066//4066 4068//4068 4067//4067
f 4067//4067 4068//4068 4069//4069
f 4067//4067 4069//4069 4078//4078
f 4067//4067 4078//4078 4079//4079
f 4070//4070 4071//4071 4073//4073
f 4070//4070 4073//4073 4072//4072
f 4069//4069 4076//4076 4075//4075
f 4067//4067 4079//4079 4081//4081
f 4067//4067 4081//4081 4080//4080
f 4067//4067 4080//4080 4087//4087
f 4080//4080 4088//4088 4087//4087
f 4080//4080 4083//4083 4088//4088
f 4083//4083 4089//4089 4088//4088
f 4080//4080 4081//4081 4082//4082
f 4080//4080 4082//4082 4083//4083
f 4082//4082 4838//4838 4083//4083
f 4083//4083 4841//4841 4089//4089
f 4083//4083 4838//4838 4841//4841
f 4089//4089 4841//4841 4900//4900
f 3986//3986 4084//4084 3988//3988
f 3988//3988 4084//4084 4085//4085
f 3988//3988 4085//4085 4087//4087
f 3988//3988 4087//4087 4086//4086
f 4086//4086 4092//4092 4090//4090
f 4086//4086 4087//4087 4088//4088
f 4086//4086 4088//4088 4092//4092
f 4088//4088 4089//4089 4092//4092
f 4090//4090 4092//4092 4093//4093
f 3993//3993 4090//4090 4093//4093
f 3993//3993 4093//4093 4091//4091
f 4092//4092 4097//4097 4093//4093
f 4091//4091 4093//4093 4098//4098
f 4091//4091 4099//4099 4094//4094
f 4091//4091 4098//4098 4099//4099
f 3994//3994 4091//4091 4094//4094
f 3995//3995 4094//4094 4095//4095
f 3996//3996 4095//4095 4096//4096
f 4094//4094 4100//4100 4095//4095
f 4094//4094 4099//4099 4100//4100
f 4095//4095 4100//4100 4101//4101
f 4095//4095 4101//4101 4096//4096
f 4096//4096 4101//4101 4102//4102
f 4089//4089 4097//4097 4092//4092
f 4093//4093 4097//4097 4098//4098
f 4098//4098 4908//4908 4099//4099
f 4099//4099 4909//4909 4100//4100
f 4089//4089 4900//4900 4097//4097
f 4097//4097 4907//4907 4098//4098
f 4097//4097 4900//4900 4907//4907
f 4098//4098 4907//4907 4908//4908
f 4099//4099 4908//4908 4909//4909
f 4100//4100 4913//4913 4101//4101
f 4101//4101 4914//4914 4102//4102
f 4100//4100 4909//4909 4913//4913
f 4101//4101 4913//4913 4914//4914
f 4102//4102 4914//4914 4915//4915
f 4106//4106 4107//4107 4108//4108
f 3948//3948 4115//4115 4118//4118
f 3948//3948 4118//4118 3953//3953
f 4117//4117 4118//4118 4119//4119
f 3948//3948 3953//3953 4120//4120
f 3952//3952 4120//4120 3953//3953
f 3950//3950 4121//4121 4120//4120
f 3950//3950 4134//4134 4121//4121
f 3950//3950 3992//3992 4136//4136
f 3950//3950 4136//4136 4134//4134
f 4134//4134 4136//4136 4135//4135
f 4135//4135 4136//4136 4137//4137
f 4135//4135 4160//4160 4138//4138
f 3992//3992 4137//4137 4136//4136
f 3992//3992 3996//3996 4137//4137
f 4135//4135 4137//4137 4160//4160
f 4137//4137 4168//4168 4160//4160
f 4160//4160 4168//4168 4251//4251
f 4138//4138 4160//4160 4148//4148
f 4148//4148 4160//4160 4149//4149
f 4149//4149 4160//4160 4150//4150
f 4142//4142 4143//4143 4145//4145
f 4140//4140 4142//4142 4145//4145
f 4140//4140 4145//4145 4141//4141
f 4141//4141 4145//4145 4144//4144
f 4144//4144 4145//4145 4151//4151
f 4145//4145 4146//4146 4151//4151
f 4143//4143 4152//4152 4145//4145
f 4145//4145 4153//4153 4146//4146
f 4150//4150 4158//4158 4151//4151
f 4150//4150 4160//4160 4158//4158
f 4145//4145 4152//4152 4153//4153
f 4146//4146 4157//4157 4154//4154
f 4146//4146 4153//4153 4157//4157
f 4153//4153 4155//4155 4157//4157
f 4158//4158 4161//4161 4159//4159
f 4160//4160 4251//4251 4161//4161
f 4158//4158 4160//4160 4161//4161
f 3996//3996 4168//4168 4137//4137
f 3996//3996 4096//4096 4168//4168
f 4159//4159 4161//4161 4199//4199
f 4161//4161 4186//4186 4199//4199
f 4161//4161 4251//4251 4186//4186
f 4186//4186 4253//4253 4206//4206
f 4188//4188 4191//4191 4189//4189
f 4188//4188 4190//4190 4191//4191
f 4190//4190 4192//4192 4191//4191
f 4195//4195 4196//4196 4201//4201
f 4159//4159 4199//4199 4198//4198
f 4198//4198 4199//4199 4200//4200
f 4186//4186 4206//4206 4199//4199
f 4199//4199 4206//4206 4200//4200
f 4200//4200 4206//4206 4232//4232
f 4200//4200 4232//4232 4229//4229
f 4201//4201 4202//4202 4203//4203
f 4206//4206 4243//4243 4232//4232
f 4206//4206 4253//4253 4243//4243
f 4214//4214 4216//4216 4236//4236
f 4216//4216 4220//4220 4240//4240
f 4211//4211 4218//4218 4217//4217
f 4215//4215 4219//4219 4217//4217
f 4217//4217 4218//4218 4222//4222
f 4211//4211 4213//4213 4218//4218
f 4215//4215 4217//4217 4222//4222
f 4215//4215 4222//4222 4216//4216
f 4216//4216 4222//4222 4220//4220
f 4218//4218 4221//4221 4222//4222
f 4224//4224 4226//4226 4225//4225
f 4205//4205 4225//4225 4226//4226
f 4224//4224 4227//4227 4236//4236
f 4224//4224 4236//4236 4226//4226
f 4226//4226 4236//4236 4234//4234
f 4229//4229 4232//4232 4230//4230
f 4231//4231 4232//4232 4233//4233
f 4230//4230 4232//4232 4231//4231
f 4232//4232 4234//4234 4233//4233
f 4232//4232 4235//4235 4234//4234
f 4228//4228 4233//4233 4234//4234
f 4232//4232 4244//4244 4235//4235
f 4214//4214 4236//4236 4227//4227
f 4216//4216 4240//4240 4236//4236
f 4228//4228 4236//4236 4238//4238
f 4228//4228 4234//4234 4236//4236
f 4236//4236 4237//4237 4238//4238
f 4236//4236 4240//4240 4241//4241
f 4235//4235 4244//4244 4242//4242
f 4242//4242 4244//4244 4246//4246
f 4232//4232 4243//4243 4244//4244
f 4243//4243 4248//4248 4244//4244
f 4243//4243 4256//4256 4248//4248
f 4244//4244 4249//4249 4246//4246
f 4246//4246 4249//4249 4247//4247
f 4247//4247 5080//5080 5076//5076
f 4244//4244 4248//4248 4249//4249
f 4248//4248 5079//5079 4249//4249
f 4249//4249 5079//5079 5080//5080
f 4247//4247 4249//4249 5080//5080
f 4096//4096 4250//4250 4168//4168
f 4168//4168 4250//4250 4251//4251
f 4250//4250 4252//4252 4251//4251
f 4186//4186 4251//4251 4252//4252
f 4250//4250 4254//4254 4252//4252
f 4096//4096 4102//4102 4250//4250
f 4102//4102 4254//4254 4250//4250
f 4186//4186 4252//4252 4253//4253
f 4252//4252 4255//4255 4253//4253
f 4252//4252 4254//4254 4255//4255
f 4102//4102 4915//4915 4254//4254
f 4254//4254 5130//5130 4255//4255
f 4243//4243 4253//4253 4256//4256
f 4253//4253 4255//4255 4256//4256
f 4254//4254 4915//4915 5130//5130
f 4255//4255 5130//5130 5132//5132
f 4255//4255 5132//5132 4256//4256
f 4248//4248 4256//4256 5131//5131
f 4256//4256 5132//5132 5131//5131
f 4248//4248 5131//5131 5079//5079
f 4821//4821 4826//4826 4823//4823
f 4821//4821 4822//4822 4826//4826
f 4826//4826 4844//4844 4827//4827
f 4827//4827 4844//4844 4829//4829
f 4822//4822 4844//4844 4826//4826
f 4829//4829 4844//4844 4833//4833
f 4838//4838 4839//4839 4841//4841
f 4839//4839 4840//4840 4842//4842
f 4840//4840 4863//4863 4842//4842
f 4841//4841 4842//4842 4900//4900
f 4839//4839 4842//4842 4841//4841
f 4842//4842 4863//4863 4901//4901
f 4842//4842 4901//4901 4900//4900
f 4844//4844 4845//4845 4846//4846
f 4833//4833 4844//4844 4846//4846
f 4833//4833 4846//4846 4854//4854
f 4846//4846 4849//4849 4848//4848
f 4846//4846 4848//4848 4852//4852
f 4846//4846 4852//4852 4858//4858
f 4840//4840 4850//4850 4863//4863
f 4850//4850 4856//4856 4863//4863
f 4833//4833 4853//4853 4851//4851
f 4833//4833 4854//4854 4853//4853
f 4846//4846 4858//4858 4854//4854
f 4853//4853 4854//4854 4855//4855
f 4854//4854 4896//4896 4855//4855
f 4852//4852 4857//4857 4858//4858
f 4857//4857 4862//4862 4858//4858
f 4856//4856 4858//4858 4862//4862
f 4856//4856 4862//4862 4863//4863
f 4857//4857 4860//4860 4862//4862
f 4859//4859 4862//4862 4860//4860
f 4859//4859 4861//4861 4862//4862
f 4863//4863 4902//4902 4901//4901
f 4862//4862 4902//4902 4863//4863
f 4880//4880 4894//4894 4889//4889
f 4882//4882 4885//4885 4883//4883
f 4882//4882 4884//4884 4885//4885
f 4884//4884 4886//4886 4885//4885
f 4893//4893 4895//4895 4894//4894
f 4861//4861 4898//4898 4862//4862
f 4862//4862 4898//4898 4903//4903
f 4898//4898 4904//4904 4903//4903
f 4862//4862 4903//4903 4902//4902
f 4898//4898 4905//4905 4904//4904
f 4901//4901 4902//4902 4910//4910
f 4902//4902 4903//4903 4919//4919
f 4903//4903 4906//4906 4919//4919
f 4904//4904 4905//4905 4979//4979
f 4904//4904 4979//4979 4993//4993
f 4903//4903 4904//4904 4906//4906
f 4904//4904 4993//4993 4906//4906
f 4906//4906 4993//4993 4922//4922
f 4900//4900 4901//4901 4907//4907
f 4907//4907 4910//4910 4908//4908
f 4901//4901 4910//4910 4907//4907
f 4908//4908 4910//4910 4911//4911
f 4908//4908 4911//4911 4909//4909
f 4909//4909 4912//4912 4913//4913
f 4902//4902 4919//4919 4910//4910
f 4910//4910 4919//4919 4911//4911
f 4911//4911 4920//4920 4912//4912
f 4909//4909 4911//4911 4912//4912
f 4913//4913 4916//4916 4914//4914
f 4914//4914 4917//4917 4915//4915
f 4912//4912 4916//4916 4913//4913
f 4914//4914 4916//4916 4917//4917
f 4915//4915 4917//4917 4918//4918
f 4911//4911 4919//4919 4920//4920
f 4906//4906 4920//4920 4919//4919
f 4912//4912 4920//4920 4921//4921
f 4912//4912 4921//4921 4916//4916
f 4906//4906 4922//4922 4920//4920
f 4920//4920 4922//4922 4921//4921
f 4921//4921 4922//4922 5055//5055
f 4921//4921 5055//5055 4923//4923
f 4916//4916 4923//4923 4917//4917
f 4916//4916 4921//4921 4923//4923
f 4917//4917 4923//4923 4924//4924
f 4917//4917 4924//4924 4918//4918
f 4918//4918 4924//4924 4925//4925
f 4923//4923 5056//5056 4924//4924
f 4924//4924 5057//5057 4925//4925
f 4972//4972 4975//4975 4983//4983
f 4973//4973 4975//4975 4976//4976
f 4973//4973 4982//4982 4975//4975
f 4973//4973 4977//4977 4982//4982
f 4978//4978 4993//4993 4979//4979
f 4972//4972 4983//4983 4980//4980
f 4980//4980 4983//4983 4981//4981
f 4975//4975 4982//4982 4983//4983
f 4982//4982 4988//4988 4983//4983
f 4983//4983 4988//4988 4984//4984
f 4981//4981 4983//4983 4986//4986
f 4983//4983 4984//4984 4985//4985
f 4983//4983 4985//4985 4986//4986
f 4978//4978 4988//4988 4989//4989
f 4978//4978 4989//4989 4994//4994
f 4989//4989 4991//4991 4994//4994
f 4991//4991 4992//4992 4994//4994
f 4992//4992 4996//4996 4994//4994
f 4978//4978 4994//4994 4993//4993
f 4922//4922 4993//4993 4994//4994
f 4922//4922 4994//4994 5055//5055
f 4994//4994 5000//5000 5055//5055
f 4994//4994 4996//4996 4997//4997
f 4997//4997 4999//4999 5000//5000
f 4997//4997 4998//4998 4999//4999
f 4994//4994 4997//4997 5000//5000
f 4999//4999 5001//5001 5000//5000
f 5000//5000 5001//5001 5056//5056
f 5001//5001 5002//5002 5057//5057
f 5001//5001 5042//5042 5002//5002
f 5002//5002 5003//5003 5058//5058
f 5002//5002 5044//5044 5003//5003
f 5005//5005 5006//5006 5008//5008
f 5011//5011 5031//5031 5012//5012
f 4998//4998 5042//5042 4999//4999
f 5028//5028 5045//5045 5029//5029
f 5012//5012 5033//5033 5032//5032
f 5032//5032 5033//5033 5034//5034
f 5012//5012 5038//5038 5033//5033
f 4998//4998 5036//5036 5042//5042
f 4999//4999 5042//5042 5001//5001
f 5033//5033 5038//5038 5037//5037
f 5037//5037 5038//5038 5039//5039
f 5037//5037 5039//5039 5040//5040
f 5036//5036 5037//5037 5042//5042
f 5037//5037 5040//5040 5042//5042
f 5040//5040 5041//5041 5042//5042
f 5041//5041 5043//5043 5042//5042
f 5042//5042 5043//5043 5044//5044
f 5002//5002 5042//5042 5044//5044
f 5043//5043 5049//5049 5044//5044
f 5045//5045 5046//5046 5047//5047
f 5044//5044 5049//5049 5050//5050
f 5049//5049 5051//5051 5050//5050
f 5047//5047 5214//5214 5052//5052
f 5050//5050 5051//5051 5215//5215
f 5003//5003 5044//5044 5050//5050
f 5000//5000 5056//5056 5055//5055
f 4923//4923 5055//5055 5056//5056
f 4924//4924 5056//5056 5057//5057
f 4925//4925 5057//5057 5058//5058
f 5001//5001 5057//5057 5056//5056
f 5002//5002 5058//5058 5057//5057
f 5060//5060 5061//5061 5062//5062
f 5061//5061 5063//5063 5062//5062
f 5062//5062 5063//5063 5069//5069
f 5062//5062 5066//5066 5064//5064
f 5064//5064 5066//5066 5065//5065
f 5062//5062 5069//5069 5066//5066
f 5063//5063 5067//5067 5069//5069
f 5066//5066 5069//5069 5070//5070
f 5066//5066 5070//5070 5068//5068
f 5068//5068 5070//5070 5072//5072
f 5069//5069 5071//5071 5070//5070
f 5070//5070 5071//5071 5072//5072
f 5076//5076 5082//5082 5077//5077
f 5077//5077 5101//5101 5078//5078
f 5077//5077 5082//5082 5101//5101
f 5079//5079 5081//5081 5080//5080
f 5076//5076 5080//5080 5082//5082
f 5080//5080 5081//5081 5082//5082
f 5083//5083 5086//5086 5084//5084
f 5084//5084 5086//5086 5087//5087
f 5089//5089 5096//5096 5090//5090
f 5078//5078 5100//5100 5091//5091
f 5078//5078 5101//5101 5100//5100
f 5089//5089 5092//5092 5096//5096
f 5090//5090 5096//5096 5097//5097
f 5092//5092 5120//5120 5096//5096
f 5092//5092 5093//5093 5118//5118
f 5093//5093 5094//5094 5118//5118
f 5074//5074 5118//5118 5094//5094
f 5092//5092 5118//5118 5120//5120
f 5095//5095 5096//5096 5120//5120
f 5091//5091 5100//5100 5096//5096
f 5096//5096 5100//5100 5097//5097
f 5097//5097 5100//5100 5098//5098
f 5098//5098 5100//5100 5099//5099
f 5082//5082 5102//5102 5101//5101
f 5081//5081 5102//5102 5082//5082
f 5100//5100 5101//5101 5124//5124
f 5101//5101 5102//5102 5124//5124
f 5081//5081 5136//5136 5102//5102
f 5102//5102 5136//5136 5104//5104
f 5129//5129 5189//5189 5174//5174
f 5104//5104 5189//5189 5124//5124
f 5104//5104 5136//5136 5139//5139
f 5074//5074 5112//5112 5113//5113
f 5074//5074 5113//5113 5115//5115
f 5105//5105 5106//5106 5107//5107
f 5106//5106 5108//5108 5109//5109
f 5106//5106 5109//5109 5107//5107
f 5099//5099 5100//5100 5123//5123
f 5074//5074 5115//5115 5116//5116
f 5074//5074 5116//5116 5117//5117
f 5074//5074 5117//5117 5118//5118
f 5118//5118 5119//5119 5122//5122
f 5118//5118 5122//5122 5120//5120
f 5100//5100 5128//5128 5123//5123
f 5100//5100 5124//5124 5128//5128
f 5102//5102 5104//5104 5124//5124
f 5123//5123 5128//5128 5129//5129
f 5128//5128 5189//5189 5129//5129
f 5124//5124 5189//5189 5128//5128
f 4915//4915 4918//4918 5130//5130
f 5130//5130 5133//5133 5132//5132
f 5131//5131 5132//5132 5134//5134
f 5079//5079 5131//5131 5135//5135
f 5131//5131 5134//5134 5135//5135
f 4918//4918 5133//5133 5130//5130
f 5132//5132 5133//5133 5134//5134
f 5134//5134 5137//5137 5135//5135
f 5081//5081 5135//5135 5136//5136
f 5079//5079 5135//5135 5081//5081
f 5134//5134 5138//5138 5137//5137
f 4918//4918 4925//4925 5133//5133
f 5133//5133 5138//5138 5134//5134
f 4925//4925 5138//5138 5133//5133
f 5135//5135 5137//5137 5136//5136
f 5137//5137 5138//5138 5228//5228
f 4925//4925 5058//5058 5138//5138
f 5137//5137 5228//5228 5139//5139
f 5136//5136 5137//5137 5139//5139
f 5139//5139 5228//5228 5194//5194
f 5139//5139 5194//5194 5190//5190
f 5167//5167 5170//5170 5168//5168
f 5167//5167 5178//5178 5170//5170
f 5173//5173 5174//5174 5189//5189
f 5173//5173 5189//5189 5188//5188
f 5171//5171 5178//5178 5177//5177
f 5175//5175 5181//5181 5178//5178
f 5177//5177 5178//5178 5181//5181
f 5167//5167 5175//5175 5178//5178
f 5170//5170 5178//5178 5171//5171
f 5175//5175 5180//5180 5181//5181
f 5175//5175 5176//5176 5180//5180
f 5180//5180 5182//5182 5183//5183
f 5180//5180 5183//5183 5181//5181
f 5172//5172 5188//5188 5177//5177
f 5172//5172 5173//5173 5188//5188
f 5172//5172 5177//5177 5181//5181
f 5172//5172 5181//5181 5179//5179
f 5186//5186 5189//5189 5187//5187
f 5186//5186 5188//5188 5189//5189
f 5187//5187 5189//5189 5195//5195
f 5104//5104 5139//5139 5190//5190
f 5104//5104 5190//5190 5189//5189
f 5189//5189 5190//5190 5195//5195
f 5190//5190 5193//5193 5196//5196
f 5050//5050 5193//5193 5194//5194
f 5191//5191 5196//5196 5193//5193
f 5191//5191 5193//5193 5192//5192
f 5003//5003 5194//5194 5228//5228
f 5190//5190 5194//5194 5193//5193
f 5003//5003 5050//5050 5194//5194
f 5190//5190 5196//5196 5195//5195
f 5204//5204 5206//5206 5205//5205
f 5052//5052 5211//5211 5212//5212
f 5052//5052 5214//5214 5216//5216
f 5051//5051 5216//5216 5215//5215
f 5050//5050 5215//5215 5193//5193
f 5192//5192 5193//5193 5215//5215
f 5051//5051 5052//5052 5216//5216
f 5058//5058 5228//5228 5138//5138
f 5003//5003 5228//5228 5058//5058
