o universal_adapter
v -11.667262077331543 11.667262077331543 -1.8034344791762046e-23
v -10.044563293457031 13.090330123901367 2.179013996051187e-23
v -13.090330123901367 10.044563293457031 2.1541266966689125e-24
v -12.405356407165527 10.879205703735352 3.646255126742193e-24
v -10.879205703735352 12.405356407165527 -1.8113579558804255e-23
v -10.044563293457031 13.090330123901367 3.0999999046325684
v -12.405356407165527 10.879205703735352 3.0999999046325684
v -11.667262077331543 11.667262077331543 3.0999999046325684
v -10.879205703735352 12.405356407165527 3.0999999046325684
v -15.624346733093262 5.303750991821289 3.814801570029904e-24
v -15.244011878967285 6.314276695251465 -7.535402892784652e-24
v -15.937776565551758 4.270514011383057 1.0518915068236685e-23
v -16.358840942382812 2.153682231903076 -6.274646182921336e-24
v -16.18295669555664 3.2189903259277344 3.874844534539444e-24
v -16.5 2.0206671876515188e-15 4.203877176094415e-39
v -16.464672088623047 1.0791516304016113 -3.716352320704001e-25
v -15.937776565551758 4.270514011383057 3.0999999046325684
v -15.624346733093262 5.303750991821289 3.0999999046325684
v -16.18295669555664 3.2189903259277344 3.0999999046325684
v -16.358840942382812 2.153682231903076 3.0999999046325684
v -16.464672088623047 1.0791516304016113 3.0999999046325684
v -14.289419174194336 8.25 -7.73540358694624e-24
v -13.71924877166748 9.166909217834473 1.544567879861757e-23
v -14.798399925231934 7.297763347625732 -1.276353357706531e-23
v -2.0250000953674316 3.5074028968811035 1.0113586305005324e-24
v -14.289419174194336 8.25 3.0999999046325684
v -13.090330123901367 10.044563293457031 3.0999999046325684
v -13.71924877166748 9.166909217834473 3.0999999046325684
v -14.798399925231934 7.297763347625732 3.0999999046325684
v -15.244011878967285 6.314276695251465 3.0999999046325684
v -13.090330123901367 10.044563293457031 3.0999999046325684
v -12.405356407165527 10.879205703735352 3.0999999046325684
v -11.667262077331543 11.667262077331543 3.0999999046325684
v -10.879205703735352 12.405356407165527 3.0999999046325684
v -15.624346733093262 5.303750991821289 3.0999999046325684
v -15.937776565551758 4.270514011383057 3.0999999046325684
v -16.18295669555664 3.2189903259277344 3.0999999046325684
v -16.358840942382812 2.153682231903076 3.0999999046325684
v -16.5 2.2104874828894443e-15 3.0999999046325684
v -14.289419174194336 8.25 3.0999999046325684
v -13.71924877166748 9.166909217834473 3.0999999046325684
v -15.244011878967285 6.314276695251465 3.0999999046325684
v -14.798399925231934 7.297763347625732 3.0999999046325684
v -5.303750991821289 15.624346733093262 3.8700824967989866e-23
v -4.270514011383057 15.937776565551758 -3.6713283606398285e-23
v -6.314276695251465 15.244011878967285 -2.1461099766056945e-23
v -9.166909217834473 13.71924877166748 2.5332780968366453e-24
v -8.25 14.289419174194336 -2.018662555391274e-23
v -7.297763347625732 14.798399925231934 5.121183391410216e-23
v 2.153682231903076 16.358840942382812 4.2102131289482335e-23
v -5.303750991821289 15.624346733093262 3.0999999046325684
v -9.166909217834473 13.71924877166748 3.0999999046325684
v -8.25 14.289419174194336 3.0999999046325684
v -7.297763347625732 14.798399925231934 3.0999999046325684
v -6.314276695251465 15.244011878967285 3.0999999046325684
v -2.153682231903076 16.358840942382812 4.2102131289482335e-23
v -3.2189903259277344 16.18295669555664 3.393083550960808e-23
v -1.0791516304016113 16.464672088623047 -2.1059558521246777e-23
v 1.0103335938257594e-15 16.5 -1.547080717389248e-23
v -4.270514011383057 15.937776565551758 3.0999999046325684
v -3.2189903259277344 16.18295669555664 3.0999999046325684
v -2.153682231903076 16.358840942382812 3.0999999046325684
v -1.0791516304016113 16.464672088623047 3.0999999046325684
v 1.0103335938257594e-15 16.5 3.0999999046325684
v -4.050000190734863 -4.959819422097685e-16 1.1368061817804365e-39
v 2.0250000953674316 3.5074028968811035 1.0113586305005324e-24
v -4.050000190734863 -4.959819422097685e-16 3.0999999046325684
v -2.0250000953674316 3.5074028968811035 3.0999999046325684
v -10.044563293457031 13.090330123901367 3.0999999046325684
v -8.25 14.289419174194336 3.0999999046325684
v -9.166909217834473 13.71924877166748 3.0999999046325684
v -7.297763347625732 14.798399925231934 3.0999999046325684
v -6.314276695251465 15.244011878967285 3.0999999046325684
v -5.303750991821289 15.624346733093262 3.0999999046325684
v -4.270514011383057 15.937776565551758 3.0999999046325684
v -3.2189903259277344 16.18295669555664 3.0999999046325684
v -2.153682231903076 16.358840942382812 3.0999999046325684
v -1.0791516304016113 16.464672088623047 3.0999999046325684
v -2.835003137588501 2.1044366359710693 3.140000104904175
v -4.050000190734863 -4.010718475303649e-16 3.140000104904175
v -2.0250000953674316 3.5074028968811035 3.0999999046325684
v -2.0250000953674316 3.5074028968811035 3.140000104904175
v -16.358840942382812 -2.153682231903076 6.274646182921336e-24
v -16.464672088623047 -1.0791516304016113 3.716352320704001e-25
v -15.937776565551758 -4.270514011383057 -1.0518915068236685e-23
v -16.18295669555664 -3.2189903259277344 -3.874844534539444e-24
v -15.244011878967285 -6.314276695251465 7.535402892784652e-24
v -15.624346733093262 -5.303750991821289 -3.814801570029904e-24
v -16.5 2.2104874828894443e-15 3.0999999046325684
v -16.464672088623047 -1.0791516304016113 3.0999999046325684
v -16.358840942382812 -2.153682231903076 3.0999999046325684
v -16.18295669555664 -3.2189903259277344 3.0999999046325684
v -15.937776565551758 -4.270514011383057 3.0999999046325684
v -15.624346733093262 -5.303750991821289 3.0999999046325684
v -2.0250000953674316 -3.5074028968811035 -1.0113586305005324e-24
v -14.289419174194336 -8.25 7.73540358694624e-24
v -14.798399925231934 -7.297763347625732 1.276353357706531e-23
v -13.090330123901367 -10.044563293457031 -2.1541266966689125e-24
v -13.71924877166748 -9.166909217834473 -1.544567879861757e-23
v -10.044563293457031 -13.090330123901367 -2.179013996051187e-23
v -15.244011878967285 -6.314276695251465 3.0999999046325684
v -14.798399925231934 -7.297763347625732 3.0999999046325684
v -14.289419174194336 -8.25 3.0999999046325684
v -13.71924877166748 -9.166909217834473 3.0999999046325684
v -11.667262077331543 -11.667262077331543 1.8034344791762046e-23
v -12.405356407165527 -10.879205703735352 -3.646255126742193e-24
v -10.879205703735352 -12.405356407165527 1.8113579558804255e-23
v -13.090330123901367 -10.044563293457031 3.0999999046325684
v -12.405356407165527 -10.879205703735352 3.0999999046325684
v -11.667262077331543 -11.667262077331543 3.0999999046325684
v -10.879205703735352 -12.405356407165527 3.0999999046325684
v -16.464672088623047 -1.0791516304016113 3.0999999046325684
v -16.358840942382812 -2.153682231903076 3.0999999046325684
v -16.18295669555664 -3.2189903259277344 3.0999999046325684
v -15.937776565551758 -4.270514011383057 3.0999999046325684
v -15.624346733093262 -5.303750991821289 3.0999999046325684
v -15.244011878967285 -6.314276695251465 3.0999999046325684
v -14.798399925231934 -7.297763347625732 3.0999999046325684
v -14.289419174194336 -8.25 3.0999999046325684
v -13.71924877166748 -9.166909217834473 3.0999999046325684
v -13.090330123901367 -10.044563293457031 3.0999999046325684
v -12.405356407165527 -10.879205703735352 3.0999999046325684
v -11.667262077331543 -11.667262077331543 3.0999999046325684
v -10.879205703735352 -12.405356407165527 3.0999999046325684
v -10.044563293457031 -13.090330123901367 3.0999999046325684
v 2.0250000953674316 -3.5074028968811035 -1.0113586305005324e-24
v -2.153682231903076 -16.358840942382812 -4.2102131289482335e-23
v -2.0250000953674316 -3.5074028968811035 3.0999999046325684
v -8.25 -14.289419174194336 2.018662555391274e-23
v -9.166909217834473 -13.71924877166748 -2.5332780968366453e-24
v -6.314276695251465 -15.244011878967285 2.1461099766056945e-23
v -7.297763347625732 -14.798399925231934 -5.121183391410216e-23
v -4.270514011383057 -15.937776565551758 3.6713283606398285e-23
v -5.303750991821289 -15.624346733093262 -3.8700824967989866e-23
v -10.044563293457031 -13.090330123901367 3.0999999046325684
v -9.166909217834473 -13.71924877166748 3.0999999046325684
v -8.25 -14.289419174194336 3.0999999046325684
v -7.297763347625732 -14.798399925231934 3.0999999046325684
v -6.314276695251465 -15.244011878967285 3.0999999046325684
v -3.2189903259277344 -16.18295669555664 -3.393083550960808e-23
v -3.0310008873563965e-15 -16.5 1.547080717389248e-23
v -1.0791516304016113 -16.464672088623047 2.1059558521246777e-23
v -5.303750991821289 -15.624346733093262 3.0999999046325684
v -4.270514011383057 -15.937776565551758 3.0999999046325684
v -3.2189903259277344 -16.18295669555664 3.0999999046325684
v -2.153682231903076 -16.358840942382812 3.0999999046325684
v -1.0791516304016113 -16.464672088623047 3.0999999046325684
v 2.0250000953674316 -3.5074028968811035 3.140000104904175
v -9.166909217834473 -13.71924877166748 3.0999999046325684
v -8.25 -14.289419174194336 3.0999999046325684
v -7.297763347625732 -14.798399925231934 3.0999999046325684
v -6.314276695251465 -15.244011878967285 3.0999999046325684
v -5.303750991821289 -15.624346733093262 3.0999999046325684
v -4.270514011383057 -15.937776565551758 3.0999999046325684
v -3.2189903259277344 -16.18295669555664 3.0999999046325684
v -2.153682231903076 -16.358840942382812 3.0999999046325684
v -1.0791516304016113 -16.464672088623047 3.0999999046325684
v -3.0310008873563965e-15 -16.5 3.0999999046325684
v 1.0791516304016113 16.464672088623047 -2.1059558521246777e-23
v 3.2189903259277344 16.18295669555664 3.393083550960808e-23
v 4.270514011383057 15.937776565551758 -3.6713283606398285e-23
v 6.314276695251465 15.244011878967285 -2.1461099766056945e-23
v 15.244011878967285 6.314276695251465 -7.535402892784652e-24
v 1.0791516304016113 16.464672088623047 3.0999999046325684
v 2.153682231903076 16.358840942382812 3.0999999046325684
v 3.2189903259277344 16.18295669555664 3.0999999046325684
v 4.270514011383057 15.937776565551758 3.0999999046325684
v 5.303750991821289 15.624346733093262 3.0999999046325684
v 5.303750991821289 15.624346733093262 3.8700824967989866e-23
v 10.044563293457031 13.090330123901367 2.179013996051187e-23
v 7.297763347625732 14.798399925231934 5.121183391410216e-23
v 8.25 14.289419174194336 -2.018662555391274e-23
v 9.166909217834473 13.71924877166748 2.5332780968366453e-24
v 6.314276695251465 15.244011878967285 3.0999999046325684
v 7.297763347625732 14.798399925231934 3.0999999046325684
v 8.25 14.289419174194336 3.0999999046325684
v 9.166909217834473 13.71924877166748 3.0999999046325684
v 10.044563293457031 13.090330123901367 3.0999999046325684
v 4.050000190734863 0 0
v 2.0507965087890625 3.4627223014831543 3.0999999046325684
v 1.0103335938257594e-15 16.5 3.0999999046325684
v 1.0791516304016113 16.464672088623047 3.0999999046325684
v 2.153682231903076 16.358840942382812 3.0999999046325684
v 3.2189903259277344 16.18295669555664 3.0999999046325684
v 4.270514011383057 15.937776565551758 3.0999999046325684
v 5.303750991821289 15.624346733093262 3.0999999046325684
v 6.314276695251465 15.244011878967285 3.0999999046325684
v 7.297763347625732 14.798399925231934 3.0999999046325684
v 8.25 14.289419174194336 3.0999999046325684
v 9.166909217834473 13.71924877166748 3.0999999046325684
v 2.0250000953674316 3.5074028968811035 3.0999999046325684
v 4.050000190734863 9.491012114918316e-17 3.0999999046325684
v 10.879205703735352 12.405356407165527 -1.8113579558804255e-23
v 11.667262077331543 11.667262077331543 -1.8034344791762046e-23
v 13.090330123901367 10.044563293457031 2.1541266966689125e-24
v 12.405356407165527 10.879205703735352 3.646255126742193e-24
v 10.879205703735352 12.405356407165527 3.0999999046325684
v 11.667262077331543 11.667262077331543 3.0999999046325684
v 12.405356407165527 10.879205703735352 3.0999999046325684
v 13.090330123901367 10.044563293457031 3.0999999046325684
v 13.71924877166748 9.166909217834473 1.544567879861757e-23
v 14.289419174194336 8.25 -7.73540358694624e-24
v 14.798399925231934 7.297763347625732 -1.276353357706531e-23
v 13.71924877166748 9.166909217834473 3.0999999046325684
v 14.289419174194336 8.25 3.0999999046325684
v 14.798399925231934 7.297763347625732 3.0999999046325684
v 15.244011878967285 6.314276695251465 3.0999999046325684
v 15.624346733093262 5.303750991821289 3.814801570029904e-24
v 15.937776565551758 4.270514011383057 1.0518915068236685e-23
v 16.358840942382812 2.153682231903076 -6.274646182921336e-24
v 16.18295669555664 3.2189903259277344 3.874844534539444e-24
v 16.358840942382812 -2.153682231903076 6.274646182921336e-24
v 16.464672088623047 1.0791516304016113 -3.716352320704001e-25
v 16.5 0 0
v 15.624346733093262 5.303750991821289 3.0999999046325684
v 15.937776565551758 4.270514011383057 3.0999999046325684
v 16.18295669555664 3.2189903259277344 3.0999999046325684
v 16.358840942382812 2.153682231903076 3.0999999046325684
v 16.464672088623047 1.0791516304016113 3.0999999046325684
v 16.5 -7.50498757172295e-24 3.0999999046325684
v 10.044563293457031 13.090330123901367 3.0999999046325684
v 10.879205703735352 12.405356407165527 3.0999999046325684
v 11.667262077331543 11.667262077331543 3.0999999046325684
v 12.405356407165527 10.879205703735352 3.0999999046325684
v 13.090330123901367 10.044563293457031 3.0999999046325684
v 13.71924877166748 9.166909217834473 3.0999999046325684
v 14.289419174194336 8.25 3.0999999046325684
v 14.798399925231934 7.297763347625732 3.0999999046325684
v 15.244011878967285 6.314276695251465 3.0999999046325684
v 15.624346733093262 5.303750991821289 3.0999999046325684
v 15.937776565551758 4.270514011383057 3.0999999046325684
v 16.18295669555664 3.2189903259277344 3.0999999046325684
v 16.358840942382812 2.153682231903076 3.0999999046325684
v 16.464672088623047 1.0791516304016113 3.0999999046325684
v 2.0250000953674316 -3.5074028968811035 3.0999999046325684
v 4.050000190734863 9.491012114918316e-17 3.0999999046325684
v 13.090330123901367 -10.044563293457031 -2.1541266966689125e-24
v 2.153682231903076 -16.358840942382812 -4.2102131289482335e-23
v 1.0791516304016113 -16.464672088623047 2.1059558521246777e-23
v 6.314276695251465 -15.244011878967285 2.1461099766056945e-23
v 4.270514011383057 -15.937776565551758 3.6713283606398285e-23
v 3.2189903259277344 -16.18295669555664 -3.393083550960808e-23
v -3.0310008873563965e-15 -16.5 3.0999999046325684
v 1.0791516304016113 -16.464672088623047 3.0999999046325684
v 2.153682231903076 -16.358840942382812 3.0999999046325684
v 3.2189903259277344 -16.18295669555664 3.0999999046325684
v 5.303750991821289 -15.624346733093262 -3.8700824967989866e-23
v 4.270514011383057 -15.937776565551758 3.0999999046325684
v 8.25 -14.289419174194336 2.018662555391274e-23
v 7.297763347625732 -14.798399925231934 -5.121183391410216e-23
v 10.044563293457031 -13.090330123901367 -2.179013996051187e-23
v 9.166909217834473 -13.71924877166748 -2.5332780968366453e-24
v 6.314276695251465 -15.244011878967285 3.0999999046325684
v 7.297763347625732 -14.798399925231934 3.0999999046325684
v 8.25 -14.289419174194336 3.0999999046325684
v 9.166909217834473 -13.71924877166748 3.0999999046325684
v 5.303750991821289 -15.624346733093262 3.0999999046325684
v 2.0250000953674316 -3.5074028968811035 3.0999999046325684
v 1.0791516304016113 -16.464672088623047 3.0999999046325684
v 2.153682231903076 -16.358840942382812 3.0999999046325684
v 3.2189903259277344 -16.18295669555664 3.0999999046325684
v 4.270514011383057 -15.937776565551758 3.0999999046325684
v 5.303750991821289 -15.624346733093262 3.0999999046325684
v 6.314276695251465 -15.244011878967285 3.0999999046325684
v 7.297763347625732 -14.798399925231934 3.0999999046325684
v 9.166909217834473 -13.71924877166748 3.0999999046325684
v 8.25 -14.289419174194336 3.0999999046325684
v 10.044563293457031 -13.090330123901367 3.0999999046325684
v 15.244011878967285 -6.314276695251465 7.535402892784652e-24
v 14.798399925231934 -7.297763347625732 1.276353357706531e-23
v 14.289419174194336 -8.25 7.73540358694624e-24
v 13.71924877166748 -9.166909217834473 -1.544567879861757e-23
v 15.624346733093262 -5.303750991821289 -3.814801570029904e-24
v 15.244011878967285 -6.314276695251465 3.0999999046325684
v 14.798399925231934 -7.297763347625732 3.0999999046325684
v 13.71924877166748 -9.166909217834473 3.0999999046325684
v 13.090330123901367 -10.044563293457031 3.0999999046325684
v 14.289419174194336 -8.25 3.0999999046325684
v 16.464672088623047 -1.0791516304016113 3.716352320704001e-25
v 16.18295669555664 -3.2189903259277344 -3.874844534539444e-24
v 15.937776565551758 -4.270514011383057 -1.0518915068236685e-23
v 16.464672088623047 -1.0791516304016113 3.0999999046325684
v 16.358840942382812 -2.153682231903076 3.0999999046325684
v 16.18295669555664 -3.2189903259277344 3.0999999046325684
v 15.624346733093262 -5.303750991821289 3.0999999046325684
v 15.937776565551758 -4.270514011383057 3.0999999046325684
v 11.667262077331543 -11.667262077331543 1.8034344791762046e-23
v 10.879205703735352 -12.405356407165527 1.8113579558804255e-23
v 12.405356407165527 -10.879205703735352 -3.646255126742193e-24
v 10.879205703735352 -12.405356407165527 3.0999999046325684
v 11.667262077331543 -11.667262077331543 3.0999999046325684
v 12.405356407165527 -10.879205703735352 3.0999999046325684
v 10.044563293457031 -13.090330123901367 3.0999999046325684
v 14.798399925231934 -7.297763347625732 3.0999999046325684
v 15.244011878967285 -6.314276695251465 3.0999999046325684
v 13.71924877166748 -9.166909217834473 3.0999999046325684
v 14.289419174194336 -8.25 3.0999999046325684
v 16.358840942382812 -2.153682231903076 3.0999999046325684
v 16.18295669555664 -3.2189903259277344 3.0999999046325684
v 15.937776565551758 -4.270514011383057 3.0999999046325684
v 15.624346733093262 -5.303750991821289 3.0999999046325684
v 10.879205703735352 -12.405356407165527 3.0999999046325684
v 11.667262077331543 -11.667262077331543 3.0999999046325684
v 12.405356407165527 -10.879205703735352 3.0999999046325684
v 13.090330123901367 -10.044563293457031 3.0999999046325684
v 4.050000190734863 1.8982025553325612e-16 3.140000104904175
v 2.0250000953674316 3.5074028968811035 3.140000104904175
v -12.536111831665039 10.993874549865723 3.200000047683716
v -13.090330123901367 10.044563293457031 3.0999999046325684
v -13.228304862976074 10.150434494018555 3.200000047683716
v -13.366279602050781 10.256306648254395 3.299999952316284
v -12.666866302490234 11.108543395996094 3.299999952316284
v -13.504253387451172 10.362177848815918 3.4000000953674316
v -12.79762077331543 11.223212242126465 3.4000000953674316
v -12.928376197814941 11.337881088256836 3.5
v -13.642228126525879 10.468050003051758 3.5
v -10.879205703735352 12.405356407165527 3.0999999046325684
v -10.150434494018555 13.228304862976074 3.200000047683716
v -10.044563293457031 13.090330123901367 3.0999999046325684
v -12.405356407165527 10.879205703735352 3.0999999046325684
v -11.667262077331543 11.667262077331543 3.0999999046325684
v -11.790237426757812 11.790237426757812 3.200000047683716
v -10.993874549865723 12.536111831665039 3.200000047683716
v -10.256306648254395 13.366279602050781 3.299999952316284
v -11.108543395996094 12.666866302490234 3.299999952316284
v -10.362177848815918 13.504253387451172 3.4000000953674316
v -11.223212242126465 12.79762077331543 3.4000000953674316
v -11.337881088256836 12.928376197814941 3.5
v -10.468050003051758 13.642228126525879 3.5
v -11.913211822509766 11.913211822509766 3.299999952316284
v -12.036187171936035 12.036187171936035 3.4000000953674316
v -12.159162521362305 12.159162521362305 3.5
v -13.918177604675293 10.679792404174805 3.700000047683716
v -14.586869239807129 9.746634483337402 3.700000047683716
v -14.056151390075684 10.785664558410645 3.799999952316284
v -14.73147201538086 9.843255043029785 3.799999952316284
v -14.19412612915039 10.891535758972168 3.9000000953674316
v -13.059130668640137 11.452549934387207 3.5999999046325684
v -13.189885139465332 11.567218780517578 3.700000047683716
v -12.405112266540527 12.405112266540527 3.700000047683716
v -13.780202865600586 10.573921203613281 3.5999999046325684
v -14.442265510559082 9.65001392364502 3.5999999046325684
v -13.320639610290527 11.68188762664795 3.799999952316284
v -12.651062965393066 12.651062965393066 3.9000000953674316
v -12.528087615966797 12.528087615966797 3.799999952316284
v -13.451395034790039 11.79655647277832 3.9000000953674316
v -14.332100868225098 10.997406959533691 4
v -14.876075744628906 9.939876556396484 3.9000000953674316
v -15.020679473876953 10.036497116088867 4
v -14.470075607299805 11.103279113769531 4.099999904632568
v -15.165282249450684 10.13311767578125 4.099999904632568
v -14.608049392700195 11.209150314331055 4.199999809265137
v -15.30988597869873 10.22973918914795 4.199999809265137
v -13.71290397644043 12.025894165039062 4.099999904632568
v -13.843659400939941 12.140563011169434 4.199999809265137
v -13.582149505615234 11.911225318908691 4
v -12.77403736114502 12.77403736114502 4
v -13.019988059997559 13.019988059997559 4.199999809265137
v -12.897012710571289 12.897012710571289 4.099999904632568
v -11.567218780517578 13.189885139465332 3.700000047683716
v -11.452549934387207 13.059130668640137 3.5999999046325684
v -12.282136917114258 12.282136917114258 3.5999999046325684
v -11.68188762664795 13.320639610290527 3.799999952316284
v -11.79655647277832 13.451395034790039 3.9000000953674316
v -10.573921203613281 13.780202865600586 3.5999999046325684
v -10.679792404174805 13.918177604675293 3.700000047683716
v -9.746634483337402 14.586869239807129 3.700000047683716
v -10.785664558410645 14.056151390075684 3.799999952316284
v -9.843255043029785 14.73147201538086 3.799999952316284
v -10.891535758972168 14.19412612915039 3.9000000953674316
v -11.911225318908691 13.582149505615234 4
v -10.997406959533691 14.332100868225098 4
v -12.025894165039062 13.71290397644043 4.099999904632568
v -12.140563011169434 13.843659400939941 4.199999809265137
v -11.103279113769531 14.470075607299805 4.099999904632568
v -11.209150314331055 14.608049392700195 4.199999809265137
v -9.939876556396484 14.876075744628906 3.9000000953674316
v -10.036497116088867 15.020679473876953 4
v -10.13311767578125 15.165282249450684 4.099999904632568
v -10.22973918914795 15.30988597869873 4.199999809265137
v -15.624346733093262 5.303750991821289 3.0999999046325684
v -15.40468692779541 6.38083028793335 3.200000047683716
v -15.244011878967285 6.314276695251465 3.0999999046325684
v -15.565361976623535 6.447383880615234 3.299999952316284
v -15.789031028747559 5.359653472900391 3.200000047683716
v -15.953714370727539 5.415555953979492 3.299999952316284
v -15.726036071777344 6.513937950134277 3.4000000953674316
v -15.26633358001709 7.528522968292236 3.4000000953674316
v -15.422311782836914 7.605442523956299 3.5
v -15.886711120605469 6.580491542816162 3.5
v -16.118396759033203 5.471458911895752 3.4000000953674316
v -16.2830810546875 5.5273613929748535 3.5
v -16.44173812866211 4.405550003051758 3.4000000953674316
v -15.937776565551758 4.270514011383057 3.0999999046325684
v -16.18295669555664 3.2189903259277344 3.0999999046325684
v -16.105762481689453 4.315526008605957 3.200000047683716
v -16.358840942382812 2.153682231903076 3.0999999046325684
v -16.35352897644043 3.2529191970825195 3.200000047683716
v -16.464672088623047 1.0791516304016113 3.0999999046325684
v -16.531265258789062 2.176382303237915 3.200000047683716
v -16.5 2.2104874828894443e-15 3.0999999046325684
v -16.638212203979492 1.0905261039733887 3.200000047683716
v -16.694671630859375 3.3207767009735107 3.4000000953674316
v -16.703691482543945 2.199082612991333 3.299999952316284
v -16.876115798950195 2.221782684326172 3.4000000953674316
v -16.86524200439453 3.354705333709717 3.5
v -16.609724044799805 4.450562000274658 3.5
v -17.048540115356445 2.24448299407959 3.5
v -16.27375030517578 4.360538005828857 3.299999952316284
v -16.524099349975586 3.2868478298187256 3.299999952316284
v -16.81175422668457 1.101900577545166 3.299999952316284
v -16.673913955688477 2.231721116569452e-15 3.200000047683716
v -16.84782600402832 2.25282578948324e-15 3.299999952316284
v -16.985294342041016 1.1132750511169434 3.4000000953674316
v -17.15883445739746 1.1246495246887207 3.5
v -17.021739959716797 2.273801289872572e-15 3.4000000953674316
v -17.19565200805664 2.2946474059792107e-15 3.5
v -15.734267234802246 7.759282112121582 3.700000047683716
v -15.193098068237305 8.77173900604248 3.700000047683716
v -15.578289985656738 7.6823625564575195 3.5999999046325684
v -15.343710899353027 8.858695983886719 3.799999952316284
v -15.89024543762207 7.8362016677856445 3.799999952316284
v -15.49432373046875 8.94565200805664 3.9000000953674316
v -16.777132034301758 5.695068836212158 3.799999952316284
v -16.61244773864746 5.639166355133057 3.700000047683716
v -16.94569969177246 4.540585994720459 3.700000047683716
v -17.113685607910156 4.585597991943359 3.799999952316284
v -16.941814422607422 5.75097131729126 3.9000000953674316
v -16.047386169433594 6.647045135498047 3.5999999046325684
v -16.20806121826172 6.713598728179932 3.700000047683716
v -16.447765350341797 5.583263874053955 3.5999999046325684
v -16.777711868286133 4.495573997497559 3.5999999046325684
v -16.36873435974121 6.780152320861816 3.799999952316284
v -16.046222686767578 7.913121700286865 3.9000000953674316
v -16.529409408569336 6.846705913543701 3.9000000953674316
v -15.644937515258789 9.032608985900879 4
v -16.20220184326172 7.990041255950928 4
v -15.795550346374512 9.1195650100708 4.099999904632568
v -15.946163177490234 9.206521987915039 4.199999809265137
v -16.358179092407227 8.066961288452148 4.099999904632568
v -16.514156341552734 8.143880844116211 4.199999809265137
v -16.850759506225586 6.979813098907471 4.099999904632568
v -16.69008445739746 6.913259506225586 4
v -17.281673431396484 4.63060998916626 3.9000000953674316
v -17.10649871826172 5.806873798370361 4
v -17.01143455505371 7.0463666915893555 4.199999809265137
v -17.271183013916016 5.862776279449463 4.099999904632568
v -17.43586540222168 5.9186787605285645 4.199999809265137
v -17.617647171020508 4.7206339836120605 4.099999904632568
v -17.785634994506836 4.765645980834961 4.199999809265137
v -17.44965934753418 4.67562198638916 4
v -18.083091735839844 2.3806841373443604 4.099999904632568
v -17.888669967651367 3.5582778453826904 4.099999904632568
v -17.910667419433594 2.3579840660095215 4
v -18.059242248535156 3.5922067165374756 4.199999809265137
v -18.255517959594727 2.4033844470977783 4.199999809265137
v -18.026538848876953 1.1815217733383179 4
v -17.89130401611328 2.376742474501808e-15 3.9000000953674316
v -18.065217971801758 2.3969435750191125e-15 4
v -18.2000789642334 1.1928962469100952 4.099999904632568
v -18.373619079589844 1.2042707204818726 4.199999809265137
v -18.2391300201416 2.417015291253724e-15 4.099999904632568
v -18.413043975830078 2.436958258480353e-15 4.199999809265137
v -17.03581428527832 3.388634204864502 3.5999999046325684
v -17.220966339111328 2.2671830654144287 3.5999999046325684
v -17.206384658813477 3.422562837600708 3.700000047683716
v -17.393390655517578 2.2898833751678467 3.700000047683716
v -17.376956939697266 3.456491708755493 3.799999952316284
v -17.56581687927246 2.3125836849212646 3.799999952316284
v -17.547527313232422 3.490420341491699 3.9000000953674316
v -17.33237648010254 1.1360238790512085 3.5999999046325684
v -17.505916595458984 1.1473983526229858 3.700000047683716
v -17.369565963745117 2.3153649848361036e-15 3.5999999046325684
v -17.54347801208496 2.3359531794103034e-15 3.700000047683716
v -17.67945671081543 1.1587728261947632 3.799999952316284
v -17.73824119567871 2.3352837562561035 3.9000000953674316
v -17.717391967773438 2.356412413218284e-15 3.799999952316284
v -17.852996826171875 1.1701472997665405 3.9000000953674316
v -17.71809959411621 3.5243492126464844 4
v -14.289419174194336 8.25 3.0999999046325684
v -14.798399925231934 7.297763347625732 3.0999999046325684
v -14.440032005310059 8.336956977844238 3.200000047683716
v -13.71924877166748 9.166909217834473 3.0999999046325684
v -13.863851547241211 9.263529777526855 3.200000047683716
v -14.954378128051758 7.374683380126953 3.200000047683716
v -14.008455276489258 9.360151290893555 3.299999952316284
v -14.590645790100098 8.42391300201416 3.299999952316284
v -15.110356330871582 7.451602935791016 3.299999952316284
v -14.153059005737305 9.456771850585938 3.4000000953674316
v -14.74125862121582 8.510869979858398 3.4000000953674316
v -14.297661781311035 9.55339241027832 3.5
v -14.891871452331543 8.59782600402832 3.5
v -15.042484283447266 8.684782981872559 3.5999999046325684
v -15.599092483520508 10.422981262207031 4.400000095367432
v -15.743696212768555 10.519601821899414 4.5
v -15.021973609924316 11.526764869689941 4.5
v -16.03290367126465 10.712843894958496 4.699999809265137
v -15.888299942016602 10.616222381591797 4.599999904632568
v -16.548616409301758 9.55434799194336 4.599999904632568
v -15.159947395324707 11.632637023925781 4.599999904632568
v -15.297922134399414 11.738508224487305 4.699999809265137
v -15.435896873474121 11.844379425048828 4.800000190734863
v -16.177507400512695 10.809464454650879 4.800000190734863
v -15.573870658874512 11.950251579284668 4.900000095367432
v -16.699228286743164 9.641304016113281 4.699999809265137
v -16.32210922241211 10.906085014343262 4.900000095367432
v -16.849842071533203 9.72826099395752 4.800000190734863
v -15.987794876098633 12.267866134643555 5.199999809265137
v -15.281961441040039 13.401920318603516 5.300000190734863
v -15.151206016540527 13.287251472473145 5.199999809265137
v -16.611316680908203 11.099327087402344 5.099999904632568
v -17.15106773376465 9.90217399597168 5
v -17.301681518554688 9.989130020141602 5.099999904632568
v -16.466712951660156 11.002706527709961 5
v -16.75592041015625 11.195947647094727 5.199999809265137
v -17.452295303344727 10.07608699798584 5.199999809265137
v -16.900524139404297 11.292569160461426 5.300000190734863
v -15.711845397949219 12.056122779846191 5
v -14.889697074890137 13.057913780212402 5
v -15.849820137023926 12.161993980407715 5.099999904632568
v -15.020451545715332 13.172582626342773 5.099999904632568
v -17.000455856323242 9.815217018127441 4.900000095367432
v -16.125768661499023 12.373737335205078 5.300000190734863
v -15.412715911865234 13.516589164733887 5.400000095367432
v -16.263744354248047 12.479609489440918 5.400000095367432
v -15.412715911865234 13.516589164733887 5.5
v -16.263744354248047 12.479609489440918 5.5
v -15.412715911865234 13.516589164733887 5.599999904632568
v -16.263744354248047 12.479609489440918 5.599999904632568
v -14.495689392089844 14.495689392089844 5.599999904632568
v -17.04512596130371 11.389189720153809 5.400000095367432
v -17.602907180786133 10.163043975830078 5.300000190734863
v -17.753520965576172 10.25 5.400000095367432
v -17.04512596130371 11.389189720153809 5.5
v -17.04512596130371 11.389189720153809 5.599999904632568
v -17.753520965576172 10.25 5.5
v -17.753520965576172 10.25 5.599999904632568
v -10.422981262207031 15.599092483520508 4.400000095367432
v -11.420893669128418 14.88399887084961 4.400000095367432
v -10.519601821899414 15.743696212768555 4.5
v -11.526764869689941 15.021973609924316 4.5
v -10.616222381591797 15.888299942016602 4.599999904632568
v -11.844379425048828 15.435896873474121 4.800000190734863
v -11.950251579284668 15.573870658874512 4.900000095367432
v -10.906085014343262 16.32210922241211 4.900000095367432
v -11.632637023925781 15.159947395324707 4.599999904632568
v -10.712843894958496 16.03290367126465 4.699999809265137
v -11.738508224487305 15.297922134399414 4.699999809265137
v -9.641304016113281 16.699228286743164 4.699999809265137
v -10.809464454650879 16.177507400512695 4.800000190734863
v -9.72826099395752 16.849842071533203 4.800000190734863
v -9.815217018127441 17.000455856323242 4.900000095367432
v -13.142963409423828 13.142963409423828 4.300000190734863
v -13.974413871765137 12.255231857299805 4.300000190734863
v -13.265937805175781 13.265937805175781 4.400000095367432
v -12.369900703430176 14.105168342590332 4.400000095367432
v -14.105168342590332 12.369900703430176 4.400000095367432
v -13.38891315460205 13.38891315460205 4.5
v -14.235922813415527 12.484569549560547 4.5
v -13.51188850402832 13.51188850402832 4.599999904632568
v -12.484569549560547 14.235922813415527 4.5
v -12.599238395690918 14.366678237915039 4.599999904632568
v -14.746024131774902 11.315022468566895 4.300000190734863
v -14.88399887084961 11.420893669128418 4.400000095367432
v -15.454489707946777 10.326359748840332 4.300000190734863
v -14.366678237915039 12.599238395690918 4.599999904632568
v -13.63486385345459 13.63486385345459 4.699999809265137
v -14.497432708740234 12.713907241821289 4.699999809265137
v -14.62818717956543 12.82857608795166 4.800000190734863
v -13.757838249206543 13.757838249206543 4.800000190734863
v -14.758942604064941 12.943244934082031 4.900000095367432
v -13.880813598632812 13.880813598632812 4.900000095367432
v -12.713907241821289 14.497432708740234 4.699999809265137
v -12.943244934082031 14.758942604064941 4.900000095367432
v -12.82857608795166 14.62818717956543 4.800000190734863
v -12.255231857299805 13.974413871765137 4.300000190734863
v -11.315022468566895 14.746024131774902 4.300000190734863
v -10.326359748840332 15.454489707946777 4.300000190734863
v -12.267866134643555 15.987794876098633 5.199999809265137
v -13.172582626342773 15.020451545715332 5.099999904632568
v -13.287251472473145 15.151206016540527 5.199999809265137
v -12.373737335205078 16.125768661499023 5.300000190734863
v -13.401920318603516 15.281961441040039 5.300000190734863
v -13.516589164733887 15.412715911865234 5.400000095367432
v -12.479609489440918 16.263744354248047 5.400000095367432
v -13.516589164733887 15.412715911865234 5.599999904632568
v -12.479609489440918 16.263744354248047 5.599999904632568
v -13.516589164733887 15.412715911865234 5.5
v -12.479609489440918 16.263744354248047 5.5
v -12.056122779846191 15.711845397949219 5
v -13.057913780212402 14.889697074890137 5
v -12.161993980407715 15.849820137023926 5.099999904632568
v -11.002706527709961 16.466712951660156 5
v -11.099327087402344 16.611316680908203 5.099999904632568
v -11.195947647094727 16.75592041015625 5.199999809265137
v -11.292569160461426 16.900524139404297 5.300000190734863
v -9.989130020141602 17.301681518554688 5.099999904632568
v -9.90217399597168 17.15106773376465 5
v -10.07608699798584 17.452295303344727 5.199999809265137
v -10.163043975830078 17.602907180786133 5.300000190734863
v -11.389189720153809 17.04512596130371 5.400000095367432
v -11.389189720153809 17.04512596130371 5.5
v -11.389189720153809 17.04512596130371 5.599999904632568
v -7.845010757446289 18.939529418945312 5.599999904632568
v -10.25 17.753520965576172 5.400000095367432
v -10.25 17.753520965576172 5.5
v -10.25 17.753520965576172 5.599999904632568
v -14.003788948059082 14.003788948059082 5
v -14.126763343811035 14.126763343811035 5.099999904632568
v -14.249738693237305 14.249738693237305 5.199999809265137
v -14.372714042663574 14.372714042663574 5.300000190734863
v -14.495689392089844 14.495689392089844 5.400000095367432
v -14.495689392089844 14.495689392089844 5.5
v -17.76523208618164 6.030483722686768 4.400000095367432
v -17.95362091064453 4.810657978057861 4.300000190734863
v -18.12160873413086 4.855669975280762 4.400000095367432
v -17.929916381835938 6.086386203765869 4.5
v -18.289594650268555 4.900681972503662 4.5
v -18.0945987701416 6.142288684844971 4.599999904632568
v -18.2592830657959 6.198191165924072 4.699999809265137
v -17.814807891845703 7.3791351318359375 4.699999809265137
v -18.457582473754883 4.9456939697265625 4.599999904632568
v -18.62557029724121 4.990705966949463 4.699999809265137
v -17.975482940673828 7.445688724517822 4.800000190734863
v -18.423967361450195 6.254094123840332 4.800000190734863
v -18.13615608215332 7.512242317199707 4.900000095367432
v -18.58864974975586 6.309996604919434 4.900000095367432
v -18.793556213378906 5.035717964172363 4.800000190734863
v -18.961544036865234 5.080729961395264 4.900000095367432
v -16.670135498046875 8.220800399780273 4.300000190734863
v -17.172109603881836 7.112920761108398 4.300000190734863
v -16.826112747192383 8.297720909118652 4.400000095367432
v -17.332782745361328 7.179474353790283 4.400000095367432
v -16.98208999633789 8.374640464782715 4.5
v -16.39800262451172 9.467391014099121 4.5
v -17.493457794189453 7.246027946472168 4.5
v -17.13806915283203 8.451560020446777 4.599999904632568
v -16.096776962280273 9.293478012084961 4.300000190734863
v -16.24738883972168 9.3804349899292 4.400000095367432
v -17.600549697875977 5.974581241607666 4.300000190734863
v -17.654132843017578 7.312581539154053 4.599999904632568
v -17.29404640197754 8.52847957611084 4.699999809265137
v -17.450023651123047 8.605400085449219 4.800000190734863
v -17.606000900268555 8.682319641113281 4.900000095367432
v -18.229812622070312 3.6261353492736816 4.300000190734863
v -18.4003849029541 3.660064220428467 4.400000095367432
v -18.427942276000977 2.426084518432617 4.300000190734863
v -18.60036849975586 2.448784828186035 4.400000095367432
v -18.570955276489258 3.693992853164673 4.5
v -18.77279281616211 2.471485137939453 4.5
v -18.741527557373047 3.727921724319458 4.599999904632568
v -18.547161102294922 1.2156450748443604 4.300000190734863
v -18.720701217651367 1.2270195484161377 4.400000095367432
v -18.586956024169922 2.4567722649407623e-15 4.300000190734863
v -18.7608699798584 2.4764568871184786e-15 4.400000095367432
v -18.894241333007812 1.238394021987915 4.5
v -18.945219039916992 2.494185209274292 4.599999904632568
v -18.934782028198242 2.4960125485299755e-15 4.5
v -19.06778335571289 1.2497684955596924 4.599999904632568
v -19.290067672729492 2.539585590362549 4.800000190734863
v -19.462493896484375 2.562285900115967 4.900000095367432
v -19.25324058532715 3.8297078609466553 4.900000095367432
v -18.912097930908203 3.761850357055664 4.699999809265137
v -19.117643356323242 2.51688551902771 4.699999809265137
v -19.082670211791992 3.795779228210449 4.800000190734863
v -19.241323471069336 1.2611429691314697 4.699999809265137
v -19.41486358642578 1.272517442703247 4.800000190734863
v -19.588403701782227 1.2838919162750244 4.900000095367432
v -19.282608032226562 2.534736565537837e-15 4.699999809265137
v -19.45652198791504 2.553904709375965e-15 4.800000190734863
v -19.630434036254883 2.5729441042061105e-15 4.900000095367432
v -19.10869598388672 2.515439037417016e-15 4.599999904632568
v -18.296831130981445 7.578795909881592 5
v -17.761980056762695 8.759239196777344 5
v -17.917957305908203 8.836158752441406 5.099999904632568
v -18.45750617980957 7.645349502563477 5.099999904632568
v -18.07393455505371 8.913078308105469 5.199999809265137
v -18.618181228637695 7.711903095245361 5.199999809265137
v -18.22991371154785 8.989998817443848 5.300000190734863
v -19.465505599975586 5.215765953063965 5.199999809265137
v -19.247385025024414 6.53360652923584 5.300000190734863
v -19.082700729370117 6.477704048156738 5.199999809265137
v -19.297517776489258 5.1707539558410645 5.099999904632568
v -18.753334045410156 6.365899085998535 5
v -18.91801643371582 6.421801567077637 5.099999904632568
v -19.129531860351562 5.125741958618164 5
v -18.77885627746582 7.778457164764404 5.300000190734863
v -18.38589096069336 9.06691837310791 5.400000095367432
v -18.939529418945312 7.845010757446289 5.400000095367432
v -18.38589096069336 9.06691837310791 5.5
v -18.38589096069336 9.06691837310791 5.599999904632568
v -18.939529418945312 7.845010757446289 5.599999904632568
v -18.939529418945312 7.845010757446289 5.5
v -19.633493423461914 5.260777950286865 5.300000190734863
v -19.412067413330078 6.589509010314941 5.400000095367432
v -19.80147933959961 5.305789947509766 5.400000095367432
v -19.412067413330078 6.589509010314941 5.5
v -19.412067413330078 6.589509010314941 5.599999904632568
v -19.80147933959961 5.305789947509766 5.599999904632568
v -19.80147933959961 5.305789947509766 5.5
v -20.32461929321289 2.6757869720458984 5.599999904632568
v -19.423812866210938 3.8636367321014404 5
v -19.594383239746094 3.8975653648376465 5.099999904632568
v -19.634918212890625 2.5849859714508057 5
v -19.807344436645508 2.6076862812042236 5.099999904632568
v -19.764955520629883 3.9314942359924316 5.199999809265137
v -19.979768753051758 2.6303863525390625 5.199999809265137
v -19.935527801513672 3.9654228687286377 5.300000190734863
v -19.761945724487305 1.2952662706375122 5
v -19.93548583984375 1.3066407442092896 5.099999904632568
v -19.80434799194336 2.5918543265117996e-15 5
v -19.978260040283203 2.610635588051269e-15 5.099999904632568
v -20.109025955200195 1.318015217781067 5.199999809265137
v -20.15219497680664 2.6530866622924805 5.300000190734863
v -20.15217399597168 2.6292876770662825e-15 5.199999809265137
v -20.282567977905273 1.3293896913528442 5.300000190734863
v -20.106098175048828 3.999351739883423 5.400000095367432
v -20.32461929321289 2.6757869720458984 5.400000095367432
v -20.106098175048828 3.999351739883423 5.5
v -20.106098175048828 3.999351739883423 5.599999904632568
v -20.32461929321289 2.6757869720458984 5.5
v -20.45610809326172 1.3407641649246216 5.400000095367432
v -20.326087951660156 2.6478105935568395e-15 5.300000190734863
v -20.5 2.6662043375229403e-15 5.400000095367432
v -20.45610809326172 1.3407641649246216 5.5
v -20.45610809326172 1.3407641649246216 5.599999904632568
v -20.5 2.6632356988010508e-15 5.599999904632568
v -20.5 2.664720124041114e-15 5.5
v -2.0250000953674316 3.5074028968811035 5.599999904632568
v -5.303750991821289 15.624346733093262 3.0999999046325684
v -6.314276695251465 15.244011878967285 3.0999999046325684
v -5.359653472900391 15.789031028747559 3.200000047683716
v -7.528522968292236 15.26633358001709 3.4000000953674316
v -7.605442523956299 15.422311782836914 3.5
v -6.580491542816162 15.886711120605469 3.5
v -6.447383880615234 15.565361976623535 3.299999952316284
v -7.451602935791016 15.110356330871582 3.299999952316284
v -6.513937950134277 15.726036071777344 3.4000000953674316
v -6.38083028793335 15.40468692779541 3.200000047683716
v -5.415555953979492 15.953714370727539 3.299999952316284
v -5.471458911895752 16.118396759033203 3.4000000953674316
v -5.5273613929748535 16.2830810546875 3.5
v -4.450562000274658 16.609724044799805 3.5
v -9.263529777526855 13.863851547241211 3.200000047683716
v -9.166909217834473 13.71924877166748 3.0999999046325684
v -8.336956977844238 14.440032005310059 3.200000047683716
v -8.25 14.289419174194336 3.0999999046325684
v -9.360151290893555 14.008455276489258 3.299999952316284
v -8.42391300201416 14.590645790100098 3.299999952316284
v -9.456771850585938 14.153059005737305 3.4000000953674316
v -8.510869979858398 14.74125862121582 3.4000000953674316
v -9.55339241027832 14.297661781311035 3.5
v -8.59782600402832 14.891871452331543 3.5
v -7.374683380126953 14.954378128051758 3.200000047683716
v -7.297763347625732 14.798399925231934 3.0999999046325684
v -7.759282112121582 15.734267234802246 3.700000047683716
v -7.6823625564575195 15.578289985656738 3.5999999046325684
v -8.684782981872559 15.042484283447266 3.5999999046325684
v -7.8362016677856445 15.89024543762207 3.799999952316284
v -8.77173900604248 15.193098068237305 3.700000047683716
v -8.858695983886719 15.343710899353027 3.799999952316284
v -7.913121700286865 16.046222686767578 3.9000000953674316
v -9.206521987915039 15.946163177490234 4.199999809265137
v -9.032608985900879 15.644937515258789 4
v -9.1195650100708 15.795550346374512 4.099999904632568
v -8.94565200805664 15.49432373046875 3.9000000953674316
v -7.990041255950928 16.20220184326172 4
v -8.066961288452148 16.358179092407227 4.099999904632568
v -8.143880844116211 16.514156341552734 4.199999809265137
v -7.0463666915893555 17.01143455505371 4.199999809265137
v -6.647045135498047 16.047386169433594 3.5999999046325684
v -6.713598728179932 16.20806121826172 3.700000047683716
v -6.780152320861816 16.36873435974121 3.799999952316284
v -6.846705913543701 16.529409408569336 3.9000000953674316
v -5.583263874053955 16.447765350341797 3.5999999046325684
v -5.639166355133057 16.61244773864746 3.700000047683716
v -4.540585994720459 16.94569969177246 3.700000047683716
v -4.495573997497559 16.777711868286133 3.5999999046325684
v -5.75097131729126 16.941814422607422 3.9000000953674316
v -5.695068836212158 16.777132034301758 3.799999952316284
v -4.585597991943359 17.113685607910156 3.799999952316284
v -6.913259506225586 16.69008445739746 4
v -5.806873798370361 17.10649871826172 4
v -6.979813098907471 16.850759506225586 4.099999904632568
v -5.862776279449463 17.271183013916016 4.099999904632568
v -5.9186787605285645 17.43586540222168 4.199999809265137
v -4.63060998916626 17.281673431396484 3.9000000953674316
v -4.67562198638916 17.44965934753418 4
v -4.7206339836120605 17.617647171020508 4.099999904632568
v -4.765645980834961 17.785634994506836 4.199999809265137
v -9.65001392364502 14.442265510559082 3.5999999046325684
v -4.315526008605957 16.105762481689453 3.200000047683716
v -4.270514011383057 15.937776565551758 3.0999999046325684
v -3.2529191970825195 16.35352897644043 3.200000047683716
v -3.2189903259277344 16.18295669555664 3.0999999046325684
v -4.360538005828857 16.27375030517578 3.299999952316284
v -3.2868478298187256 16.524099349975586 3.299999952316284
v -4.405550003051758 16.44173812866211 3.4000000953674316
v -3.3207767009735107 16.694671630859375 3.4000000953674316
v -3.354705333709717 16.86524200439453 3.5
v -2.176382303237915 16.531265258789062 3.200000047683716
v -2.199082612991333 16.703691482543945 3.299999952316284
v -2.221782684326172 16.876115798950195 3.4000000953674316
v -2.24448299407959 17.048540115356445 3.5
v -2.153682231903076 16.358840942382812 3.0999999046325684
v -1.0905261039733887 16.638212203979492 3.200000047683716
v -1.0791516304016113 16.464672088623047 3.0999999046325684
v 1.0209827037968773e-15 16.673913955688477 3.200000047683716
v 1.0103335938257594e-15 16.5 3.0999999046325684
v -1.101900577545166 16.81175422668457 3.299999952316284
v -1.1132750511169434 16.985294342041016 3.4000000953674316
v -1.1246495246887207 17.15883445739746 3.5
v 1.0316318137679951e-15 16.84782600402832 3.299999952316284
v 1.042280923739113e-15 17.021739959716797 3.4000000953674316
v 1.0529300337102309e-15 17.19565200805664 3.5
v -3.388634204864502 17.03581428527832 3.5999999046325684
v -3.422562837600708 17.206384658813477 3.700000047683716
v -3.490420341491699 17.547527313232422 3.9000000953674316
v -3.456491708755493 17.376956939697266 3.799999952316284
v -2.2671830654144287 17.220966339111328 3.5999999046325684
v -2.2898833751678467 17.393390655517578 3.700000047683716
v -2.3125836849212646 17.56581687927246 3.799999952316284
v -2.3352837562561035 17.73824119567871 3.9000000953674316
v -3.5922067165374756 18.059242248535156 4.199999809265137
v -2.4033844470977783 18.255517959594727 4.199999809265137
v -3.5582778453826904 17.888669967651367 4.099999904632568
v -2.3806841373443604 18.083091735839844 4.099999904632568
v -3.5243492126464844 17.71809959411621 4
v -2.3579840660095215 17.910667419433594 4
v -1.1360238790512085 17.33237648010254 3.5999999046325684
v -1.1473983526229858 17.505916595458984 3.700000047683716
v -1.1587728261947632 17.67945671081543 3.799999952316284
v -1.1701472997665405 17.852996826171875 3.9000000953674316
v 1.0635791436813488e-15 17.369565963745117 3.5999999046325684
v 1.0742282536524666e-15 17.54347801208496 3.700000047683716
v 1.0848772577444661e-15 17.717391967773438 3.799999952316284
v 1.095526367715584e-15 17.89130401611328 3.9000000953674316
v -1.1928962469100952 18.2000789642334 4.099999904632568
v -1.2042707204818726 18.373619079589844 4.199999809265137
v -1.1815217733383179 18.026538848876953 4
v 1.1061754776867019e-15 18.065217971801758 4
v 1.1168245876578197e-15 18.2391300201416 4.099999904632568
v 1.1274736976289376e-15 18.413043975830078 4.199999809265137
v -2.835003137588501 2.1044366359710693 3.140000104904175
v -2.0250000953674316 3.5074028968811035 3.200000047683716
v -4.050000190734863 -3.0616169991140216e-16 3.200000047683716
v -2.0250000953674316 3.5074028968811035 3.299999952316284
v -4.050000190734863 -3.0616167344162256e-16 3.299999952316284
v -4.050000190734863 -4.010718475303649e-16 3.140000104904175
v -2.0250000953674316 3.5074028968811035 3.4000000953674316
v -4.050000190734863 -3.0616169991140216e-16 3.4000000953674316
v -2.0250000953674316 3.5074028968811035 3.5
v -4.050000190734863 -3.0616167344162256e-16 3.5
v -2.0250000953674316 3.5074028968811035 3.0999999046325684
v -2.0250000953674316 3.5074028968811035 3.140000104904175
v -2.0250000953674316 3.5074028968811035 3.140000104904175
v 2.0250000953674316 3.5074028968811035 3.0999999046325684
v 2.0250000953674316 3.5074028968811035 3.200000047683716
v 2.0250000953674316 3.5074028968811035 3.299999952316284
v 2.0250000953674316 3.5074028968811035 3.4000000953674316
v -2.0250000953674316 3.5074028968811035 3.5999999046325684
v -4.050000190734863 -3.0616169991140216e-16 3.5999999046325684
v -2.0250000953674316 3.5074028968811035 3.700000047683716
v -4.050000190734863 -3.0616169991140216e-16 3.700000047683716
v -2.0250000953674316 3.5074028968811035 3.799999952316284
v -4.050000190734863 -3.0616167344162256e-16 3.799999952316284
v -4.050000190734863 -3.0616167344162256e-16 3.9000000953674316
v -2.0250000953674316 3.5074028968811035 3.9000000953674316
v -2.0250000953674316 3.5074028968811035 4
v -4.050000190734863 -3.0616169991140216e-16 4
v -2.0250000953674316 3.5074028968811035 4.099999904632568
v -4.050000190734863 -3.0616167344162256e-16 4.099999904632568
v -2.0250000953674316 3.5074028968811035 4.199999809265137
v -4.050000190734863 -3.0616169991140216e-16 4.199999809265137
v 2.0250000953674316 3.5074028968811035 3.5
v 2.0250000953674316 3.5074028968811035 3.5999999046325684
v 2.0250000953674316 3.5074028968811035 3.700000047683716
v 2.0250000953674316 3.5074028968811035 3.799999952316284
v 2.0250000953674316 3.5074028968811035 3.9000000953674316
v 2.0250000953674316 3.5074028968811035 4
v 2.0250000953674316 3.5074028968811035 4.099999904632568
v -9.293478012084961 16.096776962280273 4.300000190734863
v -9.3804349899292 16.24738883972168 4.400000095367432
v -8.297720909118652 16.826112747192383 4.400000095367432
v -9.467391014099121 16.39800262451172 4.5
v -9.55434799194336 16.548616409301758 4.599999904632568
v -8.374640464782715 16.98208999633789 4.5
v -8.220800399780273 16.670135498046875 4.300000190734863
v -7.112920761108398 17.172109603881836 4.300000190734863
v -7.179474353790283 17.332782745361328 4.400000095367432
v -8.451560020446777 17.13806915283203 4.599999904632568
v -7.246027946472168 17.493457794189453 4.5
v -8.52847957611084 17.29404640197754 4.699999809265137
v -8.605400085449219 17.450023651123047 4.800000190734863
v -8.682319641113281 17.606000900268555 4.900000095367432
v -7.3791351318359375 17.814807891845703 4.699999809265137
v -7.312581539154053 17.654132843017578 4.599999904632568
v -7.445688724517822 17.975482940673828 4.800000190734863
v -7.512242317199707 18.13615608215332 4.900000095367432
v -6.030483722686768 17.76523208618164 4.400000095367432
v -4.900681972503662 18.289594650268555 4.5
v -4.855669975280762 18.12160873413086 4.400000095367432
v -6.086386203765869 17.929916381835938 4.5
v -4.9456939697265625 18.457582473754883 4.599999904632568
v -5.974581241607666 17.600549697875977 4.300000190734863
v -6.142288684844971 18.0945987701416 4.599999904632568
v -4.810657978057861 17.95362091064453 4.300000190734863
v -6.198191165924072 18.2592830657959 4.699999809265137
v -6.309996604919434 18.58864974975586 4.900000095367432
v -6.254094123840332 18.423967361450195 4.800000190734863
v -4.990705966949463 18.62557029724121 4.699999809265137
v -5.035717964172363 18.793556213378906 4.800000190734863
v -5.080729961395264 18.961544036865234 4.900000095367432
v -8.759239196777344 17.761980056762695 5
v -8.836158752441406 17.917957305908203 5.099999904632568
v -7.645349502563477 18.45750617980957 5.099999904632568
v -7.578795909881592 18.296831130981445 5
v -8.913078308105469 18.07393455505371 5.199999809265137
v -7.711903095245361 18.618181228637695 5.199999809265137
v -7.778457164764404 18.77885627746582 5.300000190734863
v -8.989998817443848 18.22991371154785 5.300000190734863
v -9.06691837310791 18.38589096069336 5.400000095367432
v -9.06691837310791 18.38589096069336 5.5
v -9.06691837310791 18.38589096069336 5.599999904632568
v -7.845010757446289 18.939529418945312 5.400000095367432
v -7.845010757446289 18.939529418945312 5.5
v -6.365899085998535 18.753334045410156 5
v -6.421801567077637 18.91801643371582 5.099999904632568
v -6.477704048156738 19.082700729370117 5.199999809265137
v -6.53360652923584 19.247385025024414 5.300000190734863
v -5.125741958618164 19.129531860351562 5
v -5.1707539558410645 19.297517776489258 5.099999904632568
v -5.215765953063965 19.465505599975586 5.199999809265137
v -5.260777950286865 19.633493423461914 5.300000190734863
v -6.589509010314941 19.412067413330078 5.400000095367432
v -6.589509010314941 19.412067413330078 5.5
v -6.589509010314941 19.412067413330078 5.599999904632568
v -5.305789947509766 19.80147933959961 5.599999904632568
v -5.305789947509766 19.80147933959961 5.400000095367432
v -5.305789947509766 19.80147933959961 5.5
v -2.6757869720458984 20.32461929321289 5.599999904632568
v 2.6757869720458984 20.32461929321289 5.599999904632568
v -3.6261353492736816 18.229812622070312 4.300000190734863
v -3.660064220428467 18.4003849029541 4.400000095367432
v -3.693992853164673 18.570955276489258 4.5
v -3.727921724319458 18.741527557373047 4.599999904632568
v -2.426084518432617 18.427942276000977 4.300000190734863
v -2.448784828186035 18.60036849975586 4.400000095367432
v -2.471485137939453 18.77279281616211 4.5
v -2.494185209274292 18.945219039916992 4.599999904632568
v -3.761850357055664 18.912097930908203 4.699999809265137
v -3.795779228210449 19.082670211791992 4.800000190734863
v -3.8297078609466553 19.25324058532715 4.900000095367432
v -2.51688551902771 19.117643356323242 4.699999809265137
v -2.562285900115967 19.462493896484375 4.900000095367432
v -2.539585590362549 19.290067672729492 4.800000190734863
v -1.2156450748443604 18.547161102294922 4.300000190734863
v -1.2270195484161377 18.720701217651367 4.400000095367432
v -1.238394021987915 18.894241333007812 4.5
v -1.2497684955596924 19.06778335571289 4.599999904632568
v 1.1381228076000555e-15 18.586956024169922 4.300000190734863
v 1.1487719175711734e-15 18.7608699798584 4.400000095367432
v 1.1594210275422913e-15 18.934782028198242 4.5
v 1.1700701375134091e-15 19.10869598388672 4.599999904632568
v -1.2611429691314697 19.241323471069336 4.699999809265137
v -1.272517442703247 19.41486358642578 4.800000190734863
v -1.2838919162750244 19.588403701782227 4.900000095367432
v 1.180719247484527e-15 19.282608032226562 4.699999809265137
v 1.1913683574556449e-15 19.45652198791504 4.800000190734863
v 1.2020174674267628e-15 19.630434036254883 4.900000095367432
v -3.8975653648376465 19.594383239746094 5.099999904632568
v -3.8636367321014404 19.423812866210938 5
v -3.9314942359924316 19.764955520629883 5.199999809265137
v -3.9654228687286377 19.935527801513672 5.300000190734863
v -2.5849859714508057 19.634918212890625 5
v -2.6076862812042236 19.807344436645508 5.099999904632568
v -2.6303863525390625 19.979768753051758 5.199999809265137
v -2.6530866622924805 20.15219497680664 5.300000190734863
v -3.999351739883423 20.106098175048828 5.400000095367432
v -3.999351739883423 20.106098175048828 5.5
v -3.999351739883423 20.106098175048828 5.599999904632568
v -2.6757869720458984 20.32461929321289 5.400000095367432
v -2.6757869720458984 20.32461929321289 5.5
v -1.2952662706375122 19.761945724487305 5
v -1.3066407442092896 19.93548583984375 5.099999904632568
v -1.318015217781067 20.109025955200195 5.199999809265137
v -1.3293896913528442 20.282567977905273 5.300000190734863
v 1.2126665773978806e-15 19.80434799194336 5
v 1.2233156873689985e-15 19.978260040283203 5.099999904632568
v 1.233964691460998e-15 20.15217399597168 5.199999809265137
v 1.2446138014321159e-15 20.326087951660156 5.300000190734863
v -1.3407641649246216 20.45610809326172 5.400000095367432
v -1.3407641649246216 20.45610809326172 5.5
v -1.3407641649246216 20.45610809326172 5.599999904632568
v 1.2552629114032337e-15 20.5 5.599999904632568
v 1.2552629114032337e-15 20.5 5.400000095367432
v 1.2552629114032337e-15 20.5 5.5
v 2.0250000953674316 3.5074028968811035 5.599999904632568
v -4.050000190734863 -3.0616167344162256e-16 5.599999904632568
v -2.0250000953674316 3.5074028968811035 4.300000190734863
v -4.050000190734863 -3.0616164697184296e-16 4.300000190734863
v -2.0250000953674316 3.5074028968811035 4.400000095367432
v -4.050000190734863 -3.0616167344162256e-16 4.400000095367432
v -2.0250000953674316 3.5074028968811035 4.5
v -4.050000190734863 -3.0616169991140216e-16 4.5
v -4.050000190734863 -3.0616167344162256e-16 4.599999904632568
v -2.0250000953674316 3.5074028968811035 4.599999904632568
v -2.0250000953674316 3.5074028968811035 4.699999809265137
v -4.050000190734863 -3.0616169991140216e-16 4.699999809265137
v -2.0250000953674316 3.5074028968811035 4.800000190734863
v -4.050000190734863 -3.0616169991140216e-16 4.800000190734863
v -2.0250000953674316 3.5074028968811035 4.900000095367432
v -4.050000190734863 -3.0616167344162256e-16 4.900000095367432
v 2.0250000953674316 3.5074028968811035 4.199999809265137
v 2.0250000953674316 3.5074028968811035 4.300000190734863
v 2.0250000953674316 3.5074028968811035 4.400000095367432
v 2.0250000953674316 3.5074028968811035 4.5
v 2.0250000953674316 3.5074028968811035 4.599999904632568
v 2.0250000953674316 3.5074028968811035 4.699999809265137
v 2.0250000953674316 3.5074028968811035 4.800000190734863
v -2.0250000953674316 3.5074028968811035 5
v -4.050000190734863 -3.0616169991140216e-16 5
v -2.0250000953674316 3.5074028968811035 5.099999904632568
v -4.050000190734863 -3.0616167344162256e-16 5.099999904632568
v -2.0250000953674316 3.5074028968811035 5.199999809265137
v -4.050000190734863 -3.0616169991140216e-16 5.199999809265137
v -4.050000190734863 -3.0616169991140216e-16 5.300000190734863
v -2.0250000953674316 3.5074028968811035 5.300000190734863
v -2.0250000953674316 3.5074028968811035 5.400000095367432
v -4.050000190734863 -3.0616167344162256e-16 5.400000095367432
v -2.0250000953674316 3.5074028968811035 5.5
v -4.050000190734863 -3.0616169991140216e-16 5.5
v 2.0250000953674316 3.5074028968811035 4.900000095367432
v 2.0250000953674316 3.5074028968811035 5
v 2.0250000953674316 3.5074028968811035 5.099999904632568
v 2.0250000953674316 3.5074028968811035 5.199999809265137
v 2.0250000953674316 3.5074028968811035 5.300000190734863
v 2.0250000953674316 3.5074028968811035 5.400000095367432
v 2.0250000953674316 3.5074028968811035 5.5
v -16.464672088623047 -1.0791516304016113 3.0999999046325684
v -16.358840942382812 -2.153682231903076 3.0999999046325684
v -16.638212203979492 -1.0905261039733887 3.200000047683716
v -16.18295669555664 -3.2189903259277344 3.0999999046325684
v -16.531265258789062 -2.176382303237915 3.200000047683716
v -15.937776565551758 -4.270514011383057 3.0999999046325684
v -16.35352897644043 -3.2529191970825195 3.200000047683716
v -15.624346733093262 -5.303750991821289 3.0999999046325684
v -16.105762481689453 -4.315526008605957 3.200000047683716
v -16.81175422668457 -1.101900577545166 3.299999952316284
v -16.703691482543945 -2.199082612991333 3.299999952316284
v -16.985294342041016 -1.1132750511169434 3.4000000953674316
v -17.15883445739746 -1.1246495246887207 3.5
v -16.876115798950195 -2.221782684326172 3.4000000953674316
v -17.048540115356445 -2.24448299407959 3.5
v -16.524099349975586 -3.2868478298187256 3.299999952316284
v -16.694671630859375 -3.3207767009735107 3.4000000953674316
v -16.86524200439453 -3.354705333709717 3.5
v -16.44173812866211 -4.405550003051758 3.4000000953674316
v -15.789031028747559 -5.359653472900391 3.200000047683716
v -16.27375030517578 -4.360538005828857 3.299999952316284
v -15.953714370727539 -5.415555953979492 3.299999952316284
v -16.118396759033203 -5.471458911895752 3.4000000953674316
v -16.609724044799805 -4.450562000274658 3.5
v -15.244011878967285 -6.314276695251465 3.0999999046325684
v -15.40468692779541 -6.38083028793335 3.200000047683716
v -15.565361976623535 -6.447383880615234 3.299999952316284
v -16.2830810546875 -5.5273613929748535 3.5
v -15.726036071777344 -6.513937950134277 3.4000000953674316
v -15.886711120605469 -6.580491542816162 3.5
v -15.110356330871582 -7.451602935791016 3.299999952316284
v -15.26633358001709 -7.528522968292236 3.4000000953674316
v -15.422311782836914 -7.605442523956299 3.5
v -17.852996826171875 -1.1701472997665405 3.9000000953674316
v -18.026538848876953 -1.1815217733383179 4
v -18.2000789642334 -1.1928962469100952 4.099999904632568
v -18.373619079589844 -1.2042707204818726 4.199999809265137
v -17.910667419433594 -2.3579840660095215 4
v -18.083091735839844 -2.3806841373443604 4.099999904632568
v -18.255517959594727 -2.4033844470977783 4.199999809265137
v -17.888669967651367 -3.5582778453826904 4.099999904632568
v -18.059242248535156 -3.5922067165374756 4.199999809265137
v -17.33237648010254 -1.1360238790512085 3.5999999046325684
v -17.505916595458984 -1.1473983526229858 3.700000047683716
v -17.220966339111328 -2.2671830654144287 3.5999999046325684
v -17.393390655517578 -2.2898833751678467 3.700000047683716
v -17.67945671081543 -1.1587728261947632 3.799999952316284
v -17.56581687927246 -2.3125836849212646 3.799999952316284
v -17.03581428527832 -3.388634204864502 3.5999999046325684
v -17.206384658813477 -3.422562837600708 3.700000047683716
v -16.777711868286133 -4.495573997497559 3.5999999046325684
v -16.94569969177246 -4.540585994720459 3.700000047683716
v -16.447765350341797 -5.583263874053955 3.5999999046325684
v -17.376956939697266 -3.456491708755493 3.799999952316284
v -17.73824119567871 -2.3352837562561035 3.9000000953674316
v -17.113685607910156 -4.585597991943359 3.799999952316284
v -17.547527313232422 -3.490420341491699 3.9000000953674316
v -16.61244773864746 -5.639166355133057 3.700000047683716
v -16.777132034301758 -5.695068836212158 3.799999952316284
v -17.281673431396484 -4.63060998916626 3.9000000953674316
v -17.71809959411621 -3.5243492126464844 4
v -17.44965934753418 -4.67562198638916 4
v -16.941814422607422 -5.75097131729126 3.9000000953674316
v -17.617647171020508 -4.7206339836120605 4.099999904632568
v -17.10649871826172 -5.806873798370361 4
v -17.785634994506836 -4.765645980834961 4.199999809265137
v -17.271183013916016 -5.862776279449463 4.099999904632568
v -16.36873435974121 -6.780152320861816 3.799999952316284
v -16.047386169433594 -6.647045135498047 3.5999999046325684
v -16.20806121826172 -6.713598728179932 3.700000047683716
v -15.578289985656738 -7.6823625564575195 3.5999999046325684
v -15.734267234802246 -7.759282112121582 3.700000047683716
v -15.89024543762207 -7.8362016677856445 3.799999952316284
v -16.529409408569336 -6.846705913543701 3.9000000953674316
v -15.042484283447266 -8.684782981872559 3.5999999046325684
v -15.193098068237305 -8.77173900604248 3.700000047683716
v -15.343710899353027 -8.858695983886719 3.799999952316284
v -16.046222686767578 -7.913121700286865 3.9000000953674316
v -16.69008445739746 -6.913259506225586 4
v -17.43586540222168 -5.9186787605285645 4.199999809265137
v -16.850759506225586 -6.979813098907471 4.099999904632568
v -17.01143455505371 -7.0463666915893555 4.199999809265137
v -16.358179092407227 -8.066961288452148 4.099999904632568
v -16.20220184326172 -7.990041255950928 4
v -15.49432373046875 -8.94565200805664 3.9000000953674316
v -15.644937515258789 -9.032608985900879 4
v -16.514156341552734 -8.143880844116211 4.199999809265137
v -15.795550346374512 -9.1195650100708 4.099999904632568
v -15.946163177490234 -9.206521987915039 4.199999809265137
v -15.020679473876953 -10.036497116088867 4
v -15.165282249450684 -10.13311767578125 4.099999904632568
v -15.30988597869873 -10.22973918914795 4.199999809265137
v -14.798399925231934 -7.297763347625732 3.0999999046325684
v -14.289419174194336 -8.25 3.0999999046325684
v -14.954378128051758 -7.374683380126953 3.200000047683716
v -13.71924877166748 -9.166909217834473 3.0999999046325684
v -14.440032005310059 -8.336956977844238 3.200000047683716
v -13.090330123901367 -10.044563293457031 3.0999999046325684
v -13.863851547241211 -9.263529777526855 3.200000047683716
v -14.590645790100098 -8.42391300201416 3.299999952316284
v -14.008455276489258 -9.360151290893555 3.299999952316284
v -14.74125862121582 -8.510869979858398 3.4000000953674316
v -14.891871452331543 -8.59782600402832 3.5
v -14.153059005737305 -9.456771850585938 3.4000000953674316
v -14.297661781311035 -9.55339241027832 3.5
v -13.228304862976074 -10.150434494018555 3.200000047683716
v -13.366279602050781 -10.256306648254395 3.299999952316284
v -13.504253387451172 -10.362177848815918 3.4000000953674316
v -13.642228126525879 -10.468050003051758 3.5
v -14.442265510559082 -9.65001392364502 3.5999999046325684
v -14.586869239807129 -9.746634483337402 3.700000047683716
v -13.780202865600586 -10.573921203613281 3.5999999046325684
v -14.73147201538086 -9.843255043029785 3.799999952316284
v -13.918177604675293 -10.679792404174805 3.700000047683716
v -14.056151390075684 -10.785664558410645 3.799999952316284
v -14.876075744628906 -9.939876556396484 3.9000000953674316
v -12.405356407165527 -10.879205703735352 3.0999999046325684
v -12.536111831665039 -10.993874549865723 3.200000047683716
v -12.666866302490234 -11.108543395996094 3.299999952316284
v -12.79762077331543 -11.223212242126465 3.4000000953674316
v -12.928376197814941 -11.337881088256836 3.5
v -11.667262077331543 -11.667262077331543 3.0999999046325684
v -10.879205703735352 -12.405356407165527 3.0999999046325684
v -11.790237426757812 -11.790237426757812 3.200000047683716
v -10.044563293457031 -13.090330123901367 3.0999999046325684
v -10.993874549865723 -12.536111831665039 3.200000047683716
v -11.913211822509766 -11.913211822509766 3.299999952316284
v -12.036187171936035 -12.036187171936035 3.4000000953674316
v -12.159162521362305 -12.159162521362305 3.5
v -11.108543395996094 -12.666866302490234 3.299999952316284
v -11.223212242126465 -12.79762077331543 3.4000000953674316
v -11.337881088256836 -12.928376197814941 3.5
v -10.150434494018555 -13.228304862976074 3.200000047683716
v -10.256306648254395 -13.366279602050781 3.299999952316284
v -10.362177848815918 -13.504253387451172 3.4000000953674316
v -10.468050003051758 -13.642228126525879 3.5
v -13.059130668640137 -11.452549934387207 3.5999999046325684
v -13.189885139465332 -11.567218780517578 3.700000047683716
v -12.282136917114258 -12.282136917114258 3.5999999046325684
v -13.320639610290527 -11.68188762664795 3.799999952316284
v -14.19412612915039 -10.891535758972168 3.9000000953674316
v -12.405112266540527 -12.405112266540527 3.700000047683716
v -12.528087615966797 -12.528087615966797 3.799999952316284
v -13.451395034790039 -11.79655647277832 3.9000000953674316
v -14.332100868225098 -10.997406959533691 4
v -14.470075607299805 -11.103279113769531 4.099999904632568
v -14.608049392700195 -11.209150314331055 4.199999809265137
v -13.582149505615234 -11.911225318908691 4
v -13.71290397644043 -12.025894165039062 4.099999904632568
v -12.651062965393066 -12.651062965393066 3.9000000953674316
v -12.77403736114502 -12.77403736114502 4
v -13.843659400939941 -12.140563011169434 4.199999809265137
v -12.897012710571289 -12.897012710571289 4.099999904632568
v -13.019988059997559 -13.019988059997559 4.199999809265137
v -11.452549934387207 -13.059130668640137 3.5999999046325684
v -11.567218780517578 -13.189885139465332 3.700000047683716
v -11.68188762664795 -13.320639610290527 3.799999952316284
v -10.573921203613281 -13.780202865600586 3.5999999046325684
v -10.679792404174805 -13.918177604675293 3.700000047683716
v -9.65001392364502 -14.442265510559082 3.5999999046325684
v -10.785664558410645 -14.056151390075684 3.799999952316284
v -11.79655647277832 -13.451395034790039 3.9000000953674316
v -9.746634483337402 -14.586869239807129 3.700000047683716
v -9.843255043029785 -14.73147201538086 3.799999952316284
v -10.891535758972168 -14.19412612915039 3.9000000953674316
v -11.911225318908691 -13.582149505615234 4
v -12.025894165039062 -13.71290397644043 4.099999904632568
v -12.140563011169434 -13.843659400939941 4.199999809265137
v -10.997406959533691 -14.332100868225098 4
v -11.103279113769531 -14.470075607299805 4.099999904632568
v -9.939876556396484 -14.876075744628906 3.9000000953674316
v -10.036497116088867 -15.020679473876953 4
v -11.209150314331055 -14.608049392700195 4.199999809265137
v -10.13311767578125 -15.165282249450684 4.099999904632568
v -10.22973918914795 -15.30988597869873 4.199999809265137
v -18.547161102294922 -1.2156450748443604 4.300000190734863
v -18.720701217651367 -1.2270195484161377 4.400000095367432
v -18.427942276000977 -2.426084518432617 4.300000190734863
v -18.60036849975586 -2.448784828186035 4.400000095367432
v -18.894241333007812 -1.238394021987915 4.5
v -18.77279281616211 -2.471485137939453 4.5
v -19.06778335571289 -1.2497684955596924 4.599999904632568
v -18.229812622070312 -3.6261353492736816 4.300000190734863
v -18.4003849029541 -3.660064220428467 4.400000095367432
v -17.95362091064453 -4.810657978057861 4.300000190734863
v -18.12160873413086 -4.855669975280762 4.400000095367432
v -18.570955276489258 -3.693992853164673 4.5
v -18.945219039916992 -2.494185209274292 4.599999904632568
v -18.289594650268555 -4.900681972503662 4.5
v -18.741527557373047 -3.727921724319458 4.599999904632568
v -19.241323471069336 -1.2611429691314697 4.699999809265137
v -19.41486358642578 -1.272517442703247 4.800000190734863
v -19.588403701782227 -1.2838919162750244 4.900000095367432
v -19.117643356323242 -2.51688551902771 4.699999809265137
v -19.290067672729492 -2.539585590362549 4.800000190734863
v -19.462493896484375 -2.562285900115967 4.900000095367432
v -19.082670211791992 -3.795779228210449 4.800000190734863
v -19.25324058532715 -3.8297078609466553 4.900000095367432
v -18.912097930908203 -3.761850357055664 4.699999809265137
v -18.457582473754883 -4.9456939697265625 4.599999904632568
v -18.62557029724121 -4.990705966949463 4.699999809265137
v -18.793556213378906 -5.035717964172363 4.800000190734863
v -18.961544036865234 -5.080729961395264 4.900000095367432
v -17.76523208618164 -6.030483722686768 4.400000095367432
v -17.929916381835938 -6.086386203765869 4.5
v -18.0945987701416 -6.142288684844971 4.599999904632568
v -18.2592830657959 -6.198191165924072 4.699999809265137
v -17.654132843017578 -7.312581539154053 4.599999904632568
v -18.423967361450195 -6.254094123840332 4.800000190734863
v -18.58864974975586 -6.309996604919434 4.900000095367432
v -17.814807891845703 -7.3791351318359375 4.699999809265137
v -17.975482940673828 -7.445688724517822 4.800000190734863
v -18.13615608215332 -7.512242317199707 4.900000095367432
v -17.600549697875977 -5.974581241607666 4.300000190734863
v -17.172109603881836 -7.112920761108398 4.300000190734863
v -17.332782745361328 -7.179474353790283 4.400000095367432
v -16.670135498046875 -8.220800399780273 4.300000190734863
v -17.493457794189453 -7.246027946472168 4.5
v -16.98208999633789 -8.374640464782715 4.5
v -16.826112747192383 -8.297720909118652 4.400000095367432
v -16.24738883972168 -9.3804349899292 4.400000095367432
v -16.39800262451172 -9.467391014099121 4.5
v -17.13806915283203 -8.451560020446777 4.599999904632568
v -16.096776962280273 -9.293478012084961 4.300000190734863
v -15.454489707946777 -10.326359748840332 4.300000190734863
v -15.599092483520508 -10.422981262207031 4.400000095367432
v -15.743696212768555 -10.519601821899414 4.5
v -16.548616409301758 -9.55434799194336 4.599999904632568
v -17.29404640197754 -8.52847957611084 4.699999809265137
v -16.699228286743164 -9.641304016113281 4.699999809265137
v -17.450023651123047 -8.605400085449219 4.800000190734863
v -17.606000900268555 -8.682319641113281 4.900000095367432
v -16.849842071533203 -9.72826099395752 4.800000190734863
v -17.000455856323242 -9.815217018127441 4.900000095367432
v -16.177507400512695 -10.809464454650879 4.800000190734863
v -15.888299942016602 -10.616222381591797 4.599999904632568
v -16.03290367126465 -10.712843894958496 4.699999809265137
v -19.761945724487305 -1.2952662706375122 5
v -19.93548583984375 -1.3066407442092896 5.099999904632568
v -19.634918212890625 -2.5849859714508057 5
v -19.807344436645508 -2.6076862812042236 5.099999904632568
v -20.109025955200195 -1.318015217781067 5.199999809265137
v -19.979768753051758 -2.6303863525390625 5.199999809265137
v -20.282567977905273 -1.3293896913528442 5.300000190734863
v -19.423812866210938 -3.8636367321014404 5
v -19.594383239746094 -3.8975653648376465 5.099999904632568
v -19.129531860351562 -5.125741958618164 5
v -19.297517776489258 -5.1707539558410645 5.099999904632568
v -19.764955520629883 -3.9314942359924316 5.199999809265137
v -20.15219497680664 -2.6530866622924805 5.300000190734863
v -19.465505599975586 -5.215765953063965 5.199999809265137
v -19.935527801513672 -3.9654228687286377 5.300000190734863
v -20.45610809326172 -1.3407641649246216 5.400000095367432
v -20.32461929321289 -2.6757869720458984 5.400000095367432
v -20.45610809326172 -1.3407641649246216 5.5
v -20.45610809326172 -1.3407641649246216 5.599999904632568
v -20.32461929321289 -2.6757869720458984 5.5
v -20.32461929321289 -2.6757869720458984 5.599999904632568
v -20.106098175048828 -3.999351739883423 5.400000095367432
v -19.633493423461914 -5.260777950286865 5.300000190734863
v -19.80147933959961 -5.305789947509766 5.400000095367432
v -20.106098175048828 -3.999351739883423 5.5
v -20.106098175048828 -3.999351739883423 5.599999904632568
v -19.80147933959961 -5.305789947509766 5.5
v -19.80147933959961 -5.305789947509766 5.599999904632568
v -18.91801643371582 -6.421801567077637 5.099999904632568
v -19.082700729370117 -6.477704048156738 5.199999809265137
v -18.753334045410156 -6.365899085998535 5
v -18.296831130981445 -7.578795909881592 5
v -18.45750617980957 -7.645349502563477 5.099999904632568
v -18.618181228637695 -7.711903095245361 5.199999809265137
v -19.247385025024414 -6.53360652923584 5.300000190734863
v -17.761980056762695 -8.759239196777344 5
v -17.917957305908203 -8.836158752441406 5.099999904632568
v -18.07393455505371 -8.913078308105469 5.199999809265137
v -18.77885627746582 -7.778457164764404 5.300000190734863
v -19.412067413330078 -6.589509010314941 5.400000095367432
v -19.412067413330078 -6.589509010314941 5.5
v -18.939529418945312 -7.845010757446289 5.599999904632568
v -19.412067413330078 -6.589509010314941 5.599999904632568
v -18.939529418945312 -7.845010757446289 5.400000095367432
v -18.939529418945312 -7.845010757446289 5.5
v -18.22991371154785 -8.989998817443848 5.300000190734863
v -18.38589096069336 -9.06691837310791 5.400000095367432
v -17.602907180786133 -10.163043975830078 5.300000190734863
v -18.38589096069336 -9.06691837310791 5.5
v -18.38589096069336 -9.06691837310791 5.599999904632568
v -17.753520965576172 -10.25 5.400000095367432
v -17.753520965576172 -10.25 5.5
v -17.753520965576172 -10.25 5.599999904632568
v -17.15106773376465 -9.90217399597168 5
v -17.301681518554688 -9.989130020141602 5.099999904632568
v -16.32210922241211 -10.906085014343262 4.900000095367432
v -17.452295303344727 -10.07608699798584 5.199999809265137
v -16.263744354248047 -12.479609489440918 5.599999904632568
v -2.0250000953674316 -3.5074028968811035 5.599999904632568
v -14.88399887084961 -11.420893669128418 4.400000095367432
v -15.021973609924316 -11.526764869689941 4.5
v -15.159947395324707 -11.632637023925781 4.599999904632568
v -15.297922134399414 -11.738508224487305 4.699999809265137
v -15.435896873474121 -11.844379425048828 4.800000190734863
v -15.573870658874512 -11.950251579284668 4.900000095367432
v -16.466712951660156 -11.002706527709961 5
v -16.611316680908203 -11.099327087402344 5.099999904632568
v -16.75592041015625 -11.195947647094727 5.199999809265137
v -15.711845397949219 -12.056122779846191 5
v -15.849820137023926 -12.161993980407715 5.099999904632568
v -14.889697074890137 -13.057913780212402 5
v -15.987794876098633 -12.267866134643555 5.199999809265137
v -16.900524139404297 -11.292569160461426 5.300000190734863
v -15.020451545715332 -13.172582626342773 5.099999904632568
v -15.151206016540527 -13.287251472473145 5.199999809265137
v -16.125768661499023 -12.373737335205078 5.300000190734863
v -17.04512596130371 -11.389189720153809 5.400000095367432
v -17.04512596130371 -11.389189720153809 5.5
v -17.04512596130371 -11.389189720153809 5.599999904632568
v -16.263744354248047 -12.479609489440918 5.400000095367432
v -16.263744354248047 -12.479609489440918 5.5
v -15.281961441040039 -13.401920318603516 5.300000190734863
v -12.479609489440918 -16.263744354248047 5.599999904632568
v -15.412715911865234 -13.516589164733887 5.400000095367432
v -15.412715911865234 -13.516589164733887 5.5
v -15.412715911865234 -13.516589164733887 5.599999904632568
v -14.495689392089844 -14.495689392089844 5.599999904632568
v -14.746024131774902 -11.315022468566895 4.300000190734863
v -13.974413871765137 -12.255231857299805 4.300000190734863
v -14.105168342590332 -12.369900703430176 4.400000095367432
v -14.235922813415527 -12.484569549560547 4.5
v -13.142963409423828 -13.142963409423828 4.300000190734863
v -13.265937805175781 -13.265937805175781 4.400000095367432
v -12.255231857299805 -13.974413871765137 4.300000190734863
v -13.38891315460205 -13.38891315460205 4.5
v -14.366678237915039 -12.599238395690918 4.599999904632568
v -12.369900703430176 -14.105168342590332 4.400000095367432
v -12.484569549560547 -14.235922813415527 4.5
v -13.51188850402832 -13.51188850402832 4.599999904632568
v -14.497432708740234 -12.713907241821289 4.699999809265137
v -14.62818717956543 -12.82857608795166 4.800000190734863
v -14.758942604064941 -12.943244934082031 4.900000095367432
v -13.63486385345459 -13.63486385345459 4.699999809265137
v -13.757838249206543 -13.757838249206543 4.800000190734863
v -13.880813598632812 -13.880813598632812 4.900000095367432
v -12.599238395690918 -14.366678237915039 4.599999904632568
v -12.713907241821289 -14.497432708740234 4.699999809265137
v -12.82857608795166 -14.62818717956543 4.800000190734863
v -12.943244934082031 -14.758942604064941 4.900000095367432
v -11.315022468566895 -14.746024131774902 4.300000190734863
v -11.420893669128418 -14.88399887084961 4.400000095367432
v -11.526764869689941 -15.021973609924316 4.5
v -10.326359748840332 -15.454489707946777 4.300000190734863
v -10.422981262207031 -15.599092483520508 4.400000095367432
v -10.519601821899414 -15.743696212768555 4.5
v -11.632637023925781 -15.159947395324707 4.599999904632568
v -11.738508224487305 -15.297922134399414 4.699999809265137
v -11.844379425048828 -15.435896873474121 4.800000190734863
v -11.950251579284668 -15.573870658874512 4.900000095367432
v -10.809464454650879 -16.177507400512695 4.800000190734863
v -10.616222381591797 -15.888299942016602 4.599999904632568
v -10.712843894958496 -16.03290367126465 4.699999809265137
v -9.55434799194336 -16.548616409301758 4.599999904632568
v -10.906085014343262 -16.32210922241211 4.900000095367432
v -9.641304016113281 -16.699228286743164 4.699999809265137
v -9.72826099395752 -16.849842071533203 4.800000190734863
v -14.003788948059082 -14.003788948059082 5
v -14.126763343811035 -14.126763343811035 5.099999904632568
v -14.249738693237305 -14.249738693237305 5.199999809265137
v -13.057913780212402 -14.889697074890137 5
v -13.172582626342773 -15.020451545715332 5.099999904632568
v -13.287251472473145 -15.151206016540527 5.199999809265137
v -14.372714042663574 -14.372714042663574 5.300000190734863
v -12.161993980407715 -15.849820137023926 5.099999904632568
v -14.495689392089844 -14.495689392089844 5.400000095367432
v -14.495689392089844 -14.495689392089844 5.5
v -13.516589164733887 -15.412715911865234 5.400000095367432
v -13.516589164733887 -15.412715911865234 5.5
v -13.401920318603516 -15.281961441040039 5.300000190734863
v -13.516589164733887 -15.412715911865234 5.599999904632568
v -12.056122779846191 -15.711845397949219 5
v -2.6757869720458984 -20.32461929321289 5.599999904632568
v -12.267866134643555 -15.987794876098633 5.199999809265137
v -12.373737335205078 -16.125768661499023 5.300000190734863
v -12.479609489440918 -16.263744354248047 5.400000095367432
v -12.479609489440918 -16.263744354248047 5.5
v -11.002706527709961 -16.466712951660156 5
v -11.099327087402344 -16.611316680908203 5.099999904632568
v -11.195947647094727 -16.75592041015625 5.199999809265137
v -9.815217018127441 -17.000455856323242 4.900000095367432
v -9.90217399597168 -17.15106773376465 5
v -9.989130020141602 -17.301681518554688 5.099999904632568
v -10.07608699798584 -17.452295303344727 5.199999809265137
v -11.292569160461426 -16.900524139404297 5.300000190734863
v -11.389189720153809 -17.04512596130371 5.400000095367432
v -11.389189720153809 -17.04512596130371 5.5
v -11.389189720153809 -17.04512596130371 5.599999904632568
v -10.163043975830078 -17.602907180786133 5.300000190734863
v -10.25 -17.753520965576172 5.400000095367432
v -10.25 -17.753520965576172 5.599999904632568
v -10.25 -17.753520965576172 5.5
v -4.050000190734863 -4.959819422097685e-16 3.0999999046325684
v -4.050000190734863 -4.010718475303649e-16 3.140000104904175
v -2.0250000953674316 -3.5074028968811035 3.200000047683716
v -2.0250000953674316 -3.5074028968811035 3.0999999046325684
v -2.0250000953674316 -3.5074028968811035 3.299999952316284
v -2.0250000953674316 -3.5074028968811035 3.4000000953674316
v -2.0250000953674316 -3.5074028968811035 3.5
v 2.0250000953674316 -3.5074028968811035 3.200000047683716
v 2.0250000953674316 -3.5074028968811035 3.299999952316284
v 2.0250000953674316 -3.5074028968811035 3.4000000953674316
v 2.0250000953674316 -3.5074028968811035 3.5
v -2.0250000953674316 -3.5074028968811035 3.5999999046325684
v -2.0250000953674316 -3.5074028968811035 3.700000047683716
v -2.0250000953674316 -3.5074028968811035 3.799999952316284
v -2.0250000953674316 -3.5074028968811035 3.9000000953674316
v -2.0250000953674316 -3.5074028968811035 4
v -2.0250000953674316 -3.5074028968811035 4.099999904632568
v -2.0250000953674316 -3.5074028968811035 4.199999809265137
v 2.0250000953674316 -3.5074028968811035 3.5999999046325684
v 2.0250000953674316 -3.5074028968811035 3.700000047683716
v 2.0250000953674316 -3.5074028968811035 3.799999952316284
v 2.0250000953674316 -3.5074028968811035 3.9000000953674316
v 2.0250000953674316 -3.5074028968811035 4
v 2.0250000953674316 -3.5074028968811035 4.099999904632568
v 2.0250000953674316 -3.5074028968811035 4.199999809265137
v -9.166909217834473 -13.71924877166748 3.0999999046325684
v -8.25 -14.289419174194336 3.0999999046325684
v -9.263529777526855 -13.863851547241211 3.200000047683716
v -7.297763347625732 -14.798399925231934 3.0999999046325684
v -8.336956977844238 -14.440032005310059 3.200000047683716
v -9.360151290893555 -14.008455276489258 3.299999952316284
v -9.456771850585938 -14.153059005737305 3.4000000953674316
v -9.55339241027832 -14.297661781311035 3.5
v -8.42391300201416 -14.590645790100098 3.299999952316284
v -8.510869979858398 -14.74125862121582 3.4000000953674316
v -7.374683380126953 -14.954378128051758 3.200000047683716
v -7.451602935791016 -15.110356330871582 3.299999952316284
v -8.59782600402832 -14.891871452331543 3.5
v -7.528522968292236 -15.26633358001709 3.4000000953674316
v -7.605442523956299 -15.422311782836914 3.5
v -6.314276695251465 -15.244011878967285 3.0999999046325684
v -6.38083028793335 -15.40468692779541 3.200000047683716
v -6.447383880615234 -15.565361976623535 3.299999952316284
v -5.303750991821289 -15.624346733093262 3.0999999046325684
v -6.513937950134277 -15.726036071777344 3.4000000953674316
v -6.580491542816162 -15.886711120605469 3.5
v -5.359653472900391 -15.789031028747559 3.200000047683716
v -5.415555953979492 -15.953714370727539 3.299999952316284
v -5.471458911895752 -16.118396759033203 3.4000000953674316
v -5.5273613929748535 -16.2830810546875 3.5
v -4.405550003051758 -16.44173812866211 3.4000000953674316
v -8.684782981872559 -15.042484283447266 3.5999999046325684
v -8.77173900604248 -15.193098068237305 3.700000047683716
v -8.858695983886719 -15.343710899353027 3.799999952316284
v -7.6823625564575195 -15.578289985656738 3.5999999046325684
v -8.94565200805664 -15.49432373046875 3.9000000953674316
v -9.032608985900879 -15.644937515258789 4
v -7.759282112121582 -15.734267234802246 3.700000047683716
v -7.8362016677856445 -15.89024543762207 3.799999952316284
v -9.1195650100708 -15.795550346374512 4.099999904632568
v -9.206521987915039 -15.946163177490234 4.199999809265137
v -7.913121700286865 -16.046222686767578 3.9000000953674316
v -7.990041255950928 -16.20220184326172 4
v -8.066961288452148 -16.358179092407227 4.099999904632568
v -8.143880844116211 -16.514156341552734 4.199999809265137
v -6.979813098907471 -16.850759506225586 4.099999904632568
v -6.647045135498047 -16.047386169433594 3.5999999046325684
v -6.713598728179932 -16.20806121826172 3.700000047683716
v -6.780152320861816 -16.36873435974121 3.799999952316284
v -5.695068836212158 -16.777132034301758 3.799999952316284
v -6.846705913543701 -16.529409408569336 3.9000000953674316
v -5.583263874053955 -16.447765350341797 3.5999999046325684
v -5.639166355133057 -16.61244773864746 3.700000047683716
v -4.450562000274658 -16.609724044799805 3.5
v -4.495573997497559 -16.777711868286133 3.5999999046325684
v -4.540585994720459 -16.94569969177246 3.700000047683716
v -4.585597991943359 -17.113685607910156 3.799999952316284
v -5.75097131729126 -16.941814422607422 3.9000000953674316
v -6.913259506225586 -16.69008445739746 4
v -7.0463666915893555 -17.01143455505371 4.199999809265137
v -5.806873798370361 -17.10649871826172 4
v -5.862776279449463 -17.271183013916016 4.099999904632568
v -4.63060998916626 -17.281673431396484 3.9000000953674316
v -5.9186787605285645 -17.43586540222168 4.199999809265137
v -4.67562198638916 -17.44965934753418 4
v -4.7206339836120605 -17.617647171020508 4.099999904632568
v -4.765645980834961 -17.785634994506836 4.199999809265137
v -4.270514011383057 -15.937776565551758 3.0999999046325684
v -3.2189903259277344 -16.18295669555664 3.0999999046325684
v -4.315526008605957 -16.105762481689453 3.200000047683716
v -2.153682231903076 -16.358840942382812 3.0999999046325684
v -3.2529191970825195 -16.35352897644043 3.200000047683716
v -4.360538005828857 -16.27375030517578 3.299999952316284
v -3.2868478298187256 -16.524099349975586 3.299999952316284
v -3.3207767009735107 -16.694671630859375 3.4000000953674316
v -2.176382303237915 -16.531265258789062 3.200000047683716
v -2.199082612991333 -16.703691482543945 3.299999952316284
v -3.354705333709717 -16.86524200439453 3.5
v -2.221782684326172 -16.876115798950195 3.4000000953674316
v -2.24448299407959 -17.048540115356445 3.5
v -1.0791516304016113 -16.464672088623047 3.0999999046325684
v -3.0310008873563965e-15 -16.5 3.0999999046325684
v -1.0905261039733887 -16.638212203979492 3.200000047683716
v -1.101900577545166 -16.81175422668457 3.299999952316284
v -1.1132750511169434 -16.985294342041016 3.4000000953674316
v -1.1246495246887207 -17.15883445739746 3.5
v -3.06294821726975e-15 -16.673913955688477 3.200000047683716
v -3.0948955471831038e-15 -16.84782600402832 3.299999952316284
v -3.1268428770964574e-15 -17.021739959716797 3.4000000953674316
v -3.158790207009811e-15 -17.19565200805664 3.5
v -3.388634204864502 -17.03581428527832 3.5999999046325684
v -3.422562837600708 -17.206384658813477 3.700000047683716
v -3.456491708755493 -17.376956939697266 3.799999952316284
v -2.2671830654144287 -17.220966339111328 3.5999999046325684
v -2.2898833751678467 -17.393390655517578 3.700000047683716
v -2.3125836849212646 -17.56581687927246 3.799999952316284
v -3.490420341491699 -17.547527313232422 3.9000000953674316
v -3.5243492126464844 -17.71809959411621 4
v -3.5582778453826904 -17.888669967651367 4.099999904632568
v -3.5922067165374756 -18.059242248535156 4.199999809265137
v -2.3352837562561035 -17.73824119567871 3.9000000953674316
v -2.3579840660095215 -17.910667419433594 4
v -2.3806841373443604 -18.083091735839844 4.099999904632568
v -2.4033844470977783 -18.255517959594727 4.199999809265137
v -1.1360238790512085 -17.33237648010254 3.5999999046325684
v -1.1473983526229858 -17.505916595458984 3.700000047683716
v -1.1587728261947632 -17.67945671081543 3.799999952316284
v -3.190737325164928e-15 -17.369565963745117 3.5999999046325684
v -3.2226846550782815e-15 -17.54347801208496 3.700000047683716
v -3.254631984991635e-15 -17.717391967773438 3.799999952316284
v -1.1701472997665405 -17.852996826171875 3.9000000953674316
v -1.1815217733383179 -18.026538848876953 4
v -3.2865793149049888e-15 -17.89130401611328 3.9000000953674316
v -1.1928962469100952 -18.2000789642334 4.099999904632568
v -1.2042707204818726 -18.373619079589844 4.199999809265137
v -3.3185266448183424e-15 -18.065217971801758 4
v -3.350473974731696e-15 -18.2391300201416 4.099999904632568
v -3.3824213046450497e-15 -18.413043975830078 4.199999809265137
v 2.0250000953674316 -3.5074028968811035 5.599999904632568
v -0.47783783078193665 -11.870810508728027 5.599999904632568
v -2.0250000953674316 -3.5074028968811035 4.300000190734863
v -2.0250000953674316 -3.5074028968811035 4.400000095367432
v -2.0250000953674316 -3.5074028968811035 4.5
v -2.0250000953674316 -3.5074028968811035 4.599999904632568
v -2.0250000953674316 -3.5074028968811035 4.699999809265137
v -2.0250000953674316 -3.5074028968811035 4.800000190734863
v -2.0250000953674316 -3.5074028968811035 4.900000095367432
v 2.0250000953674316 -3.5074028968811035 4.300000190734863
v 2.0250000953674316 -3.5074028968811035 4.400000095367432
v 2.0250000953674316 -3.5074028968811035 4.5
v 2.0250000953674316 -3.5074028968811035 4.599999904632568
v 2.0250000953674316 -3.5074028968811035 4.699999809265137
v 2.0250000953674316 -3.5074028968811035 4.800000190734863
v 2.0250000953674316 -3.5074028968811035 4.900000095367432
v -2.0250000953674316 -3.5074028968811035 5
v -2.0250000953674316 -3.5074028968811035 5.099999904632568
v -2.0250000953674316 -3.5074028968811035 5.199999809265137
v -2.0250000953674316 -3.5074028968811035 5.300000190734863
v -2.0250000953674316 -3.5074028968811035 5.400000095367432
v -2.0250000953674316 -3.5074028968811035 5.5
v 2.0250000953674316 -3.5074028968811035 5
v 2.0250000953674316 -3.5074028968811035 5.099999904632568
v 2.0250000953674316 -3.5074028968811035 5.199999809265137
v 2.0250000953674316 -3.5074028968811035 5.300000190734863
v 2.0250000953674316 -3.5074028968811035 5.400000095367432
v 2.0250000953674316 -3.5074028968811035 5.5
v -9.293478012084961 -16.096776962280273 4.300000190734863
v -9.3804349899292 -16.24738883972168 4.400000095367432
v -9.467391014099121 -16.39800262451172 4.5
v -8.297720909118652 -16.826112747192383 4.400000095367432
v -8.374640464782715 -16.98208999633789 4.5
v -8.220800399780273 -16.670135498046875 4.300000190734863
v -7.112920761108398 -17.172109603881836 4.300000190734863
v -7.179474353790283 -17.332782745361328 4.400000095367432
v -7.246027946472168 -17.493457794189453 4.5
v -8.451560020446777 -17.13806915283203 4.599999904632568
v -8.52847957611084 -17.29404640197754 4.699999809265137
v -8.605400085449219 -17.450023651123047 4.800000190734863
v -8.682319641113281 -17.606000900268555 4.900000095367432
v -7.312581539154053 -17.654132843017578 4.599999904632568
v -7.3791351318359375 -17.814807891845703 4.699999809265137
v -7.445688724517822 -17.975482940673828 4.800000190734863
v -7.512242317199707 -18.13615608215332 4.900000095367432
v -5.974581241607666 -17.600549697875977 4.300000190734863
v -6.030483722686768 -17.76523208618164 4.400000095367432
v -6.086386203765869 -17.929916381835938 4.5
v -4.810657978057861 -17.95362091064453 4.300000190734863
v -4.855669975280762 -18.12160873413086 4.400000095367432
v -4.900681972503662 -18.289594650268555 4.5
v -6.142288684844971 -18.0945987701416 4.599999904632568
v -6.198191165924072 -18.2592830657959 4.699999809265137
v -6.254094123840332 -18.423967361450195 4.800000190734863
v -6.309996604919434 -18.58864974975586 4.900000095367432
v -4.9456939697265625 -18.457582473754883 4.599999904632568
v -4.990705966949463 -18.62557029724121 4.699999809265137
v -5.035717964172363 -18.793556213378906 4.800000190734863
v -5.080729961395264 -18.961544036865234 4.900000095367432
v -2.545405387878418 -15.316757202148438 5.599999904632568
v -2.545405387878418 -15.087026596069336 5.599999904632568
v -2.0859458446502686 -14.85729694366455 5.599999904632568
v -2.0859458446502686 -14.627567291259766 5.599999904632568
v -2.315675735473633 -15.087026596069336 5.599999904632568
v -2.315675735473633 -14.85729694366455 5.599999904632568
v -3.2345945835113525 -16.005945205688477 5.599999904632568
v -3.0048649311065674 -16.005945205688477 5.599999904632568
v -3.2345945835113525 -16.272432327270508 5.599999904632568
v -3.0048649311065674 -16.50216293334961 5.599999904632568
v -3.0048649311065674 -15.776216506958008 5.599999904632568
v -3.0048649311065674 -15.546486854553223 5.599999904632568
v -2.775135040283203 -15.546486854553223 5.599999904632568
v -2.775135040283203 -15.316757202148438 5.599999904632568
v -3.0048649311065674 -15.780585289001465 5.599999904632568
v -3.0048649311065674 -15.812973022460938 5.599999904632568
v -0.707567572593689 -12.330269813537598 5.599999904632568
v -0.707567572593689 -12.100540161132812 5.599999904632568
v -0.47783783078193665 -12.100540161132812 5.599999904632568
v -0.9372972846031189 -12.789730072021484 5.599999904632568
v -0.9372972846031189 -12.559999465942383 5.599999904632568
v -0.707567572593689 -12.559999465942383 5.599999904632568
v -0.9372972846031189 -13.0562162399292 5.599999904632568
v -0.9372972846031189 -13.249189376831055 5.599999904632568
v -1.6264865398406982 -14.39783763885498 5.599999904632568
v -0.9372972846031189 -13.51567554473877 5.599999904632568
v -1.6264865398406982 -14.627567291259766 5.599999904632568
v -8.759239196777344 -17.761980056762695 5
v -8.836158752441406 -17.917957305908203 5.099999904632568
v -8.913078308105469 -18.07393455505371 5.199999809265137
v -7.578795909881592 -18.296831130981445 5
v -7.645349502563477 -18.45750617980957 5.099999904632568
v -7.711903095245361 -18.618181228637695 5.199999809265137
v -8.989998817443848 -18.22991371154785 5.300000190734863
v -7.845010757446289 -18.939529418945312 5.599999904632568
v -9.06691837310791 -18.38589096069336 5.400000095367432
v -9.06691837310791 -18.38589096069336 5.5
v -9.06691837310791 -18.38589096069336 5.599999904632568
v -7.778457164764404 -18.77885627746582 5.300000190734863
v -7.845010757446289 -18.939529418945312 5.400000095367432
v -7.845010757446289 -18.939529418945312 5.5
v -6.365899085998535 -18.753334045410156 5
v -6.421801567077637 -18.91801643371582 5.099999904632568
v -6.477704048156738 -19.082700729370117 5.199999809265137
v -5.125741958618164 -19.129531860351562 5
v -5.1707539558410645 -19.297517776489258 5.099999904632568
v -5.215765953063965 -19.465505599975586 5.199999809265137
v -6.53360652923584 -19.247385025024414 5.300000190734863
v -6.589509010314941 -19.412067413330078 5.400000095367432
v -6.589509010314941 -19.412067413330078 5.5
v -6.589509010314941 -19.412067413330078 5.599999904632568
v -5.305789947509766 -19.80147933959961 5.599999904632568
v -5.260777950286865 -19.633493423461914 5.300000190734863
v -5.305789947509766 -19.80147933959961 5.400000095367432
v -5.305789947509766 -19.80147933959961 5.5
v -3.6261353492736816 -18.229812622070312 4.300000190734863
v -3.660064220428467 -18.4003849029541 4.400000095367432
v -3.693992853164673 -18.570955276489258 4.5
v -2.426084518432617 -18.427942276000977 4.300000190734863
v -2.448784828186035 -18.60036849975586 4.400000095367432
v -2.471485137939453 -18.77279281616211 4.5
v -3.727921724319458 -18.741527557373047 4.599999904632568
v -3.761850357055664 -18.912097930908203 4.699999809265137
v -3.795779228210449 -19.082670211791992 4.800000190734863
v -3.8297078609466553 -19.25324058532715 4.900000095367432
v -2.494185209274292 -18.945219039916992 4.599999904632568
v -2.51688551902771 -19.117643356323242 4.699999809265137
v -2.539585590362549 -19.290067672729492 4.800000190734863
v -2.562285900115967 -19.462493896484375 4.900000095367432
v -1.2156450748443604 -18.547161102294922 4.300000190734863
v -1.2270195484161377 -18.720701217651367 4.400000095367432
v -1.238394021987915 -18.894241333007812 4.5
v -3.4143686345584033e-15 -18.586956024169922 4.300000190734863
v -3.446315964471757e-15 -18.7608699798584 4.400000095367432
v -3.4782632943851106e-15 -18.934782028198242 4.5
v -1.2497684955596924 -19.06778335571289 4.599999904632568
v -1.2611429691314697 -19.241323471069336 4.699999809265137
v -1.272517442703247 -19.41486358642578 4.800000190734863
v -1.2838919162750244 -19.588403701782227 4.900000095367432
v -3.5102104125402274e-15 -19.10869598388672 4.599999904632568
v -3.542157742453581e-15 -19.282608032226562 4.699999809265137
v -3.574105072366935e-15 -19.45652198791504 4.800000190734863
v -3.606052614038525e-15 -19.630434036254883 4.900000095367432
v -0.24810810387134552 -11.870810508728027 5.599999904632568
v -0.24810810387134552 -11.641080856323242 5.599999904632568
v -0.018378378823399544 -11.411351203918457 5.599999904632568
v -0.018378378823399544 -11.641080856323242 5.599999904632568
v -0.707567572593689 -13.51567554473877 5.599999904632568
v -0.707567572593689 -13.708648681640625 5.599999904632568
v -0.707567572593689 -13.97513484954834 5.599999904632568
v -0.21135134994983673 -13.745405197143555 5.599999904632568
v -0.018378378823399544 -13.51567554473877 5.599999904632568
v -0.21135134994983673 -13.51567554473877 5.599999904632568
v -0.018378378823399544 -13.708648681640625 5.599999904632568
v -0.018378378823399544 -13.93837833404541 5.599999904632568
v -0.21135134994983673 -13.93837833404541 5.599999904632568
v -0.47783783078193665 -13.97513484954834 5.599999904632568
v -0.47783783078193665 -14.204864501953125 5.599999904632568
v 0.018378378823399544 -14.39783763885498 5.599999904632568
v 0.018378378823399544 -14.204864501953125 5.599999904632568
v -0.6708108186721802 -15.123784065246582 5.599999904632568
v -0.018378378823399544 -15.316757202148438 5.599999904632568
v -0.44108107686042786 -15.123784065246582 5.599999904632568
v -0.6708108186721802 -15.316757202148438 5.599999904632568
v -0.018378378823399544 -15.087026596069336 5.599999904632568
v -0.44108107686042786 -14.894054412841797 5.599999904632568
v 0.21135134994983673 -15.087026596069336 5.599999904632568
v 0.018378378823399544 -14.894054412841797 5.599999904632568
v -3.8636367321014404 -19.423812866210938 5
v -3.8975653648376465 -19.594383239746094 5.099999904632568
v -3.9314942359924316 -19.764955520629883 5.199999809265137
v -2.5849859714508057 -19.634918212890625 5
v -2.6076862812042236 -19.807344436645508 5.099999904632568
v -2.6303863525390625 -19.979768753051758 5.199999809265137
v -3.9654228687286377 -19.935527801513672 5.300000190734863
v -3.0048649311065674 -16.272432327270508 5.599999904632568
v -3.999351739883423 -20.106098175048828 5.400000095367432
v -3.999351739883423 -20.106098175048828 5.5
v -3.999351739883423 -20.106098175048828 5.599999904632568
v -2.6530866622924805 -20.15219497680664 5.300000190734863
v -2.6757869720458984 -20.32461929321289 5.400000095367432
v -2.6757869720458984 -20.32461929321289 5.5
v -1.2952662706375122 -19.761945724487305 5
v -1.3066407442092896 -19.93548583984375 5.099999904632568
v -1.318015217781067 -20.109025955200195 5.199999809265137
v -3.637999732193642e-15 -19.80434799194336 5
v -3.669946850348759e-15 -19.978260040283203 5.099999904632568
v -3.701894392020349e-15 -20.15217399597168 5.199999809265137
v -1.3293896913528442 -20.282567977905273 5.300000190734863
v -0.6708108186721802 -16.50216293334961 5.599999904632568
v -0.9372972846031189 -15.546486854553223 5.599999904632568
v -1.13027024269104 -15.353513717651367 5.599999904632568
v -1.13027024269104 -15.546486854553223 5.599999904632568
v -0.9372972846031189 -15.353513717651367 5.599999904632568
v -0.6708108186721802 -16.272432327270508 5.599999904632568
v -0.21135134994983673 -16.272432327270508 5.599999904632568
v 0.018378378823399544 -16.04270362854004 5.599999904632568
v -0.21135134994983673 -16.04270362854004 5.599999904632568
v 0.47783783078193665 -15.583243370056152 5.599999904632568
v 0.24810810387134552 -15.812973022460938 5.599999904632568
v 0.6708108186721802 -15.316757202148438 5.599999904632568
v 0.6708108186721802 -15.546486854553223 5.599999904632568
v 0.6708108186721802 -15.812973022460938 5.599999904632568
v 0.6708108186721802 -16.005945205688477 5.599999904632568
v 0.6708108186721802 -16.272432327270508 5.599999904632568
v 0.6708108186721802 -16.465404510498047 5.599999904632568
v 0.6708108186721802 -16.731891632080078 5.599999904632568
v -1.3407641649246216 -20.45610809326172 5.400000095367432
v -1.3407641649246216 -20.45610809326172 5.5
v -1.3407641649246216 -20.45610809326172 5.599999904632568
v -3.7657890518470565e-15 -20.5 5.599999904632568
v -3.733841510175466e-15 -20.326087951660156 5.300000190734863
v -3.7657890518470565e-15 -20.5 5.400000095367432
v 0.6708108186721802 -16.92486572265625 5.599999904632568
v 0.6708108186721802 -17.19135093688965 5.599999904632568
v 0.6708108186721802 -17.42108154296875 5.599999904632568
v 0.9005405306816101 -17.65081024169922 5.599999904632568
v 0.9005405306816101 -17.88054084777832 5.599999904632568
v 1.13027024269104 -17.88054084777832 5.599999904632568
v 1.13027024269104 -18.11026954650879 5.599999904632568
v 1.3600000143051147 -18.11026954650879 5.599999904632568
v -3.7657890518470565e-15 -20.5 5.5
v 1.0905261039733887 16.638212203979492 3.200000047683716
v 1.0791516304016113 16.464672088623047 3.0999999046325684
v 2.176382303237915 16.531265258789062 3.200000047683716
v 2.153682231903076 16.358840942382812 3.0999999046325684
v 1.101900577545166 16.81175422668457 3.299999952316284
v 1.1132750511169434 16.985294342041016 3.4000000953674316
v 1.1246495246887207 17.15883445739746 3.5
v 2.199082612991333 16.703691482543945 3.299999952316284
v 3.2529191970825195 16.35352897644043 3.200000047683716
v 3.2868478298187256 16.524099349975586 3.299999952316284
v 2.221782684326172 16.876115798950195 3.4000000953674316
v 2.24448299407959 17.048540115356445 3.5
v 3.2189903259277344 16.18295669555664 3.0999999046325684
v 4.315526008605957 16.105762481689453 3.200000047683716
v 4.270514011383057 15.937776565551758 3.0999999046325684
v 5.359653472900391 15.789031028747559 3.200000047683716
v 5.303750991821289 15.624346733093262 3.0999999046325684
v 4.360538005828857 16.27375030517578 3.299999952316284
v 3.3207767009735107 16.694671630859375 3.4000000953674316
v 3.354705333709717 16.86524200439453 3.5
v 4.450562000274658 16.609724044799805 3.5
v 4.405550003051758 16.44173812866211 3.4000000953674316
v 5.415555953979492 15.953714370727539 3.299999952316284
v 5.471458911895752 16.118396759033203 3.4000000953674316
v 5.5273613929748535 16.2830810546875 3.5
v 1.1360238790512085 17.33237648010254 3.5999999046325684
v 1.1473983526229858 17.505916595458984 3.700000047683716
v 1.1587728261947632 17.67945671081543 3.799999952316284
v 1.1701472997665405 17.852996826171875 3.9000000953674316
v 2.2671830654144287 17.220966339111328 3.5999999046325684
v 2.2898833751678467 17.393390655517578 3.700000047683716
v 2.3125836849212646 17.56581687927246 3.799999952316284
v 2.3352837562561035 17.73824119567871 3.9000000953674316
v 1.1815217733383179 18.026538848876953 4
v 1.1928962469100952 18.2000789642334 4.099999904632568
v 1.2042707204818726 18.373619079589844 4.199999809265137
v 2.3806841373443604 18.083091735839844 4.099999904632568
v 2.4033844470977783 18.255517959594727 4.199999809265137
v 2.3579840660095215 17.910667419433594 4
v 3.388634204864502 17.03581428527832 3.5999999046325684
v 3.422562837600708 17.206384658813477 3.700000047683716
v 4.495573997497559 16.777711868286133 3.5999999046325684
v 4.540585994720459 16.94569969177246 3.700000047683716
v 3.456491708755493 17.376956939697266 3.799999952316284
v 3.490420341491699 17.547527313232422 3.9000000953674316
v 4.585597991943359 17.113685607910156 3.799999952316284
v 5.639166355133057 16.61244773864746 3.700000047683716
v 5.583263874053955 16.447765350341797 3.5999999046325684
v 4.63060998916626 17.281673431396484 3.9000000953674316
v 5.695068836212158 16.777132034301758 3.799999952316284
v 3.5582778453826904 17.888669967651367 4.099999904632568
v 3.5922067165374756 18.059242248535156 4.199999809265137
v 3.5243492126464844 17.71809959411621 4
v 4.67562198638916 17.44965934753418 4
v 5.75097131729126 16.941814422607422 3.9000000953674316
v 5.806873798370361 17.10649871826172 4
v 4.7206339836120605 17.617647171020508 4.099999904632568
v 4.765645980834961 17.785634994506836 4.199999809265137
v 5.862776279449463 17.271183013916016 4.099999904632568
v 6.38083028793335 15.40468692779541 3.200000047683716
v 6.314276695251465 15.244011878967285 3.0999999046325684
v 6.447383880615234 15.565361976623535 3.299999952316284
v 6.513937950134277 15.726036071777344 3.4000000953674316
v 6.580491542816162 15.886711120605469 3.5
v 7.528522968292236 15.26633358001709 3.4000000953674316
v 7.605442523956299 15.422311782836914 3.5
v 7.374683380126953 14.954378128051758 3.200000047683716
v 7.297763347625732 14.798399925231934 3.0999999046325684
v 7.451602935791016 15.110356330871582 3.299999952316284
v 8.336956977844238 14.440032005310059 3.200000047683716
v 8.25 14.289419174194336 3.0999999046325684
v 9.263529777526855 13.863851547241211 3.200000047683716
v 9.166909217834473 13.71924877166748 3.0999999046325684
v 10.150434494018555 13.228304862976074 3.200000047683716
v 10.044563293457031 13.090330123901367 3.0999999046325684
v 8.42391300201416 14.590645790100098 3.299999952316284
v 9.360151290893555 14.008455276489258 3.299999952316284
v 8.510869979858398 14.74125862121582 3.4000000953674316
v 8.59782600402832 14.891871452331543 3.5
v 9.456771850585938 14.153059005737305 3.4000000953674316
v 9.55339241027832 14.297661781311035 3.5
v 10.256306648254395 13.366279602050781 3.299999952316284
v 10.362177848815918 13.504253387451172 3.4000000953674316
v 10.468050003051758 13.642228126525879 3.5
v 6.647045135498047 16.047386169433594 3.5999999046325684
v 6.713598728179932 16.20806121826172 3.700000047683716
v 6.780152320861816 16.36873435974121 3.799999952316284
v 7.6823625564575195 15.578289985656738 3.5999999046325684
v 7.759282112121582 15.734267234802246 3.700000047683716
v 6.846705913543701 16.529409408569336 3.9000000953674316
v 7.8362016677856445 15.89024543762207 3.799999952316284
v 7.913121700286865 16.046222686767578 3.9000000953674316
v 6.913259506225586 16.69008445739746 4
v 5.9186787605285645 17.43586540222168 4.199999809265137
v 6.979813098907471 16.850759506225586 4.099999904632568
v 7.0463666915893555 17.01143455505371 4.199999809265137
v 7.990041255950928 16.20220184326172 4
v 8.143880844116211 16.514156341552734 4.199999809265137
v 8.066961288452148 16.358179092407227 4.099999904632568
v 8.77173900604248 15.193098068237305 3.700000047683716
v 8.858695983886719 15.343710899353027 3.799999952316284
v 8.94565200805664 15.49432373046875 3.9000000953674316
v 9.032608985900879 15.644937515258789 4
v 9.1195650100708 15.795550346374512 4.099999904632568
v 9.206521987915039 15.946163177490234 4.199999809265137
v 10.036497116088867 15.020679473876953 4
v 10.13311767578125 15.165282249450684 4.099999904632568
v 10.22973918914795 15.30988597869873 4.199999809265137
v 8.684782981872559 15.042484283447266 3.5999999046325684
v 9.65001392364502 14.442265510559082 3.5999999046325684
v 9.746634483337402 14.586869239807129 3.700000047683716
v 10.573921203613281 13.780202865600586 3.5999999046325684
v 10.679792404174805 13.918177604675293 3.700000047683716
v 9.843255043029785 14.73147201538086 3.799999952316284
v 9.939876556396484 14.876075744628906 3.9000000953674316
v 10.785664558410645 14.056151390075684 3.799999952316284
v 10.891535758972168 14.19412612915039 3.9000000953674316
v 2.0250000953674316 3.5074028968811035 3.140000104904175
v 2.0507965087890625 3.4627223014831543 3.0999999046325684
v 2.0250000953674316 3.5074028968811035 3.140000104904175
v 4.050000190734863 1.8982025553325612e-16 3.140000104904175
v 4.050000190734863 1.8982025553325612e-16 3.299999952316284
v 4.050000190734863 1.8982025553325612e-16 3.4000000953674316
v 4.050000190734863 1.8982025553325612e-16 3.5
v 4.050000190734863 1.8982024229836632e-16 3.5999999046325684
v 4.050000190734863 1.8982025553325612e-16 3.700000047683716
v 4.050000190734863 1.8982025553325612e-16 3.799999952316284
v 4.050000190734863 1.8982025553325612e-16 3.9000000953674316
v 4.050000190734863 1.8982025553325612e-16 4
v 4.050000190734863 1.8982024229836632e-16 4.099999904632568
v 4.050000190734863 1.8982024229836632e-16 4.199999809265137
v 1.2156450748443604 18.547161102294922 4.300000190734863
v 1.2270195484161377 18.720701217651367 4.400000095367432
v 1.238394021987915 18.894241333007812 4.5
v 1.2497684955596924 19.06778335571289 4.599999904632568
v 2.426084518432617 18.427942276000977 4.300000190734863
v 2.448784828186035 18.60036849975586 4.400000095367432
v 2.471485137939453 18.77279281616211 4.5
v 2.494185209274292 18.945219039916992 4.599999904632568
v 1.2611429691314697 19.241323471069336 4.699999809265137
v 1.272517442703247 19.41486358642578 4.800000190734863
v 1.2838919162750244 19.588403701782227 4.900000095367432
v 2.51688551902771 19.117643356323242 4.699999809265137
v 2.539585590362549 19.290067672729492 4.800000190734863
v 2.562285900115967 19.462493896484375 4.900000095367432
v 3.6261353492736816 18.229812622070312 4.300000190734863
v 3.660064220428467 18.4003849029541 4.400000095367432
v 3.693992853164673 18.570955276489258 4.5
v 3.727921724319458 18.741527557373047 4.599999904632568
v 4.810657978057861 17.95362091064453 4.300000190734863
v 4.855669975280762 18.12160873413086 4.400000095367432
v 4.900681972503662 18.289594650268555 4.5
v 4.9456939697265625 18.457582473754883 4.599999904632568
v 3.761850357055664 18.912097930908203 4.699999809265137
v 3.8297078609466553 19.25324058532715 4.900000095367432
v 3.795779228210449 19.082670211791992 4.800000190734863
v 4.990705966949463 18.62557029724121 4.699999809265137
v 5.035717964172363 18.793556213378906 4.800000190734863
v 5.080729961395264 18.961544036865234 4.900000095367432
v 1.2952662706375122 19.761945724487305 5
v 1.3066407442092896 19.93548583984375 5.099999904632568
v 1.318015217781067 20.109025955200195 5.199999809265137
v 1.3293896913528442 20.282567977905273 5.300000190734863
v 2.5849859714508057 19.634918212890625 5
v 2.6076862812042236 19.807344436645508 5.099999904632568
v 2.6303863525390625 19.979768753051758 5.199999809265137
v 2.6530866622924805 20.15219497680664 5.300000190734863
v 1.3407641649246216 20.45610809326172 5.400000095367432
v 1.3407641649246216 20.45610809326172 5.5
v 1.3407641649246216 20.45610809326172 5.599999904632568
v 2.6757869720458984 20.32461929321289 5.400000095367432
v 2.6757869720458984 20.32461929321289 5.5
v 3.8636367321014404 19.423812866210938 5
v 3.8975653648376465 19.594383239746094 5.099999904632568
v 3.9314942359924316 19.764955520629883 5.199999809265137
v 3.9654228687286377 19.935527801513672 5.300000190734863
v 5.125741958618164 19.129531860351562 5
v 5.1707539558410645 19.297517776489258 5.099999904632568
v 5.215765953063965 19.465505599975586 5.199999809265137
v 5.260777950286865 19.633493423461914 5.300000190734863
v 3.999351739883423 20.106098175048828 5.400000095367432
v 3.999351739883423 20.106098175048828 5.5
v 3.999351739883423 20.106098175048828 5.599999904632568
v 5.305789947509766 19.80147933959961 5.400000095367432
v 5.305789947509766 19.80147933959961 5.5
v 5.305789947509766 19.80147933959961 5.599999904632568
v 18.939529418945312 7.845010757446289 5.599999904632568
v 6.030483722686768 17.76523208618164 4.400000095367432
v 6.086386203765869 17.929916381835938 4.5
v 6.142288684844971 18.0945987701416 4.599999904632568
v 5.974581241607666 17.600549697875977 4.300000190734863
v 7.112920761108398 17.172109603881836 4.300000190734863
v 7.179474353790283 17.332782745361328 4.400000095367432
v 8.220800399780273 16.670135498046875 4.300000190734863
v 8.297720909118652 16.826112747192383 4.400000095367432
v 7.246027946472168 17.493457794189453 4.5
v 7.312581539154053 17.654132843017578 4.599999904632568
v 8.374640464782715 16.98208999633789 4.5
v 6.198191165924072 18.2592830657959 4.699999809265137
v 6.254094123840332 18.423967361450195 4.800000190734863
v 6.309996604919434 18.58864974975586 4.900000095367432
v 7.3791351318359375 17.814807891845703 4.699999809265137
v 7.445688724517822 17.975482940673828 4.800000190734863
v 7.512242317199707 18.13615608215332 4.900000095367432
v 8.451560020446777 17.13806915283203 4.599999904632568
v 9.293478012084961 16.096776962280273 4.300000190734863
v 9.3804349899292 16.24738883972168 4.400000095367432
v 9.467391014099121 16.39800262451172 4.5
v 10.326359748840332 15.454489707946777 4.300000190734863
v 10.422981262207031 15.599092483520508 4.400000095367432
v 9.55434799194336 16.548616409301758 4.599999904632568
v 10.519601821899414 15.743696212768555 4.5
v 10.616222381591797 15.888299942016602 4.599999904632568
v 8.52847957611084 17.29404640197754 4.699999809265137
v 9.641304016113281 16.699228286743164 4.699999809265137
v 8.605400085449219 17.450023651123047 4.800000190734863
v 8.682319641113281 17.606000900268555 4.900000095367432
v 9.72826099395752 16.849842071533203 4.800000190734863
v 10.712843894958496 16.03290367126465 4.699999809265137
v 9.815217018127441 17.000455856323242 4.900000095367432
v 10.906085014343262 16.32210922241211 4.900000095367432
v 10.809464454650879 16.177507400512695 4.800000190734863
v 6.365899085998535 18.753334045410156 5
v 6.421801567077637 18.91801643371582 5.099999904632568
v 6.477704048156738 19.082700729370117 5.199999809265137
v 6.53360652923584 19.247385025024414 5.300000190734863
v 7.578795909881592 18.296831130981445 5
v 7.645349502563477 18.45750617980957 5.099999904632568
v 7.711903095245361 18.618181228637695 5.199999809265137
v 7.778457164764404 18.77885627746582 5.300000190734863
v 6.589509010314941 19.412067413330078 5.400000095367432
v 6.589509010314941 19.412067413330078 5.5
v 7.845010757446289 18.939529418945312 5.599999904632568
v 6.589509010314941 19.412067413330078 5.599999904632568
v 7.845010757446289 18.939529418945312 5.400000095367432
v 7.845010757446289 18.939529418945312 5.5
v 12.479609489440918 16.263744354248047 5.599999904632568
v 8.759239196777344 17.761980056762695 5
v 8.836158752441406 17.917957305908203 5.099999904632568
v 8.913078308105469 18.07393455505371 5.199999809265137
v 8.989998817443848 18.22991371154785 5.300000190734863
v 9.90217399597168 17.15106773376465 5
v 9.989130020141602 17.301681518554688 5.099999904632568
v 11.002706527709961 16.466712951660156 5
v 10.07608699798584 17.452295303344727 5.199999809265137
v 10.163043975830078 17.602907180786133 5.300000190734863
v 9.06691837310791 18.38589096069336 5.400000095367432
v 9.06691837310791 18.38589096069336 5.5
v 9.06691837310791 18.38589096069336 5.599999904632568
v 10.25 17.753520965576172 5.400000095367432
v 10.25 17.753520965576172 5.5
v 10.25 17.753520965576172 5.599999904632568
v 4.050000190734863 1.8982026876814592e-16 4.300000190734863
v 4.050000190734863 1.8982026876814592e-16 4.400000095367432
v 4.050000190734863 1.8982025553325612e-16 4.5
v 4.050000190734863 1.8982025553325612e-16 4.599999904632568
v 4.050000190734863 1.8982024229836632e-16 4.699999809265137
v 4.050000190734863 1.8982025553325612e-16 4.800000190734863
v 4.050000190734863 1.8982025553325612e-16 4.900000095367432
v 4.050000190734863 1.8982025553325612e-16 5
v 4.050000190734863 1.8982024229836632e-16 5.099999904632568
v 4.050000190734863 1.8982024229836632e-16 5.199999809265137
v 4.050000190734863 1.8982025553325612e-16 5.300000190734863
v 4.050000190734863 1.8982025553325612e-16 5.400000095367432
v 4.050000190734863 1.8982024229836632e-16 5.5
v 4.050000190734863 1.8982024229836632e-16 5.599999904632568
v 10.993874549865723 12.536111831665039 3.200000047683716
v 10.879205703735352 12.405356407165527 3.0999999046325684
v 11.790237426757812 11.790237426757812 3.200000047683716
v 11.667262077331543 11.667262077331543 3.0999999046325684
v 12.536111831665039 10.993874549865723 3.200000047683716
v 12.405356407165527 10.879205703735352 3.0999999046325684
v 11.108543395996094 12.666866302490234 3.299999952316284
v 11.223212242126465 12.79762077331543 3.4000000953674316
v 11.337881088256836 12.928376197814941 3.5
v 11.913211822509766 11.913211822509766 3.299999952316284
v 12.036187171936035 12.036187171936035 3.4000000953674316
v 12.666866302490234 11.108543395996094 3.299999952316284
v 13.228304862976074 10.150434494018555 3.200000047683716
v 12.159162521362305 12.159162521362305 3.5
v 12.79762077331543 11.223212242126465 3.4000000953674316
v 12.928376197814941 11.337881088256836 3.5
v 13.090330123901367 10.044563293457031 3.0999999046325684
v 13.366279602050781 10.256306648254395 3.299999952316284
v 13.504253387451172 10.362177848815918 3.4000000953674316
v 13.642228126525879 10.468050003051758 3.5
v 11.452549934387207 13.059130668640137 3.5999999046325684
v 11.567218780517578 13.189885139465332 3.700000047683716
v 11.68188762664795 13.320639610290527 3.799999952316284
v 11.79655647277832 13.451395034790039 3.9000000953674316
v 12.405112266540527 12.405112266540527 3.700000047683716
v 12.528087615966797 12.528087615966797 3.799999952316284
v 12.651062965393066 12.651062965393066 3.9000000953674316
v 12.282136917114258 12.282136917114258 3.5999999046325684
v 13.059130668640137 11.452549934387207 3.5999999046325684
v 13.189885139465332 11.567218780517578 3.700000047683716
v 13.320639610290527 11.68188762664795 3.799999952316284
v 10.997406959533691 14.332100868225098 4
v 11.911225318908691 13.582149505615234 4
v 11.103279113769531 14.470075607299805 4.099999904632568
v 11.209150314331055 14.608049392700195 4.199999809265137
v 12.025894165039062 13.71290397644043 4.099999904632568
v 12.140563011169434 13.843659400939941 4.199999809265137
v 12.77403736114502 12.77403736114502 4
v 12.897012710571289 12.897012710571289 4.099999904632568
v 13.019988059997559 13.019988059997559 4.199999809265137
v 13.780202865600586 10.573921203613281 3.5999999046325684
v 13.918177604675293 10.679792404174805 3.700000047683716
v 13.451395034790039 11.79655647277832 3.9000000953674316
v 14.056151390075684 10.785664558410645 3.799999952316284
v 14.19412612915039 10.891535758972168 3.9000000953674316
v 14.586869239807129 9.746634483337402 3.700000047683716
v 14.73147201538086 9.843255043029785 3.799999952316284
v 13.582149505615234 11.911225318908691 4
v 14.332100868225098 10.997406959533691 4
v 13.71290397644043 12.025894165039062 4.099999904632568
v 13.843659400939941 12.140563011169434 4.199999809265137
v 14.470075607299805 11.103279113769531 4.099999904632568
v 14.608049392700195 11.209150314331055 4.199999809265137
v 14.876075744628906 9.939876556396484 3.9000000953674316
v 15.020679473876953 10.036497116088867 4
v 15.165282249450684 10.13311767578125 4.099999904632568
v 15.30988597869873 10.22973918914795 4.199999809265137
v 13.863851547241211 9.263529777526855 3.200000047683716
v 13.71924877166748 9.166909217834473 3.0999999046325684
v 14.440032005310059 8.336956977844238 3.200000047683716
v 14.289419174194336 8.25 3.0999999046325684
v 14.954378128051758 7.374683380126953 3.200000047683716
v 14.798399925231934 7.297763347625732 3.0999999046325684
v 15.40468692779541 6.38083028793335 3.200000047683716
v 15.244011878967285 6.314276695251465 3.0999999046325684
v 14.008455276489258 9.360151290893555 3.299999952316284
v 14.153059005737305 9.456771850585938 3.4000000953674316
v 14.297661781311035 9.55339241027832 3.5
v 14.590645790100098 8.42391300201416 3.299999952316284
v 15.110356330871582 7.451602935791016 3.299999952316284
v 14.74125862121582 8.510869979858398 3.4000000953674316
v 14.891871452331543 8.59782600402832 3.5
v 15.26633358001709 7.528522968292236 3.4000000953674316
v 15.422311782836914 7.605442523956299 3.5
v 15.565361976623535 6.447383880615234 3.299999952316284
v 15.726036071777344 6.513937950134277 3.4000000953674316
v 14.442265510559082 9.65001392364502 3.5999999046325684
v 15.042484283447266 8.684782981872559 3.5999999046325684
v 15.193098068237305 8.77173900604248 3.700000047683716
v 15.578289985656738 7.6823625564575195 3.5999999046325684
v 15.734267234802246 7.759282112121582 3.700000047683716
v 15.343710899353027 8.858695983886719 3.799999952316284
v 15.49432373046875 8.94565200805664 3.9000000953674316
v 15.644937515258789 9.032608985900879 4
v 15.795550346374512 9.1195650100708 4.099999904632568
v 15.789031028747559 5.359653472900391 3.200000047683716
v 15.624346733093262 5.303750991821289 3.0999999046325684
v 15.953714370727539 5.415555953979492 3.299999952316284
v 15.886711120605469 6.580491542816162 3.5
v 16.118396759033203 5.471458911895752 3.4000000953674316
v 16.2830810546875 5.5273613929748535 3.5
v 16.609724044799805 4.450562000274658 3.5
v 16.105762481689453 4.315526008605957 3.200000047683716
v 15.937776565551758 4.270514011383057 3.0999999046325684
v 16.35352897644043 3.2529191970825195 3.200000047683716
v 16.18295669555664 3.2189903259277344 3.0999999046325684
v 16.531265258789062 2.176382303237915 3.200000047683716
v 16.358840942382812 2.153682231903076 3.0999999046325684
v 16.638212203979492 1.0905261039733887 3.200000047683716
v 16.464672088623047 1.0791516304016113 3.0999999046325684
v 16.673913955688477 1.8975572221058718e-16 3.200000047683716
v 16.5 -7.50498757172295e-24 3.0999999046325684
v 16.27375030517578 4.360538005828857 3.299999952316284
v 16.524099349975586 3.2868478298187256 3.299999952316284
v 16.703691482543945 2.199082612991333 3.299999952316284
v 16.44173812866211 4.405550003051758 3.4000000953674316
v 16.694671630859375 3.3207767009735107 3.4000000953674316
v 16.86524200439453 3.354705333709717 3.5
v 16.876115798950195 2.221782684326172 3.4000000953674316
v 17.048540115356445 2.24448299407959 3.5
v 16.81175422668457 1.101900577545166 3.299999952316284
v 16.84782600402832 1.8956209577280077e-16 3.299999952316284
v 16.985294342041016 1.1132750511169434 3.4000000953674316
v 17.15883445739746 1.1246495246887207 3.5
v 17.021739959716797 1.8923940268967648e-16 3.4000000953674316
v 17.19565200805664 1.8878761649143472e-16 3.5
v 15.89024543762207 7.8362016677856445 3.799999952316284
v 16.046222686767578 7.913121700286865 3.9000000953674316
v 16.047386169433594 6.647045135498047 3.5999999046325684
v 16.20806121826172 6.713598728179932 3.700000047683716
v 16.447765350341797 5.583263874053955 3.5999999046325684
v 16.777711868286133 4.495573997497559 3.5999999046325684
v 16.61244773864746 5.639166355133057 3.700000047683716
v 16.36873435974121 6.780152320861816 3.799999952316284
v 16.529409408569336 6.846705913543701 3.9000000953674316
v 16.777132034301758 5.695068836212158 3.799999952316284
v 16.94569969177246 4.540585994720459 3.700000047683716
v 16.941814422607422 5.75097131729126 3.9000000953674316
v 17.113685607910156 4.585597991943359 3.799999952316284
v 16.20220184326172 7.990041255950928 4
v 15.946163177490234 9.206521987915039 4.199999809265137
v 16.358179092407227 8.066961288452148 4.099999904632568
v 16.514156341552734 8.143880844116211 4.199999809265137
v 17.01143455505371 7.0463666915893555 4.199999809265137
v 16.69008445739746 6.913259506225586 4
v 16.850759506225586 6.979813098907471 4.099999904632568
v 17.10649871826172 5.806873798370361 4
v 17.281673431396484 4.63060998916626 3.9000000953674316
v 17.44965934753418 4.67562198638916 4
v 17.271183013916016 5.862776279449463 4.099999904632568
v 17.43586540222168 5.9186787605285645 4.199999809265137
v 17.617647171020508 4.7206339836120605 4.099999904632568
v 17.785634994506836 4.765645980834961 4.199999809265137
v 17.03581428527832 3.388634204864502 3.5999999046325684
v 17.206384658813477 3.422562837600708 3.700000047683716
v 17.220966339111328 2.2671830654144287 3.5999999046325684
v 17.393390655517578 2.2898833751678467 3.700000047683716
v 17.376956939697266 3.456491708755493 3.799999952316284
v 17.547527313232422 3.490420341491699 3.9000000953674316
v 17.56581687927246 2.3125836849212646 3.799999952316284
v 17.73824119567871 2.3352837562561035 3.9000000953674316
v 17.33237648010254 1.1360238790512085 3.5999999046325684
v 17.505916595458984 1.1473983526229858 3.700000047683716
v 17.369565963745117 1.8820675041296528e-16 3.5999999046325684
v 17.54347801208496 1.8749681768915797e-16 3.700000047683716
v 17.67945671081543 1.1587728261947632 3.799999952316284
v 17.852996826171875 1.1701472997665405 3.9000000953674316
v 17.717391967773438 1.8665779185023318e-16 3.799999952316284
v 17.89130401611328 1.8568969936597052e-16 3.9000000953674316
v 17.71809959411621 3.5243492126464844 4
v 17.910667419433594 2.3579840660095215 4
v 17.888669967651367 3.5582778453826904 4.099999904632568
v 18.059242248535156 3.5922067165374756 4.199999809265137
v 18.083091735839844 2.3806841373443604 4.099999904632568
v 18.026538848876953 1.1815217733383179 4
v 18.065217971801758 1.8459251376659038e-16 4
v 18.255517959594727 2.4033844470977783 4.199999809265137
v 18.2000789642334 1.1928962469100952 4.099999904632568
v 18.373619079589844 1.2042707204818726 4.199999809265137
v 18.2391300201416 1.8336624828698257e-16 4.099999904632568
v 18.413043975830078 1.8201090292714709e-16 4.199999809265137
v 11.526764869689941 15.021973609924316 4.5
v 11.632637023925781 15.159947395324707 4.599999904632568
v 11.738508224487305 15.297922134399414 4.699999809265137
v 11.844379425048828 15.435896873474121 4.800000190734863
v 11.950251579284668 15.573870658874512 4.900000095367432
v 11.315022468566895 14.746024131774902 4.300000190734863
v 11.420893669128418 14.88399887084961 4.400000095367432
v 12.255231857299805 13.974413871765137 4.300000190734863
v 12.369900703430176 14.105168342590332 4.400000095367432
v 13.142963409423828 13.142963409423828 4.300000190734863
v 13.265937805175781 13.265937805175781 4.400000095367432
v 12.484569549560547 14.235922813415527 4.5
v 12.599238395690918 14.366678237915039 4.599999904632568
v 13.38891315460205 13.38891315460205 4.5
v 12.713907241821289 14.497432708740234 4.699999809265137
v 12.82857608795166 14.62818717956543 4.800000190734863
v 12.943244934082031 14.758942604064941 4.900000095367432
v 14.105168342590332 12.369900703430176 4.400000095367432
v 13.51188850402832 13.51188850402832 4.599999904632568
v 14.235922813415527 12.484569549560547 4.5
v 14.366678237915039 12.599238395690918 4.599999904632568
v 13.974413871765137 12.255231857299805 4.300000190734863
v 14.746024131774902 11.315022468566895 4.300000190734863
v 14.88399887084961 11.420893669128418 4.400000095367432
v 15.454489707946777 10.326359748840332 4.300000190734863
v 15.599092483520508 10.422981262207031 4.400000095367432
v 15.021973609924316 11.526764869689941 4.5
v 15.159947395324707 11.632637023925781 4.599999904632568
v 15.743696212768555 10.519601821899414 4.5
v 13.63486385345459 13.63486385345459 4.699999809265137
v 14.497432708740234 12.713907241821289 4.699999809265137
v 13.757838249206543 13.757838249206543 4.800000190734863
v 13.880813598632812 13.880813598632812 4.900000095367432
v 14.62818717956543 12.82857608795166 4.800000190734863
v 14.758942604064941 12.943244934082031 4.900000095367432
v 15.297922134399414 11.738508224487305 4.699999809265137
v 15.888299942016602 10.616222381591797 4.599999904632568
v 15.435896873474121 11.844379425048828 4.800000190734863
v 15.573870658874512 11.950251579284668 4.900000095367432
v 11.099327087402344 16.611316680908203 5.099999904632568
v 12.056122779846191 15.711845397949219 5
v 12.161993980407715 15.849820137023926 5.099999904632568
v 11.195947647094727 16.75592041015625 5.199999809265137
v 11.292569160461426 16.900524139404297 5.300000190734863
v 12.267866134643555 15.987794876098633 5.199999809265137
v 13.057913780212402 14.889697074890137 5
v 13.172582626342773 15.020451545715332 5.099999904632568
v 12.373737335205078 16.125768661499023 5.300000190734863
v 13.287251472473145 15.151206016540527 5.199999809265137
v 11.389189720153809 17.04512596130371 5.400000095367432
v 11.389189720153809 17.04512596130371 5.5
v 11.389189720153809 17.04512596130371 5.599999904632568
v 12.479609489440918 16.263744354248047 5.400000095367432
v 13.401920318603516 15.281961441040039 5.300000190734863
v 13.516589164733887 15.412715911865234 5.400000095367432
v 12.479609489440918 16.263744354248047 5.5
v 13.516589164733887 15.412715911865234 5.5
v 13.516589164733887 15.412715911865234 5.599999904632568
v 14.495689392089844 14.495689392089844 5.599999904632568
v 14.003788948059082 14.003788948059082 5
v 14.126763343811035 14.126763343811035 5.099999904632568
v 14.249738693237305 14.249738693237305 5.199999809265137
v 14.372714042663574 14.372714042663574 5.300000190734863
v 14.889697074890137 13.057913780212402 5
v 15.020451545715332 13.172582626342773 5.099999904632568
v 15.151206016540527 13.287251472473145 5.199999809265137
v 15.281961441040039 13.401920318603516 5.300000190734863
v 15.711845397949219 12.056122779846191 5
v 15.849820137023926 12.161993980407715 5.099999904632568
v 14.495689392089844 14.495689392089844 5.400000095367432
v 14.495689392089844 14.495689392089844 5.5
v 15.412715911865234 13.516589164733887 5.400000095367432
v 16.263744354248047 12.479609489440918 5.599999904632568
v 15.412715911865234 13.516589164733887 5.5
v 15.412715911865234 13.516589164733887 5.599999904632568
v 16.03290367126465 10.712843894958496 4.699999809265137
v 16.699228286743164 9.641304016113281 4.699999809265137
v 16.32210922241211 10.906085014343262 4.900000095367432
v 16.177507400512695 10.809464454650879 4.800000190734863
v 16.849842071533203 9.72826099395752 4.800000190734863
v 17.000455856323242 9.815217018127441 4.900000095367432
v 15.987794876098633 12.267866134643555 5.199999809265137
v 16.466712951660156 11.002706527709961 5
v 16.611316680908203 11.099327087402344 5.099999904632568
v 17.15106773376465 9.90217399597168 5
v 16.125768661499023 12.373737335205078 5.300000190734863
v 16.75592041015625 11.195947647094727 5.199999809265137
v 16.900524139404297 11.292569160461426 5.300000190734863
v 17.301681518554688 9.989130020141602 5.099999904632568
v 17.452295303344727 10.07608699798584 5.199999809265137
v 17.602907180786133 10.163043975830078 5.300000190734863
v 16.263744354248047 12.479609489440918 5.400000095367432
v 16.263744354248047 12.479609489440918 5.5
v 17.04512596130371 11.389189720153809 5.400000095367432
v 17.04512596130371 11.389189720153809 5.5
v 17.04512596130371 11.389189720153809 5.599999904632568
v 17.753520965576172 10.25 5.400000095367432
v 17.753520965576172 10.25 5.5
v 17.753520965576172 10.25 5.599999904632568
v 16.096776962280273 9.293478012084961 4.300000190734863
v 16.24738883972168 9.3804349899292 4.400000095367432
v 16.826112747192383 8.297720909118652 4.400000095367432
v 16.670135498046875 8.220800399780273 4.300000190734863
v 16.39800262451172 9.467391014099121 4.5
v 16.548616409301758 9.55434799194336 4.599999904632568
v 16.98208999633789 8.374640464782715 4.5
v 17.172109603881836 7.112920761108398 4.300000190734863
v 17.332782745361328 7.179474353790283 4.400000095367432
v 17.13806915283203 8.451560020446777 4.599999904632568
v 17.493457794189453 7.246027946472168 4.5
v 17.600549697875977 5.974581241607666 4.300000190734863
v 17.76523208618164 6.030483722686768 4.400000095367432
v 17.95362091064453 4.810657978057861 4.300000190734863
v 18.12160873413086 4.855669975280762 4.400000095367432
v 17.929916381835938 6.086386203765869 4.5
v 17.654132843017578 7.312581539154053 4.599999904632568
v 18.0945987701416 6.142288684844971 4.599999904632568
v 17.29404640197754 8.52847957611084 4.699999809265137
v 17.814807891845703 7.3791351318359375 4.699999809265137
v 17.450023651123047 8.605400085449219 4.800000190734863
v 17.606000900268555 8.682319641113281 4.900000095367432
v 17.975482940673828 7.445688724517822 4.800000190734863
v 18.13615608215332 7.512242317199707 4.900000095367432
v 18.2592830657959 6.198191165924072 4.699999809265137
v 18.289594650268555 4.900681972503662 4.5
v 18.457582473754883 4.9456939697265625 4.599999904632568
v 18.62557029724121 4.990705966949463 4.699999809265137
v 18.423967361450195 6.254094123840332 4.800000190734863
v 18.58864974975586 6.309996604919434 4.900000095367432
v 18.793556213378906 5.035717964172363 4.800000190734863
v 18.961544036865234 5.080729961395264 4.900000095367432
v 18.229812622070312 3.6261353492736816 4.300000190734863
v 18.4003849029541 3.660064220428467 4.400000095367432
v 18.427942276000977 2.426084518432617 4.300000190734863
v 18.60036849975586 2.448784828186035 4.400000095367432
v 18.570955276489258 3.693992853164673 4.5
v 18.741527557373047 3.727921724319458 4.599999904632568
v 18.77279281616211 2.471485137939453 4.5
v 18.945219039916992 2.494185209274292 4.599999904632568
v 18.547161102294922 1.2156450748443604 4.300000190734863
v 18.720701217651367 1.2270195484161377 4.400000095367432
v 18.586956024169922 1.8052650415686353e-16 4.300000190734863
v 18.7608699798584 1.789129990365727e-16 4.400000095367432
v 18.894241333007812 1.238394021987915 4.5
v 19.06778335571289 1.2497684955596924 4.599999904632568
v 18.934782028198242 1.7717041403605418e-16 4.5
v 19.10869598388672 1.75298749155308e-16 4.599999904632568
v 18.912097930908203 3.761850357055664 4.699999809265137
v 19.117643356323242 2.51688551902771 4.699999809265137
v 19.082670211791992 3.795779228210449 4.800000190734863
v 19.25324058532715 3.8297078609466553 4.900000095367432
v 19.290067672729492 2.539585590362549 4.800000190734863
v 19.462493896484375 2.562285900115967 4.900000095367432
v 19.241323471069336 1.2611429691314697 4.699999809265137
v 19.282608032226562 1.7329799115944433e-16 4.699999809265137
v 19.41486358642578 1.272517442703247 4.800000190734863
v 19.588403701782227 1.2838919162750244 4.900000095367432
v 19.45652198791504 1.711681929880224e-16 4.800000190734863
v 19.630434036254883 1.68909301701483e-16 4.900000095367432
v 17.761980056762695 8.759239196777344 5
v 17.917957305908203 8.836158752441406 5.099999904632568
v 18.296831130981445 7.578795909881592 5
v 18.07393455505371 8.913078308105469 5.199999809265137
v 18.22991371154785 8.989998817443848 5.300000190734863
v 18.38589096069336 9.06691837310791 5.400000095367432
v 18.45750617980957 7.645349502563477 5.099999904632568
v 18.618181228637695 7.711903095245361 5.199999809265137
v 18.77885627746582 7.778457164764404 5.300000190734863
v 18.753334045410156 6.365899085998535 5
v 18.91801643371582 6.421801567077637 5.099999904632568
v 19.129531860351562 5.125741958618164 5
v 19.297517776489258 5.1707539558410645 5.099999904632568
v 19.082700729370117 6.477704048156738 5.199999809265137
v 19.247385025024414 6.53360652923584 5.300000190734863
v 19.465505599975586 5.215765953063965 5.199999809265137
v 19.633493423461914 5.260777950286865 5.300000190734863
v 18.939529418945312 7.845010757446289 5.400000095367432
v 18.38589096069336 9.06691837310791 5.5
v 18.38589096069336 9.06691837310791 5.599999904632568
v 18.939529418945312 7.845010757446289 5.5
v 19.412067413330078 6.589509010314941 5.400000095367432
v 19.412067413330078 6.589509010314941 5.5
v 19.412067413330078 6.589509010314941 5.599999904632568
v 19.80147933959961 5.305789947509766 5.400000095367432
v 19.80147933959961 5.305789947509766 5.599999904632568
v 19.80147933959961 5.305789947509766 5.5
v 20.32461929321289 2.6757869720458984 5.599999904632568
v 19.423812866210938 3.8636367321014404 5
v 19.594383239746094 3.8975653648376465 5.099999904632568
v 19.634918212890625 2.5849859714508057 5
v 19.807344436645508 2.6076862812042236 5.099999904632568
v 19.764955520629883 3.9314942359924316 5.199999809265137
v 19.935527801513672 3.9654228687286377 5.300000190734863
v 19.979768753051758 2.6303863525390625 5.199999809265137
v 20.15219497680664 2.6530866622924805 5.300000190734863
v 19.761945724487305 1.2952662706375122 5
v 19.93548583984375 1.3066407442092896 5.099999904632568
v 19.80434799194336 1.665213040649363e-16 5
v 19.978260040283203 1.6400423978305174e-16 5.099999904632568
v 20.109025955200195 1.318015217781067 5.199999809265137
v 20.282567977905273 1.3293896913528442 5.300000190734863
v 20.15217399597168 1.613580956209395e-16 5.199999809265137
v 20.326087951660156 1.585828848134894e-16 5.300000190734863
v 20.106098175048828 3.999351739883423 5.400000095367432
v 20.32461929321289 2.6757869720458984 5.400000095367432
v 20.106098175048828 3.999351739883423 5.5
v 20.106098175048828 3.999351739883423 5.599999904632568
v 20.32461929321289 2.6757869720458984 5.5
v 20.32461929321289 -2.6757869720458984 5.599999904632568
v 20.45610809326172 1.3407641649246216 5.400000095367432
v 20.5 1.5567859412581161e-16 5.400000095367432
v 20.45610809326172 1.3407641649246216 5.5
v 20.45610809326172 1.3407641649246216 5.599999904632568
v 20.5 1.527097304107955e-16 5.599999904632568
v 20.5 1.5419415565085865e-16 5.5
v 2.0250000953674316 -3.5074028968811035 3.140000104904175
v 2.0250000953674316 -3.5074028968811035 3.0999999046325684
v 4.050000190734863 9.491012114918316e-17 3.0999999046325684
v 2.0250000953674316 -3.5074028968811035 3.140000104904175
v 1.0791516304016113 -16.464672088623047 3.0999999046325684
v 2.153682231903076 -16.358840942382812 3.0999999046325684
v 1.0905261039733887 -16.638212203979492 3.200000047683716
v 3.2189903259277344 -16.18295669555664 3.0999999046325684
v 2.176382303237915 -16.531265258789062 3.200000047683716
v 1.101900577545166 -16.81175422668457 3.299999952316284
v 1.1132750511169434 -16.985294342041016 3.4000000953674316
v 1.1246495246887207 -17.15883445739746 3.5
v 3.2529191970825195 -16.35352897644043 3.200000047683716
v 2.199082612991333 -16.703691482543945 3.299999952316284
v 2.221782684326172 -16.876115798950195 3.4000000953674316
v 2.24448299407959 -17.048540115356445 3.5
v 4.270514011383057 -15.937776565551758 3.0999999046325684
v 5.303750991821289 -15.624346733093262 3.0999999046325684
v 4.315526008605957 -16.105762481689453 3.200000047683716
v 3.2868478298187256 -16.524099349975586 3.299999952316284
v 4.360538005828857 -16.27375030517578 3.299999952316284
v 3.3207767009735107 -16.694671630859375 3.4000000953674316
v 3.354705333709717 -16.86524200439453 3.5
v 4.405550003051758 -16.44173812866211 3.4000000953674316
v 5.359653472900391 -15.789031028747559 3.200000047683716
v 5.415555953979492 -15.953714370727539 3.299999952316284
v 4.450562000274658 -16.609724044799805 3.5
v 5.471458911895752 -16.118396759033203 3.4000000953674316
v 1.1360238790512085 -17.33237648010254 3.5999999046325684
v 1.1473983526229858 -17.505916595458984 3.700000047683716
v 1.1587728261947632 -17.67945671081543 3.799999952316284
v 2.2671830654144287 -17.220966339111328 3.5999999046325684
v 2.2898833751678467 -17.393390655517578 3.700000047683716
v 2.3125836849212646 -17.56581687927246 3.799999952316284
v 1.1701472997665405 -17.852996826171875 3.9000000953674316
v 2.3352837562561035 -17.73824119567871 3.9000000953674316
v 1.1815217733383179 -18.026538848876953 4
v 2.3579840660095215 -17.910667419433594 4
v 1.1928962469100952 -18.2000789642334 4.099999904632568
v 1.2042707204818726 -18.373619079589844 4.199999809265137
v 2.3806841373443604 -18.083091735839844 4.099999904632568
v 2.4033844470977783 -18.255517959594727 4.199999809265137
v 3.388634204864502 -17.03581428527832 3.5999999046325684
v 3.422562837600708 -17.206384658813477 3.700000047683716
v 4.495573997497559 -16.777711868286133 3.5999999046325684
v 3.456491708755493 -17.376956939697266 3.799999952316284
v 4.540585994720459 -16.94569969177246 3.700000047683716
v 5.5273613929748535 -16.2830810546875 3.5
v 5.583263874053955 -16.447765350341797 3.5999999046325684
v 4.585597991943359 -17.113685607910156 3.799999952316284
v 3.490420341491699 -17.547527313232422 3.9000000953674316
v 5.639166355133057 -16.61244773864746 3.700000047683716
v 5.695068836212158 -16.777132034301758 3.799999952316284
v 4.63060998916626 -17.281673431396484 3.9000000953674316
v 3.5243492126464844 -17.71809959411621 4
v 3.5582778453826904 -17.888669967651367 4.099999904632568
v 4.67562198638916 -17.44965934753418 4
v 5.75097131729126 -16.941814422607422 3.9000000953674316
v 4.7206339836120605 -17.617647171020508 4.099999904632568
v 3.5922067165374756 -18.059242248535156 4.199999809265137
v 4.765645980834961 -17.785634994506836 4.199999809265137
v 5.806873798370361 -17.10649871826172 4
v 5.862776279449463 -17.271183013916016 4.099999904632568
v 6.314276695251465 -15.244011878967285 3.0999999046325684
v 7.297763347625732 -14.798399925231934 3.0999999046325684
v 6.38083028793335 -15.40468692779541 3.200000047683716
v 8.25 -14.289419174194336 3.0999999046325684
v 7.374683380126953 -14.954378128051758 3.200000047683716
v 6.447383880615234 -15.565361976623535 3.299999952316284
v 7.451602935791016 -15.110356330871582 3.299999952316284
v 7.528522968292236 -15.26633358001709 3.4000000953674316
v 6.513937950134277 -15.726036071777344 3.4000000953674316
v 9.166909217834473 -13.71924877166748 3.0999999046325684
v 8.336956977844238 -14.440032005310059 3.200000047683716
v 10.044563293457031 -13.090330123901367 3.0999999046325684
v 9.263529777526855 -13.863851547241211 3.200000047683716
v 8.42391300201416 -14.590645790100098 3.299999952316284
v 8.510869979858398 -14.74125862121582 3.4000000953674316
v 7.605442523956299 -15.422311782836914 3.5
v 8.59782600402832 -14.891871452331543 3.5
v 9.360151290893555 -14.008455276489258 3.299999952316284
v 9.456771850585938 -14.153059005737305 3.4000000953674316
v 10.150434494018555 -13.228304862976074 3.200000047683716
v 10.256306648254395 -13.366279602050781 3.299999952316284
v 10.362177848815918 -13.504253387451172 3.4000000953674316
v 9.55339241027832 -14.297661781311035 3.5
v 10.468050003051758 -13.642228126525879 3.5
v 6.580491542816162 -15.886711120605469 3.5
v 7.6823625564575195 -15.578289985656738 3.5999999046325684
v 8.684782981872559 -15.042484283447266 3.5999999046325684
v 8.77173900604248 -15.193098068237305 3.700000047683716
v 7.759282112121582 -15.734267234802246 3.700000047683716
v 9.65001392364502 -14.442265510559082 3.5999999046325684
v 10.573921203613281 -13.780202865600586 3.5999999046325684
v 9.746634483337402 -14.586869239807129 3.700000047683716
v 8.858695983886719 -15.343710899353027 3.799999952316284
v 9.843255043029785 -14.73147201538086 3.799999952316284
v 8.94565200805664 -15.49432373046875 3.9000000953674316
v 10.679792404174805 -13.918177604675293 3.700000047683716
v 10.785664558410645 -14.056151390075684 3.799999952316284
v 9.939876556396484 -14.876075744628906 3.9000000953674316
v 9.032608985900879 -15.644937515258789 4
v 10.036497116088867 -15.020679473876953 4
v 10.13311767578125 -15.165282249450684 4.099999904632568
v 9.1195650100708 -15.795550346374512 4.099999904632568
v 6.647045135498047 -16.047386169433594 3.5999999046325684
v 6.713598728179932 -16.20806121826172 3.700000047683716
v 6.780152320861816 -16.36873435974121 3.799999952316284
v 7.8362016677856445 -15.89024543762207 3.799999952316284
v 6.846705913543701 -16.529409408569336 3.9000000953674316
v 5.9186787605285645 -17.43586540222168 4.199999809265137
v 6.913259506225586 -16.69008445739746 4
v 6.979813098907471 -16.850759506225586 4.099999904632568
v 7.913121700286865 -16.046222686767578 3.9000000953674316
v 7.990041255950928 -16.20220184326172 4
v 8.066961288452148 -16.358179092407227 4.099999904632568
v 7.0463666915893555 -17.01143455505371 4.199999809265137
v 8.143880844116211 -16.514156341552734 4.199999809265137
v 9.206521987915039 -15.946163177490234 4.199999809265137
v 10.22973918914795 -15.30988597869873 4.199999809265137
v 0.47783783078193665 -11.181621551513672 5.599999904632568
v 0.707567572593689 -11.411351203918457 5.599999904632568
v 0.707567572593689 -11.641080856323242 5.599999904632568
v 0.21135134994983673 -11.181621551513672 5.599999904632568
v 0.707567572593689 -11.907567024230957 5.599999904632568
v 0.707567572593689 -12.100540161132812 5.599999904632568
v 0.707567572593689 -12.367027282714844 5.599999904632568
v 0.707567572593689 -12.559999465942383 5.599999904632568
v 0.707567572593689 -12.826486587524414 5.599999904632568
v 0.707567572593689 -13.01945972442627 5.599999904632568
v 0.707567572593689 -13.285945892333984 5.599999904632568
v 0.9005405306816101 -14.39783763885498 5.599999904632568
v 1.3967567682266235 -14.39783763885498 5.599999904632568
v 1.8562161922454834 -14.627567291259766 5.599999904632568
v 1.2156450748443604 -18.547161102294922 4.300000190734863
v 1.2270195484161377 -18.720701217651367 4.400000095367432
v 1.238394021987915 -18.894241333007812 4.5
v 2.426084518432617 -18.427942276000977 4.300000190734863
v 2.448784828186035 -18.60036849975586 4.400000095367432
v 2.471485137939453 -18.77279281616211 4.5
v 1.2497684955596924 -19.06778335571289 4.599999904632568
v 1.2611429691314697 -19.241323471069336 4.699999809265137
v 1.272517442703247 -19.41486358642578 4.800000190734863
v 1.2838919162750244 -19.588403701782227 4.900000095367432
v 2.494185209274292 -18.945219039916992 4.599999904632568
v 2.51688551902771 -19.117643356323242 4.699999809265137
v 2.539585590362549 -19.290067672729492 4.800000190734863
v 2.562285900115967 -19.462493896484375 4.900000095367432
v 3.6261353492736816 -18.229812622070312 4.300000190734863
v 3.660064220428467 -18.4003849029541 4.400000095367432
v 3.693992853164673 -18.570955276489258 4.5
v 4.810657978057861 -17.95362091064453 4.300000190734863
v 4.855669975280762 -18.12160873413086 4.400000095367432
v 4.900681972503662 -18.289594650268555 4.5
v 3.727921724319458 -18.741527557373047 4.599999904632568
v 3.761850357055664 -18.912097930908203 4.699999809265137
v 3.795779228210449 -19.082670211791992 4.800000190734863
v 3.8297078609466553 -19.25324058532715 4.900000095367432
v 4.9456939697265625 -18.457582473754883 4.599999904632568
v 4.990705966949463 -18.62557029724121 4.699999809265137
v 5.035717964172363 -18.793556213378906 4.800000190734863
v 5.080729961395264 -18.961544036865234 4.900000095367432
v 0.21135134994983673 -11.411351203918457 5.599999904632568
v 0.47783783078193665 -11.411351203918457 5.599999904632568
v 0.018378378823399544 -13.97513484954834 5.599999904632568
v 0.21135134994983673 -13.97513484954834 5.599999904632568
v 0.707567572593689 -13.47891902923584 5.599999904632568
v 0.707567572593689 -13.745405197143555 5.599999904632568
v 0.707567572593689 -13.93837833404541 5.599999904632568
v 0.21135134994983673 -14.204864501953125 5.599999904632568
v 0.47783783078193665 -14.85729694366455 5.599999904632568
v 0.018378378823399544 -14.627567291259766 5.599999904632568
v 0.707567572593689 -14.204864501953125 5.599999904632568
v 0.47783783078193665 -15.123784065246582 5.599999904632568
v 0.6708108186721802 -14.85729694366455 5.599999904632568
v 0.21135134994983673 -14.85729694366455 5.599999904632568
v 0.6708108186721802 -15.087026596069336 5.599999904632568
v 0.6708108186721802 -15.091395378112793 5.599999904632568
v 0.6708108186721802 -15.123784065246582 5.599999904632568
v 0.47783783078193665 -15.316757202148438 5.599999904632568
v 0.9005405306816101 -14.664324760437012 5.599999904632568
v 1.13027024269104 -14.664324760437012 5.599999904632568
v 0.9372972846031189 -14.85729694366455 5.599999904632568
v 0.9372972846031189 -15.087026596069336 5.599999904632568
v 1.13027024269104 -14.894054412841797 5.599999904632568
v 1.1670269966125488 -15.087026596069336 5.599999904632568
v 1.3600000143051147 -14.894054412841797 5.599999904632568
v 1.1670269966125488 -15.316757202148438 5.599999904632568
v 1.3967567682266235 -14.627567291259766 5.599999904632568
v 1.3600000143051147 -15.123784065246582 5.599999904632568
v 1.3967567682266235 -15.316757202148438 5.599999904632568
v 1.5897297859191895 -15.123784065246582 5.599999904632568
v 1.5897297859191895 -15.353513717651367 5.599999904632568
v 1.2952662706375122 -19.761945724487305 5
v 1.3066407442092896 -19.93548583984375 5.099999904632568
v 1.318015217781067 -20.109025955200195 5.199999809265137
v 2.5849859714508057 -19.634918212890625 5
v 2.6076862812042236 -19.807344436645508 5.099999904632568
v 2.6303863525390625 -19.979768753051758 5.199999809265137
v 1.3293896913528442 -20.282567977905273 5.300000190734863
v 0.018378378823399544 -15.812973022460938 5.599999904632568
v 0.24810810387134552 -15.583243370056152 5.599999904632568
v 0.9005405306816101 -17.42108154296875 5.599999904632568
v 1.3967567682266235 -15.583243370056152 5.599999904632568
v 1.3967567682266235 -15.776216506958008 5.599999904632568
v 1.6264865398406982 -15.776216506958008 5.599999904632568
v 1.8194594383239746 -15.353513717651367 5.599999904632568
v 1.8194594383239746 -15.546486854553223 5.599999904632568
v 1.8194594383239746 -15.812973022460938 5.599999904632568
v 1.6264865398406982 -16.04270362854004 5.599999904632568
v 2.0491890907287598 -15.812973022460938 5.599999904632568
v 2.0491890907287598 -16.005945205688477 5.599999904632568
v 1.6264865398406982 -16.235675811767578 5.599999904632568
v 1.8562161922454834 -16.235675811767578 5.599999904632568
v 1.8562161922454834 -16.50216293334961 5.599999904632568
v 2.0491890907287598 -16.272432327270508 5.599999904632568
v 1.8562161922454834 -16.69513511657715 5.599999904632568
v 2.0491890907287598 -16.465404510498047 5.599999904632568
v 2.0491890907287598 -16.235675811767578 5.599999904632568
v 2.0491890907287598 -16.24004364013672 5.599999904632568
v 2.0491890907287598 -16.69513511657715 5.599999904632568
v 2.0859458446502686 -16.96162223815918 5.599999904632568
v 2.278918981552124 -16.731891632080078 5.599999904632568
v 2.0859458446502686 -16.731891632080078 5.599999904632568
v 2.278918981552124 -16.92486572265625 5.599999904632568
v 2.0859458446502686 -17.15459442138672 5.599999904632568
v 2.278918981552124 -17.15459442138672 5.599999904632568
v 1.3407641649246216 -20.45610809326172 5.400000095367432
v 1.3600000143051147 -18.34000015258789 5.599999904632568
v 1.5897297859191895 -18.34000015258789 5.599999904632568
v 1.5897297859191895 -18.56972885131836 5.599999904632568
v 1.5897297859191895 -18.79945945739746 5.599999904632568
v 2.0491890907287598 -19.029190063476562 5.599999904632568
v 2.278918981552124 -19.029190063476562 5.599999904632568
v 2.278918981552124 -19.25891876220703 5.599999904632568
v 2.6757869720458984 -20.32461929321289 5.599999904632568
v 1.3407641649246216 -20.45610809326172 5.5
v 2.508648633956909 -19.25891876220703 5.599999904632568
v 2.508648633956909 -19.488649368286133 5.599999904632568
v 3.2345945835113525 -19.488649368286133 5.599999904632568
v 1.3407641649246216 -20.45610809326172 5.599999904632568
v 2.6530866622924805 -20.15219497680664 5.300000190734863
v 2.6757869720458984 -20.32461929321289 5.400000095367432
v 2.0491890907287598 -18.79945945739746 5.599999904632568
v 2.6757869720458984 -20.32461929321289 5.5
v 3.8636367321014404 -19.423812866210938 5
v 3.8975653648376465 -19.594383239746094 5.099999904632568
v 3.9314942359924316 -19.764955520629883 5.199999809265137
v 5.125741958618164 -19.129531860351562 5
v 5.1707539558410645 -19.297517776489258 5.099999904632568
v 5.215765953063965 -19.465505599975586 5.199999809265137
v 3.9654228687286377 -19.935527801513672 5.300000190734863
v 3.999351739883423 -20.106098175048828 5.400000095367432
v 7.845010757446289 -18.939529418945312 5.599999904632568
v 3.999351739883423 -20.106098175048828 5.5
v 3.999351739883423 -20.106098175048828 5.599999904632568
v 5.260777950286865 -19.633493423461914 5.300000190734863
v 5.305789947509766 -19.80147933959961 5.400000095367432
v 3.2345945835113525 -17.88054084777832 5.599999904632568
v 3.2345945835113525 -18.07351303100586 5.599999904632568
v 3.2345945835113525 -18.34000015258789 5.599999904632568
v 3.2345945835113525 -18.53297233581543 5.599999904632568
v 3.2345945835113525 -18.79945945739746 5.599999904632568
v 3.2345945835113525 -18.992431640625 5.599999904632568
v 3.2345945835113525 -19.25891876220703 5.599999904632568
v 5.305789947509766 -19.80147933959961 5.599999904632568
v 5.305789947509766 -19.80147933959961 5.5
v 5.974581241607666 -17.600549697875977 4.300000190734863
v 6.030483722686768 -17.76523208618164 4.400000095367432
v 7.112920761108398 -17.172109603881836 4.300000190734863
v 7.179474353790283 -17.332782745361328 4.400000095367432
v 8.220800399780273 -16.670135498046875 4.300000190734863
v 6.086386203765869 -17.929916381835938 4.5
v 7.246027946472168 -17.493457794189453 4.5
v 6.142288684844971 -18.0945987701416 4.599999904632568
v 8.297720909118652 -16.826112747192383 4.400000095367432
v 8.374640464782715 -16.98208999633789 4.5
v 7.312581539154053 -17.654132843017578 4.599999904632568
v 7.3791351318359375 -17.814807891845703 4.699999809265137
v 6.198191165924072 -18.2592830657959 4.699999809265137
v 6.254094123840332 -18.423967361450195 4.800000190734863
v 6.309996604919434 -18.58864974975586 4.900000095367432
v 7.445688724517822 -17.975482940673828 4.800000190734863
v 7.512242317199707 -18.13615608215332 4.900000095367432
v 9.293478012084961 -16.096776962280273 4.300000190734863
v 9.3804349899292 -16.24738883972168 4.400000095367432
v 9.467391014099121 -16.39800262451172 4.5
v 8.451560020446777 -17.13806915283203 4.599999904632568
v 10.326359748840332 -15.454489707946777 4.300000190734863
v 10.422981262207031 -15.599092483520508 4.400000095367432
v 10.519601821899414 -15.743696212768555 4.5
v 9.55434799194336 -16.548616409301758 4.599999904632568
v 8.52847957611084 -17.29404640197754 4.699999809265137
v 8.605400085449219 -17.450023651123047 4.800000190734863
v 8.682319641113281 -17.606000900268555 4.900000095367432
v 9.641304016113281 -16.699228286743164 4.699999809265137
v 10.616222381591797 -15.888299942016602 4.599999904632568
v 10.712843894958496 -16.03290367126465 4.699999809265137
v 9.72826099395752 -16.849842071533203 4.800000190734863
v 9.815217018127441 -17.000455856323242 4.900000095367432
v 10.809464454650879 -16.177507400512695 4.800000190734863
v 16.263744354248047 -12.479609489440918 5.599999904632568
v 1.8562161922454834 -14.85729694366455 5.599999904632568
v 2.315675735473633 -14.85729694366455 5.599999904632568
v 2.315675735473633 -15.087026596069336 5.599999904632568
v 2.545405387878418 -15.087026596069336 5.599999904632568
v 2.545405387878418 -15.316757202148438 5.599999904632568
v 2.775135040283203 -15.316757202148438 5.599999904632568
v 2.775135040283203 -15.583243370056152 5.599999904632568
v 2.775135040283203 -15.776216506958008 5.599999904632568
v 3.0048649311065674 -15.776216506958008 5.599999904632568
v 3.0048649311065674 -16.04270362854004 5.599999904632568
v 3.0048649311065674 -16.235675811767578 5.599999904632568
v 3.0048649311065674 -16.465404510498047 5.599999904632568
v 3.2345945835113525 -16.465404510498047 5.599999904632568
v 3.2345945835113525 -16.69513511657715 5.599999904632568
v 6.365899085998535 -18.753334045410156 5
v 6.421801567077637 -18.91801643371582 5.099999904632568
v 6.477704048156738 -19.082700729370117 5.199999809265137
v 7.578795909881592 -18.296831130981445 5
v 7.645349502563477 -18.45750617980957 5.099999904632568
v 7.711903095245361 -18.618181228637695 5.199999809265137
v 6.53360652923584 -19.247385025024414 5.300000190734863
v 3.2345945835113525 -16.96162223815918 5.599999904632568
v 3.2345945835113525 -17.15459442138672 5.599999904632568
v 3.2345945835113525 -17.42108154296875 5.599999904632568
v 3.2345945835113525 -17.61405372619629 5.599999904632568
v 6.589509010314941 -19.412067413330078 5.400000095367432
v 6.589509010314941 -19.412067413330078 5.5
v 6.589509010314941 -19.412067413330078 5.599999904632568
v 7.778457164764404 -18.77885627746582 5.300000190734863
v 7.845010757446289 -18.939529418945312 5.400000095367432
v 7.845010757446289 -18.939529418945312 5.5
v 8.759239196777344 -17.761980056762695 5
v 9.90217399597168 -17.15106773376465 5
v 8.836158752441406 -17.917957305908203 5.099999904632568
v 9.989130020141602 -17.301681518554688 5.099999904632568
v 10.906085014343262 -16.32210922241211 4.900000095367432
v 8.913078308105469 -18.07393455505371 5.199999809265137
v 10.07608699798584 -17.452295303344727 5.199999809265137
v 8.989998817443848 -18.22991371154785 5.300000190734863
v 10.163043975830078 -17.602907180786133 5.300000190734863
v 10.25 -17.753520965576172 5.400000095367432
v 9.06691837310791 -18.38589096069336 5.400000095367432
v 10.25 -17.753520965576172 5.599999904632568
v 12.479609489440918 -16.263744354248047 5.599999904632568
v 9.06691837310791 -18.38589096069336 5.5
v 9.06691837310791 -18.38589096069336 5.599999904632568
v 10.25 -17.753520965576172 5.5
v 15.244011878967285 -6.314276695251465 3.0999999046325684
v 14.954378128051758 -7.374683380126953 3.200000047683716
v 14.798399925231934 -7.297763347625732 3.0999999046325684
v 13.71924877166748 -9.166909217834473 3.0999999046325684
v 14.289419174194336 -8.25 3.0999999046325684
v 13.863851547241211 -9.263529777526855 3.200000047683716
v 13.090330123901367 -10.044563293457031 3.0999999046325684
v 13.228304862976074 -10.150434494018555 3.200000047683716
v 14.440032005310059 -8.336956977844238 3.200000047683716
v 15.40468692779541 -6.38083028793335 3.200000047683716
v 15.110356330871582 -7.451602935791016 3.299999952316284
v 15.565361976623535 -6.447383880615234 3.299999952316284
v 15.26633358001709 -7.528522968292236 3.4000000953674316
v 13.366279602050781 -10.256306648254395 3.299999952316284
v 14.008455276489258 -9.360151290893555 3.299999952316284
v 13.504253387451172 -10.362177848815918 3.4000000953674316
v 14.153059005737305 -9.456771850585938 3.4000000953674316
v 13.642228126525879 -10.468050003051758 3.5
v 14.297661781311035 -9.55339241027832 3.5
v 14.590645790100098 -8.42391300201416 3.299999952316284
v 14.74125862121582 -8.510869979858398 3.4000000953674316
v 14.891871452331543 -8.59782600402832 3.5
v 15.422311782836914 -7.605442523956299 3.5
v 13.780202865600586 -10.573921203613281 3.5999999046325684
v 15.042484283447266 -8.684782981872559 3.5999999046325684
v 15.578289985656738 -7.6823625564575195 3.5999999046325684
v 15.193098068237305 -8.77173900604248 3.700000047683716
v 14.442265510559082 -9.65001392364502 3.5999999046325684
v 14.586869239807129 -9.746634483337402 3.700000047683716
v 13.918177604675293 -10.679792404174805 3.700000047683716
v 14.73147201538086 -9.843255043029785 3.799999952316284
v 14.056151390075684 -10.785664558410645 3.799999952316284
v 15.343710899353027 -8.858695983886719 3.799999952316284
v 14.876075744628906 -9.939876556396484 3.9000000953674316
v 14.19412612915039 -10.891535758972168 3.9000000953674316
v 15.49432373046875 -8.94565200805664 3.9000000953674316
v 15.020679473876953 -10.036497116088867 4
v 15.644937515258789 -9.032608985900879 4
v 15.165282249450684 -10.13311767578125 4.099999904632568
v 16.638212203979492 -1.0905261039733887 3.200000047683716
v 16.464672088623047 -1.0791516304016113 3.0999999046325684
v 16.531265258789062 -2.176382303237915 3.200000047683716
v 16.358840942382812 -2.153682231903076 3.0999999046325684
v 16.35352897644043 -3.2529191970825195 3.200000047683716
v 16.18295669555664 -3.2189903259277344 3.0999999046325684
v 15.937776565551758 -4.270514011383057 3.0999999046325684
v 15.789031028747559 -5.359653472900391 3.200000047683716
v 15.624346733093262 -5.303750991821289 3.0999999046325684
v 16.105762481689453 -4.315526008605957 3.200000047683716
v 16.703691482543945 -2.199082612991333 3.299999952316284
v 16.524099349975586 -3.2868478298187256 3.299999952316284
v 16.81175422668457 -1.101900577545166 3.299999952316284
v 16.985294342041016 -1.1132750511169434 3.4000000953674316
v 17.15883445739746 -1.1246495246887207 3.5
v 16.876115798950195 -2.221782684326172 3.4000000953674316
v 17.048540115356445 -2.24448299407959 3.5
v 16.27375030517578 -4.360538005828857 3.299999952316284
v 15.953714370727539 -5.415555953979492 3.299999952316284
v 16.694671630859375 -3.3207767009735107 3.4000000953674316
v 16.44173812866211 -4.405550003051758 3.4000000953674316
v 16.118396759033203 -5.471458911895752 3.4000000953674316
v 16.609724044799805 -4.450562000274658 3.5
v 16.2830810546875 -5.5273613929748535 3.5
v 16.86524200439453 -3.354705333709717 3.5
v 15.726036071777344 -6.513937950134277 3.4000000953674316
v 15.886711120605469 -6.580491542816162 3.5
v 17.33237648010254 -1.1360238790512085 3.5999999046325684
v 17.505916595458984 -1.1473983526229858 3.700000047683716
v 17.220966339111328 -2.2671830654144287 3.5999999046325684
v 17.393390655517578 -2.2898833751678467 3.700000047683716
v 17.67945671081543 -1.1587728261947632 3.799999952316284
v 17.852996826171875 -1.1701472997665405 3.9000000953674316
v 17.56581687927246 -2.3125836849212646 3.799999952316284
v 17.73824119567871 -2.3352837562561035 3.9000000953674316
v 16.777711868286133 -4.495573997497559 3.5999999046325684
v 16.447765350341797 -5.583263874053955 3.5999999046325684
v 17.03581428527832 -3.388634204864502 3.5999999046325684
v 17.206384658813477 -3.422562837600708 3.700000047683716
v 16.94569969177246 -4.540585994720459 3.700000047683716
v 16.61244773864746 -5.639166355133057 3.700000047683716
v 17.376956939697266 -3.456491708755493 3.799999952316284
v 17.113685607910156 -4.585597991943359 3.799999952316284
v 17.547527313232422 -3.490420341491699 3.9000000953674316
v 17.281673431396484 -4.63060998916626 3.9000000953674316
v 16.777132034301758 -5.695068836212158 3.799999952316284
v 18.026538848876953 -1.1815217733383179 4
v 17.910667419433594 -2.3579840660095215 4
v 17.71809959411621 -3.5243492126464844 4
v 16.941814422607422 -5.75097131729126 3.9000000953674316
v 17.44965934753418 -4.67562198638916 4
v 17.10649871826172 -5.806873798370361 4
v 17.888669967651367 -3.5582778453826904 4.099999904632568
v 17.617647171020508 -4.7206339836120605 4.099999904632568
v 17.271183013916016 -5.862776279449463 4.099999904632568
v 17.785634994506836 -4.765645980834961 4.199999809265137
v 18.059242248535156 -3.5922067165374756 4.199999809265137
v 18.2000789642334 -1.1928962469100952 4.099999904632568
v 18.373619079589844 -1.2042707204818726 4.199999809265137
v 18.083091735839844 -2.3806841373443604 4.099999904632568
v 18.255517959594727 -2.4033844470977783 4.199999809265137
v 16.047386169433594 -6.647045135498047 3.5999999046325684
v 16.20806121826172 -6.713598728179932 3.700000047683716
v 15.734267234802246 -7.759282112121582 3.700000047683716
v 16.36873435974121 -6.780152320861816 3.799999952316284
v 15.89024543762207 -7.8362016677856445 3.799999952316284
v 16.529409408569336 -6.846705913543701 3.9000000953674316
v 16.046222686767578 -7.913121700286865 3.9000000953674316
v 16.20220184326172 -7.990041255950928 4
v 16.69008445739746 -6.913259506225586 4
v 16.850759506225586 -6.979813098907471 4.099999904632568
v 16.358179092407227 -8.066961288452148 4.099999904632568
v 17.43586540222168 -5.9186787605285645 4.199999809265137
v 17.01143455505371 -7.0463666915893555 4.199999809265137
v 16.514156341552734 -8.143880844116211 4.199999809265137
v 15.795550346374512 -9.1195650100708 4.099999904632568
v 15.946163177490234 -9.206521987915039 4.199999809265137
v 15.30988597869873 -10.22973918914795 4.199999809265137
v 10.879205703735352 -12.405356407165527 3.0999999046325684
v 11.667262077331543 -11.667262077331543 3.0999999046325684
v 10.993874549865723 -12.536111831665039 3.200000047683716
v 12.405356407165527 -10.879205703735352 3.0999999046325684
v 11.790237426757812 -11.790237426757812 3.200000047683716
v 12.536111831665039 -10.993874549865723 3.200000047683716
v 11.108543395996094 -12.666866302490234 3.299999952316284
v 11.913211822509766 -11.913211822509766 3.299999952316284
v 11.223212242126465 -12.79762077331543 3.4000000953674316
v 12.666866302490234 -11.108543395996094 3.299999952316284
v 12.79762077331543 -11.223212242126465 3.4000000953674316
v 12.036187171936035 -12.036187171936035 3.4000000953674316
v 11.337881088256836 -12.928376197814941 3.5
v 12.159162521362305 -12.159162521362305 3.5
v 12.928376197814941 -11.337881088256836 3.5
v 11.452549934387207 -13.059130668640137 3.5999999046325684
v 12.282136917114258 -12.282136917114258 3.5999999046325684
v 12.405112266540527 -12.405112266540527 3.700000047683716
v 11.567218780517578 -13.189885139465332 3.700000047683716
v 13.059130668640137 -11.452549934387207 3.5999999046325684
v 13.189885139465332 -11.567218780517578 3.700000047683716
v 12.528087615966797 -12.528087615966797 3.799999952316284
v 11.68188762664795 -13.320639610290527 3.799999952316284
v 10.891535758972168 -14.19412612915039 3.9000000953674316
v 11.79655647277832 -13.451395034790039 3.9000000953674316
v 10.997406959533691 -14.332100868225098 4
v 11.103279113769531 -14.470075607299805 4.099999904632568
v 11.209150314331055 -14.608049392700195 4.199999809265137
v 11.911225318908691 -13.582149505615234 4
v 12.025894165039062 -13.71290397644043 4.099999904632568
v 12.651062965393066 -12.651062965393066 3.9000000953674316
v 12.77403736114502 -12.77403736114502 4
v 12.140563011169434 -13.843659400939941 4.199999809265137
v 12.897012710571289 -12.897012710571289 4.099999904632568
v 13.019988059997559 -13.019988059997559 4.199999809265137
v 13.320639610290527 -11.68188762664795 3.799999952316284
v 13.451395034790039 -11.79655647277832 3.9000000953674316
v 13.582149505615234 -11.911225318908691 4
v 14.332100868225098 -10.997406959533691 4
v 13.71290397644043 -12.025894165039062 4.099999904632568
v 14.470075607299805 -11.103279113769531 4.099999904632568
v 13.843659400939941 -12.140563011169434 4.199999809265137
v 14.608049392700195 -11.209150314331055 4.199999809265137
v 17.95362091064453 -4.810657978057861 4.300000190734863
v 18.547161102294922 -1.2156450748443604 4.300000190734863
v 18.720701217651367 -1.2270195484161377 4.400000095367432
v 18.427942276000977 -2.426084518432617 4.300000190734863
v 18.60036849975586 -2.448784828186035 4.400000095367432
v 18.894241333007812 -1.238394021987915 4.5
v 19.06778335571289 -1.2497684955596924 4.599999904632568
v 18.77279281616211 -2.471485137939453 4.5
v 18.945219039916992 -2.494185209274292 4.599999904632568
v 18.229812622070312 -3.6261353492736816 4.300000190734863
v 18.4003849029541 -3.660064220428467 4.400000095367432
v 18.12160873413086 -4.855669975280762 4.400000095367432
v 18.570955276489258 -3.693992853164673 4.5
v 18.741527557373047 -3.727921724319458 4.599999904632568
v 18.289594650268555 -4.900681972503662 4.5
v 18.457582473754883 -4.9456939697265625 4.599999904632568
v 19.241323471069336 -1.2611429691314697 4.699999809265137
v 19.117643356323242 -2.51688551902771 4.699999809265137
v 19.290067672729492 -2.539585590362549 4.800000190734863
v 19.41486358642578 -1.272517442703247 4.800000190734863
v 19.588403701782227 -1.2838919162750244 4.900000095367432
v 19.462493896484375 -2.562285900115967 4.900000095367432
v 18.912097930908203 -3.761850357055664 4.699999809265137
v 18.62557029724121 -4.990705966949463 4.699999809265137
v 19.082670211791992 -3.795779228210449 4.800000190734863
v 19.25324058532715 -3.8297078609466553 4.900000095367432
v 18.793556213378906 -5.035717964172363 4.800000190734863
v 18.961544036865234 -5.080729961395264 4.900000095367432
v 17.600549697875977 -5.974581241607666 4.300000190734863
v 17.172109603881836 -7.112920761108398 4.300000190734863
v 17.76523208618164 -6.030483722686768 4.400000095367432
v 17.332782745361328 -7.179474353790283 4.400000095367432
v 16.670135498046875 -8.220800399780273 4.300000190734863
v 16.826112747192383 -8.297720909118652 4.400000095367432
v 17.493457794189453 -7.246027946472168 4.5
v 16.98208999633789 -8.374640464782715 4.5
v 17.929916381835938 -6.086386203765869 4.5
v 17.654132843017578 -7.312581539154053 4.599999904632568
v 16.096776962280273 -9.293478012084961 4.300000190734863
v 16.24738883972168 -9.3804349899292 4.400000095367432
v 15.454489707946777 -10.326359748840332 4.300000190734863
v 15.599092483520508 -10.422981262207031 4.400000095367432
v 15.743696212768555 -10.519601821899414 4.5
v 16.39800262451172 -9.467391014099121 4.5
v 15.888299942016602 -10.616222381591797 4.599999904632568
v 16.548616409301758 -9.55434799194336 4.599999904632568
v 17.13806915283203 -8.451560020446777 4.599999904632568
v 18.0945987701416 -6.142288684844971 4.599999904632568
v 17.814807891845703 -7.3791351318359375 4.699999809265137
v 16.699228286743164 -9.641304016113281 4.699999809265137
v 16.03290367126465 -10.712843894958496 4.699999809265137
v 16.849842071533203 -9.72826099395752 4.800000190734863
v 16.177507400512695 -10.809464454650879 4.800000190734863
v 17.29404640197754 -8.52847957611084 4.699999809265137
v 17.450023651123047 -8.605400085449219 4.800000190734863
v 17.975482940673828 -7.445688724517822 4.800000190734863
v 17.606000900268555 -8.682319641113281 4.900000095367432
v 18.13615608215332 -7.512242317199707 4.900000095367432
v 17.000455856323242 -9.815217018127441 4.900000095367432
v 16.32210922241211 -10.906085014343262 4.900000095367432
v 18.2592830657959 -6.198191165924072 4.699999809265137
v 18.423967361450195 -6.254094123840332 4.800000190734863
v 18.58864974975586 -6.309996604919434 4.900000095367432
v 19.761945724487305 -1.2952662706375122 5
v 19.93548583984375 -1.3066407442092896 5.099999904632568
v 19.634918212890625 -2.5849859714508057 5
v 19.807344436645508 -2.6076862812042236 5.099999904632568
v 20.109025955200195 -1.318015217781067 5.199999809265137
v 20.282567977905273 -1.3293896913528442 5.300000190734863
v 19.979768753051758 -2.6303863525390625 5.199999809265137
v 20.15219497680664 -2.6530866622924805 5.300000190734863
v 19.129531860351562 -5.125741958618164 5
v 19.423812866210938 -3.8636367321014404 5
v 19.594383239746094 -3.8975653648376465 5.099999904632568
v 19.297517776489258 -5.1707539558410645 5.099999904632568
v 19.764955520629883 -3.9314942359924316 5.199999809265137
v 19.935527801513672 -3.9654228687286377 5.300000190734863
v 19.465505599975586 -5.215765953063965 5.199999809265137
v 19.633493423461914 -5.260777950286865 5.300000190734863
v 20.45610809326172 -1.3407641649246216 5.400000095367432
v 20.32461929321289 -2.6757869720458984 5.400000095367432
v 20.45610809326172 -1.3407641649246216 5.5
v 20.45610809326172 -1.3407641649246216 5.599999904632568
v 20.32461929321289 -2.6757869720458984 5.5
v 20.106098175048828 -3.999351739883423 5.400000095367432
v 19.80147933959961 -5.305789947509766 5.400000095367432
v 20.106098175048828 -3.999351739883423 5.5
v 20.106098175048828 -3.999351739883423 5.599999904632568
v 19.80147933959961 -5.305789947509766 5.5
v 19.80147933959961 -5.305789947509766 5.599999904632568
v 17.761980056762695 -8.759239196777344 5
v 17.15106773376465 -9.90217399597168 5
v 16.466712951660156 -11.002706527709961 5
v 17.301681518554688 -9.989130020141602 5.099999904632568
v 17.917957305908203 -8.836158752441406 5.099999904632568
v 17.452295303344727 -10.07608699798584 5.199999809265137
v 18.07393455505371 -8.913078308105469 5.199999809265137
v 17.602907180786133 -10.163043975830078 5.300000190734863
v 18.22991371154785 -8.989998817443848 5.300000190734863
v 17.753520965576172 -10.25 5.400000095367432
v 18.939529418945312 -7.845010757446289 5.599999904632568
v 17.753520965576172 -10.25 5.599999904632568
v 18.753334045410156 -6.365899085998535 5
v 18.91801643371582 -6.421801567077637 5.099999904632568
v 18.296831130981445 -7.578795909881592 5
v 18.45750617980957 -7.645349502563477 5.099999904632568
v 19.082700729370117 -6.477704048156738 5.199999809265137
v 18.618181228637695 -7.711903095245361 5.199999809265137
v 18.77885627746582 -7.778457164764404 5.300000190734863
v 19.247385025024414 -6.53360652923584 5.300000190734863
v 18.939529418945312 -7.845010757446289 5.400000095367432
v 19.412067413330078 -6.589509010314941 5.400000095367432
v 18.939529418945312 -7.845010757446289 5.5
v 19.412067413330078 -6.589509010314941 5.5
v 19.412067413330078 -6.589509010314941 5.599999904632568
v 18.38589096069336 -9.06691837310791 5.400000095367432
v 18.38589096069336 -9.06691837310791 5.5
v 18.38589096069336 -9.06691837310791 5.599999904632568
v 17.753520965576172 -10.25 5.5
v 11.315022468566895 -14.746024131774902 4.300000190734863
v 11.420893669128418 -14.88399887084961 4.400000095367432
v 11.526764869689941 -15.021973609924316 4.5
v 13.142963409423828 -13.142963409423828 4.300000190734863
v 12.255231857299805 -13.974413871765137 4.300000190734863
v 12.369900703430176 -14.105168342590332 4.400000095367432
v 13.265937805175781 -13.265937805175781 4.400000095367432
v 12.484569549560547 -14.235922813415527 4.5
v 11.632637023925781 -15.159947395324707 4.599999904632568
v 12.599238395690918 -14.366678237915039 4.599999904632568
v 11.738508224487305 -15.297922134399414 4.699999809265137
v 12.713907241821289 -14.497432708740234 4.699999809265137
v 11.844379425048828 -15.435896873474121 4.800000190734863
v 12.82857608795166 -14.62818717956543 4.800000190734863
v 11.950251579284668 -15.573870658874512 4.900000095367432
v 12.943244934082031 -14.758942604064941 4.900000095367432
v 13.974413871765137 -12.255231857299805 4.300000190734863
v 14.105168342590332 -12.369900703430176 4.400000095367432
v 14.235922813415527 -12.484569549560547 4.5
v 13.38891315460205 -13.38891315460205 4.5
v 14.746024131774902 -11.315022468566895 4.300000190734863
v 14.88399887084961 -11.420893669128418 4.400000095367432
v 15.021973609924316 -11.526764869689941 4.5
v 15.159947395324707 -11.632637023925781 4.599999904632568
v 14.366678237915039 -12.599238395690918 4.599999904632568
v 13.51188850402832 -13.51188850402832 4.599999904632568
v 14.497432708740234 -12.713907241821289 4.699999809265137
v 15.297922134399414 -11.738508224487305 4.699999809265137
v 15.435896873474121 -11.844379425048828 4.800000190734863
v 14.62818717956543 -12.82857608795166 4.800000190734863
v 14.758942604064941 -12.943244934082031 4.900000095367432
v 15.573870658874512 -11.950251579284668 4.900000095367432
v 13.63486385345459 -13.63486385345459 4.699999809265137
v 13.757838249206543 -13.757838249206543 4.800000190734863
v 13.880813598632812 -13.880813598632812 4.900000095367432
v 12.056122779846191 -15.711845397949219 5
v 13.057913780212402 -14.889697074890137 5
v 13.172582626342773 -15.020451545715332 5.099999904632568
v 12.161993980407715 -15.849820137023926 5.099999904632568
v 14.889697074890137 -13.057913780212402 5
v 15.711845397949219 -12.056122779846191 5
v 15.020451545715332 -13.172582626342773 5.099999904632568
v 14.003788948059082 -14.003788948059082 5
v 14.126763343811035 -14.126763343811035 5.099999904632568
v 13.287251472473145 -15.151206016540527 5.199999809265137
v 14.249738693237305 -14.249738693237305 5.199999809265137
v 13.401920318603516 -15.281961441040039 5.300000190734863
v 15.151206016540527 -13.287251472473145 5.199999809265137
v 14.372714042663574 -14.372714042663574 5.300000190734863
v 15.849820137023926 -12.161993980407715 5.099999904632568
v 13.516589164733887 -15.412715911865234 5.400000095367432
v 14.495689392089844 -14.495689392089844 5.400000095367432
v 13.516589164733887 -15.412715911865234 5.5
v 14.495689392089844 -14.495689392089844 5.5
v 13.516589164733887 -15.412715911865234 5.599999904632568
v 15.281961441040039 -13.401920318603516 5.300000190734863
v 15.412715911865234 -13.516589164733887 5.400000095367432
v 15.412715911865234 -13.516589164733887 5.5
v 14.495689392089844 -14.495689392089844 5.599999904632568
v 15.412715911865234 -13.516589164733887 5.599999904632568
v 11.002706527709961 -16.466712951660156 5
v 11.099327087402344 -16.611316680908203 5.099999904632568
v 11.195947647094727 -16.75592041015625 5.199999809265137
v 12.267866134643555 -15.987794876098633 5.199999809265137
v 11.292569160461426 -16.900524139404297 5.300000190734863
v 12.373737335205078 -16.125768661499023 5.300000190734863
v 11.389189720153809 -17.04512596130371 5.400000095367432
v 11.389189720153809 -17.04512596130371 5.5
v 11.389189720153809 -17.04512596130371 5.599999904632568
v 12.479609489440918 -16.263744354248047 5.400000095367432
v 12.479609489440918 -16.263744354248047 5.5
v 16.611316680908203 -11.099327087402344 5.099999904632568
v 16.75592041015625 -11.195947647094727 5.199999809265137
v 15.987794876098633 -12.267866134643555 5.199999809265137
v 16.125768661499023 -12.373737335205078 5.300000190734863
v 16.900524139404297 -11.292569160461426 5.300000190734863
v 16.263744354248047 -12.479609489440918 5.400000095367432
v 17.04512596130371 -11.389189720153809 5.400000095367432
v 16.263744354248047 -12.479609489440918 5.5
v 17.04512596130371 -11.389189720153809 5.5
v 17.04512596130371 -11.389189720153809 5.599999904632568
v -2.775135040283203 -15.316757202148438 5
v -2.545405387878418 -15.353513717651367 5
v -2.545405387878418 -15.316757202148438 5
v -2.545405387878418 -15.316757202148438 5.599999904632568
v -2.775135040283203 -15.316757202148438 5.599999904632568
v -2.775135040283203 -15.546486854553223 5
v -2.775135040283203 -15.546486854553223 5.599999904632568
v -1.13027024269104 -15.353513717651367 5
v -1.13027024269104 -15.546486854553223 5
v -1.13027024269104 -15.546486854553223 5.599999904632568
v -1.13027024269104 -15.353513717651367 5.599999904632568
v -2.0859458446502686 -14.627567291259766 5
v -2.0859458446502686 -14.85729694366455 5
v -1.6264865398406982 -14.627567291259766 5
v -2.0859458446502686 -14.627567291259766 5.599999904632568
v -1.6264865398406982 -14.627567291259766 5
v -1.6264865398406982 -14.627567291259766 5.599999904632568
v 0.018378378823399544 -14.627567291259766 5
v -0.20850339531898499 -14.664324760437012 5
v -0.44108107686042786 -14.85729694366455 5
v 0.018378378823399544 -14.645946502685547 5
v -0.44108107686042786 -14.894054412841797 5
v 0.018378378823399544 -14.894054412841797 5
v 0.018378378823399544 -14.664324760437012 5
v -0.44108107686042786 -14.894054412841797 5.599999904632568
v -2.0859458446502686 -14.85729694366455 5.599999904632568
v 0.018378378823399544 -14.894054412841797 5.599999904632568
v 0.018378378823399544 -14.645946502685547 5
v 0.018378378823399544 -14.664324760437012 5
v 0.018378378823399544 -14.627567291259766 5.599999904632568
v -0.9372972846031189 -12.559999465942383 5
v -0.9372972846031189 -12.789730072021484 5
v -0.707567572593689 -12.596756935119629 5
v -0.707567572593689 -12.559999465942383 5
v -0.5123732089996338 -12.559999465942383 5
v 0.4806858003139496 -12.596756935119629 5
v -0.9372972846031189 -12.559999465942383 5.599999904632568
v -0.707567572593689 -12.559999465942383 5
v -0.707567572593689 -12.559999465942383 5.599999904632568
v -0.9372972846031189 -12.789730072021484 5.599999904632568
v 0.707567572593689 -12.789730072021484 5
v 0.707567572593689 -12.559999465942383 5
v 0.707567572593689 -12.789730072021484 5.084136962890625
v 0.707567572593689 -12.826486587524414 5.599999904632568
v 0.707567572593689 -12.80810832977295 5.0420684814453125
v 0.707567572593689 -12.80810832977295 5
v 0.707567572593689 -12.826486587524414 5
v 0.707567572593689 -12.559999465942383 5.599999904632568
v -0.9372972846031189 -13.0562162399292 5
v -0.9372972846031189 -13.249189376831055 5
v 0.707567572593689 -13.0562162399292 5
v -0.9372972846031189 -13.0562162399292 5.599999904632568
v -0.9372972846031189 -13.249189376831055 5
v -0.9372972846031189 -13.249189376831055 5.599999904632568
v 0.707567572593689 -13.249189376831055 5
v 0.707567572593689 -13.01945972442627 5
v 0.707567572593689 -13.0562162399292 5
v 0.707567572593689 -13.285945892333984 5.599999904632568
v 0.707567572593689 -13.249189376831055 5
v 0.707567572593689 -13.285945892333984 5
v 0.707567572593689 -13.01945972442627 5.599999904632568
v -0.707567572593689 -12.100540161132812 5
v -0.47783783078193665 -12.137297630310059 5
v -0.47783783078193665 -12.100540161132812 5
v -0.707567572593689 -12.330269813537598 5
v 0.5123732089996338 -12.137297630310059 5
v -0.707567572593689 -12.100540161132812 5.599999904632568
v -0.47783783078193665 -12.100540161132812 5.599999904632568
v -0.707567572593689 -12.330269813537598 5.599999904632568
v 0.707567572593689 -12.330269813537598 5
v 0.707567572593689 -12.100540161132812 5
v 0.707567572593689 -12.330269813537598 5
v 0.707567572593689 -12.367027282714844 5.599999904632568
v 0.707567572593689 -12.367027282714844 5
v 0.707567572593689 -12.100540161132812 5.599999904632568
v -0.24810810387134552 -11.641080856323242 5
v -0.24810810387134552 -11.870810508728027 5
v -0.018378378823399544 -11.641080856323242 5
v -0.018378378823399544 -11.641080856323242 5
v -0.24810810387134552 -11.641080856323242 5.599999904632568
v -0.24810810387134552 -11.870810508728027 5.599999904632568
v -0.018378378823399544 -11.641080856323242 5.599999904632568
v 0.707567572593689 -11.641080856323242 5
v 0.707567572593689 -11.870810508728027 5
v 0.707567572593689 -11.870810508728027 5
v 0.707567572593689 -11.907567024230957 5.599999904632568
v 0.707567572593689 -11.907567024230957 5
v 0.707567572593689 -11.641080856323242 5.599999904632568
v -0.6708108186721802 -15.316757202148438 5
v -0.6708108186721802 -15.353513717651367 5
v -0.018378378823399544 -15.316757202148438 5
v 0.47783783078193665 -15.316757202148438 5
v -0.6708108186721802 -15.316757202148438 5
v -0.018378378823399544 -15.316757202148438 5
v -0.018378378823399544 -15.316757202148438 5.599999904632568
v -0.6708108186721802 -15.316757202148438 5.599999904632568
v -0.9372972846031189 -15.353513717651367 5
v -0.9372972846031189 -15.546486854553223 5
v 0.24810810387134552 -15.546486854553223 5
v -0.9372972846031189 -15.353513717651367 5.599999904632568
v -0.9372972846031189 -15.546486854553223 5.599999904632568
v 0.47783783078193665 -15.583243370056152 5
v 0.24810810387134552 -15.583243370056152 5
v 0.47783783078193665 -15.583243370056152 5.599999904632568
v 0.24810810387134552 -15.583243370056152 5.599999904632568
v 0.47783783078193665 -15.316757202148438 5.599999904632568
v -0.707567572593689 -13.51567554473877 5
v -0.707567572593689 -13.708648681640625 5
v -0.21135134994983673 -13.51567554473877 5
v -0.21135134994983673 -13.708648681640625 5
v -0.707567572593689 -13.51567554473877 5.599999904632568
v -0.21135134994983673 -13.708648681640625 5
v -0.21135134994983673 -13.745405197143555 5.599999904632568
v -0.21135134994983673 -13.745405197143555 5
v -0.707567572593689 -13.708648681640625 5.599999904632568
v -0.21135134994983673 -13.51567554473877 5.599999904632568
v -0.47783783078193665 -13.97513484954834 5
v -0.47783783078193665 -14.204864501953125 5
v -0.21135134994983673 -13.97513484954834 5
v -0.018378378823399544 -13.97513484954834 5
v -0.21135134994983673 -13.93837833404541 5
v -0.018378378823399544 -13.93837833404541 5
v 0.018378378823399544 -14.204864501953125 5
v -0.47783783078193665 -13.97513484954834 5.599999904632568
v -0.21135134994983673 -13.93837833404541 5
v -0.018378378823399544 -13.93837833404541 5.599999904632568
v -0.47783783078193665 -14.204864501953125 5.599999904632568
v -0.21135134994983673 -13.93837833404541 5.599999904632568
v 0.018378378823399544 -14.204864501953125 5.599999904632568
v 0.018378378823399544 -13.97513484954834 5
v 0.018378378823399544 -13.97513484954834 5.599999904632568
v -0.018378378823399544 -13.51567554473877 5
v -0.018378378823399544 -13.51567554473877 5.599999904632568
v -0.018378378823399544 -13.708648681640625 5
v -0.018378378823399544 -13.708648681640625 5.599999904632568
v 0.707567572593689 -13.51567554473877 5
v 0.707567572593689 -13.708648681640625 5
v 0.707567572593689 -13.47891902923584 5
v 0.707567572593689 -13.51567554473877 5
v 0.707567572593689 -13.745405197143555 5.599999904632568
v 0.707567572593689 -13.708648681640625 5
v 0.707567572593689 -13.745405197143555 5
v 0.707567572593689 -13.47891902923584 5.599999904632568
v -3.0048649311065674 -15.812973022460938 5
v -3.0048649311065674 -15.812973022460938 5.305000305175781
v -3.0048649311065674 -16.005945205688477 5
v -3.0048649311065674 -15.776216506958008 5.599999904632568
v -3.0048649311065674 -15.812973022460938 5.525863170623779
v -3.0048649311065674 -16.005945205688477 5.599999904632568
v -3.0048649311065674 -15.776216506958008 5.347068786621094
v -3.0048649311065674 -15.780585289001465 5.599999904632568
v -3.0048649311065674 -15.812973022460938 5.599999904632568
v 0.018378378823399544 -15.812973022460938 5
v -0.21135134994983673 -16.005945205688477 5
v 0.018378378823399544 -16.04270362854004 5
v -0.21135134994983673 -16.04270362854004 5
v -0.21135134994983673 -16.04270362854004 5.599999904632568
v 0.018378378823399544 -16.04270362854004 5.599999904632568
v 0.018378378823399544 -15.812973022460938 5.599999904632568
v -3.0048649311065674 -16.272432327270508 5
v -3.0048649311065674 -16.50216293334961 5.599999904632568
v -3.0048649311065674 -16.50216293334961 5
v -3.0048649311065674 -16.272432327270508 5.599999904632568
v -0.6708108186721802 -16.272432327270508 5
v -0.6708108186721802 -16.50216293334961 5
v -0.6708108186721802 -16.50216293334961 5.599999904632568
v -0.6708108186721802 -16.272432327270508 5.599999904632568
v 0.21135134994983673 -11.181621551513672 5
v 0.21135134994983673 -11.411351203918457 5
v 0.47783783078193665 -11.181621551513672 5
v 0.47783783078193665 -11.411351203918457 5
v 0.21135134994983673 -11.181621551513672 5.599999904632568
v 0.47783783078193665 -11.181621551513672 5.599999904632568
v 0.47783783078193665 -11.411351203918457 5.599999904632568
v 0.21135134994983673 -11.411351203918457 5.599999904632568
v 0.21135134994983673 -13.97513484954834 5
v 0.21135134994983673 -14.204864501953125 5
v 0.707567572593689 -13.97513484954834 5
v 0.707567572593689 -14.204864501953125 5
v 0.21135134994983673 -13.97513484954834 5.599999904632568
v 0.707567572593689 -13.93837833404541 5
v 0.707567572593689 -13.97513484954834 5
v 0.707567572593689 -14.204864501953125 5.599999904632568
v 0.21135134994983673 -14.204864501953125 5.599999904632568
v 0.707567572593689 -13.93837833404541 5.599999904632568
v 0.21135134994983673 -14.85729694366455 5
v 0.21135134994983673 -15.087026596069336 5
v 0.47783783078193665 -14.85729694366455 5
v 0.47783783078193665 -15.087026596069336 5
v 0.21135134994983673 -14.85729694366455 5.599999904632568
v 0.47783783078193665 -14.85729694366455 5.599999904632568
v 0.47783783078193665 -15.087026596069336 5
v 0.47783783078193665 -15.123784065246582 5.599999904632568
v 0.47783783078193665 -15.123784065246582 5
v 0.21135134994983673 -15.087026596069336 5.599999904632568
v 0.6708108186721802 -14.85729694366455 5
v 0.6708108186721802 -15.087026596069336 5
v 0.9372972846031189 -14.85729694366455 5
v 0.9372972846031189 -15.087026596069336 5
v 0.6708108186721802 -14.85729694366455 5.599999904632568
v 0.9372972846031189 -14.85729694366455 5.599999904632568
v 0.9372972846031189 -15.087026596069336 5.599999904632568
v 0.6708108186721802 -15.087026596069336 5.599999904632568
v 0.6708108186721802 -15.123784065246582 5.525860786437988
v 0.6708108186721802 -15.091395378112793 5.599999904632568
v 0.6708108186721802 -15.123784065246582 5.599999904632568
v 1.1670269966125488 -15.316757202148438 5
v 1.1670269966125488 -15.353513717651367 5
v 1.3967567682266235 -15.316757202148438 5
v 0.6708108186721802 -15.316757202148438 5.084136962890625
v 0.6708108186721802 -15.316757202148438 5.599999904632568
v 0.6708108186721802 -15.353513717651367 5
v 1.1670269966125488 -15.316757202148438 5
v 1.3967567682266235 -15.316757202148438 5.599999904632568
v 1.1670269966125488 -15.316757202148438 5.599999904632568
v 0.6708108186721802 -15.353513717651367 5
v 0.6708108186721802 -15.546486854553223 5
v 1.3967567682266235 -15.546486854553223 5
v 1.3967567682266235 -15.546486854553223 5
v 1.3967567682266235 -15.583243370056152 5.599999904632568
v 1.3967567682266235 -15.583243370056152 5
v 0.6708108186721802 -15.546486854553223 5.599999904632568
v 0.9005405306816101 -14.39783763885498 5
v 0.9005405306816101 -14.664324760437012 5
v 1.3967567682266235 -14.39783763885498 5
v 1.13027024269104 -14.664324760437012 5
v 1.13027024269104 -14.627567291259766 5
v 0.9005405306816101 -14.39783763885498 5.599999904632568
v 1.3967567682266235 -14.39783763885498 5.599999904632568
v 0.9005405306816101 -14.664324760437012 5.599999904632568
v 1.13027024269104 -14.664324760437012 5
v 1.3967567682266235 -14.627567291259766 5
v 1.3967567682266235 -14.627567291259766 5.599999904632568
v 1.13027024269104 -14.664324760437012 5.599999904632568
v 1.3600000143051147 -14.894054412841797 5
v 1.3600000143051147 -15.123784065246582 5
v 1.8562161922454834 -14.894054412841797 5
v 1.5897297859191895 -15.123784065246582 5
v 1.5897297859191895 -15.087026596069336 5
v 2.315675735473633 -14.85729694366455 5
v 1.8562161922454834 -14.85729694366455 5
v 2.315675735473633 -15.087026596069336 5
v 1.3600000143051147 -14.894054412841797 5.599999904632568
v 1.3600000143051147 -15.123784065246582 5.599999904632568
v 1.5897297859191895 -15.123784065246582 5
v 1.8562161922454834 -14.85729694366455 5
v 2.315675735473633 -14.85729694366455 5.599999904632568
v 2.315675735473633 -15.087026596069336 5.599999904632568
v 1.5897297859191895 -15.123784065246582 5.599999904632568
v 1.8562161922454834 -14.85729694366455 5.599999904632568
v 2.545405387878418 -15.316757202148438 5
v 2.545405387878418 -15.353513717651367 5
v 2.775135040283203 -15.316757202148438 5
v 2.545405387878418 -15.316757202148438 5
v 2.775135040283203 -15.316757202148438 5.599999904632568
v 2.545405387878418 -15.316757202148438 5.599999904632568
v 1.8194594383239746 -15.353513717651367 5
v 1.8194594383239746 -15.546486854553223 5
v 2.775135040283203 -15.546486854553223 5
v 1.8194594383239746 -15.353513717651367 5.599999904632568
v 1.8194594383239746 -15.546486854553223 5.599999904632568
v 2.775135040283203 -15.546486854553223 5
v 2.775135040283203 -15.583243370056152 5.599999904632568
v 2.775135040283203 -15.583243370056152 5
v 0.6708108186721802 -15.812973022460938 5
v 0.6708108186721802 -16.005945205688477 5
v 1.3967567682266235 -15.812973022460938 5
v 1.6264865398406982 -15.776216506958008 5
v 0.6708108186721802 -15.812973022460938 5.599999904632568
v 1.6264865398406982 -16.005945205688477 5
v 1.3967567682266235 -15.776216506958008 5
v 1.3967567682266235 -15.776216506958008 5
v 1.6264865398406982 -15.776216506958008 5.599999904632568
v 1.6264865398406982 -16.005945205688477 5
v 1.6264865398406982 -16.04270362854004 5.599999904632568
v 1.6264865398406982 -16.04270362854004 5
v 0.6708108186721802 -16.005945205688477 5.599999904632568
v 1.3967567682266235 -15.776216506958008 5.599999904632568
v 0.6708108186721802 -16.272432327270508 5
v 0.6708108186721802 -16.465404510498047 5
v 1.350982427597046 -16.272432327270508 5
v 0.781228244304657 -16.241641998291016 5
v 0.8026269674301147 -16.235675811767578 5
v 1.6264865398406982 -16.235675811767578 5
v 0.6708108186721802 -16.272432327270508 5.599999904632568
v 1.8562161922454834 -16.235675811767578 5
v 1.8562161922454834 -16.465404510498047 5
v 1.6264865398406982 -16.235675811767578 5
v 1.8562161922454834 -16.235675811767578 5.599999904632568
v 1.8562161922454834 -16.465404510498047 5
v 1.8562161922454834 -16.50216293334961 5.599999904632568
v 1.8562161922454834 -16.50216293334961 5
v 0.6708108186721802 -16.465404510498047 5.599999904632568
v 1.6264865398406982 -16.235675811767578 5.599999904632568
v 0.6708108186721802 -16.731891632080078 5
v 0.6708108186721802 -16.92486572265625 5
v 0.8343135714530945 -16.69513511657715 5
v 2.0491890907287598 -16.731891632080078 5
v 0.6708108186721802 -16.731891632080078 5
v 0.6708108186721802 -16.731891632080078 5.599999904632568
v 1.8562161922454834 -16.69513511657715 5
v 2.0859458446502686 -16.92486572265625 5
v 2.0491890907287598 -16.69513511657715 5
v 2.0859458446502686 -16.731891632080078 5
v 1.8562161922454834 -16.69513511657715 5
v 2.0491890907287598 -16.69513511657715 5.599999904632568
v 2.0859458446502686 -16.92486572265625 5
v 2.0859458446502686 -16.96162223815918 5.599999904632568
v 2.0859458446502686 -16.96162223815918 5
v 0.6708108186721802 -16.92486572265625 5.599999904632568
v 1.8562161922454834 -16.69513511657715 5.599999904632568
v 2.0859458446502686 -16.731891632080078 5.599999904632568
v 0.6708108186721802 -17.19135093688965 5
v 0.6708108186721802 -17.42108154296875 5
v 2.0859458446502686 -17.19135093688965 5
v 0.6708108186721802 -17.19135093688965 5.599999904632568
v 0.6708108186721802 -17.42108154296875 5.599999904632568
v 0.9005405306816101 -17.42108154296875 5
v 0.9005405306816101 -17.42108154296875 5
v 3.2345945835113525 -17.15459442138672 5
v 2.0859458446502686 -17.15459442138672 5
v 2.278918981552124 -17.15459442138672 5
v 3.2345945835113525 -17.42108154296875 5
v 2.0859458446502686 -17.15459442138672 5
v 2.278918981552124 -17.15459442138672 5
v 2.278918981552124 -17.15459442138672 5.599999904632568
v 0.9005405306816101 -17.42108154296875 5.599999904632568
v 2.0859458446502686 -17.15459442138672 5.599999904632568
v 3.2345945835113525 -17.42108154296875 5.599999904632568
v 3.2345945835113525 -17.15459442138672 5.599999904632568
v 0.9005405306816101 -17.65081024169922 5
v 0.9005405306816101 -17.65081024169922 5.599999904632568
v 0.9005405306816101 -17.88054084777832 5
v 0.9005405306816101 -17.88054084777832 5.599999904632568
v 1.13027024269104 -17.88054084777832 5
v 3.2345945835113525 -17.65081024169922 5
v 1.13027024269104 -17.88054084777832 5
v 3.2345945835113525 -17.88054084777832 5
v 1.13027024269104 -17.88054084777832 5.599999904632568
v 3.2345945835113525 -17.61405372619629 5
v 3.2345945835113525 -17.65081024169922 5
v 3.2345945835113525 -17.88054084777832 5.599999904632568
v 3.2345945835113525 -17.61405372619629 5.599999904632568
v 1.3600000143051147 -18.11026954650879 5
v 1.3600000143051147 -18.34000015258789 5
v 1.5897297859191895 -18.307342529296875 5
v 1.5897297859191895 -18.30324363708496 5
v 1.5897297859191895 -18.34000015258789 5
v 3.2345945835113525 -18.11026954650879 5
v 1.6185624599456787 -18.30324363708496 5
v 3.2345945835113525 -18.34000015258789 5
v 1.3600000143051147 -18.11026954650879 5.599999904632568
v 1.3600000143051147 -18.34000015258789 5.599999904632568
v 1.5897297859191895 -18.34000015258789 5
v 1.5897297859191895 -18.34000015258789 5.599999904632568
v 3.2345945835113525 -18.07351303100586 5
v 3.2345945835113525 -18.11026954650879 5
v 3.2345945835113525 -18.34000015258789 5.599999904632568
v 3.2345945835113525 -18.07351303100586 5.599999904632568
v 1.5897297859191895 -18.56972885131836 5
v 1.5897297859191895 -18.79945945739746 5
v 3.2345945835113525 -18.56972885131836 5
v 2.0491890907287598 -18.79945945739746 5
v 1.5897297859191895 -18.56972885131836 5.599999904632568
v 1.5897297859191895 -18.79945945739746 5.599999904632568
v 2.0491890907287598 -18.79945945739746 5
v 2.0491890907287598 -18.79945945739746 5.599999904632568
v 3.2345945835113525 -18.79945945739746 5
v 3.2345945835113525 -18.53297233581543 5
v 3.2345945835113525 -18.56972885131836 5
v 3.2345945835113525 -18.79945945739746 5.599999904632568
v 3.2345945835113525 -18.53297233581543 5.599999904632568
v 2.0491890907287598 -15.812973022460938 5
v 2.0491890907287598 -16.005945205688477 5
v 2.775135040283203 -15.812973022460938 5
v 2.0491890907287598 -15.812973022460938 5.599999904632568
v 2.0491890907287598 -16.005945205688477 5.599999904632568
v 3.0048649311065674 -15.776216506958008 5
v 3.0048649311065674 -16.005945205688477 5
v 2.775135040283203 -15.776216506958008 5
v 2.775135040283203 -15.776216506958008 5
v 3.0048649311065674 -15.776216506958008 5.599999904632568
v 3.0048649311065674 -16.005945205688477 5
v 3.0048649311065674 -16.04270362854004 5.599999904632568
v 3.0048649311065674 -16.04270362854004 5
v 2.775135040283203 -15.776216506958008 5.599999904632568
v 2.0491890907287598 -16.272432327270508 5
v 2.0491890907287598 -16.465404510498047 5
v 3.0048649311065674 -16.272432327270508 5
v 2.0491890907287598 -16.272432327270508 5.2629313468933105
v 2.0491890907287598 -16.235675811767578 5.347068786621094
v 2.0491890907287598 -16.235675811767578 5.599999904632568
v 2.0491890907287598 -16.272432327270508 5.525863170623779
v 2.0491890907287598 -16.465404510498047 5.599999904632568
v 2.0491890907287598 -16.24004364013672 5.599999904632568
v 2.0491890907287598 -16.272432327270508 5.599999904632568
v 3.0048649311065674 -16.465404510498047 5
v 3.0048649311065674 -16.235675811767578 5
v 3.0048649311065674 -16.272432327270508 5
v 3.0048649311065674 -16.465404510498047 5.599999904632568
v 3.0048649311065674 -16.235675811767578 5.599999904632568
v 2.278918981552124 -16.731891632080078 5
v 2.278918981552124 -16.731891632080078 5.599999904632568
v 2.278918981552124 -16.92486572265625 5
v 2.278918981552124 -16.92486572265625 5.599999904632568
v 3.2345945835113525 -16.731891632080078 5
v 3.2345945835113525 -16.92486572265625 5
v 3.2345945835113525 -16.69513511657715 5
v 3.2345945835113525 -16.731891632080078 5
v 3.2345945835113525 -16.96162223815918 5.599999904632568
v 3.2345945835113525 -16.92486572265625 5
v 3.2345945835113525 -16.96162223815918 5
v 3.2345945835113525 -16.69513511657715 5.599999904632568
v 2.278918981552124 -19.029190063476562 5
v 2.278918981552124 -19.029190063476562 5.599999904632568
v 2.278918981552124 -19.25891876220703 5
v 2.278918981552124 -19.25891876220703 5.599999904632568
v 2.508648633956909 -19.25891876220703 5
v 2.508648633956909 -19.25891876220703 5.599999904632568
v 3.2345945835113525 -19.029190063476562 5
v 2.508648633956909 -19.25891876220703 5
v 3.134464979171753 -19.25891876220703 5
v 3.2345945835113525 -19.2221622467041 5
v 3.2345945835113525 -18.992431640625 5
v 3.2345945835113525 -19.029190063476562 5
v 3.2345945835113525 -19.25891876220703 5.599999904632568
v 3.2345945835113525 -19.2221622467041 5
v 3.2345945835113525 -19.25891876220703 5
v 3.2345945835113525 -18.992431640625 5.599999904632568
v -2.545405387878418 -15.087026596069336 5
v -2.545405387878418 -15.316757202148438 5
v -2.315675735473633 -15.123784065246582 5
v -2.315675735473633 -15.087026596069336 5
v -0.6708108186721802 -15.123784065246582 5
v -2.545405387878418 -15.353513717651367 5
v -0.6708108186721802 -15.316757202148438 5
v -1.13027024269104 -15.353513717651367 5
v -2.545405387878418 -15.087026596069336 5.599999904632568
v -2.545405387878418 -15.316757202148438 5
v -2.315675735473633 -15.087026596069336 5.599999904632568
v -0.9372972846031189 -15.353513717651367 5
v -0.6708108186721802 -15.353513717651367 5
v -1.13027024269104 -15.353513717651367 5
v -1.13027024269104 -15.353513717651367 5.599999904632568
v -0.9372972846031189 -15.353513717651367 5
v -0.6708108186721802 -15.316757202148438 5.599999904632568
v -2.545405387878418 -15.316757202148438 5.599999904632568
v -0.9372972846031189 -15.353513717651367 5.599999904632568
v -0.6708108186721802 -15.123784065246582 5.599999904632568
v -1.6264865398406982 -14.39783763885498 5
v -1.6264865398406982 -14.39783763885498 5.599999904632568
v -1.6264865398406982 -14.627567291259766 5
v 0.018378378823399544 -14.627567291259766 5
v 0.018378378823399544 -14.39783763885498 5
v -0.20850339531898499 -14.664324760437012 5
v 0.018378378823399544 -14.664324760437012 5
v 0.018378378823399544 -14.645946502685547 5
v 0.018378378823399544 -14.39783763885498 5.599999904632568
v -1.6264865398406982 -14.627567291259766 5.599999904632568
v 0.018378378823399544 -14.627567291259766 5.599999904632568
v -0.9372972846031189 -12.789730072021484 5
v -0.9372972846031189 -13.0562162399292 5
v 0.707567572593689 -12.789730072021484 5
v -0.9372972846031189 -12.789730072021484 5.599999904632568
v -0.9372972846031189 -13.0562162399292 5.599999904632568
v 0.707567572593689 -12.80810832977295 5
v 0.707567572593689 -12.80810832977295 5.0420684814453125
v 0.707567572593689 -12.789730072021484 5.084136962890625
v 0.707567572593689 -12.80810832977295 5
v 0.707567572593689 -12.826486587524414 5
v 0.707567572593689 -13.01945972442627 5
v 0.707567572593689 -13.0562162399292 5
v 0.707567572593689 -12.826486587524414 5
v 0.707567572593689 -13.01945972442627 5.599999904632568
v 0.707567572593689 -12.826486587524414 5.599999904632568
v -0.9372972846031189 -13.249189376831055 5
v -0.9372972846031189 -13.51567554473877 5
v 0.707567572593689 -13.249189376831055 5
v -0.707567572593689 -13.51567554473877 5
v -0.21135134994983673 -13.51567554473877 5
v -0.9372972846031189 -13.249189376831055 5.599999904632568
v -0.9372972846031189 -13.51567554473877 5.599999904632568
v -0.707567572593689 -13.51567554473877 5
v -0.21135134994983673 -13.51567554473877 5
v -0.21135134994983673 -13.51567554473877 5.599999904632568
v -0.018378378823399544 -13.51567554473877 5
v -0.707567572593689 -13.51567554473877 5.599999904632568
v -0.018378378823399544 -13.51567554473877 5.599999904632568
v -0.018378378823399544 -13.51567554473877 5
v 0.707567572593689 -13.285945892333984 5
v 0.707567572593689 -13.47891902923584 5
v 0.707567572593689 -13.51567554473877 5
v 0.707567572593689 -13.285945892333984 5
v 0.707567572593689 -13.47891902923584 5
v 0.707567572593689 -13.47891902923584 5.599999904632568
v 0.707567572593689 -13.285945892333984 5.599999904632568
v -0.47783783078193665 -11.870810508728027 5
v -0.47783783078193665 -12.100540161132812 5
v -0.24810810387134552 -11.870810508728027 5
v 0.707567572593689 -11.870810508728027 5
v -0.47783783078193665 -12.137297630310059 5
v -0.47783783078193665 -11.870810508728027 5.599999904632568
v -0.47783783078193665 -12.100540161132812 5
v -0.24810810387134552 -11.870810508728027 5
v -0.24810810387134552 -11.870810508728027 5.599999904632568
v -0.47783783078193665 -12.100540161132812 5.599999904632568
v 0.5123732089996338 -12.137297630310059 5
v 0.707567572593689 -11.907567024230957 5
v 0.707567572593689 -12.100540161132812 5
v 0.707567572593689 -11.907567024230957 5
v 0.707567572593689 -12.100540161132812 5
v 0.707567572593689 -12.100540161132812 5.599999904632568
v 0.707567572593689 -11.907567024230957 5.599999904632568
v -0.018378378823399544 -11.411351203918457 5
v -0.018378378823399544 -11.411351203918457 5.599999904632568
v -0.018378378823399544 -11.641080856323242 5
v -0.018378378823399544 -11.641080856323242 5.599999904632568
v 0.707567572593689 -11.641080856323242 5
v 0.21135134994983673 -11.411351203918457 5
v 0.47783783078193665 -11.411351203918457 5
v 0.707567572593689 -11.411351203918457 5
v 0.21135134994983673 -11.411351203918457 5
v 0.21135134994983673 -11.411351203918457 5.599999904632568
v 0.47783783078193665 -11.411351203918457 5
v 0.707567572593689 -11.411351203918457 5.599999904632568
v 0.707567572593689 -11.641080856323242 5.599999904632568
v 0.47783783078193665 -11.411351203918457 5.599999904632568
v -0.707567572593689 -12.330269813537598 5
v -0.707567572593689 -12.559999465942383 5
v -0.5123732089996338 -12.559999465942383 5
v 0.707567572593689 -12.330269813537598 5
v -0.707567572593689 -12.596756935119629 5
v 0.4806858003139496 -12.596756935119629 5
v -0.707567572593689 -12.330269813537598 5.599999904632568
v -0.707567572593689 -12.559999465942383 5.599999904632568
v 0.707567572593689 -12.367027282714844 5
v 0.707567572593689 -12.559999465942383 5
v 0.707567572593689 -12.367027282714844 5
v 0.707567572593689 -12.559999465942383 5
v 0.707567572593689 -12.559999465942383 5.599999904632568
v 0.707567572593689 -12.367027282714844 5.599999904632568
v -0.707567572593689 -13.708648681640625 5
v -0.707567572593689 -13.97513484954834 5
v -0.21135134994983673 -13.708648681640625 5
v -0.21135134994983673 -13.745405197143555 5
v -0.21135134994983673 -13.93837833404541 5
v -0.47783783078193665 -13.97513484954834 5
v -0.21135134994983673 -13.97513484954834 5
v -0.707567572593689 -13.708648681640625 5.599999904632568
v -0.707567572593689 -13.97513484954834 5.599999904632568
v -0.47783783078193665 -13.97513484954834 5
v -0.21135134994983673 -13.93837833404541 5.599999904632568
v -0.47783783078193665 -13.97513484954834 5.599999904632568
v -0.21135134994983673 -13.745405197143555 5.599999904632568
v -0.018378378823399544 -13.708648681640625 5
v -0.018378378823399544 -13.708648681640625 5.599999904632568
v -0.018378378823399544 -13.93837833404541 5
v -0.018378378823399544 -13.93837833404541 5.599999904632568
v -0.018378378823399544 -13.93837833404541 5
v 0.707567572593689 -13.708648681640625 5
v -0.018378378823399544 -13.97513484954834 5
v 0.018378378823399544 -13.97513484954834 5
v 0.707567572593689 -13.93837833404541 5
v 0.21135134994983673 -13.97513484954834 5
v 0.707567572593689 -13.745405197143555 5
v 0.707567572593689 -13.97513484954834 5
v 0.018378378823399544 -13.97513484954834 5
v 0.018378378823399544 -13.97513484954834 5.599999904632568
v 0.21135134994983673 -13.97513484954834 5
v 0.707567572593689 -13.93837833404541 5.599999904632568
v 0.21135134994983673 -13.97513484954834 5.599999904632568
v 0.707567572593689 -13.745405197143555 5.599999904632568
v -0.018378378823399544 -15.087026596069336 5
v -0.018378378823399544 -15.087026596069336 5.599999904632568
v -0.018378378823399544 -15.316757202148438 5
v -0.018378378823399544 -15.316757202148438 5.599999904632568
v 0.47783783078193665 -15.316757202148438 5
v 0.21135134994983673 -15.087026596069336 5
v 0.47783783078193665 -15.123784065246582 5
v 0.47783783078193665 -15.087026596069336 5
v 0.21135134994983673 -15.087026596069336 5
v 0.21135134994983673 -15.087026596069336 5.599999904632568
v 0.47783783078193665 -15.123784065246582 5
v 0.47783783078193665 -15.316757202148438 5.599999904632568
v 0.47783783078193665 -15.123784065246582 5.599999904632568
v -3.0048649311065674 -15.546486854553223 5
v -3.0048649311065674 -15.812973022460938 5
v -2.775135040283203 -15.546486854553223 5
v -3.0048649311065674 -15.546486854553223 5.599999904632568
v -3.0048649311065674 -15.776216506958008 5.347068786621094
v -3.0048649311065674 -15.812973022460938 5.305000305175781
v -2.775135040283203 -15.546486854553223 5
v -2.775135040283203 -15.546486854553223 5.599999904632568
v -3.0048649311065674 -15.776216506958008 5.599999904632568
v -3.0048649311065674 -15.812973022460938 5.525863170623779
v -3.0048649311065674 -15.780585289001465 5.599999904632568
v -3.0048649311065674 -15.812973022460938 5.599999904632568
v -1.13027024269104 -15.546486854553223 5
v -0.9372972846031189 -15.546486854553223 5
v 0.24810810387134552 -15.546486854553223 5
v 0.24810810387134552 -15.583243370056152 5
v 0.018378378823399544 -15.812973022460938 5
v -1.13027024269104 -15.546486854553223 5
v -0.9372972846031189 -15.546486854553223 5
v -0.9372972846031189 -15.546486854553223 5.599999904632568
v -1.13027024269104 -15.546486854553223 5.599999904632568
v 0.24810810387134552 -15.812973022460938 5
v 0.018378378823399544 -15.812973022460938 5
v 0.018378378823399544 -15.812973022460938 5.599999904632568
v 0.24810810387134552 -15.583243370056152 5
v 0.24810810387134552 -15.812973022460938 5.599999904632568
v 0.24810810387134552 -15.583243370056152 5.599999904632568
v -3.2345945835113525 -16.005945205688477 5
v -3.2345945835113525 -16.272432327270508 5
v -3.0048649311065674 -16.005945205688477 5
v -3.2345945835113525 -16.005945205688477 5.599999904632568
v -3.0048649311065674 -16.005945205688477 5
v -3.0048649311065674 -16.005945205688477 5.599999904632568
v -3.2345945835113525 -16.272432327270508 5.599999904632568
v -3.0048649311065674 -16.272432327270508 5
v -3.0048649311065674 -16.272432327270508 5.599999904632568
v -0.21135134994983673 -16.005945205688477 5
v -3.0048649311065674 -16.272432327270508 5
v -0.21135134994983673 -16.04270362854004 5
v -0.6708108186721802 -16.272432327270508 5
v -0.21135134994983673 -16.272432327270508 5
v -0.6708108186721802 -16.272432327270508 5
v -0.6708108186721802 -16.272432327270508 5.599999904632568
v -0.21135134994983673 -16.04270362854004 5
v -0.21135134994983673 -16.272432327270508 5.599999904632568
v -0.21135134994983673 -16.04270362854004 5.599999904632568
v 0.6708108186721802 -15.087026596069336 5
v 0.6708108186721802 -15.353513717651367 5
v 0.9372972846031189 -15.087026596069336 5
v 0.6708108186721802 -15.316757202148438 5.084136962890625
v 1.1670269966125488 -15.087026596069336 5
v 1.1670269966125488 -15.316757202148438 5
v 1.1670269966125488 -15.353513717651367 5
v 0.6708108186721802 -15.123784065246582 5.525860786437988
v 0.9372972846031189 -15.087026596069336 5
v 1.1670269966125488 -15.087026596069336 5.599999904632568
v 1.1670269966125488 -15.316757202148438 5.599999904632568
v 0.6708108186721802 -15.087026596069336 5.599999904632568
v 0.6708108186721802 -15.316757202148438 5.084136962890625
v 0.6708108186721802 -15.123784065246582 5.525860786437988
v 0.6708108186721802 -15.316757202148438 5.599999904632568
v 0.9372972846031189 -15.087026596069336 5.599999904632568
v 0.6708108186721802 -15.091395378112793 5.599999904632568
v 0.6708108186721802 -15.123784065246582 5.599999904632568
v 1.13027024269104 -14.627567291259766 5
v 1.13027024269104 -14.664324760437012 5
v 1.3967567682266235 -14.627567291259766 5
v 1.13027024269104 -14.664324760437012 5.599999904632568
v 1.13027024269104 -14.894054412841797 5
v 1.13027024269104 -14.894054412841797 5.599999904632568
v 1.3600000143051147 -14.894054412841797 5
v 1.8562161922454834 -14.627567291259766 5
v 1.3600000143051147 -14.894054412841797 5
v 1.8562161922454834 -14.85729694366455 5
v 1.8562161922454834 -14.894054412841797 5
v 1.3967567682266235 -14.627567291259766 5
v 1.8562161922454834 -14.627567291259766 5.599999904632568
v 1.8562161922454834 -14.85729694366455 5.599999904632568
v 1.3967567682266235 -14.627567291259766 5.599999904632568
v 1.3600000143051147 -14.894054412841797 5.599999904632568
v 1.5897297859191895 -15.087026596069336 5
v 1.5897297859191895 -15.123784065246582 5
v 2.315675735473633 -15.087026596069336 5
v 1.5897297859191895 -15.353513717651367 5
v 2.545405387878418 -15.087026596069336 5
v 2.545405387878418 -15.316757202148438 5
v 1.8194594383239746 -15.353513717651367 5
v 2.545405387878418 -15.353513717651367 5
v 1.5897297859191895 -15.123784065246582 5.599999904632568
v 1.5897297859191895 -15.353513717651367 5.599999904632568
v 1.8194594383239746 -15.353513717651367 5
v 2.315675735473633 -15.087026596069336 5
v 2.545405387878418 -15.087026596069336 5.599999904632568
v 2.545405387878418 -15.316757202148438 5.599999904632568
v 1.8194594383239746 -15.353513717651367 5.599999904632568
v 2.315675735473633 -15.087026596069336 5.599999904632568
v 0.6708108186721802 -15.546486854553223 5
v 0.6708108186721802 -15.812973022460938 5
v 1.3967567682266235 -15.546486854553223 5
v 1.3967567682266235 -15.583243370056152 5
v 1.3967567682266235 -15.776216506958008 5
v 1.3967567682266235 -15.812973022460938 5
v 0.6708108186721802 -15.546486854553223 5.599999904632568
v 1.3967567682266235 -15.776216506958008 5.599999904632568
v 0.6708108186721802 -15.812973022460938 5.599999904632568
v 1.3967567682266235 -15.583243370056152 5.599999904632568
v 0.6708108186721802 -16.005945205688477 5
v 0.6708108186721802 -16.272432327270508 5
v 0.781228244304657 -16.241641998291016 5
v 0.8026269674301147 -16.235675811767578 5
v 1.350982427597046 -16.272432327270508 5
v 1.6264865398406982 -16.005945205688477 5
v 0.6708108186721802 -16.005945205688477 5.599999904632568
v 1.6264865398406982 -16.04270362854004 5
v 1.6264865398406982 -16.235675811767578 5
v 1.6264865398406982 -16.235675811767578 5.599999904632568
v 0.6708108186721802 -16.272432327270508 5.599999904632568
v 1.6264865398406982 -16.04270362854004 5.599999904632568
v 0.6708108186721802 -16.465404510498047 5
v 0.6708108186721802 -16.731891632080078 5
v 0.8343135714530945 -16.69513511657715 5
v 1.8562161922454834 -16.465404510498047 5
v 0.6708108186721802 -16.465404510498047 5.599999904632568
v 1.8562161922454834 -16.50216293334961 5
v 1.8562161922454834 -16.69513511657715 5
v 1.8562161922454834 -16.69513511657715 5.599999904632568
v 0.6708108186721802 -16.731891632080078 5.599999904632568
v 1.8562161922454834 -16.50216293334961 5.599999904632568
v 0.6708108186721802 -16.92486572265625 5
v 0.6708108186721802 -17.19135093688965 5
v 2.0859458446502686 -16.92486572265625 5
v 0.6708108186721802 -16.92486572265625 5.599999904632568
v 2.0859458446502686 -16.96162223815918 5
v 2.0859458446502686 -17.15459442138672 5
v 2.0859458446502686 -17.19135093688965 5
v 2.0859458446502686 -17.15459442138672 5.599999904632568
v 0.6708108186721802 -17.19135093688965 5.599999904632568
v 2.0859458446502686 -16.96162223815918 5.599999904632568
v 0.9005405306816101 -17.42108154296875 5
v 0.9005405306816101 -17.42108154296875 5.599999904632568
v 0.9005405306816101 -17.65081024169922 5
v 3.2345945835113525 -17.65081024169922 5
v 3.2345945835113525 -17.61405372619629 5
v 3.2345945835113525 -17.42108154296875 5
v 0.9005405306816101 -17.65081024169922 5.599999904632568
v 3.2345945835113525 -17.61405372619629 5
v 3.2345945835113525 -17.61405372619629 5.599999904632568
v 3.2345945835113525 -17.42108154296875 5.599999904632568
v 1.13027024269104 -17.88054084777832 5
v 1.13027024269104 -18.11026954650879 5
v 1.3600000143051147 -18.11026954650879 5
v 1.13027024269104 -17.88054084777832 5.599999904632568
v 1.13027024269104 -18.11026954650879 5.599999904632568
v 1.3600000143051147 -18.11026954650879 5
v 3.2345945835113525 -18.11026954650879 5
v 3.2345945835113525 -18.07351303100586 5
v 3.2345945835113525 -17.88054084777832 5
v 1.3600000143051147 -18.11026954650879 5.599999904632568
v 3.2345945835113525 -18.07351303100586 5.599999904632568
v 3.2345945835113525 -17.88054084777832 5.599999904632568
v 1.5897297859191895 -18.30324363708496 5
v 1.5897297859191895 -18.307342529296875 5
v 1.6185624599456787 -18.30324363708496 5
v 1.5897297859191895 -18.34000015258789 5
v 1.5897297859191895 -18.56972885131836 5
v 3.2345945835113525 -18.56972885131836 5
v 1.5897297859191895 -18.34000015258789 5.599999904632568
v 1.5897297859191895 -18.56972885131836 5.599999904632568
v 3.2345945835113525 -18.53297233581543 5
v 3.2345945835113525 -18.34000015258789 5
v 3.2345945835113525 -18.53297233581543 5.599999904632568
v 3.2345945835113525 -18.34000015258789 5.599999904632568
v 1.8194594383239746 -15.546486854553223 5
v 1.8194594383239746 -15.812973022460938 5
v 2.775135040283203 -15.546486854553223 5
v 2.0491890907287598 -15.812973022460938 5
v 2.775135040283203 -15.776216506958008 5
v 2.775135040283203 -15.583243370056152 5
v 2.775135040283203 -15.812973022460938 5
v 1.8194594383239746 -15.546486854553223 5.599999904632568
v 1.8194594383239746 -15.812973022460938 5.599999904632568
v 2.0491890907287598 -15.812973022460938 5
v 2.0491890907287598 -15.812973022460938 5.599999904632568
v 2.775135040283203 -15.583243370056152 5
v 2.775135040283203 -15.776216506958008 5.599999904632568
v 2.775135040283203 -15.583243370056152 5.599999904632568
v 2.0491890907287598 -16.005945205688477 5
v 2.0491890907287598 -16.272432327270508 5
v 3.0048649311065674 -16.005945205688477 5
v 2.0491890907287598 -16.005945205688477 5.599999904632568
v 2.0491890907287598 -16.272432327270508 5.2629313468933105
v 2.0491890907287598 -16.235675811767578 5.347068786621094
v 2.0491890907287598 -16.235675811767578 5.599999904632568
v 2.0491890907287598 -16.272432327270508 5.525863170623779
v 2.0491890907287598 -16.24004364013672 5.599999904632568
v 2.0491890907287598 -16.272432327270508 5.599999904632568
v 3.0048649311065674 -16.04270362854004 5
v 3.0048649311065674 -16.235675811767578 5
v 3.0048649311065674 -16.272432327270508 5
v 3.0048649311065674 -16.04270362854004 5
v 3.0048649311065674 -16.235675811767578 5.599999904632568
v 3.0048649311065674 -16.04270362854004 5.599999904632568
v 2.0491890907287598 -16.465404510498047 5
v 2.0491890907287598 -16.69513511657715 5
v 3.0048649311065674 -16.465404510498047 5
v 2.0491890907287598 -16.731891632080078 5
v 3.2345945835113525 -16.465404510498047 5
v 2.0859458446502686 -16.731891632080078 5
v 2.278918981552124 -16.731891632080078 5
v 2.0491890907287598 -16.465404510498047 5.599999904632568
v 2.0491890907287598 -16.69513511657715 5
v 2.0859458446502686 -16.731891632080078 5
v 2.0859458446502686 -16.731891632080078 5.599999904632568
v 2.278918981552124 -16.731891632080078 5
v 2.0491890907287598 -16.69513511657715 5.599999904632568
v 2.278918981552124 -16.731891632080078 5.599999904632568
v 3.2345945835113525 -16.69513511657715 5
v 3.2345945835113525 -16.731891632080078 5
v 3.0048649311065674 -16.465404510498047 5
v 3.2345945835113525 -16.465404510498047 5.599999904632568
v 3.2345945835113525 -16.69513511657715 5
v 3.2345945835113525 -16.69513511657715 5.599999904632568
v 3.0048649311065674 -16.465404510498047 5.599999904632568
v 2.278918981552124 -16.92486572265625 5
v 2.278918981552124 -16.92486572265625 5.599999904632568
v 2.278918981552124 -17.15459442138672 5
v 2.278918981552124 -17.15459442138672 5.599999904632568
v 3.2345945835113525 -17.15459442138672 5
v 3.2345945835113525 -16.96162223815918 5
v 3.2345945835113525 -16.92486572265625 5
v 3.2345945835113525 -16.96162223815918 5
v 3.2345945835113525 -17.15459442138672 5.599999904632568
v 3.2345945835113525 -16.96162223815918 5.599999904632568
v 2.0491890907287598 -18.79945945739746 5
v 2.0491890907287598 -19.029190063476562 5
v 2.278918981552124 -19.029190063476562 5
v 3.2345945835113525 -19.029190063476562 5
v 2.0491890907287598 -18.79945945739746 5.599999904632568
v 2.0491890907287598 -19.029190063476562 5.599999904632568
v 2.278918981552124 -19.029190063476562 5
v 2.278918981552124 -19.029190063476562 5.599999904632568
v 3.2345945835113525 -18.992431640625 5
v 3.2345945835113525 -18.79945945739746 5
v 3.2345945835113525 -18.992431640625 5
v 3.2345945835113525 -18.992431640625 5.599999904632568
v 3.2345945835113525 -18.79945945739746 5.599999904632568
v 2.508648633956909 -19.25891876220703 5
v 2.508648633956909 -19.25891876220703 5.599999904632568
v 2.508648633956909 -19.488649368286133 5
v 2.508648633956909 -19.488649368286133 5.599999904632568
v 3.134464979171753 -19.25891876220703 5
v 3.2345945835113525 -19.488649368286133 5
v 3.2345945835113525 -19.2221622467041 5
v 3.2345945835113525 -19.25891876220703 5
v 3.2345945835113525 -19.25891876220703 5
v 3.2345945835113525 -19.488649368286133 5.599999904632568
v 3.2345945835113525 -19.25891876220703 5.599999904632568
v -2.315675735473633 -14.85729694366455 5
v -2.315675735473633 -15.087026596069336 5
v -2.0859458446502686 -14.85729694366455 5
v -2.315675735473633 -15.123784065246582 5
v -0.44108107686042786 -14.85729694366455 5
v -2.315675735473633 -14.85729694366455 5.599999904632568
v -2.315675735473633 -15.087026596069336 5
v -2.0859458446502686 -14.85729694366455 5
v -2.0859458446502686 -14.85729694366455 5.599999904632568
v -0.6708108186721802 -15.123784065246582 5
v -0.44108107686042786 -14.894054412841797 5
v -0.44108107686042786 -15.123784065246582 5
v -0.44108107686042786 -14.894054412841797 5
v -0.44108107686042786 -15.123784065246582 5.599999904632568
v -0.6708108186721802 -15.123784065246582 5
v -0.6708108186721802 -15.123784065246582 5.599999904632568
v -2.315675735473633 -15.087026596069336 5.599999904632568
v -0.44108107686042786 -14.894054412841797 5.599999904632568
vn -0.6973497327637761 0.7127372679827797 -0.07555750818239884
vn -0.5111879127144449 0.6814618133063585 -0.5237334387833747
vn -0.014425933174982555 0.011321632976830863 -0.9998318424008954
vn -0.7445793127292846 0.6674907781515881 -0.007596587271515236
vn -0.6510840167934353 0.7589676507926921 -0.007596586493138511
vn -0.6343935188367706 0.7730102607714207 0
vn -0.7730102607714207 0.6343935188367706 0
vn -0.7298645191938652 0.6835918253036002 0
vn -0.6835918253036002 0.7298645191938652 0
vn -0.9433390651489734 0.33174342456246997 -0.007596606046500494
vn -0.7834328227984326 0.3345696847100772 -0.5237328882503743
vn -0.9602912354401189 0.26857370938147124 -0.07555730120886577
vn -0.0683959732083108 0.009764910812133416 -0.9976104637410932
vn -0.9785699464525641 0.20577452041375208 -0.00759648920988556
vn -0.06727348975318172 0.0007341050618088643 -0.9977343026408316
vn -0.9970571357913194 0.07628472863197407 -0.007596587731134387
vn -0.9738771422049601 0.22707556427475908 0
vn -0.956940130518664 0.2902853537519976 0
vn -0.9866431548433632 0.1628965469269849 0
vn -0.9951848055800214 0.09801633916166615 0
vn -0.9985131774126608 0.054510866194478175 -6.681428457002344e-19
vn -0.8580583507028114 0.5079634888101665 -0.07555766556064877
vn -0.8253340295473454 0.5645936844083704 -0.007596788619086499
vn -0.8919676515655807 0.4520353959418039 -0.007596668764623624
vn 0.10355587523992017 -0.11896515890778714 -0.987483403237411
vn -0.8819214052606816 0.4713964731974821 0
vn -0.8128463816228094 0.5824781196600485 0
vn -0.8492023417107106 0.5280675930532429 0
vn -0.9108638455697738 0.41270698423196484 0
vn -0.9359059499798266 0.3522499862205226 0
vn -0.7730102607714207 0.6343935188367706 0
vn -0.7298645191938652 0.6835918253036002 0
vn -0.6835918253036002 0.7298645191938652 0
vn -0.6343935188367706 0.7730102607714207 0
vn -0.9359059499798266 0.3522499862205226 0
vn -0.956940130518664 0.2902853537519976 0
vn -0.9738771422049601 0.22707556427475908 0
vn -0.9866431548433632 0.1628965469269849 0
vn -0.9994645830635148 0.03271921762014848 -2.003474687018203e-18
vn -0.8492023417107106 0.5280675930532429 0
vn -0.8128463816228094 0.5824781196600485 0
vn -0.9108638455697738 0.41270698423196484 0
vn -0.8819214052606816 0.4713964731974821 0
vn -0.31107928681094615 0.9503536020335384 -0.007596605759936522
vn -0.24755395262209057 0.9659234613468272 -0.07555731176361538
vn -0.07710728954223771 0.19205446939547965 -0.9783504212114748
vn -0.5464487002345739 0.8374581224394336 -0.007596786963142807
vn -0.48911811757097023 0.8689387237374052 -0.07555766971949283
vn -0.4324635233204258 0.9016194272570766 -0.007596669658804781
vn 0.004435011706185885 0.031063976150267247 -0.9995075587792729
vn -0.3522499862205226 0.9359059499798266 0
vn -0.5824781196600485 0.8128463816228094 0
vn -0.5280675930532429 0.8492023417107106 0
vn -0.4713964731974821 0.8819214052606816 0
vn -0.41270698423196484 0.9108638455697738 0
vn -0.10197036086395558 0.8457574346261074 -0.5237331451034396
vn -0.18437194818505193 0.9828271862799014 -0.007596488108367013
vn -0.05450928917828946 0.9984843660510976 -0.0075965877086636175
vn 0.01088040702745721 0.9970821216895636 -0.07555699405055179
vn -0.2902853537519976 0.956940130518664 0
vn -0.22707556427475908 0.9738771422049601 0
vn -0.1628965469269849 0.9866431548433632 0
vn -0.09801633916166615 0.9951848055800214 0
vn -0.03271921762014848 0.9994645830635148 0
vn 0.3490957329080308 0.06718350964885435 -0.9346756364090525
vn -0.05242237907430756 -0.1505787993398473 -0.987207130931275
vn 0.999993151441381 -0.0037009553273638206 8.781409819521596e-18
vn 0 -1 0
vn -0.5824781196600485 0.8128463816228094 0
vn -0.4713964731974821 0.8819214052606816 0
vn -0.5280675930532429 0.8492023417107106 0
vn -0.41270698423196484 0.9108638455697738 0
vn -0.3522499862205226 0.9359059499798266 0
vn -0.2902853537519976 0.956940130518664 0
vn -0.22707556427475908 0.9738771422049601 0
vn -0.1628965469269849 0.9866431548433632 0
vn -0.09801633916166615 0.9951848055800214 0
vn -0.03271921762014848 0.9994645830635148 0
vn 0.8660253998985324 -0.5000000067305869 1.6173359758229087e-8
vn 0.8660253998985322 -0.5000000067305868 2.6260752148848904e-8
vn 0.8660253740889633 -0.5000000514340687 0
vn 0 -1 0
vn -0.11055907878471896 -0.013329767017941628 -0.9937801605030772
vn -0.9984843660510976 -0.05450928917828946 -0.0075965877086636175
vn -0.9659234496837602 -0.24755399471123327 -0.07555732296432437
vn -0.9828271862799014 -0.18437194818505193 -0.007596488108367013
vn -0.028880842404504614 -0.011595269815461178 -0.9995156060111882
vn -0.9503536020335384 -0.31107928681094615 -0.007596605759936522
vn -0.9994645830635148 -0.03271921762014848 1.0365338337529083e-18
vn -0.9951848055800214 -0.09801633916166615 0
vn -0.9866431548433632 -0.1628965469269849 0
vn -0.9738771422049601 -0.22707556427475908 0
vn -0.956940130518664 -0.2902853537519976 0
vn -0.9359059499798266 -0.3522499862205226 0
vn 0.07363367138267288 0.2136591987627923 -0.9741292672036653
vn -0.8689387237374052 -0.48911811757097023 -0.07555766971949283
vn -0.9016194272570766 -0.4324635233204258 -0.007596669658804781
vn -0.6814618133063585 -0.5111879127144449 -0.5237334387833747
vn -0.8374581224394336 -0.5464487002345739 -0.007596786963142807
vn -0.12777047058832514 -0.16280408457889922 -0.9783504162058013
vn -0.9108638455697738 -0.41270698423196484 0
vn -0.8819214052606816 -0.4713964731974821 0
vn -0.8492023417107106 -0.5280675930532429 0
vn -0.8128463816228094 -0.5824781196600485 0
vn -0.7127372086305986 -0.6973497926154351 -0.07555751565974332
vn -0.7589676507926921 -0.6510840167934353 -0.007596586493138511
vn -0.6674907781515881 -0.7445793127292846 -0.007596587271515236
vn -0.7730102607714207 -0.6343935188367706 0
vn -0.7298645191938652 -0.6835918253036002 0
vn -0.6835918253036002 -0.7298645191938652 0
vn -0.6343935188367706 -0.7730102607714207 0
vn -0.9994645830635148 -0.03271921762014848 0
vn -0.9951848055800214 -0.09801633916166615 0
vn -0.9866431548433632 -0.1628965469269849 0
vn -0.9738771422049601 -0.22707556427475908 0
vn -0.956940130518664 -0.2902853537519976 0
vn -0.9359059499798266 -0.3522499862205226 0
vn -0.9108638455697738 -0.41270698423196484 0
vn -0.8819214052606816 -0.4713964731974821 0
vn -0.8492023417107106 -0.5280675930532429 0
vn -0.8128463816228094 -0.5824781196600485 0
vn -0.7730102607714207 -0.6343935188367706 0
vn -0.7298645191938652 -0.6835918253036002 0
vn -0.6835918253036002 -0.7298645191938652 0
vn -0.6343935188367706 -0.7730102607714207 0
vn -0.09241979475065944 0.10671719054963395 -0.9899848598738463
vn -0.0020700115120271916 -0.014498899277397925 -0.9998927427339814
vn 0.6546536755266245 0.7559289418453835 0
vn -0.5079634625447914 -0.8580583659396506 -0.07555766910435302
vn -0.5645936844083704 -0.8253340295473454 -0.007596788619086499
vn -0.3345696847100772 -0.7834328227984326 -0.5237328882503743
vn -0.4520353959418039 -0.8919676515655807 -0.007596668764623624
vn -0.2685736940088986 -0.9602912400797885 -0.07555729688413083
vn -0.33174342456246997 -0.9433390651489734 -0.007596606046500494
vn -0.5824781196600485 -0.8128463816228094 0
vn -0.5280675930532429 -0.8492023417107106 0
vn -0.4713964731974821 -0.8819214052606816 0
vn -0.41270698423196484 -0.9108638455697738 0
vn -0.3522499862205226 -0.9359059499798266 0
vn -0.20577452041375208 -0.9785699464525641 -0.00759648920988556
vn -0.01088040795866954 -0.9970821216794601 -0.07555699404978616
vn -0.07628472863197407 -0.9970571357913194 -0.007596587731134387
vn -0.2902853537519976 -0.956940130518664 0
vn -0.22707556427475908 -0.9738771422049601 0
vn -0.1628965469269849 -0.9866431548433632 0
vn -0.09801633916166615 -0.9951848055800214 0
vn -0.03271921762014848 -0.9994645830635148 0
vn 0 1 0
vn -0.5824781196600485 -0.8128463816228094 0
vn -0.5280675930532429 -0.8492023417107106 0
vn -0.4713964731974821 -0.8819214052606816 0
vn -0.41270698423196484 -0.9108638455697738 0
vn -0.3522499862205226 -0.9359059499798266 0
vn -0.2902853537519976 -0.956940130518664 0
vn -0.22707556427475908 -0.9738771422049601 0
vn -0.1628965469269849 -0.9866431548433632 0
vn -0.09801633916166615 -0.9951848055800214 0
vn -0.03271921762014848 -0.9994645830635148 0
vn 0.07628472863197407 0.9970571357913194 -0.007596587731134387
vn 0.2057745346832235 0.9785699434485338 -0.0075964896522270255
vn 0.2685737092302788 0.9602912348995268 -0.07555730861691191
vn 0.3345696951543095 0.7834328472547859 -0.5237328449950525
vn 0.010579732039802848 0.004247620618724648 -0.9999350113827624
vn 0.03271921762014848 0.9994645830635148 0
vn 0.09801633916166615 0.9951848055800214 0
vn 0.1628965469269849 0.9866431548433632 0
vn 0.22707556427475908 0.9738771422049601 0
vn 0.2902853537519976 0.956940130518664 0
vn 0.33174342456246997 0.9433390651489734 -0.007596606046500494
vn 0.12777045624039676 0.16280407038266284 -0.978350420441959
vn 0.4520353959418039 0.8919676515655807 -0.007596668764623624
vn 0.5079634888101665 0.8580583507028114 -0.07555766556064877
vn 0.5645936844083704 0.8253340295473454 -0.007596788619086499
vn 0.3522499862205226 0.9359059499798266 0
vn 0.41270698423196484 0.9108638455697738 0
vn 0.4713964731974821 0.8819214052606816 0
vn 0.5280675930532429 0.8492023417107106 0
vn 0.5824781196600485 0.8128463816228094 0
vn -0.15467912285390348 -0.029514127102989986 -0.9875238150315645
vn -0.8660253998985324 -0.5000000067305869 7.460882193987984e-18
vn 0.03271921762014848 0.9994645830635148 0
vn 0.09801633916166615 0.9951848055800214 0
vn 0.1628965469269849 0.9866431548433632 0
vn 0.22707556427475908 0.9738771422049601 0
vn 0.2902853537519976 0.956940130518664 0
vn 0.3522499862205226 0.9359059499798266 0
vn 0.41270698423196484 0.9108638455697738 0
vn 0.4713964731974821 0.8819214052606816 0
vn 0.5280675930532429 0.8492023417107106 0
vn 0.5824781196600485 0.8128463816228094 0
vn -0.0109617616933834 -0.9999399180853705 0
vn -0.8660253998985324 -0.5000000067305869 3.022615275396748e-17
vn 0.6674907781515881 0.7445793127292846 -0.007596587271515236
vn 0.7127372675815462 0.697349732371205 -0.0755575155904446
vn 0.6814618133063585 0.5111879127144449 -0.5237334387833747
vn 0.7589676507926921 0.6510840167934353 -0.007596586493138511
vn 0.6343935188367706 0.7730102607714207 0
vn 0.6835918253036002 0.7298645191938652 0
vn 0.7298645191938652 0.6835918253036002 0
vn 0.7730102607714207 0.6343935188367706 0
vn 0.8374581224394336 0.5464487002345739 -0.007596786963142807
vn 0.8689387237374052 0.48911811757097023 -0.07555766971949283
vn 0.9016194272570766 0.4324635233204258 -0.007596669658804781
vn 0.8128463816228094 0.5824781196600485 0
vn 0.8492023417107106 0.5280675930532429 0
vn 0.8819214052606816 0.4713964731974821 0
vn 0.9108638455697738 0.41270698423196484 0
vn 0.9503536020335384 0.31107928681094615 -0.007596605759936522
vn 0.9659234613468272 0.24755395262209057 -0.07555731176361538
vn 0.8457574346261074 0.10197036086395558 -0.5237331451034396
vn 0.9828271862799014 0.18437194818505193 -0.007596488108367013
vn 0.20487762428272788 -0.029250431007276652 -0.9783504338191679
vn 0.9984843660510976 0.05450928917828946 -0.0075965877086636175
vn 0.9970821216895636 -0.01088040702745721 -0.07555699405055179
vn 0.9359059499798266 0.3522499862205226 0
vn 0.956940130518664 0.2902853537519976 0
vn 0.9738771422049601 0.22707556427475908 0
vn 0.9866431548433632 0.1628965469269849 0
vn 0.9951848055800214 0.09801633916166615 0
vn 0.9999404667322898 0.01091159893007643 -1.8649175621437624e-34
vn 0.6343935188367706 0.7730102607714207 0
vn 0.6835918253036002 0.7298645191938652 0
vn 0.7298645191938652 0.6835918253036002 0
vn 0.7730102607714207 0.6343935188367706 0
vn 0.8128463816228094 0.5824781196600485 0
vn 0.8492023417107106 0.5280675930532429 0
vn 0.8819214052606816 0.4713964731974821 0
vn 0.9108638455697738 0.41270698423196484 0
vn 0.9359059499798266 0.3522499862205226 0
vn 0.956940130518664 0.2902853537519976 0
vn 0.9738771422049601 0.22707556427475908 0
vn 0.9866431548433632 0.1628965469269849 0
vn 0.9951848055800214 0.09801633916166615 0
vn 0.9994645830635148 0.03271921762014848 0
vn 0 1 0
vn -0.8660253998985324 0.5000000067305869 -7.6540429316897e-18
vn 0.024684684659977082 -0.01937281550867224 -0.9995075589321495
vn 0.10197036086395558 -0.8457574346261074 -0.5237331451034396
vn 0.05450928917828946 -0.9984843660510976 -0.0075965877086636175
vn 0.07710728976290603 -0.19205445504394625 -0.978350424011352
vn 0.24755399471123327 -0.9659234496837602 -0.07555732296432437
vn 0.18437194818505193 -0.9828271862799014 -0.007596488108367013
vn 0.03271921762014848 -0.9994645830635148 0
vn 0.09801633916166615 -0.9951848055800214 0
vn 0.1628965469269849 -0.9866431548433632 0
vn 0.22707556427475908 -0.9738771422049601 0
vn 0.31107928681094615 -0.9503536020335384 -0.007596605759936522
vn 0.2902853537519976 -0.956940130518664 0
vn 0.48911811757097023 -0.8689387237374052 -0.07555766971949283
vn 0.4324635233204258 -0.9016194272570766 -0.007596669658804781
vn 0.5111879127144449 -0.6814618133063585 -0.5237334387833747
vn 0.5464487002345739 -0.8374581224394336 -0.007596786963142807
vn 0.41270698423196484 -0.9108638455697738 0
vn 0.4713964731974821 -0.8819214052606816 0
vn 0.5280675930532429 -0.8492023417107106 0
vn 0.5824781196600485 -0.8128463816228094 0
vn 0.3522499862205226 -0.9359059499798266 0
vn -0.8660253998985324 0.5000000067305869 0
vn 0.03271921762014848 -0.9994645830635148 0
vn 0.09801633916166615 -0.9951848055800214 0
vn 0.1628965469269849 -0.9866431548433632 0
vn 0.22707556427475908 -0.9738771422049601 0
vn 0.2902853537519976 -0.956940130518664 0
vn 0.3522499862205226 -0.9359059499798266 0
vn 0.41270698423196484 -0.9108638455697738 0
vn 0.5280675930532429 -0.8492023417107106 0
vn 0.4713964731974821 -0.8819214052606816 0
vn 0.5824781196600485 -0.8128463816228094 0
vn 0.7834328472547859 -0.3345696951543095 -0.5237328449950525
vn 0.8919676515655807 -0.4520353959418039 -0.007596668764623624
vn 0.8580583659396506 -0.5079634625447914 -0.07555766910435302
vn 0.8253340295473454 -0.5645936844083704 -0.007596788619086499
vn 0.9433390651489734 -0.33174342456246997 -0.007596606046500494
vn 0.9359059499798266 -0.3522499862205226 0
vn 0.9108638455697738 -0.41270698423196484 0
vn 0.8492023417107106 -0.5280675930532429 0
vn 0.8128463816228094 -0.5824781196600485 0
vn 0.8819214052606816 -0.4713964731974821 0
vn 0.9970571357913194 -0.07628472863197407 -0.007596587731134387
vn 0.9785699434485338 -0.2057745346832235 -0.0075964896522270255
vn 0.9602912395391965 -0.2685736938577061 -0.07555730429217655
vn 0.9985131774126608 -0.054510866194478175 -2.641658553729209e-26
vn 0.9951848055800214 -0.09801633916166615 0
vn 0.9866431548433632 -0.1628965469269849 0
vn 0.956940130518664 -0.2902853537519976 0
vn 0.9738771422049601 -0.22707556427475908 0
vn 0.6973497926154351 -0.7127372086305986 -0.07555751565974332
vn 0.6510840167934353 -0.7589676507926921 -0.007596586493138511
vn 0.7445793127292846 -0.6674907781515881 -0.007596587271515236
vn 0.6835918253036002 -0.7298645191938652 0
vn 0.7298645191938652 -0.6835918253036002 0
vn 0.7730102607714207 -0.6343935188367706 0
vn 0.6343935188367706 -0.7730102607714207 0
vn 0.8819214052606816 -0.4713964731974821 0
vn 0.9108638455697738 -0.41270698423196484 0
vn 0.8128463816228094 -0.5824781196600485 0
vn 0.8492023417107106 -0.5280675930532429 0
vn 0.9866431548433632 -0.1628965469269849 0
vn 0.9738771422049601 -0.22707556427475908 0
vn 0.956940130518664 -0.2902853537519976 0
vn 0.9359059499798266 -0.3522499862205226 0
vn 0.6343935188367706 -0.7730102607714207 0
vn 0.6835918253036002 -0.7298645191938652 0
vn 0.7298645191938652 -0.6835918253036002 0
vn 0.7730102607714207 -0.6343935188367706 0
vn -0.8660253740887873 -0.5000000514339671 -6.374591417138141e-7
vn -0.8660253998978374 -0.5000000067301856 -0.0000012667976704946303
vn -0.37473329591399535 0.3287075730761908 -0.8669061588982944
vn -0.39212343808625005 0.3077911790459839 -0.8668931880023639
vn -0.3954292191214473 0.30349504590432225 -0.8669062750819927
vn -0.3954296380419237 0.30349465976966145 -0.8669062191779054
vn -0.37473341839279545 0.32870709910697304 -0.8669062856712534
vn -0.39542987954991893 0.30349415550132636 -0.8669062855555226
vn -0.3747338613882452 0.32870661872657203 -0.86690627632657
vn -0.3747338427508135 0.3287059430666907 -0.8669065405739227
vn -0.3954299698147006 0.3034933514969961 -0.8669065258547001
vn -0.3245415653408939 0.3783762713192576 -0.866893401560202
vn -0.3034045116329025 0.39549774141592736 -0.8669067071234944
vn -0.299100633426118 0.3987930363597964 -0.8668926838052269
vn -0.3711530627035584 0.3327776844196799 -0.8668935440975694
vn -0.3485936275966567 0.35633996655541095 -0.8668934830959867
vn -0.3524325767746008 0.3525126854167181 -0.8669060418801503
vn -0.3286218003513623 0.37480756142833177 -0.86690657179997
vn -0.3034057042724115 0.3954981295586387 -0.8669061126388371
vn -0.32862333007977607 0.37480822826810933 -0.8669057036089908
vn -0.30340632174437265 0.3954979696276333 -0.8669059694949447
vn -0.32862271989154634 0.37480678162737907 -0.8669065603726901
vn -0.32862297201664165 0.37480620121372404 -0.8669067157397543
vn -0.30340556048703166 0.39549637803412485 -0.8669069620365492
vn -0.3524331089249605 0.35251247250805595 -0.866905912114887
vn -0.35243257238892073 0.35251125051859256 -0.8669066271387861
vn -0.3524334351705829 0.3525111298233063 -0.8669063254611531
vn -0.3954310332977211 0.30349304625882656 -0.8669061476178573
vn -0.41443406425620055 0.2769807800975703 -0.8669060236499853
vn -0.39543146652396194 0.3034925518945049 -0.8669061230763514
vn -0.41443408300547485 0.2769802561865532 -0.8669061820786854
vn -0.3954315557612914 0.3034919259155253 -0.866906301518388
vn -0.37473467722254933 0.32870609208417617 -0.866906123356884
vn -0.3747350532908258 0.32870557547837187 -0.8669061566770386
vn -0.35243392373205124 0.3525102772828373 -0.8669064735095753
vn -0.39543052669855794 0.3034931953013707 -0.8669063265201524
vn -0.41443303243485125 0.2769807578206561 -0.8669065240404807
vn -0.3747350895587353 0.3287048658940356 -0.8669064100530061
vn -0.3524352925624485 0.35250994738040015 -0.8669060511694959
vn -0.3524341925638019 0.3525097116496829 -0.8669065942214065
vn -0.3747357708928907 0.32870474307147507 -0.8669061621050034
vn -0.39543121842967993 0.30349123316625076 -0.8669066979107077
vn -0.41443405134704947 0.27697956949263286 -0.866906416614704
vn -0.4144341935140646 0.2769790284763679 -0.8669065215065775
vn -0.39543209160995 0.3034910611929185 -0.8669063598226606
vn -0.41443493136049236 0.2769789044473368 -0.8669062083982195
vn -0.39543289304594764 0.30349105871644044 -0.8669059951208585
vn -0.4144349185838046 0.2769784389888952 -0.8669063632213747
vn -0.37473550354835683 0.3287033133287213 -0.8669068197834643
vn -0.3747369591229124 0.3287037264041705 -0.8669060339594624
vn -0.3747357742013748 0.32870409032246306 -0.8669064081773639
vn -0.35243546828217925 0.35250949725070774 -0.8669061627677902
vn -0.35243588643086027 0.3525086338997201 -0.8669063438352766
vn -0.35243490194214 0.35250830506188074 -0.8669068777875938
vn -0.3286246341890279 0.37480616370405156 -0.8669061018666204
vn -0.3286244581804763 0.3748068523570917 -0.8669058708485932
vn -0.3524342749500993 0.3525112841505844 -0.8669059213010969
vn -0.3286245539622086 0.37480548872085495 -0.8669064241069276
vn -0.3286248395276827 0.374805176489229 -0.8669064508482348
vn -0.30340691822515775 0.395496986717198 -0.8669062091545595
vn -0.30340760686485624 0.39549696106826787 -0.8669059798399743
vn -0.2768912311669755 0.4144939774698204 -0.8669059861046552
vn -0.3034077346420682 0.39549628678326865 -0.8669062427390952
vn -0.2768915605959549 0.41449362224221675 -0.8669060507294104
vn -0.30340803467022587 0.39549578275722413 -0.8669063676769261
vn -0.3286255807606954 0.3748049635104353 -0.8669062619439527
vn -0.30340817657420366 0.3954953264575055 -0.8669065261827182
vn -0.3286256275203462 0.3748042675948989 -0.8669065450955542
vn -0.32862616293941643 0.37480435583540717 -0.8669063039789949
vn -0.3034086488532585 0.3954949926904415 -0.8669065131591915
vn -0.3034095431244313 0.3954953505809774 -0.8669060368978021
vn -0.2768913233112386 0.41449240204433074 -0.8669067099304698
vn -0.2768924539003857 0.4144929058409465 -0.866906107938196
vn -0.2768922735279258 0.41449203924057176 -0.8669065798958551
vn -0.2768930824459246 0.41449234363371973 -0.8669061759859719
vn -0.47024882813652097 0.16541253372874623 -0.8668937266595399
vn -0.46050489201110706 0.19080881878960565 -0.8669067072678318
vn -0.45842406472788955 0.19581414895465774 -0.8668934167171435
vn -0.4605060823466643 0.1908086690498448 -0.8669061079131662
vn -0.4719990690574016 0.16028193792207768 -0.8669063266494768
vn -0.47200003581816274 0.16028154003462922 -0.8669058738477785
vn -0.4605064194390243 0.19080804704072157 -0.8669060657533522
vn -0.44704109545736914 0.220518172356629 -0.8669059895010343
vn -0.44703998963686087 0.2205171575314321 -0.8669068178874433
vn -0.46050514935265957 0.19080693673550575 -0.8669069848105374
vn -0.47199928346577236 0.1602809266100182 -0.8669063968923241
vn -0.4719985977300461 0.16028004734564685 -0.8669069328155977
vn -0.481471562833491 0.12906756849334586 -0.8669063945697315
vn -0.48006287905382067 0.13430296077152584 -0.8668923502272694
vn -0.4878171921377919 0.10261786604977684 -0.8668932809880294
vn -0.4814715964686732 0.12906859770093532 -0.8669062226569961
vn -0.49348539888553605 0.07049322983997347 -0.8668926494287008
vn -0.4888822038124976 0.09730271050611325 -0.8669062079161731
vn -0.49704017373456955 0.03806673669381489 -0.8668921439552864
vn -0.49419976230156154 0.06511969989468216 -0.8669060039166337
vn -0.4984633133233301 0.005477669763910784 -0.8668934885005685
vn -0.4973989607808844 0.03265825582017047 -0.8669069800969885
vn -0.4888831836420968 0.09730156239086496 -0.8669057842166383
vn -0.4941984778817497 0.065119200321022 -0.8669067736549948
vn -0.4942012724659804 0.06511878218800153 -0.8669052119461259
vn -0.48888215132889734 0.09730073751957527 -0.8669064589620818
vn -0.4814719775496703 0.12906685256307135 -0.8669062708297088
vn -0.49419883832015543 0.06511798624669764 -0.8669066593758431
vn -0.4814713921354453 0.12906810711076963 -0.8669064091826747
vn -0.4888816578410308 0.09730194713118541 -0.8669066014923897
vn -0.4974004078455473 0.03265760125592107 -0.8669061744821595
vn -0.4984710282696227 0.00005666237923566751 -0.866906356399121
vn -0.4984710058884453 0.00005609080993680964 -0.8669063693054647
vn -0.4974011553191327 0.032657180456705626 -0.8669057614595778
vn -0.49739933365947914 0.032656617693760624 -0.8669068278632426
vn -0.4984716755780702 0.00005564704750962489 -0.8669059842623059
vn -0.49847054117726963 0.00005494988687048544 -0.8669066365872105
vn -0.44704155238269727 0.22051670202044948 -0.8669061278900343
vn -0.43166201299959495 0.24928245857088718 -0.8669060862527103
vn -0.4470410633485014 0.22051708343408294 -0.8669062830513844
vn -0.4316620535704908 0.24928189854555335 -0.8669062270885077
vn -0.4470424342821687 0.22051641289507104 -0.866905746661633
vn -0.4316621943448921 0.2492812977421844 -0.8669063297550231
vn -0.4720007222890019 0.16027918599663415 -0.8669059353210801
vn -0.4720005284858613 0.16027958323803063 -0.8669059673956058
vn -0.48147265825133 0.12906597212079934 -0.8669060238554759
vn -0.4814727794574367 0.12906549581892934 -0.8669060274508101
vn -0.4720003102946811 0.1602784129149936 -0.866906302569762
vn -0.46050604680047286 0.19080690833289593 -0.8669065143327985
vn -0.46050781559382736 0.19080688286306072 -0.8669055803425676
vn -0.4719998647770999 0.1602797098312692 -0.8669063053564691
vn -0.48147117347929047 0.12906624177425133 -0.8669068083379813
vn -0.4605075637521902 0.19080625145258762 -0.866905853096883
vn -0.44704109189507013 0.22051516056485934 -0.8669067574533709
vn -0.46050672437174195 0.19080534044511965 -0.8669064994946286
vn -0.4316618142252172 0.24928066121401507 -0.8669067020645863
vn -0.44704132379716127 0.22051474011792188 -0.8669067448165386
vn -0.4316626398581931 0.24928053690431126 -0.8669063266993465
vn -0.4316634298200029 0.24928030720663485 -0.8669059993995871
vn -0.44704255265633225 0.2205147733553975 -0.8669061026700228
vn -0.4470424081944052 0.22051432856480388 -0.8669062903067207
vn -0.46050654960824094 0.19080437354790677 -0.8669068051428039
vn -0.4605064386581114 0.19080457068506812 -0.8669068206907302
vn -0.4814729484355784 0.12906502433406813 -0.8669060037964884
vn -0.47199943567581454 0.16027754513255296 -0.8669069392085837
vn -0.46050753321390386 0.190804164985121 -0.8669063285485784
vn -0.4720002643881917 0.16027709614429175 -0.8669065710150261
vn -0.4720011622762596 0.16027699313277843 -0.8669061011909972
vn -0.4814720922084914 0.12906367739598942 -0.8669066798689475
vn -0.48147308456951515 0.1290634711612895 -0.8669061594237959
vn -0.48147199680719427 0.12906414571398167 -0.8669066631313967
vn -0.49419922727238863 0.06511499876436272 -0.8669066620457423
vn -0.48888277502983274 0.09729763765060316 -0.8669064551534622
vn -0.49419919180179744 0.06511540034887608 -0.8669066521026678
vn -0.48888373910852934 0.09729740875328378 -0.8669059371610971
vn -0.4942009313077383 0.06511454105096515 -0.8669057250002945
vn -0.4973995133127565 0.03265384240757068 -0.8669068293261131
vn -0.4984709578235129 0.00005280705182302011 -0.8669063971490377
vn -0.4984706117992766 0.00005230512110884185 -0.8669065961432231
vn -0.49740091079294907 0.032653275951465444 -0.86690604883804
vn -0.49740050051536916 0.03265287407668321 -0.8669062993781926
vn -0.4984712142945368 0.00005193898103630349 -0.8669062497306569
vn -0.49847146739893666 0.000051330127329634736 -0.8669061042318073
vn -0.488882063956304 0.09730008227337913 -0.8669065817788084
vn -0.49419935835759626 0.06511759665499643 -0.8669063921813112
vn -0.48888347458782344 0.09729974152146599 -0.8669058245131318
vn -0.49419939574675187 0.06511713571866903 -0.8669064054898556
vn -0.48888226595004186 0.09729917198450959 -0.8669065700354804
vn -0.4942001797738516 0.06511652597887917 -0.8669060043372262
vn -0.48888367587243536 0.09729884599261482 -0.8669058115123933
vn -0.49739982653306597 0.032656076622883154 -0.8669065654524001
vn -0.4974012026737044 0.032655443667157946 -0.866905799713933
vn -0.4984710059348394 0.00005440618560014421 -0.8669063693861502
vn -0.4984716756232952 0.00005399202909749895 -0.8669059843409579
vn -0.4974012114474888 0.032654904076078135 -0.8669058150055013
vn -0.49419954912462566 0.06511586969526595 -0.866906413148989
vn -0.4984716308426917 0.0000534753940431915 -0.866906010121864
vn -0.49739994353865713 0.03265439637232012 -0.8669065616116307
vn -0.48888198418346185 0.09729820664447357 -0.8669068372810371
vn -0.4289444006662647 0.2539759527607072 -0.8668926787996021
vn -0.4446358476430815 0.22537735579654822 -0.866893309747442
vn -0.4316598204470726 0.24928450743308753 -0.866906588834947
vn -0.41141555303081745 0.28148675368462805 -0.8668924098320598
vn -0.41443208532368003 0.27698287817198036 -0.8669062993506461
vn -0.44703952021206417 0.22051875561209283 -0.8669066534476834
vn -0.414432202807938 0.2769823405772568 -0.8669064149515244
vn -0.43166034483592397 0.24928409814114427 -0.8669064454196241
vn -0.4470404908755976 0.22051852577414915 -0.8669062113678161
vn -0.4144329968644935 0.27698215467480003 -0.8669060947424582
vn -0.43166163450671297 0.24928408795869972 -0.8669058061782677
vn -0.4144329542070359 0.27698136133855794 -0.8669063686109753
vn -0.43166091460606953 0.24928308689847975 -0.8669064525009701
vn -0.43166110980832734 0.2492826344266842 -0.866906485413701
vn -0.41443568098012956 0.2769775663914805 -0.866906277544689
vn -0.4144354763839733 0.27697691342711966 -0.8669065839770598
vn -0.39543295257157735 0.3034894493303735 -0.8669065313894406
vn -0.41443681497386214 0.27697679253725715 -0.8669059826706088
vn -0.4144350954296 0.27697632170860675 -0.866906955150914
vn -0.43166341536235503 0.24927815309035142 -0.8669066260154955
vn -0.3954334530436483 0.30348917637607287 -0.8669063986593648
vn -0.3954341144619441 0.3034893000116004 -0.8669060536748874
vn -0.39543440880271646 0.3034889395575105 -0.8669060456018887
vn -0.41443777616386607 0.27697679756014015 -0.8669055215544992
vn -0.39543477131061416 0.30348843666335773 -0.8669060563003084
vn -0.43166509170830086 0.24927851500077083 -0.8669056872344735
vn -0.41443700146075324 0.2769759035955697 -0.8669061775345919
vn -0.431664618139722 0.24927786123721973 -0.8669061110312266
vn -0.39543550358529306 0.30348756258504506 -0.8669060282755184
vn -0.3747401773109591 0.32870006031269783 -0.8669060328890207
vn -0.374739429051384 0.3287001469114655 -0.8669063235059619
vn -0.41443665947627734 0.27697464243537673 -0.8669067439638126
vn -0.4316644642242487 0.2492767110159304 -0.8669065184153784
vn -0.4316641468896877 0.24927615083011087 -0.8669068375075384
vn -0.4144365419939897 0.27697518003135235 -0.866906628367014
vn -0.41443747330207487 0.2769748571754746 -0.8669062862937478
vn -0.4316658153615434 0.24927637408291722 -0.8669059425175994
vn -0.41443856906114607 0.27697494195312805 -0.8669057353626236
vn -0.3954343140035762 0.3034875645123025 -0.866906570222485
vn -0.37473923541057025 0.32870090510514755 -0.8669061197309419
vn -0.3954342909145753 0.30348721203676704 -0.8669067041493205
vn -0.37473905463868756 0.3287003371436121 -0.8669064132247368
vn -0.4316646105521523 0.24927730551258945 -0.8669062746071469
vn -0.3954353425324739 0.3034869801698298 -0.8669063056314806
vn -0.5676647986523786 0.49787506161009465 -0.6556501349025247
vn -0.5990117219519717 0.4596820792606888 -0.6556503206517201
vn -0.751839760658698 0.6593458684883615 0
vn -0.7933535135015166 0.6087612032766206 0
vn -0.7284484428706407 0.6249033742698819 0.28081780375441795
vn -0.00036539353275828117 0.00027409368020672004 0.9999998956801048
vn -0.23169452570056157 0.22669242927176733 0.946006442510439
vn -0.6277960611474804 0.41952157505786003 -0.6556475834384516
vn -0.43166616058095225 0.24927627751037365 -0.8669057983886546
vn -0.6538880916606981 0.3775633190713322 -0.6556495280835409
vn -0.8314697669859799 0.5555700015194128 0
vn -0.8037837562876171 0.5244760991324345 0.280813985704048
vn -0.8660252003375697 0.5000003523801481 0
vn -0.28247157061355693 0.15900097968699414 0.9460066068763403
vn -0.27689349129728996 0.4144913774133569 -0.8669065073738781
vn -0.3034098704987783 0.3954941877022852 -0.8669064528411494
vn -0.27689369851732604 0.4144907494745585 -0.8669067414211374
vn -0.30341034772659214 0.395493949792935 -0.8669063943527073
vn -0.27689436517607857 0.4144908553592186 -0.8669064778609743
vn -0.3034123173317859 0.39549425127292576 -0.866905567464775
vn -0.30341131182492365 0.3954926222760233 -0.8669066625548068
vn -0.2768960899510313 0.414490849731145 -0.8669059296480696
vn -0.3034104106570085 0.3954933580816153 -0.8669066422737068
vn -0.2768946574517891 0.41449069774399744 -0.8669064598665478
vn -0.30341155192328845 0.3954939953724614 -0.8669059520985131
vn -0.24919341310421175 0.43171387574484116 -0.8669058612991619
vn -0.27689620844796087 0.414491772536794 -0.8669054505806559
vn -0.24919319664092812 0.43171299389605866 -0.8669063626766027
vn -0.24919391682785008 0.43171288721670237 -0.8669062087832876
vn -0.3524371348406535 0.35250901804149454 -0.8669056800971673
vn -0.37473767442405903 0.3287036966416891 -0.8669057360413162
vn -0.3524368355215624 0.35250815247802186 -0.8669061537468048
vn -0.3286272296308024 0.37480387193590026 -0.8669061088301553
vn -0.3747369933734388 0.32870271702699266 -0.8669064018776814
vn -0.3524362430807023 0.352506963991446 -0.8669068778713741
vn -0.37473693342554526 0.3287020014701753 -0.8669066991068411
vn -0.35243657091438035 0.3525066361740357 -0.8669068778913793
vn -0.3286268656243091 0.3748028513820401 -0.8669066880500086
vn -0.32862711500231284 0.37480256585816096 -0.8669067169605941
vn -0.3954328925498915 0.3034905516962374 -0.8669061728472922
vn -0.39543283921948663 0.30348990086054306 -0.8669064250208747
vn -0.4144357799997965 0.27697828807163105 -0.8669059996290651
vn -0.37473731784307096 0.32870158159509955 -0.8669066921374302
vn -0.35243842717832946 0.35250780698624984 -0.8669056471507209
vn -0.37473904572384176 0.3287024452888637 -0.866905617741116
vn -0.3747384791634404 0.3287015211394544 -0.8669062130558763
vn -0.3524385696936292 0.3525072640468546 -0.866905809985439
vn -0.3747382231937745 0.3287006378159311 -0.8669066586299663
vn -0.35243752090939384 0.35250570862203434 -0.8669068688412371
vn -0.3286283398862157 0.37480340373179905 -0.866905890379508
vn -0.3286281216324308 0.37480172381006793 -0.8669066994211901
vn -0.3286287524376078 0.37480307056738504 -0.8669058780309206
vn -0.32862701372923053 0.37480451927797337 -0.8669059107978301
vn -0.30340979040762095 0.3954949747058234 -0.8669061218305265
vn -0.2768937898319004 0.4144924212601424 -0.8669059129285209
vn -0.3034131818297401 0.39549267205043587 -0.8669059853561742
vn -0.3286293414446531 0.3748016320274505 -0.866906276693861
vn -0.328629880533878 0.3748016946514799 -0.8669060452590396
vn -0.30341338417268304 0.39549242545473645 -0.8669060270368465
vn -0.32862966735124166 0.37480094438548167 -0.8669064504457004
vn -0.49782297021376654 0.5677112341632629 -0.6556494832853667
vn -0.45962565801477234 0.5990539149382058 -0.6556513261572009
vn -0.6406503348474125 0.7146387132272012 0.28081783778255304
vn -0.02604980369188501 0.03319246662519832 0.999109437392596
vn -0.6593458684883615 0.751839760658698 0
vn -0.6087612032766206 0.7933535135015166 0
vn -0.3034119036097101 0.3954925869186749 -0.8669064715644393
vn -0.3286287537832118 0.37480182040449467 -0.8669064180223666
vn -0.3034119935986204 0.39549199163077337 -0.8669067116457426
vn -0.2768954300888467 0.414489323509049 -0.8669068701382655
vn -0.276895964277581 0.414489230729445 -0.8669067438750846
vn -0.2768967469296455 0.41448977883471605 -0.8669062318274843
vn -0.2768978546723451 0.41449050165996604 -0.8669055324033423
vn -0.24919393023476843 0.43171157332586907 -0.8669068592361304
vn -0.24919433695474802 0.4317125048008604 -0.8669062784570492
vn -0.24919484740055534 0.4317121835695114 -0.8669062916986233
vn -0.2491957581020004 0.43171272300946095 -0.8669057612772715
vn -0.4194633948035755 0.627834198959968 -0.6556482891277572
vn -0.5555700015194128 0.8314697669859799 0
vn -0.5418906258718412 0.7921477028691046 0.2808141136613771
vn -0.002156998957734316 0.005050859869329893 0.9999849179713046
vn -0.3775027295725326 0.6539237328491597 -0.655648870037849
vn -0.5000003523801481 0.8660252003375697 0
vn -0.1651272898755554 0.2789346237174881 0.9460065823396461
vn -0.35243869071585693 0.3525062525811772 -0.8669061720726573
vn -0.3524389924486943 0.3525059284659446 -0.8669061811973148
vn -0.3524390455545073 0.3525054749310432 -0.8669063440258513
vn -0.352439343584677 0.352505176914767 -0.8669063440429369
vn -0.5338868019966582 0.5339363930622 -0.6556499148307036
vn -0.7071067811865476 0.7071067811865476 0
vn -0.47200065456020657 0.1602759198836093 -0.8669065760508451
vn -0.4814745217004076 0.12906323451710497 -0.866905396481846
vn -0.4814724961894749 0.12906237053040734 -0.8669066500645545
vn -0.47200145559977175 0.1602755312231298 -0.8669062117685166
vn -0.4814738827707974 0.12906217302825143 -0.8669059093712755
vn -0.47200106010240994 0.1602748680513734 -0.8669065497118568
vn -0.47200061992481 0.16027445792868608 -0.8669068651973294
vn -0.4605084145226069 0.19080189216823149 -0.8669063606289306
vn -0.48147136855182143 0.12906131384818828 -0.8669074336586438
vn -0.4814743296377727 0.1290613087159272 -0.8669057898597687
vn -0.46050978702042983 0.19080208654251318 -0.866905588763518
vn -0.4720032742315046 0.1602746820912863 -0.8669053785709695
vn -0.46050923944442296 0.19080133687124268 -0.8669060446406323
vn -0.47200136941298204 0.16027381868307 -0.8669065753107517
vn -0.48147442609720065 0.12906086357153768 -0.8669058025578904
vn -0.48147242070082313 0.12906004169148913 -0.8669070386973916
vn -0.4470426059671647 0.22051401029161288 -0.8669062692789784
vn -0.4605088256452706 0.19080393109583757 -0.8669056934760486
vn -0.4470434416419924 0.22051371286516216 -0.86690591399719
vn -0.46050900581793447 0.19080348462396396 -0.8669056960338479
vn -0.44704209925392596 0.22051246053449006 -0.8669069247870084
vn -0.43166279125603674 0.24927839251515702 -0.8669068679334053
vn -0.4605068057215781 0.1908022500133857 -0.8669071364765308
vn -0.44704300091080806 0.22051244937587297 -0.8669064626630213
vn -0.43166375895148795 0.24927993543175897 -0.866905942417636
vn -0.4316634483723719 0.2492793172332988 -0.8669062748296223
vn -0.4720026453649255 0.16027688643835705 -0.8669053134236394
vn -0.4605082536767919 0.19080211078239626 -0.8669063979557042
vn -0.447044078624061 0.22051257096747384 -0.8669058759822077
vn -0.44704442460347293 0.2205121926926415 -0.8669057937889406
vn -0.4470440523882352 0.22051142533728144 -0.8669061809215719
vn -0.48888382805628683 0.0972969690776323 -0.8669059363468087
vn -0.48888301529532935 0.0972964012218067 -0.8669064584284928
vn -0.4941995783577233 0.065114074030325 -0.8669065313597664
vn -0.49420007754885914 0.06511363346470408 -0.8669062798755848
vn -0.48888310176212196 0.0972960132064738 -0.8669064532148624
vn -0.4941994928005847 0.0651130463574262 -0.8669066573222867
vn -0.48888250182291654 0.0972953716818285 -0.8669068635445568
vn -0.4974004834054392 0.03265234396225404 -0.8669063291623876
vn -0.4974010026445309 0.03265176364407693 -0.866906053098689
vn -0.4984714450146083 0.00005082352862444936 -0.8669061171326553
vn -0.49847125912587414 0.00005049476012095907 -0.8669062240379548
vn -0.49739966647956435 0.03265131693348989 -0.8669068365681096
vn -0.4941995723589212 0.06511267253079543 -0.8669066400461798
vn -0.4984704965146553 0.00004990284400656052 -0.8669066625733932
vn -0.49739971902127406 0.032650843357981095 -0.8669068242582766
vn -0.49420126369950657 0.06511191159769598 -0.8669057330101726
vn -0.4941997312481188 0.06511123587012536 -0.8669066573730715
vn -0.48888284672706317 0.09729389986576047 -0.8669068342243902
vn -0.48888480636497056 0.09729532147080226 -0.8669055695549421
vn -0.49420185146002016 0.06511250302839924 -0.8669053535207085
vn -0.4888843004344359 0.09729466596079998 -0.8669059284399366
vn -0.4974026858586219 0.03265057798309922 -0.8669051319827323
vn -0.49740132738694054 0.032650124313952235 -0.8669059285158875
vn -0.4974005017486764 0.0326496331550258 -0.8669064207369833
vn -0.4984721628876275 0.00004914142204883517 -0.8669057044519034
vn -0.4984721147449076 0.00004867617005401514 -0.866905732160291
vn -0.4984705413523909 0.00004813372618842667 -0.8669066368917697
vn -0.4984705413204098 0.00004944868816785813 -0.8669066368361503
vn -0.4605082053453275 0.1908005061277706 -0.8669067768053333
vn -0.44704325907884995 0.22051059667316886 -0.8669068007963734
vn -0.44704442595837496 0.22051053933210019 -0.8669062136488659
vn -0.4605089665097188 0.19080041104620413 -0.8669063933947829
vn -0.44704451953136265 0.2205103178696279 -0.866906221727592
vn -0.46050847822188246 0.19079980770213067 -0.8669067855695882
vn -0.4470441619450606 0.22050987085529652 -0.8669065198314171
vn -0.4814729805714185 0.12905887077987718 -0.8669069020677466
vn -0.472003345156114 0.1602727487841499 -0.8669056973850217
vn -0.4720013733100043 0.16027247890184526 -0.8669068208868399
vn -0.48147392213816353 0.12905950828437257 -0.8669062842212472
vn -0.4720014648284537 0.16027347799662217 -0.8669065863463378
vn -0.47200228452099885 0.16027314515492835 -0.8669062015864838
vn -0.48147382845684117 0.1290599094699758 -0.8669062765251581
vn -0.4605106186580953 0.19080010351658347 -0.8669055834410109
vn -0.6771836420713065 0.3339888522477871 -0.6556475893994017
vn -0.6975783030661707 0.2889842060262392 -0.6556467339647972
vn -0.8968728838647412 0.4422884015980324 0
vn -0.8653628451522347 0.4150726901404562 0.28082344654532315
vn -0.03915606765870423 0.01572064291935329 0.9991094353231328
vn -0.9238795305660377 0.3826834370613369 0
vn -0.4814750026233994 0.12905898878134256 -0.8669057614663399
vn -0.7149847216975346 0.24274176587074972 -0.6556472243829367
vn -0.7293300586416664 0.195459647834616 -0.6556471548249954
vn -0.9469300549733575 0.32143968483706875 0
vn -0.9121370227564833 0.2985695571708908 0.2808242711157935
vn -0.31399739125334464 0.08047366973630697 0.9460072022798061
vn -0.9659258182961655 0.25881907493243805 0
vn -0.0017107938276444414 0.00020626574517563834 0.9999985153183587
vn -0.4888842740118622 0.09729368315676978 -0.8669060536423104
vn -0.4888829465587922 0.09729317330308057 -0.8669068594679649
vn -0.49419983213098856 0.06511089817948425 -0.8669066252255566
vn -0.4941998429194074 0.06511056432473261 -0.8669066441501921
vn -0.4888832905985174 0.09729278164910819 -0.8669067094056571
vn -0.49420081147997996 0.06511000749242252 -0.8669061338212262
vn -0.4888846955578926 0.09729255897751983 -0.8669059420818802
vn -0.4973990945391968 0.032649215495825584 -0.8669072438727768
vn -0.4974019049135914 0.03264871689478608 -0.8669056501566103
vn -0.4984705413624733 0.00004771165880506129 -0.8669066369093044
vn -0.4984711886496716 0.00004741780027332659 -0.8669062647355456
vn -0.4974000565280469 0.03264841882944744 -0.8669067219221643
vn -0.4942008675551498 0.06510966430070497 -0.8669061276299682
vn -0.49847003184137434 0.00004702141754298736 -0.8669069299209953
vn -0.4974008017616224 0.03264813571889774 -0.8669063049955142
vn -0.7405518316947547 0.14734055148760128 -0.6556475779417427
vn -0.7486024861909297 0.0985907285511757 -0.655647913069589
vn -0.9807852926251279 0.19509026057249068 0
vn -0.9433048856698627 0.17695726253818508 0.2808238236089651
vn -0.9914448482045445 0.13052629225051873 0
vn -0.7534476965635756 0.04941878742570527 -0.6556480397228494
vn -0.49847144512008756 0.00004647387016956522 -0.8669061173160973
vn -0.7550669418452929 0.000034959103267726776 -0.6556477042667488
vn -0.9978589147635325 0.06540325853461215 8.097995874364377e-20
vn -0.9583321208757561 0.05231751871378917 0.2808245419001113
vn -0.0018860130981006966 -0.000020580479224720216 0.9999982212639368
vn -1 -1.221014123142794e-10 1.6197147651492718e-19
vn 0.0010998941910395342 -0.00317512108704861 0.9999943544034892
vn -0.1550392070856539 0.47377121735292915 -0.8668931179068013
vn -0.18569317806197763 0.4626160648271441 -0.866893546051123
vn -0.16017421949716354 0.47203495714453403 -0.866906695464992
vn -0.2204183302415394 0.4470899028689214 -0.8669062108706975
vn -0.22041848662763322 0.44708884494346995 -0.866906716711722
vn -0.19070538845743612 0.4605472974033501 -0.8669069394506936
vn -0.19070484007384655 0.46054918209649803 -0.8669060588337443
vn -0.2204178698315349 0.4470902337897321 -0.8669061572677699
vn -0.19070522834934067 0.46054867749838474 -0.8669062414902284
vn -0.19070407403435205 0.4605485415639411 -0.8669065676357673
vn -0.1601753546493022 0.4720358590646881 -0.8669059946268869
vn -0.16017596647537008 0.4720358616534764 -0.8669058801719719
vn -0.16017545896857166 0.47203341530706155 -0.8669073059893766
vn -0.12896056634729178 0.48149976737195405 -0.8669066537685243
vn -0.27688867404261674 0.41449514855565794 -0.8669062429183128
vn -0.2723781786224231 0.4175017211346381 -0.8668924043155217
vn -0.24918652627521837 0.4317170304725889 -0.8669062698601386
vn -0.24448828028475572 0.4344211452895312 -0.866893159119816
vn -0.2768886662418062 0.4144943322153495 -0.866906635727392
vn -0.2491868732661012 0.4317165610231388 -0.8669064039042614
vn -0.27689019593711256 0.4144952409206676 -0.8669057126631622
vn -0.24918760002141435 0.4317167637461599 -0.8669060940471638
vn -0.2768897161136499 0.41449383574110754 -0.8669065377785118
vn -0.2491881071590406 0.43171622816741023 -0.8669062149894873
vn -0.22041703436258597 0.44708984432319077 -0.8669065705517911
vn -0.2155520904112645 0.4494808291473676 -0.8668934655125328
vn -0.22042024520679435 0.44708970970192047 -0.8669058235942524
vn -0.2204195373329629 0.4470893070200202 -0.8669062112537206
vn -0.24918839504012993 0.4317157893775403 -0.8669063507550577
vn -0.22042019637256566 0.447088956265259 -0.8669062245806758
vn -0.2491886700967899 0.4317154475788053 -0.8669064419054833
vn -0.24918981298309498 0.4317160318373736 -0.8669058224282739
vn -0.2204205669200819 0.4470883263973031 -0.8669064552060322
vn -0.24919092152087743 0.43171413861340885 -0.8669064465978197
vn -0.24919002836214935 0.43171440841245656 -0.8669065689761233
vn -0.24919098745580603 0.4317150138477468 -0.8669059917829846
vn -0.24918938556568745 0.4317144346691967 -0.8669067406703279
vn -0.22042059556186103 0.44708728096205785 -0.8669069870834522
vn -0.22042193919954953 0.44708844839078243 -0.8669060433720789
vn -0.22042219045553121 0.4470878779606879 -0.8669062736740315
vn -0.19070912780789717 0.46054687813991035 -0.8669063395813493
vn -0.19070625701309207 0.46054802301517983 -0.8669063628979002
vn -0.19070721884639263 0.46054869218652955 -0.8669057958077979
vn -0.1907078795983619 0.4605488237141715 -0.8669055805764488
vn -0.19070753363268372 0.46054708735754485 -0.8669065791319274
vn -0.1601767218436837 0.4720347752405931 -0.8669063321622318
vn -0.16017741384696998 0.47203524157761234 -0.8669059503787373
vn -0.12896183040274922 0.4815005327366602 -0.8669060406257906
vn -0.12896080597915155 0.4814994738787274 -0.8669067811337713
vn -0.16017855883795692 0.47203487688165696 -0.8669059373980054
vn -0.1601779645642327 0.4720350609197252 -0.8669059469922736
vn -0.1289623866422313 0.48150043180927116 -0.8669060139363581
vn -0.19070768538580646 0.46054599129218426 -0.8669071280359202
vn -0.16017797197675626 0.4720325056538097 -0.8669073369741425
vn -0.19070861014628007 0.4605469471120998 -0.8669064168189082
vn -0.16017906058213974 0.47203355115343 -0.8669065665551884
vn -0.16017996122218578 0.4720348222132536 -0.866905708044976
vn -0.12896289114605092 0.48150021521917374 -0.866906059184697
vn -0.1289633062445826 0.4814997006121915 -0.866906283258367
vn -0.12896292263654555 0.48149771812703873 -0.8669074414396816
vn -0.1289645868112951 0.48150097862806157 -0.8669053829160429
vn -0.2768900455427406 0.414493480513668 -0.8669066024036294
vn -0.12895921181391906 0.48150129278766135 -0.8669060080147926
vn -0.12372167676156194 0.48289800735066707 -0.8668924161601962
vn -0.09719142230424146 0.4889043227602841 -0.8669062178902551
vn -0.09187317563211075 0.48995422909634945 -0.8668934034758099
vn -0.12895907213462918 0.48149957326266224 -0.8669069838581585
vn -0.09719205747561602 0.48890427257249197 -0.8669061749832093
vn -0.12896059308840194 0.4815015142793155 -0.8669056795159517
vn -0.09719226334754862 0.488904169360798 -0.8669062101098417
vn -0.09719281033653986 0.48890358889110347 -0.866906476148543
vn -0.06500707682640265 0.4942132322687416 -0.8669067775793247
vn -0.06500805122385292 0.49421450138723383 -0.8669059810006184
vn -0.06500866897080741 0.4942150626805082 -0.8669056146884421
vn -0.06500893831809788 0.4942132234996608 -0.8669066429880602
vn -0.059632218394307664 0.4949163713193227 -0.8668920255311431
vn -0.03254501906206411 0.4974077958465171 -0.8669061692970926
vn -0.027135559544738928 0.49775530522742395 -0.8668929100679899
vn 0.00005666327781644191 0.4984710282695974 -0.8669063563990769
vn 0.005477669177973004 0.49846324277362625 -0.8668935290703108
vn -0.03254533126912291 0.49740635437176817 -0.866906984654738
vn -0.03254635241974015 0.49740907281867885 -0.8669053865456324
vn -0.03254672196338259 0.49740652112681927 -0.8669068367650318
vn 0.00005609065714169591 0.4984710058884495 -0.866906369305472
vn 0.000055647117853254334 0.4984717461293482 -0.866905943695253
vn 0.000054949552176438645 0.4984705411772788 -0.8669066365872264
vn -0.09719348502933689 0.48890392986873715 -0.8669062082063764
vn -0.09719371170624477 0.48890320070356186 -0.8669065940149354
vn -0.09719485958591048 0.48890296475094974 -0.8669065983875118
vn -0.0971946797736605 0.48890439024078153 -0.866905814622895
vn -0.0650096326418958 0.4942136217234164 -0.8669063638979643
vn -0.06501020587427764 0.4942141844528236 -0.8669060001048641
vn -0.06501045663200566 0.4942134795227955 -0.8669063831732174
vn -0.06501107528915712 0.4942133920845714 -0.8669063866266122
vn -0.09719659476302203 0.4889037951507156 -0.8669059355280133
vn -0.06501249256089087 0.4942129576797771 -0.8669065279904328
vn -0.09719588770366112 0.4889023385883444 -0.8669068362496314
vn -0.06501212714190444 0.49421343192823364 -0.8669062850309727
vn -0.09719572046202629 0.4889036927507209 -0.8669060913031911
vn -0.06501159842412658 0.4942128677628102 -0.866906646305125
vn -0.032547264769558264 0.49740695156143366 -0.8669065694147103
vn -0.03254801387617497 0.4974082380017153 -0.8669058031647644
vn -0.03254849861585057 0.4974081853036424 -0.8669058152018542
vn -0.0325487812864297 0.49740683729956964 -0.8669065780373382
vn 0.000054406323843342375 0.4984710059348356 -0.8669063693861436
vn 0.00005399176716302649 0.49847167562330225 -0.8669059843409702
vn 0.00005347499512028061 0.498471698034363 -0.866905971486622
vn 0.00005280680117767046 0.4984710507720556 -0.8669063437036578
vn -0.032549925365565634 0.4974076781066878 -0.8669060526488495
vn -0.03255021937929258 0.4974072565311158 -0.8669062834981349
vn -0.03254923207909015 0.4974063907619572 -0.866906817322499
vn 0.00005230447603795279 0.49847054124798557 -0.866906636710195
vn 0.000051938594638961263 0.49847123669178034 -0.8669062368522615
vn 0.000051329997124936624 0.49847144500171353 -0.8669061171102297
vn 0.8660253998984726 -0.5000000067305523 -3.7151150922782877e-7
vn 0.5218893934281894 -0.8530131657994177 -1.0721141408048932e-7
vn 0.9967330075879188 0.08076702040267097 -1.2752494143267136e-7
vn 0.500000192460167 -0.8660252926674809 -2.5470552276312675e-23
vn 0.9999999999999774 2.1270760441893317e-7 0
vn 0.8660253998985324 -0.5000000067305869 7.909187192112916e-16
vn 0.4999997986492412 -0.8660255200343221 2.547055195127141e-23
vn 0.9999999999999738 -2.2913511088517534e-7 0
vn 0.5000000067305869 -0.8660253998985324 -2.5470581900737097e-23
vn 1 -1.671074123521521e-8 0
vn 0.8660253740889633 -0.5000000514340687 0
vn 0.8660253998985324 -0.5000000067305869 0
vn 0 -1 0
vn -0.004401656923227044 -0.9999903126612429 0
vn -0.37740326691584986 -0.9260490128072293 0
vn -0.5447044965080065 -0.838628053122455 0
vn -0.500000121947118 -0.8660253333782257 0
vn 0.500000192460167 -0.8660252926674809 0
vn 0.9999999999999774 2.1270760441893317e-7 0
vn 0.4999997986492412 -0.8660255200343221 2.547055195127141e-23
vn 0.9999999999999738 -2.2913511088517534e-7 0
vn 0.500000192460167 -0.8660252926674809 0
vn 0.9999999999999774 2.1270760441893317e-7 0
vn 0.9999999999999738 -2.2913511088517534e-7 0
vn 0.4999997986492412 -0.8660255200343221 -2.547055195127141e-23
vn 0.5000000067305869 -0.8660253998985324 2.5470581900737097e-23
vn 1 -1.671074123521521e-8 0
vn 0.5000000067305869 -0.8660253998985324 -2.5470581900737097e-23
vn 1 -1.671074123521521e-8 0
vn 0.5000004228931902 -0.8660251596268038 5.0941043785609835e-23
vn 0.9999999999999023 4.421254402586351e-7 0
vn -0.4999999585692771 -0.8660254277044763 0
vn -0.4999997504879324 -0.86602554784025 -1.2735274719161094e-23
vn -0.500000121947118 -0.8660253333782257 1.273527507145246e-23
vn -0.4999997504879324 -0.86602554784025 0
vn -0.500000121947118 -0.8660253333782257 0
vn -0.49999993621753414 -0.8660254406092593 0
vn -0.49999993621753414 -0.8660254406092593 -1.2735289883664143e-23
vn -0.24919208920403083 0.4317148632115919 -0.8669057501022397
vn -0.2491921340278458 0.43171411836199974 -0.8669061081487254
vn -0.22042321145115967 0.44708789361255397 -0.8669060059998702
vn -0.24919145924680144 0.43171226329183326 -0.866907225925527
vn -0.24919291201820307 0.43171352773806454 -0.8669061786420971
vn -0.2204229661362478 0.44708644911314743 -0.8669068133421814
vn -0.22042266948291853 0.4470879718101549 -0.8669061034741342
vn -0.1907101289829974 0.4605478981741099 -0.8669055774366076
vn -0.19071010057324989 0.4605468882580775 -0.8669061202086088
vn -0.22042324502977623 0.44708611271084236 -0.8669069159209951
vn -0.19071033601779028 0.4605462552272843 -0.8669064047128194
vn -0.22042500296182654 0.44708813844740714 -0.866905424212417
vn -0.22042530742222138 0.4470878236783792 -0.8669055091336942
vn -0.22042435216284892 0.4470857641031723 -0.8669068142020058
vn -0.19071122774856955 0.46054613036983266 -0.8669062748717453
vn -0.19071010057390064 0.460544980910986 -0.8669071334905443
vn -0.1907125698087977 0.4605474737823112 -0.8669052659372047
vn -0.19071243549576833 0.4605460725839651 -0.8669060398767319
vn -0.1601807937771524 0.47203433974730435 -0.8669058169168365
vn -0.12896534964280087 0.4814984859568493 -0.8669066539211543
vn -0.12896534448021496 0.48149983758887277 -0.8669059039624709
vn -0.1601807607963064 0.4720329594737446 -0.8669065745748932
vn -0.1289658131489639 0.48149834280748294 -0.8669066644757522
vn -0.16018002995985992 0.4720340899594042 -0.8669060940599365
vn -0.16018126795669596 0.47203278219487627 -0.8669065773940983
vn -0.1289646311208871 0.48149957644829916 -0.8669061551286631
vn -0.16018157038013434 0.472032854766348 -0.8669064819988865
vn -0.1601828163085389 0.47203292717252826 -0.8669062123577149
vn -0.16018215022123003 0.4720333277602213 -0.866906117312662
vn -0.12896649609763391 0.48149904871165805 -0.8669061708017007
vn -0.12896700283300927 0.4814995557091551 -0.8669058138184084
vn -0.12896674703050978 0.48149740067255337 -0.8669070488270026
vn -0.22042507493007132 0.44708592835026406 -0.8669065457206185
vn -0.22042594411838776 0.4470863849447226 -0.8669060892372233
vn -0.19071250032370282 0.4605446546860349 -0.866906778875562
vn -0.19071217133363566 0.46054480088550026 -0.8669067735821108
vn -0.22042575974424047 0.4470854800188112 -0.8669066028111236
vn -0.19071338897446663 0.46054511843728574 -0.8669063370107871
vn -0.19071420860048077 0.46054601265704637 -0.8669056816422349
vn -0.22042674364508807 0.44708649415816326 -0.8669058296189877
vn -0.3339255707782892 0.6772136006204486 -0.6556488788330848
vn -0.4422884015980324 0.8968728838647412 0
vn -0.4338576775795514 0.8560991251959759 0.28082343820265915
vn -0.2889195702571197 0.6976048403340119 -0.6556469847905951
vn -0.3826834370613369 0.9238795305660377 0
vn -0.16018326314009163 0.4720327775618983 -0.8669062112575913
vn -0.16018330886323878 0.4720320951132665 -0.8669065744038421
vn -0.1601835173267489 0.4720315880236811 -0.866906811995772
vn -0.16018456094477276 0.4720331989307772 -0.866905742017036
vn -0.1289676571895629 0.4814985375970337 -0.8669062819537955
vn -0.12896807673566857 0.4814983972231547 -0.8669062975054662
vn -0.1289681957966596 0.4814972939835383 -0.8669068925550684
vn -0.12896913453153014 0.48149908197992564 -0.8669057598093791
vn -0.24267549064847063 0.715007461922055 -0.6556469596012059
vn -0.32143965811402525 0.9469300640446149 0
vn -0.31840306785648625 0.9054044560500081 0.28082424636125464
vn -0.087306513419099 0.31216659797527685 0.946007181697445
vn -0.19539205493127895 0.7293481738378386 -0.6556471506756832
vn -0.25881907493243805 0.9659258182961655 0
vn -0.005963549899744305 0.04177039081960703 0.9991094387119815
vn 0.00009756996107803245 0.0008092573467526091 0.9999996677912695
vn -0.09719714656214289 0.48890367823587744 -0.8669059395964517
vn -0.0971974787883884 0.4889027092206406 -0.8669064488362621
vn -0.09719799368648123 0.48890259407577025 -0.8669064560431566
vn -0.09719850120436468 0.4889024792848179 -0.8669064638776109
vn -0.06501338726301258 0.49421418438268183 -0.8669057615632451
vn -0.06501346277208939 0.49421258268380097 -0.8669066690107934
vn -0.06501401178465151 0.49421256496881694 -0.8669066379366397
vn -0.06501453303596114 0.4942125031648168 -0.866906634078712
vn -0.09719878578273912 0.4889033508773173 -0.8669059404245029
vn -0.09719930806099147 0.4889032353780981 -0.8669059470030717
vn -0.09719960338611412 0.48890226813260357 -0.8669064593809288
vn -0.06501543479630237 0.4942153064082008 -0.8669049683501046
vn -0.06501571003966627 0.49421235272400693 -0.866906631571728
vn -0.06501532239502592 0.4942132451634943 -0.8669061518750683
vn -0.032550699198200715 0.4974071557621254 -0.8669063233004711
vn -0.03255129254610899 0.4974075886843582 -0.8669060526220761
vn -0.03255150919749626 0.49740619690744187 -0.8669068430500709
vn -0.03255194411208067 0.4974062122791042 -0.8669068178995241
vn 0.00005082329215582461 0.49847144501461443 -0.8669061171326659
vn 0.000050494619740042015 0.4984712143314114 -0.8669062497947867
vn 0.000049902634417766636 0.498470563706422 -0.8669066239382007
vn 0.000049448455337216674 0.4984705413204154 -0.8669066368361601
vn -0.0325526296524357 0.497408448781776 -0.8669055089127181
vn -0.032553362715475785 0.49740906211413133 -0.8669051294707255
vn -0.03255327064728753 0.49740538288491304 -0.8669072439697788
vn 0.00004914122088083915 0.4984720923363631 -0.8669057450190009
vn 0.00004867590448156796 0.49847211474491404 -0.8669057321603022
vn 0.000048134326454924274 0.4984705413523765 -0.8669066368917447
vn -0.09720055175128325 0.4889027855431647 -0.8669060612473422
vn -0.09719970914745597 0.48890158998866556 -0.866906829969752
vn -0.09720042227421387 0.48890095343146495 -0.8669071090050645
vn -0.09720128222219775 0.48890284672718665 -0.866905944838547
vn -0.06501620257216428 0.4942122693539361 -0.8669066421611544
vn -0.0650166626027919 0.49421288071937386 -0.8669062591278556
vn -0.06501694832695602 0.494212364056967 -0.866906532241783
vn -0.0650174241533294 0.49421295242016827 -0.8669061611366057
vn -0.14727192864417296 0.7405657045119073 -0.6556473261855098
vn -0.19509026057249068 0.9807852926251279 0
vn -0.19749985489809804 0.9392186930141744 0.2808238843260599
vn -0.09852138099720932 0.7486118627214615 -0.655647631337982
vn -0.13052629225051873 0.9914448482045445 0
vn -0.032553884337863846 0.4974067387823034 -0.8669064429501435
vn -0.03255427604396007 0.4974066875908183 -0.8669064576130368
vn -0.03255478261528744 0.49740686536349127 -0.8669063365889864
vn -0.03255518452023159 0.49740685884851077 -0.8669063252343424
vn 0.00004771160858214204 0.49847051896522065 -0.866906649787707
vn 0.00004741741100960433 0.49847118864968076 -0.8669062647355615
vn 0.00004702177336637014 0.4984700542386339 -0.866906917042589
vn 0.00004647361551104608 0.49847144512009345 -0.8669061173161076
vn -0.049348863773940814 0.7534522272150628 -0.6556480999353863
vn -0.06540325853461215 0.9978589147635325 0
vn -0.07321776559763869 0.9569622422093598 0.2808245462678145
vn -0.003536918506832661 0.3241262801246118 0.9460072117801521
vn 0.000034959288804648316 0.755066941845288 -0.6556477042667446
vn 1.221014123142794e-10 1 0
vn -0.002090606894722396 -0.0024140249656057684 0.9999949009101383
vn 0.009118139592033819 -0.001754786790011225 0.9999568891975802
vn 0.4999996129196202 -0.8660256272652848 -2.547052162226414e-23
vn 0.9999999999998963 -4.5572056706073274e-7 0
vn 0.5000000067305869 -0.8660253998985324 -2.5470581900737097e-23
vn 1 -1.671074123521521e-8 0
vn 0.5000000067305869 -0.8660253998985324 2.5470581900737097e-23
vn 1 -1.671074123521521e-8 0
vn 1 -1.671074123521521e-8 0
vn 0.5000000067305869 -0.8660253998985324 -2.5470581900737097e-23
vn 0.5000004228931902 -0.8660251596268038 0
vn 0.9999999999999023 4.421254402586351e-7 0
vn 0.4999996129196202 -0.8660256272652848 2.547052162226414e-23
vn 0.9999999999998963 -4.5572056706073274e-7 0
vn 0.5000000067305869 -0.8660253998985324 -2.5470581900737097e-23
vn 1 -1.671074123521521e-8 0
vn -0.4999995905678664 -0.8660256401700622 0
vn -0.5000003523801481 -0.8660252003375697 2.5470519759398413e-23
vn -0.49999993621753414 -0.8660254406092593 0
vn -0.49999993621753414 -0.8660254406092593 -1.2735289883664143e-23
vn -0.49999993621753414 -0.8660254406092593 0
vn -0.4999995424065584 -0.8660256679759741 -1.2735259744427864e-23
vn -0.5000003523801481 -0.8660252003375697 1.2735259879699206e-23
vn 0.5000000067305869 -0.8660253998985324 2.5470581900737097e-23
vn 1 -1.671074123521521e-8 0
vn 0.5000000067305869 -0.8660253998985324 -2.5470581900737097e-23
vn 1 -1.671074123521521e-8 0
vn 0.5000004228931902 -0.8660251596268038 0
vn 0.9999999999999023 4.421254402586351e-7 0
vn 0.9999999999998963 -4.5572056706073274e-7 0
vn 0.4999996129196202 -0.8660256272652848 2.547052162226414e-23
vn 0.5000000067305869 -0.8660253998985324 -2.5470581900737097e-23
vn 1 -1.671074123521521e-8 0
vn 0.5000000067305869 -0.8660253998985324 2.5470581900737097e-23
vn 1 -1.671074123521521e-8 0
vn -0.4999999585692771 -0.8660254277044763 0
vn -0.49999993621753414 -0.8660254406092593 0
vn -0.49999993621753414 -0.8660254406092593 -1.2735289883664143e-23
vn -0.4999995424065584 -0.8660256679759741 0
vn -0.5000003523801481 -0.8660252003375697 1.2735259879699206e-23
vn -0.49999993621753414 -0.8660254406092593 0
vn -0.49999993621753414 -0.8660254406092593 -1.2735289883664143e-23
vn -0.4977553533653491 -0.027135560544320102 -0.8668928823967135
vn -0.4949163713193227 -0.059632218394307664 -0.8668920255311431
vn -0.4974077734177213 -0.03254501954450846 -0.8669061821480294
vn -0.48995425174447027 -0.09187317429059941 -0.8668933908176284
vn -0.4942132325081092 -0.0650070694073075 -0.866906777999203
vn -0.48289800735066707 -0.12372167676156194 -0.8668924161601962
vn -0.48890437034748957 -0.09719143329035655 -0.8669061898210734
vn -0.47377121844746567 -0.1550391925426741 -0.8668931199095533
vn -0.48150129186238816 -0.12895922646726715 -0.8669060063489095
vn -0.4974063544320741 -0.0325453275477785 -0.8669069847598425
vn -0.49421447886406794 -0.06500805218133959 -0.866905993769051
vn -0.4974090279611624 -0.032546353384670844 -0.8669054122475484
vn -0.49740654355565217 -0.03254672148091422 -0.8669068239141177
vn -0.4942150626805082 -0.06500866897080741 -0.8669056146884421
vn -0.4942132234996608 -0.06500893831809788 -0.8669066429880602
vn -0.48890427257249197 -0.09719205747561602 -0.8669061749832093
vn -0.48890416865272895 -0.09719227810794813 -0.8669062088543208
vn -0.4889036122779464 -0.09719279415999738 -0.8669064647728426
vn -0.4815015620521135 -0.1289605979014358 -0.8669056522657347
vn -0.47203495714453403 -0.16017421949716354 -0.866906695464992
vn -0.48149957233739343 -0.12895908678797716 -0.8669069821922755
vn -0.4720358126386509 -0.16017533410723617 -0.8669060237016487
vn -0.4720358605268174 -0.16017598099422214 -0.8669058781028339
vn -0.48149976737195405 -0.12896056634729178 -0.8669066537685243
vn -0.4626160648271441 -0.18569317806197763 -0.866893546051123
vn -0.4605485415639411 -0.19070407403435205 -0.8669065676357673
vn -0.46054918209649803 -0.19070484007384655 -0.8669060588337443
vn -0.47203341756036044 -0.1601754299308625 -0.8669073101276455
vn -0.46054867749838474 -0.19070522834934067 -0.8669062414902284
vn -0.4605472974033501 -0.19070538845743612 -0.8669069394506936
vn -0.44709027633138043 -0.22041792081557465 -0.8669061223646245
vn -0.44708988049222853 -0.2204183190012635 -0.8669062252689747
vn -0.44708884494346995 -0.22041848662763322 -0.866906716711722
vn -0.49740681481043314 -0.032548785490272555 -0.8669065907831405
vn -0.4974063907619572 -0.03254923207909015 -0.866906817322499
vn -0.4974076781066878 -0.032549925365565634 -0.8669060526488495
vn -0.49740721173380653 -0.032550216622991006 -0.8669063093051039
vn -0.4942128677628102 -0.06501159842412658 -0.866906646305125
vn -0.4942135247952555 -0.06501213504764365 -0.8669062314956539
vn -0.49421295744038984 -0.0650124999799807 -0.8669065275705199
vn -0.48890233929643706 -0.09719587294327152 -0.8669068375051998
vn -0.4889038181835303 -0.09719658596662847 -0.8669059235245756
vn -0.49740695156143366 -0.032547264769558264 -0.8669065694147103
vn -0.49740823806202644 -0.032548010154831164 -0.8669058032698774
vn -0.4942135739027706 -0.06500962282115683 -0.8669063918964385
vn -0.4942141842134441 -0.06501021329336974 -0.8669059996849661
vn -0.49740820767211374 -0.03254850185469793 -0.8669058022457977
vn -0.4942134795227955 -0.06501045663200566 -0.8669063831732174
vn -0.48890392986873715 -0.09719348502933689 -0.8669062082063764
vn -0.48890324606112523 -0.09719370887393232 -0.866906568752495
vn -0.4814994738787274 -0.12896080597915155 -0.8669067811337713
vn -0.4815005795841557 -0.12896184986917392 -0.866906011709714
vn -0.4720348216666079 -0.16017674238580343 -0.8669063030875053
vn -0.48890439024078153 -0.0971946797736605 -0.866905814622895
vn -0.49421336980075536 -0.06501106882759503 -0.8669063998149256
vn -0.48150043180927116 -0.1289623866422313 -0.8669060139363581
vn -0.48890296510499276 -0.0971948522057142 -0.8669065990152892
vn -0.4720352647394627 -0.16017741159363466 -0.8669059381833237
vn -0.4720350609197252 -0.1601779645642327 -0.8669059469922736
vn -0.4815002371867548 -0.1289629039487896 -0.866906045078816
vn -0.4889037630166594 -0.0971957300321084 -0.8669060506027604
vn -0.48149969968689194 -0.12896332089791454 -0.8669062815924304
vn -0.47203487688165696 -0.16017855883795692 -0.8669059373980054
vn -0.48149771812703873 -0.12896292263654555 -0.8669074414396816
vn -0.4720325056538097 -0.16017797197675626 -0.8669073369741425
vn -0.48150095573520446 -0.1289645886619172 -0.8669053953560026
vn -0.4720335279915322 -0.16017906283549005 -0.8669065787505662
vn -0.46054884719526556 -0.19070787698081523 -0.8669055686778014
vn -0.46054802432393976 -0.19070624265386904 -0.8669063653614268
vn -0.46054869218652955 -0.19070721884639263 -0.8669057958077979
vn -0.4470893569039637 -0.22041951743108096 -0.8669061905873378
vn -0.4470896656918616 -0.22042020839989865 -0.8669058556501302
vn -0.447088956265259 -0.22042019637256566 -0.8669062245806758
vn -0.46054708735754485 -0.19070753363268372 -0.8669065791319274
vn -0.43171576673277556 -0.2491883842703449 -0.8669063651277839
vn -0.4317154475788053 -0.2491886700967899 -0.8669064419054833
vn -0.4317160318373736 -0.24918981298309498 -0.8669058224282739
vn -0.4470883278657747 -0.2204205527428971 -0.8669064580534057
vn -0.46054599129218426 -0.19070768538580646 -0.8669071280359202
vn -0.47203484650180016 -0.16017994444998354 -0.8669056979187655
vn -0.46054689983373426 -0.19070860290959757 -0.8669064435276771
vn -0.46054687683113393 -0.1907091421671034 -0.8669063371177856
vn -0.44708851771447505 -0.2204219588923605 -0.8669060026126983
vn -0.4470872585853015 -0.220420584321613 -0.8669070014817037
vn -0.43171440881830553 -0.2491894027476492 -0.8669067486050221
vn -0.43171440841245656 -0.24919002836214935 -0.8669065689761233
vn -0.4470879018058956 -0.22042218751856926 -0.8669062621231493
vn -0.4317150138477468 -0.24919098745580603 -0.8669059917829846
vn -0.4317140917207593 -0.24919091395724266 -0.8669064721242274
vn -0.41449288115879274 -0.27689245732079687 -0.8669061186469579
vn -0.41449208191983594 -0.27689231193240565 -0.8669065472232214
vn -0.41449236147505697 -0.2768931340602786 -0.8669061509697041
vn -0.4494808291473676 -0.2155520904112645 -0.8668934655125328
vn -0.4344211421242003 -0.24448830830565793 -0.8668931528033562
vn -0.44708984432319077 -0.22041703436258597 -0.8669065705517911
vn -0.4175017457421864 -0.27237817523335184 -0.8668923935291947
vn -0.4317170304725889 -0.24918652627521837 -0.8669062698601386
vn -0.3987930363597964 -0.299100633426118 -0.8668926838052269
vn -0.41449510587629923 -0.27688863563825045 -0.8669062755909566
vn -0.431716541584464 -0.24918683454451612 -0.8669064247149364
vn -0.4144943322153495 -0.2768886662418062 -0.866906635727392
vn -0.4317167637461599 -0.24918760002141435 -0.8669060940471638
vn -0.4317161844809476 -0.24918807164358683 -0.8669062469539385
vn -0.4144952229234348 -0.27689015411231893 -0.8669057346270749
vn -0.41449383574110754 -0.2768897161136499 -0.8669065377785118
vn -0.39549774141592736 -0.3034045116329025 -0.8669067071234944
vn -0.3954981295586387 -0.3034057042724115 -0.8669061126388371
vn -0.3954979444869498 -0.3034063253205494 -0.8669059797129551
vn -0.39549637803412485 -0.30340556048703166 -0.8669069620365492
vn -0.4144935017754205 -0.27689006963978924 -0.8669065845411615
vn -0.4144939774698204 -0.2768912311669755 -0.8669059861046552
vn -0.3954969902933728 -0.30340689116631087 -0.8669062169933252
vn -0.41449362224221675 -0.2768915605959549 -0.8669060507294104
vn -0.3954969574920849 -0.3034076339236902 -0.8669059720011923
vn -0.39549628678326865 -0.3034077346420682 -0.8669062427390952
vn -0.41449242330610264 -0.27689134740825894 -0.8669066920679949
vn -0.3783762713192576 -0.3245415653408939 -0.866893401560202
vn -0.37480759071475217 -0.32862177009671084 -0.8669065706067218
vn -0.37480822826810933 -0.32862333007977607 -0.8669057036089908
vn -0.37480673039600176 -0.3286227272330513 -0.8669065797395763
vn -0.37480620121372404 -0.32862297201664165 -0.8669067157397543
vn -0.35633996655541095 -0.3485936275966567 -0.8668934830959867
vn -0.3327776844196799 -0.3711530627035584 -0.8668935440975694
vn -0.35251268911926775 -0.35243255067398654 -0.8669060509855323
vn -0.3077911790459839 -0.39212343808625005 -0.8668931880023639
vn -0.32870759965841134 -0.37473329224301455 -0.8669061504058655
vn -0.35251247250805595 -0.3524331089249605 -0.866905912114887
vn -0.35251122071709695 -0.3524326021920687 -0.866906627140818
vn -0.35251114803813616 -0.35243345338139814 -0.8669063106509822
vn -0.3287071293601798 -0.37473338910449117 -0.8669062868603803
vn -0.32870661872657203 -0.3747338613882452 -0.86690627632657
vn -0.3287059430666907 -0.3747338427508135 -0.8669065405739227
vn -0.30349504590432225 -0.3954292191214473 -0.8669062750819927
vn -0.30349465976966145 -0.3954296380419237 -0.8669062191779054
vn -0.30349415550132636 -0.39542987954991893 -0.8669062855555226
vn -0.3034933514969961 -0.3954299698147006 -0.8669065258547001
vn -0.3748068523570917 -0.3286244581804763 -0.8669058708485932
vn -0.37480616737481953 -0.32862460760518175 -0.8669061103569053
vn -0.3525112841505844 -0.3524342749500993 -0.8669059213010969
vn -0.3748055143365725 -0.3286245502914479 -0.8669064144235183
vn -0.3954958043217817 -0.30340805815287525 -0.86690634962017
vn -0.35251030338181877 -0.35243392002951246 -0.8669064644021807
vn -0.3525097153522183 -0.352434166463221 -0.8669066033268361
vn -0.374805176489229 -0.3286248395276827 -0.8669064508482348
vn -0.39549530131675914 -0.30340818015037846 -0.8669065364006672
vn -0.39549501783119445 -0.3034086452770811 -0.866906502941251
vn -0.39549537572172194 -0.3034095395482401 -0.866906026679858
vn -0.37480500849295145 -0.3286255940705508 -0.8669062374503809
vn -0.3748042675948989 -0.3286256275203462 -0.8669065450955542
vn -0.35250995108294964 -0.352435266461891 -0.8669060602749484
vn -0.35250949725070774 -0.35243546828217925 -0.8669061627677902
vn -0.37480435583540717 -0.32862616293941643 -0.8669063039789949
vn -0.35250830135935246 -0.35243492804270465 -0.8669068686821424
vn -0.352508563486988 -0.35243587562500156 -0.8669063768601419
vn -0.32870604851714647 -0.3747346615303747 -0.8669061466594633
vn -0.32870557547837187 -0.3747350532908258 -0.8669061566770386
vn -0.3287048658940356 -0.3747350895587353 -0.8669064100530061
vn -0.30349316824408434 -0.3954305302751485 -0.8669063343611481
vn -0.30349304625882656 -0.3954310332977211 -0.8669061476178573
vn -0.2769807578206561 -0.41443303243485125 -0.8669065240404807
vn -0.30349257537521107 -0.395431488089621 -0.8669061050190786
vn -0.32870474307147507 -0.3747357708928907 -0.8669061621050034
vn -0.27698079098860057 -0.4144341103542891 -0.8669059981325414
vn -0.2769802561865532 -0.41443408300547485 -0.8669061820786854
vn -0.3034919138101841 -0.3954315101864449 -0.8669063265448576
vn -0.32870412057571835 -0.3747357449131336 -0.8669064093666295
vn -0.3287033133287213 -0.37473550354835683 -0.8669068197834643
vn -0.3287037264041705 -0.3747369591229124 -0.8669060339594624
vn -0.3034912096855022 -0.3954311968639964 -0.8669067159679512
vn -0.3034910220302905 -0.3954320496116663 -0.8669063926900795
vn -0.2769795729136345 -0.4144340266634416 -0.8669064273219496
vn -0.2769790284763679 -0.4144341935140646 -0.8669065215065775
vn -0.30349105871644044 -0.39543289304594764 -0.8669059951208585
vn -0.2769789044473368 -0.41443493136049236 -0.8669062083982195
vn -0.2769784389888952 -0.4144349185838046 -0.8669063632213747
vn -0.4974071557621254 -0.032550699198200715 -0.8669063233004711
vn -0.49740756631587335 -0.03255128930730302 -0.8669060655781295
vn -0.4942142772496571 -0.06501339516875373 -0.8669057080278285
vn -0.4942126277302445 -0.06501346085696397 -0.8669066434740057
vn -0.49740619690744187 -0.03255150919749626 -0.8669068430500709
vn -0.49421256496881694 -0.06501401178465151 -0.8669066379366397
vn -0.4974062122791042 -0.03255194411208067 -0.8669068178995241
vn -0.4889037005605938 -0.09719715252612807 -0.8669059263374371
vn -0.4889026868958961 -0.09719747282440568 -0.866906462095261
vn -0.4814995755229905 -0.12896464577421382 -0.8669061534627099
vn -0.48149983758887277 -0.12896534448021496 -0.8669059039624709
vn -0.48890259336766173 -0.09719800844686426 -0.8669064547875612
vn -0.4942124804021975 -0.06501454141262723 -0.8669066464271763
vn -0.4814984381840937 -0.1289653448295702 -0.8669066811712021
vn -0.4889025495507672 -0.09719851077451477 -0.8669064231772516
vn -0.49740837822233636 -0.032552628935504924 -0.8669055494248565
vn -0.49740903968537364 -0.03255336319804503 -0.8669051423216789
vn -0.49740538288491304 -0.03255327064728753 -0.8669072439697788
vn -0.49421528412445787 -0.06501542833481233 -0.8669049815384741
vn -0.49421322240089377 -0.06501533077170427 -0.8669061642235397
vn -0.4942123302007779 -0.06501571099726157 -0.8669066443401146
vn -0.4889032353780981 -0.09719930806099147 -0.8669059470030717
vn -0.48890229081141245 -0.09719960196987476 -0.8669064467497349
vn -0.48890335016920206 -0.09719880054312025 -0.8669059391688982
vn -0.4814983647751005 -0.12896582595165673 -0.8669066503698717
vn -0.48149909449748074 -0.12896649239634958 -0.8669061459218573
vn -0.4814996024202744 -0.12896698447838895 -0.866905790604532
vn -0.48149737777959367 -0.12896674888114912 -0.8669070612668938
vn -0.47203431771211724 -0.16018078151170165 -0.8669058311814246
vn -0.4720329594737446 -0.1601807607963064 -0.8669065745748932
vn -0.472032783321565 -0.16018125343786938 -0.8669065794633061
vn -0.472032854766348 -0.16018157038013434 -0.8669064819988865
vn -0.460544980910986 -0.19071010057390064 -0.8669071334905443
vn -0.4720332802075856 -0.16018214419774968 -0.8669061443182176
vn -0.4720329051373127 -0.16018280404311977 -0.8669062266222987
vn -0.46054610819745284 -0.19071121600695226 -0.8669062892339228
vn -0.4605474737823112 -0.1907125698087977 -0.8669052659372047
vn -0.4605460477939982 -0.19071245247254934 -0.8669060493117082
vn -0.4720340899594042 -0.16018002995985992 -0.8669060940599365
vn -0.4605478274146239 -0.19071012436384402 -0.866905616044098
vn -0.46054691173922474 -0.1907100979556837 -0.8669061083100039
vn -0.4470879718101549 -0.22042266948291853 -0.8669061034741342
vn -0.46054625391850146 -0.19071035037698975 -0.86690640224924
vn -0.4470864476446659 -0.2204229803134167 -0.8669068104947755
vn -0.4470878510710505 -0.220423160467007 -0.8669060409031686
vn -0.43171411836199974 -0.2491921340278458 -0.8669061081487254
vn -0.43171226329183326 -0.24919145924680144 -0.866907225925527
vn -0.4470861156478064 -0.22042321667544212 -0.8669069216158141
vn -0.4317148632115919 -0.24919208920403083 -0.8669057501022397
vn -0.4144924639393779 -0.27689382823640013 -0.8669058802557832
vn -0.4144913774133569 -0.27689349129728996 -0.8669065073738781
vn -0.4144907674715781 -0.27689374034226066 -0.8669067194572292
vn -0.43171355198593225 -0.2491929088120706 -0.866906167488425
vn -0.4470881146022058 -0.22042500589882758 -0.8669054357632942
vn -0.4317138531000526 -0.24919340233451442 -0.8669058756718948
vn -0.4470878236783792 -0.22042530742222138 -0.8669055091336942
vn -0.4470857641031723 -0.22042435216284892 -0.8669068142020058
vn -0.43171299389605866 -0.24919319664092812 -0.8669063626766027
vn -0.4317128888197727 -0.2491939028520156 -0.8669062120023521
vn -0.4144917937985262 -0.2768962325448452 -0.8669054327180971
vn -0.41449088004142237 -0.27689436175566046 -0.86690646715226
vn -0.41449072242620466 -0.2768946540313688 -0.8669064491578383
vn -0.49740680934178205 -0.03255388505482719 -0.8669064024381556
vn -0.49740666522231236 -0.03255427280519823 -0.8669064705690822
vn -0.4942122693539361 -0.06501620257216428 -0.8669066421611544
vn -0.49421288071937386 -0.0650166626027919 -0.8669062591278556
vn -0.4974068429346682 -0.03255478309787562 -0.8669063494399015
vn -0.494212364056967 -0.06501694832695602 -0.866906532241783
vn -0.49740683641968775 -0.032555185002825705 -0.866906338085257
vn -0.4889016123134349 -0.09719971511140613 -0.8669068167107612
vn -0.4889028075138316 -0.09720056509540437 -0.8669060473605127
vn -0.48149849366183467 -0.12896763158424498 -0.8669063101655995
vn -0.48149839907381675 -0.1289680474290406 -0.8669063008374619
vn -0.48890095449365045 -0.0972004001336498 -0.8669071108885057
vn -0.49421300048017086 -0.06501742655526417 -0.8669061335580209
vn -0.4814973159511706 -0.12896820859931296 -0.8669068784491807
vn -0.4889028463731203 -0.09720128960238474 -0.8669059442107285
vn -0.753452201447393 -0.04934886599016141 -0.6556481293800526
vn -0.7486118627214615 -0.09852138099720932 -0.655647631337982
vn -0.9978589142772835 -0.06540326595332203 0
vn -0.9569622342003283 -0.07321776498486281 0.28082457371985353
vn -0.991444850132898 -0.13052627760322993 0
vn -0.002776225334845049 -0.00039636108041322585 0.9999960677276607
vn -0.7405657061370954 -0.14727191406620355 -0.6556473276243425
vn -0.4814990810545856 -0.12896914918483993 -0.8669057581433685
vn -0.7293481110665206 -0.19539209878641117 -0.6556472074336469
vn -0.980785298327553 -0.19509023190445116 0
vn -0.9392186930141744 -0.19749985489809804 0.2808238843260599
vn -0.9659258033950012 -0.2588191305443268 0
vn -0.31216659817833625 -0.08730650602530997 0.9460071823128076
vn -0.4720320708246259 -0.16018332563545878 -0.8669065845299482
vn -0.47203161118563347 -0.16018351507334525 -0.8669067998004412
vn -0.4720328239878214 -0.1601832836824345 -0.8669061821828216
vn -0.46054482305791333 -0.19071218307524196 -0.8669067592199468
vn -0.4605446546860349 -0.19071250032370282 -0.866906778875562
vn -0.460545141918481 -0.19071338635686547 -0.8669063251122253
vn -0.4720331989307772 -0.16018456094477276 -0.866905742017036
vn -0.44708592835026406 -0.22042507493007132 -0.8669065457206185
vn -0.4470863625679752 -0.22042593287824025 -0.8669061036355059
vn -0.4470855291778523 -0.22042573969310192 -0.8669065825569148
vn -0.4605459904846833 -0.19071419685892058 -0.8669056960044379
vn -0.715007461922055 -0.24267549064847063 -0.6556469596012059
vn -0.9469300549733575 -0.32143968483706875 0
vn -0.000747144068266793 -0.0003190722288190906 0.9999996699842725
vn -0.9054044560500081 -0.31840306785648625 0.28082424636125464
vn -0.6976048981940264 -0.2889195695345646 -0.6556469235462513
vn -0.9238795498316468 -0.3826833905500394 0
vn -0.44708649415816326 -0.22042674364508807 -0.8669058296189877
vn -0.6772136006204486 -0.3339255707782892 -0.6556488788330848
vn -0.43171267966044397 -0.24919572048017544 -0.8669057936793163
vn -0.8968728838647412 -0.4422884015980324 0
vn -0.8560990871372464 -0.4338577481033317 0.28082344527029673
vn -0.6539236987324284 -0.37750274428641545 -0.6556488955930037
vn -0.866025241048328 -0.5000002818671057 0
vn -0.27893459692026445 -0.165127276753391 0.946006592531436
vn -0.43171243880699295 -0.24919428856325915 -0.8669063252317227
vn -0.4317115490779512 -0.24919393344089927 -0.86690687038976
vn -0.41449084631070554 -0.2768961174683663 -0.8669059224942345
vn -0.4317122110235608 -0.24919481624275214 -0.8669062869831374
vn -0.03319247034477373 -0.026049805550045064 0.9991094372205761
vn 0.0032247543276228965 0.0037236258929485254 0.9999878677112717
vn -0.3954941661376966 -0.30340984701616885 -0.8669064708979123
vn -0.3954939953695381 -0.3034103598281167 -0.8669063693246306
vn -0.3954933329408226 -0.30341041423319187 -0.8669066524916063
vn -0.3954939953724614 -0.30341155192328845 -0.8669059520985131
vn -0.3954942764136964 -0.30341231375557187 -0.8669055572468647
vn -0.39549264741683304 -0.3034113082487362 -0.8669066523369255
vn -0.4144893696086494 -0.2768954409760791 -0.8669068446194708
vn -0.414489206047201 -0.2768959676980052 -0.8669067545837592
vn -0.41448977883471605 -0.2768967469296455 -0.8669062318274843
vn -0.3954926120594851 -0.303411900033516 -0.8669064613465615
vn -0.3954919880545836 -0.30341202065737566 -0.8669067038068407
vn -0.37480184234952196 -0.32862877669620505 -0.8669063998486571
vn -0.39549267205043587 -0.3034131818297401 -0.8669059853561742
vn -0.41449051950126153 -0.27689790628649863 -0.8669055073868938
vn -0.37480168692983173 -0.3286293075193469 -0.8669062658176528
vn -0.3748016946514799 -0.328629880533878 -0.8669060452590396
vn -0.39549242545473645 -0.30341338417268304 -0.8669060270368465
vn -0.627834198959968 -0.4194633948035755 -0.6556482891277572
vn -0.8314697669859799 -0.5555700015194128 0
vn -0.7921477028691046 -0.5418906258718412 0.2808141136613771
vn -0.5990539149382058 -0.45962565801477234 -0.6556513261572009
vn -0.7933535135015166 -0.6087612032766206 0
vn -0.3748009224404356 -0.32862964443826714 -0.8669064686194102
vn -0.0032956683940984655 -0.004393446715895975 0.9999849179841619
vn -0.5677112341632629 -0.49782297021376654 -0.6556494832853667
vn -0.751839760658698 -0.6593458684883615 0
vn -0.7146387132272012 -0.6406503348474125 0.28081783778255304
vn -0.22669242927176733 -0.23169452570056157 0.946006442510439
vn -0.39549493270538905 -0.30340975124733754 -0.86690615469749
vn -0.37480456058968975 -0.3286270536229408 -0.8669058778138918
vn -0.3748038499909207 -0.32862720671778123 -0.8669061270038713
vn -0.3748028513820401 -0.3286268656243091 -0.8669066880500086
vn -0.3525090702395085 -0.3524371274355349 -0.8669056618824598
vn -0.3525081300815421 -0.3524368131235843 -0.8669061719596338
vn -0.32870367373037196 -0.37473765247780677 -0.8669057542152893
vn -0.3525069602889177 -0.3524362691812388 -0.866906868765888
vn -0.37480256585816096 -0.32862711500231284 -0.8669067169605941
vn -0.32870271335602985 -0.3747370189906856 -0.8669063921960422
vn -0.32870197488784475 -0.3747369370964992 -0.8669067075991309
vn -0.35250665857056485 -0.3524365933123815 -0.8669068596785805
vn -0.3748033744452516 -0.32862837014077206 -0.8669058915724775
vn -0.37480302925571674 -0.3286287125438474 -0.8669059110148642
vn -0.37480174942586886 -0.32862811796166713 -0.8669066897378752
vn -0.35250780328368964 -0.3524384532788207 -0.866905638045191
vn -0.3525072640468546 -0.3524385696936292 -0.866905809985439
vn -0.35250570862203434 -0.35243752090939384 -0.8669068688412371
vn -0.32870162149104315 -0.3747373591526593 -0.866906659153366
vn -0.3287024452888637 -0.37473904572384176 -0.866905617741116
vn -0.3287015211394544 -0.3747384791634404 -0.8669062130558763
vn -0.3287006378159311 -0.3747382231937745 -0.8669066586299663
vn -0.3034905751769902 -0.3954329141155274 -0.8669061547900335
vn -0.3034899513986615 -0.3954328572085587 -0.8669063991227159
vn -0.30348941869645013 -0.3954329812903619 -0.8669065290140033
vn -0.27697829149263115 -0.41443575531623134 -0.8669060103363502
vn -0.2769775663914805 -0.41443568098012956 -0.866906277544689
vn -0.27697693752213964 -0.414435497646564 -0.866906566113847
vn -0.30348914931871346 -0.3954334566202181 -0.8669064065002575
vn -0.3034893000116004 -0.3954341144619441 -0.8669060536748874
vn -0.3034889630382975 -0.39543443036832165 -0.8669060275446352
vn -0.3034883975008169 -0.3954347293122559 -0.8669060891677536
vn -0.27697676662313847 -0.4144378042683792 -0.8669055180030844
vn -0.27697632170860675 -0.4144350954296 -0.866906955150914
vn -0.27697679253725715 -0.41443681497386214 -0.8669059826706088
vn -0.24927814232199916 -0.4316633927166262 -0.8669066403880322
vn -0.2769759035955697 -0.41443700146075324 -0.8669061775345919
vn -0.2492785085870228 -0.431665140206527 -0.8669056649296445
vn -0.24927786123721973 -0.431664618139722 -0.8669061110312266
vn -0.35250624887863063 -0.35243871681634237 -0.8669061629671154
vn -0.3525059769615431 -0.3524390111440803 -0.8669061538772065
vn -0.35250547122850107 -0.35243907165498495 -0.8669063349202984
vn -0.32870083495593216 -0.37473922338911053 -0.8669061515256421
vn -0.3287003334726557 -0.3747390802558888 -0.8669064035430443
vn -0.3287001904783093 -0.3747394447438282 -0.8669063002035517
vn -0.35250518061730884 -0.35243931748420465 -0.8669063531484967
vn -0.30348721561332137 -0.39543426577239027 -0.8669067143656946
vn -0.5339363930622 -0.5338868019966582 -0.6556499148307036
vn -0.7071067811865476 -0.7071067811865476 0
vn -0.4978750365841338 -0.5676647444936227 -0.6556502007971456
vn -0.6593458684883615 -0.751839760658698 0
vn -0.32870006398366186 -0.3747401516937828 -0.8669060425707374
vn -0.6249033742698819 -0.7284484428706407 0.28081780375441795
vn -0.3034876036748378 -0.395434356001948 -0.8669065373551116
vn -0.0002953202627642376 -0.0024494232987055295 0.9999969565510919
vn -0.30348756258504506 -0.39543550358529306 -0.8669060282755184
vn -0.30348700722722904 -0.39543533895591254 -0.8669062977906449
vn -0.4596820792606888 -0.5990117219519717 -0.6556503206517201
vn -0.6087612032766206 -0.7933535135015166 0
vn -0.2769751525153227 -0.4144365454149574 -0.8669066355228974
vn -0.27697465332615623 -0.41443670557445406 -0.8669067184463674
vn -0.2769748571754746 -0.41443747330207487 -0.8669062862937478
vn -0.24927731948780454 -0.4316646089487249 -0.866906271387005
vn -0.2492767561484351 -0.43166443516484887 -0.8669065199073805
vn -0.24927611320598353 -0.43166410354257645 -0.8669068699103161
vn -0.2492763364588102 -0.4316657720144271 -0.8669059749205
vn -0.2769749385321463 -0.41443859374464076 -0.8669057246552698
vn -0.41952157505786003 -0.6277960611474804 -0.6556475834384516
vn -0.5555700015194128 -0.8314697669859799 0
vn -0.5244760991324345 -0.8037837562876171 0.280813985704048
vn -0.24927631192761984 -0.43166622817715755 -0.8669057548332864
vn -0.37756333382641494 -0.6538881172144857 -0.6556494941015193
vn -0.15900097968699414 -0.28247157061355693 0.9460066068763403
vn -0.5000003523801481 -0.8660252003375697 0
vn 0.8660253998985324 0.5000000067305869 -3.3896382298028425e-16
vn 0.8660253998985324 0.5000000067305869 -9.4909990077885e-16
vn 0.500000192460167 0.8660252926674809 -1.8265458677770343e-16
vn 0.381246634715627 0.9244733654995201 0
vn 0.4999997986492412 0.8660255200343221 -2.547055195127141e-23
vn 0.500000192460167 0.8660252926674809 2.5470552276312675e-23
vn 0.5000000067305869 0.8660253998985324 -2.5470581900737097e-23
vn -0.5507424417659096 0.8346752439348634 0
vn -0.500000121947118 0.8660253333782257 0
vn -0.4999997504879324 0.86602554784025 0
vn -0.4999999585692771 0.8660254277044763 1.2735290482754446e-23
vn 0.4999997986492412 0.8660255200343221 2.547055195127141e-23
vn 0.500000192460167 0.8660252926674809 0
vn 0.4999997986492412 0.8660255200343221 -2.547055195127141e-23
vn 0.500000192460167 0.8660252926674809 0
vn 0.5000000067305869 0.8660253998985324 2.5470581900737097e-23
vn 0.5000000067305869 0.8660253998985324 -2.5470581900737097e-23
vn 0.4999996129196202 0.8660256272652848 2.547052162226414e-23
vn -0.500000121947118 0.8660253333782257 -1.273527507145246e-23
vn -0.4999997504879324 0.86602554784025 0
vn -0.500000121947118 0.8660253333782257 0
vn -0.4999997504879324 0.86602554784025 0
vn -0.49999993621753414 0.8660254406092593 1.2735289883664143e-23
vn -0.49999993621753414 0.8660254406092593 0
vn -0.5000003523801481 0.8660252003375697 -2.5470519759398413e-23
vn -0.28148675368462805 -0.41141555303081745 -0.8668924098320598
vn -0.2539759347571833 -0.428944450395785 -0.8668926594676373
vn -0.27698287817198036 -0.41443208532368003 -0.8669062993506461
vn -0.22537735579654822 -0.4446358476430815 -0.866893309747442
vn -0.24928450743308753 -0.4316598204470726 -0.866906588834947
vn -0.2769823405772568 -0.414432202807938 -0.8669064149515244
vn -0.2769821580958247 -0.41443297218086017 -0.8669061054496721
vn -0.27698136133855794 -0.4144329542070359 -0.8669063686109753
vn -0.24928412499723052 -0.4316603655370715 -0.8669064273892351
vn -0.24928408795869972 -0.43166163450671297 -0.8669058061782677
vn -0.22051874973623103 -0.4470395679050571 -0.8669066303484069
vn -0.22051852577414915 -0.4470404908755976 -0.8669062113678161
vn -0.24928308689847975 -0.43166091460606953 -0.8669064525009701
vn -0.2205182062283813 -0.4470411633116851 -0.8669059458942201
vn -0.22051717170798227 -0.44703998816790463 -0.8669068150388207
vn -0.19581414895465774 -0.45842406472788955 -0.8668934167171435
vn -0.19080878745364407 -0.460504918112089 -0.8669067003000084
vn -0.1908086736718655 -0.4605061531062998 -0.8669060693078695
vn -0.16541253372874623 -0.47024882813652097 -0.8668937266595399
vn -0.19080804704072157 -0.4605064194390243 -0.8669060657533522
vn -0.19080693673550575 -0.46050514935265957 -0.8669069848105374
vn -0.16028193792207768 -0.4719990690574016 -0.8669063266494768
vn -0.16028154003462922 -0.47200003581816274 -0.8669058738477785
vn -0.1602809266100182 -0.47199928346577236 -0.8669063968923241
vn -0.16028004734564685 -0.4719985977300461 -0.8669069328155977
vn -0.12906755754438787 -0.4814715179720808 -0.8669064211154434
vn -0.24928264519496257 -0.43166113245409515 -0.8669064710411675
vn -0.24928244780261186 -0.4316619903538525 -0.8669061006252572
vn -0.24928189533865838 -0.4316620778196826 -0.8669062159361649
vn -0.22051708343408294 -0.4470410633485014 -0.8669062830513844
vn -0.24928129344088448 -0.43166224250222057 -0.8669063070126977
vn -0.24928066121401507 -0.4316618142252172 -0.8669067020645863
vn -0.22051670202044948 -0.44704155238269727 -0.8669061278900343
vn -0.22051641289507104 -0.4470424342821687 -0.866905746661633
vn -0.24928052934288294 -0.43166259296327864 -0.8669063522242474
vn -0.24928030720663485 -0.4316634298200029 -0.8669059993995871
vn -0.22051520015665485 -0.4470411113346845 -0.8669067373579008
vn -0.22051474011792188 -0.44704132379716127 -0.8669067448165386
vn -0.2205147733553975 -0.44704255265633225 -0.8669061026700228
vn -0.22051431732612548 -0.44704238581692973 -0.8669063047050126
vn -0.1908043899098595 -0.46050664254082935 -0.8669067521751684
vn -0.19080691095155847 -0.46050602331820417 -0.866906526230353
vn -0.19080688286306072 -0.46050781559382736 -0.8669055803425676
vn -0.19080625145258762 -0.4605075637521902 -0.866905853096883
vn -0.16027918825123622 -0.47200069912617976 -0.8669059475156011
vn -0.1908053287051052 -0.46050670219881457 -0.866906513857007
vn -0.1602797098312692 -0.4719998647770999 -0.8669063053564691
vn -0.16027958701072273 -0.47200059920054666 -0.8669059281963628
vn -0.12906685256307135 -0.4814719775496703 -0.8669062708297088
vn -0.12906626124429008 -0.48147122032544043 -0.8669067794213816
vn -0.12906597212079934 -0.48147265825133 -0.8669060238554759
vn -0.12906549581892934 -0.4814727794574367 -0.8669060274508101
vn -0.1602783923693713 -0.47200026387011135 -0.8669063316449103
vn -0.19080457068506812 -0.4605064386581114 -0.8669068206907302
vn -0.190804164985121 -0.46050753321390386 -0.8669063285485784
vn -0.16027754513255296 -0.47199943567581454 -0.8669069392085837
vn -0.16027710065343256 -0.4720002180625217 -0.8669065954040616
vn -0.12906502433406813 -0.4814729484355784 -0.8669060037964884
vn -0.1602769953873517 -0.47200113911345015 -0.8669061133855317
vn -0.12906414571398167 -0.48147199680719427 -0.8669066631313967
vn -0.1290636822129914 -0.48147213998064164 -0.8669066526195803
vn -0.1290634711612895 -0.48147308456951515 -0.8669061594237959
vn -0.13430296077152584 -0.48006287905382067 -0.8668923502272694
vn -0.10261786604977684 -0.4878171921377919 -0.8668932809880294
vn -0.12906859770093532 -0.4814715964686732 -0.8669062226569961
vn -0.07049322983997347 -0.49348539888553605 -0.8668926494287008
vn -0.09730271050611325 -0.4888822038124976 -0.8669062079161731
vn -0.1290681187985238 -0.48147132054361574 -0.8669064472039626
vn -0.09730194352110295 -0.48888160990029395 -0.866906628933193
vn -0.09730157402391511 -0.4888831152495799 -0.8669058214802429
vn -0.06511971377355137 -0.49419978434560985 -0.8669059903073709
vn -0.065119191942943 -0.49419850064516024 -0.8669067613075664
vn -0.09730073751957527 -0.48888215132889734 -0.8669064589620818
vn -0.06511878218800153 -0.4942012724659804 -0.8669052119461259
vn -0.06511798624669764 -0.49419883832015543 -0.8669066593758431
vn -0.03806673669381489 -0.49704017373456955 -0.8668921439552864
vn -0.005477669763910784 -0.4984633133233301 -0.8668934885005685
vn -0.03265825750767754 -0.4973989864823262 -0.8669069652868855
vn -0.03265760449313218 -0.497400430214048 -0.8669061615259462
vn -0.03265717650024068 -0.49740106239114684 -0.8669058149275447
vn -0.032656617693760624 -0.49739933365947914 -0.8669068278632426
vn -0.000056662297955802806 -0.4984709577183277 -0.8669063969661069
vn -0.00005609080993680964 -0.4984710058884453 -0.8669063693054647
vn -0.00005564699293994313 -0.49847167557807165 -0.8669059842623085
vn -0.00005494988687048544 -0.49847054117726963 -0.8669066365872105
vn -0.09730008227337913 -0.488882063956304 -0.8669065817788084
vn -0.09729974152146599 -0.48888347458782344 -0.8669058245131318
vn -0.09729917198450959 -0.48888226595004186 -0.8669065700354804
vn -0.06511760407398422 -0.49419935811782856 -0.8669063917607194
vn -0.06511713571866903 -0.49419939574675187 -0.8669064054898556
vn -0.06511653985780047 -0.4942002018179106 -0.8669059907279936
vn -0.09729884599261482 -0.48888367587243536 -0.8669058115123933
vn -0.0972981918843805 -0.4888819848922704 -0.8669068385379274
vn -0.09729763388047409 -0.488882823324994 -0.8669064283410546
vn -0.09729740875328378 -0.48888373910852934 -0.8669059371610971
vn -0.06511586969526595 -0.49419954912462566 -0.866906413148989
vn -0.06511540776786617 -0.49419919156203784 -0.86690665168209
vn -0.06511499876436272 -0.49419922727238863 -0.8669066620457423
vn -0.06511454105096515 -0.4942009313077383 -0.8669057250002945
vn -0.032656076622883154 -0.49739982653306597 -0.8669065654524001
vn -0.03265544787255054 -0.49740118018420404 -0.8669058124592337
vn -0.032654904076078135 -0.4974012114474888 -0.8669058150055013
vn -0.000054406356585152465 -0.49847100593483473 -0.8669063693861421
vn -0.00005399202909749895 -0.4984716756232952 -0.8669059843409579
vn -0.0000534753940431915 -0.4984716308426917 -0.866906010121864
vn -0.03265439637232012 -0.49739994353865713 -0.8669065616116307
vn -0.03265384192352119 -0.497399535741797 -0.8669068164753803
vn -0.00005280705182302011 -0.4984709578235129 -0.8669063971490377
vn -0.032653275951465444 -0.49740091079294907 -0.86690604883804
vn -0.03265287407668321 -0.49740050051536916 -0.8669062993781926
vn -0.000052304982865645506 -0.49847061179928015 -0.8669065961432292
vn -0.00005193898103630349 -0.4984712142945368 -0.8669062497306569
vn -0.000051330127329634736 -0.49847146739893666 -0.8669061042318073
vn -0.0017692099718091044 0.005107269601332679 0.9999853927399616
vn 0 0 1
vn 0.5000004228931902 0.8660251596268038 -5.0941043785609835e-23
vn 0.5000000067305869 0.8660253998985324 2.5470581900737097e-23
vn 0.5000000067305869 0.8660253998985324 2.5470581900737097e-23
vn 0.5000000067305869 0.8660253998985324 -2.5470581900737097e-23
vn 0.4999996129196202 0.8660256272652848 2.547052162226414e-23
vn 0.5000004228931902 0.8660251596268038 0
vn 0.5000000067305869 0.8660253998985324 -2.5470581900737097e-23
vn -0.4999995424065584 0.8660256679759741 0
vn -0.49999993621753414 0.8660254406092593 1.2735289883664143e-23
vn -0.49999993621753414 0.8660254406092593 0
vn -0.49999993621753414 0.8660254406092593 1.2735289883664143e-23
vn -0.5000003523801481 0.8660252003375697 -1.2735259879699206e-23
vn -0.4999995424065584 0.8660256679759741 0
vn -0.4999999585692771 0.8660254277044763 0
vn 0.5000000067305869 0.8660253998985324 2.5470581900737097e-23
vn 0.5000000067305869 0.8660253998985324 -2.5470581900737097e-23
vn 0.4999996129196202 0.8660256272652848 2.547052162226414e-23
vn 0.5000004228931902 0.8660251596268038 0
vn 0.5000000067305869 0.8660253998985324 -2.5470581900737097e-23
vn 0.5000000067305869 0.8660253998985324 2.5470581900737097e-23
vn -0.49999993621753414 0.8660254406092593 1.2735289883664143e-23
vn -0.49999993621753414 0.8660254406092593 0
vn -0.5000003523801481 0.8660252003375697 -1.2735259879699206e-23
vn -0.4999995424065584 0.8660256679759741 0
vn -0.49999993621753414 0.8660254406092593 1.2735289883664143e-23
vn -0.49999993621753414 0.8660254406092593 0
vn -0.24927993543175897 -0.43166375895148795 -0.866905942417636
vn -0.24927930646497035 -0.4316634257266514 -0.8669062892021694
vn -0.24927840649036395 -0.431662789652609 -0.8669068647132471
vn -0.22051369868858942 -0.44704344311093697 -0.8669059168457649
vn -0.22051245481429374 -0.44704214766870276 -0.8669069012757527
vn -0.22051401029161288 -0.4470426059671647 -0.8669062692789784
vn -0.19080393371447504 -0.4605088021630778 -0.8669057053736637
vn -0.1908034820053315 -0.4605090293001215 -0.8669056841362278
vn -0.1908022500133857 -0.4605068057215781 -0.8669071364765308
vn -0.22051244937587297 -0.44704300091080806 -0.8669064626630213
vn -0.22051258220617578 -0.4470441010014973 -0.8669058615839023
vn -0.22051218109665105 -0.44704452071101336 -0.8669057471780067
vn -0.22051140270437058 -0.44704400691129326 -0.8669062101300501
vn -0.19080211340100547 -0.46050823019458365 -0.8669064098533141
vn -0.19080191826698217 -0.46050843538620284 -0.8669063438017923
vn -0.1908021100226331 -0.46050983136614254 -0.866905560038715
vn -0.19080134861132028 -0.460509261617301 -0.8669060302782474
vn -0.16027688643835705 -0.4720026453649255 -0.8669053134236394
vn -0.16027593214742777 -0.47200067659575123 -0.866906561785886
vn -0.1602755312231298 -0.47200145559977175 -0.8669062117685166
vn -0.12906324917005282 -0.48147452077443953 -0.8669053948146203
vn -0.12906237053040734 -0.4814724961894749 -0.8669066500645545
vn -0.12906217302825143 -0.4814738827707974 -0.8669059093712755
vn -0.16027486202424812 -0.47200101255052074 -0.8669065767165407
vn -0.16027447244706738 -0.4720006187975425 -0.866906863126917
vn -0.16027469660966664 -0.4720032731042292 -0.8669053765005578
vn -0.16027381868307 -0.47200136941298204 -0.8669065753107517
vn -0.12906131384818828 -0.48147136855182143 -0.8669074336586438
vn -0.1290613087159272 -0.4814743296377727 -0.8669057898597687
vn -0.1290608811894742 -0.4814744958370469 -0.8669057612019071
vn -0.1290600465083569 -0.4814724684729912 -0.8669070114480477
vn 0 0 1
vn 0 0 1
vn 0 0 1
vn 0 0 1
vn 0 0 1
vn 0 0 1
vn 0 0 1
vn 0 0 1
vn 0 0 1
vn 0 0 1
vn 0 0 1
vn 0 0 1
vn 0 0 1
vn 0 0 1
vn 0 0 1
vn 0 0 1
vn 0 0 1
vn 0 0 1
vn 0 0 1
vn 0 0 1
vn 0 0 1
vn 0 0 1
vn 0 0 1
vn 0 0 1
vn 0 0 1
vn 0 0 1
vn 0 0 1
vn -0.22051058837226847 -0.4470432128549774 -0.8669068267443829
vn -0.22051052809335991 -0.4470444035809351 -0.8669062280471596
vn -0.22051031493177664 -0.447044543377726 -0.8669062101778306
vn -0.1908005061277706 -0.4605082053453275 -0.8669067768053333
vn -0.19080039930610654 -0.46050894433682515 -0.8669064077571541
vn -0.1907998050835516 -0.4605085017040843 -0.8669067736719664
vn -0.22050987085529652 -0.4470441619450606 -0.8669065198314171
vn -0.01572064291935329 -0.03915606765870423 0.9991094353231328
vn -0.3339888522477871 -0.6771836420713065 -0.6556475893994017
vn -0.4422884015980324 -0.8968728838647412 0
vn -0.4150726901404562 -0.8653628451522347 0.28082344654532315
vn -0.19080010351658347 -0.4605106186580953 -0.8669055834410109
vn -0.2889842060262392 -0.6975783030661707 -0.6556467339647972
vn -0.3826834370613369 -0.9238795305660377 0
vn -0.16027349026048293 -0.47200148686399107 -0.866906572081389
vn -0.1602731306365408 -0.472002285648261 -0.8669062036568775
vn -0.16027248115635606 -0.4720013501472006 -0.86690683308139
vn -0.12905989666890066 -0.48147380648914767 -0.8669062906316135
vn -0.12905950828437257 -0.48147392213816353 -0.8669062842212472
vn -0.12905887077987718 -0.4814729805714185 -0.8669069020677466
vn -0.1602727487841499 -0.472003345156114 -0.8669056973850217
vn -0.24274176587074972 -0.7149847216975346 -0.6556472243829367
vn -0.32143965811402525 -0.9469300640446149 0
vn -0.2985695571708908 -0.9121370227564833 0.2808242711157935
vn -0.08047366973630697 -0.31399739125334464 0.9460072022798061
vn -0.12905898878134256 -0.4814750026233994 -0.8669057614663399
vn -0.19545963350274584 -0.7293300607658953 -0.6556471567346172
vn -0.25881907493243805 -0.9659258182961655 0
vn -0.09729695808769674 -0.4888837804699221 -0.8669059644161633
vn -0.09729639980421281 -0.4888830379746993 -0.8669064457977964
vn -0.0972960132064738 -0.48888310176212196 -0.8669064532148624
vn -0.065114074030325 -0.4941995783577233 -0.8669065313597664
vn -0.06511363250569031 -0.49420010007244897 -0.8669062671075203
vn -0.0651130463574262 -0.4941994928005847 -0.8669066573222867
vn -0.0972953716818285 -0.48888250182291654 -0.8669068635445568
vn -0.09729532147080226 -0.48888480636497056 -0.8669055695549421
vn -0.09729465999832067 -0.48888427810949536 -0.8669059416990801
vn -0.0972938888759262 -0.48888279914068217 -0.8669068622936205
vn -0.06511268090878682 -0.49419954959556583 -0.8669066523936764
vn -0.06511250302839924 -0.49420185146002016 -0.8669053535207085
vn -0.0651118977186999 -0.49420124165544627 -0.8669057466193685
vn -0.06511123587012536 -0.4941997312481188 -0.8669066573730715
vn -0.0326523484027163 -0.4974005539044589 -0.8669062885452643
vn -0.03265176364407693 -0.4974010026445309 -0.866906053098689
vn -0.03265131693348989 -0.49739966647956435 -0.8669068365681096
vn -0.00005082352862444936 -0.4984714450146083 -0.8669061171326553
vn -0.00005049476012095907 -0.49847125912587414 -0.8669062240379548
vn -0.00004990284400656052 -0.4984704965146553 -0.8669066625733932
vn -0.032650843357981095 -0.49739971902127406 -0.8669068242582766
vn -0.03265057846710338 -0.49740266342967526 -0.8669051448335214
vn -0.032650124313952235 -0.49740132738694054 -0.8669059285158875
vn -0.0326496331550258 -0.4974005017486764 -0.8669064207369833
vn -0.00004944868816785813 -0.4984705413204098 -0.8669066368361503
vn -0.000049141340204113574 -0.4984721147335669 -0.8669057321405681
vn -0.00004867566801295061 -0.49847211474491976 -0.8669057321603122
vn -0.00004813372618842667 -0.4984705413523909 -0.8669066368917697
vn 0 0 1
vn 0 0 1
vn 0 0 1
vn 0 0 1
vn 0 0 1
vn 0 0 1
vn 0 0 1
vn 0 0 1
vn 0 0 1
vn 0 0 1
vn 0 0 1
vn 0 0 1
vn 0 0 1
vn 0 0 1
vn 0 0 1
vn 0 0 1
vn 0 0 1
vn 0 0 1
vn 0 0 1
vn 0 0 1
vn 0 0 1
vn 0 0 1
vn 0 0 1
vn 0 0 1
vn 0 0 1
vn -0.09729368315676978 -0.4888842740118622 -0.8669060536423104
vn -0.09729317330308057 -0.4888829465587922 -0.8669068594679649
vn -0.09729278164910819 -0.4888832905985174 -0.8669067094056571
vn -0.06511089817948425 -0.49419983213098856 -0.8669066252255566
vn -0.06511056432473261 -0.4941998429194074 -0.8669066441501921
vn -0.06511000749242252 -0.49420081147997996 -0.8669061338212262
vn -0.09729255159746514 -0.48888469591227834 -0.8669059427102883
vn 0 0 1
vn -0.14734055148760128 -0.7405518316947547 -0.6556475779417427
vn -0.19509026057249068 -0.9807852926251279 0
vn -0.17695726253818508 -0.9433048856698627 0.2808238236089651
vn -0.06510965447634365 -0.4942008197351564 -0.86690615562878
vn -0.0985907285511757 -0.7486024861909297 -0.655647913069589
vn -0.13052629225051873 -0.9914448482045445 0
vn -0.032649215495825584 -0.4973990945391968 -0.8669072438727768
vn -0.03264871689478608 -0.4974019049135914 -0.8669056501566103
vn -0.03264841882944744 -0.4974000565280469 -0.8669067219221643
vn -0.00004771165880506129 -0.4984705413624733 -0.8669066369093044
vn -0.00004741780027332659 -0.4984711886496716 -0.8669062647355456
vn -0.00004702141754298736 -0.49847003184137434 -0.8669069299209953
vn -0.03264813571889774 -0.4974008017616224 -0.8669063049955142
vn 0 0 1
vn 0 0 1
vn 0 0 1
vn 0 0 1
vn 0 0 1
vn 0 0 1
vn 0 0 1
vn 0 0 1
vn 0 0 1
vn 0 0 1
vn 0 0 1
vn 0 0 1
vn 0 0 1
vn 0 0 1
vn 0 0 1
vn 0 0 1
vn 0 0 1
vn 0 0 1
vn -0.049418789356975086 -0.7534477260080616 -0.6556480057407114
vn -0.06540325853461215 -0.9978589147635325 0
vn -0.05231751871378917 -0.9583321208757561 0.2808245419001113
vn 0.003536918506832661 -0.3241262801246118 0.9460072117801521
vn -0.00004647387016956522 -0.49847144512008756 -0.8669061173160973
vn -0.000034959103267726776 -0.7550669418452929 -0.6556477042667488
vn 0 0 1
vn 0 0 1
vn 0 0 1
vn 0 0 1
vn 0 0 1
vn 0 0 1
vn 0 0 1
vn 0 0 1
vn 1.221014123142794e-10 -1 0
vn 0.032658252098853514 0.49739896084139873 -0.8669069802024578
vn 0.03806673669381489 0.49704017373456955 -0.8668921439552864
vn 0.06511971377355137 0.49419978434560985 -0.8669059903073709
vn 0.07049322983997347 0.49348539888553605 -0.8668926494287008
vn 0.03265760125592107 0.4974004078455473 -0.8669061744821595
vn 0.03265717277892335 0.49740106245165944 -0.8669058150330103
vn 0.032656617693760624 0.49739933365947914 -0.8669068278632426
vn 0.065119191942943 0.49419850064516024 -0.8669067613075664
vn 0.09730271050611325 0.4888822038124976 -0.8669062079161731
vn 0.09730193833347359 0.4888816808748586 -0.8669065894901952
vn 0.0651187812289096 0.4942012949895352 -0.8669051991780463
vn 0.06511799174753402 0.49419888312763915 -0.8669066334191716
vn 0.10261786604977684 0.4878171921377919 -0.8668932809880294
vn 0.12906859770093532 0.4814715964686732 -0.8669062226569961
vn 0.13430296077152584 0.48006287905382067 -0.8668923502272694
vn 0.16028192340373207 0.471999070184718 -0.8669063287199845
vn 0.16541253372874623 0.47024882813652097 -0.8668937266595399
vn 0.12906810711076963 0.4814713921354453 -0.8669064091826747
vn 0.09730156239086496 0.4888831836420968 -0.8669057842166383
vn 0.09730072417714422 0.4888821293583285 -0.8669064728496781
vn 0.12906685256307135 0.4814719775496703 -0.8669062708297088
vn 0.1290675666413591 0.48147158572719123 -0.8669063821305171
vn 0.16028155004371278 0.4720000810165267 -0.8669058473882715
vn 0.16028093887374883 0.47199930550132363 -0.8669063826273387
vn 0.16028004734564685 0.4719985977300461 -0.8669069328155977
vn 0.03265607290156565 0.4973998265935763 -0.8669065655578622
vn 0.032655443667157946 0.4974012026737044 -0.866905799713933
vn 0.032654904076078135 0.4974012114474888 -0.8669058150055013
vn 0.032654396856378214 0.49739992110962916 -0.8669065744623701
vn 0.06511759665499643 0.49419935835759626 -0.8669063921813112
vn 0.06511714313765737 0.4941993955069858 -0.8669064050692669
vn 0.06511653339786824 0.49420017953408746 -0.8669060039166416
vn 0.06511586873622026 0.4941995716482314 -0.866906400380936
vn 0.03265383868625252 0.4973995133732626 -0.8669068294315678
vn 0.03265327271418956 0.49740088842445446 -0.8669060617942501
vn 0.03265287779800163 0.49740050045486467 -0.866906299272741
vn 0.06511498942730781 0.4941992725593767 -0.8669066369302202
vn 0.06511454942898466 0.4942009085444159 -0.8669057373478007
vn 0.06511539843079986 0.49419923684902894 -0.866906626566573
vn 0.09730008227337913 0.488882063956304 -0.8669065817788084
vn 0.09729974010382206 0.48888349726718056 -0.8669058118824325
vn 0.12906624177425133 0.48147117347929047 -0.8669068083379813
vn 0.12906597212079934 0.48147265825133 -0.8669060238554759
vn 0.09729916743972858 0.4888822209456637 -0.8669065959252881
vn 0.09729884741024622 0.48888365319308336 -0.866905824143097
vn 0.12906548301795193 0.48147275748975127 -0.8669060415573061
vn 0.16027958323803063 0.4720005284858613 -0.8669059673956058
vn 0.16027970380395856 0.4719998172252461 -0.8669063323611437
vn 0.12906500486408345 0.48147290158940553 -0.8669060327131844
vn 0.16027917147827497 0.472000723416303 -0.8669059373915515
vn 0.0972976316881671 0.48888275270485776 -0.8669064684125933
vn 0.09729740875328378 0.48888373910852934 -0.8669059371610971
vn 0.0972981918843805 0.4888819848922704 -0.8669068385379274
vn 0.12906414089696172 0.4814719490350466 -0.8669066903807598
vn 0.16027842743335655 0.4720003091673863 -0.8669063004992995
vn 0.16027753286875868 0.4719994136402427 -0.8669069534735381
vn 0.1290636822129914 0.48147213998064164 -0.8669066526195803
vn 0.1290634858142362 0.48147308364354807 -0.8669061577565655
vn 0.16027710065343256 0.4720002180625217 -0.8669065954040616
vn 0.19080880181228377 0.4605049168027479 -0.8669066978351562
vn 0.19581414895465774 0.45842406472788955 -0.8668934167171435
vn 0.19080868078979812 0.46050610451958784 -0.8669060935507672
vn 0.19080804704072157 0.4605064194390243 -0.8669060657533522
vn 0.19080693673550575 0.46050514935265957 -0.8669069848105374
vn 0.22051818947110607 0.4470410701419468 -0.8669059982020707
vn 0.22051717170798227 0.44703998816790463 -0.8669068150388207
vn 0.22051874973623103 0.4470395679050571 -0.8669066303484069
vn 0.22537735579654822 0.4446358476430815 -0.866893309747442
vn 0.22051852577414915 0.4470404908755976 -0.8669062113678161
vn 0.24928449345792555 0.43165982205052844 -0.8669065920551831
vn 0.2539759527607072 0.4289444006662647 -0.8668926787996021
vn 0.2769828397649437 0.4144320426466639 -0.8669063320240896
vn 0.28148674678193136 0.41141560254661463 -0.8668923885738822
vn 0.3034950188470692 0.395429222698048 -0.8669062829230358
vn 0.3077911520669959 0.39212344168315594 -0.8668931959542813
vn 0.24928409814114427 0.43166034483592397 -0.8669064454196241
vn 0.2769823405772568 0.414432202807938 -0.8669064149515244
vn 0.24928411270210893 0.4316616555489952 -0.8669057885854857
vn 0.24928309010538136 0.4316608903568479 -0.8669064636532858
vn 0.2769821821907139 0.41443299344346857 -0.8669060875863983
vn 0.27698136133855794 0.4144329542070359 -0.8669063686109753
vn 0.3034946362890009 0.395429616476229 -0.8669062372351864
vn 0.3034941590779226 0.39542985440762995 -0.8669062957717779
vn 0.3034933514969961 0.3954299698147006 -0.8669065258547001
vn 0.19080689397424552 0.46050604810980406 -0.8669065167976255
vn 0.19080686126378574 0.4605077696257685 -0.8669056095152242
vn 0.19080627043318416 0.4605076332024812 -0.8669058120266743
vn 0.22051708343408294 0.4470410633485014 -0.8669062830513844
vn 0.220516716197003 0.44704155091373876 -0.8669061250414196
vn 0.19080534044511965 0.46050672437174195 -0.8669064994946286
vn 0.22051640165643438 0.4470424119047081 -0.8669057610599433
vn 0.22051517180352917 0.4470411142725782 -0.8669067430550946
vn 0.19080457068506812 0.4605064386581114 -0.8669068206907302
vn 0.16027697861440893 0.4720011634035462 -0.8669061032614404
vn 0.19080439514712214 0.4605065955763238 -0.8669067759703145
vn 0.19080416760375432 0.4605075097316762 -0.8669063404461688
vn 0.22051472852205167 0.4470414199048212 -0.8669066982059415
vn 0.22051432856480388 0.4470424081944052 -0.8669062903067207
vn 0.2205147733553975 0.44704255265633225 -0.8669061026700228
vn 0.24928248652124035 0.4316620097926931 -0.8669060798122947
vn 0.24928189854555335 0.4316620535704908 -0.8669062270885077
vn 0.2492812977421844 0.4316621943448921 -0.8669063297550231
vn 0.24928064723882462 0.4316618158286558 -0.8669067052847731
vn 0.24928057773542958 0.4316626589560293 -0.8669063054488073
vn 0.24928030720663485 0.4316634298200029 -0.8669059993995871
vn 0.2769790043813971 0.41443417225145635 -0.8669065393698101
vn 0.27697894285425756 0.4144349740376078 -0.8669061757247928
vn 0.2769784315189521 0.41443484780209794 -0.8669063994460723
vn 0.2492826344266842 0.43166110980832734 -0.866906485413701
vn 0.2769808162735385 0.41443300090920243 -0.866906520435645
vn 0.27698079098860057 0.4144341103542891 -0.8669059981325414
vn 0.30349316824408434 0.3954305302751485 -0.8669063343611481
vn 0.30349305836421403 0.39543107887255 -0.8669061225913837
vn 0.2769802286706064 0.41443408642648505 -0.8669061892346965
vn 0.2769795729136345 0.4144340266634416 -0.8669064273219496
vn 0.3034925518945049 0.39543146652396194 -0.8669061230763514
vn 0.3034919259155253 0.3954315557612914 -0.866906301518388
vn 0 -1 0
vn -0.8660248935452785 -0.5000008837591082 0
vn -0.8660253998985324 -0.5000000067305869 0
vn -0.9998266230677255 -0.018620521071879094 -8.836597883305519e-17
vn -0.9999999999999845 -1.7678431163403454e-7 0
vn -0.9999999999999742 2.2686923273340068e-7 0
vn -1 -1.671074123521521e-8 0
vn -0.9999999999999705 -2.432967391996427e-7 0
vn -0.9999999999999749 2.2403692412353287e-7 0
vn -0.9999999999999705 -2.432967391996427e-7 0
vn -0.9999999999999742 2.2686923273340068e-7 0
vn -1 -1.671074123521521e-8 0
vn -1 -1.671074123521521e-8 0
vn -0.9999999999998923 -4.642174928903342e-7 0
vn 0.03265234396225404 0.4974004834054392 -0.8669063291623876
vn 0.03265176364407693 0.4974010026445309 -0.866906053098689
vn 0.032651315730353854 0.4973996183490549 -0.8669068642289618
vn 0.0326508401206674 0.4973996966527394 -0.8669068372144595
vn 0.065114074030325 0.4941995783577233 -0.8669065313597664
vn 0.06511363250569031 0.49420010007244897 -0.8669062671075203
vn 0.0651130463574262 0.4941994928005847 -0.8669066573222867
vn 0.06511267348979406 0.4941995498353155 -0.8669066528142364
vn 0.03265057798309922 0.4974026858586219 -0.8669051319827323
vn 0.032650127551275075 0.49740134975542755 -0.8669059155596784
vn 0.032649629433706584 0.4974005018091749 -0.8669064208424245
vn 0.06511249320394072 0.49420180364003863 -0.8669053815196324
vn 0.0651118977186999 0.49420124165544627 -0.8669057466193685
vn 0.06511123587012536 0.4941997312481188 -0.8669066573730715
vn 0.0972969690776323 0.48888382805628683 -0.8669059363468087
vn 0.0972964012218067 0.48888301529532935 -0.8669064584284928
vn 0.0972960132064738 0.48888310176212196 -0.8669064532148624
vn 0.09729537387408826 0.48888257244306416 -0.8669068234730614
vn 0.1290632638230006 0.48147451984847145 -0.8669053931473945
vn 0.1290623723823231 0.4814724732958 -0.8669066625037968
vn 0.12906217784518445 0.48147393054296683 -0.8669058821217932
vn 0.1290613266492472 0.4814713905195797 -0.8669074195522143
vn 0.09729532885085283 0.4888848060105747 -0.8669055689265166
vn 0.09729389248570773 0.48888284708145247 -0.8669068348528075
vn 0.09729467475842393 0.48888427740070917 -0.8669059404422368
vn 0.12906127941001724 0.4814743314896801 -0.8669057931941713
vn 0.12906086171963613 0.4814744489908189 -0.8669057901186105
vn 0.12906004169148913 0.48147242070082313 -0.8669070386973916
vn 0.03264921824918376 0.4973991393368039 -0.8669072180658803
vn 0.03264871689478608 0.4974019049135914 -0.8669056501566103
vn 0.03264842206679728 0.49740007889657534 -0.8669067089659814
vn 0.032648134515881055 0.49740075363110337 -0.8669063326564429
vn 0.06511089913845723 0.49419980960739085 -0.8669066379936193
vn 0.06511056432473261 0.4941998429194074 -0.8669066441501921
vn 0.06511000749242252 0.49420081147997996 -0.8669061338212262
vn 0.06510966189533915 0.49420081949541717 -0.8669061552082397
vn 0.04941879307316749 0.7534477258693524 -0.6556480056200069
vn 0.06540326595332203 0.9978589142772835 0
vn 0.05231751827593214 0.9583321128552601 0.28082456935214994
vn 0.09859073240406788 0.7486025154460605 -0.6556478790874414
vn 0.13052627760322993 0.991444850132898 0
vn 0.09729368457432772 0.4888842513325276 -0.8669060662730335
vn 0.0972931990529963 0.48888299343640523 -0.8669068301419095
vn 0.09729278164910819 0.4888832905985174 -0.8669067094056571
vn 0.0972925649400316 0.48888471788282845 -0.8669059288227396
vn 0.12905988016405476 0.4814738303087265 -0.8669062798595263
vn 0.12905951124932843 0.48147399280397785 -0.8669062445325213
vn 0.12905886781492315 0.4814729099055794 -0.866906941756371
vn 0.1290590034343069 0.48147500169746094 -0.8669057597991685
vn 0.14734053690993285 0.7405518333206695 -0.6556475793812464
vn 0.19509023190445116 0.980785298327553 0
vn 0.17695726253818508 0.9433048856698627 0.2808238236089651
vn 0.1954596773567835 0.7293299979916644 -0.6556472134898926
vn 0.2588191305443268 0.9659258033950012 0
vn 0.08047367789169829 0.31399736420109736 0.9460072105651979
vn 0.0002889281925099793 0.00012338846990217595 0.9999999506478912
vn 0.1602759198836093 0.47200065456020657 -0.8669065760508451
vn 0.1602755312231298 0.47200145559977175 -0.8669062117685166
vn 0.16027484750586848 0.472001013677792 -0.8669065787869576
vn 0.16027687191998727 0.4720026464922148 -0.8669053154940792
vn 0.19080394283586724 0.46050884781814355 -0.8669056791136466
vn 0.19080351072267104 0.4605090266814888 -0.8669056792066663
vn 0.22051400457147424 0.44704265438194873 -0.8669062457676684
vn 0.22051370162647854 0.4470434192645442 -0.866905928395494
vn 0.1908022330361055 0.46050683051312713 -0.8669071270437161
vn 0.19080211340100547 0.46050823019458365 -0.8669064098533141
vn 0.22051246053449006 0.44704209925392596 -0.8669069247870084
vn 0.16027449299256427 0.472000665222162 -0.8669068340518565
vn 0.1602746988642177 0.4720032499414794 -0.8669053886951366
vn 0.16027380416468542 0.4720013705402468 -0.8669065773811552
vn 0.19080189216823149 0.4605084145226069 -0.8669063606289306
vn 0.19080209828257338 0.4605098091932867 -0.8669055744011165
vn 0.19080133687124268 0.46050923944442296 -0.8669060446406323
vn 0.22051242102271035 0.4470430038486775 -0.8669064683601422
vn 0.2492799257579429 0.43166371239757406 -0.8669059683802269
vn 0.24927934518369893 0.4316634451654998 -0.8669062683892866
vn 0.24927838174680492 0.4316627686102909 -0.866906882305933
vn 0.27697829149263115 0.41443575531623134 -0.8669060103363502
vn 0.2769775663914805 0.41443568098012956 -0.866906277544689
vn 0.24927815309035142 0.43166341536235503 -0.8669066260154955
vn 0.27697688249013785 0.4144355044885253 -0.866906580425703
vn 0.27697632170860675 0.4144350954296 -0.866906955150914
vn 0.2205125792682971 0.4470441248478716 -0.8669058500341564
vn 0.24927851500077083 0.43166509170830086 -0.8669056872344735
vn 0.2205121614016007 0.447044451387714 -0.8669057879362972
vn 0.22051142533728144 0.4470440523882352 -0.8669061809215719
vn 0.24927786123721973 0.431664618139722 -0.8669061110312266
vn 0.27697679253725715 0.41443681497386214 -0.8669059826706088
vn 0.2492772807690132 0.4316645895098801 -0.8669062921998394
vn 0.2769759345325684 0.4144369733562375 -0.8669061810860109
vn 0.27697679071814363 0.4144378255308951 -0.8669055001398369
vn 0.16027347799662217 0.4720014648284537 -0.8669065863463378
vn 0.16027314515492835 0.47200228452099885 -0.8669062015864838
vn 0.16027246061092856 0.47200130372255267 -0.8669068621564424
vn 0.16027276104801552 0.4720033671915994 -0.8669056831200486
vn 0.1908005061277706 0.4605082053453275 -0.8669067768053333
vn 0.19080038756600842 0.4605089221639304 -0.866906422119525
vn 0.19079982206082188 0.46050847691259295 -0.8669067831048519
vn 0.19080010351658347 0.4605106186580953 -0.8669055834410109
vn 0.24274176587074972 0.7149847216975346 -0.6556472243829367
vn 0.32143968483706875 0.9469300549733575 0
vn 0.01572064291935329 0.03915606765870423 0.9991094353231328
vn 0.29856953252405266 0.9121370385066097 0.2808242461625425
vn 0.28898421731962376 0.6975783303272454 -0.6556466999825569
vn 0.3826833905500394 0.9238795498316468 0
vn 0.0032956683940984655 0.004393446715895975 0.9999849179841619
vn 0.22051059667316886 0.44704325907884995 -0.8669068007963734
vn 0.22051053933210019 0.44704442595837496 -0.8669062136488659
vn 0.22051031493177664 0.447044543377726 -0.8669062101778306
vn 0.22050987085529652 0.4470441619450606 -0.8669065198314171
vn 0.24927674217321572 0.4316644367682721 -0.8669065231275161
vn 0.24927612718120748 0.4316641019391586 -0.8669068666901875
vn 0.2769751525153227 0.4144365454149574 -0.8669066355228974
vn 0.24927635364088352 0.431665746161905 -0.8669059828528068
vn 0.24927626032829783 0.4316661864334646 -0.8669057904563379
vn 0.333988838766898 0.67718367434259 -0.6556475629353076
vn 0.4422884015980324 0.8968728838647412 0
vn 0.4150726901404562 0.8653628451522347 0.28082344654532315
vn 0.377563267963571 0.6538881063761396 -0.6556495428386228
vn 0.5000002818671057 0.866025241048328 0
vn 0.1590009665010728 0.2824715438584264 0.9460066170814884
vn -0.9999999999998959 4.5628704015138986e-7 0
vn -1 -1.671074123521521e-8 0
vn -1 -1.671074123521521e-8 0
vn -1 -1.671074123521521e-8 0
vn -0.9999999999998923 -4.642174928903342e-7 0
vn -0.9999999999998959 4.5628704015138986e-7 0
vn -1 -1.671074123521521e-8 0
vn -1 -1.671074123521521e-8 0
vn -1 -1.671074123521521e-8 0
vn -0.9999999999998896 -4.6988216695348725e-7 0
vn -0.9999999999998959 4.5628704015138986e-7 0
vn -1 -1.671074123521521e-8 0
vn -1 -1.671074123521521e-8 0
vn -0.0034039509892452107 0.0006550906770560563 0.9999939919688857
vn 0.3287075767471714 0.37473327029666514 -0.8669061685798348
vn 0.3327776844196799 0.3711530627035584 -0.8668935440975694
vn 0.3525126854167181 0.3524325767746008 -0.8669060418801503
vn 0.35633996655541095 0.3485936275966567 -0.8668934830959867
vn 0.37480759071475217 0.32862177009671084 -0.8669065706067218
vn 0.3783762713192576 0.3245415653408939 -0.866893401560202
vn 0.32870712201822616 0.37473344033914535 -0.8669062674972902
vn 0.3287065958153073 0.37473383944190297 -0.8669062945005316
vn 0.3287059430666907 0.3747338427508135 -0.8669065405739227
vn 0.35251247250805595 0.3524331089249605 -0.866905912114887
vn 0.35251129112986085 0.35243261299777656 -0.8669065941158355
vn 0.37480822092656124 0.3286233832475183 -0.8669056866284941
vn 0.39549774141592736 0.3034045116329025 -0.8669067071234944
vn 0.3525111298233063 0.3524334351705829 -0.8669063254611531
vn 0.3748067596824432 0.3286226969784156 -0.8669065785463734
vn 0.3748062231586752 0.3286229949297698 -0.8669066975660747
vn 0.3987930363597964 0.299100633426118 -0.8668926838052269
vn 0.3954981295586387 0.3034057042724115 -0.8669061126388371
vn 0.3954979696276333 0.30340632174437265 -0.8669059694949447
vn 0.39549637803412485 0.30340556048703166 -0.8669069620365492
vn 0.32870609208417617 0.37473467722254933 -0.866906123356884
vn 0.32870557547837187 0.3747350532908258 -0.8669061566770386
vn 0.3287048658940356 0.3747350895587353 -0.8669064100530061
vn 0.3287047164891982 0.37473577456386387 -0.8669061705973586
vn 0.3525102772828373 0.35243392373205124 -0.8669064735095753
vn 0.35250973774867633 0.35243418886126626 -0.8669065851140253
vn 0.35250995108294964 0.352435266461891 -0.8669060602749484
vn 0.3525113247618211 0.3524343155589747 -0.8669058882780429
vn 0.3748068523570917 0.3286244581804763 -0.8669058708485932
vn 0.37480611614341325 0.32862461494671713 -0.8669061297237505
vn 0.3748055143365725 0.3286245502914479 -0.8669064144235183
vn 0.3034912096855022 0.3954311968639964 -0.8669067159679512
vn 0.3287041132337858 0.3747357961476828 -0.8669063900034151
vn 0.3034910611929185 0.39543209160995 -0.8669063598226606
vn 0.303491051563266 0.3954329433303813 -0.8669059746881979
vn 0.3287033133287213 0.37473550354835683 -0.8669068197834643
vn 0.3287037264041705 0.3747369591229124 -0.8669060339594624
vn 0.35250949725070774 0.35243546828217925 -0.8669061627677902
vn 0.35250830506188074 0.35243490194214 -0.8669068777875938
vn 0.3525086338997201 0.35243588643086027 -0.8669063438352766
vn 0.395496986717198 0.30340691822515775 -0.8669062091545595
vn 0.39549696106826787 0.30340760686485624 -0.8669059798399743
vn 0.374805176489229 0.3286248395276827 -0.8669064508482348
vn 0.39549628678326865 0.3034077346420682 -0.8669062427390952
vn 0.3954958043217817 0.30340805815287525 -0.86690634962017
vn 0.4144939774698204 0.2768912311669755 -0.8669059861046552
vn 0.41449362224221675 0.2768915605959549 -0.8669060507294104
vn 0.3748049635104353 0.3286255807606954 -0.8669062619439527
vn 0.3954953264575055 0.30340817657420366 -0.8669065261827182
vn 0.3748042675948989 0.3286256275203462 -0.8669065450955542
vn 0.37480435583540717 0.32862616293941643 -0.8669063039789949
vn 0.3954949926904415 0.3034086488532585 -0.8669065131591915
vn 0.3954953505809774 0.3034095431244313 -0.8669060368978021
vn 0.4144924760908242 0.27689131305005854 -0.8669066778041983
vn 0.4144929058409465 0.2768924539003857 -0.866906107938196
vn 0.41449203924057176 0.2768922735279258 -0.8669065798958551
vn 0.4144923402133051 0.27689310996330946 -0.8669061688322124
vn 0.41449510587629923 0.27688863563825045 -0.8669062755909566
vn 0.4175017211346381 0.2723781786224231 -0.8668924043155217
vn 0.4317170304725889 0.24918652627521837 -0.8669062698601386
vn 0.4344211452895312 0.24448828028475572 -0.866893159119816
vn 0.44708984432319077 0.22041703436258597 -0.8669065705517911
vn 0.4494808291473676 0.2155520904112645 -0.8668934655125328
vn 0.4605485415639411 0.19070407403435205 -0.8669065676357673
vn 0.4626160648271441 0.18569317806197763 -0.866893546051123
vn 0.4144943075332313 0.2768886696621824 -0.8669066464361972
vn 0.4144952409206676 0.27689019593711256 -0.8669057126631622
vn 0.41449383574110754 0.2768897161136499 -0.8669065377785118
vn 0.4317165610231388 0.2491868732661012 -0.8669064039042614
vn 0.4470902337897321 0.2204178698315349 -0.8669061572677699
vn 0.4317167637461599 0.24918760002141435 -0.8669060940471638
vn 0.4317162039196118 0.24918811036513117 -0.8669062261432292
vn 0.4470899028689214 0.2204183302415394 -0.8669062108706975
vn 0.44708884494346995 0.22041848662763322 -0.866906716711722
vn 0.46054918209649803 0.19070484007384655 -0.8669060588337443
vn 0.4605486302199819 0.19070522111279828 -0.8669062681990578
vn 0.4144935017754205 0.27689006963978924 -0.8669065845411615
vn 0.43171576673277556 0.2491883842703449 -0.8669063651277839
vn 0.431715399083168 0.2491886765089737 -0.8669064642129318
vn 0.4470893070200202 0.2204195373329629 -0.8669062112537206
vn 0.4470896656918616 0.22042020839989865 -0.8669058556501302
vn 0.43171610458078064 0.2491898033647611 -0.8669057889670759
vn 0.43171450226619473 0.2491894199812668 -0.866906697114777
vn 0.43171440841245656 0.24919002836214935 -0.8669065689761233
vn 0.43171498959991667 0.24919099066192468 -0.8669060029366923
vn 0.47203495714453403 0.16017421949716354 -0.866906695464992
vn 0.47377121735292915 0.1550392070856539 -0.8668931179068013
vn 0.4720358590646881 0.1601753546493022 -0.8669059946268869
vn 0.4605472974033501 0.19070538845743612 -0.8669069394506936
vn 0.4720358616534764 0.16017596647537008 -0.8669058801719719
vn 0.4720333932718086 0.16017544670301595 -0.8669073202538962
vn 0.48149976737195405 0.12896056634729178 -0.8669066537685243
vn 0.48150129278766135 0.12895921181391906 -0.8669060080147926
vn 0.48289800735066707 0.12372167676156194 -0.8668924161601962
vn 0.4889043227602841 0.09719142230424146 -0.8669062178902551
vn 0.48995425174447027 0.09187317429059941 -0.8668933908176284
vn 0.4942132325081092 0.0650070694073075 -0.866906777999203
vn 0.4949163713193227 0.059632218394307664 -0.8668920255311431
vn 0.4974077734177213 0.03254501954450846 -0.8669061821480294
vn 0.49775530522742395 0.027135559544738928 -0.8668929100679899
vn 0.498471028269617 -0.00005666258296248276 -0.866906356399111
vn 0.49846324277362625 -0.005477669177973004 -0.8668935290703108
vn 0.48149957326266224 0.12895907213462918 -0.8669069838581585
vn 0.4889042722184582 0.09719206485581632 -0.8669061743554504
vn 0.49421447886406794 0.06500805218133959 -0.866905993769051
vn 0.4815015142793155 0.12896059308840194 -0.8669056795159517
vn 0.48890416865272895 0.09719227810794813 -0.8669062088543208
vn 0.48890358889110347 0.09719281033653986 -0.866906476148543
vn 0.4942150626805082 0.06500866897080741 -0.8669056146884421
vn 0.4942132234996608 0.06500893831809788 -0.8669066429880602
vn 0.49740635437176817 0.03254533126912291 -0.866906984654738
vn 0.4984710058884495 -0.00005609065714169591 -0.866906369305472
vn 0.49740907281867885 0.03254635241974015 -0.8669053865456324
vn 0.49740652112681927 0.03254672196338259 -0.8669068367650318
vn 0.4984717461293482 -0.000055647117853254334 -0.866905943695253
vn 0.4984705411772748 -0.000054949697695589425 -0.8669066365872196
vn 0.447088956265259 0.22042019637256566 -0.8669062245806758
vn 0.4470883263973031 0.2204205669200819 -0.8669064552060322
vn 0.46054802301517983 0.19070625701309207 -0.8669063628979002
vn 0.46054869218652955 0.19070721884639263 -0.8669057958077979
vn 0.4720347752405931 0.1601767218436837 -0.8669063321622318
vn 0.48149947295344625 0.12896082063249345 -0.8669067794678661
vn 0.4720352404509447 0.16017742836581536 -0.8669059483095806
vn 0.46054884719526556 0.19070787698081523 -0.8669055686778014
vn 0.4605470860487789 0.19070754799189907 -0.8669065766683838
vn 0.4720350818282382 0.16017799134857533 -0.8669059306585372
vn 0.4815005327366602 0.12896183040274922 -0.8669060406257906
vn 0.47203487688165696 0.16017855883795692 -0.8669059373980054
vn 0.48150043180927116 0.1289623866422313 -0.8669060139363581
vn 0.44708728096205785 0.22042059556186103 -0.8669069870834522
vn 0.43171413861340885 0.24919092152087743 -0.8669064465978197
vn 0.44708844839078243 0.22042193919954953 -0.8669060433720789
vn 0.4470879018058956 0.22042218751856926 -0.8669062621231493
vn 0.46054687813991035 0.19070912780789717 -0.8669063395813493
vn 0.46054601608212004 0.190707668409064 -0.866907118600872
vn 0.4605469484208728 0.19070859578707047 -0.8669064192824653
vn 0.4720325056538097 0.16017797197675626 -0.8669073369741425
vn 0.48150021521917374 0.12896289114605092 -0.866906059184697
vn 0.4814997006121915 0.1289633062445826 -0.866906283258367
vn 0.47203355115343 0.16017906058213974 -0.8669065665551884
vn 0.47203489169883694 0.16017995446207814 -0.8669056714587774
vn 0.4814977410199894 0.12896292078595978 -0.866907428999776
vn 0.48150097862806157 0.1289645868112951 -0.8669053829160429
vn 0.4889039295146983 0.09719349240953486 -0.8669062075786079
vn 0.48890320070356186 0.09719371170624477 -0.8669065940149354
vn 0.4942136219627934 0.06500962522280307 -0.8669063643178585
vn 0.4942141844528236 0.06501020587427764 -0.8669060001048641
vn 0.48890439024078153 0.0971946797736605 -0.866905814622895
vn 0.48890296475094974 0.09719485958591048 -0.8669065983875118
vn 0.4942134795227955 0.06501045663200566 -0.8669063831732174
vn 0.49421334727755606 0.06501106978512394 -0.866906412583335
vn 0.4974069996920961 0.03254726596885255 -0.8669065417536425
vn 0.4974082380017153 0.03254801387617497 -0.8669058031647644
vn 0.4984710059348356 -0.000054406323843342375 -0.8669063693861436
vn 0.49847167562330214 -0.00005399177080100527 -0.86690598434097
vn 0.4974081853036424 0.03254849861585057 -0.8669058152018542
vn 0.49740683729956964 0.0325487812864297 -0.8669065780373382
vn 0.498471698034363 -0.00005347499512028061 -0.866905971486622
vn 0.49847105077205195 -0.00005280693942086455 -0.8669063437036515
vn 0.4889037403378928 0.09719573144829562 -0.8669060632339868
vn 0.4942128677628102 0.06501159842412658 -0.866906646305125
vn 0.48890236162119816 0.097195878907281 -0.8669068242462142
vn 0.4889037951507156 0.09719659476302203 -0.8669059355280133
vn 0.49421343168884746 0.06501213456099458 -0.8669062846110622
vn 0.4974063907619572 0.03254923207909015 -0.866906817322499
vn 0.49847054124798557 -0.00005230447603795279 -0.866906636710195
vn 0.4942129576797771 0.06501249256089087 -0.8669065279904328
vn 0.4974076781066878 0.032549925365565634 -0.8669060526488495
vn 0.4974072565311158 0.03255021937929258 -0.8669062834981349
vn 0.49847123669178034 -0.000051938594638961263 -0.8669062368522615
vn 0.49847144500171353 -0.000051329997124936624 -0.8669061171102297
vn 0.3034894222730186 0.3954329561481459 -0.8669065392303417
vn 0.30348917637607287 0.3954334530436483 -0.8669063986593648
vn 0.3034893000116004 0.3954341144619441 -0.8669060536748874
vn 0.3034889359809346 0.39543443394489775 -0.8669060353855188
vn 0.30348840960598444 0.39543477488718726 -0.866906064141179
vn 0.3034905588493993 0.3954328422654543 -0.8669061932799553
vn 0.30348990086054306 0.39543283921948663 -0.8669064250208747
vn 0.32870367373037196 0.37473765247780677 -0.8669057542152893
vn 0.32870271702699266 0.3747369933734388 -0.8669064018776814
vn 0.35250901804149454 0.3524371348406535 -0.8669056800971673
vn 0.3525081300815421 0.3524368131235843 -0.8669061719596338
vn 0.32870199412826684 0.37473698466004085 -0.8669066797435588
vn 0.3287016081774374 0.37473731417211775 -0.866906683645151
vn 0.352506963991446 0.3524362430807023 -0.8669068778713741
vn 0.3287024755421644 0.37473901643566043 -0.8669056189305075
vn 0.32870159128867965 0.37473849118486235 -0.8669061812611458
vn 0.3287006378159311 0.3747382231937745 -0.8669066586299663
vn 0.3748038499909207 0.32862720671778123 -0.8669061270038713
vn 0.3525066361740357 0.35243657091438035 -0.8669068778913793
vn 0.3748028257662638 0.32862686929506946 -0.8669066977333518
vn 0.37480259147394357 0.3286271113315521 -0.8669067072772569
vn 0.3748045349739509 0.32862705729372016 -0.8669058874972705
vn 0.39549497112963244 0.3034098174664161 -0.8669061139916865
vn 0.3954941877022852 0.3034098704987783 -0.8669064528411494
vn 0.4144924212601424 0.2768937898319004 -0.8669059129285209
vn 0.41449135615157706 0.27689346720032304 -0.8669065252363776
vn 0.3954939953695381 0.3034103598281167 -0.8669063693246306
vn 0.3954933329408226 0.30341041423319187 -0.8669066524916063
vn 0.4144907494745585 0.27689369851732604 -0.8669067414211374
vn 0.35250776637513237 0.3524383865693394 -0.8669056801738099
vn 0.37480340373179905 0.3286283398862157 -0.866905890379508
vn 0.3525072416503646 0.352438547295696 -0.8669058281982828
vn 0.35250570862203434 0.35243752090939384 -0.8669068688412371
vn 0.37480307056738504 0.3286287524376078 -0.8669058780309206
vn 0.37480172381006793 0.3286281216324308 -0.8669066994211901
vn 0.3954939953724614 0.30341155192328845 -0.8669059520985131
vn 0.41449088004142237 0.27689436175566046 -0.86690646715226
vn 0.3954943184140739 0.30341235291590624 -0.8669055243798027
vn 0.3954926438406453 0.3034113353075037 -0.8669066444980417
vn 0.27697464243537673 0.41443665947627734 -0.8669067439638126
vn 0.3034875645123025 0.3954343140035762 -0.866906570222485
vn 0.3034872084602126 0.39543431605675944 -0.8669066939329458
vn 0.2769748571754746 0.41443747330207487 -0.8669062862937478
vn 0.27697498035992074 0.4144386117383671 -0.866905702689166
vn 0.3034875661616144 0.3954354784431372 -0.8669060384919157
vn 0.32870090510514755 0.37473923541057025 -0.8669061197309419
vn 0.32870032980169905 0.37473910587308906 -0.8669063938613509
vn 0.3034869801698298 0.3954353425324739 -0.8669063056314806
vn 0.3287001941492678 0.3747394191266347 -0.866906309885253
vn 0.41952157505786003 0.6277960611474804 -0.6556475834384516
vn 0.5555700015194128 0.8314697669859799 0
vn 0.5244760991324345 0.8037837562876171 0.280813985704048
vn 0.4596820393433897 0.5990117683757885 -0.6556503062246011
vn 0.32870006031269783 0.3747401773109591 -0.8669060328890207
vn 0.49787506161009465 0.5676647986523786 -0.6556501349025247
vn 0.6087612032766206 0.7933535135015166 0
vn 0.6593458684883615 0.751839760658698 0
vn 0.6249033742698819 0.7284484428706407 0.28081780375441795
vn 0.22669241727206216 0.2316944985349153 0.9460064520393101
vn 0.3525062264821104 0.3524386944184033 -0.8669061811799443
vn 0.3525059284659446 0.3524389924486943 -0.8669061811973148
vn 0.3525054749310432 0.3524390455545073 -0.8669063440258513
vn 0.35250520301385535 0.3524393398821349 -0.8669063349356755
vn 0.37480184602029387 0.3286287501124401 -0.8669064083390521
vn 0.3748016989548956 0.32862937766767053 -0.8669062340266582
vn 0.3748017165964983 0.32862990344683746 -0.8669060270853124
vn 0.3748009224404356 0.32862964443826714 -0.8669064686194102
vn 0.39549260848329076 0.30341192709227244 -0.8669064535076642
vn 0.39549199163077337 0.3034119935986204 -0.8669067116457426
vn 0.5339363930622 0.5338868019966582 -0.6556499148307036
vn 0.7071067811865476 0.7071067811865476 0
vn 0.5677112341632629 0.49782297021376654 -0.6556494832853667
vn 0.03319246662519832 0.02604980369188501 0.999109437392596
vn 0.751839760658698 0.6593458684883615 0
vn 0.7146387132272012 0.6406503348474125 0.28081783778255304
vn 0.41449069774399744 0.2768946574517891 -0.8669064598665478
vn 0.43171387574484116 0.24919341310421175 -0.8669058612991619
vn 0.414490849731145 0.2768960899510313 -0.8669059296480696
vn 0.414491772536794 0.27689620844796087 -0.8669054505806559
vn 0.43171299389605866 0.24919319664092812 -0.8669063626766027
vn 0.43171288721670237 0.24919391682785008 -0.8669062087832876
vn 0.39549267205043587 0.3034131818297401 -0.8669059853561742
vn 0.414489323509049 0.2768954300888467 -0.8669068701382655
vn 0.41448927340861424 0.27689600268217024 -0.8669067112024421
vn 0.4317125048008604 0.24919433695474802 -0.8669062784570492
vn 0.39549242545473645 0.30341338417268304 -0.8669060270368465
vn 0.41448977883471605 0.2768967469296455 -0.8669062318274843
vn 0.41449050165996604 0.2768978546723451 -0.8669055324033423
vn 0.43171157332586907 0.24919393023476843 -0.8669068592361304
vn 0.4317121835695114 0.24919484740055534 -0.8669062916986233
vn 0.43171267805736274 0.2491957344559964 -0.86690579046023
vn 0.5990539149382058 0.45962565801477234 -0.6556513261572009
vn 0.7933535135015166 0.6087612032766206 0
vn 0.627834191111423 0.41946341936219245 -0.6556482809315088
vn 0.8314697669859799 0.5555700015194128 0
vn 0.7921477028691046 0.5418906258718412 0.2808141136613771
vn 0.6539237328491597 0.3775027295725326 -0.655648870037849
vn 0.8660252003375697 0.5000003523801481 0
vn 0.2789346237174881 0.1651272898755554 0.9460065823396461
vn 0.4317148632115919 0.24919208920403083 -0.8669057501022397
vn 0.43171411836199974 0.2491921340278458 -0.8669061081487254
vn 0.44708789361255397 0.22042321145115967 -0.8669060059998702
vn 0.4470879718101549 0.22042266948291853 -0.8669061034741342
vn 0.4317123082439869 0.24919148289269577 -0.8669071967427586
vn 0.43171352773806454 0.24919291201820307 -0.8669061786420971
vn 0.44708644911314743 0.2204229661362478 -0.8669068133421814
vn 0.4605478981741099 0.1907101289829974 -0.8669055774366076
vn 0.4605468882580775 0.19071010057324989 -0.8669061202086088
vn 0.44708615818930525 0.22042326765961803 -0.8669068867126296
vn 0.4605462552272843 0.19071033601779028 -0.8669064047128194
vn 0.4720340899594042 0.16018002995985992 -0.8669060940599365
vn 0.47203433974730435 0.1601807937771524 -0.8669058169168365
vn 0.48149957644829916 0.1289646311208871 -0.8669061551286631
vn 0.48149983758887277 0.12896534448021496 -0.8669059039624709
vn 0.4720329583470587 0.1601807753151352 -0.8669065725056916
vn 0.460544980910986 0.19071010057390064 -0.8669071334905443
vn 0.47203275903295644 0.16018127021007364 -0.8669065895894564
vn 0.44708813844740714 0.22042500296182654 -0.866905424212417
vn 0.4605461316786213 0.19071121338937524 -0.866906277335336
vn 0.4470878236783792 0.22042530742222138 -0.8669055091336942
vn 0.447085786479948 0.22042436340303176 -0.8669067998037474
vn 0.4605474737823112 0.1907125698087977 -0.8669052659372047
vn 0.4605460725839651 0.19071243549576833 -0.8669060398767319
vn 0.47203285701973025 0.1601815413424832 -0.8669064861373096
vn 0.4814984859568493 0.12896534964280087 -0.8669066539211543
vn 0.4814983647751005 0.12896582595165673 -0.8669066503698717
vn 0.4814990706792487 0.12896650890031136 -0.8669061566958015
vn 0.4720333277602213 0.16018215022123003 -0.866906117312662
vn 0.47203292717252826 0.1601828163085389 -0.8669062123577149
vn 0.4814995557091551 0.12896700283300927 -0.8669058138184084
vn 0.48149737777959367 0.12896674888114912 -0.8669070612668938
vn 0.48890367823587744 0.09719714656214289 -0.8669059395964517
vn 0.48890268618779137 0.09719748758479034 -0.8669064608396725
vn 0.49421422942903026 0.0650133853478832 -0.8669057360264018
vn 0.4942126277302445 0.06501346085696397 -0.8669066434740057
vn 0.48890259407577025 0.09719799368648123 -0.8669064560431566
vn 0.4889024792848179 0.09719850120436468 -0.8669064638776109
vn 0.49421256496881694 0.06501401178465151 -0.8669066379366397
vn 0.4942124804021975 0.06501454141262723 -0.8669066464271763
vn 0.4974071557621254 0.032550699198200715 -0.8669063233004711
vn 0.4974075886843582 0.03255129254610899 -0.8669060526220761
vn 0.49847144501461443 -0.00005082329215582461 -0.8669061171326659
vn 0.49847121433141195 -0.00005049459791216862 -0.8669062497947877
vn 0.49740619690744187 0.03255150919749626 -0.8669068430500709
vn 0.4974062122791042 0.03255194411208067 -0.8669068178995241
vn 0.498470563706422 -0.000049902634417766636 -0.8669066239382007
vn 0.49847056371766874 -0.000049448436412737604 -0.8669066239577602
vn 0.4889033508773173 0.09719878578273912 -0.8669059404245029
vn 0.4942153064082008 0.06501543479630237 -0.8669049683501046
vn 0.488903236086217 0.09719929330061171 -0.8669059482586831
vn 0.48890226813260357 0.09719960338611412 -0.8669064593809288
vn 0.49421322240089377 0.06501533077170427 -0.8669061642235397
vn 0.49421235272400693 0.06501571003966627 -0.866906631571728
vn 0.4974083782826561 0.03255262521416231 -0.8669055495299846
vn 0.4984720923363631 -0.00004914122088083915 -0.8669057450190009
vn 0.49740906211413133 0.032553362715475785 -0.8669051294707255
vn 0.49740538288491304 0.03255327064728753 -0.8669072439697788
vn 0.49847211474491404 -0.00004867590448156796 -0.8669057321603022
vn 0.4984705413523765 -0.000048134326454924274 -0.8669066368917447
vn 0.44708592835026406 0.22042507493007132 -0.8669065457206185
vn 0.4470863625679752 0.22042593287824025 -0.8669061036355059
vn 0.46054480088550026 0.19071217133363566 -0.8669067735821108
vn 0.44708548148730815 0.22042574556708933 -0.8669066056585649
vn 0.44708649415816326 0.22042674364508807 -0.8669058296189877
vn 0.6772135683515808 0.33392558425722035 -0.6556489052984019
vn 0.4605446781672436 0.19071249770611642 -0.8669067669770059
vn 0.46054511843728574 0.19071338897446663 -0.8669063370107871
vn 0.4605459904846833 0.19071419685892058 -0.8669056960044379
vn 0.4720327775618983 0.16018326314009163 -0.8669062112575913
vn 0.4720321182752045 0.1601833066098356 -0.8669065622085015
vn 0.4814985375970337 0.1289676571895629 -0.8669062819537955
vn 0.481498375255554 0.12896806393301674 -0.8669063116113707
vn 0.47203161118563347 0.16018351507334525 -0.8669067998004412
vn 0.4720331989307772 0.16018456094477276 -0.866905742017036
vn 0.4814972939835383 0.1289681957966596 -0.8669068925550684
vn 0.48149908197992564 0.12896913453153014 -0.8669057598093791
vn 0.6976048403340119 0.2889195702571197 -0.6556469847905951
vn 0.8968728838647412 0.4422884015980324 0
vn 0.8560991251959759 0.4338576775795514 0.28082343820265915
vn 0.9238795305660377 0.3826834370613369 0
vn 0.7150074302038577 0.24267551501436876 -0.6556469851724983
vn 0.9469300640446149 0.32143965811402525 0
vn 0.9054044560500081 0.31840306785648625 0.28082424636125464
vn 0.7293481738378386 0.19539205493127895 -0.6556471506756832
vn 0.31216659797527685 0.087306513419099 0.946007181697445
vn 0.9659258182961655 0.25881907493243805 0
vn 0.04177039081960703 0.005963549899744305 0.9991094387119815
vn 0.48890158998866556 0.09719970914745597 -0.866906829969752
vn 0.4889027376019677 0.0972005481450271 -0.8669060886887391
vn 0.4942122693539361 0.06501620257216428 -0.8669066421611544
vn 0.49421288071937386 0.0650166626027919 -0.8669062591278556
vn 0.4889010017267138 0.0972004185002882 -0.8669070821916178
vn 0.48890284672718665 0.09720128222219775 -0.866905944838547
vn 0.494212364056967 0.06501694832695602 -0.866906532241783
vn 0.49421295242016827 0.0650174241533294 -0.8669061611366057
vn 0.49740671635347694 0.032553884820438576 -0.8669064558010567
vn 0.4974066875908183 0.03255427604396007 -0.8669064576130368
vn 0.498470541362475 -0.000047711586045485806 -0.8669066369093072
vn 0.49847123680373495 -0.00004741756918841602 -0.866906237046965
vn 0.49740686536349127 0.03255478261528744 -0.8669063365889864
vn 0.49740685884851077 0.03255518452023159 -0.8669063252343424
vn 0.4984700542386476 -0.00004702118765179964 -0.8669069170426129
vn 0.4984714451200939 -0.000046473597321151864 -0.8669061173161083
vn 0.7405657045119073 0.14727192864417296 -0.6556473261855098
vn 0.7486118627214615 0.09852138099720932 -0.655647631337982
vn 0.9807852926251279 0.19509026057249068 0
vn 0.9392186930141744 0.19749985489809804 0.2808238843260599
vn 0.9914448482045445 0.13052629225051873 0
vn 0.005452673405358381 -0.0006574140266018526 0.9999849179660323
vn 0.7534522566597286 0.04934886570247821 -0.655648065953253
vn 0.755066941845288 -0.000034959288804648316 -0.6556477042667446
vn 0.9978589147635325 0.06540325853461215 8.099151342251514e-20
vn 0.9569622422093598 0.07321776559763869 0.2808245462678145
vn 0.3241262801246118 0.003536918506832661 0.9460072117801521
vn 1 -1.221014123142794e-10 -4.0165866028478564e-27
vn 0 1 0
vn -0.8660253998985324 0.5000000067305869 -5.931853865788345e-16
vn -0.8660253998985324 0.5000000067305869 -1.186370773157669e-15
vn -0.8660253998985324 0.5000000067305869 0
vn 0.027135560544320102 -0.4977553533653491 -0.8668928823967135
vn 0.059632218394307664 -0.4949163713193227 -0.8668920255311431
vn 0.03254501857961975 -0.49740781827531194 -0.8669061564461557
vn 0.09187317429059941 -0.48995425174447027 -0.8668933908176284
vn 0.0650070694073075 -0.4942132325081092 -0.866906777999203
vn 0.0325453275477785 -0.4974063544320741 -0.8669069847598425
vn 0.0325463529022055 -0.49740905038992106 -0.8669053993965904
vn 0.03254672148091422 -0.49740654355565217 -0.8669068239141177
vn 0.09719143329035655 -0.48890437034748957 -0.8669061898210734
vn 0.06500805122385292 -0.49421450138723383 -0.8669059810006184
vn 0.06500866897080741 -0.4942150626805082 -0.8669056146884421
vn 0.06500893831809788 -0.4942132234996608 -0.8669066429880602
vn 0.12372167676156194 -0.48289800735066707 -0.8668924161601962
vn 0.1550391925426741 -0.47377121844746567 -0.8668931199095533
vn 0.12895922646726715 -0.48150129186238816 -0.8669060063489095
vn 0.09719205747561602 -0.48890427257249197 -0.8669061749832093
vn 0.12895908678797716 -0.48149957233739343 -0.8669069821922755
vn 0.0971922795240862 -0.48890414597397475 -0.8669062214855597
vn 0.09719279415999738 -0.4889036122779464 -0.8669064647728426
vn 0.12896059308840194 -0.4815015142793155 -0.8669056795159517
vn 0.16017421949716354 -0.47203495714453403 -0.866906695464992
vn 0.16017533410723617 -0.4720358126386509 -0.8669060237016487
vn 0.12896056634729178 -0.48149976737195405 -0.8669066537685243
vn 0.1601759764875859 -0.47203590685048175 -0.866905853711977
vn 0.032547261048214315 -0.4974069516217432 -0.8669065695198209
vn 0.03254801387617497 -0.4974082380017153 -0.8669058031647644
vn 0.03254850185469793 -0.49740820767211374 -0.8669058022457977
vn 0.06500962282115683 -0.4942135739027706 -0.8669063918964385
vn 0.06501021329336974 -0.4942141842134441 -0.8669059996849661
vn 0.06501045663200566 -0.4942134795227955 -0.8669063831732174
vn 0.0325487812864297 -0.49740683729956964 -0.8669065780373382
vn 0.06501106882759503 -0.49421336980075536 -0.8669063998149256
vn 0.032549231362227676 -0.4974063202024634 -0.8669068578344348
vn 0.06501159842412658 -0.4942128677628102 -0.866906646305125
vn 0.032549928604391994 -0.4974077004751716 -0.866906039692798
vn 0.032550216622991006 -0.49740721173380653 -0.8669063093051039
vn 0.06501212762855346 -0.49421352503464167 -0.8669062319155643
vn 0.0650124999799807 -0.49421295744038984 -0.8669065275705199
vn 0.09719348502933689 -0.48890392986873715 -0.8669062082063764
vn 0.09719371170624477 -0.48890320070356186 -0.8669065940149354
vn 0.12896080597915155 -0.4814994738787274 -0.8669067811337713
vn 0.0971946797736605 -0.48890439024078153 -0.866905814622895
vn 0.12896184986917392 -0.4815005795841557 -0.866906011709714
vn 0.1601754299308625 -0.47203341756036044 -0.8669073101276455
vn 0.16017672786695483 -0.47203482279326975 -0.866906305156654
vn 0.1289623866422313 -0.48150043180927116 -0.8669060139363581
vn 0.0971948581697382 -0.48890298742973887 -0.8669065857562976
vn 0.16017741384696998 -0.47203524157761234 -0.8669059503787373
vn 0.1601779645642327 -0.4720350609197252 -0.8669059469922736
vn 0.1289629039487896 -0.4815002371867548 -0.866906045078816
vn 0.09719572784222104 -0.4889036923966741 -0.8669060906754082
vn 0.097195878907281 -0.48890236162119816 -0.8669068242462142
vn 0.12896332089791454 -0.48149969968689194 -0.8669062815924304
vn 0.16017855883795692 -0.47203487688165696 -0.8669059373980054
vn 0.1289629354392934 -0.48149774009469637 -0.8669074273338422
vn 0.09719658596662847 -0.4889038181835303 -0.8669059235245756
vn 0.1289645886619172 -0.48150095573520446 -0.8669053953560026
vn 0.16017795745791424 -0.4720325067804747 -0.8669073390433096
vn 0.16017906283549005 -0.4720335279915322 -0.8669065787505662
vn 0.18569317806197763 -0.4626160648271441 -0.866893546051123
vn 0.2155520904112645 -0.4494808291473676 -0.8668934655125328
vn 0.19070407403435205 -0.4605485415639411 -0.8669065676357673
vn 0.24448830830565793 -0.4344211421242003 -0.8668931528033562
vn 0.22041703436258597 -0.44708984432319077 -0.8669065705517911
vn 0.19070484007384655 -0.46054918209649803 -0.8669060588337443
vn 0.2204178698315349 -0.4470902337897321 -0.8669061572677699
vn 0.2204183190012635 -0.44708988049222853 -0.8669062252689747
vn 0.19070522834934067 -0.46054867749838474 -0.8669062414902284
vn 0.27237817523335184 -0.4175017457421864 -0.8668923935291947
vn 0.24918652627521837 -0.4317170304725889 -0.8669062698601386
vn 0.299100633426118 -0.3987930363597964 -0.8668926838052269
vn 0.27688863221786814 -0.4144951305583973 -0.8669062648821354
vn 0.2491868313384394 -0.43171656583225426 -0.866906413561183
vn 0.24918760002141435 -0.4317167637461599 -0.8669060940471638
vn 0.22041848662763322 -0.44708884494346995 -0.866906716711722
vn 0.24918807164358683 -0.4317161844809476 -0.8669062469539385
vn 0.2768886696621824 -0.4144943075332313 -0.8669066464361972
vn 0.2768901925167097 -0.41449526560276323 -0.866905701954344
vn 0.3034045116329025 -0.39549774141592736 -0.8669067071234944
vn 0.3034057042724115 -0.3954981295586387 -0.8669061126388371
vn 0.3034063253205494 -0.3954979444869498 -0.8669059797129551
vn 0.2768897161136499 -0.41449383574110754 -0.8669065377785118
vn 0.30340556048703166 -0.39549637803412485 -0.8669069620365492
vn 0.19070538845743612 -0.4605472974033501 -0.8669069394506936
vn 0.2204195373329629 -0.4470893070200202 -0.8669062112537206
vn 0.24918835741849557 -0.4317157460283569 -0.8669063831569422
vn 0.24918868407266317 -0.4317154459757593 -0.8669064386864859
vn 0.2204202367542725 -0.4470896627549143 -0.866905849955396
vn 0.27689007306017593 -0.4144934770932815 -0.8669065952499448
vn 0.30340691822515775 -0.395496986717198 -0.8669062091545595
vn 0.2768912311669755 -0.4144939774698204 -0.8669059861046552
vn 0.24918979259500726 -0.43171608193603483 -0.8669058033398185
vn 0.2768915605959549 -0.41449362224221675 -0.8669060507294104
vn 0.2491894027476492 -0.43171440881830553 -0.8669067486050221
vn 0.30340760686485624 -0.39549696106826787 -0.8669059798399743
vn 0.3034077346420682 -0.39549628678326865 -0.8669062427390952
vn 0.2768913233112386 -0.41449240204433074 -0.8669067099304698
vn 0.24919002836214935 -0.43171440841245656 -0.8669065689761233
vn 0.27689245732079687 -0.41449288115879274 -0.8669061186469579
vn 0.2768922735279258 -0.41449203924057176 -0.8669065798958551
vn 0.2491909638099656 -0.4317149688955615 -0.8669060209659205
vn 0.19070624265386904 -0.46054802432393976 -0.8669063653614268
vn 0.19070721884639263 -0.46054869218652955 -0.8669057958077979
vn 0.1907078795983619 -0.4605488237141715 -0.8669055805764488
vn 0.22042019637256566 -0.447088956265259 -0.8669062245806758
vn 0.19070754799189907 -0.4605470860487789 -0.8669065766683838
vn 0.16017994444998354 -0.47203484650180016 -0.8669056979187655
vn 0.190707668409064 -0.46054601608212004 -0.866907118600872
vn 0.19070859116793382 -0.46054687766136 -0.8669064578898431
vn 0.22042054150265494 -0.44708830548904915 -0.866906472451675
vn 0.220420584321613 -0.4470872585853015 -0.8669070014817037
vn 0.2204219588923605 -0.44708851771447505 -0.8669060026126983
vn 0.1907091421671034 -0.46054687683113393 -0.8669063371177856
vn 0.22042218751856926 -0.4470879018058956 -0.8669062621231493
vn 0.24919091395724266 -0.4317140917207593 -0.8669064721242274
vn 0.27689310996330946 -0.4144923402133051 -0.8669061688322124
vn 0 0 1
vn 0 0 1
vn 0 0 1
vn 0 0 1
vn 0 0 1
vn 0 0 1
vn 0 0 1
vn 0 0 1
vn 0 0 1
vn 0 0 1
vn 0 0 1
vn 0 0 1
vn 0 0 1
vn 0 0 1
vn 0.032550695476857634 -0.4974071558224414 -0.8669063234055928
vn 0.03255129206357183 -0.4974076111131593 -0.8669060397711462
vn 0.03255150919749626 -0.49740619690744187 -0.8669068430500709
vn 0.06501338439031851 -0.4942142519522031 -0.8669057232579799
vn 0.06501346085696397 -0.4942126277302445 -0.8669066434740057
vn 0.06501400532313381 -0.4942125426849866 -0.8669066511249545
vn 0.03255194411208067 -0.4974062122791042 -0.8669068178995241
vn 0.03255262569671997 -0.4974083558538782 -0.8669055623809269
vn 0.03255336319804503 -0.49740903968537364 -0.8669051423216789
vn 0.03255327064728753 -0.49740538288491304 -0.8669072439697788
vn 0.06501454141262723 -0.4942124804021975 -0.8669066464271763
vn 0.06501542833481233 -0.49421528412445787 -0.8669049815384741
vn 0.06501532981411284 -0.4942132449240964 -0.8669061514551372
vn 0.06501571099726157 -0.4942123302007779 -0.8669066443401146
vn 0.09719714656214289 -0.48890367823587744 -0.8669059395964517
vn 0.09719747282440568 -0.4889026868958961 -0.866906462095261
vn 0.09719800844686426 -0.48890259336766173 -0.8669064547875612
vn 0.12896464577421382 -0.4814995755229905 -0.8669061534627099
vn 0.12896534929343423 -0.48149988536163785 -0.8669058767123174
vn 0.1289653642961252 -0.4814984850315375 -0.8669066522551908
vn 0.09719851077451477 -0.4889025495507672 -0.8669064231772516
vn 0.09719880054312025 -0.48890335016920206 -0.8669059391688982
vn 0.09719930806099147 -0.4889032353780981 -0.8669059470030717
vn 0.09719960196987476 -0.48890229081141245 -0.8669064467497349
vn 0.12896582595165673 -0.4814983647751005 -0.8669066503698717
vn 0.12896649239634958 -0.48149909449748074 -0.8669061459218573
vn 0.12896698447838895 -0.4814996024202744 -0.866905790604532
vn 0.12896674888114912 -0.48149737777959367 -0.8669070612668938
vn 0 0 1
vn 0 0 1
vn 0 0 1
vn 0 0 1
vn 0 0 1
vn 0 0 1
vn 0 0 1
vn 0 0 1
vn 0 0 1
vn 0 0 1
vn 0 0 1
vn 0 0 1
vn 0 0 1
vn 0 0 1
vn 0 0 1
vn 0 0 1
vn 0 0 1
vn 0 0 1
vn 0 0 1
vn 0 0 1
vn 0 0 1
vn 0 0 1
vn 0 0 1
vn 0 0 1
vn 0 0 1
vn 0 0 1
vn 0 0 1
vn 0 0 1
vn 0 0 1
vn 0 0 1
vn 0 0 1
vn 0.03255388505482719 -0.49740680934178205 -0.8669064024381556
vn 0.03255427232261779 -0.49740668765114077 -0.86690645771817
vn 0.03255478309787562 -0.4974068429346682 -0.8669063494399015
vn 0.06501620257216428 -0.4942122693539361 -0.8669066421611544
vn 0.0650166626027919 -0.49421288071937386 -0.8669062591278556
vn 0.06501694832695602 -0.494212364056967 -0.866906532241783
vn 0.032555185002825705 -0.49740683641968775 -0.866906338085257
vn 0 0 1
vn 0 0 1
vn 0 0 1
vn 0 0 1
vn 0 0 1
vn 0 0 1
vn 0 0 1
vn 0 0 1
vn 0 0 1
vn 0 0 1
vn 0 0 1
vn 0 0 1
vn 0 0 1
vn 0 0 1
vn 0 0 1
vn 0 0 1
vn 0 0 1
vn 0 0 1
vn 0 0 1
vn 0 0 1
vn 0 0 1
vn 0 0 1
vn 0 0 1
vn 0 0 1
vn 0 0 1
vn 0 0 1
vn 0 0 1
vn 0.04934886777784181 -0.7534521718642125 -0.6556481632416477
vn 0 0 1
vn 0 0 1
vn 0 0 1
vn 0 0 1
vn 0 0 1
vn 0 0 1
vn 0 0 1
vn 0.005963548969382828 -0.0417703871010485 0.9991094388729986
vn 0.06540326595332203 -0.9978589142772835 0
vn 0 0 1
vn 0 0 1
vn 0 0 1
vn 0.07321776498486281 -0.9569622342003283 0.28082457371985353
vn 0.06501742655526417 -0.49421300048017086 -0.8669061335580209
vn 0.09852138099720932 -0.7486118627214615 -0.655647631337982
vn 0 0 1
vn 0.13052627760322993 -0.991444850132898 0
vn 0.09719970914745597 -0.48890158998866556 -0.866906829969752
vn 0.09720056509540437 -0.4889028075138316 -0.8669060473605127
vn 0.0972004001336498 -0.48890095449365045 -0.8669071108885057
vn 0.12896764253624762 -0.481498538522362 -0.8669062836197878
vn 0.1289680602316925 -0.48149842104141655 -0.8669062867315575
vn 0.12896820859931296 -0.4814973159511706 -0.8669068784491807
vn 0.09720128960238474 -0.4889028463731203 -0.8669059442107285
vn 0.14727191406620355 -0.7405657061370954 -0.6556473276243425
vn 0.0024816582536455116 -0.005811085945908509 0.9999800361269426
vn 0.19509023190445116 -0.980785298327553 0
vn 0.19749985489809804 -0.9392186930141744 0.2808238843260599
vn 0.12896914918483993 -0.4814990810545856 -0.8669057581433685
vn 0.19539209878641117 -0.7293481110665206 -0.6556472074336469
vn 0 0 1
vn 0 0 1
vn 0 0 1
vn 0 0 1
vn 0 0 1
vn 0 0 1
vn 0 0 1
vn 0.08730650602530997 -0.31216659817833625 0.9460071823128076
vn 0.2588191305443268 -0.9659258033950012 0
vn 0.16018002995985992 -0.4720340899594042 -0.8669060940599365
vn 0.1601807937771524 -0.47203433974730435 -0.8669058169168365
vn 0.19071012436384402 -0.4605478274146239 -0.866905616044098
vn 0.1907100979556837 -0.46054691173922474 -0.8669061083100039
vn 0.22042268366008946 -0.44708797034167036 -0.8669061006267343
vn 0.1601807753151352 -0.4720329583470587 -0.8669065725056916
vn 0.19071034775942378 -0.4605462773996657 -0.8669063903506478
vn 0.16018126795669596 -0.47203278219487627 -0.8669065773940983
vn 0.220423160467007 -0.4470878510710505 -0.8669060409031686
vn 0.22042299449058547 -0.4470864461761843 -0.8669068076473694
vn 0.19071010057390064 -0.460544980910986 -0.8669071334905443
vn 0.19071121600695226 -0.46054610819745284 -0.8669062892339228
vn 0.1601815558613088 -0.4720328558930391 -0.866906484068098
vn 0.16018214419774968 -0.4720332802075856 -0.8669061443182176
vn 0.16018280404311977 -0.4720329051373127 -0.8669062266222987
vn 0.1907125698087977 -0.4605474737823112 -0.8669052659372047
vn 0.19071245247254934 -0.4605460477939982 -0.8669060493117082
vn 0.2491920784343139 -0.43171484056682374 -0.8669057644749794
vn 0.2491921372339725 -0.43171409411414663 -0.8669061193024115
vn 0.24919145924680144 -0.43171226329183326 -0.866907225925527
vn 0.22042324502977623 -0.44708611271084236 -0.8669069159209951
vn 0.27689382823640013 -0.4144924639393779 -0.8669058802557832
vn 0.27689346720032304 -0.41449135615157706 -0.8669065252363776
vn 0.27689374034226066 -0.4144907674715781 -0.8669067194572292
vn 0.2491929088120706 -0.43171355198593225 -0.866906167488425
vn 0.2204250114145355 -0.44708818539436335 -0.8669053978512749
vn 0.2204252932450676 -0.4470878251468807 -0.8669055119811261
vn 0.22042436340303176 -0.447085786479948 -0.8669067998037474
vn 0.24919341310421175 -0.43171387574484116 -0.8669058612991619
vn 0.27689436517607857 -0.4144908553592186 -0.8669064778609743
vn 0.2768946540313688 -0.41449072242620466 -0.8669064491578383
vn 0.24919319664092812 -0.43171299389605866 -0.8669063626766027
vn 0.2491939028520156 -0.4317128888197727 -0.8669062120023521
vn 0.2768962325448452 -0.4144917937985262 -0.8669054327180971
vn 0.0007207176613631826 -0.0005406339248661016 0.9999995941404235
vn 0 0 1
vn 0 0 1
vn 0 0 1
vn 0 0 1
vn 0 0 1
vn 0 0 1
vn 0 0 1
vn 0 0 1
vn 0 0 1
vn 0 0 1
vn 0 0 1
vn 0 0 1
vn 0 0 1
vn 0 0 1
vn 0.16018327765890847 -0.4720327764351954 -0.8669062091883585
vn 0.1601832965978249 -0.47203207307802897 -0.8669065886684169
vn 0.1601835173267489 -0.4720315880236811 -0.866906811995772
vn 0.19071218307524196 -0.46054482305791333 -0.8669067592199468
vn 0.19071250032370282 -0.4605446546860349 -0.866906778875562
vn 0.19071338635686547 -0.460545141918481 -0.8669063251122253
vn 0.16018456094477276 -0.4720331989307772 -0.866905742017036
vn 0 0 1
vn 0 0 1
vn 0 0 1
vn 0 0 1
vn 0.24267551501436876 -0.7150074302038577 -0.6556469851724983
vn 0.32143968483706875 -0.9469300549733575 0
vn 0.31840306785648625 -0.9054044560500081 0.28082424636125464
vn 0.19071419685892058 -0.4605459904846833 -0.8669056960044379
vn 0.2889195695345646 -0.6976048981940264 -0.6556469235462513
vn 0.3826833905500394 -0.9238795498316468 0
vn 0.22042506941431694 -0.44708585755807095 -0.8669065836324338
vn 0.24919428856325915 -0.43171243880699295 -0.8669063252317227
vn 0.22042593287824025 -0.4470863625679752 -0.8669061036355059
vn 0.24919393344089927 -0.4317115490779512 -0.86690687038976
vn 0.2768961174683663 -0.41449084631070554 -0.8669059224942345
vn 0.22042575974424047 -0.4470854800188112 -0.8669066028111236
vn 0.24919481624275214 -0.4317122110235608 -0.8669062869831374
vn 0.22042672395216434 -0.4470864248344967 -0.8669058703783384
vn 0.24919574412617904 -0.4317127246125424 -0.8669057644963579
vn 0.37750274428641545 -0.6539236987324284 -0.6556488955930037
vn 0.3339255707782892 -0.6772136006204486 -0.6556488788330848
vn 0.165127276753391 -0.27893459692026445 0.946006592531436
vn 0.02604980369188501 -0.03319246662519832 0.999109437392596
vn 0.4422884015980324 -0.8968728838647412 0
vn 0.4338577481033317 -0.8560990871372464 0.28082344527029673
vn 0.5000002818671057 -0.866025241048328 0
vn 0.45842406472788955 -0.19581414895465774 -0.8668934167171435
vn 0.44703952021206417 -0.22051875561209283 -0.8669066534476834
vn 0.4446358476430815 -0.22537735579654822 -0.866893309747442
vn 0.41141560254661463 -0.28148674678193136 -0.8668923885738822
vn 0.428944450395785 -0.2539759347571833 -0.8668926594676373
vn 0.41443208532368003 -0.27698287817198036 -0.8669062993506461
vn 0.39212344168315594 -0.3077911520669959 -0.8668931959542813
vn 0.3954292191214473 -0.30349504590432225 -0.8669062750819927
vn 0.4316598204470726 -0.24928450743308753 -0.866906588834947
vn 0.4605048946297891 -0.19080879007232598 -0.8669067121975363
vn 0.4470404908755976 -0.22051852577414915 -0.8669062113678161
vn 0.4605061071382748 -0.19080865207251743 -0.8669060984804645
vn 0.4470410701419468 -0.22051818947110607 -0.8669059982020707
vn 0.3954296380419237 -0.30349465976966145 -0.8669062191779054
vn 0.4144321747032639 -0.27698237151418914 -0.8669064185026543
vn 0.39542985440762995 -0.3034941590779226 -0.8669062957717779
vn 0.4144329900224434 -0.2769822097066271 -0.8669060804303378
vn 0.3954299195301259 -0.3034933586501711 -0.8669065462872206
vn 0.4144330035743039 -0.2769813544965282 -0.8669063471965409
vn 0.43166034483592397 -0.24928409814114427 -0.8669064454196241
vn 0.4316616086540496 -0.24928410514078458 -0.866905814110366
vn 0.4316608919602986 -0.24928307613020892 -0.8669064668735029
vn 0.44704003217578064 -0.22051720851766138 -0.866906782981801
vn 0.3954305722733768 -0.30349320740677194 -0.8669063014937082
vn 0.43166115830675966 -0.24928262801288917 -0.8669064631090566
vn 0.4470410633485014 -0.22051708343408294 -0.8669062830513844
vn 0.4316619645012077 -0.24928246498469042 -0.8669061085573887
vn 0.41443302901384327 -0.2769807853365935 -0.8669065168844533
vn 0.4144341103542891 -0.27698079098860057 -0.8669059981325414
vn 0.3954311291570696 -0.30349305121102516 -0.8669061021588134
vn 0.4144340650119983 -0.27698021435858516 -0.8669062040448798
vn 0.39543146652396194 -0.3034925518945049 -0.8669061230763514
vn 0.4316620746127874 -0.2492819232890202 -0.8669062094957627
vn 0.4144340266634416 -0.2769795729136345 -0.8669064273219496
vn 0.3954315137630293 -0.3034918867528746 -0.8669063343858201
vn 0.43166224250222057 -0.24928129344088448 -0.8669063070126977
vn 0.4144341935140646 -0.2769790284763679 -0.8669065215065775
vn 0.4316618142252172 -0.24928066121401507 -0.8669067020645863
vn 0.41443493136049236 -0.2769789044473368 -0.8669062083982195
vn 0.4973989864823262 -0.03265825750767754 -0.8669069652868855
vn 0.49704017373456955 -0.03806673669381489 -0.8668921439552864
vn 0.49419978434560985 -0.06511971377355137 -0.8669059903073709
vn 0.49348539888553605 -0.07049322983997347 -0.8668926494287008
vn 0.4888822038124976 -0.09730271050611325 -0.8669062079161731
vn 0.4878171921377919 -0.10261786604977684 -0.8668932809880294
vn 0.48006287905382067 -0.13430296077152584 -0.8668923502272694
vn 0.471999070184718 -0.16028192340373207 -0.8669063287199845
vn 0.47024882813652097 -0.16541253372874623 -0.8668937266595399
vn 0.48147159554267227 -0.12906861235386238 -0.8669062209896995
vn 0.4941984778817497 -0.065119200321022 -0.8669067736549948
vn 0.4888816808748586 -0.09730193833347359 -0.8669065894901952
vn 0.4974004078455473 -0.03265760125592107 -0.8669061744821595
vn 0.49740106245165944 -0.03265717277892335 -0.8669058150330103
vn 0.49739933365947914 -0.032656617693760624 -0.8669068278632426
vn 0.4942012949895352 -0.0651187812289096 -0.8669051991780463
vn 0.49419888312763915 -0.06511799174753402 -0.8669066334191716
vn 0.4814713921354453 -0.12906810711076963 -0.8669064091826747
vn 0.4720000810165267 -0.16028155004371278 -0.8669058473882715
vn 0.4888831836420968 -0.09730156239086496 -0.8669057842166383
vn 0.48147154086578314 -0.12906755569240141 -0.8669064086762294
vn 0.47199930662863365 -0.1602809243553985 -0.8669063846978337
vn 0.4814719775496703 -0.12906685256307135 -0.8669062708297088
vn 0.4719985977300461 -0.16028004734564685 -0.8669069328155977
vn 0.4888821293583285 -0.09730072417714422 -0.8669064728496781
vn 0.4605064194390243 -0.19080804704072157 -0.8669060657533522
vn 0.46050519532069983 -0.19080695833481381 -0.8669069556380666
vn 0.49739982653306597 -0.032656076622883154 -0.8669065654524001
vn 0.4974012026737044 -0.032655443667157946 -0.866905799713933
vn 0.49419935835759626 -0.06511759665499643 -0.8669063921813112
vn 0.4941993955069858 -0.06511714313765737 -0.8669064050692669
vn 0.4974012114474888 -0.032654904076078135 -0.8669058150055013
vn 0.4973998986806002 -0.0326543973404363 -0.8669065873131093
vn 0.49420017953408746 -0.06511653339786824 -0.8669060039166416
vn 0.4941995716482314 -0.06511586873622026 -0.866906400380936
vn 0.48147117255330735 -0.1290662564271873 -0.8669068066707142
vn 0.4719998647770999 -0.1602797098312692 -0.8669063053564691
vn 0.488882063956304 -0.09730008227337913 -0.8669065817788084
vn 0.48888347458782344 -0.09729974152146599 -0.8669058245131318
vn 0.48147265825133 -0.12906597212079934 -0.8669060238554759
vn 0.4720005284858613 -0.16027958323803063 -0.8669059673956058
vn 0.4888822209456637 -0.09729916743972858 -0.8669065959252881
vn 0.48147275748975127 -0.12906548301795193 -0.8669060415573061
vn 0.48888365319308336 -0.09729884741024622 -0.866905824143097
vn 0.48147290158940553 -0.12906500486408345 -0.8669060327131844
vn 0.47200069912617976 -0.16027918825123622 -0.8669059475156011
vn 0.4973994427532089 -0.032653841688390854 -0.866906869837693
vn 0.49419919180179744 -0.06511540034887608 -0.8669066521026678
vn 0.4888819848922704 -0.0972981918843805 -0.8669068385379274
vn 0.4720003091673863 -0.16027842743335655 -0.8669063004992995
vn 0.4814719490350466 -0.12906414089696172 -0.8669066903807598
vn 0.4719994136402427 -0.16027753286875868 -0.8669069534735381
vn 0.488882823324994 -0.09729763388047409 -0.8669064283410546
vn 0.48147213905467484 -0.12906369686593755 -0.8669066509523462
vn 0.4720002180625217 -0.16027710065343256 -0.8669065954040616
vn 0.48147308364354807 -0.1290634858142362 -0.8669061577565655
vn 0.48888373910852934 -0.09729740875328378 -0.8669059371610971
vn 0.49740088842445446 -0.03265327271418956 -0.8669060617942501
vn 0.49740050045486467 -0.03265287779800163 -0.866906299272741
vn 0.4941992725593767 -0.06511498942730781 -0.8669066369302202
vn 0.4942009085444159 -0.06511454942898466 -0.8669057373478007
vn 0.46050604810980406 -0.19080689397424552 -0.8669065167976255
vn 0.4605077709351043 -0.19080684690513522 -0.8669056119800481
vn 0.44704155091373876 -0.220516716197003 -0.8669061250414196
vn 0.4605076332024812 -0.19080627043318416 -0.8669058120266743
vn 0.4470424119047081 -0.22051640165643438 -0.8669057610599433
vn 0.4605067716491356 -0.19080534768570204 -0.8669064727869027
vn 0.44704115974944614 -0.2205151944365857 -0.8669067138466888
vn 0.44704132379716127 -0.22051474011792188 -0.8669067448165386
vn 0.4605064360394785 -0.19080459940239541 -0.8669068157611342
vn 0.4605065955763238 -0.19080439514712214 -0.8669067759703145
vn 0.44704255559422973 -0.22051474500226548 -0.8669061083672013
vn 0.4720011622762596 -0.16027699313277843 -0.8669061011909972
vn 0.4605075097316762 -0.19080416760375432 -0.8669063404461688
vn 0.44704238581692973 -0.22051431732612548 -0.8669063047050126
vn 0.4316626589560293 -0.24928057773542958 -0.8669063054488073
vn 0.4316634298200029 -0.24928030720663485 -0.8669059993995871
vn 0.41443484780209794 -0.2769784315189521 -0.8669063994460723
vn 0.3245415653408939 -0.3783762713192576 -0.866893401560202
vn 0.3485936275966567 -0.35633996655541095 -0.8668934830959867
vn 0.32862177009671084 -0.37480759071475217 -0.8669065706067218
vn 0.3711530627035584 -0.3327776844196799 -0.8668935440975694
vn 0.35243255067398654 -0.35251268911926775 -0.8669060509855323
vn 0.37473329224301455 -0.32870759965841134 -0.8669061504058655
vn 0.32862336033442147 -0.37480819898167855 -0.866905704802214
vn 0.3524331089249605 -0.35251247250805595 -0.866905912114887
vn 0.3286227272330513 -0.37480673039600176 -0.8669065797395763
vn 0.37473338910449117 -0.3287071293601798 -0.8669062868603803
vn 0.37473383944190297 -0.3287065958153073 -0.8669062945005316
vn 0.3524326021920687 -0.35251122071709695 -0.866906627140818
vn 0.32862297201664165 -0.37480620121372404 -0.8669067157397543
vn 0.35243345338139814 -0.35251114803813616 -0.8669063106509822
vn 0.3747338427508135 -0.3287059430666907 -0.8669065405739227
vn 0.3286244581804763 -0.3748068523570917 -0.8669058708485932
vn 0.3524342749500993 -0.3525112841505844 -0.8669059213010969
vn 0.35243392002951246 -0.35251030338181877 -0.8669064644021807
vn 0.3286245810213348 -0.3748061710455873 -0.8669061188471898
vn 0.3747346359130753 -0.3287060521881233 -0.8669061563410387
vn 0.3747350982712897 -0.3287055887921502 -0.866906132185263
vn 0.3524341627606856 -0.352509741451212 -0.8669065942194547
vn 0.32862453698163624 -0.3748054693540376 -0.8669064389170869
vn 0.30340805815287525 -0.3954958043217817 -0.86690634962017
vn 0.3286248358569219 -0.3748052021049525 -0.8669064411648335
vn 0.3034082072092027 -0.3954952977405843 -0.8669065285618652
vn 0.3034086452770811 -0.39549501783119445 -0.866906502941251
vn 0.3034095395482401 -0.39549537572172194 -0.866906026679858
vn 0.32862562432514564 -0.37480497920645517 -0.8669062386434632
vn 0.3286256275203462 -0.3748042675948989 -0.8669065450955542
vn 0.352435266461891 -0.35250995108294964 -0.8669060602749484
vn 0.35243546828217925 -0.35250949725070774 -0.8669061627677902
vn 0.32862613268483215 -0.37480438512191755 -0.8669063027859427
vn 0.35243490194214 -0.35250830506188074 -0.8669068777875938
vn 0.35243587562500156 -0.352508563486988 -0.8669063768601419
vn 0.3747350895587353 -0.3287048658940356 -0.8669064100530061
vn 0.3747357708928907 -0.32870474307147507 -0.8669061621050034
vn 0.3747357449131336 -0.32870412057571835 -0.8669064093666295
vn 0.3954311968639964 -0.3034912096855022 -0.8669067159679512
vn 0.37473550354835683 -0.3287033133287213 -0.8669068197834643
vn 0.3954320496116663 -0.3034910220302905 -0.8669063926900795
vn 0.3747369591229124 -0.3287037264041705 -0.8669060339594624
vn 0.3954329433303813 -0.303491051563266 -0.8669059746881979
vn 0.4814745427420871 -0.12906326197106419 -0.8669053807081177
vn 0.4974004834054392 -0.03265234396225404 -0.8669063291623876
vn 0.4974010250735271 -0.03265176316005681 -0.866906040247929
vn 0.4941995783577233 -0.065114074030325 -0.8669065313597664
vn 0.49420010007244897 -0.06511363250569031 -0.8669062671075203
vn 0.4973996183490549 -0.032651315730353854 -0.8669068642289618
vn 0.49739964852222923 -0.032650838917548955 -0.8669068648753124
vn 0.4941994928005847 -0.0651130463574262 -0.8669066573222867
vn 0.4941995498353155 -0.06511267348979406 -0.8669066528142364
vn 0.48888382805628683 -0.0972969690776323 -0.8669059363468087
vn 0.48888301529532935 -0.0972964012218067 -0.8669064584284928
vn 0.4814724732958 -0.1290623723823231 -0.8669066625037968
vn 0.48888310176212196 -0.0972960132064738 -0.8669064532148624
vn 0.48888257244306416 -0.09729537387408826 -0.8669068234730614
vn 0.48147393054296683 -0.12906217784518445 -0.8669058821217932
vn 0.4814713905195797 -0.1290613266492472 -0.8669074195522143
vn 0.49740266342967526 -0.03265057846710338 -0.8669051448335214
vn 0.49420185146002016 -0.06511250302839924 -0.8669053535207085
vn 0.49420124165544627 -0.0651118977186999 -0.8669057466193685
vn 0.49740134975542755 -0.032650127551275075 -0.8669059155596784
vn 0.4974005018091749 -0.032649629433706584 -0.8669064208424245
vn 0.4941997312481188 -0.06511123587012536 -0.8669066573730715
vn 0.4888848290442884 -0.09729532005321889 -0.8669055569242123
vn 0.4814743783359028 -0.12906129887986983 -0.8669057642774655
vn 0.48888427740070917 -0.09729467475842393 -0.8669059404422368
vn 0.48888279914068217 -0.0972938888759262 -0.8669068622936205
vn 0.4814744489908189 -0.12906086171963613 -0.8669057901186105
vn 0.48147242070082313 -0.12906004169148913 -0.8669070386973916
vn 0.4720026233294475 -0.16027687417456593 -0.8669053276886411
vn 0.4605088256452706 -0.19080393109583757 -0.8669056934760486
vn 0.47200065456020657 -0.1602759198836093 -0.8669065760508451
vn 0.46050907395891655 -0.1908035179631617 -0.8669056524988071
vn 0.4470426059671647 -0.22051401029161288 -0.8669062692789784
vn 0.44704344311093697 -0.22051369868858942 -0.8669059168457649
vn 0.4605068057215781 -0.1908022500133857 -0.8669071364765308
vn 0.44704209925392596 -0.22051246053449006 -0.8669069247870084
vn 0.47200145559977175 -0.1602755312231298 -0.8669062117685166
vn 0.46050823019458365 -0.19080211340100547 -0.8669064098533141
vn 0.43166371239757406 -0.2492799257579429 -0.8669059683802269
vn 0.4316634451654998 -0.24927934518369893 -0.8669062683892866
vn 0.41443575531623134 -0.27697829149263115 -0.8669060103363502
vn 0.4144356597175525 -0.27697754229648003 -0.8669062954079171
vn 0.4144354763839733 -0.27697691342711966 -0.8669065839770598
vn 0.431662789652609 -0.24927840649036395 -0.8669068647132471
vn 0.4144350954296 -0.27697632170860675 -0.866906955150914
vn 0.43166339432005435 -0.24927812834678997 -0.866906643608186
vn 0.4470430038486775 -0.22051242102271035 -0.8669064683601422
vn 0.47200098938770707 -0.1602748642787907 -0.866906588911078
vn 0.4605084588684053 -0.1908019156483745 -0.8669063319041781
vn 0.43166509170830086 -0.24927851500077083 -0.8669056872344735
vn 0.41443679029032293 -0.27697679595824715 -0.86690599337792
vn 0.431664618139722 -0.24927786123721973 -0.8669061110312266
vn 0.4144377727428678 -0.27697682507614324 -0.8669055143985823
vn 0.4470441010014973 -0.22051258220617578 -0.8669058615839023
vn 0.44704452071101336 -0.22051218109665105 -0.8669057471780067
vn 0.4605098091932867 -0.19080209828257338 -0.8669055744011165
vn 0.44704405385716667 -0.22051141116069323 -0.8669061837701185
vn 0.46050923944442296 -0.19080133687124268 -0.8669060446406323
vn 0.4316645895098801 -0.2492772807690132 -0.8669062921998394
vn 0.4144369733562375 -0.2769759345325684 -0.8669061810860109
vn 0.4720006663494299 -0.16027447847418255 -0.8669068361222693
vn 0.4720032488142038 -0.16027471338259805 -0.8669053866247244
vn 0.4720013705402468 -0.16027380416468542 -0.8669065773811552
vn 0.4973991393368039 -0.03264921824918376 -0.8669072180658803
vn 0.4974019049135914 -0.03264871689478608 -0.8669056501566103
vn 0.49419980960739085 -0.06511089913845723 -0.8669066379936193
vn 0.4941998429194074 -0.06511056432473261 -0.8669066441501921
vn 0.49740007889657534 -0.03264842206679728 -0.8669067089659814
vn 0.49740075363110337 -0.032648134515881055 -0.8669063326564429
vn 0.49420081147997996 -0.06511000749242252 -0.8669061338212262
vn 0.4942008197351564 -0.06510965447634365 -0.86690615562878
vn 0.4814737845214529 -0.12905988386782496 -0.8669063047380685
vn 0.4888842513325276 -0.09729368457432772 -0.8669060662730335
vn 0.48888299414517894 -0.09729318429288884 -0.8669068313987353
vn 0.48147399280397785 -0.12905951124932843 -0.8669062445325213
vn 0.4888832905985174 -0.09729278164910819 -0.8669067094056571
vn 0.4888846955578926 -0.09729255897751983 -0.8669059420818802
vn 0.48147293279924125 -0.12905886596305605 -0.8669069293171137
vn 0.48147500169746094 -0.1290590034343069 -0.8669057597991685
vn 0.7534476965635756 -0.04941878742570527 -0.6556480397228494
vn 0.7486025154460605 -0.09859073240406788 -0.6556478790874414
vn 0.9978589142772835 -0.06540326595332203 -8.099224362841315e-20
vn 0.9583321128552601 -0.05231751827593214 0.28082456935214994
vn 0.991444850132898 -0.13052627760322993 0
vn 0.7405518618630261 -0.1473405158286053 -0.6556475518802508
vn 0.7293300565174373 -0.19545966216648603 -0.6556471529153732
vn 0.980785298327553 -0.19509023190445116 0
vn 0.9433048856698627 -0.17695726253818508 0.2808238236089651
vn 0.9659258033950012 -0.2588191305443268 0
vn 0.31399736420109736 -0.08047367789169829 0.9460072105651979
vn 0.44704325907884995 -0.22051059667316886 -0.8669068007963734
vn 0.4316644367682721 -0.24927674217321572 -0.8669065231275161
vn 0.4144365419939897 -0.27697518003135235 -0.866906628367014
vn 0.4316641468896877 -0.24927615083011087 -0.8669068375075384
vn 0.4470444244894482 -0.2205105535086937 -0.8669062108003308
vn 0.431665746161905 -0.24927635364088352 -0.8669059828528068
vn 0.44704451953136265 -0.2205103178696279 -0.866906221727592
vn 0.43166616058095225 -0.24927627751037365 -0.8669057983886546
vn 0.4470442074220249 -0.22050989348816202 -0.8669064906229811
vn 0.653888039345121 -0.37756329347781037 -0.6556495949968872
vn 0.03915606765870423 -0.01572064291935329 0.9991094353231328
vn 0.2824715438584264 -0.1590009665010728 0.9460066170814884
vn 0.47200148799125385 -0.16027347574209683 -0.8669065741517882
vn 0.47200226248548366 -0.16027313289106507 -0.8669062158514422
vn 0.4605082053453275 -0.1908005061277706 -0.8669067768053333
vn 0.46050894433682515 -0.19080039930610654 -0.8669064077571541
vn 0.4720013501472006 -0.16027248115635606 -0.86690683308139
vn 0.46050847691259295 -0.19079982206082188 -0.8669067831048519
vn 0.4605106186580953 -0.19080010351658347 -0.8669055834410109
vn 0.472003345156114 -0.1602727487841499 -0.8669056973850217
vn 0.6975783030661707 -0.2889842060262392 -0.6556467339647972
vn 0.7149847216975346 -0.24274176587074972 -0.6556472243829367
vn 0.9238795498316468 -0.3826833905500394 0
vn 0.9469300549733575 -0.32143968483706875 0
vn 0.9121370385066097 -0.29856953252405266 0.2808242461625425
vn 0.67718367434259 -0.333988838766898 -0.6556475629353076
vn 0.8968728838647412 -0.4422884015980324 0
vn 0.8653628451522347 -0.4150726901404562 0.28082344654532315
vn 0.866025241048328 -0.5000002818671057 0
vn 0.30340975124733754 -0.39549493270538905 -0.86690615469749
vn 0.30340984701616885 -0.3954941661376966 -0.8669064708979123
vn 0.3034103598281167 -0.3954939953695381 -0.8669063693246306
vn 0.3524371274355349 -0.3525090702395085 -0.8669056618824598
vn 0.32862705729372016 -0.3748045349739509 -0.8669058874972705
vn 0.3286272296308024 -0.37480387193590026 -0.8669061088301553
vn 0.3524368131235843 -0.3525081300815421 -0.8669061719596338
vn 0.32862690551804785 -0.3748028926937429 -0.866906655066181
vn 0.3034104106570085 -0.3954933580816153 -0.8669066422737068
vn 0.3286271113315521 -0.37480259147394357 -0.8669067072772569
vn 0.30341154834708567 -0.39549402051323884 -0.8669059418806044
vn 0.3286283664699894 -0.3748034000610164 -0.8669058818891288
vn 0.30341235291590624 -0.3954943184140739 -0.8669055243798027
vn 0.3286287125438474 -0.37480302925571674 -0.8669059110148642
vn 0.3034113082487362 -0.39549264741683304 -0.8669066523369255
vn 0.32862811796166713 -0.37480174942586886 -0.8669066897378752
vn 0.37473765247780677 -0.32870367373037196 -0.8669057542152893
vn 0.3747369933734388 -0.32870271702699266 -0.8669064018776814
vn 0.3747369370964992 -0.32870197488784475 -0.8669067075991309
vn 0.3524362430807023 -0.352506963991446 -0.8669068778713741
vn 0.3954328422654543 -0.3034905588493993 -0.8669061932799553
vn 0.39543283921948663 -0.30348990086054306 -0.8669064250208747
vn 0.3954329812903619 -0.30348941869645013 -0.8669065290140033
vn 0.395433478185852 -0.3034891727995029 -0.8669063884430157
vn 0.37473731784307096 -0.32870158159509955 -0.8669066921374302
vn 0.3524365933123815 -0.35250665857056485 -0.8669068596785805
vn 0.37473904572384176 -0.3287024452888637 -0.866905617741116
vn 0.3954341144619441 -0.3034893000116004 -0.8669060536748874
vn 0.39543447236666607 -0.30348900220085206 -0.866905994677178
vn 0.37473847549247646 -0.3287015477217933 -0.8669062045636033
vn 0.3747382231937745 -0.3287006378159311 -0.8669066586299663
vn 0.3954347293122559 -0.3034883975008169 -0.8669060891677536
vn 0.3524383865693394 -0.35250776637513237 -0.8669056801738099
vn 0.35243859579411696 -0.3525072603442987 -0.866905800879904
vn 0.35243752090939384 -0.35250570862203434 -0.8669068688412371
vn 0.3034119036097101 -0.3954925869186749 -0.8669064715644393
vn 0.32862877669620505 -0.37480184234952196 -0.8669063998486571
vn 0.3286293075193469 -0.37480168692983173 -0.8669062658176528
vn 0.30341201350499536 -0.3954920383362309 -0.8669066833711098
vn 0.3747392097933721 -0.3287009087761119 -0.8669061294126356
vn 0.3954343140035762 -0.3034875645123025 -0.866906570222485
vn 0.37473907658493216 -0.32870036005501824 -0.8669063950507999
vn 0.35243871681634237 -0.35250624887863063 -0.8669061629671154
vn 0.3524390111440803 -0.3525059769615431 -0.8669061538772065
vn 0.328629880533878 -0.3748016946514799 -0.8669060452590396
vn 0.35243907165498495 -0.35250547122850107 -0.8669063349202984
vn 0.32862964443826714 -0.3748009224404356 -0.8669064686194102
vn 0.3747394191266347 -0.3287001941492678 -0.866906309885253
vn 0.3524393398821349 -0.35250520301385535 -0.8669063349356755
vn 0.3954342909145753 -0.30348721203676704 -0.8669067041493205
vn 0.49782297021376654 -0.5677112341632629 -0.6556494832853667
vn 0.5338868019966582 -0.5339363930622 -0.6556499148307036
vn 0.6593458684883615 -0.751839760658698 0
vn 0.7071067811865476 -0.7071067811865476 0
vn 0.6406503348474125 -0.7146387132272012 0.28081783778255304
vn 0.3747401516937828 -0.32870006398366186 -0.8669060425707374
vn 0.5676647986523786 -0.49787506161009465 -0.6556501349025247
vn 0.751839760658698 -0.6593458684883615 0
vn 0.23169452570056157 -0.22669242927176733 0.946006442510439
vn 0.7284484428706407 -0.6249033742698819 0.28081780375441795
vn 0.27689541003831314 -0.41448939771130916 -0.8669068410646155
vn 0.276895964277581 -0.414489230729445 -0.8669067438750846
vn 0.2768967469296455 -0.41448977883471605 -0.8669062318274843
vn 0.3034131818297401 -0.39549267205043587 -0.8669059853561742
vn 0.27689788218965167 -0.4144904982395077 -0.8669055252494648
vn 0.30341338417268304 -0.39549242545473645 -0.8669060270368465
vn 0.41946341936219245 -0.627834191111423 -0.6556482809315088
vn 0.5555700015194128 -0.8314697669859799 0
vn 0.5418906258718412 -0.7921477028691046 0.2808141136613771
vn 0.45962565801477234 -0.5990539149382058 -0.6556513261572009
vn 0.6087612032766206 -0.7933535135015166 0
vn 0.41443665947627734 -0.27697464243537673 -0.8669067439638126
vn 0.41443747330207487 -0.2769748571754746 -0.8669062862937478
vn 0.3954354784431372 -0.3034875661616144 -0.8669060384919157
vn 0.3954353425324739 -0.3034869801698298 -0.8669063056314806
vn 0.41443857248212757 -0.2769749144370944 -0.8669057425184934
vn 0.5990117683757885 -0.4596820393433897 -0.6556503062246011
vn 0.6277960611474804 -0.41952157505786003 -0.6556475834384516
vn 0.7933535135015166 -0.6087612032766206 0
vn 0.8314697669859799 -0.5555700015194128 0
vn 0.8037837562876171 -0.5244760991324345 0.280813985704048
vn 0.4386444378423713 -0.8772888756847426 0.19482116350579196
vn 0 0 1
vn 0 -0.9981288180143444 0.061146239862215894
vn 0 -1 0
vn 0.8944271909999159 -0.4472135954999579 0
vn 0.3939035012344947 0 0.9191518001479444
vn 1 0 0
vn -0.365087474626096 0 0.9309732197389674
vn -0.3426848036270958 0 0.9394504379492612
vn -1 0 0
vn -1 0 0
vn 0.23845781644835481 -0.9538312657934193 0.18260280986229777
vn 0.3165583290762992 0 0.9485730463661833
vn 0 0 1
vn 0.7071067811865476 -0.7071067811865476 0
vn 0 -1 0
vn 0 -1 0
vn -0.3869734057219329 0 0.9220908758164611
vn 0 0 1
vn 0 0 1
vn 0 0 1
vn 0 0.9981287211662092 0.06114782075518051
vn -0.23278320438432948 0.9311331155605496 0.2807189000816795
vn 0 0 1
vn 0 1 0
vn 1 0 0
vn -0.7574107483325314 0.6529387094592836 0
vn -1 0 0
vn -1 0 0
vn -1 0 0
vn 0.4386456921557604 -0.8772879868467571 0.19482234185934114
vn 0.41779369433916363 0 0.90854192471808
vn 0 0 1
vn 0 0 1
vn 0 0 1
vn 0 0 1
vn 0.8944278943336171 -0.4472121888297901 0
vn 0 -1 0
vn 0 -1 0
vn 1 0 0
vn -0.05223422797287848 0 0.9986348609116734
vn -0.9847109784862845 0 0.17419612179547542
vn -1 0 0
vn -1 0 0
vn -1 0 0
vn -1 0 0
vn -1 0 0
vn -1 0 0
vn 0.3426848036270958 0 0.9394504379492612
vn 0 0 1
vn 0 0 1
vn 1 0 0
vn 1 0 0
vn 1 0 0
vn 0 0 1
vn -1 0 0
vn -1 0 0
vn -1 0 0
vn -1 0 0
vn -1 0 0
vn -1 0 0
vn 0.43864423499903904 -0.8772888276259505 0.19482183662206176
vn 0 0 1
vn 0 -0.9981287211662092 0.06114782075518051
vn 0.47055348222480814 0 0.8823714752677055
vn 0 0 1
vn 0.8944271194743308 -0.44721373855109947 0
vn 0 -1 0
vn 1 0 0
vn 0 0 1
vn -0.9888472908249575 0 0.14893298972404306
vn -1 0 0
vn -1 0 0
vn -1 0 0
vn -1 0 0
vn 0.6825342213598292 -0.6825344597784095 0.26133072511231115
vn 0.5317201504990282 0 0.8469201152135253
vn 0 0 1
vn 0 -1 0
vn 0.7071066619772459 -0.707106900395829 0
vn 1 0 0
vn 0 -1 0
vn -0.6104337398035387 0 0.79206732624788
vn 0 0 1
vn -1 0 0
vn -1 0 0
vn -1 0 0
vn -1 0 0
vn 0 0 1
vn 0 0 1
vn 0 0 1
vn -0.4934616450868324 0 0.8697675579303915
vn 0 -1 0
vn 0 -1 0
vn 0 -1 0
vn 0 -1 0
vn 0.9139133664055986 0 0.4059092986187751
vn 0.3968422333939483 0 0.9178868349610987
vn 0 0 1
vn 1 0 0
vn 1 0 0
vn -0.49014379986899387 0.8450764912431372 0.21355275553869965
vn 0 0.9981288180143444 0.061146239862215894
vn -0.9183239208809962 0.3958297314979683 0
vn 0 1 0
vn -1 0 0
vn 0.7706058722456258 0 0.6373120033865346
vn 0.7706058722456258 0 0.6373120033865346
vn -0.798037461837662 0 0.6026078405594323
vn 0 0 1
vn 1 0 0
vn -1 0 0
vn -1 0 0
vn -1 0 0
vn 1 0 0
vn -1 0 0
vn 0.9139133553499522 0 0.40590932351079606
vn 0.5975451513392399 0.6453489708705444 0.4758828615397846
vn 0 0 1
vn 0 0 1
vn 0 0 1
vn 0 -0.9981288180143444 0.061146239862215894
vn -0.22112496298309037 0.9552601023473886 0.1964227268138384
vn 1 0 0
vn 0 -1 0
vn 0 -1 0
vn 0.22551821615363082 0.9742389512757557 0
vn 0 -1 0
vn -0.6794079078868879 0.7337607884731661 0
vn -0.9995312118825413 0 0.030616277902745764
vn -1 0 0
vn 0.6370741750528954 0 0.7708025009564206
vn 1 0 0
vn 0.6370741750528954 0 0.7708025009564206
vn 1 0 0
vn 0 0 1
vn 0 0 1
vn -1 0 0
vn -1 0 0
vn -1 0 0
vn -1 0 0
vn -1 0 0
vn -1 0 0
vn 0.10037562003015993 0 0.9949496142536872
vn 1 0 0
vn 0.19685848057178937 0 0.9804319143249911
vn 1 0 0
vn 1 0 0
vn 1 0 0
vn 1 0 0
vn 1 0 0
vn 1 0 0
vn -0.2283702671718007 0 0.9735743531296829
vn 0 0 1
vn -0.43864563131602746 0.8772878651673008 0.19482302676419808
vn 0 0.9981286243110694 0.061149401721455464
vn 0 1 0
vn -0.8944278943336171 0.4472121888297901 0
vn -1 0 0
vn 0.4572362511682921 0 0.8893452707568453
vn 0.09795226325136955 0.995191114371473 0
vn 0.07790751014616107 0.7915372853018298 0.6061345938319604
vn 1 0 0
vn -0.24896887562346348 0 0.9685114862358568
vn -0.04827865340667698 0.9810184499444472 0.18780833978775363
vn -0.1931445195217464 0.981170318843122 0
vn -1 0 0
vn 0.38985044709330857 -0.9044532995169192 0.173149813439419
vn 0.9139133553499522 0 0.40590932351079606
vn -0.8074857097775701 -0.46834186306679026 0.3586401090287333
vn -0.9139133553499522 0 0.40590932351079606
vn 0.8650311147604487 -0.5017182182224356 0
vn -0.39582926437331173 -0.9183241222279215 0
vn -1 0 0
vn 1 0 0
vn 0.7706058722456258 0 0.6373120033865346
vn 0.5923098918524715 0.6396949883764503 0.4898564216786042
vn 0 0 1
vn -0.22169521425615651 0.9577237356665518 0.183347970037363
vn 1 0 0
vn -1 0 0
vn -1 0 0
vn -0.73189355928675 0.681418973814622 0
vn 0.22551818786700797 0.9742389578235828 0
vn -1 0 0
vn 0.38985044709330857 -0.9044532995169192 0.173149813439419
vn 0.9139133553499522 0 0.40590932351079606
vn -0.82830692267342 -0.4448309590679906 0.34063625718050167
vn 0 0 1
vn 0.8650311147604487 -0.5017182182224356 0
vn -0.4472144538066356 -0.8944267618460623 0
vn -1 0 0
vn -1 0 0
vn -1 0 0
vn 1 0 0
vn 0.38985044709330857 -0.9044532995169192 0.173149813439419
vn 0.9139133553499522 0 0.40590932351079606
vn -0.8074857097775701 -0.46834186306679026 0.3586401090287333
vn -0.9139133553499522 0 0.40590932351079606
vn 0.8650311147604487 -0.5017182182224356 0
vn -0.39582926437331173 -0.9183241222279215 0
vn -1 0 0
vn 1 0 0
vn 1 0 0
vn 1 0 0
vn 1 0 0
vn 0 0 1
vn 0 0 1
vn -0.7734746868765123 -0.3580904871296967 0.5229800300092707
vn 1 0 0
vn 1 0 0
vn 1 0 0
vn 0 -1 0
vn -0.5017175724012936 -0.8650314893365169 0
vn 0 -1 0
vn 0 0 1
vn 0.6600936171235864 0 0.7511833442194389
vn 0 0 1
vn -1 0 0
vn -1 0 0
vn -1 0 0
vn 1 0 0
vn 0.25356618273548304 -0.9443132543342418 0.20970614836391624
vn 0.812273504334333 0.35011705841725144 0.4665080916357972
vn -0.5870199763604609 -0.6339818200404327 0.5034626095471085
vn 0 0 1
vn 0 0 1
vn 0.7318947370666322 -0.6814177087911387 0
vn -0.22551818786700797 -0.9742389578235828 0
vn 0.5017190049820769 0.8650306584392223 0
vn 0 1 0
vn -0.9139133234180521 0 0.4059093954061314
vn -1 0 0
vn 0 1 0
vn 0.7706059257278556 0 0.6373119387184856
vn 0.710328404183661 0.3551643809057659 0.6076938544577503
vn 0 0 1
vn 0 0 1
vn 0 0 1
vn -0.5624381880167144 -0.5624385456445817 0.6060743906763284
vn 0 0 1
vn -0.6370741750528954 0 0.7708025009564206
vn 1 0 0
vn 0.44721340476508725 0.8944272863673257 0
vn 0 1 0
vn 0 -1 0
vn -0.24253549881473171 -0.9701425317007234 0
vn -1 0 0
vn 0 1 0
vn 0 -1 0
vn 0 0 1
vn 0 0 1
vn -0.7264269069457996 -0.33630892982200467 0.5993331732743786
vn 0 -1 0
vn -0.5017178025420145 -0.8650313558550419 0
vn 0 -1 0
vn 0.6370741750528954 0 0.7708025009564206
vn 0.5231029294000015 0 0.8522695144454817
vn 0 0 1
vn 1 0 0
vn 1 0 0
vn -1 0 0
vn -1 0 0
vn -1 0 0
vn 0.6370741750528954 0 0.7708025009564206
vn 0.5231028595321527 0 0.8522695573287156
vn 0 0 1
vn -0.7264280082497007 -0.33630957103588643 0.5993314786159916
vn 1 0 0
vn 0 0 1
vn 0 0 1
vn 0 -1 0
vn -0.5017189345126748 -0.8650306993115714 0
vn -1 0 0
vn -1 0 0
vn -1 0 0
vn 1 0 0
vn 0 -1 0
vn 0.661527698569362 0 0.7499207318280534
vn 0.4374113412386352 0 0.899261540685366
vn 0 0 1
vn 0 0 1
vn 0 0 1
vn 0 0 1
vn 1 0 0
vn -0.6175478801675838 -0.28590190896043455 0.7327309971287573
vn 0 0 1
vn 0 -1 0
vn -0.5017191200523209 -0.865030591698308 0
vn -1 0 0
vn -1 0 0
vn -1 0 0
vn 1 0 0
vn 0 -1 0
vn 0 0 1
vn 0.36549551361876587 0 0.9308131012854055
vn 0 0 1
vn 0 0 1
vn 1 0 0
vn 1 0 0
vn 0 0 1
vn 0 0 1
vn 0 -0.9981288180143444 0.061146239862215894
vn -0.9996091490554111 0 0.027956200112262353
vn 0 -1 0
vn 0 -1 0
vn -1 0 0
vn -1 0 0
vn -1 0 0
vn 1 0 0
vn 0 -1 0
vn -1 0 0
vn 0.39035115175042195 0 0.9206660514687826
vn 0.40967238141905854 0.20483538604682103 0.8889381331259714
vn 0 0 1
vn 1 0 0
vn 0.44721500216905713 0.8944264876639836 0
vn 0 1 0
vn 0 0 1
vn -0.3251032512872655 0 0.9456785267745319
vn 0 0 1
vn 0 0 1
vn -0.24896887562346348 0 0.9685114862358568
vn 0 -1 0
vn 0 -1 0
vn 0 -1 0
vn 0 1 0
vn 0 -1 0
vn -1 0 0
vn -1 0 0
vn 0.24896890357847437 0 0.9685114790496457
vn 1 0 0
vn 0.4147067422823949 0.20735256647848235 0.8860153672935419
vn 0.44721500216905713 0.8944264876639836 0
vn 0 1 0
vn 0 0 1
vn 0 0 1
vn -0.27419903899955034 0 0.9616729626082471
vn 0 1 0
vn -1 0 0
vn -1 0 0
vn -1 0 0
vn -1 0 0
vn 0.3148905406641496 0 0.9491279931601635
vn 0.877798162033299 0.43889747169120025 0.19193591658164044
vn 0 0 1
vn 0 0 1
vn 0 0 1
vn 0 0 1
vn 0 0 1
vn -0.3035555477916805 0 0.9528137432913595
vn 1 0 0
vn 0.4472149068016781 0.8944265353478543 0
vn 0 1 0
vn 0 1 0
vn -1 0 0
vn -1 0 0
vn -1 0 0
vn -1 0 0
vn 0.34268482992964533 0 0.9394504283548388
vn 0.4438916489701477 0.4438897714238183 0.7784099657634614
vn 0 0 1
vn 0 0 1
vn 1 0 0
vn 0.24253659273516393 0.9701422582201115 0
vn 0 1 0
vn 0 1 0
vn -0.4516020628596164 0 0.8922194667350287
vn -1 0 0
vn -1 0 0
vn -1 0 0
vn -1 0 0
vn 0.6370741750528954 0 0.7708025009564206
vn 0.52310281623752 0 0.8522695839019337
vn 0 0 1
vn 1 0 0
vn 1 0 0
vn -0.7264279155426242 -0.33630973231705347 0.5993315004813529
vn 0 0 1
vn 0 0 1
vn 0 -1 0
vn -0.5017187043721475 -0.8650308327933366 0
vn -1 0 0
vn -1 0 0
vn -1 0 0
vn 0 -1 0
vn 0.26526948273805373 0 0.9641743107591518
vn 0.5393216600092121 0 0.8420998438694237
vn 0 0 1
vn 1 0 0
vn 1 0 0
vn 1 0 0
vn 1 0 0
vn 1 0 0
vn 1 0 0
vn 1 0 0
vn -0.531720038151907 0 0.8469201857481817
vn -1 0 0
vn -1 0 0
vn -1 0 0
vn -1 0 0
vn 0.5317201504990282 0 0.8469201152135253
vn 1 0 0
vn 0.5317201504990282 0 0.8469201152135253
vn 1 0 0
vn 0 0 1
vn 0 0 1
vn -1 0 0
vn -1 0 0
vn -1 0 0
vn -1 0 0
vn -1 0 0
vn -1 0 0
vn 0.5317201773404601 0 0.8469200983617226
vn 1 0 0
vn 0.670277168364381 0.3351399550890001 0.6621251604284268
vn 0.4472121173041982 0.894427930096269 0
vn 0 1 0
vn 0 1 0
vn 0 0 1
vn 0 0 1
vn 0 0 1
vn 0 0 1
vn -1 0 0
vn -1 0 0
vn -1 0 0
vn -1 0 0
vn -1 0 0
vn -1 0 0
vn 0.4386458113649576 -0.8772879272419267 0.19482234185929995
vn 0 0 1
vn 0 0 1
vn 0 -0.9981287213935762 0.06114781704381924
vn -0.29571157870156195 0 0.9552772698132359
vn 0 0 1
vn -0.25963818371404074 0 0.9657059664088619
vn 0 0 1
vn 0.8944279420171677 -0.447212093462301 0
vn 1 0 0
vn 0 -1 0
vn 0 0 1
vn 0 0 1
vn 0 1 0
vn 0 1 0
vn 0 1 0
vn -1 0 0
vn 1 0 0
vn 0 1 0
vn -1 0 0
vn 0.06507728098125391 -0.9319070361805774 0.356811187348742
vn 0.26903105230655305 -0.9631315034276622 0
vn 0.5893706617421369 0 0.8078627501485852
vn -0.17942590766789235 0 0.9837714895531142
vn -0.25241511826527363 -0.9036465203566101 0.3459907142085154
vn 0 0 1
vn 0 0 1
vn 0 0 1
vn -0.06966272928713849 -0.9975706010845884 0
vn 1 0 0
vn -1 0 0
vn 0.3426848036270958 0 0.9394504379492612
vn 0.3426848036270958 0 0.9394504379492612
vn -0.00495004015386475 0 0.9999877484761877
vn 1 0 0
vn 1 0 0
vn -1 0 0
vn -1 0 0
vn -1 0 0
vn 0 0 1
vn 0 0 1
vn -0.29296431663881745 0 0.9561233754993916
vn 0 0 1
vn -1 0 0
vn -1 0 0
vn -1 0 0
vn 0.3426848036270958 0 0.9394504379492612
vn 0.5251430335204514 0.2263550040091926 0.8203585840990125
vn 0 0 1
vn 0 0 1
vn 0 0 1
vn 1 0 0
vn 0.5017176874716595 0.8650314225957866 0
vn 0 1 0
vn 0 1 0
vn 0 1 0
vn 0 1 0
vn 0 1 0
vn 0 1 0
vn 0 0 1
vn 0 0 1
vn 0 0 1
vn 0 0 1
vn -1 0 0
vn -1 0 0
vn -1 0 0
vn -1 0 0
vn 0.4407980920772322 -0.8815964821776804 0.16877406386353014
vn 0 0 1
vn 0 0 1
vn 0 0 1
vn 0 0 1
vn 0.8944271313952624 -0.4472137147092449 0
vn 1 0 0
vn 0 -1 0
vn 0 -1 0
vn 1 0 0
vn 0 0 1
vn 0 0 1
vn 0 0 1
vn -1 0 0
vn -1 0 0
vn -1 0 0
vn -1 0 0
vn 0.36425118019752023 -0.7285025988136284 0.5801767327689926
vn 0.8944271313952624 -0.4472137147092449 0
vn 0.8556168337919077 0 0.5176097311024118
vn 1 0 0
vn -0.38192624659968966 0 0.9241928057273943
vn 0 0 1
vn 0 0 1
vn -0.8815963314563751 -0.4407983743444453 0.16877411394510633
vn 0 -1 0
vn 0 -1 0
vn 0 -1 0
vn -0.4472134524488011 -0.8944272625254799 0
vn -1 0 0
vn 0 -1 0
vn 0.34914645691555785 0 0.9370681680770682
vn 0.9870274082594459 0 0.16055184628225602
vn 0 0 1
vn 0 0 1
vn 0 0 1
vn 0 0 1
vn 1 0 0
vn 1 0 0
vn 0 0 1
vn 0 0 1
vn -1 0 0
vn -1 0 0
vn -1 0 0
vn -1 0 0
vn 0.7706059257278556 0 0.6373119387184856
vn 0.741241395824109 0.3195010127148387 0.5903221967628517
vn 0 0 1
vn -0.8971814060200897 0 0.4416622291885679
vn -0.7125883072153373 0 0.7015824288135929
vn 0 0 1
vn 0 0 1
vn 1 0 0
vn 0.5017176170022245 0.8650314634680112 0
vn 0 1 0
vn -1 0 0
vn 0 1 0
vn -1 0 0
vn 0.6370741750528954 0 0.7708025009564206
vn 1 0 0
vn 1 0 0
vn 1 0 0
vn 0 0 1
vn 0 0 1
vn 0 0 1
vn 0 0 1
vn -0.5702975826742487 0 0.8214381700383229
vn 0 0 1
vn -0.8114636405100326 0 0.5844029090706212
vn 0 0 1
vn 0 1 0
vn 0 1 0
vn 0 1 0
vn -1 0 0
vn 0 1 0
vn -1 0 0
vn 0.3933274989910869 -0.786651958145332 0.47589092792732585
vn 0.8944278943336171 -0.4472121888297901 0
vn 0.9241080756319194 0 0.3821312137890212
vn 1 0 0
vn -0.468734783277611 0 0.8833389513350417
vn 0 0 1
vn 0 0 1
vn 0 0 1
vn 0 -1 0
vn 0 -1 0
vn -1 0 0
vn -1 0 0
vn -1 0 0
vn 0.4927087360890199 -0.8494994527771834 0.18864989030695542
vn 0.1422287062605297 0 0.9898338219698578
vn 0 0 1
vn 0.9022657869973228 -0.43118029826755955 0
vn 1 0 0
vn 1 0 0
vn 0 -1 0
vn 0 -1 0
vn 1 0 0
vn 1 0 0
vn 1 0 0
vn 1 0 0
vn 0 0 1
vn 0 0 1
vn 0 0 1
vn 0 0 1
vn 0 0 1
vn 0 -1 0
vn 0 -1 0
vn 0 -1 0
vn 0 -1 0
vn -0.4407980920772322 0.8815964821776804 0.16877406386353014
vn 0 1 0
vn 0 1 0
vn -1 0 0
vn -0.8944271313952624 0.4472137147092449 0
vn -1 0 0
vn 0.4927104059903654 -0.8494983815682663 0.18865035261484572
vn 0.3104105554312505 0.1337972863262644 0.9411395078566142
vn 0 0 1
vn 0.918324481588642 -0.3958284306551917 0
vn 0 -1 0
vn 0 -1 0
vn 0.5017191200523209 0.865030591698308 0
vn 0 1 0
vn 0 1 0
vn 0 0 1
vn 0 0 1
vn 0 0 1
vn 0 0 1
vn -0.2384568514527485 0.9538316377408825 0.18260212715022683
vn 0 1 0
vn 0 1 0
vn -1 0 0
vn -0.7071052314640587 0.70710833090564 0
vn -1 0 0
vn 0.9160384996771866 0 0.40109034781351777
vn 0.08447550870597235 0 0.9964255558890825
vn 0 0 1
vn 1 0 0
vn -0.7775648424179483 -0.38878093109281875 0.4942087650519284
vn -0.7216216263305892 0 0.6922876774954148
vn 0 0 1
vn 1 0 0
vn 0 -1 0
vn -0.44721500216905713 -0.8944264876639836 0
vn -1 0 0
vn 1 0 0
vn 1 0 0
vn 1 0 0
vn 1 0 0
vn 0 -1 0
vn 1 0 0
vn 1 0 0
vn 0 0 1
vn 0.5802773421343037 0 0.8144189377743793
vn 0 0 1
vn 1 0 0
vn 0.5987977929258583 0.2993990454745398 0.7428333694416638
vn 0.44721340476508725 0.8944272863673257 0
vn 0 1 0
vn -0.5258876689580693 -0.5258878477720039 0.6684939275741985
vn 0 0 1
vn -0.580277313965813 0 0.8144189578445614
vn 0 0 1
vn 0 -1 0
vn -0.24253554088860022 -0.9701425211822613 0
vn -1 0 0
vn 0 -1 0
vn 0 1 0
vn 0 0 1
vn 0.4759859224901986 0 0.8794528990179944
vn 0 0 1
vn 0.5073127283304782 0.2536563641652391 0.8235849953662088
vn -0.5073141355412834 -0.2536559948870569 0.8235842422836038
vn -0.4759874704145505 0 0.8794520612337874
vn 0 0 1
vn 0 0 1
vn 1 0 0
vn 0.4472135954999579 0.8944271909999159 0
vn 0 1 0
vn 0 -1 0
vn -0.4472150975363336 -0.8944264399801516 0
vn -1 0 0
vn 0 1 0
vn 0 -1 0
vn 0.6370742104661884 0 0.7708024716870613
vn 0.6370742104661884 0 0.7708024716870613
vn 0 0 1
vn -0.8114636405100326 0 0.5844029090706212
vn -0.5702976105968913 0 0.8214381506525471
vn 0 0 1
vn 1 0 0
vn -1 0 0
vn 1 0 0
vn -1 0 0
vn 0.5317202200933006 0 0.8469200715202894
vn 0.987822262529607 0 0.15558655999439094
vn 0 0 1
vn 0 0 1
vn 0 0 1
vn 0 0 1
vn 1 0 0
vn -0.7742813361347137 0 0.632841538233263
vn -0.5887037676454411 0 0.8083488565960012
vn -1 0 0
vn 1 0 0
vn -1 0 0
vn 0.45160213432461466 0 0.8922194305626013
vn 0.9908449273352804 0 0.13500492573955586
vn 0 0 1
vn 0 0 1
vn 1 0 0
vn -0.702244528838092 0 0.7119358269654409
vn -0.5063182172548348 0 0.8623467184815432
vn -1 0 0
vn 1 0 0
vn -1 0 0
vn 0.39035110506830095 0 0.9206660712614299
vn 0.39035110506830095 0 0.9206660712614299
vn 0 0 1
vn 1 0 0
vn -0.5801665866552229 0 0.81449784022355
vn -0.33550665343109365 0 0.9420378365561906
vn 0 0 1
vn -1 0 0
vn 1 0 0
vn -1 0 0
vn 0.12748297776466716 0 0.9918407585798505
vn 1 0 0
vn 0.4572362511682921 0 0.8893452707568453
vn 0 0 1
vn 0 0 1
vn -0.4572362511682921 0 0.8893452707568453
vn 1 0 0
vn -1 0 0
vn -1 0 0
vn -1 0 0
vn 0.14113651616924228 0 0.9899901432860881
vn 0.8815956129908047 0.4407998628556504 0.16877397922016038
vn 0 0 1
vn 1 0 0
vn 0.44721192656910574 0.8944280254633957 0
vn 0 1 0
vn 0 0 1
vn -0.2329194538798523 0 0.9724960298141639
vn -0.49536969756278587 0 0.8686822564876953
vn 0 1 0
vn -1 0 0
vn -1 0 0
vn 0 0 1
vn 0 0 1
vn 0 0 1
vn 0.17942593651076835 0 0.9837714842925839
vn 0.5893707290222385 0 0.8078627010648499
vn 0 0 1
vn 1 0 0
vn 1 0 0
vn -0.2929640925359763 0 0.9561234441663754
vn -0.5893706617421369 0 0.8078627501485852
vn -1 0 0
vn -1 0 0
vn 0.5317202200933006 0 0.8469200715202894
vn 0.5372980921161054 0.23159419379922636 0.8109715713925362
vn 0 0 1
vn 0 0 1
vn -0.46648072420184167 0 0.8845313640273732
vn 0 0 1
vn 0 0 1
vn 1 0 0
vn 0.5017178025420145 0.8650313558550419 0
vn 0 1 0
vn 0 1 0
vn -1 0 0
vn -1 0 0
vn -1 0 0
vn 0.531720038151907 0 0.8469201857481817
vn 0.41148382266194267 0 0.9114170635266353
vn 0 0 1
vn 1 0 0
vn 1 0 0
vn 1 0 0
vn 1 0 0
vn 1 0 0
vn 1 0 0
vn 1 0 0
vn 0 0 1
vn -0.4664803472964294 0 0.8845315627981867
vn 0 0 1
vn -1 0 0
vn -1 0 0
vn -1 0 0
vn 0.5317201077461841 0 0.8469201420549558
vn 0 0 1
vn 0 0 1
vn 0 0 1
vn -0.5660189264796268 -0.28300827114694427 0.7742925114769407
vn 0 0 1
vn 0 0 1
vn 1 0 0
vn 1 0 0
vn 0 1 0
vn 0 1 0
vn 0 1 0
vn 1 0 0
vn 0 1 0
vn 0 0 1
vn 0 0 1
vn 0 -1 0
vn -0.4472150975363336 -0.8944264399801516 0
vn -1 0 0
vn -1 0 0
vn 0 -1 0
vn 0.29950382497754624 0 0.9540950994653623
vn 1 0 0
vn 0.7822419939196037 0 0.6229746888507451
vn 1 0 0
vn -0.27552348055367537 0 0.9612943418451959
vn 0 0 1
vn 0 0 1
vn -1 0 0
vn -1 0 0
vn -1 0 0
vn 0.24534295531353356 0 0.9694363487501496
vn 0.881596931206106 0.44079709469621026 0.168774323270326
vn 0 0 1
vn 0 0 1
vn 1 0 0
vn 0.44721471606691227 0.8944266307155612 0
vn 0 1 0
vn 0 1 0
vn 0 0 1
vn -0.7114196526102341 0 0.7027674422452523
vn -1 0 0
vn -1 0 0
vn -1 0 0
vn 0.6920612223670962 0 0.7218388078343813
vn 1 0 0
vn 0.45809367536393003 0.7237852253262234 0.5160282280951636
vn 0.15628416661471115 0.987712133804959 0
vn 0 0 1
vn -0.15278727209614387 0.9656118403176995 0.21035641973489735
vn 0 0 1
vn 0 0 1
vn -1 0 0
vn -0.5347990801558281 0.8449792564699327 0
vn -1 0 0
vn 0.4407978285384035 -0.8815966107511081 0.16877408055737517
vn 0 0 1
vn 0 0 1
vn 0 0 1
vn 0 0 1
vn 0.8944270002649715 -0.4472139769696433 0
vn 1 0 0
vn 0 -1 0
vn 0 -1 0
vn 0 0 1
vn 0 0 1
vn -0.44079804405394557 0.8815965053404045 0.16877406829783445
vn -1 0 0
vn -0.8944271194743308 0.44721373855109947 0
vn 0 1 0
vn 0 1 0
vn 1 0 0
vn -1 0 0
f 1//1 2//2 3//3
f 1//1 3//3 4//4
f 1//1 5//5 2//2
f 5//5 6//6 2//2
f 4//4 3//3 7//7
f 1//1 4//4 8//8
f 1//1 9//9 5//5
f 10//10 11//11 12//12
f 12//12 11//11 13//13
f 12//12 13//13 14//14
f 13//13 15//15 16//16
f 12//12 14//14 17//17
f 10//10 12//12 18//18
f 14//14 13//13 19//19
f 13//13 16//16 20//20
f 16//16 15//15 21//21
f 22//22 3//3 11//11
f 22//22 23//23 3//3
f 22//22 11//11 24//24
f 13//13 11//11 3//3
f 13//13 3//3 25//25
f 13//13 25//25 15//15
f 22//22 24//24 26//26
f 23//23 27//27 3//3
f 22//22 28//28 23//23
f 24//24 11//11 29//29
f 10//10 30//30 11//11
f 3//3 31//31 7//7
f 4//4 32//32 8//8
f 1//1 33//33 9//9
f 5//5 34//34 6//6
f 10//10 35//35 30//30
f 12//12 36//36 18//18
f 14//14 37//37 17//17
f 13//13 38//38 19//19
f 16//16 21//21 20//20
f 15//15 39//39 21//21
f 22//22 40//40 28//28
f 23//23 41//41 27//27
f 11//11 42//42 29//29
f 24//24 43//43 26//26
f 44//44 45//45 46//46
f 2//2 47//47 48//48
f 2//2 48//48 46//46
f 3//3 2//2 46//46
f 48//48 49//49 46//46
f 3//3 46//46 50//50
f 44//44 46//46 51//51
f 2//2 52//52 47//47
f 47//47 53//53 48//48
f 48//48 54//54 49//49
f 49//49 55//55 46//46
f 46//46 45//45 56//56
f 45//45 57//57 56//56
f 46//46 56//56 50//50
f 56//56 58//58 59//59
f 44//44 60//60 45//45
f 45//45 61//61 57//57
f 57//57 62//62 56//56
f 56//56 63//63 58//58
f 58//58 64//64 59//59
f 15//15 25//25 65//65
f 3//3 66//66 25//25
f 25//25 67//67 65//65
f 25//25 66//66 68//68
f 2//2 69//69 52//52
f 48//48 70//70 54//54
f 47//47 71//71 53//53
f 49//49 72//72 55//55
f 46//46 73//73 51//51
f 44//44 74//74 60//60
f 45//45 75//75 61//61
f 57//57 76//76 62//62
f 56//56 77//77 63//63
f 58//58 78//78 64//64
f 25//25 79//79 80//80
f 25//25 80//80 67//67
f 25//25 81//81 79//79
f 68//68 66//66 82//82
f 15//15 83//83 84//84
f 83//83 85//85 86//86
f 83//83 87//87 85//85
f 85//85 87//87 88//88
f 15//15 84//84 89//89
f 84//84 83//83 90//90
f 83//83 86//86 91//91
f 86//86 85//85 92//92
f 85//85 88//88 93//93
f 88//88 87//87 94//94
f 15//15 95//95 83//83
f 83//83 95//95 87//87
f 87//87 96//96 97//97
f 87//87 98//98 96//96
f 96//96 98//98 99//99
f 87//87 100//100 98//98
f 87//87 97//97 101//101
f 97//97 96//96 102//102
f 96//96 99//99 103//103
f 99//99 98//98 104//104
f 98//98 105//105 106//106
f 98//98 100//100 105//105
f 105//105 100//100 107//107
f 98//98 106//106 108//108
f 106//106 105//105 109//109
f 105//105 107//107 110//110
f 107//107 100//100 111//111
f 84//84 112//112 89//89
f 83//83 113//113 90//90
f 86//86 114//114 91//91
f 85//85 115//115 92//92
f 88//88 116//116 93//93
f 87//87 117//117 94//94
f 97//97 118//118 101//101
f 96//96 119//119 102//102
f 99//99 120//120 103//103
f 98//98 121//121 104//104
f 106//106 122//122 108//108
f 105//105 123//123 109//109
f 107//107 124//124 110//110
f 100//100 125//125 111//111
f 15//15 65//65 95//95
f 87//87 95//95 126//126
f 87//87 126//126 127//127
f 65//65 128//128 95//95
f 87//87 127//127 100//100
f 100//100 129//129 130//130
f 100//100 131//131 129//129
f 129//129 131//131 132//132
f 100//100 127//127 131//131
f 131//131 133//133 134//134
f 100//100 130//130 135//135
f 130//130 129//129 136//136
f 129//129 132//132 137//137
f 132//132 131//131 138//138
f 131//131 134//134 139//139
f 131//131 127//127 133//133
f 133//133 127//127 140//140
f 127//127 141//141 142//142
f 134//134 133//133 143//143
f 133//133 140//140 144//144
f 140//140 127//127 145//145
f 127//127 142//142 146//146
f 142//142 141//141 147//147
f 65//65 67//67 128//128
f 95//95 128//128 148//148
f 130//130 149//149 135//135
f 129//129 150//150 136//136
f 132//132 151//151 137//137
f 131//131 152//152 138//138
f 134//134 153//153 139//139
f 133//133 154//154 143//143
f 140//140 155//155 144//144
f 127//127 156//156 145//145
f 142//142 157//157 146//146
f 141//141 158//158 147//147
f 56//56 59//59 50//50
f 59//59 159//159 50//50
f 50//50 160//160 161//161
f 50//50 161//161 162//162
f 3//3 50//50 163//163
f 59//59 164//164 159//159
f 159//159 165//165 50//50
f 50//50 166//166 160//160
f 160//160 167//167 161//161
f 161//161 168//168 169//169
f 161//161 169//169 162//162
f 50//50 162//162 170//170
f 162//162 171//171 172//172
f 162//162 172//172 170//170
f 172//172 173//173 170//170
f 50//50 170//170 163//163
f 169//169 174//174 162//162
f 162//162 175//175 171//171
f 171//171 176//176 172//172
f 172//172 177//177 173//173
f 173//173 178//178 170//170
f 3//3 163//163 66//66
f 66//66 179//179 180//180
f 66//66 163//163 179//179
f 59//59 181//181 164//164
f 159//159 182//182 165//165
f 50//50 183//183 166//166
f 160//160 184//184 167//167
f 161//161 185//185 168//168
f 169//169 186//186 174//174
f 162//162 187//187 175//175
f 171//171 188//188 176//176
f 172//172 189//189 177//177
f 173//173 190//190 178//178
f 82//82 66//66 191//191
f 66//66 180//180 191//191
f 179//179 192//192 180//180
f 170//170 193//193 194//194
f 170//170 194//194 195//195
f 194//194 196//196 195//195
f 170//170 197//197 193//193
f 193//193 198//198 194//194
f 194//194 199//199 196//196
f 196//196 200//200 195//195
f 170//170 195//195 163//163
f 195//195 201//201 202//202
f 195//195 202//202 163//163
f 202//202 203//203 163//163
f 195//195 204//204 201//201
f 201//201 205//205 202//202
f 202//202 206//206 203//203
f 203//203 207//207 163//163
f 163//163 208//208 209//209
f 163//163 209//209 210//210
f 209//209 211//211 210//210
f 163//163 210//210 212//212
f 210//210 213//213 214//214
f 163//163 215//215 208//208
f 208//208 216//216 209//209
f 209//209 217//217 211//211
f 211//211 218//218 210//210
f 210//210 219//219 213//213
f 213//213 220//220 214//214
f 170//170 221//221 197//197
f 193//193 222//222 198//198
f 194//194 223//223 199//199
f 196//196 224//224 200//200
f 195//195 225//225 204//204
f 201//201 226//226 205//205
f 202//202 227//227 206//206
f 203//203 228//228 207//207
f 163//163 229//229 215//215
f 208//208 230//230 216//216
f 209//209 231//231 217//217
f 211//211 232//232 218//218
f 210//210 233//233 219//219
f 213//213 234//234 220//220
f 127//127 126//126 179//179
f 95//95 235//235 126//126
f 126//126 236//236 179//179
f 127//127 179//179 163//163
f 127//127 163//163 237//237
f 127//127 238//238 141//141
f 141//141 238//238 239//239
f 127//127 240//240 238//238
f 238//238 241//241 242//242
f 238//238 240//240 241//241
f 141//141 239//239 243//243
f 239//239 238//238 244//244
f 238//238 242//242 245//245
f 242//242 241//241 246//246
f 241//241 247//247 248//248
f 127//127 237//237 240//240
f 240//240 249//249 250//250
f 240//240 237//237 251//251
f 240//240 251//251 249//249
f 249//249 251//251 252//252
f 241//241 240//240 247//247
f 240//240 250//250 253//253
f 250//250 249//249 254//254
f 249//249 252//252 255//255
f 252//252 251//251 256//256
f 240//240 257//257 247//247
f 95//95 148//148 235//235
f 126//126 258//258 236//236
f 243//243 239//239 259//259
f 238//238 260//260 244//244
f 242//242 261//261 245//245
f 241//241 262//262 246//246
f 247//247 263//263 248//248
f 240//240 264//264 257//257
f 250//250 265//265 253//253
f 252//252 266//266 255//255
f 249//249 267//267 254//254
f 251//251 268//268 256//256
f 163//163 212//212 237//237
f 269//269 237//237 212//212
f 269//269 270//270 271//271
f 237//237 271//271 272//272
f 269//269 271//271 237//237
f 269//269 273//273 274//274
f 269//269 275//275 270//270
f 272//272 271//271 276//276
f 237//237 272//272 277//277
f 270//270 278//278 271//271
f 210//210 214//214 212//212
f 214//214 279//279 212//212
f 212//212 280//280 281//281
f 269//269 212//212 281//281
f 269//269 281//281 273//273
f 214//214 282//282 279//279
f 279//279 283//283 212//212
f 212//212 284//284 280//280
f 281//281 285//285 273//273
f 280//280 286//286 281//281
f 251//251 287//287 288//288
f 237//237 289//289 287//287
f 251//251 237//237 287//287
f 288//288 287//287 290//290
f 289//289 291//291 287//287
f 237//237 292//292 289//289
f 251//251 288//288 293//293
f 270//270 294//294 278//278
f 269//269 295//295 275//275
f 272//272 296//296 277//277
f 271//271 297//297 276//276
f 214//214 220//220 282//282
f 279//279 282//282 283//283
f 212//212 298//298 284//284
f 280//280 299//299 286//286
f 281//281 300//300 285//285
f 273//273 301//301 274//274
f 288//288 302//302 293//293
f 287//287 303//303 290//290
f 289//289 304//304 291//291
f 237//237 305//305 292//292
f 180//180 306//306 307//307
f 180//180 192//192 306//306
f 308//308 309//309 310//310
f 311//311 312//312 310//310
f 311//311 313//313 314//314
f 311//311 314//314 312//312
f 313//313 315//315 314//314
f 313//313 316//316 315//315
f 317//317 318//318 319//319
f 320//320 309//309 308//308
f 321//321 320//320 322//322
f 321//321 323//323 317//317
f 324//324 318//318 323//323
f 324//324 323//323 325//325
f 326//326 325//325 327//327
f 327//327 328//328 329//329
f 324//324 325//325 326//326
f 326//326 327//327 329//329
f 322//322 308//308 330//330
f 322//322 330//330 325//325
f 320//320 308//308 322//322
f 308//308 310//310 312//312
f 330//330 308//308 312//312
f 330//330 312//312 331//331
f 314//314 315//315 332//332
f 331//331 314//314 332//332
f 330//330 331//331 327//327
f 331//331 328//328 327//327
f 331//331 332//332 328//328
f 312//312 314//314 331//331
f 322//322 325//325 323//323
f 321//321 322//322 323//323
f 317//317 323//323 318//318
f 330//330 327//327 325//325
f 333//333 334//334 335//335
f 335//335 336//336 337//337
f 338//338 339//339 340//340
f 316//316 341//341 338//338
f 341//341 333//333 339//339
f 341//341 342//342 333//333
f 316//316 338//338 315//315
f 341//341 339//339 338//338
f 343//343 344//344 345//345
f 339//339 343//343 345//345
f 339//339 333//333 343//343
f 343//343 333//333 335//335
f 343//343 335//335 346//346
f 347//347 348//348 349//349
f 337//337 348//348 347//347
f 350//350 349//349 351//351
f 350//350 351//351 352//352
f 352//352 351//351 353//353
f 347//347 350//350 354//354
f 347//347 349//349 350//350
f 350//350 352//352 355//355
f 337//337 356//356 346//346
f 346//346 357//357 344//344
f 343//343 346//346 344//344
f 356//356 357//357 346//346
f 335//335 337//337 346//346
f 337//337 347//347 356//356
f 347//347 354//354 356//356
f 358//358 354//354 355//355
f 350//350 355//355 354//354
f 359//359 356//356 354//354
f 359//359 357//357 356//356
f 359//359 354//354 358//358
f 360//360 361//361 362//362
f 360//360 340//340 363//363
f 363//363 345//345 364//364
f 365//365 366//366 367//367
f 328//328 361//361 365//365
f 361//361 366//366 365//365
f 360//360 366//366 361//361
f 328//328 365//365 329//329
f 366//366 368//368 369//369
f 360//360 368//368 366//366
f 360//360 363//363 368//368
f 363//363 370//370 368//368
f 315//315 338//338 362//362
f 315//315 362//362 332//332
f 338//338 340//340 362//362
f 361//361 332//332 362//362
f 328//328 332//332 361//361
f 360//360 362//362 340//340
f 339//339 345//345 340//340
f 363//363 340//340 345//345
f 345//345 344//344 364//364
f 371//371 344//344 357//357
f 364//364 344//344 371//371
f 364//364 371//371 372//372
f 359//359 373//373 357//357
f 371//371 357//357 373//373
f 359//359 374//374 373//373
f 359//359 358//358 374//374
f 371//371 373//373 375//375
f 373//373 374//374 376//376
f 368//368 370//370 377//377
f 370//370 378//378 377//377
f 370//370 372//372 378//378
f 363//363 364//364 370//370
f 364//364 372//372 370//370
f 371//371 375//375 372//372
f 373//373 376//376 375//375
f 372//372 379//379 378//378
f 372//372 375//375 379//379
f 375//375 376//376 380//380
f 375//375 380//380 379//379
f 381//381 382//382 383//383
f 384//384 382//382 385//385
f 381//381 385//385 382//382
f 384//384 385//385 386//386
f 384//384 387//387 388//388
f 387//387 389//389 388//388
f 387//387 390//390 389//389
f 391//391 392//392 390//390
f 391//391 393//393 392//392
f 384//384 386//386 387//387
f 386//386 391//391 387//387
f 387//387 391//391 390//390
f 394//394 395//395 396//396
f 381//381 394//394 385//385
f 395//395 397//397 398//398
f 397//397 399//399 400//400
f 399//399 401//401 402//402
f 403//403 404//404 405//405
f 403//403 406//406 407//407
f 403//403 405//405 406//406
f 405//405 408//408 406//406
f 396//396 398//398 409//409
f 386//386 396//396 409//409
f 385//385 394//394 396//396
f 385//385 396//396 386//386
f 395//395 398//398 396//396
f 398//398 400//400 410//410
f 409//409 398//398 410//410
f 386//386 409//409 391//391
f 391//391 409//409 393//393
f 409//409 410//410 393//393
f 393//393 407//407 392//392
f 403//403 407//407 393//393
f 403//403 393//393 410//410
f 403//403 410//410 404//404
f 404//404 402//402 411//411
f 412//412 411//411 402//402
f 412//412 413//413 411//411
f 404//404 411//411 405//405
f 411//411 414//414 405//405
f 414//414 415//415 408//408
f 405//405 414//414 408//408
f 411//411 413//413 414//414
f 413//413 416//416 414//414
f 414//414 416//416 415//415
f 416//416 417//417 415//415
f 397//397 400//400 398//398
f 399//399 402//402 400//400
f 404//404 400//400 402//402
f 410//410 400//400 404//404
f 401//401 412//412 402//402
f 418//418 419//419 420//420
f 418//418 421//421 419//419
f 422//422 423//423 421//421
f 418//418 422//422 421//421
f 424//424 425//425 426//426
f 424//424 427//427 428//428
f 389//389 390//390 420//420
f 429//429 420//420 390//390
f 418//418 420//420 429//429
f 418//418 429//429 430//430
f 429//429 390//390 392//392
f 429//429 392//392 431//431
f 392//392 407//407 431//431
f 431//431 425//425 430//430
f 429//429 431//431 430//430
f 431//431 432//432 425//425
f 422//422 430//430 433//433
f 422//422 433//433 434//434
f 424//424 435//435 433//433
f 418//418 430//430 422//422
f 430//430 425//425 433//433
f 424//424 433//433 425//425
f 436//436 349//349 423//423
f 436//436 423//423 434//434
f 422//422 434//434 423//423
f 436//436 434//434 437//437
f 436//436 438//438 351//351
f 438//438 353//353 351//351
f 438//438 439//439 353//353
f 437//437 440//440 438//438
f 438//438 440//440 439//439
f 439//439 440//440 441//441
f 440//440 442//442 441//441
f 436//436 437//437 438//438
f 443//443 435//435 428//428
f 424//424 428//428 435//435
f 428//428 444//444 445//445
f 443//443 428//428 445//445
f 443//443 445//445 442//442
f 441//441 442//442 446//446
f 442//442 447//447 446//446
f 448//448 447//447 449//449
f 448//448 449//449 450//450
f 445//445 447//447 442//442
f 445//445 451//451 447//447
f 446//446 447//447 448//448
f 433//433 435//435 434//434
f 434//434 435//435 437//437
f 437//437 435//435 443//443
f 437//437 443//443 440//440
f 440//440 443//443 442//442
f 452//452 453//453 454//454
f 455//455 453//453 452//452
f 455//455 452//452 456//456
f 457//457 458//458 459//459
f 457//457 452//452 454//454
f 457//457 460//460 452//452
f 452//452 460//460 456//456
f 456//456 460//460 461//461
f 457//457 459//459 460//460
f 459//459 462//462 460//460
f 460//460 462//462 461//461
f 462//462 463//463 461//461
f 432//432 407//407 406//406
f 425//425 432//432 426//426
f 432//432 464//464 426//426
f 432//432 406//406 464//464
f 406//406 408//408 464//464
f 464//464 408//408 465//465
f 464//464 466//466 426//426
f 464//464 465//465 466//466
f 466//466 465//465 467//467
f 426//426 466//466 427//427
f 424//424 426//426 427//427
f 427//427 468//468 444//444
f 468//468 466//466 467//467
f 468//468 467//467 469//469
f 468//468 469//469 470//470
f 427//427 466//466 468//468
f 431//431 407//407 432//432
f 465//465 471//471 467//467
f 471//471 472//472 467//467
f 408//408 415//415 465//465
f 465//465 415//415 471//471
f 471//471 417//417 473//473
f 471//471 473//473 472//472
f 473//473 474//474 472//472
f 471//471 415//415 417//417
f 467//467 472//472 469//469
f 469//469 475//475 476//476
f 469//469 472//472 475//475
f 472//472 474//474 475//475
f 475//475 477//477 478//478
f 474//474 477//477 475//475
f 468//468 470//470 444//444
f 451//451 444//444 470//470
f 451//451 470//470 479//479
f 428//428 427//427 444//444
f 445//445 444//444 451//451
f 469//469 476//476 470//470
f 470//470 476//476 479//479
f 479//479 476//476 454//454
f 447//447 451//451 449//449
f 479//479 453//453 449//449
f 451//451 479//479 449//449
f 449//449 453//453 450//450
f 455//455 450//450 453//453
f 479//479 454//454 453//453
f 476//476 478//478 454//454
f 475//475 478//478 476//476
f 457//457 454//454 478//478
f 457//457 478//478 458//458
f 477//477 458//458 478//478
f 480//480 481//481 482//482
f 483//483 310//310 309//309
f 480//480 484//484 483//483
f 481//481 383//383 485//485
f 482//482 486//486 484//484
f 487//487 485//485 488//488
f 480//480 482//482 484//484
f 482//482 485//485 487//487
f 482//482 487//487 486//486
f 487//487 489//489 486//486
f 489//489 490//490 491//491
f 487//487 488//488 490//490
f 490//490 488//488 388//388
f 389//389 492//492 388//388
f 490//490 388//388 492//492
f 487//487 490//490 489//489
f 490//490 492//492 491//491
f 311//311 310//310 484//484
f 483//483 484//484 310//310
f 311//311 484//484 486//486
f 313//313 486//486 489//489
f 311//311 486//486 313//313
f 316//316 489//489 491//491
f 313//313 489//489 316//316
f 382//382 488//488 485//485
f 382//382 485//485 383//383
f 384//384 488//488 382//382
f 481//481 485//485 482//482
f 384//384 388//388 488//488
f 342//342 492//492 493//493
f 493//493 419//419 334//334
f 341//341 491//491 342//342
f 491//491 492//492 342//342
f 333//333 342//342 334//334
f 342//342 493//493 334//334
f 389//389 493//493 492//492
f 389//389 420//420 493//493
f 420//420 419//419 493//493
f 334//334 419//419 336//336
f 336//336 419//419 421//421
f 336//336 421//421 348//348
f 335//335 334//334 336//336
f 316//316 491//491 341//341
f 423//423 349//349 348//348
f 423//423 348//348 421//421
f 337//337 336//336 348//348
f 436//436 351//351 349//349
f 494//494 495//495 496//496
f 497//497 498//498 499//499
f 495//495 498//498 500//500
f 498//498 501//501 500//500
f 497//497 501//501 498//498
f 502//502 503//503 504//504
f 497//497 505//505 503//503
f 503//503 506//506 504//504
f 503//503 507//507 506//506
f 497//497 503//503 502//502
f 497//497 502//502 501//501
f 508//508 509//509 510//510
f 511//511 512//512 513//513
f 514//514 512//512 511//511
f 515//515 511//511 513//513
f 515//515 513//513 516//516
f 515//515 516//516 517//517
f 504//504 518//518 519//519
f 504//504 506//506 518//518
f 518//518 520//520 521//521
f 518//518 514//514 520//520
f 518//518 506//506 514//514
f 506//506 522//522 514//514
f 514//514 511//511 520//520
f 520//520 511//511 508//508
f 515//515 523//523 508//508
f 520//520 508//508 510//510
f 515//515 508//508 511//511
f 524//524 509//509 523//523
f 524//524 525//525 526//526
f 526//526 525//525 527//527
f 528//528 529//529 530//530
f 526//526 527//527 528//528
f 528//528 527//527 529//529
f 517//517 531//531 525//525
f 517//517 516//516 532//532
f 531//531 532//532 533//533
f 517//517 532//532 531//531
f 531//531 534//534 527//527
f 534//534 535//535 529//529
f 534//534 533//533 536//536
f 535//535 536//536 537//537
f 531//531 533//533 534//534
f 534//534 536//536 535//535
f 535//535 537//537 529//529
f 515//515 517//517 523//523
f 517//517 525//525 523//523
f 508//508 523//523 509//509
f 524//524 523//523 525//525
f 531//531 527//527 525//525
f 534//534 529//529 527//527
f 538//538 539//539 540//540
f 540//540 541//541 542//542
f 543//543 544//544 545//545
f 542//542 546//546 547//547
f 547//547 546//546 548//548
f 542//542 547//547 549//549
f 543//543 550//550 548//548
f 547//547 548//548 550//550
f 543//543 545//545 550//550
f 547//547 550//550 551//551
f 550//550 545//545 552//552
f 553//553 554//554 555//555
f 553//553 555//555 556//556
f 555//555 557//557 558//558
f 558//558 559//559 560//560
f 555//555 558//558 561//561
f 558//558 562//562 561//561
f 352//352 563//563 554//554
f 352//352 554//554 355//355
f 563//563 564//564 557//557
f 563//563 557//557 554//554
f 352//352 353//353 563//563
f 353//353 565//565 563//563
f 565//565 564//564 563//563
f 565//565 494//494 564//564
f 557//557 564//564 559//559
f 559//559 496//496 566//566
f 559//559 564//564 496//496
f 494//494 496//496 564//564
f 495//495 500//500 496//496
f 355//355 554//554 553//553
f 555//555 554//554 557//557
f 358//358 355//355 553//553
f 558//558 557//557 559//559
f 567//567 566//566 568//568
f 569//569 570//570 568//568
f 569//569 571//571 572//572
f 560//560 573//573 562//562
f 559//559 566//566 560//560
f 560//560 566//566 567//567
f 558//558 560//560 562//562
f 560//560 567//567 573//573
f 570//570 572//572 574//574
f 567//567 575//575 573//573
f 575//575 570//570 574//574
f 567//567 568//568 570//570
f 569//569 572//572 570//570
f 567//567 570//570 575//575
f 496//496 500//500 566//566
f 500//500 501//501 568//568
f 500//500 568//568 566//566
f 569//569 568//568 501//501
f 502//502 569//569 501//501
f 502//502 504//504 571//571
f 502//502 571//571 569//569
f 374//374 576//576 577//577
f 374//374 577//577 376//376
f 576//576 556//556 539//539
f 576//576 539//539 577//577
f 358//358 576//576 374//374
f 358//358 553//553 576//576
f 553//553 556//556 576//576
f 556//556 541//541 539//539
f 561//561 546//546 541//541
f 556//556 561//561 541//541
f 555//555 561//561 556//556
f 376//376 577//577 578//578
f 538//538 577//577 539//539
f 376//376 578//578 380//380
f 578//578 577//577 538//538
f 540//540 539//539 541//541
f 561//561 562//562 546//546
f 562//562 573//573 548//548
f 562//562 548//548 546//546
f 543//543 573//573 575//575
f 575//575 574//574 544//544
f 543//543 575//575 544//544
f 543//543 548//548 573//573
f 542//542 541//541 546//546
f 579//579 580//580 581//581
f 582//582 581//581 583//583
f 584//584 585//585 583//583
f 586//586 530//530 587//587
f 584//584 588//588 589//589
f 584//584 589//589 585//585
f 588//588 586//586 587//587
f 588//588 587//587 589//589
f 590//590 591//591 592//592
f 544//544 590//590 593//593
f 590//590 592//592 594//594
f 579//579 592//592 580//580
f 579//579 581//581 582//582
f 579//579 595//595 592//592
f 579//579 596//596 595//595
f 593//593 594//594 597//597
f 593//593 597//597 598//598
f 544//544 593//593 545//545
f 590//590 594//594 593//593
f 545//545 593//593 598//598
f 594//594 599//599 597//597
f 595//595 599//599 594//594
f 595//595 600//600 599//599
f 592//592 595//595 594//594
f 582//582 601//601 596//596
f 582//582 583//583 585//585
f 579//579 582//582 596//596
f 582//582 585//585 601//601
f 585//585 602//602 601//601
f 589//589 603//603 602//602
f 529//529 604//604 587//587
f 585//585 589//589 602//602
f 589//589 587//587 603//603
f 596//596 601//601 605//605
f 596//596 605//605 600//600
f 595//595 596//596 600//600
f 601//601 602//602 606//606
f 587//587 607//607 603//603
f 602//602 603//603 607//607
f 601//601 606//606 605//605
f 602//602 607//607 606//606
f 571//571 608//608 572//572
f 571//571 519//519 608//608
f 519//519 609//609 608//608
f 519//519 521//521 609//609
f 520//520 510//510 521//521
f 610//610 521//521 510//510
f 609//609 521//521 610//610
f 610//610 510//510 611//611
f 591//591 572//572 608//608
f 609//609 580//580 608//608
f 574//574 572//572 591//591
f 591//591 608//608 580//580
f 609//609 581//581 580//580
f 610//610 583//583 581//581
f 609//609 610//610 581//581
f 504//504 519//519 571//571
f 518//518 521//521 519//519
f 584//584 611//611 612//612
f 510//510 509//509 611//611
f 524//524 612//612 509//509
f 611//611 509//509 612//612
f 524//524 613//613 612//612
f 526//526 530//530 613//613
f 588//588 612//612 613//613
f 586//586 613//613 530//530
f 529//529 587//587 530//530
f 524//524 526//526 613//613
f 526//526 528//528 530//530
f 584//584 583//583 611//611
f 610//610 611//611 583//583
f 584//584 612//612 588//588
f 588//588 613//613 586//586
f 590//590 574//574 591//591
f 544//544 574//574 590//590
f 592//592 591//591 580//580
f 614//614 615//615 616//616
f 614//614 616//616 617//617
f 617//617 616//616 618//618
f 619//619 617//617 618//618
f 619//619 620//620 621//621
f 619//619 618//618 622//622
f 619//619 622//622 620//620
f 620//620 622//622 623//623
f 620//620 624//624 621//621
f 620//620 625//625 624//624
f 624//624 625//625 626//626
f 625//625 627//627 626//626
f 625//625 623//623 628//628
f 625//625 628//628 627//627
f 628//628 629//629 627//627
f 620//620 623//623 625//625
f 441//441 446//446 630//630
f 630//630 631//631 632//632
f 632//632 633//633 634//634
f 632//632 634//634 635//635
f 634//634 636//636 637//637
f 439//439 565//565 353//353
f 439//439 638//638 565//565
f 565//565 638//638 494//494
f 494//494 638//638 639//639
f 441//441 630//630 638//638
f 439//439 441//441 638//638
f 630//630 639//639 638//638
f 630//630 632//632 639//639
f 632//632 635//635 639//639
f 495//495 639//639 635//635
f 634//634 499//499 635//635
f 494//494 639//639 495//495
f 495//495 635//635 498//498
f 631//631 640//640 633//633
f 446//446 631//631 630//630
f 446//446 448//448 631//631
f 632//632 631//631 633//633
f 448//448 640//640 631//631
f 450//450 615//615 640//640
f 448//448 450//450 640//640
f 640//640 614//614 633//633
f 640//640 615//615 614//614
f 633//633 614//614 636//636
f 636//636 614//614 617//617
f 636//636 617//617 641//641
f 634//634 633//633 636//636
f 505//505 499//499 637//637
f 637//637 641//641 642//642
f 642//642 641//641 621//621
f 634//634 637//637 499//499
f 505//505 637//637 642//642
f 643//643 644//644 522//522
f 505//505 642//642 507//507
f 506//506 507//507 522//522
f 507//507 643//643 522//522
f 624//624 643//643 621//621
f 642//642 621//621 643//643
f 624//624 644//644 643//643
f 624//624 626//626 644//644
f 642//642 643//643 507//507
f 498//498 635//635 499//499
f 497//497 499//499 505//505
f 503//503 505//505 507//507
f 636//636 641//641 637//637
f 619//619 641//641 617//617
f 619//619 621//621 641//641
f 455//455 645//645 615//615
f 615//615 645//645 616//616
f 645//645 646//646 616//616
f 455//455 456//456 645//645
f 456//456 647//647 645//645
f 645//645 647//647 646//646
f 646//646 647//647 648//648
f 616//616 646//646 618//618
f 618//618 649//649 622//622
f 618//618 646//646 649//649
f 649//649 650//650 651//651
f 649//649 648//648 650//650
f 646//646 648//648 649//649
f 652//652 653//653 648//648
f 456//456 461//461 647//647
f 461//461 652//652 647//647
f 647//647 652//652 648//648
f 654//654 653//653 652//652
f 654//654 655//655 653//653
f 461//461 463//463 652//652
f 463//463 654//654 652//652
f 648//648 653//653 650//650
f 650//650 656//656 657//657
f 650//650 653//653 656//656
f 653//653 655//655 656//656
f 656//656 658//658 659//659
f 655//655 658//658 656//656
f 660//660 661//661 662//662
f 623//623 622//622 651//651
f 649//649 651//651 622//622
f 623//623 651//651 663//663
f 651//651 657//657 663//663
f 650//650 657//657 651//651
f 663//663 657//657 664//664
f 623//623 663//663 628//628
f 663//663 665//665 628//628
f 628//628 665//665 629//629
f 665//665 662//662 629//629
f 663//663 664//664 665//665
f 665//665 664//664 660//660
f 665//665 660//660 662//662
f 666//666 667//667 660//660
f 660//660 667//667 661//661
f 667//667 668//668 661//661
f 666//666 669//669 667//667
f 669//669 670//670 667//667
f 667//667 670//670 668//668
f 670//670 671//671 668//668
f 657//657 659//659 664//664
f 656//656 659//659 657//657
f 666//666 664//664 659//659
f 666//666 659//659 672//672
f 658//658 672//672 659//659
f 666//666 672//672 669//669
f 666//666 660//660 664//664
f 455//455 615//615 450//450
f 626//626 673//673 674//674
f 673//673 675//675 674//674
f 673//673 676//676 675//675
f 677//677 675//675 676//676
f 678//678 679//679 677//677
f 678//678 677//677 676//676
f 680//680 681//681 682//682
f 683//683 680//680 682//682
f 684//684 685//685 676//676
f 626//626 627//627 673//673
f 673//673 627//627 684//684
f 673//673 684//684 676//676
f 627//627 629//629 684//684
f 684//684 629//629 686//686
f 684//684 686//686 685//685
f 683//683 685//685 686//686
f 678//678 676//676 685//685
f 678//678 682//682 687//687
f 678//678 685//685 682//682
f 683//683 682//682 685//685
f 677//677 679//679 532//532
f 679//679 688//688 533//533
f 688//688 687//687 689//689
f 679//679 687//687 688//688
f 678//678 687//687 679//679
f 688//688 536//536 533//533
f 688//688 690//690 536//536
f 690//690 537//537 536//536
f 691//691 692//692 537//537
f 690//690 691//691 537//537
f 689//689 693//693 690//690
f 691//691 693//693 692//692
f 688//688 689//689 690//690
f 690//690 693//693 691//691
f 681//681 694//694 695//695
f 680//680 694//694 681//681
f 695//695 694//694 696//696
f 693//693 695//695 697//697
f 692//692 697//697 698//698
f 692//692 698//698 699//699
f 695//695 696//696 697//697
f 696//696 700//700 697//697
f 697//697 700//700 698//698
f 698//698 700//700 699//699
f 692//692 699//699 701//701
f 687//687 681//681 689//689
f 682//682 681//681 687//687
f 689//689 681//681 695//695
f 689//689 695//695 693//693
f 693//693 697//697 692//692
f 529//529 692//692 701//701
f 512//512 644//644 674//674
f 674//674 675//675 513//513
f 512//512 674//674 513//513
f 514//514 522//522 512//512
f 522//522 644//644 512//512
f 626//626 674//674 644//644
f 513//513 675//675 516//516
f 677//677 532//532 516//516
f 677//677 516//516 675//675
f 679//679 533//533 532//532
f 529//529 537//537 692//692
f 686//686 662//662 702//702
f 683//683 686//686 702//702
f 683//683 702//702 703//703
f 702//702 662//662 661//661
f 702//702 661//661 704//704
f 702//702 704//704 703//703
f 704//704 705//705 703//703
f 683//683 703//703 680//680
f 680//680 706//706 694//694
f 680//680 703//703 706//706
f 706//706 707//707 708//708
f 703//703 705//705 706//706
f 706//706 705//705 707//707
f 686//686 629//629 662//662
f 704//704 661//661 668//668
f 704//704 668//668 709//709
f 704//704 709//709 705//705
f 705//705 709//709 710//710
f 711//711 712//712 710//710
f 668//668 671//671 709//709
f 709//709 671//671 711//711
f 709//709 711//711 710//710
f 707//707 705//705 710//710
f 707//707 713//713 714//714
f 707//707 710//710 713//713
f 710//710 712//712 713//713
f 713//713 715//715 716//716
f 713//713 712//712 715//715
f 696//696 708//708 717//717
f 694//694 708//708 696//696
f 694//694 706//706 708//708
f 708//708 714//714 717//717
f 707//707 714//714 708//708
f 717//717 714//714 718//718
f 696//696 717//717 700//700
f 700//700 717//717 719//719
f 700//700 719//719 699//699
f 699//699 719//719 720//720
f 699//699 720//720 701//701
f 717//717 718//718 719//719
f 718//718 721//721 719//719
f 719//719 721//721 720//720
f 720//720 721//721 701//701
f 714//714 716//716 718//718
f 713//713 716//716 714//714
f 718//718 716//716 722//722
f 716//716 723//723 722//722
f 715//715 723//723 716//716
f 722//722 723//723 724//724
f 718//718 722//722 721//721
f 721//721 722//722 725//725
f 721//721 725//725 701//701
f 701//701 725//725 726//726
f 701//701 726//726 727//727
f 722//722 724//724 725//725
f 724//724 728//728 725//725
f 725//725 728//728 726//726
f 726//726 728//728 727//727
f 529//529 701//701 729//729
f 701//701 727//727 729//729
f 730//730 731//731 732//732
f 733//733 734//734 735//735
f 736//736 737//737 738//738
f 738//738 733//733 735//735
f 739//739 732//732 731//731
f 736//736 740//740 739//739
f 739//739 740//740 732//732
f 736//736 738//738 741//741
f 736//736 741//741 740//740
f 738//738 742//742 741//741
f 738//738 735//735 742//742
f 741//741 742//742 743//743
f 319//319 744//744 745//745
f 745//745 746//746 747//747
f 744//744 748//748 749//749
f 319//319 318//318 744//744
f 324//324 748//748 318//318
f 318//318 748//748 744//744
f 748//748 750//750 751//751
f 750//750 752//752 753//753
f 324//324 326//326 750//750
f 324//324 750//750 748//748
f 326//326 329//329 752//752
f 326//326 752//752 750//750
f 744//744 749//749 746//746
f 746//746 737//737 754//754
f 747//747 746//746 754//754
f 746//746 749//749 737//737
f 745//745 744//744 746//746
f 748//748 751//751 749//749
f 750//750 753//753 751//751
f 749//749 751//751 733//733
f 749//749 733//733 737//737
f 751//751 753//753 734//734
f 751//751 734//734 733//733
f 747//747 754//754 755//755
f 739//739 731//731 755//755
f 736//736 754//754 737//737
f 739//739 755//755 754//754
f 736//736 739//739 754//754
f 738//738 737//737 733//733
f 756//756 757//757 758//758
f 759//759 760//760 761//761
f 756//756 760//760 759//759
f 759//759 761//761 762//762
f 763//763 379//379 380//380
f 764//764 378//378 765//765
f 765//765 379//379 763//763
f 766//766 762//762 761//761
f 764//764 767//767 766//766
f 766//766 767//767 762//762
f 764//764 768//768 767//767
f 764//764 765//765 768//768
f 765//765 763//763 769//769
f 765//765 769//769 768//768
f 768//768 769//769 770//770
f 734//734 757//757 771//771
f 756//756 772//772 757//757
f 734//734 771//771 735//735
f 757//757 772//772 771//771
f 756//756 773//773 772//772
f 759//759 774//774 773//773
f 756//756 759//759 773//773
f 775//775 776//776 777//777
f 735//735 771//771 775//775
f 735//735 775//775 742//742
f 771//771 772//772 776//776
f 771//771 776//776 775//775
f 742//742 775//775 778//778
f 773//773 779//779 780//780
f 780//780 781//781 776//776
f 772//772 780//780 776//776
f 772//772 773//773 780//780
f 782//782 783//783 774//774
f 759//759 762//762 774//774
f 762//762 782//782 774//774
f 762//762 767//767 782//782
f 773//773 774//774 779//779
f 768//768 770//770 784//784
f 782//782 784//784 785//785
f 784//784 770//770 786//786
f 767//767 768//768 784//784
f 767//767 784//784 782//782
f 774//774 783//783 779//779
f 780//780 779//779 787//787
f 783//783 788//788 779//779
f 782//782 785//785 783//783
f 784//784 786//786 785//785
f 783//783 785//785 789//789
f 785//785 786//786 790//790
f 329//329 791//791 752//752
f 365//365 367//367 791//791
f 791//791 758//758 752//752
f 791//791 367//367 760//760
f 791//791 760//760 758//758
f 329//329 365//365 791//791
f 366//366 369//369 367//367
f 368//368 377//377 369//369
f 367//367 761//761 760//760
f 367//367 369//369 761//761
f 766//766 761//761 369//369
f 752//752 758//758 753//753
f 756//756 758//758 760//760
f 757//757 753//753 758//758
f 734//734 753//753 757//757
f 764//764 377//377 378//378
f 766//766 369//369 377//377
f 764//764 766//766 377//377
f 765//765 378//378 379//379
f 730//730 792//792 793//793
f 793//793 794//794 795//795
f 732//732 796//796 792//792
f 730//730 732//732 792//792
f 732//732 740//740 796//796
f 793//793 792//792 794//794
f 792//792 796//796 797//797
f 740//740 741//741 798//798
f 740//740 798//798 796//796
f 741//741 743//743 798//798
f 796//796 798//798 799//799
f 798//798 743//743 800//800
f 792//792 797//797 794//794
f 795//795 794//794 801//801
f 794//794 797//797 802//802
f 798//798 800//800 799//799
f 797//797 799//799 803//803
f 797//797 803//803 802//802
f 799//799 800//800 804//804
f 799//799 804//804 803//803
f 796//796 799//799 797//797
f 795//795 801//801 805//805
f 805//805 806//806 807//807
f 807//807 808//808 809//809
f 801//801 810//810 806//806
f 802//802 810//810 801//801
f 794//794 802//802 801//801
f 805//805 801//801 806//806
f 802//802 803//803 811//811
f 802//802 811//811 810//810
f 803//803 804//804 812//812
f 803//803 812//812 811//811
f 810//810 813//813 806//806
f 806//806 813//813 808//808
f 807//807 806//806 808//808
f 810//810 811//811 814//814
f 811//811 812//812 815//815
f 810//810 814//814 813//813
f 811//811 815//815 814//814
f 775//775 777//777 778//778
f 778//778 816//816 743//743
f 778//778 777//777 817//817
f 742//742 778//778 743//743
f 776//776 781//781 777//777
f 780//780 787//787 781//781
f 781//781 818//818 819//819
f 777//777 781//781 819//819
f 743//743 816//816 800//800
f 778//778 817//817 816//816
f 800//800 816//816 820//820
f 800//800 820//820 804//804
f 816//816 817//817 821//821
f 816//816 821//821 820//820
f 777//777 819//819 817//817
f 817//817 822//822 821//821
f 817//817 819//819 822//822
f 819//819 823//823 822//822
f 824//824 825//825 826//826
f 826//826 825//825 827//827
f 779//779 788//788 787//787
f 781//781 787//787 818//818
f 787//787 828//828 818//818
f 787//787 788//788 828//828
f 783//783 789//789 788//788
f 785//785 790//790 789//789
f 788//788 789//789 826//826
f 788//788 826//826 828//828
f 824//824 789//789 790//790
f 824//824 826//826 789//789
f 819//819 818//818 823//823
f 818//818 829//829 823//823
f 818//818 828//828 829//829
f 828//828 826//826 827//827
f 828//828 827//827 829//829
f 804//804 820//820 830//830
f 804//804 830//830 812//812
f 820//820 821//821 831//831
f 820//820 831//831 830//830
f 821//821 832//832 831//831
f 821//821 822//822 832//832
f 822//822 833//833 832//832
f 812//812 830//830 834//834
f 830//830 831//831 835//835
f 812//812 834//834 815//815
f 830//830 835//835 834//834
f 831//831 832//832 836//836
f 831//831 836//836 835//835
f 832//832 837//837 836//836
f 827//827 838//838 829//829
f 827//827 825//825 839//839
f 840//840 829//829 838//838
f 827//827 839//839 838//838
f 840//840 841//841 833//833
f 840//840 838//838 842//842
f 838//838 839//839 843//843
f 840//840 842//842 841//841
f 838//838 843//843 842//842
f 822//822 823//823 833//833
f 840//840 823//823 829//829
f 840//840 833//833 823//823
f 832//832 833//833 837//837
f 833//833 841//841 837//837
f 844//844 845//845 846//846
f 845//845 847//847 848//848
f 844//844 846//846 849//849
f 845//845 848//848 846//846
f 847//847 850//850 851//851
f 850//850 852//852 853//853
f 847//847 851//851 848//848
f 850//850 853//853 851//851
f 844//844 854//854 855//855
f 856//856 857//857 845//845
f 844//844 855//855 845//845
f 845//845 858//858 847//847
f 847//847 859//859 850//850
f 850//850 860//860 852//852
f 852//852 861//861 862//862
f 861//861 863//863 864//864
f 852//852 862//862 853//853
f 861//861 864//864 862//862
f 863//863 865//865 866//866
f 863//863 866//866 864//864
f 865//865 867//867 866//866
f 865//865 868//868 867//867
f 868//868 869//869 870//870
f 868//868 870//870 867//867
f 869//869 871//871 872//872
f 871//871 873//873 874//874
f 869//869 872//872 870//870
f 871//871 874//874 872//872
f 852//852 875//875 861//861
f 861//861 876//876 863//863
f 863//863 877//877 865//865
f 865//865 878//878 868//868
f 868//868 879//879 869//869
f 869//869 880//880 871//871
f 871//871 881//881 873//873
f 578//578 882//882 380//380
f 578//578 538//538 883//883
f 578//578 883//883 882//882
f 763//763 380//380 882//882
f 882//882 883//883 884//884
f 538//538 885//885 883//883
f 540//540 886//886 885//885
f 538//538 540//540 885//885
f 883//883 885//885 887//887
f 769//769 888//888 889//889
f 888//888 884//884 890//890
f 763//763 882//882 888//888
f 763//763 888//888 769//769
f 882//882 884//884 888//888
f 883//883 887//887 884//884
f 885//885 891//891 887//887
f 887//887 892//892 884//884
f 885//885 886//886 891//891
f 549//549 893//893 886//886
f 540//540 542//542 886//886
f 542//542 549//549 886//886
f 550//550 552//552 551//551
f 549//549 551//551 894//894
f 551//551 895//895 894//894
f 551//551 552//552 895//895
f 547//547 551//551 549//549
f 886//886 893//893 891//891
f 891//891 896//896 897//897
f 887//887 891//891 897//897
f 891//891 893//893 896//896
f 549//549 894//894 893//893
f 893//893 894//894 898//898
f 893//893 898//898 896//896
f 894//894 895//895 899//899
f 894//894 899//899 898//898
f 900//900 901//901 902//902
f 900//900 903//903 901//901
f 903//903 904//904 901//901
f 769//769 889//889 770//770
f 888//888 890//890 889//889
f 770//770 889//889 905//905
f 889//889 890//890 900//900
f 884//884 892//892 890//890
f 887//887 897//897 892//892
f 890//890 903//903 900//900
f 890//890 892//892 903//903
f 892//892 906//906 903//903
f 770//770 905//905 786//786
f 889//889 900//900 905//905
f 786//786 905//905 907//907
f 786//786 907//907 790//790
f 905//905 900//900 902//902
f 905//905 902//902 907//907
f 906//906 897//897 908//908
f 898//898 899//899 909//909
f 898//898 910//910 896//896
f 908//908 896//896 910//910
f 898//898 909//909 910//910
f 906//906 908//908 911//911
f 903//903 906//906 904//904
f 906//906 911//911 904//904
f 908//908 910//910 912//912
f 910//910 909//909 913//913
f 908//908 912//912 911//911
f 910//910 913//913 912//912
f 892//892 897//897 906//906
f 908//908 897//897 896//896
f 914//914 915//915 916//916
f 895//895 917//917 899//899
f 914//914 916//916 917//917
f 918//918 919//919 915//915
f 919//919 916//916 915//915
f 918//918 920//920 919//919
f 545//545 598//598 552//552
f 552//552 598//598 914//914
f 552//552 914//914 895//895
f 598//598 597//597 915//915
f 598//598 915//915 914//914
f 918//918 597//597 599//599
f 918//918 915//915 597//597
f 918//918 599//599 921//921
f 895//895 914//914 917//917
f 921//921 600//600 922//922
f 923//923 605//605 606//606
f 924//924 606//606 607//607
f 922//922 605//605 923//923
f 923//923 606//606 924//924
f 924//924 607//607 604//604
f 918//918 921//921 920//920
f 921//921 922//922 925//925
f 921//921 925//925 920//920
f 922//922 923//923 926//926
f 923//923 924//924 604//604
f 922//922 926//926 925//925
f 923//923 604//604 926//926
f 599//599 600//600 921//921
f 922//922 600//600 605//605
f 587//587 604//604 607//607
f 899//899 917//917 927//927
f 917//917 916//916 928//928
f 899//899 927//927 909//909
f 917//917 928//928 927//927
f 919//919 929//929 916//916
f 916//916 929//929 928//928
f 919//919 930//930 929//929
f 909//909 927//927 931//931
f 928//928 932//932 927//927
f 909//909 931//931 913//913
f 927//927 932//932 931//931
f 928//928 933//933 932//932
f 929//929 934//934 933//933
f 928//928 929//929 933//933
f 919//919 920//920 930//930
f 920//920 925//925 935//935
f 920//920 935//935 930//930
f 925//925 936//936 935//935
f 926//926 937//937 936//936
f 604//604 938//938 937//937
f 925//925 926//926 936//936
f 926//926 604//604 937//937
f 929//929 930//930 934//934
f 930//930 935//935 939//939
f 930//930 939//939 934//934
f 935//935 936//936 940//940
f 936//936 937//937 938//938
f 935//935 940//940 939//939
f 936//936 938//938 940//940
f 604//604 941//941 938//938
f 529//529 942//942 604//604
f 790//790 907//907 943//943
f 824//824 790//790 943//943
f 907//907 902//902 944//944
f 907//907 944//944 943//943
f 902//902 945//945 944//944
f 902//902 901//901 945//945
f 901//901 946//946 945//945
f 824//824 943//943 947//947
f 943//943 944//944 948//948
f 824//824 947//947 825//825
f 943//943 948//948 947//947
f 944//944 945//945 949//949
f 944//944 949//949 948//948
f 945//945 950//950 949//949
f 901//901 904//904 946//946
f 904//904 911//911 951//951
f 904//904 951//951 946//946
f 911//911 912//912 952//952
f 912//912 913//913 953//953
f 911//911 952//952 951//951
f 912//912 953//953 952//952
f 945//945 946//946 950//950
f 946//946 951//951 954//954
f 946//946 954//954 950//950
f 952//952 953//953 955//955
f 952//952 955//955 956//956
f 951//951 952//952 956//956
f 951//951 956//956 954//954
f 825//825 947//947 957//957
f 947//947 948//948 958//958
f 825//825 957//957 839//839
f 947//947 958//958 957//957
f 948//948 949//949 959//959
f 948//948 959//959 958//958
f 949//949 960//960 959//959
f 839//839 957//957 961//961
f 957//957 958//958 962//962
f 839//839 961//961 843//843
f 957//957 962//962 961//961
f 958//958 959//959 963//963
f 958//958 963//963 962//962
f 959//959 964//964 963//963
f 949//949 950//950 960//960
f 950//950 954//954 965//965
f 950//950 965//965 960//960
f 954//954 956//956 966//966
f 956//956 955//955 967//967
f 954//954 966//966 965//965
f 956//956 967//967 966//966
f 959//959 960//960 964//964
f 965//965 968//968 960//960
f 960//960 968//968 964//964
f 965//965 966//966 969//969
f 966//966 967//967 970//970
f 965//965 969//969 968//968
f 966//966 970//970 969//969
f 931//931 932//932 971//971
f 931//931 971//971 972//972
f 931//931 972//972 913//913
f 972//972 953//953 913//913
f 932//932 933//933 973//973
f 932//932 973//973 971//971
f 933//933 974//974 973//973
f 972//972 975//975 953//953
f 972//972 971//971 976//976
f 953//953 975//975 955//955
f 972//972 976//976 975//975
f 971//971 973//973 977//977
f 971//971 977//977 976//976
f 973//973 978//978 977//977
f 933//933 934//934 974//974
f 934//934 939//939 979//979
f 934//934 979//979 974//974
f 939//939 940//940 980//980
f 940//940 938//938 981//981
f 939//939 980//980 979//979
f 940//940 981//981 980//980
f 938//938 941//941 981//981
f 973//973 974//974 978//978
f 974//974 979//979 982//982
f 974//974 982//982 978//978
f 979//979 980//980 983//983
f 980//980 981//981 941//941
f 979//979 983//983 982//982
f 980//980 941//941 983//983
f 604//604 942//942 941//941
f 975//975 984//984 955//955
f 975//975 976//976 985//985
f 955//955 984//984 967//967
f 975//975 985//985 984//984
f 976//976 977//977 986//986
f 976//976 986//986 985//985
f 977//977 987//987 986//986
f 967//967 984//984 988//988
f 984//984 985//985 989//989
f 967//967 988//988 970//970
f 984//984 989//989 988//988
f 985//985 986//986 990//990
f 985//985 990//990 989//989
f 986//986 991//991 990//990
f 977//977 978//978 987//987
f 978//978 982//982 992//992
f 978//978 992//992 987//987
f 982//982 983//983 993//993
f 983//983 941//941 994//994
f 982//982 993//993 992//992
f 983//983 994//994 993//993
f 941//941 995//995 994//994
f 986//986 987//987 991//991
f 987//987 992//992 996//996
f 987//987 996//996 991//991
f 992//992 993//993 997//997
f 993//993 994//994 995//995
f 992//992 997//997 996//996
f 993//993 995//995 997//997
f 529//529 729//729 998//998
f 727//727 999//999 729//729
f 873//873 1000//1000 1001//1001
f 1000//1000 1002//1002 1003//1003
f 873//873 1001//1001 874//874
f 1000//1000 1003//1003 1001//1001
f 1002//1002 1004//1004 1005//1005
f 1002//1002 1005//1005 1003//1003
f 1004//1004 1006//1006 1005//1005
f 1004//1004 1007//1007 1006//1006
f 1007//1007 1008//1008 1009//1009
f 1007//1007 1009//1009 1006//1006
f 1008//1008 1010//1010 1011//1011
f 1010//1010 1012//1012 1013//1013
f 1008//1008 1011//1011 1009//1009
f 1010//1010 1013//1013 1011//1011
f 873//873 1014//1014 1000//1000
f 1000//1000 1015//1015 1002//1002
f 1002//1002 1016//1016 1004//1004
f 1004//1004 1017//1017 1007//1007
f 1007//1007 1018//1018 1008//1008
f 1008//1008 1019//1019 1010//1010
f 1010//1010 1020//1020 1012//1012
f 1012//1012 1021//1021 1022//1022
f 1021//1021 1023//1023 1024//1024
f 1012//1012 1022//1022 1013//1013
f 1021//1021 1024//1024 1022//1022
f 1023//1023 1025//1025 1026//1026
f 1023//1023 1026//1026 1024//1024
f 1025//1025 1027//1027 1026//1026
f 1025//1025 1028//1028 1027//1027
f 1028//1028 1029//1029 1030//1030
f 1028//1028 1030//1030 1027//1027
f 1029//1029 1031//1031 1032//1032
f 1031//1031 729//729 999//999
f 1029//1029 1032//1032 1030//1030
f 1031//1031 999//999 1032//1032
f 1012//1012 1033//1033 1021//1021
f 1021//1021 1034//1034 1023//1023
f 1023//1023 1035//1035 1025//1025
f 1025//1025 1036//1036 1028//1028
f 1028//1028 1037//1037 1029//1029
f 1029//1029 1038//1038 1031//1031
f 1031//1031 1039//1039 729//729
f 401//401 1040//1040 412//412
f 1040//1040 1041//1041 1042//1042
f 1041//1041 1043//1043 1044//1044
f 1043//1043 1045//1045 1046//1046
f 1045//1045 1047//1047 1048//1048
f 412//412 1042//1042 413//413
f 413//413 1042//1042 1049//1049
f 1049//1049 1042//1042 1044//1044
f 1049//1049 1044//1044 1050//1050
f 413//413 1049//1049 416//416
f 416//416 1049//1049 1051//1051
f 416//416 1051//1051 417//417
f 417//417 1051//1051 1052//1052
f 1049//1049 1050//1050 1051//1051
f 1050//1050 1053//1053 1051//1051
f 1051//1051 1053//1053 1052//1052
f 1053//1053 1054//1054 1052//1052
f 412//412 1040//1040 1042//1042
f 1041//1041 1044//1044 1042//1042
f 1050//1050 1044//1044 1046//1046
f 1050//1050 1055//1055 1053//1053
f 1053//1053 1055//1055 1056//1056
f 1053//1053 1056//1056 1054//1054
f 1056//1056 1057//1057 1054//1054
f 1056//1056 1058//1058 1057//1057
f 1043//1043 1046//1046 1044//1044
f 1046//1046 1048//1048 1055//1055
f 1050//1050 1046//1046 1055//1055
f 1045//1045 1048//1048 1046//1046
f 1048//1048 1059//1059 1060//1060
f 1055//1055 1048//1048 1060//1060
f 1048//1048 1047//1047 1059//1059
f 1060//1060 1059//1059 1061//1061
f 1056//1056 1055//1055 1060//1060
f 1056//1056 1060//1060 1058//1058
f 1060//1060 1061//1061 1058//1058
f 1058//1058 1061//1061 1062//1062
f 1058//1058 1063//1063 1057//1057
f 1058//1058 1062//1062 1063//1063
f 1047//1047 1064//1064 1059//1059
f 1059//1059 1065//1065 1061//1061
f 1059//1059 1064//1064 1065//1065
f 1065//1065 1066//1066 1061//1061
f 1062//1062 1067//1067 1063//1063
f 1062//1062 1068//1068 1067//1067
f 1061//1061 1066//1066 1062//1062
f 1066//1066 1068//1068 1062//1062
f 1068//1068 1069//1069 1067//1067
f 1066//1066 1070//1070 1068//1068
f 1068//1068 1071//1071 1069//1069
f 1069//1069 1071//1071 1072//1072
f 459//459 1073//1073 1074//1074
f 459//459 1074//1074 462//462
f 462//462 1074//1074 1075//1075
f 462//462 1075//1075 463//463
f 463//463 1075//1075 1076//1076
f 1074//1074 1077//1077 1075//1075
f 1075//1075 1077//1077 1078//1078
f 1075//1075 1078//1078 1076//1076
f 1076//1076 1078//1078 1079//1079
f 1078//1078 1080//1080 1079//1079
f 1079//1079 1080//1080 1081//1081
f 473//473 1082//1082 474//474
f 474//474 1082//1082 1083//1083
f 473//473 417//417 1052//1052
f 473//473 1052//1052 1082//1082
f 1082//1082 1084//1084 1083//1083
f 1084//1084 1085//1085 1083//1083
f 1082//1082 1052//1052 1054//1054
f 1082//1082 1054//1054 1084//1084
f 474//474 1083//1083 477//477
f 477//477 1086//1086 458//458
f 477//477 1083//1083 1086//1086
f 1083//1083 1085//1085 1086//1086
f 1086//1086 1087//1087 1073//1073
f 1086//1086 1085//1085 1087//1087
f 1054//1054 1057//1057 1084//1084
f 1084//1084 1057//1057 1088//1088
f 1057//1057 1063//1063 1088//1088
f 1084//1084 1088//1088 1085//1085
f 1085//1085 1088//1088 1089//1089
f 1088//1088 1090//1090 1089//1089
f 1088//1088 1063//1063 1090//1090
f 1090//1090 1091//1091 1089//1089
f 1090//1090 1092//1092 1091//1091
f 1085//1085 1089//1089 1087//1087
f 1087//1087 1089//1089 1093//1093
f 1087//1087 1093//1093 1094//1094
f 1093//1093 1089//1089 1091//1091
f 1093//1093 1095//1095 1096//1096
f 1091//1091 1097//1097 1095//1095
f 1093//1093 1091//1091 1095//1095
f 1095//1095 1098//1098 1099//1099
f 1090//1090 1063//1063 1067//1067
f 459//459 458//458 1073//1073
f 458//458 1086//1086 1073//1073
f 1074//1074 1073//1073 1094//1094
f 1087//1087 1094//1094 1073//1073
f 1074//1074 1094//1094 1077//1077
f 1094//1094 1096//1096 1077//1077
f 1093//1093 1096//1096 1094//1094
f 1077//1077 1096//1096 1100//1100
f 1095//1095 1099//1099 1096//1096
f 1096//1096 1099//1099 1100//1100
f 1100//1100 1099//1099 1101//1101
f 1101//1101 1099//1099 1102//1102
f 1078//1078 1077//1077 1100//1100
f 1078//1078 1100//1100 1080//1080
f 1100//1100 1101//1101 1080//1080
f 1101//1101 1103//1103 1080//1080
f 1101//1101 1104//1104 1103//1103
f 1081//1081 1080//1080 1103//1103
f 1081//1081 1103//1103 1105//1105
f 1103//1103 1106//1106 1105//1105
f 1091//1091 1092//1092 1097//1097
f 1095//1095 1097//1097 1098//1098
f 1098//1098 1107//1107 1102//1102
f 1090//1090 1067//1067 1092//1092
f 1067//1067 1069//1069 1092//1092
f 1092//1092 1069//1069 1108//1108
f 1092//1092 1108//1108 1097//1097
f 1108//1108 1109//1109 1097//1097
f 1108//1108 1069//1069 1072//1072
f 1108//1108 1072//1072 1110//1110
f 1108//1108 1110//1110 1109//1109
f 1110//1110 1111//1111 1109//1109
f 1098//1098 1097//1097 1109//1109
f 1098//1098 1109//1109 1107//1107
f 1109//1109 1111//1111 1107//1107
f 1107//1107 1112//1112 1113//1113
f 1107//1107 1111//1111 1112//1112
f 1110//1110 1114//1114 1111//1111
f 1111//1111 1115//1115 1112//1112
f 1112//1112 1116//1116 1117//1117
f 1112//1112 1115//1115 1116//1116
f 1099//1099 1098//1098 1102//1102
f 1102//1102 1113//1113 1104//1104
f 1101//1101 1102//1102 1104//1104
f 1104//1104 1113//1113 1118//1118
f 1103//1103 1104//1104 1106//1106
f 1105//1105 1106//1106 1119//1119
f 1104//1104 1118//1118 1106//1106
f 1119//1119 1106//1106 1120//1120
f 1118//1118 1120//1120 1106//1106
f 1119//1119 1120//1120 1121//1121
f 1120//1120 1122//1122 1121//1121
f 1107//1107 1113//1113 1102//1102
f 1118//1118 1113//1113 1117//1117
f 1112//1112 1117//1117 1113//1113
f 1118//1118 1117//1117 1123//1123
f 1118//1118 1123//1123 1120//1120
f 1120//1120 1123//1123 1122//1122
f 1117//1117 1124//1124 1123//1123
f 1117//1117 1116//1116 1124//1124
f 1123//1123 1124//1124 1125//1125
f 1123//1123 1125//1125 1122//1122
f 1121//1121 1122//1122 1126//1126
f 1122//1122 1127//1127 1126//1126
f 1126//1126 1127//1127 1128//1128
f 1125//1125 1127//1127 1122//1122
f 1125//1125 1129//1129 1127//1127
f 1127//1127 1130//1130 1128//1128
f 1128//1128 1130//1130 1131//1131
f 1065//1065 1064//1064 1132//1132
f 1132//1132 1133//1133 1134//1134
f 1133//1133 1135//1135 1136//1136
f 1135//1135 1137//1137 1138//1138
f 1065//1065 1134//1134 1066//1066
f 1065//1065 1132//1132 1134//1134
f 1066//1066 1134//1134 1070//1070
f 1068//1068 1070//1070 1071//1071
f 1134//1134 1136//1136 1070//1070
f 1133//1133 1136//1136 1134//1134
f 1136//1136 1138//1138 1139//1139
f 1070//1070 1136//1136 1139//1139
f 1139//1139 1138//1138 1140//1140
f 1070//1070 1139//1139 1071//1071
f 1071//1071 1139//1139 1141//1141
f 1072//1072 1071//1071 1141//1141
f 1072//1072 1141//1141 1142//1142
f 1139//1139 1140//1140 1141//1141
f 1141//1141 1143//1143 1142//1142
f 1141//1141 1140//1140 1143//1143
f 1143//1143 1144//1144 1142//1142
f 1135//1135 1138//1138 1136//1136
f 1138//1138 1145//1145 1140//1140
f 1140//1140 1145//1145 1146//1146
f 1137//1137 1145//1145 1138//1138
f 1143//1143 1140//1140 1146//1146
f 1143//1143 1146//1146 1147//1147
f 1143//1143 1147//1147 1144//1144
f 1144//1144 1147//1147 1148//1148
f 1072//1072 1142//1142 1110//1110
f 1110//1110 1142//1142 1114//1114
f 1142//1142 1144//1144 1114//1114
f 1111//1111 1114//1114 1115//1115
f 1114//1114 1149//1149 1115//1115
f 1149//1149 1150//1150 1115//1115
f 1114//1114 1144//1144 1149//1149
f 1144//1144 1148//1148 1149//1149
f 1149//1149 1151//1151 1150//1150
f 1115//1115 1150//1150 1116//1116
f 1124//1124 1116//1116 1152//1152
f 1116//1116 1150//1150 1152//1152
f 1150//1150 1153//1153 1152//1152
f 1152//1152 1154//1154 1155//1155
f 1149//1149 1148//1148 1151//1151
f 1124//1124 1155//1155 1125//1125
f 1124//1124 1152//1152 1155//1155
f 1125//1125 1155//1155 1129//1129
f 1127//1127 1129//1129 1130//1130
f 1137//1137 1156//1156 1145//1145
f 1145//1145 1157//1157 1146//1146
f 1146//1146 1157//1157 1158//1158
f 1146//1146 1158//1158 1147//1147
f 1147//1147 1158//1158 1159//1159
f 1147//1147 1159//1159 1148//1148
f 1159//1159 1160//1160 1148//1148
f 1156//1156 1161//1161 1157//1157
f 1161//1161 1162//1162 1163//1163
f 1162//1162 1164//1164 1165//1165
f 1145//1145 1156//1156 1157//1157
f 1157//1157 1163//1163 1158//1158
f 1161//1161 1163//1163 1157//1157
f 1163//1163 1165//1165 1166//1166
f 1158//1158 1163//1163 1166//1166
f 1158//1158 1166//1166 1159//1159
f 1166//1166 1167//1167 1159//1159
f 1159//1159 1167//1167 1160//1160
f 1167//1167 1168//1168 1160//1160
f 1166//1166 1169//1169 1167//1167
f 1167//1167 1170//1170 1168//1168
f 1170//1170 1171//1171 1168//1168
f 1162//1162 1165//1165 1163//1163
f 1166//1166 1165//1165 1169//1169
f 1165//1165 1172//1172 1169//1169
f 1167//1167 1169//1169 1170//1170
f 1165//1165 1164//1164 1172//1172
f 1169//1169 1172//1172 1173//1173
f 1170//1170 1174//1174 1171//1171
f 1169//1169 1173//1173 1170//1170
f 1170//1170 1173//1173 1174//1174
f 1174//1174 1175//1175 1171//1171
f 1150//1150 1151//1151 1153//1153
f 1152//1152 1153//1153 1154//1154
f 1151//1151 1176//1176 1153//1153
f 1148//1148 1160//1160 1151//1151
f 1151//1151 1160//1160 1176//1176
f 1176//1176 1177//1177 1153//1153
f 1176//1176 1178//1178 1177//1177
f 1153//1153 1177//1177 1154//1154
f 1154//1154 1179//1179 1180//1180
f 1154//1154 1177//1177 1179//1179
f 1177//1177 1181//1181 1179//1179
f 1179//1179 1182//1182 1183//1183
f 1155//1155 1180//1180 1129//1129
f 1155//1155 1154//1154 1180//1180
f 1129//1129 1180//1180 1184//1184
f 1129//1129 1184//1184 1130//1130
f 1130//1130 1185//1185 1131//1131
f 1131//1131 1185//1185 1186//1186
f 1130//1130 1184//1184 1185//1185
f 1184//1184 1187//1187 1185//1185
f 1185//1185 1188//1188 1186//1186
f 1180//1180 1183//1183 1184//1184
f 1179//1179 1183//1183 1180//1180
f 1184//1184 1183//1183 1187//1187
f 1187//1187 1183//1183 1189//1189
f 1183//1183 1182//1182 1189//1189
f 1187//1187 1189//1189 1190//1190
f 1185//1185 1187//1187 1188//1188
f 1186//1186 1188//1188 1191//1191
f 1188//1188 1192//1192 1191//1191
f 1187//1187 1190//1190 1188//1188
f 1188//1188 1190//1190 1192//1192
f 1191//1191 1192//1192 1193//1193
f 1160//1160 1168//1168 1176//1176
f 1176//1176 1168//1168 1178//1178
f 1177//1177 1178//1178 1181//1181
f 1178//1178 1168//1168 1171//1171
f 1178//1178 1171//1171 1194//1194
f 1178//1178 1194//1194 1181//1181
f 1179//1179 1181//1181 1182//1182
f 1181//1181 1195//1195 1182//1182
f 1181//1181 1194//1194 1195//1195
f 1182//1182 1196//1196 1189//1189
f 1182//1182 1195//1195 1196//1196
f 1171//1171 1175//1175 1194//1194
f 1195//1195 1194//1194 1197//1197
f 1195//1195 1197//1197 1198//1198
f 1194//1194 1175//1175 1197//1197
f 1197//1197 1199//1199 1198//1198
f 1195//1195 1198//1198 1196//1196
f 1196//1196 1200//1200 1201//1201
f 1196//1196 1198//1198 1200//1200
f 1198//1198 1202//1202 1200//1200
f 1200//1200 1203//1203 1204//1204
f 1189//1189 1201//1201 1190//1190
f 1196//1196 1201//1201 1189//1189
f 1201//1201 1204//1204 1205//1205
f 1190//1190 1201//1201 1205//1205
f 1192//1192 1190//1190 1205//1205
f 1192//1192 1205//1205 1206//1206
f 1192//1192 1206//1206 1193//1193
f 1193//1193 1206//1206 1207//1207
f 1205//1205 1208//1208 1206//1206
f 1206//1206 1209//1209 1207//1207
f 1200//1200 1204//1204 1201//1201
f 1205//1205 1204//1204 1208//1208
f 1204//1204 1210//1210 1208//1208
f 1208//1208 1210//1210 1211//1211
f 1206//1206 1208//1208 1209//1209
f 1207//1207 1209//1209 1212//1212
f 1208//1208 1211//1211 1209//1209
f 1209//1209 1211//1211 1213//1213
f 1209//1209 1213//1213 1212//1212
f 1212//1212 1213//1213 1214//1214
f 654//654 1215//1215 655//655
f 655//655 1215//1215 1216//1216
f 463//463 1076//1076 654//654
f 654//654 1076//1076 1215//1215
f 1217//1217 1218//1218 1216//1216
f 1076//1076 1079//1079 1215//1215
f 1079//1079 1217//1217 1215//1215
f 1215//1215 1217//1217 1216//1216
f 655//655 1216//1216 658//658
f 658//658 1219//1219 672//672
f 658//658 1216//1216 1219//1219
f 1216//1216 1218//1218 1219//1219
f 1219//1219 1220//1220 1221//1221
f 1219//1219 1218//1218 1220//1220
f 1079//1079 1081//1081 1217//1217
f 1081//1081 1222//1222 1217//1217
f 1217//1217 1222//1222 1218//1218
f 1218//1218 1222//1222 1223//1223
f 1081//1081 1105//1105 1222//1222
f 1105//1105 1224//1224 1222//1222
f 1222//1222 1224//1224 1223//1223
f 1224//1224 1225//1225 1223//1223
f 1218//1218 1223//1223 1220//1220
f 1220//1220 1226//1226 1227//1227
f 1220//1220 1223//1223 1226//1226
f 1223//1223 1225//1225 1226//1226
f 1226//1226 1225//1225 1228//1228
f 1226//1226 1228//1228 1229//1229
f 669//669 1230//1230 670//670
f 670//670 1230//1230 1231//1231
f 670//670 1231//1231 671//671
f 671//671 1231//1231 1232//1232
f 1230//1230 1233//1233 1231//1231
f 1231//1231 1233//1233 1234//1234
f 1231//1231 1234//1234 1232//1232
f 1234//1234 1235//1235 1232//1232
f 669//669 672//672 1221//1221
f 672//672 1219//1219 1221//1221
f 669//669 1221//1221 1230//1230
f 1230//1230 1221//1221 1227//1227
f 1220//1220 1227//1227 1221//1221
f 1230//1230 1227//1227 1233//1233
f 1234//1234 1236//1236 1235//1235
f 1236//1236 1237//1237 1235//1235
f 1227//1227 1229//1229 1233//1233
f 1226//1226 1229//1229 1227//1227
f 1233//1233 1229//1229 1238//1238
f 1229//1229 1239//1239 1238//1238
f 1238//1238 1239//1239 1240//1240
f 1228//1228 1239//1239 1229//1229
f 1234//1234 1233//1233 1238//1238
f 1234//1234 1238//1238 1236//1236
f 1238//1238 1240//1240 1236//1236
f 1240//1240 1241//1241 1236//1236
f 1236//1236 1241//1241 1237//1237
f 1241//1241 1242//1242 1237//1237
f 1225//1225 1243//1243 1228//1228
f 1228//1228 1243//1243 1244//1244
f 1228//1228 1244//1244 1239//1239
f 1240//1240 1239//1239 1245//1245
f 1239//1239 1244//1244 1245//1245
f 1240//1240 1245//1245 1246//1246
f 1245//1245 1247//1247 1246//1246
f 1241//1241 1248//1248 1242//1242
f 1248//1248 1249//1249 1242//1242
f 1240//1240 1246//1246 1241//1241
f 1241//1241 1246//1246 1248//1248
f 1246//1246 1250//1250 1248//1248
f 1248//1248 1250//1250 1251//1251
f 1248//1248 1251//1251 1249//1249
f 1251//1251 1252//1252 1249//1249
f 1105//1105 1119//1119 1224//1224
f 1119//1119 1253//1253 1224//1224
f 1119//1119 1121//1121 1253//1253
f 1224//1224 1253//1253 1225//1225
f 1225//1225 1253//1253 1243//1243
f 1253//1253 1254//1254 1243//1243
f 1254//1254 1255//1255 1243//1243
f 1121//1121 1254//1254 1253//1253
f 1121//1121 1126//1126 1254//1254
f 1254//1254 1256//1256 1255//1255
f 1243//1243 1255//1255 1244//1244
f 1245//1245 1244//1244 1257//1257
f 1244//1244 1255//1255 1257//1257
f 1257//1257 1258//1258 1247//1247
f 1255//1255 1259//1259 1257//1257
f 1126//1126 1256//1256 1254//1254
f 1255//1255 1256//1256 1259//1259
f 1259//1259 1260//1260 1258//1258
f 1257//1257 1259//1259 1258//1258
f 1258//1258 1261//1261 1262//1262
f 1126//1126 1128//1128 1256//1256
f 1128//1128 1263//1263 1256//1256
f 1256//1256 1263//1263 1259//1259
f 1259//1259 1263//1263 1260//1260
f 1128//1128 1131//1131 1263//1263
f 1131//1131 1264//1264 1263//1263
f 1263//1263 1264//1264 1260//1260
f 1260//1260 1264//1264 1265//1265
f 1260//1260 1265//1265 1261//1261
f 1258//1258 1260//1260 1261//1261
f 1261//1261 1266//1266 1267//1267
f 1261//1261 1265//1265 1266//1266
f 1245//1245 1257//1257 1247//1247
f 1246//1246 1247//1247 1250//1250
f 1247//1247 1262//1262 1250//1250
f 1250//1250 1262//1262 1268//1268
f 1258//1258 1262//1262 1247//1247
f 1262//1262 1267//1267 1268//1268
f 1261//1261 1267//1267 1262//1262
f 1268//1268 1267//1267 1269//1269
f 1251//1251 1250//1250 1268//1268
f 1251//1251 1268//1268 1270//1270
f 1251//1251 1270//1270 1252//1252
f 1270//1270 1271//1271 1252//1252
f 1268//1268 1269//1269 1270//1270
f 1270//1270 1272//1272 1271//1271
f 1269//1269 1272//1272 1270//1270
f 1272//1272 1273//1273 1271//1271
f 1272//1272 1274//1274 1273//1273
f 1269//1269 1267//1267 1275//1275
f 1267//1267 1266//1266 1275//1275
f 1269//1269 1276//1276 1272//1272
f 712//712 1277//1277 1278//1278
f 671//671 1232//1232 711//711
f 711//711 1232//1232 1277//1277
f 711//711 1277//1277 712//712
f 1232//1232 1235//1235 1277//1277
f 1235//1235 1279//1279 1277//1277
f 1277//1277 1279//1279 1278//1278
f 1278//1278 1279//1279 1280//1280
f 712//712 1278//1278 715//715
f 715//715 1281//1281 723//723
f 715//715 1278//1278 1281//1281
f 1278//1278 1280//1280 1281//1281
f 1281//1281 1282//1282 1283//1283
f 1281//1281 1280//1280 1282//1282
f 1235//1235 1237//1237 1279//1279
f 1237//1237 1284//1284 1279//1279
f 1279//1279 1284//1284 1280//1280
f 1284//1284 1285//1285 1280//1280
f 1284//1284 1286//1286 1285//1285
f 1285//1285 1286//1286 1287//1287
f 1282//1282 1288//1288 1289//1289
f 1282//1282 1280//1280 1285//1285
f 1282//1282 1285//1285 1288//1288
f 1285//1285 1287//1287 1288//1288
f 1288//1288 1290//1290 1291//1291
f 1288//1288 1287//1287 1290//1290
f 1237//1237 1242//1242 1284//1284
f 1284//1284 1242//1242 1286//1286
f 723//723 1283//1283 724//724
f 723//723 1281//1281 1283//1283
f 724//724 1283//1283 1292//1292
f 1283//1283 1289//1289 1292//1292
f 1282//1282 1289//1289 1283//1283
f 1292//1292 1289//1289 1293//1293
f 724//724 1292//1292 728//728
f 728//728 1292//1292 1294//1294
f 728//728 1294//1294 727//727
f 727//727 1294//1294 1295//1295
f 1292//1292 1293//1293 1294//1294
f 1294//1294 1293//1293 1296//1296
f 1294//1294 1296//1296 1295//1295
f 727//727 1295//1295 1297//1297
f 1295//1295 1296//1296 1297//1297
f 1289//1289 1291//1291 1293//1293
f 1288//1288 1291//1291 1289//1289
f 1293//1293 1291//1291 1298//1298
f 1291//1291 1299//1299 1298//1298
f 1291//1291 1290//1290 1299//1299
f 1298//1298 1299//1299 1300//1300
f 1293//1293 1298//1298 1296//1296
f 1298//1298 1301//1301 1296//1296
f 1296//1296 1301//1301 1297//1297
f 1297//1297 1301//1301 1302//1302
f 1298//1298 1300//1300 1301//1301
f 1301//1301 1300//1300 1303//1303
f 1301//1301 1303//1303 1302//1302
f 1297//1297 1302//1302 1304//1304
f 1302//1302 1303//1303 1304//1304
f 1287//1287 1305//1305 1290//1290
f 1290//1290 1306//1306 1299//1299
f 1242//1242 1249//1249 1286//1286
f 1249//1249 1307//1307 1286//1286
f 1287//1287 1286//1286 1307//1307
f 1287//1287 1307//1307 1305//1305
f 1307//1307 1308//1308 1305//1305
f 1249//1249 1252//1252 1307//1307
f 1307//1307 1252//1252 1308//1308
f 1308//1308 1309//1309 1305//1305
f 1290//1290 1305//1305 1306//1306
f 1305//1305 1309//1309 1306//1306
f 1306//1306 1310//1310 1311//1311
f 1306//1306 1309//1309 1310//1310
f 1252//1252 1271//1271 1308//1308
f 1308//1308 1312//1312 1309//1309
f 1309//1309 1312//1312 1313//1313
f 1309//1309 1313//1313 1310//1310
f 1310//1310 1314//1314 1315//1315
f 1310//1310 1313//1313 1314//1314
f 1299//1299 1311//1311 1300//1300
f 1306//1306 1311//1311 1299//1299
f 1300//1300 1311//1311 1316//1316
f 1300//1300 1316//1316 1303//1303
f 1316//1316 1317//1317 1303//1303
f 1303//1303 1317//1317 1304//1304
f 1297//1297 1304//1304 1318//1318
f 1304//1304 1317//1317 1319//1319
f 1316//1316 1320//1320 1317//1317
f 1317//1317 1321//1321 1319//1319
f 1304//1304 1319//1319 1318//1318
f 1311//1311 1315//1315 1316//1316
f 1310//1310 1315//1315 1311//1311
f 1316//1316 1315//1315 1320//1320
f 1317//1317 1320//1320 1321//1321
f 1319//1319 1321//1321 1318//1318
f 1315//1315 1322//1322 1320//1320
f 1314//1314 1322//1322 1315//1315
f 1320//1320 1322//1322 1323//1323
f 1322//1322 1324//1324 1323//1323
f 1320//1320 1323//1323 1321//1321
f 1321//1321 1325//1325 1318//1318
f 1323//1323 1325//1325 1321//1321
f 1318//1318 1325//1325 1326//1326
f 1323//1323 1327//1327 1325//1325
f 1325//1325 1327//1327 1328//1328
f 1318//1318 1326//1326 1329//1329
f 1325//1325 1328//1328 1326//1326
f 1326//1326 1328//1328 1329//1329
f 1308//1308 1271//1271 1312//1312
f 1271//1271 1273//1273 1312//1312
f 1312//1312 1273//1273 1330//1330
f 1312//1312 1330//1330 1313//1313
f 1330//1330 1331//1331 1313//1313
f 1273//1273 1332//1332 1330//1330
f 1314//1314 1313//1313 1331//1331
f 1314//1314 1333//1333 1322//1322
f 1314//1314 1331//1331 1333//1333
f 1322//1322 1333//1333 1324//1324
f 1323//1323 1324//1324 1327//1327
f 1318//1318 1329//1329 1334//1334
f 727//727 1297//1297 1335//1335
f 1297//1297 1318//1318 1335//1335
f 1265//1265 1336//1336 1266//1266
f 1266//1266 1337//1337 1275//1275
f 1269//1269 1275//1275 1276//1276
f 1276//1276 1275//1275 1338//1338
f 1276//1276 1338//1338 1339//1339
f 1272//1272 1276//1276 1274//1274
f 1273//1273 1274//1274 1332//1332
f 1276//1276 1339//1339 1274//1274
f 1274//1274 1339//1339 1340//1340
f 1274//1274 1340//1340 1332//1332
f 1340//1340 1341//1341 1332//1332
f 1330//1330 1342//1342 1331//1331
f 1331//1331 1342//1342 1343//1343
f 1331//1331 1343//1343 1333//1333
f 1333//1333 1344//1344 1324//1324
f 1333//1333 1343//1343 1344//1344
f 1330//1330 1332//1332 1342//1342
f 1332//1332 1341//1341 1342//1342
f 1342//1342 1345//1345 1343//1343
f 1345//1345 1346//1346 1343//1343
f 1342//1342 1341//1341 1345//1345
f 1345//1345 1347//1347 1346//1346
f 1344//1344 1343//1343 1346//1346
f 1344//1344 1348//1348 1349//1349
f 1344//1344 1346//1346 1348//1348
f 1346//1346 1350//1350 1348//1348
f 1348//1348 1351//1351 1352//1352
f 1348//1348 1350//1350 1351//1351
f 1324//1324 1349//1349 1327//1327
f 1324//1324 1344//1344 1349//1349
f 1327//1327 1349//1349 1353//1353
f 1349//1349 1352//1352 1353//1353
f 1327//1327 1353//1353 1328//1328
f 1328//1328 1354//1354 1329//1329
f 1353//1353 1354//1354 1328//1328
f 1329//1329 1354//1354 1355//1355
f 1329//1329 1355//1355 1334//1334
f 1353//1353 1356//1356 1354//1354
f 1354//1354 1357//1357 1355//1355
f 1348//1348 1352//1352 1349//1349
f 1353//1353 1352//1352 1356//1356
f 1352//1352 1358//1358 1356//1356
f 1354//1354 1356//1356 1357//1357
f 1355//1355 1357//1357 1334//1334
f 1318//1318 1334//1334 1359//1359
f 1352//1352 1351//1351 1358//1358
f 1356//1356 1358//1358 1360//1360
f 1356//1356 1360//1360 1357//1357
f 1357//1357 1360//1360 1361//1361
f 1357//1357 1361//1361 1334//1334
f 1334//1334 1361//1361 1362//1362
f 1334//1334 1362//1362 1363//1363
f 1131//1131 1186//1186 1264//1264
f 1186//1186 1364//1364 1264//1264
f 1264//1264 1364//1364 1265//1265
f 1265//1265 1364//1364 1336//1336
f 1186//1186 1191//1191 1364//1364
f 1191//1191 1365//1365 1364//1364
f 1364//1364 1365//1365 1336//1336
f 1336//1336 1365//1365 1366//1366
f 1266//1266 1336//1336 1337//1337
f 1337//1337 1367//1367 1338//1338
f 1336//1336 1366//1366 1337//1337
f 1337//1337 1366//1366 1367//1367
f 1191//1191 1193//1193 1365//1365
f 1366//1366 1365//1365 1368//1368
f 1193//1193 1368//1368 1365//1365
f 1366//1366 1369//1369 1367//1367
f 1366//1366 1368//1368 1369//1369
f 1368//1368 1370//1370 1369//1369
f 1367//1367 1371//1371 1372//1372
f 1367//1367 1369//1369 1371//1371
f 1369//1369 1373//1373 1371//1371
f 1371//1371 1374//1374 1375//1375
f 1275//1275 1337//1337 1338//1338
f 1338//1338 1372//1372 1339//1339
f 1367//1367 1372//1372 1338//1338
f 1339//1339 1372//1372 1376//1376
f 1340//1340 1339//1339 1376//1376
f 1340//1340 1376//1376 1377//1377
f 1340//1340 1377//1377 1341//1341
f 1341//1341 1377//1377 1378//1378
f 1372//1372 1375//1375 1376//1376
f 1376//1376 1379//1379 1377//1377
f 1377//1377 1380//1380 1378//1378
f 1380//1380 1381//1381 1378//1378
f 1371//1371 1375//1375 1372//1372
f 1376//1376 1375//1375 1379//1379
f 1375//1375 1382//1382 1379//1379
f 1375//1375 1374//1374 1382//1382
f 1379//1379 1382//1382 1383//1383
f 1377//1377 1379//1379 1380//1380
f 1380//1380 1384//1384 1381//1381
f 1379//1379 1383//1383 1380//1380
f 1380//1380 1383//1383 1384//1384
f 1384//1384 1385//1385 1381//1381
f 1193//1193 1207//1207 1368//1368
f 1207//1207 1370//1370 1368//1368
f 1369//1369 1370//1370 1373//1373
f 1207//1207 1212//1212 1370//1370
f 1212//1212 1386//1386 1370//1370
f 1370//1370 1386//1386 1373//1373
f 1373//1373 1386//1386 1387//1387
f 1371//1371 1373//1373 1374//1374
f 1374//1374 1388//1388 1382//1382
f 1373//1373 1387//1387 1374//1374
f 1374//1374 1387//1387 1388//1388
f 1212//1212 1214//1214 1386//1386
f 1386//1386 1389//1389 1387//1387
f 1386//1386 1214//1214 1389//1389
f 1387//1387 1389//1389 1390//1390
f 1387//1387 1390//1390 1388//1388
f 1388//1388 1391//1391 1392//1392
f 1382//1382 1392//1392 1383//1383
f 1388//1388 1392//1392 1382//1382
f 1383//1383 1392//1392 1393//1393
f 1384//1384 1383//1383 1393//1393
f 1384//1384 1394//1394 1385//1385
f 1394//1394 1395//1395 1385//1385
f 1384//1384 1393//1393 1394//1394
f 1388//1388 1390//1390 1391//1391
f 1394//1394 1396//1396 1395//1395
f 1392//1392 1397//1397 1393//1393
f 1392//1392 1391//1391 1397//1397
f 1393//1393 1397//1397 1398//1398
f 1397//1397 1399//1399 1398//1398
f 1393//1393 1398//1398 1394//1394
f 1394//1394 1398//1398 1396//1396
f 1396//1396 1400//1400 1395//1395
f 1398//1398 1401//1401 1396//1396
f 1396//1396 1402//1402 1400//1400
f 1341//1341 1378//1378 1345//1345
f 1345//1345 1378//1378 1347//1347
f 1346//1346 1347//1347 1350//1350
f 1378//1378 1381//1381 1347//1347
f 1347//1347 1381//1381 1403//1403
f 1347//1347 1403//1403 1350//1350
f 1350//1350 1403//1403 1404//1404
f 1350//1350 1404//1404 1351//1351
f 1351//1351 1405//1405 1358//1358
f 1351//1351 1404//1404 1405//1405
f 1381//1381 1385//1385 1403//1403
f 1404//1404 1403//1403 1406//1406
f 1403//1403 1385//1385 1406//1406
f 1404//1404 1406//1406 1407//1407
f 1404//1404 1407//1407 1405//1405
f 1405//1405 1408//1408 1409//1409
f 1405//1405 1407//1407 1408//1408
f 1407//1407 1410//1410 1408//1408
f 1360//1360 1358//1358 1409//1409
f 1405//1405 1409//1409 1358//1358
f 1360//1360 1409//1409 1411//1411
f 1360//1360 1411//1411 1361//1361
f 1361//1361 1412//1412 1362//1362
f 1361//1361 1411//1411 1412//1412
f 1362//1362 1412//1412 1363//1363
f 1411//1411 1413//1413 1412//1412
f 1334//1334 1363//1363 1359//1359
f 1412//1412 1414//1414 1363//1363
f 1409//1409 1415//1415 1411//1411
f 1408//1408 1415//1415 1409//1409
f 1411//1411 1415//1415 1413//1413
f 1412//1412 1413//1413 1414//1414
f 1363//1363 1414//1414 1416//1416
f 1385//1385 1395//1395 1406//1406
f 1406//1406 1417//1417 1407//1407
f 1318//1318 1359//1359 1418//1418
f 1408//1408 1419//1419 1415//1415
f 1415//1415 1420//1420 1413//1413
f 1363//1363 1416//1416 1359//1359
f 1413//1413 1421//1421 1414//1414
f 1414//1414 1421//1421 1422//1422
f 1414//1414 1422//1422 1416//1416
f 1416//1416 1422//1422 1359//1359
f 1406//1406 1395//1395 1417//1417
f 1407//1407 1417//1417 1410//1410
f 1395//1395 1400//1400 1417//1417
f 1417//1417 1423//1423 1410//1410
f 1408//1408 1410//1410 1419//1419
f 1419//1419 1410//1410 1424//1424
f 1419//1419 1425//1425 1420//1420
f 1417//1417 1400//1400 1423//1423
f 1410//1410 1423//1423 1424//1424
f 1400//1400 1426//1426 1423//1423
f 1423//1423 1427//1427 1424//1424
f 1424//1424 1427//1427 1428//1428
f 1419//1419 1424//1424 1425//1425
f 1424//1424 1428//1428 1425//1425
f 1425//1425 1429//1429 1430//1430
f 1425//1425 1428//1428 1429//1429
f 1415//1415 1419//1419 1420//1420
f 1413//1413 1420//1420 1421//1421
f 1420//1420 1430//1430 1421//1421
f 1425//1425 1430//1430 1420//1420
f 1421//1421 1430//1430 1431//1431
f 1421//1421 1431//1431 1422//1422
f 1422//1422 1432//1432 1359//1359
f 1422//1422 1431//1431 1432//1432
f 1359//1359 1432//1432 1433//1433
f 1430//1430 1434//1434 1431//1431
f 1430//1430 1429//1429 1434//1434
f 1431//1431 1434//1434 1435//1435
f 1431//1431 1435//1435 1432//1432
f 1359//1359 1433//1433 1436//1436
f 1432//1432 1437//1437 1433//1433
f 1432//1432 1435//1435 1437//1437
f 1433//1433 1437//1437 1436//1436
f 1438//1438 1439//1439 1440//1440
f 1438//1438 1440//1440 1441//1441
f 1439//1439 846//846 1440//1440
f 846//846 848//848 1442//1442
f 846//846 1442//1442 1440//1440
f 848//848 851//851 1443//1443
f 851//851 853//853 1444//1444
f 848//848 1443//1443 1442//1442
f 851//851 1444//1444 1443//1443
f 1441//1441 1440//1440 1445//1445
f 1440//1440 1442//1442 1446//1446
f 1442//1442 1443//1443 1447//1447
f 1443//1443 1444//1444 1448//1448
f 853//853 862//862 1449//1449
f 862//862 864//864 1450//1450
f 853//853 1449//1449 1444//1444
f 862//862 1450//1450 1449//1449
f 864//864 866//866 1451//1451
f 864//864 1451//1451 1450//1450
f 866//866 1452//1452 1451//1451
f 866//866 867//867 1452//1452
f 867//867 870//870 1453//1453
f 867//867 1453//1453 1452//1452
f 870//870 872//872 1454//1454
f 872//872 874//874 1455//1455
f 870//870 1454//1454 1453//1453
f 872//872 1455//1455 1454//1454
f 1444//1444 1449//1449 1456//1456
f 1449//1449 1450//1450 1457//1457
f 1450//1450 1451//1451 1458//1458
f 1451//1451 1452//1452 1459//1459
f 1452//1452 1453//1453 1460//1460
f 1453//1453 1454//1454 1461//1461
f 1454//1454 1455//1455 1462//1462
f 1164//1164 1463//1463 1172//1172
f 1463//1463 1464//1464 1465//1465
f 1464//1464 1466//1466 1467//1467
f 1173//1173 1172//1172 1465//1465
f 1173//1173 1465//1465 1468//1468
f 1463//1463 1465//1465 1172//1172
f 1465//1465 1467//1467 1468//1468
f 1173//1173 1468//1468 1174//1174
f 1174//1174 1468//1468 1469//1469
f 1174//1174 1469//1469 1175//1175
f 1175//1175 1469//1469 1470//1470
f 1468//1468 1471//1471 1469//1469
f 1469//1469 1472//1472 1470//1470
f 1464//1464 1467//1467 1465//1465
f 1468//1468 1467//1467 1471//1471
f 1467//1467 1473//1473 1471//1471
f 1471//1471 1473//1473 1474//1474
f 1469//1469 1471//1471 1472//1472
f 1472//1472 1475//1475 1470//1470
f 1471//1471 1474//1474 1472//1472
f 1472//1472 1474//1474 1476//1476
f 1472//1472 1476//1476 1475//1475
f 1476//1476 1477//1477 1475//1475
f 1466//1466 1478//1478 1473//1473
f 1467//1467 1466//1466 1473//1473
f 1473//1473 1479//1479 1474//1474
f 1478//1478 1479//1479 1473//1473
f 1474//1474 1479//1479 1480//1480
f 1474//1474 1480//1480 1476//1476
f 1478//1478 1481//1481 1479//1479
f 1476//1476 1482//1482 1477//1477
f 1476//1476 1480//1480 1482//1482
f 1482//1482 1483//1483 1477//1477
f 1480//1480 1479//1479 1484//1484
f 1481//1481 1484//1484 1479//1479
f 1480//1480 1484//1484 1485//1485
f 1480//1480 1485//1485 1482//1482
f 1482//1482 1485//1485 1486//1486
f 1482//1482 1486//1486 1483//1483
f 1486//1486 1487//1487 1483//1483
f 1486//1486 1488//1488 1487//1487
f 1175//1175 1470//1470 1197//1197
f 1197//1197 1470//1470 1199//1199
f 1198//1198 1199//1199 1202//1202
f 1199//1199 1470//1470 1475//1475
f 1199//1199 1475//1475 1489//1489
f 1199//1199 1489//1489 1202//1202
f 1202//1202 1489//1489 1490//1490
f 1200//1200 1202//1202 1203//1203
f 1202//1202 1490//1490 1203//1203
f 1203//1203 1491//1491 1210//1210
f 1203//1203 1490//1490 1491//1491
f 1489//1489 1492//1492 1490//1490
f 1475//1475 1477//1477 1489//1489
f 1489//1489 1477//1477 1492//1492
f 1204//1204 1203//1203 1210//1210
f 1210//1210 1493//1493 1211//1211
f 1491//1491 1493//1493 1210//1210
f 1211//1211 1494//1494 1213//1213
f 1490//1490 1492//1492 1495//1495
f 1490//1490 1495//1495 1491//1491
f 1491//1491 1496//1496 1493//1493
f 1491//1491 1495//1495 1496//1496
f 1211//1211 1493//1493 1494//1494
f 1213//1213 1497//1497 1214//1214
f 1213//1213 1494//1494 1497//1497
f 1214//1214 1497//1497 1498//1498
f 1494//1494 1493//1493 1499//1499
f 1496//1496 1499//1499 1493//1493
f 1494//1494 1499//1499 1500//1500
f 1494//1494 1500//1500 1497//1497
f 1497//1497 1500//1500 1501//1501
f 1497//1497 1501//1501 1498//1498
f 1498//1498 1501//1501 1502//1502
f 1501//1501 1503//1503 1502//1502
f 1477//1477 1483//1483 1492//1492
f 1495//1495 1492//1492 1504//1504
f 1492//1492 1483//1483 1504//1504
f 1495//1495 1504//1504 1505//1505
f 1495//1495 1505//1505 1496//1496
f 1496//1496 1506//1506 1499//1499
f 1496//1496 1505//1505 1506//1506
f 1506//1506 1507//1507 1508//1508
f 1483//1483 1487//1487 1504//1504
f 1504//1504 1487//1487 1509//1509
f 1504//1504 1509//1509 1505//1505
f 1505//1505 1509//1509 1510//1510
f 1487//1487 1511//1511 1509//1509
f 1509//1509 1512//1512 1510//1510
f 1505//1505 1510//1510 1506//1506
f 1506//1506 1510//1510 1507//1507
f 1510//1510 1513//1513 1507//1507
f 1507//1507 1514//1514 1515//1515
f 1499//1499 1508//1508 1500//1500
f 1499//1499 1506//1506 1508//1508
f 1500//1500 1508//1508 1516//1516
f 1508//1508 1515//1515 1516//1516
f 1500//1500 1516//1516 1501//1501
f 1501//1501 1516//1516 1503//1503
f 1502//1502 1503//1503 1517//1517
f 1516//1516 1518//1518 1503//1503
f 1503//1503 1519//1519 1517//1517
f 1507//1507 1515//1515 1508//1508
f 1516//1516 1515//1515 1518//1518
f 1518//1518 1515//1515 1520//1520
f 1503//1503 1518//1518 1519//1519
f 1517//1517 1519//1519 1521//1521
f 1518//1518 1522//1522 1519//1519
f 1519//1519 1523//1523 1521//1521
f 1521//1521 1523//1523 1524//1524
f 1481//1481 1525//1525 1484//1484
f 1525//1525 1526//1526 1527//1527
f 1526//1526 1528//1528 1529//1529
f 1484//1484 1527//1527 1485//1485
f 1484//1484 1525//1525 1527//1527
f 1485//1485 1527//1527 1530//1530
f 1527//1527 1529//1529 1530//1530
f 1485//1485 1530//1530 1486//1486
f 1486//1486 1530//1530 1488//1488
f 1487//1487 1488//1488 1511//1511
f 1530//1530 1531//1531 1488//1488
f 1488//1488 1532//1532 1511//1511
f 1526//1526 1529//1529 1527//1527
f 1530//1530 1529//1529 1531//1531
f 1529//1529 1533//1533 1531//1531
f 1488//1488 1531//1531 1532//1532
f 1531//1531 1534//1534 1532//1532
f 1532//1532 1535//1535 1511//1511
f 1532//1532 1534//1534 1536//1536
f 1532//1532 1536//1536 1535//1535
f 1536//1536 1537//1537 1535//1535
f 1528//1528 1538//1538 1533//1533
f 1538//1538 1539//1539 1540//1540
f 1529//1529 1528//1528 1533//1533
f 1531//1531 1533//1533 1534//1534
f 1533//1533 1540//1540 1534//1534
f 1538//1538 1540//1540 1533//1533
f 1534//1534 1540//1540 1541//1541
f 1534//1534 1541//1541 1536//1536
f 1536//1536 1541//1541 1542//1542
f 1536//1536 1542//1542 1537//1537
f 1542//1542 1543//1543 1537//1537
f 1539//1539 1544//1544 1540//1540
f 1540//1540 1544//1544 1541//1541
f 1541//1541 1544//1544 1545//1545
f 1541//1541 1545//1545 1542//1542
f 1542//1542 1546//1546 1543//1543
f 1545//1545 1546//1546 1542//1542
f 1546//1546 1547//1547 1543//1543
f 1509//1509 1511//1511 1512//1512
f 1510//1510 1512//1512 1513//1513
f 1511//1511 1535//1535 1512//1512
f 1512//1512 1548//1548 1513//1513
f 1507//1507 1513//1513 1514//1514
f 1513//1513 1549//1549 1514//1514
f 1514//1514 1550//1550 1520//1520
f 1512//1512 1535//1535 1548//1548
f 1513//1513 1548//1548 1549//1549
f 1535//1535 1537//1537 1548//1548
f 1548//1548 1537//1537 1551//1551
f 1548//1548 1551//1551 1549//1549
f 1549//1549 1551//1551 1552//1552
f 1514//1514 1549//1549 1550//1550
f 1549//1549 1552//1552 1550//1550
f 1550//1550 1553//1553 1554//1554
f 1550//1550 1552//1552 1553//1553
f 1515//1515 1514//1514 1520//1520
f 1518//1518 1520//1520 1522//1522
f 1520//1520 1554//1554 1522//1522
f 1550//1550 1554//1554 1520//1520
f 1522//1522 1554//1554 1555//1555
f 1519//1519 1522//1522 1523//1523
f 1522//1522 1555//1555 1523//1523
f 1523//1523 1555//1555 1556//1556
f 1523//1523 1556//1556 1524//1524
f 1524//1524 1556//1556 1557//1557
f 1554//1554 1558//1558 1555//1555
f 1554//1554 1553//1553 1558//1558
f 1555//1555 1558//1558 1559//1559
f 1555//1555 1559//1559 1556//1556
f 1556//1556 1559//1559 1560//1560
f 1556//1556 1560//1560 1557//1557
f 1557//1557 1560//1560 1561//1561
f 1537//1537 1543//1543 1551//1551
f 1551//1551 1543//1543 1562//1562
f 1551//1551 1562//1562 1552//1552
f 1552//1552 1562//1562 1563//1563
f 1553//1553 1564//1564 1558//1558
f 1552//1552 1563//1563 1553//1553
f 1553//1553 1563//1563 1564//1564
f 1543//1543 1547//1547 1562//1562
f 1562//1562 1565//1565 1563//1563
f 1562//1562 1547//1547 1565//1565
f 1565//1565 1566//1566 1563//1563
f 1563//1563 1566//1566 1564//1564
f 1564//1564 1567//1567 1568//1568
f 1564//1564 1566//1566 1567//1567
f 1558//1558 1568//1568 1559//1559
f 1564//1564 1568//1568 1558//1558
f 1559//1559 1568//1568 1569//1569
f 1568//1568 1570//1570 1569//1569
f 1567//1567 1570//1570 1568//1568
f 1559//1559 1569//1569 1560//1560
f 1560//1560 1571//1571 1561//1561
f 1560//1560 1569//1569 1571//1571
f 1561//1561 1571//1571 1572//1572
f 1570//1570 1573//1573 1569//1569
f 1569//1569 1573//1573 1571//1571
f 1571//1571 1574//1574 1572//1572
f 1573//1573 1574//1574 1571//1571
f 1572//1572 1574//1574 1575//1575
f 727//727 1335//1335 999//999
f 1318//1318 1576//1576 1335//1335
f 1318//1318 1577//1577 1576//1576
f 874//874 1001//1001 1578//1578
f 1001//1001 1003//1003 1579//1579
f 874//874 1578//1578 1455//1455
f 1001//1001 1579//1579 1578//1578
f 1003//1003 1005//1005 1580//1580
f 1003//1003 1580//1580 1579//1579
f 1005//1005 1581//1581 1580//1580
f 1005//1005 1006//1006 1581//1581
f 1006//1006 1009//1009 1582//1582
f 1006//1006 1582//1582 1581//1581
f 1009//1009 1011//1011 1583//1583
f 1011//1011 1013//1013 1584//1584
f 1009//1009 1583//1583 1582//1582
f 1011//1011 1584//1584 1583//1583
f 1455//1455 1578//1578 1585//1585
f 1578//1578 1579//1579 1586//1586
f 1579//1579 1580//1580 1587//1587
f 1580//1580 1581//1581 1588//1588
f 1581//1581 1582//1582 1589//1589
f 1582//1582 1583//1583 1590//1590
f 1583//1583 1584//1584 1591//1591
f 1013//1013 1022//1022 1592//1592
f 1022//1022 1024//1024 1593//1593
f 1013//1013 1592//1592 1584//1584
f 1022//1022 1593//1593 1592//1592
f 1024//1024 1026//1026 1594//1594
f 1024//1024 1594//1594 1593//1593
f 1026//1026 1595//1595 1594//1594
f 1026//1026 1027//1027 1595//1595
f 1027//1027 1030//1030 1596//1596
f 1027//1027 1596//1596 1595//1595
f 1030//1030 1032//1032 1597//1597
f 1032//1032 999//999 1335//1335
f 1030//1030 1597//1597 1596//1596
f 1032//1032 1335//1335 1597//1597
f 1584//1584 1592//1592 1598//1598
f 1592//1592 1593//1593 1599//1599
f 1593//1593 1594//1594 1600//1600
f 1594//1594 1595//1595 1601//1601
f 1595//1595 1596//1596 1602//1602
f 1596//1596 1597//1597 1603//1603
f 1597//1597 1335//1335 1576//1576
f 1389//1389 1214//1214 1498//1498
f 1389//1389 1604//1604 1390//1390
f 1390//1390 1604//1604 1605//1605
f 1389//1389 1498//1498 1604//1604
f 1390//1390 1605//1605 1391//1391
f 1391//1391 1606//1606 1397//1397
f 1391//1391 1605//1605 1606//1606
f 1605//1605 1607//1607 1606//1606
f 1606//1606 1608//1608 1399//1399
f 1498//1498 1502//1502 1604//1604
f 1502//1502 1609//1609 1604//1604
f 1604//1604 1609//1609 1605//1605
f 1605//1605 1609//1609 1607//1607
f 1502//1502 1517//1517 1609//1609
f 1609//1609 1610//1610 1607//1607
f 1606//1606 1607//1607 1608//1608
f 1608//1608 1607//1607 1611//1611
f 1608//1608 1612//1612 1613//1613
f 1397//1397 1606//1606 1399//1399
f 1398//1398 1399//1399 1401//1401
f 1399//1399 1613//1613 1401//1401
f 1396//1396 1401//1401 1402//1402
f 1400//1400 1402//1402 1426//1426
f 1401//1401 1614//1614 1402//1402
f 1402//1402 1615//1615 1426//1426
f 1615//1615 1616//1616 1426//1426
f 1608//1608 1613//1613 1399//1399
f 1401//1401 1613//1613 1614//1614
f 1613//1613 1617//1617 1614//1614
f 1614//1614 1617//1617 1618//1618
f 1402//1402 1614//1614 1615//1615
f 1614//1614 1618//1618 1615//1615
f 1615//1615 1618//1618 1619//1619
f 1615//1615 1619//1619 1616//1616
f 1619//1619 1620//1620 1616//1616
f 1517//1517 1610//1610 1609//1609
f 1607//1607 1610//1610 1611//1611
f 1517//1517 1521//1521 1610//1610
f 1610//1610 1621//1621 1611//1611
f 1608//1608 1611//1611 1612//1612
f 1611//1611 1622//1622 1612//1612
f 1612//1612 1623//1623 1617//1617
f 1612//1612 1622//1622 1623//1623
f 1521//1521 1621//1621 1610//1610
f 1611//1611 1621//1621 1622//1622
f 1521//1521 1524//1524 1621//1621
f 1524//1524 1624//1624 1621//1621
f 1621//1621 1624//1624 1622//1622
f 1622//1622 1624//1624 1625//1625
f 1622//1622 1625//1625 1623//1623
f 1623//1623 1626//1626 1627//1627
f 1623//1623 1625//1625 1626//1626
f 1613//1613 1612//1612 1617//1617
f 1617//1617 1627//1627 1618//1618
f 1623//1623 1627//1627 1617//1617
f 1618//1618 1627//1627 1628//1628
f 1619//1619 1629//1629 1620//1620
f 1618//1618 1628//1628 1619//1619
f 1619//1619 1628//1628 1629//1629
f 1629//1629 1630//1630 1620//1620
f 1627//1627 1631//1631 1628//1628
f 1627//1627 1626//1626 1631//1631
f 1628//1628 1631//1631 1632//1632
f 1628//1628 1632//1632 1629//1629
f 1629//1629 1633//1633 1630//1630
f 1629//1629 1632//1632 1633//1633
f 1630//1630 1633//1633 1634//1634
f 1318//1318 1635//1635 1636//1636
f 1318//1318 1637//1637 1638//1638
f 1318//1318 1639//1639 1640//1640
f 1318//1318 1636//1636 1639//1639
f 1318//1318 1640//1640 1637//1637
f 1318//1318 1641//1641 1642//1642
f 1318//1318 1643//1643 1641//1641
f 1318//1318 1644//1644 1643//1643
f 1318//1318 1645//1645 1646//1646
f 1318//1318 1646//1646 1647//1647
f 1318//1318 1647//1647 1648//1648
f 1318//1318 1648//1648 1635//1635
f 1318//1318 1649//1649 1645//1645
f 1318//1318 1650//1650 1649//1649
f 1318//1318 1642//1642 1650//1650
f 1318//1318 1418//1418 1644//1644
f 1318//1318 1651//1651 1652//1652
f 1318//1318 1652//1652 1653//1653
f 1318//1318 1653//1653 1577//1577
f 1318//1318 1654//1654 1655//1655
f 1318//1318 1655//1655 1656//1656
f 1318//1318 1656//1656 1651//1651
f 1318//1318 1657//1657 1654//1654
f 1318//1318 1658//1658 1657//1657
f 1318//1318 1659//1659 1660//1660
f 1318//1318 1638//1638 1661//1661
f 1318//1318 1661//1661 1659//1659
f 1318//1318 1660//1660 1658//1658
f 1423//1423 1426//1426 1427//1427
f 1426//1426 1616//1616 1427//1427
f 1427//1427 1616//1616 1662//1662
f 1427//1427 1662//1662 1428//1428
f 1428//1428 1662//1662 1663//1663
f 1428//1428 1663//1663 1429//1429
f 1429//1429 1664//1664 1434//1434
f 1429//1429 1663//1663 1664//1664
f 1616//1616 1620//1620 1662//1662
f 1662//1662 1665//1665 1663//1663
f 1662//1662 1620//1620 1665//1665
f 1663//1663 1665//1665 1666//1666
f 1663//1663 1666//1666 1664//1664
f 1664//1664 1667//1667 1668//1668
f 1664//1664 1666//1666 1667//1667
f 1434//1434 1668//1668 1435//1435
f 1359//1359 1436//1436 1669//1669
f 1664//1664 1668//1668 1434//1434
f 1435//1435 1668//1668 1670//1670
f 1435//1435 1670//1670 1437//1437
f 1437//1437 1671//1671 1436//1436
f 1437//1437 1670//1670 1671//1671
f 1436//1436 1671//1671 1672//1672
f 1436//1436 1672//1672 1669//1669
f 1668//1668 1673//1673 1670//1670
f 1667//1667 1673//1673 1668//1668
f 1670//1670 1673//1673 1674//1674
f 1670//1670 1674//1674 1671//1671
f 1671//1671 1675//1675 1672//1672
f 1671//1671 1674//1674 1675//1675
f 1672//1672 1675//1675 1669//1669
f 1620//1620 1630//1630 1665//1665
f 1665//1665 1676//1676 1666//1666
f 1665//1665 1630//1630 1676//1676
f 1666//1666 1676//1676 1677//1677
f 1667//1667 1666//1666 1677//1677
f 1667//1667 1678//1678 1673//1673
f 1667//1667 1677//1677 1678//1678
f 1630//1630 1634//1634 1676//1676
f 1677//1677 1676//1676 1679//1679
f 1676//1676 1634//1634 1679//1679
f 1677//1677 1679//1679 1680//1680
f 1677//1677 1680//1680 1678//1678
f 1678//1678 1681//1681 1682//1682
f 1678//1678 1680//1680 1681//1681
f 1673//1673 1682//1682 1674//1674
f 1673//1673 1678//1678 1682//1682
f 1674//1674 1682//1682 1683//1683
f 1674//1674 1683//1683 1675//1675
f 1359//1359 1669//1669 1418//1418
f 1675//1675 1684//1684 1669//1669
f 1675//1675 1683//1683 1684//1684
f 1669//1669 1684//1684 1685//1685
f 1669//1669 1685//1685 1686//1686
f 1682//1682 1687//1687 1683//1683
f 1681//1681 1687//1687 1682//1682
f 1683//1683 1687//1687 1688//1688
f 1683//1683 1688//1688 1684//1684
f 1684//1684 1689//1689 1685//1685
f 1684//1684 1688//1688 1689//1689
f 1685//1685 1689//1689 1686//1686
f 1669//1669 1686//1686 1418//1418
f 1524//1524 1557//1557 1624//1624
f 1557//1557 1690//1690 1624//1624
f 1624//1624 1690//1690 1625//1625
f 1625//1625 1690//1690 1691//1691
f 1626//1626 1692//1692 1631//1631
f 1625//1625 1691//1691 1626//1626
f 1626//1626 1691//1691 1692//1692
f 1557//1557 1561//1561 1690//1690
f 1690//1690 1693//1693 1691//1691
f 1561//1561 1693//1693 1690//1690
f 1691//1691 1693//1693 1694//1694
f 1691//1691 1694//1694 1692//1692
f 1692//1692 1695//1695 1696//1696
f 1692//1692 1694//1694 1695//1695
f 1631//1631 1696//1696 1632//1632
f 1692//1692 1696//1696 1631//1631
f 1632//1632 1696//1696 1697//1697
f 1632//1632 1697//1697 1633//1633
f 1633//1633 1698//1698 1634//1634
f 1633//1633 1697//1697 1698//1698
f 1698//1698 1699//1699 1634//1634
f 1696//1696 1700//1700 1697//1697
f 1696//1696 1695//1695 1700//1700
f 1697//1697 1700//1700 1701//1701
f 1697//1697 1701//1701 1698//1698
f 1698//1698 1702//1702 1699//1699
f 1698//1698 1701//1701 1702//1702
f 1702//1702 1703//1703 1699//1699
f 1561//1561 1572//1572 1693//1693
f 1693//1693 1704//1704 1694//1694
f 1572//1572 1704//1704 1693//1693
f 1694//1694 1704//1704 1705//1705
f 1694//1694 1705//1705 1695//1695
f 1695//1695 1706//1706 1700//1700
f 1695//1695 1705//1705 1706//1706
f 1572//1572 1575//1575 1704//1704
f 1704//1704 1707//1707 1705//1705
f 1575//1575 1707//1707 1704//1704
f 1707//1707 1708//1708 1705//1705
f 1705//1705 1708//1708 1706//1706
f 1706//1706 1709//1709 1710//1710
f 1706//1706 1708//1708 1709//1709
f 1700//1700 1710//1710 1701//1701
f 1706//1706 1710//1710 1700//1700
f 1701//1701 1710//1710 1711//1711
f 1701//1701 1711//1711 1702//1702
f 1702//1702 1712//1712 1703//1703
f 1702//1702 1711//1711 1712//1712
f 1712//1712 1713//1713 1703//1703
f 1710//1710 1714//1714 1711//1711
f 1709//1709 1714//1714 1710//1710
f 1714//1714 1715//1715 1711//1711
f 1711//1711 1715//1715 1712//1712
f 1712//1712 1716//1716 1713//1713
f 1715//1715 1716//1716 1712//1712
f 1716//1716 1717//1717 1713//1713
f 1577//1577 1718//1718 1719//1719
f 1720//1720 1719//1719 1721//1721
f 1659//1659 1722//1722 1660//1660
f 1659//1659 1723//1723 1722//1722
f 1659//1659 1724//1724 1723//1723
f 1725//1725 1726//1726 1727//1727
f 1728//1728 1726//1726 1725//1725
f 1728//1728 1725//1725 1729//1729
f 1730//1730 1729//1729 1725//1725
f 1659//1659 1731//1731 1724//1724
f 1659//1659 1732//1732 1731//1731
f 1659//1659 1733//1733 1732//1732
f 1733//1733 1734//1734 1732//1732
f 1735//1735 1736//1736 1737//1737
f 1735//1735 1738//1738 1736//1736
f 1737//1737 1739//1739 1740//1740
f 1740//1740 1739//1739 1741//1741
f 1742//1742 1740//1740 1741//1741
f 1739//1739 1737//1737 1736//1736
f 1679//1679 1634//1634 1699//1699
f 1679//1679 1743//1743 1680//1680
f 1679//1679 1699//1699 1743//1743
f 1680//1680 1743//1743 1744//1744
f 1680//1680 1744//1744 1681//1681
f 1681//1681 1745//1745 1687//1687
f 1681//1681 1744//1744 1745//1745
f 1743//1743 1699//1699 1703//1703
f 1743//1743 1746//1746 1744//1744
f 1743//1743 1703//1703 1746//1746
f 1744//1744 1746//1746 1747//1747
f 1744//1744 1747//1747 1745//1745
f 1745//1745 1748//1748 1749//1749
f 1745//1745 1747//1747 1748//1748
f 1643//1643 1644//1644 1750//1750
f 1687//1687 1749//1749 1688//1688
f 1687//1687 1745//1745 1749//1749
f 1688//1688 1749//1749 1751//1751
f 1688//1688 1751//1751 1689//1689
f 1689//1689 1752//1752 1686//1686
f 1689//1689 1751//1751 1752//1752
f 1686//1686 1752//1752 1753//1753
f 1686//1686 1753//1753 1418//1418
f 1749//1749 1754//1754 1751//1751
f 1748//1748 1754//1754 1749//1749
f 1751//1751 1754//1754 1755//1755
f 1751//1751 1755//1755 1752//1752
f 1752//1752 1756//1756 1753//1753
f 1752//1752 1755//1755 1756//1756
f 1753//1753 1756//1756 1418//1418
f 1746//1746 1703//1703 1713//1713
f 1746//1746 1757//1757 1747//1747
f 1746//1746 1713//1713 1757//1757
f 1747//1747 1757//1757 1758//1758
f 1747//1747 1758//1758 1748//1748
f 1748//1748 1759//1759 1754//1754
f 1748//1748 1758//1758 1759//1759
f 1713//1713 1717//1717 1757//1757
f 1757//1757 1760//1760 1758//1758
f 1757//1757 1717//1717 1760//1760
f 1758//1758 1760//1760 1761//1761
f 1758//1758 1761//1761 1759//1759
f 1759//1759 1762//1762 1763//1763
f 1759//1759 1761//1761 1762//1762
f 1418//1418 1764//1764 1644//1644
f 1765//1765 1766//1766 1767//1767
f 1766//1766 1765//1765 1768//1768
f 1769//1769 1764//1764 1770//1770
f 1771//1771 1772//1772 1770//1770
f 1418//1418 1773//1773 1774//1774
f 1418//1418 1770//1770 1764//1764
f 1418//1418 1774//1774 1771//1771
f 1418//1418 1771//1771 1770//1770
f 1418//1418 1775//1775 1773//1773
f 1418//1418 1776//1776 1775//1775
f 1418//1418 1777//1777 1776//1776
f 1418//1418 1778//1778 1777//1777
f 1418//1418 1779//1779 1778//1778
f 1418//1418 1780//1780 1779//1779
f 1418//1418 1781//1781 1780//1780
f 1754//1754 1763//1763 1755//1755
f 1754//1754 1759//1759 1763//1763
f 1755//1755 1763//1763 1782//1782
f 1755//1755 1782//1782 1756//1756
f 1756//1756 1783//1783 1418//1418
f 1756//1756 1782//1782 1783//1783
f 1418//1418 1783//1783 1784//1784
f 1418//1418 1784//1784 1785//1785
f 1763//1763 1786//1786 1782//1782
f 1762//1762 1786//1786 1763//1763
f 1782//1782 1786//1786 1787//1787
f 1418//1418 1788//1788 1781//1781
f 1418//1418 1789//1789 1788//1788
f 1418//1418 1790//1790 1789//1789
f 1418//1418 1791//1791 1790//1790
f 1418//1418 1792//1792 1791//1791
f 1418//1418 1793//1793 1792//1792
f 1418//1418 1794//1794 1793//1793
f 1418//1418 1795//1795 1794//1794
f 1782//1782 1787//1787 1783//1783
f 1783//1783 1796//1796 1784//1784
f 1783//1783 1787//1787 1796//1796
f 1784//1784 1796//1796 1785//1785
f 809//809 1797//1797 1798//1798
f 1798//1798 1799//1799 1800//1800
f 808//808 813//813 1801//1801
f 808//808 1801//1801 1797//1797
f 809//809 808//808 1797//1797
f 813//813 814//814 1802//1802
f 814//814 815//815 1803//1803
f 813//813 1802//1802 1801//1801
f 814//814 1803//1803 1802//1802
f 1801//1801 1804//1804 1797//1797
f 1798//1798 1797//1797 1799//1799
f 1797//1797 1804//1804 1799//1799
f 1800//1800 1799//1799 1805//1805
f 1804//1804 1806//1806 1799//1799
f 1801//1801 1802//1802 1807//1807
f 1801//1801 1807//1807 1804//1804
f 1802//1802 1803//1803 1808//1808
f 1802//1802 1808//1808 1807//1807
f 1800//1800 1805//1805 1809//1809
f 1809//1809 1810//1810 1811//1811
f 1811//1811 1812//1812 1813//1813
f 1799//1799 1806//1806 1805//1805
f 1809//1809 1805//1805 1810//1810
f 1805//1805 1806//1806 1814//1814
f 1804//1804 1807//1807 1815//1815
f 1807//1807 1808//1808 1816//1816
f 1807//1807 1816//1816 1815//1815
f 1815//1815 1816//1816 1817//1817
f 1804//1804 1815//1815 1806//1806
f 1806//1806 1815//1815 1818//1818
f 1805//1805 1814//1814 1810//1810
f 1811//1811 1810//1810 1812//1812
f 1810//1810 1819//1819 1812//1812
f 1810//1810 1814//1814 1819//1819
f 1806//1806 1818//1818 1814//1814
f 1815//1815 1817//1817 1818//1818
f 1814//1814 1818//1818 1820//1820
f 1814//1814 1820//1820 1819//1819
f 1818//1818 1817//1817 1821//1821
f 815//815 834//834 1822//1822
f 834//834 835//835 1823//1823
f 815//815 1822//1822 1803//1803
f 834//834 1823//1823 1822//1822
f 835//835 836//836 1824//1824
f 835//835 1824//1824 1823//1823
f 836//836 1825//1825 1824//1824
f 1803//1803 1822//1822 1826//1826
f 1803//1803 1826//1826 1808//1808
f 1822//1822 1823//1823 1827//1827
f 1822//1822 1827//1827 1826//1826
f 1823//1823 1828//1828 1827//1827
f 1823//1823 1824//1824 1828//1828
f 1824//1824 1829//1829 1828//1828
f 841//841 1830//1830 837//837
f 841//841 842//842 1831//1831
f 842//842 843//843 1832//1832
f 841//841 1831//1831 1830//1830
f 842//842 1832//1832 1831//1831
f 1830//1830 1831//1831 1833//1833
f 1831//1831 1832//1832 1834//1834
f 1830//1830 1833//1833 1835//1835
f 1831//1831 1834//1834 1833//1833
f 836//836 837//837 1825//1825
f 1830//1830 1825//1825 837//837
f 1824//1824 1825//1825 1829//1829
f 1830//1830 1835//1835 1825//1825
f 1825//1825 1835//1835 1829//1829
f 1808//1808 1826//1826 1836//1836
f 1808//1808 1836//1836 1816//1816
f 1826//1826 1827//1827 1837//1837
f 1826//1826 1837//1837 1836//1836
f 1816//1816 1836//1836 1838//1838
f 1836//1836 1837//1837 1839//1839
f 1827//1827 1840//1840 1837//1837
f 1827//1827 1828//1828 1840//1840
f 1828//1828 1841//1841 1840//1840
f 1837//1837 1840//1840 1842//1842
f 1816//1816 1838//1838 1817//1817
f 1836//1836 1839//1839 1838//1838
f 1838//1838 1839//1839 1843//1843
f 1838//1838 1844//1844 1817//1817
f 1837//1837 1842//1842 1839//1839
f 1840//1840 1845//1845 1842//1842
f 1839//1839 1842//1842 1846//1846
f 1833//1833 1847//1847 1835//1835
f 1833//1833 1834//1834 1848//1848
f 1833//1833 1848//1848 1847//1847
f 1828//1828 1829//1829 1841//1841
f 1829//1829 1849//1849 1841//1841
f 1829//1829 1835//1835 1849//1849
f 1835//1835 1847//1847 1849//1849
f 1840//1840 1841//1841 1845//1845
f 1841//1841 1850//1850 1845//1845
f 1841//1841 1849//1849 1850//1850
f 1842//1842 1845//1845 1851//1851
f 1845//1845 1850//1850 1852//1852
f 1849//1849 1847//1847 1853//1853
f 1849//1849 1853//1853 1850//1850
f 1848//1848 1854//1854 1847//1847
f 1847//1847 1854//1854 1853//1853
f 1850//1850 1853//1853 1855//1855
f 1813//1813 1856//1856 1857//1857
f 1813//1813 1812//1812 1856//1856
f 1812//1812 1819//1819 1858//1858
f 1812//1812 1858//1858 1856//1856
f 1818//1818 1821//1821 1820//1820
f 1819//1819 1820//1820 1859//1859
f 1819//1819 1859//1859 1858//1858
f 1820//1820 1821//1821 1860//1860
f 1820//1820 1860//1860 1859//1859
f 1858//1858 1859//1859 1861//1861
f 1859//1859 1860//1860 1862//1862
f 1859//1859 1862//1862 1861//1861
f 1857//1857 1863//1863 1864//1864
f 1856//1856 1863//1863 1857//1857
f 1856//1856 1858//1858 1865//1865
f 1856//1856 1865//1865 1863//1863
f 1864//1864 1863//1863 1866//1866
f 1858//1858 1861//1861 1865//1865
f 1864//1864 1866//1866 1867//1867
f 1867//1867 1868//1868 1869//1869
f 1869//1869 1870//1870 1871//1871
f 1863//1863 1872//1872 1866//1866
f 1863//1863 1865//1865 1872//1872
f 1867//1867 1866//1866 1868//1868
f 1866//1866 1872//1872 1873//1873
f 1865//1865 1861//1861 1874//1874
f 1865//1865 1874//1874 1872//1872
f 1861//1861 1862//1862 1875//1875
f 1861//1861 1875//1875 1874//1874
f 1872//1872 1874//1874 1876//1876
f 1874//1874 1875//1875 1877//1877
f 1866//1866 1873//1873 1868//1868
f 1869//1869 1868//1868 1870//1870
f 1868//1868 1878//1878 1870//1870
f 1868//1868 1873//1873 1878//1878
f 1872//1872 1876//1876 1873//1873
f 1874//1874 1877//1877 1876//1876
f 1873//1873 1876//1876 1879//1879
f 1873//1873 1879//1879 1878//1878
f 1876//1876 1877//1877 1880//1880
f 1876//1876 1880//1880 1879//1879
f 1817//1817 1844//1844 1821//1821
f 1838//1838 1843//1843 1844//1844
f 1821//1821 1844//1844 1881//1881
f 1821//1821 1881//1881 1860//1860
f 1844//1844 1843//1843 1882//1882
f 1844//1844 1882//1882 1881//1881
f 1839//1839 1846//1846 1843//1843
f 1842//1842 1851//1851 1846//1846
f 1843//1843 1883//1883 1882//1882
f 1846//1846 1883//1883 1843//1843
f 1860//1860 1881//1881 1884//1884
f 1881//1881 1882//1882 1885//1885
f 1860//1860 1884//1884 1862//1862
f 1881//1881 1885//1885 1884//1884
f 1846//1846 1886//1886 1883//1883
f 1882//1882 1887//1887 1885//1885
f 1882//1882 1883//1883 1887//1887
f 1883//1883 1888//1888 1887//1887
f 1845//1845 1852//1852 1851//1851
f 1846//1846 1851//1851 1886//1886
f 1851//1851 1852//1852 1889//1889
f 1850//1850 1855//1855 1852//1852
f 1853//1853 1854//1854 1890//1890
f 1853//1853 1890//1890 1855//1855
f 1852//1852 1855//1855 1891//1891
f 1855//1855 1890//1890 1892//1892
f 1851//1851 1889//1889 1886//1886
f 1883//1883 1886//1886 1888//1888
f 1886//1886 1893//1893 1888//1888
f 1889//1889 1893//1893 1886//1886
f 1852//1852 1891//1891 1889//1889
f 1855//1855 1892//1892 1891//1891
f 1891//1891 1892//1892 1894//1894
f 1889//1889 1891//1891 1895//1895
f 1889//1889 1895//1895 1893//1893
f 1884//1884 1885//1885 1896//1896
f 1885//1885 1887//1887 1897//1897
f 1885//1885 1897//1897 1896//1896
f 1887//1887 1898//1898 1897//1897
f 1887//1887 1888//1888 1898//1898
f 1888//1888 1893//1893 1899//1899
f 1888//1888 1899//1899 1898//1898
f 1891//1891 1894//1894 1895//1895
f 1893//1893 1895//1895 1900//1900
f 1893//1893 1900//1900 1899//1899
f 1895//1895 1894//1894 1901//1901
f 1895//1895 1901//1901 1900//1900
f 1898//1898 1899//1899 1902//1902
f 1899//1899 1900//1900 1903//1903
f 1900//1900 1901//1901 1904//1904
f 1900//1900 1904//1904 1903//1903
f 1862//1862 1884//1884 1905//1905
f 1862//1862 1905//1905 1875//1875
f 1884//1884 1896//1896 1905//1905
f 1875//1875 1905//1905 1906//1906
f 1875//1875 1906//1906 1877//1877
f 1905//1905 1896//1896 1907//1907
f 1905//1905 1907//1907 1906//1906
f 1877//1877 1906//1906 1908//1908
f 1906//1906 1907//1907 1909//1909
f 1877//1877 1908//1908 1880//1880
f 1896//1896 1910//1910 1907//1907
f 1896//1896 1897//1897 1910//1910
f 1897//1897 1911//1911 1910//1910
f 1907//1907 1910//1910 1912//1912
f 1898//1898 1911//1911 1897//1897
f 1898//1898 1902//1902 1911//1911
f 1910//1910 1911//1911 1913//1913
f 1899//1899 1903//1903 1902//1902
f 845//845 857//857 1914//1914
f 857//857 1915//1915 1916//1916
f 845//845 1914//1914 858//858
f 847//847 858//858 859//859
f 850//850 859//859 860//860
f 852//852 860//860 875//875
f 1916//1916 1917//1917 858//858
f 858//858 1917//1917 859//859
f 859//859 1917//1917 1918//1918
f 859//859 1918//1918 860//860
f 860//860 1919//1919 875//875
f 860//860 1918//1918 1919//1919
f 875//875 1919//1919 1920//1920
f 861//861 875//875 876//876
f 863//863 876//876 877//877
f 865//865 877//877 878//878
f 868//868 878//878 879//879
f 869//869 879//879 880//880
f 871//871 880//880 881//881
f 873//873 881//881 1014//1014
f 875//875 1920//1920 876//876
f 876//876 1921//1921 877//877
f 876//876 1920//1920 1921//1921
f 877//877 1921//1921 1922//1922
f 877//877 1922//1922 878//878
f 878//878 1923//1923 879//879
f 878//878 1922//1922 1923//1923
f 879//879 1924//1924 880//880
f 879//879 1923//1923 1924//1924
f 880//880 1924//1924 1925//1925
f 880//880 1925//1925 881//881
f 881//881 1926//1926 1014//1014
f 881//881 1925//1925 1926//1926
f 1014//1014 1926//1926 1927//1927
f 843//843 961//961 1928//1928
f 961//961 962//962 1929//1929
f 843//843 1928//1928 1832//1832
f 961//961 1929//1929 1928//1928
f 962//962 963//963 1930//1930
f 962//962 1930//1930 1929//1929
f 963//963 1931//1931 1930//1930
f 1832//1832 1928//1928 1932//1932
f 1928//1928 1929//1929 1933//1933
f 1832//1832 1932//1932 1834//1834
f 1928//1928 1933//1933 1932//1932
f 1929//1929 1930//1930 1934//1934
f 1929//1929 1934//1934 1933//1933
f 1930//1930 1935//1935 1934//1934
f 963//963 964//964 1931//1931
f 968//968 1936//1936 964//964
f 1936//1936 1931//1931 964//964
f 968//968 969//969 1937//1937
f 969//969 970//970 1938//1938
f 968//968 1937//1937 1936//1936
f 969//969 1938//1938 1937//1937
f 1930//1930 1931//1931 1935//1935
f 1936//1936 1939//1939 1931//1931
f 1931//1931 1939//1939 1935//1935
f 1936//1936 1937//1937 1940//1940
f 1937//1937 1938//1938 1941//1941
f 1937//1937 1941//1941 1940//1940
f 1936//1936 1940//1940 1939//1939
f 1834//1834 1932//1932 1942//1942
f 1932//1932 1933//1933 1943//1943
f 1834//1834 1942//1942 1848//1848
f 1932//1932 1943//1943 1942//1942
f 1933//1933 1934//1934 1944//1944
f 1933//1933 1944//1944 1943//1943
f 1934//1934 1945//1945 1944//1944
f 1848//1848 1942//1942 1946//1946
f 1942//1942 1943//1943 1947//1947
f 1942//1942 1947//1947 1946//1946
f 1943//1943 1948//1948 1947//1947
f 1943//1943 1944//1944 1948//1948
f 1944//1944 1949//1949 1948//1948
f 1848//1848 1946//1946 1854//1854
f 1934//1934 1935//1935 1945//1945
f 1935//1935 1939//1939 1950//1950
f 1935//1935 1950//1950 1945//1945
f 1940//1940 1941//1941 1951//1951
f 1939//1939 1940//1940 1952//1952
f 1939//1939 1952//1952 1950//1950
f 1940//1940 1951//1951 1952//1952
f 1944//1944 1945//1945 1949//1949
f 1945//1945 1950//1950 1953//1953
f 1945//1945 1953//1953 1949//1949
f 1950//1950 1952//1952 1954//1954
f 1952//1952 1951//1951 1955//1955
f 1950//1950 1954//1954 1953//1953
f 1952//1952 1955//1955 1954//1954
f 970//970 988//988 1956//1956
f 988//988 989//989 1957//1957
f 970//970 1956//1956 1938//1938
f 988//988 1957//1957 1956//1956
f 989//989 990//990 1958//1958
f 989//989 1958//1958 1957//1957
f 990//990 1959//1959 1958//1958
f 1938//1938 1956//1956 1960//1960
f 1956//1956 1957//1957 1961//1961
f 1938//1938 1960//1960 1941//1941
f 1956//1956 1961//1961 1960//1960
f 1957//1957 1958//1958 1962//1962
f 1957//1957 1962//1962 1961//1961
f 1958//1958 1963//1963 1962//1962
f 990//990 991//991 1959//1959
f 991//991 996//996 1964//1964
f 991//991 1964//1964 1959//1959
f 996//996 997//997 1965//1965
f 941//941 942//942 995//995
f 997//997 995//995 1966//1966
f 996//996 1965//1965 1964//1964
f 997//997 1966//1966 1965//1965
f 1958//1958 1959//1959 1963//1963
f 1959//1959 1964//1964 1967//1967
f 1959//1959 1967//1967 1963//1963
f 1964//1964 1965//1965 1968//1968
f 995//995 942//942 1966//1966
f 1965//1965 1966//1966 942//942
f 1964//1964 1968//1968 1967//1967
f 1965//1965 942//942 1968//1968
f 1941//1941 1960//1960 1969//1969
f 1960//1960 1961//1961 1970//1970
f 1941//1941 1969//1969 1951//1951
f 1960//1960 1970//1970 1969//1969
f 1961//1961 1962//1962 1971//1971
f 1961//1961 1971//1971 1970//1970
f 1962//1962 1972//1972 1971//1971
f 1951//1951 1969//1969 1973//1973
f 1969//1969 1970//1970 1974//1974
f 1969//1969 1974//1974 1973//1973
f 1951//1951 1973//1973 1955//1955
f 1970//1970 1971//1971 1975//1975
f 1970//1970 1975//1975 1974//1974
f 1971//1971 1976//1976 1975//1975
f 1962//1962 1963//1963 1972//1972
f 1963//1963 1967//1967 1977//1977
f 1963//1963 1977//1977 1972//1972
f 1967//1967 1968//1968 1978//1978
f 1968//1968 942//942 1979//1979
f 1967//1967 1978//1978 1977//1977
f 1968//1968 1979//1979 1978//1978
f 1971//1971 1972//1972 1976//1976
f 1972//1972 1977//1977 1980//1980
f 1972//1972 1980//1980 1976//1976
f 1977//1977 1978//1978 1981//1981
f 942//942 1982//1982 1979//1979
f 1978//1978 1979//1979 1982//1982
f 1977//1977 1981//1981 1980//1980
f 1978//1978 1982//1982 1981//1981
f 529//529 1983//1983 942//942
f 1946//1946 1947//1947 1984//1984
f 1947//1947 1985//1985 1984//1984
f 1947//1947 1948//1948 1985//1985
f 1948//1948 1986//1986 1985//1985
f 1854//1854 1946//1946 1987//1987
f 1854//1854 1987//1987 1890//1890
f 1946//1946 1984//1984 1987//1987
f 1890//1890 1987//1987 1988//1988
f 1987//1987 1984//1984 1989//1989
f 1890//1890 1988//1988 1892//1892
f 1987//1987 1989//1989 1988//1988
f 1892//1892 1988//1988 1990//1990
f 1988//1988 1989//1989 1991//1991
f 1984//1984 1992//1992 1989//1989
f 1984//1984 1985//1985 1992//1992
f 1985//1985 1993//1993 1992//1992
f 1989//1989 1992//1992 1994//1994
f 1948//1948 1949//1949 1986//1986
f 1949//1949 1995//1995 1986//1986
f 1949//1949 1953//1953 1995//1995
f 1953//1953 1954//1954 1996//1996
f 1954//1954 1955//1955 1997//1997
f 1953//1953 1996//1996 1995//1995
f 1954//1954 1997//1997 1996//1996
f 1986//1986 1995//1995 1998//1998
f 1995//1995 1996//1996 1999//1999
f 1995//1995 1999//1999 1998//1998
f 1996//1996 1997//1997 2000//2000
f 1996//1996 2000//2000 1999//1999
f 1985//1985 1986//1986 1993//1993
f 1986//1986 1998//1998 1993//1993
f 1992//1992 1993//1993 2001//2001
f 1892//1892 1990//1990 1894//1894
f 1988//1988 1991//1991 1990//1990
f 1894//1894 1990//1990 2002//2002
f 1894//1894 2002//2002 1901//1901
f 1990//1990 1991//1991 2003//2003
f 1990//1990 2003//2003 2002//2002
f 1989//1989 1994//1994 1991//1991
f 1992//1992 2001//2001 1994//1994
f 1991//1991 1994//1994 2004//2004
f 1901//1901 2002//2002 2005//2005
f 1901//1901 2005//2005 1904//1904
f 2002//2002 2003//2003 2006//2006
f 2002//2002 2006//2006 2005//2005
f 1991//1991 2004//2004 2003//2003
f 1994//1994 2007//2007 2004//2004
f 2003//2003 2008//2008 2006//2006
f 2003//2003 2004//2004 2008//2008
f 2004//2004 2009//2009 2008//2008
f 1993//1993 2010//2010 2001//2001
f 1993//1993 1998//1998 2010//2010
f 1994//1994 2001//2001 2007//2007
f 2001//2001 2010//2010 2011//2011
f 1999//1999 2012//2012 1998//1998
f 1998//1998 2012//2012 2010//2010
f 1999//1999 2000//2000 2013//2013
f 1999//1999 2013//2013 2012//2012
f 2010//2010 2012//2012 2014//2014
f 2001//2001 2011//2011 2007//2007
f 2004//2004 2007//2007 2009//2009
f 2011//2011 2015//2015 2007//2007
f 2010//2010 2014//2014 2011//2011
f 2012//2012 2013//2013 2016//2016
f 2012//2012 2016//2016 2014//2014
f 2014//2014 2016//2016 2017//2017
f 2011//2011 2014//2014 2018//2018
f 1955//1955 1973//1973 2019//2019
f 1973//1973 1974//1974 2020//2020
f 1955//1955 2019//2019 1997//1997
f 1973//1973 2020//2020 2019//2019
f 1974//1974 1975//1975 2021//2021
f 1975//1975 2022//2022 2021//2021
f 1974//1974 2021//2021 2020//2020
f 1997//1997 2019//2019 2023//2023
f 2019//2019 2020//2020 2024//2024
f 1997//1997 2023//2023 2000//2000
f 2019//2019 2024//2024 2023//2023
f 2020//2020 2021//2021 2025//2025
f 2020//2020 2025//2025 2024//2024
f 2021//2021 2026//2026 2025//2025
f 1975//1975 1976//1976 2022//2022
f 1976//1976 1980//1980 2027//2027
f 1976//1976 2027//2027 2022//2022
f 1980//1980 1981//1981 2028//2028
f 942//942 2029//2029 1982//1982
f 1981//1981 1982//1982 2030//2030
f 1980//1980 2028//2028 2027//2027
f 1981//1981 2030//2030 2028//2028
f 2021//2021 2022//2022 2026//2026
f 2022//2022 2027//2027 2031//2031
f 2022//2022 2031//2031 2026//2026
f 2027//2027 2028//2028 2032//2032
f 1982//1982 2029//2029 2030//2030
f 2028//2028 2030//2030 2029//2029
f 2027//2027 2032//2032 2031//2031
f 2028//2028 2029//2029 2032//2032
f 942//942 2033//2033 2029//2029
f 2000//2000 2023//2023 2034//2034
f 2023//2023 2024//2024 2035//2035
f 2023//2023 2035//2035 2034//2034
f 2024//2024 2025//2025 2036//2036
f 2024//2024 2036//2036 2035//2035
f 2025//2025 2037//2037 2036//2036
f 2000//2000 2034//2034 2013//2013
f 2013//2013 2034//2034 2038//2038
f 2013//2013 2038//2038 2016//2016
f 2034//2034 2035//2035 2039//2039
f 2034//2034 2039//2039 2038//2038
f 2016//2016 2038//2038 2040//2040
f 2036//2036 2041//2041 2035//2035
f 2035//2035 2041//2041 2039//2039
f 2036//2036 2042//2042 2041//2041
f 2025//2025 2026//2026 2037//2037
f 2026//2026 2031//2031 2043//2043
f 2026//2026 2043//2043 2037//2037
f 2031//2031 2032//2032 2044//2044
f 2032//2032 2029//2029 2045//2045
f 2031//2031 2044//2044 2043//2043
f 2032//2032 2045//2045 2044//2044
f 2036//2036 2037//2037 2042//2042
f 2037//2037 2043//2043 2046//2046
f 2043//2043 2044//2044 2047//2047
f 2029//2029 2048//2048 2045//2045
f 2044//2044 2045//2045 2048//2048
f 2043//2043 2047//2047 2046//2046
f 2044//2044 2048//2048 2047//2047
f 2037//2037 2046//2046 2042//2042
f 2029//2029 2033//2033 2048//2048
f 1000//1000 1014//1014 1015//1015
f 1002//1002 1015//1015 1016//1016
f 1004//1004 1016//1016 1017//1017
f 1007//1007 1017//1017 1018//1018
f 1008//1008 1018//1018 1019//1019
f 1010//1010 1019//1019 1020//1020
f 1012//1012 1020//1020 1033//1033
f 1014//1014 1927//1927 1015//1015
f 1015//1015 2049//2049 1016//1016
f 1015//1015 1927//1927 2049//2049
f 1016//1016 2049//2049 2050//2050
f 1016//1016 2050//2050 1017//1017
f 1017//1017 2051//2051 1018//1018
f 1017//1017 2050//2050 2051//2051
f 1018//1018 2052//2052 1019//1019
f 1018//1018 2051//2051 2052//2052
f 1019//1019 2052//2052 2053//2053
f 1019//1019 2053//2053 1020//1020
f 1020//1020 2054//2054 1033//1033
f 1020//1020 2053//2053 2054//2054
f 1033//1033 2054//2054 2055//2055
f 529//529 998//998 1983//1983
f 1021//1021 1033//1033 1034//1034
f 1023//1023 1034//1034 1035//1035
f 1025//1025 1035//1035 1036//1036
f 1028//1028 1036//1036 1037//1037
f 1029//1029 1037//1037 1038//1038
f 1031//1031 1038//1038 1039//1039
f 729//729 1039//1039 998//998
f 1033//1033 2055//2055 1034//1034
f 1034//1034 2056//2056 1035//1035
f 1034//1034 2055//2055 2056//2056
f 1035//1035 2056//2056 2057//2057
f 1035//1035 2057//2057 1036//1036
f 1036//1036 2058//2058 1037//1037
f 1036//1036 2057//2057 2058//2058
f 1037//1037 2059//2059 1038//1038
f 1037//1037 2058//2058 2059//2059
f 1038//1038 2059//2059 2060//2060
f 1038//1038 2060//2060 1039//1039
f 1039//1039 2061//2061 998//998
f 1039//1039 2060//2060 2061//2061
f 998//998 2061//2061 2062//2062
f 998//998 2062//2062 1983//1983
f 1871//1871 2063//2063 2064//2064
f 2064//2064 2065//2065 2066//2066
f 2066//2066 2067//2067 2068//2068
f 1871//1871 1870//1870 2063//2063
f 1870//1870 1878//1878 2069//2069
f 1878//1878 1879//1879 2070//2070
f 1878//1878 2070//2070 2069//2069
f 1879//1879 1880//1880 2071//2071
f 1879//1879 2071//2071 2070//2070
f 1870//1870 2069//2069 2063//2063
f 2064//2064 2063//2063 2065//2065
f 2063//2063 2069//2069 2072//2072
f 2069//2069 2070//2070 2073//2073
f 2063//2063 2072//2072 2065//2065
f 2065//2065 2072//2072 2074//2074
f 2066//2066 2065//2065 2067//2067
f 2065//2065 2074//2074 2067//2067
f 2068//2068 2067//2067 2075//2075
f 2069//2069 2073//2073 2072//2072
f 2070//2070 2076//2076 2073//2073
f 2070//2070 2071//2071 2076//2076
f 2072//2072 2073//2073 2077//2077
f 2073//2073 2076//2076 2078//2078
f 2073//2073 2078//2078 2077//2077
f 2072//2072 2077//2077 2074//2074
f 2068//2068 2075//2075 2079//2079
f 2067//2067 2080//2080 2075//2075
f 2067//2067 2074//2074 2080//2080
f 2074//2074 2077//2077 2081//2081
f 2074//2074 2081//2081 2080//2080
f 2077//2077 2078//2078 2082//2082
f 2077//2077 2082//2082 2081//2081
f 1880//1880 1908//1908 2083//2083
f 1906//1906 1909//1909 1908//1908
f 1880//1880 2083//2083 2071//2071
f 1908//1908 1909//1909 2084//2084
f 1908//1908 2084//2084 2083//2083
f 1907//1907 1912//1912 1909//1909
f 1910//1910 1913//1913 1912//1912
f 1909//1909 2085//2085 2084//2084
f 1909//1909 1912//1912 2085//2085
f 1912//1912 2086//2086 2085//2085
f 2083//2083 2084//2084 2087//2087
f 2084//2084 2085//2085 2088//2088
f 2085//2085 2089//2089 2088//2088
f 2071//2071 2083//2083 2090//2090
f 2071//2071 2090//2090 2076//2076
f 2083//2083 2087//2087 2090//2090
f 2076//2076 2091//2091 2078//2078
f 2076//2076 2090//2090 2091//2091
f 2090//2090 2087//2087 2092//2092
f 2084//2084 2088//2088 2087//2087
f 2087//2087 2088//2088 2093//2093
f 1911//1911 2094//2094 1913//1913
f 1911//1911 1902//1902 2094//2094
f 1912//1912 1913//1913 2086//2086
f 1913//1913 2094//2094 2095//2095
f 1902//1902 1903//1903 2096//2096
f 1902//1902 2096//2096 2094//2094
f 1903//1903 1904//1904 2097//2097
f 1903//1903 2097//2097 2096//2096
f 2094//2094 2096//2096 2098//2098
f 2096//2096 2097//2097 2099//2099
f 1913//1913 2095//2095 2086//2086
f 2085//2085 2086//2086 2089//2089
f 2086//2086 2095//2095 2100//2100
f 2086//2086 2100//2100 2089//2089
f 2094//2094 2098//2098 2095//2095
f 2096//2096 2099//2099 2098//2098
f 2095//2095 2098//2098 2101//2101
f 2095//2095 2101//2101 2100//2100
f 2098//2098 2099//2099 2102//2102
f 2098//2098 2102//2102 2101//2101
f 2090//2090 2092//2092 2091//2091
f 2078//2078 2091//2091 2103//2103
f 2078//2078 2103//2103 2082//2082
f 2091//2091 2092//2092 2104//2104
f 2091//2091 2104//2104 2103//2103
f 2087//2087 2093//2093 2092//2092
f 2088//2088 2105//2105 2093//2093
f 2092//2092 2106//2106 2104//2104
f 2092//2092 2093//2093 2106//2106
f 2093//2093 2107//2107 2106//2106
f 2103//2103 2104//2104 2108//2108
f 2104//2104 2106//2106 2109//2109
f 2088//2088 2089//2089 2105//2105
f 2089//2089 2110//2110 2105//2105
f 2089//2089 2100//2100 2110//2110
f 2105//2105 2110//2110 2111//2111
f 2093//2093 2105//2105 2107//2107
f 2105//2105 2111//2111 2107//2107
f 2100//2100 2101//2101 2112//2112
f 2100//2100 2112//2112 2110//2110
f 2101//2101 2102//2102 2113//2113
f 2110//2110 2112//2112 2114//2114
f 2101//2101 2113//2113 2112//2112
f 2112//2112 2113//2113 2115//2115
f 2106//2106 2107//2107 2116//2116
f 2107//2107 2117//2117 2116//2116
f 2107//2107 2111//2111 2117//2117
f 2110//2110 2114//2114 2111//2111
f 2111//2111 2114//2114 2118//2118
f 2112//2112 2115//2115 2114//2114
f 2111//2111 2118//2118 2117//2117
f 2114//2114 2119//2119 2118//2118
f 2114//2114 2115//2115 2119//2119
f 2079//2079 2120//2120 2121//2121
f 2121//2121 2122//2122 2123//2123
f 2123//2123 2124//2124 2125//2125
f 2125//2125 2126//2126 2127//2127
f 2079//2079 2075//2075 2120//2120
f 2075//2075 2128//2128 2120//2120
f 2080//2080 2128//2128 2075//2075
f 2121//2121 2120//2120 2122//2122
f 2080//2080 2081//2081 2129//2129
f 2080//2080 2129//2129 2128//2128
f 2081//2081 2130//2130 2129//2129
f 2081//2081 2082//2082 2130//2130
f 2120//2120 2128//2128 2131//2131
f 2120//2120 2131//2131 2122//2122
f 2123//2123 2122//2122 2124//2124
f 2122//2122 2131//2131 2132//2132
f 2122//2122 2132//2132 2124//2124
f 2128//2128 2129//2129 2133//2133
f 2129//2129 2130//2130 2134//2134
f 2128//2128 2133//2133 2131//2131
f 2129//2129 2134//2134 2133//2133
f 2131//2131 2133//2133 2135//2135
f 2131//2131 2135//2135 2132//2132
f 2133//2133 2134//2134 2136//2136
f 2133//2133 2136//2136 2135//2135
f 2125//2125 2124//2124 2126//2126
f 2124//2124 2137//2137 2126//2126
f 2124//2124 2132//2132 2137//2137
f 2132//2132 2135//2135 2138//2138
f 2082//2082 2103//2103 2139//2139
f 2082//2082 2139//2139 2130//2130
f 2130//2130 2139//2139 2140//2140
f 2103//2103 2108//2108 2139//2139
f 2139//2139 2108//2108 2141//2141
f 2139//2139 2141//2141 2140//2140
f 2130//2130 2140//2140 2134//2134
f 2134//2134 2142//2142 2136//2136
f 2134//2134 2140//2140 2142//2142
f 2140//2140 2141//2141 2143//2143
f 2104//2104 2109//2109 2108//2108
f 2106//2106 2116//2116 2109//2109
f 2108//2108 2144//2144 2141//2141
f 2108//2108 2109//2109 2144//2144
f 2109//2109 2145//2145 2144//2144
f 2109//2109 2116//2116 2145//2145
f 2116//2116 2146//2146 2145//2145
f 2116//2116 2117//2117 2146//2146
f 2117//2117 2118//2118 2147//2147
f 2127//2127 2148//2148 2149//2149
f 2127//2127 2126//2126 2148//2148
f 2126//2126 2150//2150 2148//2148
f 2137//2137 2150//2150 2126//2126
f 2132//2132 2138//2138 2137//2137
f 2135//2135 2136//2136 2151//2151
f 2135//2135 2151//2151 2138//2138
f 2137//2137 2138//2138 2152//2152
f 2137//2137 2152//2152 2150//2150
f 2138//2138 2151//2151 2153//2153
f 2138//2138 2153//2153 2152//2152
f 2152//2152 2153//2153 2154//2154
f 2149//2149 2155//2155 2156//2156
f 2156//2156 2157//2157 2158//2158
f 2158//2158 2159//2159 2160//2160
f 2160//2160 2161//2161 2162//2162
f 2162//2162 2163//2163 2164//2164
f 2149//2149 2148//2148 2155//2155
f 2148//2148 2150//2150 2165//2165
f 2148//2148 2165//2165 2155//2155
f 2156//2156 2155//2155 2157//2157
f 2155//2155 2165//2165 2166//2166
f 2155//2155 2166//2166 2157//2157
f 2158//2158 2157//2157 2159//2159
f 2157//2157 2166//2166 2167//2167
f 2150//2150 2152//2152 2168//2168
f 2150//2150 2168//2168 2165//2165
f 2165//2165 2168//2168 2169//2169
f 2152//2152 2154//2154 2168//2168
f 2168//2168 2154//2154 2170//2170
f 2165//2165 2169//2169 2166//2166
f 2166//2166 2169//2169 2171//2171
f 2166//2166 2171//2171 2167//2167
f 2168//2168 2170//2170 2169//2169
f 2169//2169 2172//2172 2171//2171
f 2169//2169 2170//2170 2172//2172
f 2157//2157 2167//2167 2159//2159
f 2160//2160 2159//2159 2161//2161
f 2162//2162 2161//2161 2163//2163
f 2159//2159 2173//2173 2161//2161
f 2159//2159 2167//2167 2173//2173
f 2161//2161 2174//2174 2163//2163
f 2161//2161 2173//2173 2174//2174
f 2167//2167 2171//2171 2175//2175
f 2167//2167 2175//2175 2173//2173
f 2171//2171 2176//2176 2175//2175
f 2171//2171 2172//2172 2176//2176
f 2173//2173 2175//2175 2177//2177
f 2173//2173 2177//2177 2174//2174
f 2175//2175 2176//2176 2178//2178
f 2175//2175 2178//2178 2177//2177
f 2140//2140 2143//2143 2142//2142
f 2141//2141 2179//2179 2143//2143
f 2141//2141 2144//2144 2179//2179
f 2144//2144 2180//2180 2179//2179
f 2136//2136 2142//2142 2181//2181
f 2136//2136 2181//2181 2151//2151
f 2143//2143 2182//2182 2142//2142
f 2142//2142 2182//2182 2181//2181
f 2151//2151 2183//2183 2153//2153
f 2151//2151 2181//2181 2183//2183
f 2153//2153 2183//2183 2184//2184
f 2181//2181 2182//2182 2185//2185
f 2181//2181 2185//2185 2183//2183
f 2143//2143 2179//2179 2186//2186
f 2143//2143 2186//2186 2182//2182
f 2179//2179 2187//2187 2186//2186
f 2182//2182 2188//2188 2185//2185
f 2182//2182 2186//2186 2188//2188
f 2183//2183 2185//2185 2189//2189
f 2186//2186 2190//2190 2188//2188
f 2185//2185 2188//2188 2191//2191
f 2144//2144 2145//2145 2180//2180
f 2145//2145 2192//2192 2180//2180
f 2146//2146 2192//2192 2145//2145
f 2117//2117 2147//2147 2146//2146
f 2118//2118 2119//2119 2193//2193
f 2118//2118 2193//2193 2147//2147
f 2146//2146 2147//2147 2194//2194
f 2146//2146 2194//2194 2192//2192
f 2147//2147 2195//2195 2194//2194
f 2147//2147 2193//2193 2195//2195
f 2194//2194 2195//2195 2196//2196
f 2179//2179 2180//2180 2187//2187
f 2180//2180 2197//2197 2187//2187
f 2186//2186 2187//2187 2190//2190
f 2180//2180 2192//2192 2197//2197
f 2192//2192 2194//2194 2198//2198
f 2192//2192 2198//2198 2197//2197
f 2187//2187 2197//2197 2199//2199
f 2187//2187 2199//2199 2190//2190
f 2188//2188 2190//2190 2200//2200
f 2190//2190 2199//2199 2201//2201
f 2197//2197 2198//2198 2202//2202
f 2194//2194 2196//2196 2198//2198
f 2198//2198 2196//2196 2203//2203
f 2197//2197 2202//2202 2199//2199
f 2198//2198 2203//2203 2202//2202
f 2199//2199 2202//2202 2204//2204
f 2202//2202 2203//2203 2205//2205
f 2153//2153 2184//2184 2154//2154
f 2154//2154 2184//2184 2206//2206
f 2183//2183 2189//2189 2184//2184
f 2184//2184 2189//2189 2207//2207
f 2154//2154 2206//2206 2170//2170
f 2170//2170 2208//2208 2172//2172
f 2170//2170 2206//2206 2208//2208
f 2184//2184 2207//2207 2206//2206
f 2206//2206 2207//2207 2209//2209
f 2206//2206 2209//2209 2208//2208
f 2185//2185 2191//2191 2189//2189
f 2188//2188 2200//2200 2191//2191
f 2189//2189 2191//2191 2210//2210
f 2191//2191 2211//2211 2210//2210
f 2189//2189 2210//2210 2207//2207
f 2207//2207 2212//2212 2209//2209
f 2207//2207 2210//2210 2212//2212
f 2210//2210 2213//2213 2212//2212
f 2172//2172 2214//2214 2176//2176
f 2172//2172 2208//2208 2214//2214
f 2208//2208 2209//2209 2215//2215
f 2208//2208 2215//2215 2214//2214
f 2176//2176 2214//2214 2216//2216
f 2176//2176 2216//2216 2178//2178
f 2214//2214 2215//2215 2217//2217
f 2214//2214 2217//2217 2216//2216
f 2209//2209 2218//2218 2215//2215
f 2209//2209 2212//2212 2218//2218
f 2212//2212 2219//2219 2218//2218
f 2215//2215 2220//2220 2217//2217
f 2215//2215 2218//2218 2220//2220
f 2218//2218 2221//2221 2220//2220
f 2190//2190 2201//2201 2200//2200
f 2191//2191 2200//2200 2211//2211
f 2200//2200 2222//2222 2211//2211
f 2200//2200 2201//2201 2222//2222
f 2210//2210 2211//2211 2213//2213
f 2211//2211 2223//2223 2213//2213
f 2211//2211 2222//2222 2223//2223
f 2199//2199 2204//2204 2201//2201
f 2201//2201 2204//2204 2224//2224
f 2201//2201 2224//2224 2222//2222
f 2202//2202 2205//2205 2204//2204
f 2204//2204 2225//2225 2224//2224
f 2204//2204 2205//2205 2225//2225
f 2222//2222 2224//2224 2226//2226
f 2222//2222 2226//2226 2223//2223
f 2212//2212 2213//2213 2219//2219
f 2213//2213 2227//2227 2219//2219
f 2213//2213 2223//2223 2227//2227
f 2218//2218 2219//2219 2221//2221
f 2219//2219 2228//2228 2221//2221
f 2224//2224 2229//2229 2226//2226
f 2224//2224 2225//2225 2229//2229
f 2219//2219 2227//2227 2228//2228
f 2223//2223 2226//2226 2230//2230
f 2223//2223 2230//2230 2227//2227
f 2226//2226 2229//2229 2231//2231
f 2226//2226 2231//2231 2230//2230
f 2227//2227 2230//2230 2232//2232
f 2227//2227 2232//2232 2228//2228
f 2230//2230 2231//2231 2233//2233
f 2230//2230 2233//2233 2232//2232
f 2006//2006 2008//2008 2234//2234
f 2007//2007 2015//2015 2009//2009
f 2008//2008 2009//2009 2235//2235
f 2009//2009 2236//2236 2235//2235
f 2009//2009 2015//2015 2236//2236
f 2011//2011 2018//2018 2015//2015
f 2014//2014 2017//2017 2018//2018
f 2015//2015 2018//2018 2237//2237
f 2015//2015 2237//2237 2236//2236
f 2018//2018 2017//2017 2238//2238
f 2018//2018 2238//2238 2237//2237
f 1904//1904 2005//2005 2239//2239
f 2005//2005 2006//2006 2240//2240
f 1904//1904 2239//2239 2097//2097
f 2005//2005 2240//2240 2239//2239
f 2006//2006 2234//2234 2240//2240
f 2008//2008 2235//2235 2234//2234
f 2097//2097 2239//2239 2241//2241
f 2097//2097 2241//2241 2099//2099
f 2239//2239 2240//2240 2242//2242
f 2239//2239 2242//2242 2241//2241
f 2099//2099 2241//2241 2243//2243
f 2099//2099 2243//2243 2102//2102
f 2241//2241 2242//2242 2244//2244
f 2240//2240 2245//2245 2242//2242
f 2240//2240 2234//2234 2245//2245
f 2234//2234 2246//2246 2245//2245
f 2242//2242 2245//2245 2247//2247
f 2234//2234 2235//2235 2246//2246
f 2235//2235 2236//2236 2248//2248
f 2235//2235 2248//2248 2246//2246
f 2237//2237 2249//2249 2236//2236
f 2236//2236 2249//2249 2248//2248
f 2237//2237 2238//2238 2250//2250
f 2237//2237 2250//2250 2249//2249
f 2241//2241 2244//2244 2243//2243
f 2243//2243 2244//2244 2251//2251
f 2242//2242 2247//2247 2244//2244
f 2245//2245 2252//2252 2247//2247
f 2244//2244 2247//2247 2253//2253
f 2247//2247 2254//2254 2253//2253
f 2102//2102 2243//2243 2255//2255
f 2102//2102 2255//2255 2113//2113
f 2243//2243 2251//2251 2255//2255
f 2244//2244 2253//2253 2251//2251
f 2113//2113 2256//2256 2115//2115
f 2113//2113 2255//2255 2256//2256
f 2255//2255 2251//2251 2257//2257
f 2255//2255 2257//2257 2256//2256
f 2115//2115 2256//2256 2258//2258
f 2115//2115 2258//2258 2119//2119
f 2256//2256 2257//2257 2259//2259
f 2256//2256 2259//2259 2258//2258
f 2251//2251 2260//2260 2257//2257
f 2251//2251 2253//2253 2260//2260
f 2253//2253 2261//2261 2260//2260
f 2257//2257 2260//2260 2262//2262
f 2246//2246 2248//2248 2263//2263
f 2245//2245 2246//2246 2252//2252
f 2246//2246 2263//2263 2252//2252
f 2247//2247 2252//2252 2254//2254
f 2252//2252 2263//2263 2264//2264
f 2248//2248 2249//2249 2265//2265
f 2249//2249 2250//2250 2266//2266
f 2248//2248 2265//2265 2263//2263
f 2263//2263 2265//2265 2267//2267
f 2249//2249 2266//2266 2265//2265
f 2252//2252 2264//2264 2254//2254
f 2263//2263 2267//2267 2264//2264
f 2265//2265 2266//2266 2268//2268
f 2265//2265 2268//2268 2267//2267
f 2253//2253 2254//2254 2261//2261
f 2254//2254 2264//2264 2269//2269
f 2254//2254 2269//2269 2261//2261
f 2260//2260 2261//2261 2270//2270
f 2267//2267 2271//2271 2264//2264
f 2264//2264 2271//2271 2269//2269
f 2267//2267 2268//2268 2272//2272
f 2267//2267 2272//2272 2271//2271
f 2038//2038 2039//2039 2273//2273
f 2038//2038 2273//2273 2040//2040
f 2016//2016 2040//2040 2017//2017
f 2017//2017 2040//2040 2274//2274
f 2040//2040 2273//2273 2275//2275
f 2039//2039 2276//2276 2273//2273
f 2039//2039 2041//2041 2276//2276
f 2041//2041 2277//2277 2276//2276
f 2276//2276 2278//2278 2273//2273
f 2017//2017 2274//2274 2238//2238
f 2040//2040 2275//2275 2274//2274
f 2238//2238 2274//2274 2279//2279
f 2274//2274 2275//2275 2280//2280
f 2273//2273 2278//2278 2275//2275
f 2276//2276 2281//2281 2278//2278
f 2275//2275 2278//2278 2282//2282
f 2041//2041 2042//2042 2277//2277
f 2042//2042 2046//2046 2283//2283
f 2042//2042 2283//2283 2277//2277
f 2046//2046 2047//2047 2284//2284
f 2047//2047 2048//2048 2285//2285
f 2046//2046 2284//2284 2283//2283
f 2047//2047 2285//2285 2284//2284
f 2048//2048 2033//2033 2285//2285
f 2277//2277 2283//2283 2286//2286
f 2276//2276 2277//2277 2281//2281
f 2277//2277 2286//2286 2281//2281
f 2278//2278 2281//2281 2287//2287
f 2281//2281 2286//2286 2288//2288
f 2283//2283 2284//2284 2289//2289
f 2284//2284 2285//2285 2033//2033
f 2283//2283 2289//2289 2286//2286
f 2284//2284 2033//2033 2289//2289
f 2278//2278 2287//2287 2282//2282
f 2281//2281 2288//2288 2287//2287
f 2286//2286 2289//2289 2290//2290
f 2286//2286 2290//2290 2288//2288
f 2289//2289 2033//2033 2291//2291
f 2289//2289 2291//2291 2290//2290
f 2033//2033 2292//2292 2291//2291
f 2238//2238 2279//2279 2250//2250
f 2274//2274 2280//2280 2279//2279
f 942//942 1983//1983 2033//2033
f 2250//2250 2279//2279 2293//2293
f 2279//2279 2280//2280 2294//2294
f 2250//2250 2293//2293 2266//2266
f 2279//2279 2294//2294 2293//2293
f 2275//2275 2282//2282 2280//2280
f 2280//2280 2295//2295 2294//2294
f 2280//2280 2282//2282 2295//2295
f 2282//2282 2296//2296 2295//2295
f 2266//2266 2293//2293 2297//2297
f 2266//2266 2297//2297 2268//2268
f 2293//2293 2294//2294 2298//2298
f 2293//2293 2298//2298 2297//2297
f 2294//2294 2295//2295 2299//2299
f 2294//2294 2299//2299 2298//2298
f 2295//2295 2300//2300 2299//2299
f 2268//2268 2301//2301 2272//2272
f 2268//2268 2297//2297 2301//2301
f 2297//2297 2298//2298 2302//2302
f 2282//2282 2287//2287 2296//2296
f 2287//2287 2303//2303 2296//2296
f 2288//2288 2303//2303 2287//2287
f 2288//2288 2290//2290 2304//2304
f 2290//2290 2291//2291 2292//2292
f 2296//2296 2303//2303 2305//2305
f 2295//2295 2296//2296 2300//2300
f 2296//2296 2305//2305 2300//2300
f 2288//2288 2304//2304 2303//2303
f 2290//2290 2292//2292 2304//2304
f 2033//2033 2306//2306 2292//2292
f 2303//2303 2304//2304 2307//2307
f 2304//2304 2292//2292 2308//2308
f 2303//2303 2307//2307 2305//2305
f 2304//2304 2308//2308 2307//2307
f 2257//2257 2262//2262 2259//2259
f 2260//2260 2270//2270 2262//2262
f 2261//2261 2309//2309 2270//2270
f 2261//2261 2269//2269 2309//2309
f 2270//2270 2309//2309 2310//2310
f 2271//2271 2272//2272 2311//2311
f 2269//2269 2271//2271 2312//2312
f 2269//2269 2312//2312 2309//2309
f 2271//2271 2311//2311 2312//2312
f 2309//2309 2312//2312 2313//2313
f 2312//2312 2311//2311 2314//2314
f 2298//2298 2299//2299 2315//2315
f 2272//2272 2301//2301 2316//2316
f 2297//2297 2302//2302 2301//2301
f 2301//2301 2302//2302 2317//2317
f 2272//2272 2316//2316 2311//2311
f 2311//2311 2316//2316 2318//2318
f 2301//2301 2317//2317 2316//2316
f 2298//2298 2315//2315 2302//2302
f 2299//2299 2319//2319 2315//2315
f 2302//2302 2315//2315 2320//2320
f 2315//2315 2321//2321 2320//2320
f 2302//2302 2320//2320 2317//2317
f 2316//2316 2317//2317 2322//2322
f 2316//2316 2322//2322 2318//2318
f 2317//2317 2323//2323 2322//2322
f 2317//2317 2320//2320 2323//2323
f 2320//2320 2324//2324 2323//2323
f 2299//2299 2300//2300 2319//2319
f 2300//2300 2305//2305 2325//2325
f 2305//2305 2307//2307 2326//2326
f 2305//2305 2326//2326 2325//2325
f 2292//2292 2306//2306 2308//2308
f 2307//2307 2306//2306 2326//2326
f 2307//2307 2308//2308 2306//2306
f 2300//2300 2325//2325 2319//2319
f 2315//2315 2319//2319 2321//2321
f 2319//2319 2325//2325 2327//2327
f 2033//2033 1983//1983 2306//2306
f 2325//2325 2326//2326 2328//2328
f 2326//2326 2306//2306 2329//2329
f 2319//2319 2327//2327 2321//2321
f 2320//2320 2321//2321 2324//2324
f 2321//2321 2327//2327 2330//2330
f 2321//2321 2330//2330 2324//2324
f 2325//2325 2328//2328 2327//2327
f 2326//2326 2329//2329 2328//2328
f 2327//2327 2328//2328 2331//2331
f 2306//2306 2332//2332 2329//2329
f 2328//2328 2329//2329 2332//2332
f 2327//2327 2331//2331 2330//2330
f 2328//2328 2332//2332 2331//2331
f 2119//2119 2258//2258 2333//2333
f 2119//2119 2333//2333 2193//2193
f 2258//2258 2259//2259 2334//2334
f 2258//2258 2334//2334 2333//2333
f 2333//2333 2334//2334 2335//2335
f 2193//2193 2333//2333 2336//2336
f 2193//2193 2336//2336 2195//2195
f 2333//2333 2335//2335 2336//2336
f 2259//2259 2262//2262 2337//2337
f 2259//2259 2337//2337 2334//2334
f 2262//2262 2338//2338 2337//2337
f 2334//2334 2337//2337 2339//2339
f 2195//2195 2336//2336 2340//2340
f 2336//2336 2335//2335 2341//2341
f 2334//2334 2339//2339 2335//2335
f 2337//2337 2342//2342 2339//2339
f 2335//2335 2339//2339 2343//2343
f 2195//2195 2340//2340 2196//2196
f 2196//2196 2340//2340 2344//2344
f 2336//2336 2341//2341 2340//2340
f 2340//2340 2341//2341 2345//2345
f 2196//2196 2344//2344 2203//2203
f 2203//2203 2346//2346 2205//2205
f 2203//2203 2344//2344 2346//2346
f 2340//2340 2345//2345 2344//2344
f 2344//2344 2345//2345 2347//2347
f 2344//2344 2347//2347 2346//2346
f 2335//2335 2343//2343 2341//2341
f 2341//2341 2348//2348 2345//2345
f 2339//2339 2349//2349 2343//2343
f 2341//2341 2343//2343 2348//2348
f 2343//2343 2350//2350 2348//2348
f 2262//2262 2270//2270 2338//2338
f 2270//2270 2310//2310 2338//2338
f 2309//2309 2313//2313 2310//2310
f 2337//2337 2338//2338 2342//2342
f 2338//2338 2310//2310 2351//2351
f 2338//2338 2351//2351 2342//2342
f 2339//2339 2342//2342 2349//2349
f 2342//2342 2352//2352 2349//2349
f 2342//2342 2351//2351 2352//2352
f 2310//2310 2313//2313 2353//2353
f 2312//2312 2314//2314 2313//2313
f 2313//2313 2314//2314 2354//2354
f 2313//2313 2354//2354 2353//2353
f 2310//2310 2353//2353 2351//2351
f 2351//2351 2353//2353 2355//2355
f 2351//2351 2355//2355 2352//2352
f 2353//2353 2356//2356 2355//2355
f 2353//2353 2354//2354 2356//2356
f 2343//2343 2349//2349 2350//2350
f 2349//2349 2352//2352 2357//2357
f 2345//2345 2358//2358 2347//2347
f 2345//2345 2348//2348 2358//2358
f 2348//2348 2359//2359 2358//2358
f 2349//2349 2357//2357 2350//2350
f 2348//2348 2350//2350 2359//2359
f 2350//2350 2360//2360 2359//2359
f 2350//2350 2357//2357 2360//2360
f 2352//2352 2355//2355 2361//2361
f 2352//2352 2361//2361 2357//2357
f 2355//2355 2356//2356 2362//2362
f 2355//2355 2362//2362 2361//2361
f 2357//2357 2361//2361 2363//2363
f 2357//2357 2363//2363 2360//2360
f 2361//2361 2362//2362 2364//2364
f 2361//2361 2364//2364 2363//2363
f 2205//2205 2365//2365 2225//2225
f 2205//2205 2346//2346 2365//2365
f 2346//2346 2347//2347 2366//2366
f 2346//2346 2366//2366 2365//2365
f 2225//2225 2365//2365 2367//2367
f 2225//2225 2367//2367 2229//2229
f 2365//2365 2366//2366 2368//2368
f 2365//2365 2368//2368 2367//2367
f 2347//2347 2369//2369 2366//2366
f 2347//2347 2358//2358 2369//2369
f 2358//2358 2370//2370 2369//2369
f 2366//2366 2371//2371 2368//2368
f 2366//2366 2369//2369 2371//2371
f 2369//2369 2372//2372 2371//2371
f 2229//2229 2367//2367 2373//2373
f 2229//2229 2373//2373 2231//2231
f 2367//2367 2374//2374 2373//2373
f 2367//2367 2368//2368 2374//2374
f 2231//2231 2373//2373 2375//2375
f 2231//2231 2375//2375 2233//2233
f 2373//2373 2374//2374 2376//2376
f 2373//2373 2376//2376 2375//2375
f 2368//2368 2377//2377 2374//2374
f 2368//2368 2371//2371 2377//2377
f 2371//2371 2378//2378 2377//2377
f 2374//2374 2379//2379 2376//2376
f 2374//2374 2377//2377 2379//2379
f 2377//2377 2380//2380 2379//2379
f 2358//2358 2359//2359 2370//2370
f 2359//2359 2381//2381 2370//2370
f 2359//2359 2360//2360 2381//2381
f 2369//2369 2370//2370 2372//2372
f 2370//2370 2382//2382 2372//2372
f 2370//2370 2381//2381 2382//2382
f 2360//2360 2363//2363 2383//2383
f 2360//2360 2383//2383 2381//2381
f 2363//2363 2364//2364 2384//2384
f 2363//2363 2384//2384 2383//2383
f 2381//2381 2383//2383 2385//2385
f 2381//2381 2385//2385 2382//2382
f 2383//2383 2384//2384 2386//2386
f 2383//2383 2386//2386 2385//2385
f 2371//2371 2372//2372 2378//2378
f 2372//2372 2387//2387 2378//2378
f 2372//2372 2382//2382 2387//2387
f 2377//2377 2378//2378 2380//2380
f 2378//2378 2388//2388 2380//2380
f 2378//2378 2387//2387 2388//2388
f 2382//2382 2385//2385 2389//2389
f 2382//2382 2389//2389 2387//2387
f 2385//2385 2386//2386 2390//2390
f 2385//2385 2390//2390 2389//2389
f 2387//2387 2389//2389 2391//2391
f 2387//2387 2391//2391 2388//2388
f 2389//2389 2390//2390 2392//2392
f 2389//2389 2392//2392 2391//2391
f 2311//2311 2318//2318 2314//2314
f 2314//2314 2393//2393 2354//2354
f 2314//2314 2318//2318 2393//2393
f 2318//2318 2322//2322 2394//2394
f 2318//2318 2394//2394 2393//2393
f 2354//2354 2393//2393 2395//2395
f 2322//2322 2396//2396 2394//2394
f 2322//2322 2323//2323 2396//2396
f 2323//2323 2397//2397 2396//2396
f 2323//2323 2324//2324 2397//2397
f 2324//2324 2330//2330 2398//2398
f 2306//2306 1983//1983 2332//2332
f 2354//2354 2395//2395 2356//2356
f 2393//2393 2394//2394 2399//2399
f 2393//2393 2399//2399 2395//2395
f 2394//2394 2400//2400 2399//2399
f 2394//2394 2396//2396 2400//2400
f 2396//2396 2401//2401 2400//2400
f 2356//2356 2395//2395 2402//2402
f 2356//2356 2402//2402 2362//2362
f 2395//2395 2399//2399 2403//2403
f 2395//2395 2403//2403 2402//2402
f 2362//2362 2402//2402 2404//2404
f 2362//2362 2404//2404 2364//2364
f 2402//2402 2403//2403 2405//2405
f 2402//2402 2405//2405 2404//2404
f 2399//2399 2406//2406 2403//2403
f 2400//2400 2406//2406 2399//2399
f 2400//2400 2407//2407 2406//2406
f 2403//2403 2406//2406 2408//2408
f 2403//2403 2408//2408 2405//2405
f 2406//2406 2409//2409 2408//2408
f 2324//2324 2398//2398 2397//2397
f 2396//2396 2397//2397 2401//2401
f 2397//2397 2398//2398 2410//2410
f 2397//2397 2410//2410 2401//2401
f 2330//2330 2331//2331 2411//2411
f 2330//2330 2411//2411 2398//2398
f 2331//2331 2332//2332 2412//2412
f 2331//2331 2412//2412 2411//2411
f 2332//2332 1983//1983 2412//2412
f 2398//2398 2411//2411 2413//2413
f 2411//2411 2412//2412 1983//1983
f 2398//2398 2413//2413 2410//2410
f 2411//2411 1983//1983 2413//2413
f 2400//2400 2401//2401 2407//2407
f 2401//2401 2414//2414 2407//2407
f 2401//2401 2410//2410 2414//2414
f 2410//2410 2413//2413 2415//2415
f 2413//2413 1983//1983 2416//2416
f 2406//2406 2407//2407 2409//2409
f 2407//2407 2417//2417 2409//2409
f 2407//2407 2414//2414 2417//2417
f 2410//2410 2415//2415 2414//2414
f 2413//2413 2416//2416 2415//2415
f 1983//1983 2418//2418 2416//2416
f 2414//2414 2415//2415 2419//2419
f 2414//2414 2419//2419 2417//2417
f 2415//2415 2416//2416 2418//2418
f 2415//2415 2418//2418 2419//2419
f 1983//1983 2420//2420 2418//2418
f 2404//2404 2421//2421 2364//2364
f 2364//2364 2421//2421 2384//2384
f 2404//2404 2405//2405 2422//2422
f 2404//2404 2422//2422 2421//2421
f 2421//2421 2423//2423 2384//2384
f 2384//2384 2423//2423 2386//2386
f 2421//2421 2422//2422 2424//2424
f 2421//2421 2424//2424 2423//2423
f 2405//2405 2425//2425 2422//2422
f 2405//2405 2408//2408 2425//2425
f 2408//2408 2426//2426 2425//2425
f 2422//2422 2427//2427 2424//2424
f 2422//2422 2425//2425 2427//2427
f 2425//2425 2428//2428 2427//2427
f 2423//2423 2429//2429 2386//2386
f 2386//2386 2429//2429 2390//2390
f 2423//2423 2424//2424 2430//2430
f 2423//2423 2430//2430 2429//2429
f 2390//2390 2429//2429 2431//2431
f 2390//2390 2431//2431 2392//2392
f 2429//2429 2432//2432 2431//2431
f 2429//2429 2430//2430 2432//2432
f 2424//2424 2433//2433 2430//2430
f 2424//2424 2427//2427 2433//2433
f 2427//2427 2434//2434 2433//2433
f 2430//2430 2435//2435 2432//2432
f 2430//2430 2433//2433 2435//2435
f 2433//2433 2436//2436 2435//2435
f 2408//2408 2409//2409 2426//2426
f 2409//2409 2417//2417 2437//2437
f 2409//2409 2437//2437 2426//2426
f 2425//2425 2426//2426 2428//2428
f 2426//2426 2438//2438 2428//2428
f 2426//2426 2437//2437 2438//2438
f 2417//2417 2419//2419 2439//2439
f 2417//2417 2439//2439 2437//2437
f 2419//2419 2418//2418 2440//2440
f 2419//2419 2440//2440 2439//2439
f 2418//2418 2420//2420 2440//2440
f 2437//2437 2439//2439 2441//2441
f 2437//2437 2441//2441 2438//2438
f 2439//2439 2440//2440 2420//2420
f 1983//1983 2442//2442 2420//2420
f 2439//2439 2420//2420 2441//2441
f 2427//2427 2428//2428 2434//2434
f 2428//2428 2443//2443 2434//2434
f 2428//2428 2438//2438 2443//2443
f 2433//2433 2434//2434 2436//2436
f 2434//2434 2444//2444 2436//2436
f 2434//2434 2443//2443 2444//2444
f 2438//2438 2441//2441 2445//2445
f 2438//2438 2445//2445 2443//2443
f 2441//2441 2420//2420 2446//2446
f 2441//2441 2446//2446 2445//2445
f 2420//2420 2447//2447 2446//2446
f 2443//2443 2445//2445 2448//2448
f 2443//2443 2448//2448 2444//2444
f 2445//2445 2446//2446 2447//2447
f 2445//2445 2447//2447 2448//2448
f 1441//1441 1445//1445 2449//2449
f 1440//1440 1446//1446 1445//1445
f 1442//1442 1447//1447 1446//1446
f 1443//1443 1448//1448 1447//1447
f 2450//2450 1917//1917 2451//2451
f 2450//2450 2452//2452 1917//1917
f 1445//1445 1918//1918 1917//1917
f 2452//2452 1445//1445 1917//1917
f 1445//1445 1446//1446 1918//1918
f 1446//1446 1919//1919 1918//1918
f 1447//1447 1920//1920 1919//1919
f 1446//1446 1447//1447 1919//1919
f 1447//1447 1448//1448 1920//1920
f 1444//1444 1456//1456 1448//1448
f 1449//1449 1457//1457 1456//1456
f 1450//1450 1458//1458 1457//1457
f 1451//1451 1459//1459 1458//1458
f 1452//1452 1460//1460 1459//1459
f 1453//1453 1461//1461 1460//1460
f 1454//1454 1462//1462 1461//1461
f 1448//1448 1921//1921 1920//1920
f 1456//1456 1922//1922 1921//1921
f 1448//1448 1456//1456 1921//1921
f 1456//1456 1457//1457 1922//1922
f 1457//1457 1923//1923 1922//1922
f 1458//1458 1924//1924 1923//1923
f 1457//1457 1458//1458 1923//1923
f 1459//1459 1925//1925 1924//1924
f 1458//1458 1459//1459 1924//1924
f 1459//1459 1460//1460 1925//1925
f 1460//1460 1926//1926 1925//1925
f 1461//1461 1927//1927 1926//1926
f 1460//1460 1461//1461 1926//1926
f 1461//1461 1462//1462 1927//1927
f 1539//1539 2453//2453 1544//1544
f 2453//2453 2454//2454 2455//2455
f 2454//2454 2456//2456 2457//2457
f 1544//1544 2453//2453 2455//2455
f 1544//1544 2455//2455 1545//1545
f 1545//1545 2455//2455 2458//2458
f 1545//1545 2458//2458 1546//1546
f 1546//1546 2459//2459 1547//1547
f 1546//1546 2458//2458 2459//2459
f 1547//1547 2459//2459 2460//2460
f 2454//2454 2457//2457 2455//2455
f 2457//2457 2461//2461 2462//2462
f 2455//2455 2457//2457 2458//2458
f 2458//2458 2457//2457 2462//2462
f 2458//2458 2462//2462 2459//2459
f 2459//2459 2462//2462 2463//2463
f 2459//2459 2463//2463 2460//2460
f 2463//2463 2464//2464 2460//2460
f 2456//2456 2465//2465 2461//2461
f 2465//2465 2466//2466 2467//2467
f 2457//2457 2456//2456 2461//2461
f 2462//2462 2461//2461 2468//2468
f 2461//2461 2467//2467 2468//2468
f 2468//2468 2469//2469 2470//2470
f 2462//2462 2468//2468 2463//2463
f 2463//2463 2468//2468 2470//2470
f 2463//2463 2470//2470 2464//2464
f 2470//2470 2471//2471 2464//2464
f 2470//2470 2472//2472 2471//2471
f 2465//2465 2467//2467 2461//2461
f 2468//2468 2467//2467 2469//2469
f 2467//2467 2466//2466 2473//2473
f 2467//2467 2473//2473 2469//2469
f 2469//2469 2473//2473 2474//2474
f 2470//2470 2469//2469 2472//2472
f 2472//2472 2475//2475 2471//2471
f 2469//2469 2474//2474 2472//2472
f 2472//2472 2474//2474 2476//2476
f 2472//2472 2476//2476 2475//2475
f 1547//1547 2460//2460 1565//1565
f 1565//1565 2477//2477 1566//1566
f 1565//1565 2460//2460 2477//2477
f 1566//1566 2477//2477 2478//2478
f 1566//1566 2478//2478 1567//1567
f 1567//1567 2479//2479 1570//1570
f 1567//1567 2478//2478 2479//2479
f 2460//2460 2464//2464 2477//2477
f 2477//2477 2464//2464 2480//2480
f 2477//2477 2480//2480 2478//2478
f 2478//2478 2480//2480 2481//2481
f 2478//2478 2481//2481 2479//2479
f 2479//2479 2482//2482 2483//2483
f 2479//2479 2481//2481 2482//2482
f 1570//1570 2483//2483 1573//1573
f 1570//1570 2479//2479 2483//2483
f 2483//2483 2484//2484 2485//2485
f 2482//2482 2484//2484 2483//2483
f 2484//2484 2486//2486 2485//2485
f 1573//1573 2483//2483 2485//2485
f 1573//1573 2485//2485 1574//1574
f 1574//1574 2487//2487 1575//1575
f 1574//1574 2485//2485 2487//2487
f 1575//1575 2487//2487 2488//2488
f 2486//2486 2487//2487 2485//2485
f 2487//2487 2489//2489 2488//2488
f 2486//2486 2489//2489 2487//2487
f 2488//2488 2489//2489 2490//2490
f 2464//2464 2471//2471 2480//2480
f 2480//2480 2471//2471 2491//2491
f 2480//2480 2491//2491 2481//2481
f 2481//2481 2491//2491 2492//2492
f 2471//2471 2475//2475 2491//2491
f 2491//2491 2493//2493 2492//2492
f 2481//2481 2492//2492 2482//2482
f 2482//2482 2494//2494 2484//2484
f 2482//2482 2492//2492 2494//2494
f 2492//2492 2495//2495 2494//2494
f 2475//2475 2496//2496 2493//2493
f 2491//2491 2475//2475 2493//2493
f 2492//2492 2493//2493 2495//2495
f 2493//2493 2497//2497 2495//2495
f 2494//2494 2495//2495 2498//2498
f 2494//2494 2498//2498 2499//2499
f 2495//2495 2500//2500 2498//2498
f 2498//2498 2501//2501 2502//2502
f 2484//2484 2499//2499 2486//2486
f 2484//2484 2494//2494 2499//2499
f 2486//2486 2499//2499 2503//2503
f 2486//2486 2503//2503 2489//2489
f 2489//2489 2503//2503 2504//2504
f 2499//2499 2502//2502 2503//2503
f 2498//2498 2502//2502 2499//2499
f 2503//2503 2502//2502 2505//2505
f 2502//2502 2506//2506 2505//2505
f 2503//2503 2505//2505 2504//2504
f 2504//2504 2505//2505 2507//2507
f 2504//2504 2507//2507 2508//2508
f 2507//2507 2509//2509 2508//2508
f 2505//2505 2510//2510 2507//2507
f 2507//2507 2511//2511 2509//2509
f 2489//2489 2504//2504 2490//2490
f 2490//2490 2504//2504 2508//2508
f 2512//2512 2513//2513 2514//2514
f 2513//2513 2515//2515 2516//2516
f 2513//2513 2516//2516 2514//2514
f 2516//2516 2517//2517 2514//2514
f 2516//2516 2518//2518 2517//2517
f 2518//2518 2519//2519 2520//2520
f 2515//2515 2521//2521 2522//2522
f 2521//2521 2523//2523 2524//2524
f 2521//2521 2524//2524 2522//2522
f 2516//2516 2515//2515 2522//2522
f 2516//2516 2522//2522 2518//2518
f 2518//2518 2522//2522 2525//2525
f 2522//2522 2524//2524 2525//2525
f 2518//2518 2525//2525 2519//2519
f 2519//2519 2525//2525 2526//2526
f 2519//2519 2526//2526 2527//2527
f 2526//2526 2528//2528 2527//2527
f 2525//2525 2529//2529 2526//2526
f 2526//2526 2530//2530 2528//2528
f 2524//2524 2531//2531 2529//2529
f 2523//2523 2531//2531 2524//2524
f 2529//2529 2531//2531 2532//2532
f 2525//2525 2524//2524 2529//2529
f 2529//2529 2532//2532 2530//2530
f 2530//2530 2532//2532 2533//2533
f 2530//2530 2533//2533 2534//2534
f 2534//2534 2533//2533 2535//2535
f 2526//2526 2529//2529 2530//2530
f 2530//2530 2534//2534 2528//2528
f 2512//2512 2473//2473 2466//2466
f 2473//2473 2514//2514 2474//2474
f 2512//2512 2514//2514 2473//2473
f 2474//2474 2514//2514 2517//2517
f 2475//2475 2476//2476 2496//2496
f 2474//2474 2517//2517 2476//2476
f 2476//2476 2517//2517 2520//2520
f 2520//2520 2536//2536 2496//2496
f 2476//2476 2520//2520 2496//2496
f 2518//2518 2520//2520 2517//2517
f 2519//2519 2536//2536 2520//2520
f 2519//2519 2527//2527 2536//2536
f 2528//2528 2537//2537 2527//2527
f 2528//2528 2538//2538 2537//2537
f 2528//2528 2534//2534 2538//2538
f 2538//2538 2539//2539 2540//2540
f 2541//2541 2535//2535 2542//2542
f 2538//2538 2534//2534 2541//2541
f 2538//2538 2541//2541 2539//2539
f 2539//2539 2541//2541 2543//2543
f 2534//2534 2535//2535 2541//2541
f 2541//2541 2542//2542 2543//2543
f 2539//2539 2543//2543 2544//2544
f 2544//2544 2545//2545 2546//2546
f 2544//2544 2543//2543 2545//2545
f 2543//2543 2547//2547 2545//2545
f 2545//2545 2548//2548 2549//2549
f 2545//2545 2549//2549 2546//2546
f 2549//2549 2550//2550 2546//2546
f 2549//2549 2551//2551 2550//2550
f 2551//2551 2552//2552 2553//2553
f 2493//2493 2496//2496 2497//2497
f 2496//2496 2536//2536 2497//2497
f 2497//2497 2536//2536 2554//2554
f 2497//2497 2554//2554 2500//2500
f 2500//2500 2554//2554 2555//2555
f 2495//2495 2497//2497 2500//2500
f 2500//2500 2555//2555 2501//2501
f 2501//2501 2555//2555 2556//2556
f 2498//2498 2500//2500 2501//2501
f 2501//2501 2556//2556 2506//2506
f 2536//2536 2527//2527 2554//2554
f 2554//2554 2537//2537 2555//2555
f 2554//2554 2527//2527 2537//2537
f 2537//2537 2540//2540 2555//2555
f 2555//2555 2540//2540 2556//2556
f 2556//2556 2540//2540 2557//2557
f 2556//2556 2557//2557 2558//2558
f 2502//2502 2501//2501 2506//2506
f 2505//2505 2506//2506 2510//2510
f 2506//2506 2558//2558 2510//2510
f 2507//2507 2510//2510 2511//2511
f 2509//2509 2511//2511 2559//2559
f 2510//2510 2560//2560 2511//2511
f 2511//2511 2561//2561 2559//2559
f 2556//2556 2558//2558 2506//2506
f 2558//2558 2562//2562 2560//2560
f 2558//2558 2557//2557 2562//2562
f 2560//2560 2562//2562 2563//2563
f 2510//2510 2558//2558 2560//2560
f 2560//2560 2563//2563 2561//2561
f 2561//2561 2563//2563 2564//2564
f 2511//2511 2560//2560 2561//2561
f 2559//2559 2561//2561 2565//2565
f 2561//2561 2564//2564 2565//2565
f 2538//2538 2540//2540 2537//2537
f 2539//2539 2557//2557 2540//2540
f 2544//2544 2562//2562 2557//2557
f 2539//2539 2544//2544 2557//2557
f 2562//2562 2546//2546 2563//2563
f 2544//2544 2546//2546 2562//2562
f 2563//2563 2546//2546 2550//2550
f 2565//2565 2564//2564 2566//2566
f 2564//2564 2550//2550 2553//2553
f 2563//2563 2550//2550 2564//2564
f 2564//2564 2553//2553 2566//2566
f 2566//2566 2553//2553 2567//2567
f 2551//2551 2553//2553 2550//2550
f 2552//2552 2567//2567 2553//2553
f 2552//2552 2568//2568 2567//2567
f 1455//1455 1585//1585 1462//1462
f 1578//1578 1586//1586 1585//1585
f 1579//1579 1587//1587 1586//1586
f 1580//1580 1588//1588 1587//1587
f 1581//1581 1589//1589 1588//1588
f 1582//1582 1590//1590 1589//1589
f 1583//1583 1591//1591 1590//1590
f 1462//1462 2049//2049 1927//1927
f 1585//1585 2050//2050 2049//2049
f 1462//1462 1585//1585 2049//2049
f 1585//1585 1586//1586 2050//2050
f 1586//1586 2051//2051 2050//2050
f 1587//1587 2052//2052 2051//2051
f 1586//1586 1587//1587 2051//2051
f 1588//1588 2053//2053 2052//2052
f 1587//1587 1588//1588 2052//2052
f 1588//1588 1589//1589 2053//2053
f 1589//1589 2054//2054 2053//2053
f 1590//1590 2055//2055 2054//2054
f 1589//1589 1590//1590 2054//2054
f 1590//1590 1591//1591 2055//2055
f 1584//1584 1598//1598 1591//1591
f 1592//1592 1599//1599 1598//1598
f 1593//1593 1600//1600 1599//1599
f 1594//1594 1601//1601 1600//1600
f 1595//1595 1602//1602 1601//1601
f 1596//1596 1603//1603 1602//1602
f 1597//1597 1576//1576 1603//1603
f 1576//1576 2569//2569 2062//2062
f 1591//1591 2056//2056 2055//2055
f 1598//1598 2057//2057 2056//2056
f 1591//1591 1598//1598 2056//2056
f 1598//1598 1599//1599 2057//2057
f 1599//1599 2058//2058 2057//2057
f 1600//1600 2059//2059 2058//2058
f 1599//1599 1600//1600 2058//2058
f 1601//1601 2060//2060 2059//2059
f 1600//1600 1601//1601 2059//2059
f 1601//1601 1602//1602 2060//2060
f 1602//1602 2061//2061 2060//2060
f 1603//1603 2062//2062 2061//2061
f 1602//1602 1603//1603 2061//2061
f 1603//1603 1576//1576 2062//2062
f 2062//2062 2569//2569 2570//2570
f 2062//2062 2570//2570 2571//2571
f 1576//1576 1719//1719 1720//1720
f 1576//1576 2572//2572 2569//2569
f 1576//1576 1720//1720 2572//2572
f 1576//1576 1577//1577 1719//1719
f 2062//2062 2571//2571 2573//2573
f 2062//2062 2573//2573 2574//2574
f 2062//2062 2574//2574 2575//2575
f 2062//2062 2575//2575 2576//2576
f 2062//2062 2576//2576 2577//2577
f 2062//2062 2577//2577 2578//2578
f 2062//2062 2578//2578 2579//2579
f 2062//2062 2579//2579 2580//2580
f 2062//2062 2580//2580 2581//2581
f 2062//2062 2581//2581 2582//2582
f 1983//1983 2062//2062 2582//2582
f 1575//1575 2488//2488 1707//1707
f 1707//1707 2583//2583 1708//1708
f 1707//1707 2488//2488 2583//2583
f 1708//1708 2583//2583 2584//2584
f 1708//1708 2584//2584 1709//1709
f 1709//1709 2585//2585 1714//1714
f 1709//1709 2584//2584 2585//2585
f 2488//2488 2490//2490 2583//2583
f 2583//2583 2586//2586 2584//2584
f 2490//2490 2586//2586 2583//2583
f 2584//2584 2586//2586 2587//2587
f 2584//2584 2587//2587 2585//2585
f 2585//2585 2588//2588 2589//2589
f 2585//2585 2587//2587 2588//2588
f 1714//1714 2589//2589 1715//1715
f 1714//1714 2585//2585 2589//2589
f 1715//1715 2589//2589 2590//2590
f 1715//1715 2590//2590 1716//1716
f 1716//1716 2591//2591 1717//1717
f 1716//1716 2590//2590 2591//2591
f 1717//1717 2591//2591 2592//2592
f 2589//2589 2593//2593 2590//2590
f 2588//2588 2593//2593 2589//2589
f 2590//2590 2593//2593 2594//2594
f 2590//2590 2594//2594 2591//2591
f 2591//2591 2595//2595 2592//2592
f 2591//2591 2594//2594 2595//2595
f 2595//2595 2596//2596 2592//2592
f 2490//2490 2508//2508 2586//2586
f 2586//2586 2597//2597 2587//2587
f 2508//2508 2597//2597 2586//2586
f 2587//2587 2597//2597 2598//2598
f 2587//2587 2598//2598 2588//2588
f 2588//2588 2599//2599 2593//2593
f 2588//2588 2598//2598 2599//2599
f 2509//2509 2597//2597 2508//2508
f 2509//2509 2600//2600 2597//2597
f 2597//2597 2600//2600 2598//2598
f 2598//2598 2600//2600 2601//2601
f 2598//2598 2601//2601 2599//2599
f 2599//2599 2602//2602 2603//2603
f 2599//2599 2601//2601 2602//2602
f 2593//2593 2603//2603 2594//2594
f 2593//2593 2599//2599 2603//2603
f 2594//2594 2603//2603 2604//2604
f 2594//2594 2604//2604 2595//2595
f 2595//2595 2604//2604 2605//2605
f 2595//2595 2605//2605 2596//2596
f 2605//2605 2606//2606 2596//2596
f 2603//2603 2607//2607 2604//2604
f 2602//2602 2607//2607 2603//2603
f 2604//2604 2607//2607 2608//2608
f 2604//2604 2608//2608 2605//2605
f 2605//2605 2609//2609 2606//2606
f 2605//2605 2608//2608 2609//2609
f 2609//2609 2610//2610 2606//2606
f 2611//2611 2572//2572 1720//1720
f 2569//2569 2612//2612 2570//2570
f 2613//2613 1734//1734 2614//2614
f 2615//2615 2580//2580 2579//2579
f 2615//2615 2616//2616 2580//2580
f 2617//2617 2580//2580 2616//2616
f 1734//1734 2618//2618 2614//2614
f 1734//1734 1733//1733 2618//2618
f 2618//2618 1733//1733 2619//2619
f 2620//2620 2619//2619 1733//1733
f 2618//2618 2619//2619 2621//2621
f 2621//2621 2619//2619 2622//2622
f 2622//2622 2623//2623 2621//2621
f 1742//1742 2624//2624 2620//2620
f 1742//1742 1741//1741 2624//2624
f 2619//2619 2620//2620 2624//2624
f 2622//2622 2625//2625 2623//2623
f 2622//2622 2626//2626 2625//2625
f 2622//2622 2627//2627 2626//2626
f 2622//2622 1775//1775 2627//2627
f 2628//2628 1775//1775 2622//2622
f 2617//2617 2621//2621 2580//2580
f 2621//2621 2623//2623 2580//2580
f 2580//2580 2623//2623 2629//2629
f 2630//2630 2629//2629 2631//2631
f 2631//2631 2629//2629 2623//2623
f 2630//2630 2631//2631 2632//2632
f 2630//2630 2632//2632 2633//2633
f 2633//2633 2632//2632 2634//2634
f 2635//2635 2633//2633 2634//2634
f 2635//2635 2634//2634 2636//2636
f 2582//2582 2581//2581 2637//2637
f 2636//2636 2638//2638 2635//2635
f 2636//2636 2639//2639 2638//2638
f 2640//2640 2638//2638 2639//2639
f 2640//2640 2639//2639 2641//2641
f 1717//1717 2592//2592 1760//1760
f 1760//1760 2642//2642 1761//1761
f 1760//1760 2592//2592 2642//2642
f 1761//1761 2642//2642 2643//2643
f 1761//1761 2643//2643 1762//1762
f 1762//1762 2644//2644 1786//1786
f 1762//1762 2643//2643 2644//2644
f 2592//2592 2596//2596 2642//2642
f 2642//2642 2645//2645 2643//2643
f 2642//2642 2596//2596 2645//2645
f 2643//2643 2645//2645 2646//2646
f 2643//2643 2646//2646 2644//2644
f 2644//2644 2647//2647 2648//2648
f 2644//2644 2646//2646 2647//2647
f 2649//2649 1771//1771 1774//1774
f 1773//1773 2650//2650 1774//1774
f 1773//1773 1775//1775 2628//2628
f 2651//2651 1790//1790 1791//1791
f 2641//2641 2639//2639 2652//2652
f 2653//2653 2654//2654 2652//2652
f 2641//2641 2652//2652 2655//2655
f 2652//2652 2656//2656 2655//2655
f 2656//2656 2652//2652 2654//2654
f 2656//2656 2654//2654 2657//2657
f 2654//2654 2658//2658 2657//2657
f 2657//2657 2658//2658 2659//2659
f 2658//2658 2660//2660 2659//2659
f 2661//2661 2662//2662 2658//2658
f 2658//2658 2662//2662 2660//2660
f 2662//2662 2663//2663 2664//2664
f 2665//2665 2666//2666 2663//2663
f 2662//2662 2667//2667 2660//2660
f 2668//2668 2662//2662 2664//2664
f 2667//2667 2662//2662 2668//2668
f 2666//2666 2664//2664 2663//2663
f 2665//2665 2669//2669 2666//2666
f 2670//2670 2671//2671 2672//2672
f 2673//2673 2671//2671 2670//2670
f 2674//2674 2675//2675 2670//2670
f 2673//2673 2670//2670 2675//2675
f 1786//1786 2648//2648 1787//1787
f 1786//1786 2644//2644 2648//2648
f 1787//1787 2648//2648 2676//2676
f 1418//1418 2677//2677 1795//1795
f 1418//1418 2678//2678 2677//2677
f 1418//1418 2679//2679 2678//2678
f 1787//1787 2676//2676 1796//1796
f 1418//1418 2680//2680 2679//2679
f 1418//1418 2681//2681 2680//2680
f 1418//1418 2682//2682 2681//2681
f 1418//1418 2683//2683 2682//2682
f 1418//1418 1785//1785 2684//2684
f 1796//1796 2685//2685 1785//1785
f 1796//1796 2676//2676 2685//2685
f 1418//1418 2686//2686 2683//2683
f 1418//1418 2687//2687 2686//2686
f 1418//1418 2688//2688 2687//2687
f 1785//1785 2685//2685 2689//2689
f 2648//2648 2690//2690 2676//2676
f 2648//2648 2647//2647 2690//2690
f 2676//2676 2690//2690 2691//2691
f 2692//2692 2680//2680 2681//2681
f 2676//2676 2691//2691 2685//2685
f 1785//1785 2689//2689 2684//2684
f 2685//2685 2693//2693 2689//2689
f 2685//2685 2691//2691 2693//2693
f 2689//2689 2693//2693 2684//2684
f 2596//2596 2606//2606 2645//2645
f 2645//2645 2694//2694 2646//2646
f 2645//2645 2606//2606 2694//2694
f 2646//2646 2694//2694 2695//2695
f 2646//2646 2695//2695 2647//2647
f 2647//2647 2696//2696 2690//2690
f 2647//2647 2695//2695 2696//2696
f 2606//2606 2610//2610 2694//2694
f 2610//2610 2697//2697 2694//2694
f 2694//2694 2697//2697 2695//2695
f 2695//2695 2697//2697 2698//2698
f 2695//2695 2698//2698 2696//2696
f 2696//2696 2699//2699 2700//2700
f 2696//2696 2698//2698 2699//2699
f 2690//2690 2700//2700 2691//2691
f 2696//2696 2700//2700 2690//2690
f 2691//2691 2700//2700 2701//2701
f 2691//2691 2701//2701 2693//2693
f 1418//1418 2702//2702 2688//2688
f 1418//1418 2684//2684 2702//2702
f 2693//2693 2703//2703 2684//2684
f 2693//2693 2701//2701 2703//2703
f 2684//2684 2703//2703 2704//2704
f 2700//2700 2705//2705 2701//2701
f 2700//2700 2699//2699 2705//2705
f 2701//2701 2705//2705 2706//2706
f 2702//2702 2707//2707 2708//2708
f 2702//2702 2708//2708 2709//2709
f 2702//2702 2709//2709 2710//2710
f 2702//2702 2710//2710 2711//2711
f 2702//2702 2711//2711 2712//2712
f 2702//2702 2712//2712 2713//2713
f 2701//2701 2706//2706 2703//2703
f 2684//2684 2704//2704 2714//2714
f 2703//2703 2715//2715 2704//2704
f 2703//2703 2706//2706 2715//2715
f 2702//2702 2713//2713 2688//2688
f 2704//2704 2715//2715 2714//2714
f 2509//2509 2559//2559 2600//2600
f 2559//2559 2716//2716 2600//2600
f 2600//2600 2716//2716 2601//2601
f 2601//2601 2716//2716 2717//2717
f 2559//2559 2565//2565 2716//2716
f 2716//2716 2718//2718 2717//2717
f 2565//2565 2718//2718 2716//2716
f 2717//2717 2718//2718 2719//2719
f 2565//2565 2566//2566 2718//2718
f 2718//2718 2720//2720 2719//2719
f 2717//2717 2719//2719 2721//2721
f 2721//2721 2722//2722 2723//2723
f 2721//2721 2719//2719 2722//2722
f 2719//2719 2724//2724 2722//2722
f 2722//2722 2725//2725 2726//2726
f 2601//2601 2717//2717 2602//2602
f 2602//2602 2721//2721 2607//2607
f 2602//2602 2717//2717 2721//2721
f 2722//2722 2726//2726 2723//2723
f 2726//2726 2727//2727 2728//2728
f 2607//2607 2723//2723 2608//2608
f 2607//2607 2721//2721 2723//2723
f 2608//2608 2723//2723 2728//2728
f 2608//2608 2728//2728 2609//2609
f 2609//2609 2729//2729 2610//2610
f 2609//2609 2728//2728 2729//2729
f 2610//2610 2729//2729 2730//2730
f 2726//2726 2728//2728 2723//2723
f 2727//2727 2729//2729 2728//2728
f 2727//2727 2731//2731 2729//2729
f 2729//2729 2731//2731 2730//2730
f 2731//2731 2732//2732 2730//2730
f 2566//2566 2567//2567 2720//2720
f 2567//2567 2733//2733 2720//2720
f 2720//2720 2733//2733 2724//2724
f 2566//2566 2720//2720 2718//2718
f 2719//2719 2720//2720 2724//2724
f 2722//2722 2724//2724 2725//2725
f 2724//2724 2734//2734 2725//2725
f 2725//2725 2735//2735 2736//2736
f 2568//2568 2733//2733 2567//2567
f 2724//2724 2733//2733 2734//2734
f 2568//2568 2737//2737 2733//2733
f 2733//2733 2737//2737 2734//2734
f 2734//2734 2737//2737 2738//2738
f 2725//2725 2734//2734 2735//2735
f 2734//2734 2738//2738 2735//2735
f 2735//2735 2738//2738 2739//2739
f 2735//2735 2739//2739 2740//2740
f 2726//2726 2725//2725 2736//2736
f 2726//2726 2736//2736 2727//2727
f 2727//2727 2736//2736 2741//2741
f 2736//2736 2740//2740 2741//2741
f 2727//2727 2741//2741 2731//2731
f 2731//2731 2741//2741 2742//2742
f 2731//2731 2742//2742 2732//2732
f 2742//2742 2743//2743 2732//2732
f 2741//2741 2744//2744 2742//2742
f 2740//2740 2739//2739 2745//2745
f 2740//2740 2745//2745 2744//2744
f 2735//2735 2740//2740 2736//2736
f 2741//2741 2740//2740 2744//2744
f 2744//2744 2746//2746 2747//2747
f 2742//2742 2744//2744 2747//2747
f 2747//2747 2748//2748 2743//2743
f 2742//2742 2747//2747 2743//2743
f 2747//2747 2749//2749 2748//2748
f 2750//2750 2582//2582 2751//2751
f 2750//2750 2751//2751 2752//2752
f 2750//2750 2752//2752 2753//2753
f 2750//2750 2753//2753 2754//2754
f 2750//2750 2754//2754 2755//2755
f 2750//2750 2755//2755 2756//2756
f 2750//2750 2756//2756 2757//2757
f 2750//2750 2757//2757 2758//2758
f 2750//2750 2758//2758 2759//2759
f 2750//2750 2759//2759 2760//2760
f 2750//2750 2760//2760 2761//2761
f 2750//2750 2761//2761 2762//2762
f 2750//2750 2762//2762 2763//2763
f 2750//2750 2763//2763 2764//2764
f 2610//2610 2730//2730 2697//2697
f 2697//2697 2765//2765 2698//2698
f 2697//2697 2730//2730 2765//2765
f 2765//2765 2766//2766 2698//2698
f 2699//2699 2766//2766 2767//2767
f 2698//2698 2766//2766 2699//2699
f 2699//2699 2767//2767 2705//2705
f 2730//2730 2732//2732 2765//2765
f 2765//2765 2768//2768 2766//2766
f 2765//2765 2732//2732 2768//2768
f 2768//2768 2769//2769 2766//2766
f 2766//2766 2769//2769 2767//2767
f 2767//2767 2770//2770 2771//2771
f 2767//2767 2769//2769 2770//2770
f 2750//2750 2764//2764 2772//2772
f 2750//2750 2772//2772 2773//2773
f 2750//2750 2773//2773 2774//2774
f 2750//2750 2774//2774 2775//2775
f 2750//2750 2775//2775 2707//2707
f 2705//2705 2771//2771 2706//2706
f 2767//2767 2771//2771 2705//2705
f 2706//2706 2771//2771 2776//2776
f 2706//2706 2776//2776 2715//2715
f 2684//2684 2714//2714 2702//2702
f 2715//2715 2777//2777 2714//2714
f 2715//2715 2776//2776 2777//2777
f 2714//2714 2777//2777 2778//2778
f 2771//2771 2779//2779 2776//2776
f 2771//2771 2770//2770 2779//2779
f 2776//2776 2779//2779 2780//2780
f 2777//2777 2780//2780 2781//2781
f 2778//2778 2781//2781 2702//2702
f 2776//2776 2780//2780 2777//2777
f 2714//2714 2778//2778 2702//2702
f 2777//2777 2781//2781 2778//2778
f 2768//2768 2743//2743 2782//2782
f 2743//2743 2748//2748 2782//2782
f 2782//2782 2748//2748 2783//2783
f 2782//2782 2783//2783 2784//2784
f 2784//2784 2783//2783 2785//2785
f 2748//2748 2786//2786 2783//2783
f 2784//2784 2785//2785 2787//2787
f 2788//2788 2789//2789 2787//2787
f 2785//2785 2788//2788 2787//2787
f 2732//2732 2743//2743 2768//2768
f 2768//2768 2782//2782 2769//2769
f 2769//2769 2782//2782 2784//2784
f 2769//2769 2784//2784 2770//2770
f 2770//2770 2787//2787 2779//2779
f 2784//2784 2787//2787 2770//2770
f 2788//2788 2790//2790 2789//2789
f 2790//2790 2791//2791 2792//2792
f 2702//2702 2750//2750 2707//2707
f 2702//2702 2793//2793 2794//2794
f 2779//2779 2789//2789 2780//2780
f 2787//2787 2789//2789 2779//2779
f 2780//2780 2789//2789 2792//2792
f 2780//2780 2792//2792 2781//2781
f 2781//2781 2795//2795 2702//2702
f 2781//2781 2792//2792 2795//2795
f 2702//2702 2795//2795 2796//2796
f 2790//2790 2792//2792 2789//2789
f 2792//2792 2791//2791 2795//2795
f 2702//2702 2796//2796 2793//2793
f 2795//2795 2797//2797 2796//2796
f 2795//2795 2791//2791 2797//2797
f 2796//2796 2797//2797 2793//2793
f 2798//2798 2799//2799 2800//2800
f 2801//2801 2802//2802 2803//2803
f 2804//2804 2801//2801 2805//2805
f 2800//2800 2806//2806 2802//2802
f 2800//2800 2799//2799 2806//2806
f 2798//2798 2807//2807 2799//2799
f 2799//2799 2807//2807 2808//2808
f 2808//2808 2807//2807 2809//2809
f 2808//2808 2809//2809 2810//2810
f 2801//2801 2803//2803 2805//2805
f 2805//2805 2803//2803 2811//2811
f 2803//2803 2812//2812 2811//2811
f 2812//2812 2813//2813 2811//2811
f 2812//2812 2814//2814 2813//2813
f 2814//2814 2815//2815 2813//2813
f 2814//2814 2816//2816 2815//2815
f 2799//2799 2817//2817 2806//2806
f 2802//2802 2806//2806 2803//2803
f 2812//2812 2806//2806 2817//2817
f 2799//2799 2808//2808 2817//2817
f 2803//2803 2806//2806 2812//2812
f 2817//2817 2818//2818 2814//2814
f 2818//2818 2819//2819 2816//2816
f 2808//2808 2810//2810 2818//2818
f 2808//2808 2818//2818 2817//2817
f 2810//2810 2819//2819 2818//2818
f 2810//2810 2820//2820 2819//2819
f 2812//2812 2817//2817 2814//2814
f 2818//2818 2816//2816 2814//2814
f 2816//2816 2821//2821 2815//2815
f 2819//2819 2820//2820 2822//2822
f 2822//2822 2820//2820 2823//2823
f 2822//2822 2823//2823 2824//2824
f 2819//2819 2825//2825 2816//2816
f 2816//2816 2825//2825 2821//2821
f 2822//2822 2826//2826 2825//2825
f 2825//2825 2826//2826 2827//2827
f 2819//2819 2822//2822 2825//2825
f 2822//2822 2824//2824 2826//2826
f 2826//2826 2828//2828 2829//2829
f 2824//2824 2828//2828 2826//2826
f 2830//2830 2831//2831 2828//2828
f 2824//2824 2830//2830 2828//2828
f 2828//2828 2831//2831 2832//2832
f 2830//2830 2833//2833 2831//2831
f 2831//2831 2833//2833 2834//2834
f 2834//2834 2835//2835 2836//2836
f 2164//2164 2837//2837 2838//2838
f 2838//2838 2839//2839 2840//2840
f 2840//2840 2841//2841 2842//2842
f 2843//2843 2844//2844 2845//2845
f 2842//2842 2846//2846 2843//2843
f 2164//2164 2163//2163 2837//2837
f 2838//2838 2837//2837 2839//2839
f 2837//2837 2847//2847 2839//2839
f 2840//2840 2839//2839 2841//2841
f 2839//2839 2847//2847 2848//2848
f 2837//2837 2163//2163 2849//2849
f 2163//2163 2174//2174 2849//2849
f 2837//2837 2849//2849 2847//2847
f 2174//2174 2177//2177 2850//2850
f 2174//2174 2850//2850 2849//2849
f 2177//2177 2178//2178 2851//2851
f 2177//2177 2851//2851 2850//2850
f 2849//2849 2850//2850 2852//2852
f 2849//2849 2852//2852 2847//2847
f 2850//2850 2853//2853 2852//2852
f 2850//2850 2851//2851 2853//2853
f 2839//2839 2848//2848 2841//2841
f 2842//2842 2841//2841 2846//2846
f 2841//2841 2848//2848 2854//2854
f 2843//2843 2846//2846 2844//2844
f 2846//2846 2855//2855 2844//2844
f 2841//2841 2854//2854 2846//2846
f 2846//2846 2854//2854 2855//2855
f 2847//2847 2856//2856 2848//2848
f 2848//2848 2856//2856 2857//2857
f 2848//2848 2857//2857 2854//2854
f 2854//2854 2857//2857 2858//2858
f 2854//2854 2858//2858 2855//2855
f 2857//2857 2856//2856 2859//2859
f 2857//2857 2859//2859 2860//2860
f 2847//2847 2852//2852 2856//2856
f 2852//2852 2861//2861 2856//2856
f 2852//2852 2853//2853 2861//2861
f 2856//2856 2861//2861 2859//2859
f 2798//2798 2845//2845 2807//2807
f 2845//2845 2844//2844 2807//2807
f 2844//2844 2809//2809 2807//2807
f 2844//2844 2855//2855 2809//2809
f 2855//2855 2858//2858 2862//2862
f 2855//2855 2862//2862 2809//2809
f 2858//2858 2863//2863 2862//2862
f 2857//2857 2860//2860 2858//2858
f 2858//2858 2860//2860 2863//2863
f 2810//2810 2809//2809 2862//2862
f 2862//2862 2863//2863 2820//2820
f 2810//2810 2862//2862 2820//2820
f 2178//2178 2864//2864 2851//2851
f 2178//2178 2216//2216 2864//2864
f 2216//2216 2217//2217 2865//2865
f 2216//2216 2865//2865 2864//2864
f 2851//2851 2866//2866 2853//2853
f 2851//2851 2864//2864 2866//2866
f 2864//2864 2865//2865 2867//2867
f 2864//2864 2867//2867 2866//2866
f 2217//2217 2868//2868 2865//2865
f 2217//2217 2220//2220 2868//2868
f 2220//2220 2869//2869 2868//2868
f 2865//2865 2870//2870 2867//2867
f 2865//2865 2868//2868 2870//2870
f 2868//2868 2871//2871 2870//2870
f 2859//2859 2872//2872 2873//2873
f 2853//2853 2874//2874 2861//2861
f 2853//2853 2866//2866 2874//2874
f 2861//2861 2874//2874 2872//2872
f 2866//2866 2867//2867 2875//2875
f 2866//2866 2875//2875 2874//2874
f 2874//2874 2875//2875 2876//2876
f 2859//2859 2861//2861 2872//2872
f 2874//2874 2876//2876 2872//2872
f 2872//2872 2876//2876 2877//2877
f 2875//2875 2878//2878 2879//2879
f 2867//2867 2878//2878 2875//2875
f 2867//2867 2870//2870 2878//2878
f 2870//2870 2880//2880 2878//2878
f 2875//2875 2879//2879 2876//2876
f 2878//2878 2881//2881 2879//2879
f 2876//2876 2879//2879 2882//2882
f 2220//2220 2221//2221 2869//2869
f 2221//2221 2883//2883 2869//2869
f 2868//2868 2869//2869 2871//2871
f 2869//2869 2884//2884 2871//2871
f 2869//2869 2883//2883 2884//2884
f 2870//2870 2871//2871 2880//2880
f 2871//2871 2885//2885 2880//2880
f 2871//2871 2884//2884 2885//2885
f 2879//2879 2881//2881 2886//2886
f 2881//2881 2887//2887 2888//2888
f 2878//2878 2880//2880 2881//2881
f 2880//2880 2887//2887 2881//2881
f 2880//2880 2885//2885 2887//2887
f 2884//2884 2889//2889 2885//2885
f 2885//2885 2890//2890 2887//2887
f 2885//2885 2889//2889 2890//2890
f 2887//2887 2890//2890 2891//2891
f 2889//2889 2892//2892 2890//2890
f 2889//2889 2893//2893 2892//2892
f 2221//2221 2228//2228 2883//2883
f 2228//2228 2232//2232 2894//2894
f 2228//2228 2894//2894 2883//2883
f 2232//2232 2233//2233 2895//2895
f 2232//2232 2895//2895 2894//2894
f 2883//2883 2894//2894 2896//2896
f 2884//2884 2883//2883 2896//2896
f 2894//2894 2895//2895 2897//2897
f 2894//2894 2897//2897 2896//2896
f 2884//2884 2896//2896 2889//2889
f 2889//2889 2896//2896 2893//2893
f 2896//2896 2897//2897 2893//2893
f 2859//2859 2873//2873 2860//2860
f 2860//2860 2898//2898 2863//2863
f 2860//2860 2873//2873 2898//2898
f 2872//2872 2877//2877 2873//2873
f 2873//2873 2899//2899 2898//2898
f 2873//2873 2877//2877 2899//2899
f 2863//2863 2898//2898 2823//2823
f 2863//2863 2823//2823 2820//2820
f 2898//2898 2899//2899 2900//2900
f 2823//2823 2898//2898 2900//2900
f 2877//2877 2901//2901 2899//2899
f 2877//2877 2882//2882 2901//2901
f 2899//2899 2902//2902 2900//2900
f 2901//2901 2882//2882 2903//2903
f 2899//2899 2901//2901 2902//2902
f 2901//2901 2904//2904 2902//2902
f 2876//2876 2882//2882 2877//2877
f 2879//2879 2886//2886 2882//2882
f 2824//2824 2823//2823 2900//2900
f 2824//2824 2900//2900 2830//2830
f 2830//2830 2900//2900 2902//2902
f 2830//2830 2902//2902 2833//2833
f 2901//2901 2903//2903 2904//2904
f 2903//2903 2905//2905 2904//2904
f 2903//2903 2906//2906 2905//2905
f 2906//2906 2907//2907 2908//2908
f 2906//2906 2908//2908 2905//2905
f 2881//2881 2888//2888 2886//2886
f 2882//2882 2886//2886 2903//2903
f 2886//2886 2888//2888 2906//2906
f 2903//2903 2886//2886 2906//2906
f 2887//2887 2891//2891 2888//2888
f 2888//2888 2891//2891 2907//2907
f 2891//2891 2909//2909 2910//2910
f 2890//2890 2909//2909 2891//2891
f 2890//2890 2892//2892 2909//2909
f 2888//2888 2907//2907 2906//2906
f 2891//2891 2910//2910 2907//2907
f 2907//2907 2910//2910 2911//2911
f 2902//2902 2904//2904 2833//2833
f 2833//2833 2904//2904 2835//2835
f 2904//2904 2905//2905 2835//2835
f 2834//2834 2833//2833 2835//2835
f 2905//2905 2912//2912 2835//2835
f 2905//2905 2908//2908 2912//2912
f 2907//2907 2911//2911 2908//2908
f 2908//2908 2913//2913 2912//2912
f 2908//2908 2911//2911 2913//2913
f 2836//2836 2835//2835 2912//2912
f 2914//2914 2912//2912 2913//2913
f 2836//2836 2912//2912 2914//2914
f 2915//2915 2916//2916 2917//2917
f 2918//2918 2919//2919 2916//2916
f 2804//2804 2920//2920 2918//2918
f 2523//2523 2915//2915 2531//2531
f 2531//2531 2915//2915 2917//2917
f 2916//2916 2919//2919 2917//2917
f 2917//2917 2919//2919 2921//2921
f 2921//2921 2922//2922 2923//2923
f 2805//2805 2924//2924 2920//2920
f 2918//2918 2920//2920 2919//2919
f 2920//2920 2924//2924 2922//2922
f 2920//2920 2922//2922 2919//2919
f 2921//2921 2919//2919 2922//2922
f 2924//2924 2925//2925 2926//2926
f 2923//2923 2922//2922 2926//2926
f 2923//2923 2926//2926 2927//2927
f 2926//2926 2928//2928 2927//2927
f 2924//2924 2926//2926 2922//2922
f 2925//2925 2928//2928 2926//2926
f 2925//2925 2929//2929 2928//2928
f 2531//2531 2917//2917 2532//2532
f 2917//2917 2921//2921 2532//2532
f 2921//2921 2533//2533 2532//2532
f 2923//2923 2535//2535 2533//2533
f 2921//2921 2923//2923 2533//2533
f 2923//2923 2927//2927 2535//2535
f 2804//2804 2805//2805 2920//2920
f 2805//2805 2811//2811 2924//2924
f 2924//2924 2811//2811 2925//2925
f 2925//2925 2811//2811 2813//2813
f 2813//2813 2815//2815 2929//2929
f 2925//2925 2813//2813 2929//2929
f 2928//2928 2930//2930 2927//2927
f 2928//2928 2931//2931 2930//2930
f 2931//2931 2932//2932 2933//2933
f 2928//2928 2929//2929 2931//2931
f 2931//2931 2929//2929 2934//2934
f 2931//2931 2934//2934 2932//2932
f 2932//2932 2935//2935 2936//2936
f 2932//2932 2936//2936 2937//2937
f 2535//2535 2927//2927 2542//2542
f 2542//2542 2927//2927 2930//2930
f 2930//2930 2933//2933 2547//2547
f 2542//2542 2930//2930 2547//2547
f 2543//2543 2542//2542 2547//2547
f 2547//2547 2933//2933 2548//2548
f 2548//2548 2937//2937 2938//2938
f 2548//2548 2933//2933 2937//2937
f 2545//2545 2547//2547 2548//2548
f 2931//2931 2933//2933 2930//2930
f 2932//2932 2937//2937 2933//2933
f 2936//2936 2939//2939 2937//2937
f 2937//2937 2939//2939 2938//2938
f 2938//2938 2939//2939 2940//2940
f 2549//2549 2548//2548 2938//2938
f 2549//2549 2938//2938 2551//2551
f 2551//2551 2938//2938 2940//2940
f 2552//2552 2940//2940 2941//2941
f 2551//2551 2940//2940 2552//2552
f 2552//2552 2941//2941 2568//2568
f 2568//2568 2941//2941 2942//2942
f 2940//2940 2943//2943 2941//2941
f 2941//2941 2944//2944 2942//2942
f 2945//2945 2943//2943 2939//2939
f 2940//2940 2939//2939 2943//2943
f 2936//2936 2945//2945 2939//2939
f 2945//2945 2946//2946 2943//2943
f 2941//2941 2943//2943 2944//2944
f 2942//2942 2944//2944 2947//2947
f 2946//2946 2944//2944 2943//2943
f 2946//2946 2948//2948 2944//2944
f 2947//2947 2948//2948 2949//2949
f 2944//2944 2948//2948 2947//2947
f 2929//2929 2815//2815 2934//2934
f 2934//2934 2821//2821 2935//2935
f 2934//2934 2815//2815 2821//2821
f 2825//2825 2827//2827 2821//2821
f 2821//2821 2827//2827 2935//2935
f 2932//2932 2934//2934 2935//2935
f 2827//2827 2950//2950 2935//2935
f 2827//2827 2829//2829 2950//2950
f 2829//2829 2951//2951 2950//2950
f 2936//2936 2935//2935 2950//2950
f 2936//2936 2950//2950 2945//2945
f 2826//2826 2829//2829 2827//2827
f 2828//2828 2832//2832 2829//2829
f 2829//2829 2832//2832 2951//2951
f 2952//2952 2832//2832 2953//2953
f 2945//2945 2950//2950 2951//2951
f 2945//2945 2951//2951 2946//2946
f 2946//2946 2951//2951 2952//2952
f 2951//2951 2832//2832 2952//2952
f 2946//2946 2952//2952 2948//2948
f 2952//2952 2954//2954 2948//2948
f 2954//2954 2949//2949 2948//2948
f 2952//2952 2953//2953 2954//2954
f 2954//2954 2955//2955 2956//2956
f 2954//2954 2956//2956 2949//2949
f 2831//2831 2953//2953 2832//2832
f 2831//2831 2834//2834 2953//2953
f 2834//2834 2955//2955 2953//2953
f 2954//2954 2953//2953 2955//2955
f 2956//2956 2955//2955 2957//2957
f 2834//2834 2836//2836 2955//2955
f 2836//2836 2957//2957 2955//2955
f 2836//2836 2914//2914 2957//2957
f 1983//1983 2582//2582 2750//2750
f 2892//2892 2893//2893 2958//2958
f 2233//2233 2375//2375 2959//2959
f 2233//2233 2959//2959 2895//2895
f 2375//2375 2376//2376 2960//2960
f 2959//2959 2375//2375 2960//2960
f 2895//2895 2959//2959 2961//2961
f 2895//2895 2961//2961 2897//2897
f 2959//2959 2962//2962 2961//2961
f 2959//2959 2960//2960 2962//2962
f 2376//2376 2963//2963 2960//2960
f 2376//2376 2379//2379 2963//2963
f 2379//2379 2964//2964 2963//2963
f 2960//2960 2965//2965 2962//2962
f 2960//2960 2963//2963 2965//2965
f 2963//2963 2966//2966 2965//2965
f 2897//2897 2961//2961 2967//2967
f 2897//2897 2967//2967 2893//2893
f 2961//2961 2962//2962 2968//2968
f 2961//2961 2968//2968 2967//2967
f 2893//2893 2967//2967 2958//2958
f 2967//2967 2968//2968 2969//2969
f 2967//2967 2969//2969 2958//2958
f 2962//2962 2970//2970 2968//2968
f 2962//2962 2965//2965 2970//2970
f 2965//2965 2971//2971 2970//2970
f 2968//2968 2972//2972 2969//2969
f 2968//2968 2970//2970 2972//2972
f 2970//2970 2973//2973 2972//2972
f 2379//2379 2380//2380 2964//2964
f 2380//2380 2974//2974 2964//2964
f 2380//2380 2388//2388 2974//2974
f 2963//2963 2964//2964 2966//2966
f 2964//2964 2975//2975 2966//2966
f 2964//2964 2974//2974 2975//2975
f 2975//2975 2974//2974 2976//2976
f 2388//2388 2391//2391 2977//2977
f 2388//2388 2977//2977 2974//2974
f 2391//2391 2392//2392 2978//2978
f 2391//2391 2978//2978 2977//2977
f 2974//2974 2977//2977 2976//2976
f 2977//2977 2978//2978 2979//2979
f 2977//2977 2979//2979 2976//2976
f 2965//2965 2966//2966 2971//2971
f 2966//2966 2980//2980 2971//2971
f 2966//2966 2975//2975 2980//2980
f 2970//2970 2971//2971 2973//2973
f 2971//2971 2981//2981 2973//2973
f 2971//2971 2980//2980 2981//2981
f 2975//2975 2976//2976 2982//2982
f 2975//2975 2982//2982 2980//2980
f 2976//2976 2983//2983 2982//2982
f 2980//2980 2982//2982 2984//2984
f 2980//2980 2984//2984 2981//2981
f 2982//2982 2983//2983 2985//2985
f 2982//2982 2985//2985 2984//2984
f 2976//2976 2979//2979 2983//2983
f 2892//2892 2986//2986 2909//2909
f 2892//2892 2958//2958 2986//2986
f 2909//2909 2986//2986 2987//2987
f 2958//2958 2988//2988 2986//2986
f 2986//2986 2988//2988 2989//2989
f 2909//2909 2987//2987 2910//2910
f 2910//2910 2987//2987 2990//2990
f 2987//2987 2989//2989 2991//2991
f 2986//2986 2989//2989 2987//2987
f 2989//2989 2992//2992 2993//2993
f 2988//2988 2992//2992 2989//2989
f 2988//2988 2994//2994 2992//2992
f 2994//2994 2995//2995 2992//2992
f 2911//2911 2996//2996 2913//2913
f 2911//2911 2990//2990 2996//2996
f 2997//2997 2990//2990 2991//2991
f 2996//2996 2990//2990 2997//2997
f 2913//2913 2996//2996 2998//2998
f 2914//2914 2913//2913 2998//2998
f 2996//2996 2997//2997 2999//2999
f 2996//2996 2999//2999 2998//2998
f 2997//2997 3000//3000 2999//2999
f 3001//3001 3002//3002 3000//3000
f 2997//2997 2991//2991 3001//3001
f 3001//3001 2993//2993 3003//3003
f 2997//2997 3001//3001 3000//3000
f 2910//2910 2990//2990 2911//2911
f 2987//2987 2991//2991 2990//2990
f 2989//2989 2993//2993 2991//2991
f 2992//2992 3004//3004 2993//2993
f 3001//3001 2991//2991 2993//2993
f 2994//2994 3005//3005 2995//2995
f 2995//2995 3005//3005 3006//3006
f 2992//2992 2995//2995 3004//3004
f 3001//3001 3003//3003 3002//3002
f 3003//3003 3007//3007 3008//3008
f 3007//3007 3009//3009 3010//3010
f 2993//2993 3004//3004 3003//3003
f 3004//3004 3011//3011 3007//3007
f 2995//2995 3011//3011 3004//3004
f 2995//2995 3006//3006 3011//3011
f 3003//3003 3004//3004 3007//3007
f 3011//3011 3012//3012 3009//3009
f 3006//3006 3012//3012 3011//3011
f 3006//3006 3013//3013 3012//3012
f 3012//3012 3013//3013 3014//3014
f 3013//3013 3015//3015 3014//3014
f 3011//3011 3009//3009 3007//3007
f 3012//3012 3016//3016 3009//3009
f 3009//3009 3016//3016 3017//3017
f 3012//3012 3014//3014 3016//3016
f 2958//2958 2969//2969 2988//2988
f 2969//2969 2994//2994 2988//2988
f 2969//2969 2972//2972 2994//2994
f 2972//2972 3005//3005 2994//2994
f 2972//2972 2973//2973 3005//3005
f 2973//2973 3018//3018 3005//3005
f 2973//2973 2981//2981 3018//3018
f 3006//3006 3005//3005 3018//3018
f 2981//2981 3019//3019 3018//3018
f 2981//2981 2984//2984 3019//3019
f 2984//2984 2985//2985 3020//3020
f 2984//2984 3020//3020 3019//3019
f 3018//3018 3019//3019 3013//3013
f 3006//3006 3018//3018 3013//3013
f 3019//3019 3020//3020 3015//3015
f 3019//3019 3015//3015 3013//3013
f 2392//2392 2431//2431 3021//3021
f 2392//2392 3021//3021 2978//2978
f 2431//2431 3022//3022 3021//3021
f 2431//2431 2432//2432 3022//3022
f 2978//2978 3021//3021 3023//3023
f 2978//2978 3023//3023 2979//2979
f 3021//3021 3022//3022 3024//3024
f 3021//3021 3024//3024 3023//3023
f 2432//2432 3025//3025 3022//3022
f 2432//2432 2435//2435 3025//3025
f 2435//2435 3026//3026 3025//3025
f 3022//3022 3027//3027 3024//3024
f 3022//3022 3025//3025 3027//3027
f 3025//3025 3028//3028 3027//3027
f 2985//2985 2983//2983 3029//3029
f 2979//2979 3023//3023 3030//3030
f 2979//2979 3030//3030 2983//2983
f 3023//3023 3024//3024 3031//3031
f 3023//3023 3031//3031 3030//3030
f 2983//2983 3030//3030 3029//3029
f 3030//3030 3031//3031 3032//3032
f 3030//3030 3032//3032 3029//3029
f 3024//3024 3033//3033 3031//3031
f 3024//3024 3027//3027 3033//3033
f 3027//3027 3034//3034 3033//3033
f 3031//3031 3035//3035 3032//3032
f 3031//3031 3033//3033 3035//3035
f 3033//3033 3036//3036 3035//3035
f 1983//1983 2750//2750 2442//2442
f 2435//2435 2436//2436 3026//3026
f 2436//2436 3037//3037 3026//3026
f 2436//2436 2444//2444 3037//3037
f 3025//3025 3026//3026 3028//3028
f 3026//3026 3038//3038 3028//3028
f 3026//3026 3037//3037 3038//3038
f 2444//2444 2448//2448 3039//3039
f 2444//2444 3039//3039 3037//3037
f 2420//2420 2442//2442 2447//2447
f 2448//2448 2447//2447 3040//3040
f 2448//2448 3040//3040 3039//3039
f 3037//3037 3039//3039 3041//3041
f 3037//3037 3041//3041 3038//3038
f 2447//2447 2442//2442 3040//3040
f 3039//3039 3040//3040 2442//2442
f 3039//3039 2442//2442 3041//3041
f 3027//3027 3028//3028 3034//3034
f 3028//3028 3042//3042 3034//3034
f 3028//3028 3038//3038 3042//3042
f 3033//3033 3034//3034 3036//3036
f 3034//3034 3043//3043 3036//3036
f 3034//3034 3042//3042 3043//3043
f 3038//3038 3041//3041 3044//3044
f 3038//3038 3044//3044 3042//3042
f 3041//3041 2442//2442 3045//3045
f 3041//3041 3045//3045 3044//3044
f 3042//3042 3044//3044 3046//3046
f 3042//3042 3046//3046 3043//3043
f 2442//2442 3047//3047 3045//3045
f 3044//3044 3045//3045 3047//3047
f 3044//3044 3047//3047 3046//3046
f 3014//3014 3015//3015 3048//3048
f 3014//3014 3049//3049 3016//3016
f 3016//3016 3049//3049 3050//3050
f 3014//3014 3048//3048 3049//3049
f 3048//3048 3051//3051 3049//3049
f 3048//3048 3052//3052 3051//3051
f 3052//3052 3053//3053 3051//3051
f 3052//3052 3054//3054 3053//3053
f 3053//3053 3054//3054 3055//3055
f 3055//3055 3056//3056 3057//3057
f 3058//3058 2750//2750 3059//3059
f 2985//2985 3029//3029 3060//3060
f 2985//2985 3060//3060 3020//3020
f 3029//3029 3032//3032 3061//3061
f 3029//3029 3061//3061 3060//3060
f 3020//3020 3060//3060 3062//3062
f 3020//3020 3062//3062 3015//3015
f 3060//3060 3063//3063 3062//3062
f 3060//3060 3061//3061 3063//3063
f 3061//3061 3032//3032 3064//3064
f 3063//3063 3061//3061 3065//3065
f 3061//3061 3064//3064 3065//3065
f 3064//3064 3066//3066 3065//3065
f 3064//3064 3032//3032 3035//3035
f 3064//3064 3035//3035 3067//3067
f 3048//3048 3015//3015 3062//3062
f 3052//3052 3062//3062 3063//3063
f 3048//3048 3062//3062 3052//3052
f 3052//3052 3063//3063 3054//3054
f 3063//3063 3065//3065 3054//3054
f 3054//3054 3065//3065 3056//3056
f 3064//3064 3067//3067 3066//3066
f 3067//3067 3068//3068 3066//3066
f 3067//3067 3069//3069 3068//3068
f 2442//2442 2750//2750 3058//3058
f 3069//3069 3070//3070 3068//3068
f 3071//3071 3058//3058 3070//3070
f 3035//3035 3036//3036 3067//3067
f 3036//3036 3069//3069 3067//3067
f 3036//3036 3043//3043 3069//3069
f 3043//3043 3046//3046 3071//3071
f 3043//3043 3071//3071 3069//3069
f 2442//2442 3058//3058 3047//3047
f 3046//3046 3047//3047 3072//3072
f 3046//3046 3072//3072 3071//3071
f 3069//3069 3071//3071 3070//3070
f 3047//3047 3058//3058 3072//3072
f 3071//3071 3072//3072 3058//3058
f 3065//3065 3066//3066 3056//3056
f 3066//3066 3073//3073 3056//3056
f 3066//3066 3068//3068 3073//3073
f 3055//3055 3054//3054 3056//3056
f 3056//3056 3073//3073 3057//3057
f 3068//3068 3074//3074 3073//3073
f 3070//3070 3075//3075 3074//3074
f 3068//3068 3070//3070 3074//3074
f 3070//3070 3058//3058 3075//3075
f 3073//3073 3074//3074 3076//3076
f 3073//3073 3076//3076 3057//3057
f 3074//3074 3075//3075 3059//3059
f 3058//3058 3059//3059 3075//3075
f 3074//3074 3059//3059 3076//3076
f 2568//2568 2942//2942 2737//2737
f 3077//3077 2738//2738 2737//2737
f 2942//2942 3077//3077 2737//2737
f 3077//3077 3078//3078 2738//2738
f 3078//3078 3079//3079 2739//2739
f 2949//2949 3080//3080 3081//3081
f 2947//2947 2949//2949 3081//3081
f 3081//3081 3080//3080 3082//3082
f 2942//2942 2947//2947 3077//3077
f 2947//2947 3081//3081 3077//3077
f 3077//3077 3081//3081 3078//3078
f 3078//3078 3081//3081 3082//3082
f 3082//3082 3083//3083 3084//3084
f 3078//3078 3082//3082 3079//3079
f 3079//3079 3082//3082 3084//3084
f 3079//3079 3084//3084 3085//3085
f 3079//3079 3085//3085 2745//2745
f 3085//3085 3086//3086 3087//3087
f 3084//3084 3086//3086 3085//3085
f 3087//3087 3086//3086 3088//3088
f 3087//3087 3088//3088 3089//3089
f 3088//3088 3090//3090 3089//3089
f 3090//3090 3091//3091 3089//3089
f 3090//3090 3092//3092 3091//3091
f 2956//2956 3080//3080 2949//2949
f 2956//2956 3093//3093 3080//3080
f 3093//3093 3094//3094 3083//3083
f 3094//3094 3095//3095 3096//3096
f 2914//2914 2998//2998 3097//3097
f 2914//2914 3097//3097 2957//2957
f 3098//3098 2998//2998 2999//2999
f 3097//3097 2998//2998 3098//3098
f 2956//2956 2957//2957 3093//3093
f 2957//2957 3097//3097 3093//3093
f 3093//3093 3097//3097 3094//3094
f 3097//3097 3098//3098 3094//3094
f 3098//3098 2999//2999 3099//3099
f 3099//3099 3000//3000 3100//3100
f 3098//3098 3095//3095 3094//3094
f 3098//3098 3099//3099 3095//3095
f 3099//3099 3101//3101 3095//3095
f 3082//3082 3080//3080 3083//3083
f 3093//3093 3083//3083 3080//3080
f 3084//3084 3083//3083 3096//3096
f 3084//3084 3096//3096 3086//3086
f 3094//3094 3096//3096 3083//3083
f 3095//3095 3102//3102 3096//3096
f 3101//3101 3100//3100 3103//3103
f 3099//3099 3100//3100 3101//3101
f 3103//3103 3100//3100 3104//3104
f 3104//3104 3105//3105 3106//3106
f 3103//3103 3104//3104 3106//3106
f 3106//3106 3105//3105 3107//3107
f 3107//3107 3105//3105 3108//3108
f 3086//3086 3096//3096 3102//3102
f 3088//3088 3102//3102 3109//3109
f 3095//3095 3101//3101 3102//3102
f 3101//3101 3109//3109 3102//3102
f 3086//3086 3102//3102 3088//3088
f 3109//3109 3110//3110 3090//3090
f 3103//3103 3110//3110 3109//3109
f 3110//3110 3106//3106 3111//3111
f 3088//3088 3109//3109 3090//3090
f 3110//3110 3092//3092 3090//3090
f 3110//3110 3111//3111 3092//3092
f 3101//3101 3103//3103 3109//3109
f 3103//3103 3106//3106 3110//3110
f 3106//3106 3107//3107 3111//3111
f 3078//3078 2739//2739 2738//2738
f 3079//3079 2745//2745 2739//2739
f 2744//2744 2745//2745 2746//2746
f 3085//3085 2746//2746 2745//2745
f 3085//3085 3087//3087 2746//2746
f 2747//2747 2746//2746 2749//2749
f 2748//2748 2749//2749 2786//2786
f 3087//3087 2749//2749 2746//2746
f 3087//3087 3089//3089 2749//2749
f 2749//2749 3089//3089 2786//2786
f 3089//3089 3091//3091 2786//2786
f 3092//3092 3112//3112 3091//3091
f 3092//3092 3113//3113 3112//3112
f 3113//3113 3114//3114 3115//3115
f 3107//3107 3108//3108 3116//3116
f 3116//3116 3117//3117 3118//3118
f 3111//3111 3113//3113 3092//3092
f 3119//3119 3114//3114 3113//3113
f 3111//3111 3119//3119 3113//3113
f 3119//3119 3120//3120 3114//3114
f 3114//3114 3120//3120 3121//3121
f 3121//3121 3120//3120 3122//3122
f 3121//3121 3122//3122 3123//3123
f 3119//3119 3107//3107 3116//3116
f 3111//3111 3107//3107 3119//3119
f 3116//3116 3118//3118 3120//3120
f 3119//3119 3116//3116 3120//3120
f 3118//3118 3122//3122 3120//3120
f 3124//3124 3125//3125 3122//3122
f 3118//3118 3126//3126 3124//3124
f 3118//3118 3124//3124 3122//3122
f 3122//3122 3125//3125 3123//3123
f 3123//3123 3125//3125 3127//3127
f 3128//3128 3129//3129 3127//3127
f 3130//3130 3131//3131 3129//3129
f 3132//3132 3128//3128 3125//3125
f 3124//3124 3132//3132 3125//3125
f 3132//3132 3133//3133 3128//3128
f 3125//3125 3128//3128 3127//3127
f 3130//3130 3133//3133 3134//3134
f 3135//3135 3134//3134 3136//3136
f 3128//3128 3130//3130 3129//3129
f 3135//3135 2750//2750 2794//2794
f 3130//3130 3135//3135 3131//3131
f 3128//3128 3133//3133 3130//3130
f 3130//3130 3134//3134 3135//3135
f 2783//2783 2786//2786 3137//3137
f 2786//2786 3091//3091 3137//3137
f 3137//3137 3112//3112 3138//3138
f 2783//2783 3137//3137 2785//2785
f 2785//2785 3137//3137 3138//3138
f 3138//3138 3115//3115 3139//3139
f 2785//2785 3138//3138 2788//2788
f 2788//2788 3139//3139 2790//2790
f 2788//2788 3138//3138 3139//3139
f 3137//3137 3091//3091 3112//3112
f 3138//3138 3112//3112 3115//3115
f 3113//3113 3115//3115 3112//3112
f 3139//3139 3140//3140 3141//3141
f 3139//3139 3115//3115 3140//3140
f 3114//3114 3140//3140 3115//3115
f 3121//3121 3142//3142 3140//3140
f 2790//2790 3139//3139 3141//3141
f 2790//2790 3141//3141 2791//2791
f 2791//2791 3141//3141 3143//3143
f 2791//2791 3143//3143 2797//2797
f 2797//2797 3144//3144 2793//2793
f 3143//3143 3144//3144 2797//2797
f 2793//2793 3144//3144 3145//3145
f 2793//2793 3145//3145 2794//2794
f 3140//3140 3142//3142 3141//3141
f 3143//3143 3142//3142 3146//3146
f 3123//3123 3146//3146 3142//3142
f 3141//3141 3142//3142 3143//3143
f 3144//3144 3146//3146 3147//3147
f 3145//3145 3147//3147 2794//2794
f 2702//2702 2794//2794 2750//2750
f 3143//3143 3146//3146 3144//3144
f 3144//3144 3147//3147 3145//3145
f 3114//3114 3121//3121 3140//3140
f 3121//3121 3123//3123 3142//3142
f 3123//3123 3127//3127 3146//3146
f 3146//3146 3127//3127 3147//3147
f 3147//3147 3127//3127 3129//3129
f 3147//3147 3129//3129 2794//2794
f 2794//2794 3129//3129 3131//3131
f 3135//3135 2794//2794 3131//3131
f 3099//3099 2999//2999 3000//3000
f 3100//3100 3000//3000 3002//3002
f 3100//3100 3002//3002 3104//3104
f 3104//3104 3002//3002 3008//3008
f 3003//3003 3008//3008 3002//3002
f 3104//3104 3008//3008 3105//3105
f 3008//3008 3010//3010 3105//3105
f 3007//3007 3010//3010 3008//3008
f 3009//3009 3017//3017 3010//3010
f 3010//3010 3017//3017 3108//3108
f 3010//3010 3108//3108 3105//3105
f 3016//3016 3050//3050 3017//3017
f 3017//3017 3050//3050 3117//3117
f 3050//3050 3148//3148 3126//3126
f 3017//3017 3117//3117 3108//3108
f 3116//3116 3108//3108 3117//3117
f 3050//3050 3126//3126 3117//3117
f 3118//3118 3117//3117 3126//3126
f 3148//3148 3149//3149 3150//3150
f 3124//3124 3126//3126 3150//3150
f 3148//3148 3150//3150 3126//3126
f 3150//3150 3149//3149 3151//3151
f 3049//3049 3148//3148 3050//3050
f 3049//3049 3051//3051 3148//3148
f 3051//3051 3149//3149 3148//3148
f 3051//3051 3053//3053 3149//3149
f 3053//3053 3152//3152 3149//3149
f 3124//3124 3150//3150 3132//3132
f 3132//3132 3150//3150 3151//3151
f 3151//3151 3153//3153 3133//3133
f 3149//3149 3152//3152 3151//3151
f 3151//3151 3152//3152 3153//3153
f 3153//3153 3154//3154 3155//3155
f 3155//3155 3156//3156 2750//2750
f 3055//3055 3154//3154 3152//3152
f 3053//3053 3055//3055 3152//3152
f 3055//3055 3057//3057 3154//3154
f 3153//3153 3152//3152 3154//3154
f 3154//3154 3057//3057 3156//3156
f 3156//3156 3076//3076 3157//3157
f 2750//2750 3157//3157 3059//3059
f 3057//3057 3076//3076 3156//3156
f 3157//3157 3076//3076 3059//3059
f 3155//3155 3154//3154 3156//3156
f 2750//2750 3156//3156 3157//3157
f 3132//3132 3151//3151 3133//3133
f 3153//3153 3155//3155 3134//3134
f 3153//3153 3134//3134 3133//3133
f 3155//3155 3136//3136 3134//3134
f 3155//3155 2750//2750 3136//3136
f 3135//3135 3136//3136 2750//2750
f 3158//3158 3159//3159 3160//3160
f 3158//3158 3160//3160 3161//3161
f 3158//3158 3161//3161 3162//3162
f 3158//3158 3163//3163 3159//3159
f 3158//3158 3162//3162 3163//3163
f 3163//3163 3162//3162 3164//3164
f 3163//3163 3165//3165 3159//3159
f 3163//3163 3166//3166 3165//3165
f 3165//3165 3166//3166 3167//3167
f 3165//3165 3167//3167 3168//3168
f 3169//3169 3170//3170 3171//3171
f 3169//3169 3172//3172 3170//3170
f 3169//3169 3173//3173 3174//3174
f 3170//3170 3175//3175 3171//3171
f 3170//3170 3176//3176 3175//3175
f 3170//3170 3177//3177 3176//3176
f 3176//3176 3178//3178 3175//3175
f 3177//3177 3179//3179 3180//3180
f 3177//3177 3180//3180 3176//3176
f 3176//3176 3180//3180 3181//3181
f 3179//3179 3182//3182 3180//3180
f 3169//3169 3174//3174 3172//3172
f 3170//3170 3172//3172 3183//3183
f 3180//3180 3182//3182 3184//3184
f 3175//3175 3185//3185 3184//3184
f 3185//3185 3186//3186 3184//3184
f 3186//3186 3180//3180 3184//3184
f 3175//3175 3184//3184 3187//3187
f 3188//3188 3189//3189 3190//3190
f 3188//3188 3190//3190 3191//3191
f 3191//3191 3190//3190 3192//3192
f 3189//3189 3193//3193 3190//3190
f 3188//3188 3194//3194 3189//3189
f 3188//3188 3195//3195 3196//3196
f 3188//3188 3196//3196 3194//3194
f 3189//3189 3194//3194 3197//3197
f 3189//3189 3198//3198 3193//3193
f 3193//3193 3198//3198 3199//3199
f 3199//3199 3198//3198 3200//3200
f 3199//3199 3200//3200 3201//3201
f 3202//3202 3201//3201 3200//3200
f 3203//3203 3204//3204 3202//3202
f 3204//3204 3201//3201 3202//3202
f 3199//3199 3201//3201 3205//3205
f 3206//3206 3207//3207 3208//3208
f 3206//3206 3209//3209 3210//3210
f 3210//3210 3209//3209 3211//3211
f 3207//3207 3212//3212 3208//3208
f 3213//3213 3214//3214 3215//3215
f 3214//3214 3216//3216 3215//3215
f 3216//3216 3217//3217 3215//3215
f 3213//3213 3215//3215 3218//3218
f 3219//3219 3220//3220 3221//3221
f 3219//3219 3222//3222 3220//3220
f 3220//3220 3222//3222 3223//3223
f 3219//3219 3224//3224 3222//3222
f 3219//3219 3221//3221 3225//3225
f 3222//3222 3224//3224 3226//3226
f 3219//3219 3225//3225 3224//3224
f 3222//3222 3227//3227 3223//3223
f 3223//3223 3227//3227 3228//3228
f 3228//3228 3229//3229 3230//3230
f 3229//3229 3231//3231 3230//3230
f 3228//3228 3230//3230 3232//3232
f 3233//3233 3234//3234 3235//3235
f 3233//3233 3236//3236 3237//3237
f 3233//3233 3237//3237 3234//3234
f 3234//3234 3237//3237 3238//3238
f 3236//3236 3239//3239 3237//3237
f 3235//3235 3234//3234 3240//3240
f 3234//3234 3241//3241 3240//3240
f 3240//3240 3242//3242 3243//3243
f 3242//3242 3244//3244 3243//3243
f 3240//3240 3243//3243 3245//3245
f 3246//3246 3247//3247 3248//3248
f 3248//3248 3247//3247 3249//3249
f 3250//3250 3251//3251 3252//3252
f 3250//3250 3252//3252 3253//3253
f 3254//3254 3255//3255 3247//3247
f 3255//3255 3249//3249 3247//3247
f 3255//3255 3256//3256 3249//3249
f 3254//3254 3257//3257 3255//3255
f 3255//3255 3257//3257 3258//3258
f 3249//3249 3256//3256 3259//3259
f 3256//3256 3260//3260 3259//3259
f 3249//3249 3259//3259 3261//3261
f 3260//3260 3262//3262 3259//3259
f 3249//3249 3261//3261 3263//3263
f 3259//3259 3262//3262 3261//3261
f 3264//3264 3265//3265 3266//3266
f 3265//3265 3267//3267 3266//3266
f 3264//3264 3268//3268 3265//3265
f 3266//3266 3269//3269 3270//3270
f 3269//3269 3271//3271 3270//3270
f 3265//3265 3268//3268 3272//3272
f 3266//3266 3270//3270 3273//3273
f 3274//3274 3275//3275 3276//3276
f 3275//3275 3277//3277 3276//3276
f 3278//3278 3276//3276 3277//3277
f 3278//3278 3277//3277 3279//3279
f 3275//3275 3280//3280 3277//3277
f 3274//3274 3281//3281 3275//3275
f 3282//3282 3279//3279 3283//3283
f 3275//3275 3284//3284 3280//3280
f 3282//3282 3283//3283 3285//3285
f 3275//3275 3281//3281 3284//3284
f 3280//3280 3284//3284 3286//3286
f 3277//3277 3280//3280 3287//3287
f 3287//3287 3280//3280 3286//3286
f 3287//3287 3286//3286 3288//3288
f 3289//3289 3290//3290 3291//3291
f 3291//3291 3290//3290 3292//3292
f 3289//3289 3291//3291 3293//3293
f 3291//3291 3294//3294 3293//3293
f 3295//3295 3296//3296 3297//3297
f 3296//3296 3298//3298 3297//3297
f 3298//3298 3299//3299 3297//3297
f 3295//3295 3297//3297 3300//3300
f 3301//3301 3302//3302 3303//3303
f 3303//3303 3302//3302 3304//3304
f 3303//3303 3304//3304 3305//3305
f 3303//3303 3305//3305 3306//3306
f 3302//3302 3307//3307 3304//3304
f 3305//3305 3304//3304 3308//3308
f 3305//3305 3309//3309 3306//3306
f 3301//3301 3303//3303 3310//3310
f 3303//3303 3311//3311 3310//3310
f 3311//3311 3312//3312 3310//3310
f 3311//3311 3313//3313 3312//3312
f 3313//3313 3314//3314 3312//3312
f 3312//3312 3314//3314 3315//3315
f 3310//3310 3312//3312 3315//3315
f 3310//3310 3315//3315 3316//3316
f 3317//3317 3318//3318 3319//3319
f 3317//3317 3320//3320 3318//3318
f 3317//3317 3319//3319 3321//3321
f 3319//3319 3322//3322 3321//3321
f 3319//3319 3318//3318 3322//3322
f 3321//3321 3322//3322 3323//3323
f 3322//3322 3318//3318 3323//3323
f 3321//3321 3323//3323 3324//3324
f 3325//3325 3326//3326 3327//3327
f 3326//3326 3328//3328 3327//3327
f 3325//3325 3329//3329 3326//3326
f 3325//3325 3327//3327 3330//3330
f 3327//3327 3328//3328 3331//3331
f 3325//3325 3330//3330 3329//3329
f 3326//3326 3329//3329 3332//3332
f 3327//3327 3331//3331 3330//3330
f 3333//3333 3334//3334 3335//3335
f 3334//3334 3336//3336 3335//3335
f 3333//3333 3337//3337 3334//3334
f 3338//3338 3339//3339 3340//3340
f 3334//3334 3341//3341 3336//3336
f 3339//3339 3336//3336 3340//3340
f 3338//3338 3340//3340 3342//3342
f 3334//3334 3337//3337 3341//3341
f 3336//3336 3341//3341 3340//3340
f 3343//3343 3344//3344 3345//3345
f 3344//3344 3346//3346 3345//3345
f 3343//3343 3347//3347 3344//3344
f 3343//3343 3345//3345 3348//3348
f 3345//3345 3349//3349 3350//3350
f 3349//3349 3351//3351 3350//3350
f 3343//3343 3348//3348 3347//3347
f 3344//3344 3347//3347 3352//3352
f 3345//3345 3350//3350 3348//3348
f 3353//3353 3354//3354 3355//3355
f 3354//3354 3356//3356 3355//3355
f 3353//3353 3357//3357 3354//3354
f 3353//3353 3355//3355 3358//3358
f 3355//3355 3356//3356 3359//3359
f 3353//3353 3358//3358 3357//3357
f 3354//3354 3357//3357 3360//3360
f 3355//3355 3359//3359 3358//3358
f 3361//3361 3362//3362 3363//3363
f 3364//3364 3365//3365 3366//3366
f 3367//3367 3368//3368 3369//3369
f 3370//3370 3366//3366 3371//3371
f 3370//3370 3371//3371 3372//3372
f 3373//3373 3374//3374 3365//3365
f 3366//3366 3365//3365 3374//3374
f 3366//3366 3374//3374 3375//3375
f 3369//3369 3368//3368 3374//3374
f 3366//3366 3376//3376 3377//3377
f 3376//3376 3378//3378 3377//3377
f 3374//3374 3368//3368 3379//3379
f 3366//3366 3377//3377 3371//3371
f 3380//3380 3381//3381 3382//3382
f 3381//3381 3383//3383 3384//3384
f 3381//3381 3384//3384 3382//3382
f 3380//3380 3385//3385 3381//3381
f 3380//3380 3382//3382 3386//3386
f 3381//3381 3387//3387 3388//3388
f 3384//3384 3389//3389 3382//3382
f 3382//3382 3389//3389 3390//3390
f 3381//3381 3385//3385 3387//3387
f 3380//3380 3386//3386 3385//3385
f 3388//3388 3387//3387 3391//3391
f 3382//3382 3390//3390 3386//3386
f 3392//3392 3393//3393 3394//3394
f 3393//3393 3395//3395 3396//3396
f 3393//3393 3396//3396 3397//3397
f 3393//3393 3397//3397 3394//3394
f 3398//3398 3394//3394 3397//3397
f 3396//3396 3399//3399 3397//3397
f 3392//3392 3400//3400 3393//3393
f 3393//3393 3401//3401 3402//3402
f 3403//3403 3397//3397 3404//3404
f 3397//3397 3399//3399 3405//3405
f 3393//3393 3400//3400 3401//3401
f 3402//3402 3401//3401 3406//3406
f 3403//3403 3404//3404 3407//3407
f 3397//3397 3405//3405 3404//3404
f 3408//3408 3409//3409 3410//3410
f 3411//3411 3410//3410 3412//3412
f 3411//3411 3412//3412 3413//3413
f 3414//3414 3415//3415 3409//3409
f 3410//3410 3409//3409 3415//3415
f 3410//3410 3415//3415 3416//3416
f 3414//3414 3417//3417 3415//3415
f 3415//3415 3417//3417 3418//3418
f 3410//3410 3419//3419 3420//3420
f 3419//3419 3421//3421 3420//3420
f 3410//3410 3420//3420 3412//3412
f 3422//3422 3423//3423 3424//3424
f 3423//3423 3425//3425 3424//3424
f 3422//3422 3426//3426 3423//3423
f 3423//3423 3427//3427 3425//3425
f 3428//3428 3424//3424 3425//3425
f 3429//3429 3425//3425 3430//3430
f 3425//3425 3431//3431 3432//3432
f 3431//3431 3433//3433 3432//3432
f 3423//3423 3426//3426 3434//3434
f 3429//3429 3430//3430 3435//3435
f 3425//3425 3432//3432 3430//3430
f 3436//3436 3437//3437 3438//3438
f 3439//3439 3438//3438 3440//3440
f 3440//3440 3438//3438 3441//3441
f 3436//3436 3442//3442 3437//3437
f 3437//3437 3443//3443 3438//3438
f 3437//3437 3444//3444 3443//3443
f 3438//3438 3443//3443 3441//3441
f 3445//3445 3443//3443 3446//3446
f 3443//3443 3447//3447 3448//3448
f 3447//3447 3449//3449 3448//3448
f 3437//3437 3442//3442 3450//3450
f 3445//3445 3446//3446 3451//3451
f 3443//3443 3448//3448 3446//3446
f 3452//3452 3453//3453 3454//3454
f 3453//3453 3455//3455 3454//3454
f 3456//3456 3457//3457 3453//3453
f 3454//3454 3455//3455 3458//3458
f 3453//3453 3459//3459 3455//3455
f 3458//3458 3455//3455 3460//3460
f 3455//3455 3459//3459 3461//3461
f 3462//3462 3460//3460 3463//3463
f 3461//3461 3464//3464 3465//3465
f 3464//3464 3466//3466 3465//3465
f 3453//3453 3457//3457 3467//3467
f 3462//3462 3463//3463 3468//3468
f 3461//3461 3465//3465 3469//3469
f 3470//3470 3471//3471 3472//3472
f 3470//3470 3473//3473 3471//3471
f 3471//3471 3474//3474 3475//3475
f 3471//3471 3476//3476 3477//3477
f 3471//3471 3477//3477 3472//3472
f 3478//3478 3472//3472 3479//3479
f 3472//3472 3477//3477 3479//3479
f 3476//3476 3480//3480 3477//3477
f 3481//3481 3482//3482 3483//3483
f 3471//3471 3473//3473 3474//3474
f 3475//3475 3474//3474 3484//3484
f 3481//3481 3483//3483 3485//3485
f 3477//3477 3480//3480 3486//3486
f 3477//3477 3486//3486 3487//3487
f 3488//3488 3489//3489 3490//3490
f 3490//3490 3491//3491 3492//3492
f 3488//3488 3490//3490 3493//3493
f 3490//3490 3494//3494 3493//3493
f 3494//3494 3495//3495 3493//3493
f 3490//3490 3489//3489 3491//3491
f 3492//3492 3491//3491 3496//3496
f 3497//3497 3498//3498 3499//3499
f 3498//3498 3495//3495 3499//3499
f 3497//3497 3499//3499 3500//3500
f 3501//3501 3502//3502 3503//3503
f 3501//3501 3503//3503 3504//3504
f 3502//3502 3505//3505 3503//3503
f 3501//3501 3504//3504 3506//3506
f 3504//3504 3507//3507 3506//3506
f 3503//3503 3508//3508 3507//3507
f 3503//3503 3505//3505 3508//3508
f 3501//3501 3509//3509 3502//3502
f 3502//3502 3510//3510 3511//3511
f 3502//3502 3509//3509 3510//3510
f 3511//3511 3510//3510 3512//3512
f 3507//3507 3508//3508 3506//3506
f 3513//3513 3514//3514 3515//3515
f 3514//3514 3508//3508 3515//3515
f 3513//3513 3515//3515 3516//3516
f 3517//3517 3518//3518 3519//3519
f 3518//3518 3520//3520 3519//3519
f 3517//3517 3521//3521 3518//3518
f 3518//3518 3522//3522 3523//3523
f 3518//3518 3521//3521 3522//3522
f 3523//3523 3522//3522 3524//3524
f 3520//3520 3525//3525 3519//3519
f 3526//3526 3527//3527 3528//3528
f 3527//3527 3525//3525 3528//3528
f 3526//3526 3528//3528 3529//3529
f 3530//3530 3531//3531 3532//3532
f 3530//3530 3533//3533 3531//3531
f 3531//3531 3533//3533 3534//3534
f 3531//3531 3535//3535 3532//3532
f 3531//3531 3536//3536 3535//3535
f 3537//3537 3532//3532 3535//3535
f 3538//3538 3535//3535 3539//3539
f 3535//3535 3540//3540 3541//3541
f 3540//3540 3542//3542 3541//3541
f 3538//3538 3539//3539 3543//3543
f 3535//3535 3541//3541 3539//3539
f 3544//3544 3545//3545 3546//3546
f 3544//3544 3547//3547 3545//3545
f 3545//3545 3547//3547 3548//3548
f 3545//3545 3548//3548 3549//3549
f 3545//3545 3549//3549 3550//3550
f 3545//3545 3550//3550 3551//3551
f 3550//3550 3549//3549 3552//3552
f 3550//3550 3553//3553 3551//3551
f 3545//3545 3554//3554 3546//3546
f 3555//3555 3556//3556 3557//3557
f 3556//3556 3554//3554 3557//3557
f 3555//3555 3557//3557 3558//3558
f 3559//3559 3560//3560 3561//3561
f 3561//3561 3560//3560 3562//3562
f 3559//3559 3561//3561 3563//3563
f 3561//3561 3564//3564 3563//3563
f 3565//3565 3566//3566 3567//3567
f 3566//3566 3568//3568 3567//3567
f 3568//3568 3569//3569 3567//3567
f 3565//3565 3567//3567 3570//3570
f 3571//3571 3572//3572 3573//3573
f 3573//3573 3574//3574 3575//3575
f 3573//3573 3572//3572 3574//3574
f 3575//3575 3574//3574 3576//3576
f 3571//3571 3573//3573 3577//3577
f 3573//3573 3578//3578 3577//3577
f 3578//3578 3579//3579 3577//3577
f 3577//3577 3579//3579 3580//3580
f 3581//3581 3582//3582 3583//3583
f 3582//3582 3584//3584 3583//3583
f 3584//3584 3585//3585 3583//3583
f 3581//3581 3583//3583 3586//3586
f 3587//3587 3588//3588 3589//3589
f 3587//3587 3589//3589 3590//3590
f 3588//3588 3591//3591 3589//3589
f 3588//3588 3592//3592 3591//3591
f 3593//3593 3592//3592 3594//3594
f 3591//3591 3592//3592 3593//3593
f 3587//3587 3595//3595 3596//3596
f 3587//3587 3590//3590 3597//3597
f 3593//3593 3594//3594 3598//3598
f 3593//3593 3598//3598 3599//3599
f 3600//3600 3601//3601 3602//3602
f 3591//3591 3593//3593 3603//3603
f 3587//3587 3597//3597 3595//3595
f 3596//3596 3595//3595 3604//3604
f 3602//3602 3601//3601 3605//3605
f 3591//3591 3603//3603 3606//3606
f 3607//3607 3608//3608 3609//3609
f 3607//3607 3609//3609 3610//3610
f 3607//3607 3610//3610 3611//3611
f 3612//3612 3613//3613 3614//3614
f 3607//3607 3611//3611 3615//3615
f 3609//3609 3608//3608 3616//3616
f 3607//3607 3615//3615 3608//3608
f 3611//3611 3610//3610 3617//3617
f 3611//3611 3617//3617 3615//3615
f 3618//3618 3619//3619 3620//3620
f 3618//3618 3621//3621 3619//3619
f 3619//3619 3621//3621 3622//3622
f 3620//3620 3623//3623 3624//3624
f 3620//3620 3624//3624 3625//3625
f 3619//3619 3626//3626 3620//3620
f 3619//3619 3627//3627 3626//3626
f 3619//3619 3628//3628 3627//3627
f 3619//3619 3629//3629 3628//3628
f 3630//3630 3628//3628 3631//3631
f 3630//3630 3631//3631 3632//3632
f 3633//3633 3634//3634 3635//3635
f 3634//3634 3636//3636 3635//3635
f 3636//3636 3637//3637 3635//3635
f 3633//3633 3638//3638 3634//3634
f 3634//3634 3639//3639 3640//3640
f 3641//3641 3642//3642 3643//3643
f 3634//3634 3638//3638 3639//3639
f 3640//3640 3639//3639 3644//3644
f 3643//3643 3642//3642 3645//3645
f 3637//3637 3646//3646 3635//3635
f 3646//3646 3647//3647 3635//3635
f 3646//3646 3648//3648 3647//3647
f 3646//3646 3649//3649 3648//3648
f 3650//3650 3651//3651 3652//3652
f 3650//3650 3652//3652 3653//3653
f 3654//3654 3655//3655 3656//3656
f 3655//3655 3657//3657 3656//3656
f 3655//3655 3658//3658 3657//3657
f 3654//3654 3659//3659 3660//3660
f 3654//3654 3661//3661 3662//3662
f 3654//3654 3662//3662 3659//3659
f 3660//3660 3659//3659 3663//3663
f 3658//3658 3664//3664 3657//3657
f 3664//3664 3665//3665 3657//3657
f 3664//3664 3666//3666 3665//3665
f 3667//3667 3668//3668 3669//3669
f 3667//3667 3669//3669 3670//3670
f 3671//3671 3672//3672 3673//3673
f 3673//3673 3672//3672 3674//3674
f 3671//3671 3675//3675 3676//3676
f 3676//3676 3675//3675 3677//3677
f 3677//3677 3675//3675 3678//3678
f 3671//3671 3673//3673 3675//3675
f 3671//3671 3679//3679 3680//3680
f 3681//3681 3678//3678 3682//3682
f 3678//3678 3675//3675 3683//3683
f 3671//3671 3680//3680 3672//3672
f 3681//3681 3682//3682 3684//3684
f 3678//3678 3683//3683 3682//3682
f 3685//3685 3686//3686 3687//3687
f 3685//3685 3687//3687 3688//3688
f 3689//3689 3690//3690 3687//3687
f 3685//3685 3691//3691 3686//3686
f 3686//3686 3691//3691 3692//3692
f 3687//3687 3690//3690 3688//3688
f 3690//3690 3693//3693 3688//3688
f 3690//3690 3694//3694 3693//3693
f 3695//3695 3696//3696 3697//3697
f 3695//3695 3697//3697 3698//3698
f 3699//3699 3700//3700 3701//3701
f 3700//3700 3702//3702 3701//3701
f 3700//3700 3703//3703 3702//3702
f 3700//3700 3704//3704 3703//3703
f 3704//3704 3705//3705 3703//3703
f 3699//3699 3706//3706 3700//3700
f 3700//3700 3707//3707 3708//3708
f 3702//3702 3703//3703 3709//3709
f 3700//3700 3706//3706 3707//3707
f 3708//3708 3707//3707 3710//3710
f 3702//3702 3709//3709 3711//3711
f 3712//3712 3713//3713 3714//3714
f 3714//3714 3713//3713 3715//3715
f 3712//3712 3716//3716 3717//3717
f 3716//3716 3718//3718 3717//3717
f 3718//3718 3719//3719 3720//3720
f 3719//3719 3721//3721 3720//3720
f 3718//3718 3722//3722 3717//3717
f 3718//3718 3720//3720 3722//3722
f 3721//3721 3723//3723 3720//3720
f 3724//3724 3725//3725 3726//3726
f 3722//3722 3720//3720 3727//3727
f 3726//3726 3725//3725 3728//3728
f 3722//3722 3727//3727 3729//3729
f 3730//3730 3731//3731 3732//3732
f 3732//3732 3731//3731 3733//3733
f 3730//3730 3732//3732 3734//3734
f 3730//3730 3734//3734 3735//3735
f 3735//3735 3736//3736 3737//3737
f 3735//3735 3734//3734 3736//3736
f 3730//3730 3738//3738 3739//3739
f 3740//3740 3734//3734 3741//3741
f 3730//3730 3739//3739 3731//3731
f 3740//3740 3741//3741 3742//3742
f 3743//3743 3744//3744 3745//3745
f 3743//3743 3746//3746 3744//3744
f 3744//3744 3747//3747 3748//3748
f 3743//3743 3749//3749 3750//3750
f 3744//3744 3746//3746 3747//3747
f 3743//3743 3750//3750 3746//3746
f 3747//3747 3746//3746 3751//3751
f 3752//3752 3753//3753 3754//3754
f 3744//3744 3755//3755 3745//3745
f 3744//3744 3756//3756 3755//3755
f 3744//3744 3757//3757 3756//3756
f 3744//3744 3758//3758 3757//3757
f 3744//3744 3759//3759 3758//3758
f 3760//3760 3761//3761 3762//3762
f 3760//3760 3762//3762 3763//3763
f 3759//3759 3764//3764 3758//3758
f 3765//3765 3766//3766 3764//3764
f 3767//3767 3764//3764 3768//3768
f 3767//3767 3768//3768 3769//3769
f 3764//3764 3766//3766 3768//3768
f 3770//3770 3771//3771 3772//3772
f 3770//3770 3773//3773 3771//3771
f 3770//3770 3774//3774 3775//3775
f 3771//3771 3776//3776 3777//3777
f 3771//3771 3773//3773 3776//3776
f 3770//3770 3775//3775 3773//3773
f 3777//3777 3776//3776 3778//3778
f 3771//3771 3779//3779 3772//3772
f 3771//3771 3780//3780 3781//3781
f 3780//3780 3782//3782 3781//3781
f 3771//3771 3781//3781 3779//3779
f 3782//3782 3783//3783 3781//3781
f 3784//3784 3785//3785 3783//3783
f 3786//3786 3783//3783 3787//3787
f 3783//3783 3785//3785 3787//3787
f 3786//3786 3787//3787 3788//3788
f 3789//3789 3790//3790 3791//3791
f 3789//3789 3792//3792 3790//3790
f 3791//3791 3790//3790 3793//3793
f 3793//3793 3790//3790 3794//3794
f 3794//3794 3790//3790 3795//3795
f 3789//3789 3796//3796 3792//3792
f 3797//3797 3793//3793 3798//3798
f 3793//3793 3794//3794 3799//3799
f 3789//3789 3800//3800 3796//3796
f 3801//3801 3802//3802 3803//3803
f 3797//3797 3798//3798 3804//3804
f 3793//3793 3799//3799 3798//3798
f 3796//3796 3800//3800 3805//3805
f 3802//3802 3806//3806 3803//3803
f 3807//3807 3808//3808 3809//3809
f 3808//3808 3810//3810 3811//3811
f 3811//3811 3812//3812 3813//3813
f 3808//3808 3811//3811 3814//3814
f 3808//3808 3814//3814 3809//3809
f 3811//3811 3815//3815 3816//3816
f 3811//3811 3816//3816 3814//3814
f 3815//3815 3817//3817 3816//3816
f 3818//3818 3814//3814 3819//3819
f 3814//3814 3816//3816 3820//3820
f 3811//3811 3810//3810 3812//3812
f 3818//3818 3819//3819 3821//3821
f 3814//3814 3820//3820 3819//3819
f 3813//3813 3812//3812 3822//3822
f 3823//3823 3824//3824 3825//3825
f 3824//3824 3826//3826 3827//3827
f 3828//3828 3826//3826 3829//3829
f 3824//3824 3827//3827 3825//3825
f 3827//3827 3826//3826 3828//3828
f 3828//3828 3829//3829 3830//3830
f 3824//3824 3831//3831 3826//3826
f 3826//3826 3832//3832 3833//3833
f 3834//3834 3827//3827 3835//3835
f 3827//3827 3828//3828 3836//3836
f 3826//3826 3831//3831 3832//3832
f 3833//3833 3832//3832 3837//3837
f 3834//3834 3835//3835 3838//3838
f 3827//3827 3836//3836 3835//3835
f 3839//3839 3840//3840 3841//3841
f 3840//3840 3842//3842 3841//3841
f 3840//3840 3843//3843 3842//3842
f 3840//3840 3844//3844 3843//3843
f 3839//3839 3845//3845 3840//3840
f 3842//3842 3843//3843 3846//3846
f 3840//3840 3845//3845 3847//3847
f 3842//3842 3846//3846 3848//3848
f 3849//3849 3850//3850 3851//3851
f 3849//3849 3851//3851 3852//3852
f 3850//3850 3853//3853 3851//3851
f 3849//3849 3852//3852 3854//3854
f 3849//3849 3855//3855 3850//3850
f 3852//3852 3856//3856 3854//3854
f 3852//3852 3857//3857 3856//3856
f 3856//3856 3857//3857 3858//3858
f 3850//3850 3855//3855 3859//3859
f 3856//3856 3858//3858 3860//3860
f 3861//3861 3862//3862 3863//3863
f 3861//3861 3863//3863 3864//3864
f 3861//3861 3865//3865 3862//3862
f 3863//3863 3866//3866 3864//3864
f 3863//3863 3867//3867 3866//3866
f 3866//3866 3867//3867 3868//3868
f 3862//3862 3865//3865 3869//3869
f 3866//3866 3868//3868 3870//3870
f 3871//3871 3872//3872 3873//3873
f 3871//3871 3874//3874 3872//3872
f 3872//3872 3875//3875 3873//3873
f 3872//3872 3876//3876 3875//3875
f 3872//3872 3877//3877 3876//3876
f 3875//3875 3876//3876 3878//3878
f 3872//3872 3874//3874 3879//3879
f 3875//3875 3878//3878 3880//3880
f 3881//3881 3882//3882 3883//3883
f 3881//3881 3883//3883 3884//3884
f 3881//3881 3885//3885 3886//3886
f 3881//3881 3884//3884 3885//3885
f 3883//3883 3882//3882 3887//3887
f 3886//3886 3888//3888 3889//3889
f 3886//3886 3889//3889 3890//3890
f 3891//3891 3892//3892 3893//3893
f 3891//3891 3894//3894 3892//3892
f 3892//3892 3895//3895 3896//3896
f 3891//3891 3893//3893 3897//3897
f 3891//3891 3898//3898 3899//3899
f 3891//3891 3897//3897 3898//3898
f 3892//3892 3894//3894 3895//3895
f 3896//3896 3895//3895 3900//3900
f 3899//3899 3898//3898 3901//3901
f 3899//3899 3901//3901 3902//3902
f 3903//3903 3904//3904 3905//3905
f 3906//3906 3907//3907 3908//3908
f 3906//3906 3909//3909 3907//3907
f 3907//3907 3909//3909 3910//3910
f 3906//3906 3911//3911 3912//3912
f 3906//3906 3908//3908 3911//3911
f 3912//3912 3911//3911 3913//3913
f 3912//3912 3913//3913 3914//3914
f 3915//3915 3916//3916 3917//3917
f 3916//3916 3918//3918 3919//3919
f 3916//3916 3920//3920 3917//3917
f 3916//3916 3919//3919 3920//3920
f 3918//3918 3921//3921 3919//3919
f 3915//3915 3922//3922 3916//3916
f 3916//3916 3923//3923 3924//3924
f 3916//3916 3922//3922 3923//3923
f 3924//3924 3923//3923 3925//3925
f 3926//3926 3919//3919 3927//3927
f 3926//3926 3927//3927 3928//3928
f 3929//3929 3930//3930 3931//3931
f 3929//3929 3932//3932 3930//3930
f 3930//3930 3932//3932 3933//3933
f 3933//3933 3932//3932 3934//3934
f 3934//3934 3932//3932 3935//3935
f 3936//3936 3937//3937 3938//3938
f 3930//3930 3939//3939 3931//3931
f 3930//3930 3940//3940 3939//3939
f 3930//3930 3941//3941 3940//3940
f 3942//3942 3940//3940 3943//3943
f 3942//3942 3943//3943 3944//3944
f 3945//3945 3946//3946 3947//3947
f 3946//3946 3948//3948 3949//3949
f 3948//3948 3950//3950 3949//3949
f 3950//3950 3951//3951 3949//3949
f 3945//3945 3952//3952 3953//3953
f 3954//3954 3955//3955 3956//3956
f 3953//3953 3952//3952 3957//3957
f 3956//3956 3955//3955 3958//3958
f 3946//3946 3949//3949 3947//3947
f 3951//3951 3959//3959 3949//3949
f 3951//3951 3960//3960 3959//3959
f 3961//3961 3949//3949 3962//3962
f 3949//3949 3963//3963 3964//3964
f 3961//3961 3962//3962 3965//3965
f 3949//3949 3964//3964 3962//3962
f 3966//3966 3967//3967 3968//3968
f 3968//3968 3967//3967 3969//3969
f 3966//3966 3968//3968 3970//3970
f 3966//3966 3971//3971 3972//3972
f 3966//3966 3970//3970 3971//3971
f 3973//3973 3970//3970 3974//3974
f 3973//3973 3974//3974 3975//3975
f 3976//3976 3977//3977 3978//3978
f 3976//3976 3978//3978 3979//3979
f 3976//3976 3980//3980 3977//3977
f 3977//3977 3981//3981 3982//3982
f 3977//3977 3980//3980 3981//3981
f 3982//3982 3981//3981 3983//3983
f 3976//3976 3984//3984 3985//3985
f 3976//3976 3979//3979 3984//3984
f 3985//3985 3986//3986 3987//3987
f 3985//3985 3987//3987 3988//3988
f 3989//3989 3990//3990 3991//3991
f 3991//3991 3990//3990 3992//3992
f 3989//3989 3991//3991 3993//3993
f 3991//3991 3994//3994 3993//3993
f 3995//3995 3993//3993 3996//3996
f 3993//3993 3994//3994 3996//3996
f 3991//3991 3992//3992 3994//3994
f 3997//3997 3994//3994 3998//3998
f 3994//3994 3992//3992 3998//3998
f 3997//3997 3998//3998 3999//3999
f 4000//4000 4001//4001 4002//4002
f 4001//4001 4003//4003 4004//4004
f 4001//4001 4004//4004 4002//4002
f 4000//4000 4005//4005 4006//4006
f 4000//4000 4007//4007 4008//4008
f 4003//4003 4009//4009 4010//4010
f 4003//4003 4010//4010 4004//4004
f 4009//4009 4011//4011 4010//4010
f 4012//4012 4011//4011 4013//4013
f 4014//4014 4015//4015 4011//4011
f 4006//4006 4005//4005 4016//4016
f 4000//4000 4008//4008 4005//4005
f 4012//4012 4013//4013 4017//4017
f 4011//4011 4015//4015 4013//4013
o double_ended_connector_pin
v -3.4294605255126953 1.9800000190734863 1.8849999904632568
v 4.76387581980494e-16 3.890000104904175 1.8849999904632568
v -3.3688387870788574 1.9450000524520874 1.8849999904632568
v -3.3688387870788574 -1.9450000524520874 1.8849999904632568
v -3.4294605255126953 1.9800000190734863 8.71500015258789
v 4.849601377418587e-16 3.9600000381469727 1.8849999904632568
v -3.4294605255126953 -1.9800000190734863 1.8849999904632568
v 0 -3.9600000381469727 1.8849999904632568
v 0 -3.890000104904175 1.8849999904632568
v 0 -3.9600000381469727 8.71500015258789
v -3.3688385486602783 1.9449999332427979 8.71500015258789
v 4.849601377418587e-16 3.9600000381469727 8.71500015258789
v -3.4294605255126953 -1.9800000190734863 8.71500015258789
v 4.76387581980494e-16 3.8899998664855957 8.71500015258789
v -3.3688385486602783 -1.9449999332427979 8.71500015258789
v 0 -3.8899998664855957 8.71500015258789
v 3.3688387870788574 1.9450000524520874 1.8849999904632568
v 3.4294605255126953 1.9800000190734863 1.8849999904632568
v 3.4294605255126953 -1.9800000190734863 1.8849999904632568
v 3.3688387870788574 -1.9450000524520874 1.8849999904632568
v 3.4294605255126953 -1.9800000190734863 8.71500015258789
v 3.4294605255126953 1.9800000190734863 8.71500015258789
v 3.3688385486602783 1.9449999332427979 8.71500015258789
v 3.3688385486602783 -1.9449999332427979 8.71500015258789
v -3.1869735717773438 1.840000033378601 1.600000023841858
v -3.3688387870788574 1.9450000524520874 1.8849999904632568
v 4.76387581980494e-16 3.890000104904175 1.8849999904632568
v -3.3688387870788574 -1.9450000524520874 1.8849999904632568
v 4.506700205755181e-16 3.680000066757202 1.600000023841858
v 0 9.797174820681343e-17 1.600000023841858
v -3.1869735717773438 -1.840000033378601 1.600000023841858
v 0 -3.680000066757202 1.600000023841858
v 0 -3.890000104904175 1.8849999904632568
v 3.3688387870788574 1.9450000524520874 1.8849999904632568
v 3.1869735717773438 1.840000033378601 1.600000023841858
v 3.1869735717773438 -1.840000033378601 1.600000023841858
v 0 -3.890000104904175 1.8849999904632568
v 3.3688387870788574 -1.9450000524520874 1.8849999904632568
v -3.1869735717773438 1.840000033378601 9
v 4.506700205755181e-16 3.680000066757202 9
v -3.3688385486602783 1.9449999332427979 8.71500015258789
v -3.1869735717773438 -1.840000033378601 9
v 4.76387581980494e-16 3.8899998664855957 8.71500015258789
v 0 5.510910704284357e-16 9
v -3.3688385486602783 -1.9449999332427979 8.71500015258789
v 0 -3.8899998664855957 8.71500015258789
v 0 -3.680000066757202 9
v 3.1869735717773438 1.840000033378601 9
v 4.76387581980494e-16 3.8899998664855957 8.71500015258789
v 3.3688385486602783 1.9449999332427979 8.71500015258789
v 3.3688385486602783 -1.9449999332427979 8.71500015258789
v 3.1869735717773438 -1.840000033378601 9
v 0 -3.8899998664855957 8.71500015258789
vn -0.8658467402864901 0.49989681695022004 -0.020312428173347205
vn 0 0 -1
vn 0 0 -1
vn 0 0 -1
vn -0.8660140498770218 0.49999340590332936 0.005124399358728617
vn -0.1889727810039387 0.9819313620597478 -0.010004411183373469
vn -0.8660140499638151 -0.4999934059534395 -0.005124379801468428
vn 0.1889727810039387 -0.9819313620597478 -0.010004411183373469
vn 0 0 -1
vn -0.1889727809370311 -0.9819313617120858 0.010004446570088189
vn 0 0 1
vn 0.18897278093879186 0.981931361721235 0.010004445638858855
vn -0.8658467389761206 -0.4998968161936779 0.020312502648411196
vn 0 0 1
vn 0 0 1
vn 0 0 1
vn 0 0 -1
vn 0.8660140499658817 0.49999340595463265 -0.005124379335819377
vn 0.8658467402864901 -0.49989681695022004 -0.020312428173347205
vn 0 0 -1
vn 0.8660140498770218 -0.49999340590332936 0.005124399358728617
vn 0.8658467389761206 0.4998968161936779 0.020312502648411196
vn 0 0 1
vn 0 0 1
vn -0.12223690996268992 0.07057351017161338 -0.9899886451393423
vn -0.6971988613006794 0.40252795440353417 -0.5931989495310509
vn -0.1476196740627602 0.7962357700832323 -0.5867001195411219
vn -0.6971988613006794 -0.40252795440353417 -0.5931989495310509
vn 0.021603682453463887 0.10821595509353454 -0.9938926440856899
vn 0 0 -1
vn -0.06327954570998803 -0.03653446149636356 -0.9973268933593982
vn -0.02160368059168812 -0.10821595509788916 -0.9938926441256841
vn -0.4214942983758268 -0.7300495388281079 -0.5379314336358646
vn 0.6971988859518271 0.40252796863588114 -0.5931989109003846
vn 0.06327955312212169 0.036534465199456516 -0.9973268927534513
vn 0.1222368953484533 -0.07057350288668879 -0.9899886474631282
vn 0.421494331571415 -0.7300496043100614 -0.5379313187572264
vn 0.6971989165834703 -0.40252795190831125 -0.5931988862492373
vn -0.06327953089433312 0.03653445036985977 0.9973268947070292
vn -0.02160366952554404 0.1082159109440428 0.9938926491737335
vn -0.6971990429961725 0.4025280752764925 0.5931986539595513
vn -0.12223686611997976 -0.07057348831683943 0.9899886521106991
vn -0.4214944089558286 0.7300497026956784 0.5379311245995423
vn 0 0 1
vn -0.6971990982789428 -0.40252807278125724 0.5931985906777222
vn -0.42149441764368195 -0.730049777348125 0.5379310164781044
vn 0.021603671352482975 -0.10821592566634627 0.9938926475310448
vn 0.12223686611997976 0.07057348831683943 0.9899886521106991
vn 0.42149441764368195 0.730049777348125 0.5379310164781044
vn 0.6971990982789428 0.40252807278125724 0.5931985906777222
vn 0.6971990429961725 -0.4025280752764925 0.5931986539595513
vn 0.06327953089433312 -0.03653445036985977 0.9973268947070292
vn 0.4214944089558286 -0.7300497026956784 0.5379311245995423
f 4018//4018 4019//4019 4020//4020
f 4018//4018 4020//4020 4021//4021
f 4018//4018 4022//4022 4023//4023
f 4022//4022 4018//4018 4024//4024
f 4018//4018 4023//4023 4019//4019
f 4018//4018 4021//4021 4024//4024
f 4024//4024 4021//4021 4025//4025
f 4025//4025 4021//4021 4026//4026
f 4024//4024 4025//4025 4027//4027
f 4022//4022 4028//4028 4029//4029
f 4022//4022 4030//4030 4028//4028
f 4022//4022 4029//4029 4023//4023
f 4029//4029 4028//4028 4031//4031
f 4022//4022 4024//4024 4030//4030
f 4024//4024 4027//4027 4030//4030
f 4030//4030 4032//4032 4028//4028
f 4030//4030 4033//4033 4032//4032
f 4030//4030 4027//4027 4033//4033
f 4023//4023 4034//4034 4019//4019
f 4023//4023 4029//4029 4035//4035
f 4023//4023 4035//4035 4034//4034
f 4035//4035 4036//4036 4034//4034
f 4025//4025 4026//4026 4036//4036
f 4036//4036 4037//4037 4034//4034
f 4036//4036 4026//4026 4037//4037
f 4038//4038 4036//4036 4035//4035
f 4025//4025 4036//4036 4038//4038
f 4029//4029 4031//4031 4039//4039
f 4035//4035 4029//4029 4039//4039
f 4039//4039 4038//4038 4035//4035
f 4039//4039 4031//4031 4040//4040
f 4039//4039 4040//4040 4041//4041
f 4025//4025 4038//4038 4027//4027
f 4027//4027 4041//4041 4033//4033
f 4039//4039 4041//4041 4038//4038
f 4027//4027 4038//4038 4041//4041
f 4042//4042 4043//4043 4044//4044
f 4042//4042 4045//4045 4043//4043
f 4042//4042 4044//4044 4046//4046
f 4042//4042 4046//4046 4047//4047
f 4042//4042 4048//4048 4045//4045
f 4042//4042 4047//4047 4048//4048
f 4048//4048 4049//4049 4045//4045
f 4048//4048 4047//4047 4049//4049
f 4049//4049 4050//4050 4045//4045
f 4046//4046 4044//4044 4051//4051
f 4046//4046 4052//4052 4047//4047
f 4046//4046 4051//4051 4052//4052
f 4052//4052 4051//4051 4053//4053
f 4047//4047 4053//4053 4049//4049
f 4049//4049 4053//4053 4054//4054
f 4052//4052 4053//4053 4047//4047
f 4053//4053 4051//4051 4055//4055
f 4053//4053 4055//4055 4054//4054
f 4056//4056 4057//4057 4058//4058
f 4056//4056 4058//4058 4059//4059
f 4057//4057 4060//4060 4058//4058
f 4056//4056 4061//4061 4057//4057
f 4059//4059 4058//4058 4062//4062
f 4056//4056 4059//4059 4061//4061
f 4059//4059 4062//4062 4063//4063
f 4059//4059 4064//4064 4061//4061
f 4059//4059 4063//4063 4064//4064
f 4057//4057 4065//4065 4066//4066
f 4057//4057 4061//4061 4065//4065
f 4065//4065 4067//4067 4066//4066
f 4065//4065 4068//4068 4067//4067
f 4061//4061 4064//4064 4069//4069
f 4064//4064 4070//4070 4068//4068
f 4065//4065 4061//4061 4069//4069
f 4065//4065 4069//4069 4068//4068
f 4064//4064 4068//4068 4069//4069
o sprout_topper
v -3.481422185897827 2.009999990463257 9
v -3.481422185897827 -2.009999990463257 5.550000190734863
v -3.481422185897827 2.009999990463257 5.550000190734863
v 4.923079897406122e-16 4.019999980926514 9
v 4.923079897406122e-16 4.019999980926514 5.550000190734863
v 0 5.510910704284357e-16 9
v -3.481422185897827 -2.009999990463257 9
v 0 -4.019999980926514 9
v 0 -4.019999980926514 5.550000190734863
v 3.481422185897827 2.009999990463257 9
v 3.481422185897827 2.009999990463257 5.550000190734863
v 3.481422185897827 -2.009999990463257 9
v 3.481422185897827 -2.009999990463257 5.550000190734863
v -16.88085174560547 10.045456886291504 5.550000190734863
v -14.084543228149414 8.431008338928223 13.34999942779541
v -9.527066230773926 17.399242401123047 5.550000190734863
v -16.343626022338867 3.9149540949573805e-15 13.34999942779541
v -19.57252311706543 4.030480495116921e-15 5.550000190734863
v -3.481422185897827 2.009999990463257 5.550000190734863
v -7.912617206573486 14.602933883666992 13.34999942779541
v 0.5183910131454468 20.090913772583008 5.550000190734863
v 0.5183910131454468 16.862016677856445 13.34999942779541
v 4.923079897406122e-16 4.019999980926514 5.550000190734863
v 0.493648499250412 5.140255451202393 13.34999942779541
v -3.1396918296813965 3.632800579071045 13.34999942779541
v -4.643553733825684 1.7610002379456484e-15 13.34999942779541
v -14.084543228149414 -8.431008338928223 13.34999942779541
v -3.481422185897827 -2.009999990463257 5.550000190734863
v -16.88085174560547 -10.045456886291504 5.550000190734863
v -7.912617206573486 -14.602933883666992 13.34999942779541
v 0 -4.019999980926514 5.550000190734863
v -3.1396918296813965 -3.632800579071045 13.34999942779541
v 0.493648499250412 -5.140255451202393 13.34999942779541
v -9.527066230773926 -17.399242401123047 5.550000190734863
v 0.5183910131454468 -20.090913772583008 5.550000190734863
v 0.5183910131454468 -16.862016677856445 13.34999942779541
v 10.563847541809082 17.399242401123047 5.550000190734863
v 8.9493989944458 14.602933883666992 13.34999942779541
v 3.481422185897827 2.009999990463257 5.550000190734863
v 4.130809307098389 3.636620044708252 13.34999942779541
v 17.917633056640625 10.045456886291504 5.550000190734863
v 15.121325492858887 8.431008338928223 13.34999942779541
v 5.638491153717041 5.0393600510096e-16 13.34999942779541
v 20.609304428100586 -8.903741408576452e-16 5.550000190734863
v 17.380407333374023 -2.1504906569277645e-16 13.34999942779541
v 3.481422185897827 -2.009999990463257 5.550000190734863
v 0.618863582611084 -5.0884904861450195 13.34999942779541
v 4.130809307098389 -3.636620044708252 13.34999942779541
v 8.9493989944458 -14.602933883666992 13.34999942779541
v 17.917633056640625 -10.045456886291504 5.550000190734863
v 10.563847541809082 -17.399242401123047 5.550000190734863
v 15.121325492858887 -8.431008338928223 13.34999942779541
v -3.1396918296813965 3.632800579071045 13.34999942779541
v -4.643553733825684 1.7610002379456484e-15 13.34999942779541
v -2.8624651432037354 2.8330249786376953 37.72553253173828
v -2.069155216217041 3.168137550354004 39.52237319946289
v 0.493648499250412 5.140255451202393 13.34999942779541
v -2.8944790363311768 2.7610201835632324 37.63711929321289
v -3.7693517208099365 0.6345027685165405 37.8549690246582
v -3.7370622158050537 0.7129876017570496 37.846927642822266
v -4.030393123626709 3.0777043782438673e-15 37.91997146606445
v -2.82694673538208 2.9124643802642822 37.83103942871094
v -2.352947473526001 3.0860447883605957 38.49569320678711
v -2.346872568130493 3.0818886756896973 38.68796157836914
v -2.3322417736053467 3.0718791484832764 39.151031494140625
v -2.253873586654663 3.100552558898926 39.26164627075195
v -2.0668632984161377 3.168976306915283 39.52560806274414
v -0.019758466631174088 3.8567380905151367 44.17856979370117
v -3.1396918296813965 -3.632800579071045 13.34999942779541
v 0.493648499250412 -5.140255451202393 13.34999942779541
v -2.746478796005249 -2.727125406265259 44.12989807128906
v -3.936671495437622 -0.2208549976348877 38.011932373046875
v -3.7386505603790283 -0.6673967242240906 38.539554595947266
v -3.5040721893310547 -1.1993306875228882 39.115570068359375
v -0.019758466631174088 -3.8567380905151367 44.17856979370117
v -2.306155204772949 3.054032325744629 39.97666931152344
v -2.279064416885376 3.03549861907959 40.83409118652344
v -2.266482353210449 3.026890754699707 41.23231506347656
v -2.5058655738830566 2.9095261096954346 41.75199890136719
v -3.346773386001587 1.2776710987091064 44.11918258666992
v -2.800910234451294 2.6970064640045166 42.44838333129883
v -3.6676292419433594 0.5329801440238953 43.61516571044922
v -3.827303171157837 0.2496429681777954 41.916900634765625
v -3.873695135116577 0.011441190727055073 44.009239196777344
v -3.787066698074341 0.34558406472206116 41.93773651123047
v -3.932000160217285 3.2889942058376108e-15 41.86268615722656
v -3.8782155513763428 3.404491171602234e-15 44.01788330078125
v -2.7695436477661133 2.780250072479248 42.324424743652344
v -2.746478796005249 2.727125406265259 44.12989807128906
v -2.644237756729126 2.8416850566864014 42.05239486694336
v -2.57444429397583 2.5512351989746094 44.13296890258789
v -2.543109655380249 2.6267123222351074 44.13352966308594
v -0.18013328313827515 3.6002931594848633 44.17570877075195
v 0.08389504998922348 3.7090766429901123 44.180419921875
v -2.6509594917297363 2.366929292678833 44.1316032409668
v -2.9568960666656494 1.6300050020217896 44.12614059448242
v -3.812657594680786 -0.30569735169410706 41.573917388916016
v -3.845000743865967 -0.08056046813726425 44.01249313354492
v -3.3896963596343994 -1.1848716735839844 43.938575744628906
v -3.833500623703003 -0.25131258368492126 41.6408576965332
v -3.825086832046509 -0.27277979254722595 41.621910095214844
v -3.3600234985351562 -1.2456772327423096 44.11894607543945
v -2.5733206272125244 -2.553941488265991 44.13298797607422
v -3.0702972412109375 -1.356850504875183 44.12411880493164
v -2.543109655380249 -2.6267123222351074 44.13352966308594
v 0.08389504998922348 -3.7090766429901123 44.180419921875
v 0.6408419609069824 3.7099478244781494 41.575286865234375
v 4.130809307098389 3.636620044708252 13.34999942779541
v 4.197221755981445 2.078630075748604e-15 38.06109619140625
v 5.638491153717041 5.0393600510096e-16 13.34999942779541
v 0.06918105483055115 3.946118116378784 41.578575134277344
v 2.7069616317749023 2.727125406265259 44.22724151611328
v 3.6402482986450195 1.2248731851577759 38.90398406982422
v 3.720573902130127 1.0563030242919922 38.724998474121094
v 2.955793619155884 2.501885414123535 41.561973571777344
v 4.107653617858887 0.18959112465381622 38.24911880493164
v 4.154224872589111 0.09101275354623795 38.1513557434082
v 3.7938835620880127 0.9043342471122742 38.548301696777344
v 2.831026792526245 2.802729606628418 41.56269073486328
v 2.843219757080078 2.773329257965088 41.5626220703125
v 0.618863582611084 -5.0884904861450195 13.34999942779541
v 0.06918105483055115 -3.946118116378784 41.578575134277344
v 4.130809307098389 -3.636620044708252 13.34999942779541
v 2.9669642448425293 -2.8932042121887207 38.58888626098633
v 5.638491153717041 5.0393600510096e-16 13.34999942779541
v 3.2130486965179443 -2.3931725025177 37.92399215698242
v 2.9406497478485107 -2.902320623397827 38.62520217895508
v 2.9341068267822266 -2.8978445529937744 38.77320861816406
v 2.8624942302703857 -2.8488516807556152 40.39316177368164
v 0.6408588290214539 -3.7099409103393555 41.575286865234375
v 2.7069616317749023 -2.727125406265259 44.22724151611328
v 2.8486928939819336 -2.839409351348877 40.70536804199219
v 4.126810073852539 -0.25730597972869873 37.43935012817383
v 3.9135653972625732 -0.7886508107185364 37.31861114501953
v 3.9103593826293945 -0.7966388463973999 37.316795349121094
v 3.714402675628662 -1.2849068641662598 37.205848693847656
v 3.551112174987793 -1.6019436120986938 37.75196838378906
v 3.479642152786255 -1.7407065629959106 37.990997314453125
v 3.103590488433838 -2.6171915531158447 38.20832443237305
v 3.707170009613037 0.9636579751968384 39.61334991455078
v 3.9933815002441406 2.3015481834004915e-15 41.556007385253906
v 4.028639793395996 2.262989761333818e-15 40.95148849487305
v 0.07001557946205139 3.9450278282165527 41.59394073486328
v 0.3192098140716553 3.8424036502838135 41.58579635620117
v 2.6292436122894287 2.6493959426879883 44.225852966308594
v 2.8254177570343018 2.785764217376709 41.77945327758789
v 2.8081395626068115 2.7335031032562256 42.44717788696289
v 2.873460054397583 2.5764129161834717 42.4438591003418
v 2.7029123306274414 2.6187260150909424 44.227169036865234
v 3.135875940322876 1.7612513303756714 43.73896026611328
v 3.1220500469207764 1.7248647212982178 44.234649658203125
v 3.0710525512695312 1.7281420230865479 44.233741760253906
v 3.6316399574279785 0.6775081753730774 42.94234848022461
v 3.751521348953247 0.41544657945632935 42.749717712402344
v 3.909212827682495 0.08551748096942902 42.391239166259766
v 3.9072563648223877 2.39573422372867e-15 43.032657623291016
v 3.944772243499756 2.3586085578922774e-15 42.38943099975586
v 2.8817877769470215 -2.7837910652160645 40.82699203491211
v 2.831026792526245 -2.802729606628418 41.56269073486328
v 2.866978883743286 -2.8293378353118896 40.757144927978516
v 2.843219757080078 -2.773329257965088 41.5626220703125
v 2.9781885147094727 -2.4742932319641113 41.3741340637207
v 3.0224409103393555 -2.341181993484497 41.56159210205078
v 3.412980318069458 -1.3994930982589722 41.55934524536133
v 3.871739625930786 -0.3611447513103485 41.074520111083984
v 3.2912395000457764 -1.6973083019256592 41.52971267700195
v 3.2288811206817627 -1.8434028625488281 41.560401916503906
v 2.8456945419311523 -2.643186092376709 42.44527053833008
v 3.3731987476348877 -1.3073140382766724 42.89664077758789
v 3.056410312652588 -1.8833568096160889 44.23347854614258
v 2.998645305633545 -1.9033056497573853 44.23244857788086
v 2.815901756286621 -2.345388650894165 44.22918701171875
v 0.3511306941509247 -3.597820997238159 44.18518829345703
v 0.07001557946205139 -3.9450278282165527 41.59394073486328
v 0.07158545404672623 -3.9443812370300293 41.59388732910156
v 2.6292436122894287 -2.6493959426879883 44.225852966308594
v 2.8081395626068115 -2.7335031032562256 42.44717788696289
v 2.7029123306274414 -2.6187260150909424 44.227169036865234
v 3.8570470809936523 -0.21097113192081451 42.393890380859375
v 3.8500959873199463 -0.13992223143577576 43.018096923828125
v 3.507033348083496 -0.9797019958496094 42.93072509765625
v 3.944772243499756 2.3586085578922774e-15 42.38943099975586
v -3.202716827392578 0.08379954844713211 48.21330642700195
v -2.9342424869537354 0.3607627749443054 49.803646087646484
v -2.9711532592773438 0.6486857533454895 48.18695831298828
v -3.2370688915252686 3.566474152545121e-15 48.21721649169922
v -3.0500481128692627 3.652525500206106e-15 50.152442932128906
v -2.6509594917297363 2.366929292678833 44.1316032409668
v -2.9568960666656494 1.6300050020217896 44.12614059448242
v -2.8124661445617676 1.9336609840393066 44.31843948364258
v -2.682494878768921 1.9342682361602783 45.66073226928711
v -2.6013216972351074 1.934647560119629 46.49905776977539
v -2.57444429397583 2.5512351989746094 44.13296890258789
v -2.4973981380462646 1.432439923286438 49.728118896484375
v -2.543109655380249 2.6267123222351074 44.13352966308594
v -2.0708179473876953 2.1906867027282715 50.89051818847656
v -0.18013328313827515 3.6002931594848633 44.17570877075195
v 0.1441672444343567 2.6844496726989746 55.412315368652344
v 0.08389504998922348 3.7090766429901123 44.180419921875
v -2.0221431255340576 2.2098376750946045 50.901058197021484
v -1.4934396743774414 2.362406015396118 51.60893249511719
v -1.37473726272583 2.396017551422119 51.77473831176758
v -1.3717716932296753 2.3933095932006836 51.81684494018555
v -1.34168541431427 2.365838050842285 52.24402618408203
v -1.3361868858337402 2.3608174324035645 52.32209396362305
v -2.197408676147461 1.9337639808654785 50.68239974975586
v -2.515047311782837 1.3941763639450073 49.7095832824707
v -2.3265631198883057 1.8028126955032349 49.907535552978516
v -2.7796497344970703 1.3145731687545776 47.31294250488281
v -2.1564650535583496 1.9752771854400635 50.928043365478516
v -2.8027091026306152 0.7705211043357849 49.407474517822266
v -1.207481026649475 2.178260326385498 54.84552001953125
v -1.5555419921875 2.212085723876953 52.94266128540039
v -1.8192503452301025 2.024578094482422 53.781829833984375
v -1.8664331436157227 2.0019960403442383 53.814613342285156
v -1.4929885864257812 2.071338415145874 54.72579574584961
v -1.8120976686477661 1.9518327713012695 54.59197998046875
v -2.4025697708129883 0.855366587638855 53.18412399291992
v -1.9806760549545288 1.6292864084243774 54.23081588745117
v -2.5194835662841797 0.605324387550354 53.046634674072266
v -2.347614288330078 0.5209367275238037 55.186973571777344
v -2.170630931854248 1.0555208921432495 54.72579574584961
v -2.8025190830230713 3.766417550293919e-15 52.71378707885742
v -2.5314857959747314 3.891124940568749e-15 55.518348693847656
v -2.4746017456054688 0.1373663991689682 55.51787567138672
v -3.0046026706695557 -0.6424696445465088 47.867496490478516
v -2.9417736530303955 -0.26407095789909363 50.14037322998047
v -3.0702972412109375 -1.356850504875183 44.12411880493164
v -2.5733206272125244 -2.553941488265991 44.13298797607422
v -3.027841329574585 -1.4196501970291138 44.29412078857422
v -2.718895673751831 -1.876636028289795 45.53122329711914
v -2.543109655380249 -2.6267123222351074 44.13352966308594
v -1.9806760549545288 -1.6292864084243774 54.23081588745117
v -2.831270694732666 -0.3616792559623718 50.865230560302734
v -2.7960622310638428 -1.4546241760253906 46.542510986328125
v -2.883233070373535 -0.9779002070426941 47.684906005859375
v 0.08389504998922348 -3.7090766429901123 44.180419921875
v -1.8120976686477661 -1.9518327713012695 54.59197998046875
v -2.5983712673187256 -0.7478788495063782 51.618995666503906
v -2.73783016204834 -0.4442163407802582 51.47816467285156
v -2.170630931854248 -1.055521011352539 54.72579574584961
v -2.082386016845703 -1.3220678567886353 54.495849609375
v -2.72676420211792 -0.27752184867858887 52.307533264160156
v -1.4929885864257812 -2.071338415145874 54.72579574584961
v -1.1546458005905151 -2.198046922683716 54.86767578125
v 0.1441672444343567 -2.6844496726989746 55.412315368652344
v -2.487741470336914 -0.09767772257328033 55.5521125793457
v -2.5153112411499023 -0.03611649572849274 55.53083419799805
v 0.06993310898542404 3.94642972946167 41.57857131958008
v 0.06918105483055115 3.946118116378784 41.578575134277344
v 0.07001557946205139 3.9450278282165527 41.59394073486328
v 0.3192098140716553 3.8424036502838135 41.58579635620117
v 0.6408419609069824 3.7099478244781494 41.575286865234375
v 2.831026792526245 2.802729606628418 41.56269073486328
v 2.8604371547698975 2.7905471324920654 41.562522888183594
v 2.843219757080078 2.773329257965088 41.5626220703125
v 2.955793619155884 2.501885414123535 41.561973571777344
v 2.8254177570343018 2.785764217376709 41.77945327758789
v 2.8081395626068115 2.7335031032562256 42.44717788696289
v 2.873460054397583 2.5764129161834717 42.4438591003418
v 4.01630163192749 2.302914235786176e-15 41.55587387084961
v 3.9933815002441406 2.3015481834004915e-15 41.556007385253906
v 3.909212827682495 0.08551748096942902 42.391239166259766
v 3.944772243499756 2.3586085578922774e-15 42.38943099975586
v 2.7029123306274414 2.6187260150909424 44.227169036865234
v 3.015839099884033 1.6577200889587402 45.216915130615234
v 3.0710525512695312 1.7281420230865479 44.233741760253906
v 2.0704469680786133 1.9579585790634155 54.598838806152344
v 2.6292436122894287 2.6493959426879883 44.225852966308594
v 2.0902695655822754 1.9504824876785278 54.59046936035156
v 2.2789762020111084 1.5805344581604004 54.17622756958008
v 2.9747629165649414 1.6053293943405151 45.9483528137207
v 3.1702098846435547 0.9788293242454529 46.693302154541016
v 2.368530035018921 1.3158529996871948 54.409584045410156
v 3.296168088912964 0.5750735998153687 47.17339324951172
v 3.2609810829162598 0.20829153060913086 49.352989196777344
v 3.413282632827759 0.19966651499271393 47.61977767944336
v 3.364917755126953 2.8100966005366063e-15 49.14668273925781
v 3.4958088397979736 2.7081820198394425e-15 47.62136459350586
v 2.9653093814849854 0.8008251190185547 49.93986511230469
v 1.438686490058899 2.196225166320801 54.86563491821289
v 1.7698218822479248 2.071338415145874 54.72579574584961
v 2.983806848526001 0.6140726804733276 50.62529754638672
v 3.0134997367858887 0.3142893612384796 51.7255859375
v 2.8954529762268066 3.1756328218912524e-15 54.61752700805664
v 3.116617441177368 3.003429117890322e-15 52.040218353271484
v 2.6399147510528564 0.5137611627578735 55.11675262451172
v 2.8004279136657715 0.19104859232902527 54.80316925048828
v 3.0224409103393555 -2.341181993484497 41.56159210205078
v 3.035207986831665 -2.3686065673828125 41.56151580810547
v 2.843219757080078 -2.773329257965088 41.5626220703125
v 3.059264898300171 -2.287963628768921 41.67023468017578
v 3.2900407314300537 -1.7533761262893677 41.56005096435547
v 2.8456945419311523 -2.643186092376709 42.44527053833008
v 3.046546220779419 -2.3305985927581787 41.61275863647461
v 0.06993310898542404 -3.94642972946167 41.57857131958008
v 0.07001557946205139 -3.9450278282165527 41.59394073486328
v 0.06918105483055115 -3.946118116378784 41.578575134277344
v 0.07158545404672623 -3.9443812370300293 41.59388732910156
v 0.6408588290214539 -3.7099409103393555 41.575286865234375
v 2.831026792526245 -2.802729606628418 41.56269073486328
v 2.8604371547698975 -2.7905471324920654 41.562522888183594
v 2.8081395626068115 -2.7335031032562256 42.44717788696289
v 3.412980318069458 -1.3994930982589722 41.55934524536133
v 3.8570470809936523 -0.21097113192081451 42.393890380859375
v 3.2288811206817627 -1.8434028625488281 41.560401916503906
v 2.998645305633545 -1.9033056497573853 44.23244857788086
v 2.891319990158081 -2.0797982215881348 44.631656646728516
v 2.815901756286621 -2.345388650894165 44.22918701171875
v 2.729509115219116 -1.481842279434204 49.40214920043945
v 2.9655673503875732 -1.6151520013809204 46.00812530517578
v 3.028888463973999 -0.859160840511322 48.91751480102539
v 2.441159963607788 -1.815451979637146 51.15287780761719
v 2.7029123306274414 -2.6187260150909424 44.227169036865234
v 2.6292436122894287 -2.6493959426879883 44.225852966308594
v 2.2700753211975098 -2.146606683731079 51.54892349243164
v 3.007453203201294 -1.3530254364013672 46.784645080566406
v 2.92030668258667 -1.1346684694290161 48.85366439819336
v 2.6428704261779785 -1.6394896507263184 49.651206970214844
v 2.5228514671325684 -1.8578752279281616 49.9962272644043
v 0.3511306941509247 -3.597820997238159 44.18518829345703
v 2.048020362854004 -2.2122902870178223 51.845664978027344
v 2.0301480293273926 -2.2174806594848633 51.870628356933594
v 2.029742956161499 -2.217111110687256 51.876670837402344
v 2.0255813598632812 -2.213310956954956 51.938758850097656
v 2.024822950363159 -2.212618589401245 51.9500732421875
v 3.2908527851104736 -0.56784588098526 47.270206451416016
v 3.3620786666870117 -0.013747829012572765 49.113441467285156
v 2.4983866214752197 -1.7309664487838745 50.89359664916992
v 2.490734577178955 -1.6912717819213867 51.174278259277344
v 3.0745229721069336 -0.09306978434324265 52.08174514770508
v 2.894080638885498 -0.006863746792078018 54.60040283203125
v 2.6600658893585205 -0.602628767490387 54.453182220458984
v 2.6767873764038086 -0.9548549652099609 52.558998107910156
v 2.5675089359283447 -0.8382643461227417 54.39495086669922
v 2.327498435974121 -1.7116689682006836 52.978118896484375
v 2.2488181591033936 -1.9779877662658691 52.61014938354492
v 2.0902695655822754 -1.9504824876785278 54.59046936035156
v 2.2149910926818848 -2.0865230560302734 52.480712890625
v 1.7698218822479248 -2.071338415145874 54.72579574584961
v 1.5005028247833252 -2.1729114055633545 54.83953094482422
v 2.645308017730713 -0.6401998400688171 54.44389724731445
v 2.484463691711426 -0.9820963144302368 54.668785095214844
v 2.2789762020111084 -1.58053457736969 54.17622756958008
v 2.4771971702575684 -0.9946815967559814 54.692745208740234
v -13.713973045349121 6.468156814575195 40.917362213134766
v -14.991610527038574 7.342235565185547 43.69648361206055
v -11.992087364196777 8.985029220581055 40.917362213134766
v -13.597837448120117 5.6931986808776855 41.34806823730469
v -14.56763744354248 6.3566741943359375 43.40620422363281
v -10.592690467834473 8.027649879455566 39.18121337890625
v -12.3145751953125 5.510777473449707 39.18121337890625
v -12.298531532287598 4.804295063018799 39.7360954284668
v -10.745851516723633 3.7420494556427 38.59178161621094
v -13.269725799560547 9.859107971191406 43.69648361206055
v -12.197513580322266 9.821074485778809 43.40620422363281
v -11.227713584899902 9.157599449157715 41.34806823730469
v -12.6861572265625 5.764990329742432 45.085262298583984
v -10.964272499084473 8.28186321258545 45.085262298583984
v -12.840794563293457 5.175276756286621 44.41796112060547
v -11.042828559875488 3.9452226161956787 44.82810592651367
v -8.375727653503418 7.20644998550415 38.59178161621094
v -8.923262596130371 6.885532855987549 37.95085525512695
v -10.645148277282715 4.368660926818848 37.95085525512695
v -9.928407669067383 8.268695831298828 39.7360954284668
v -6.645809173583984 6.02294921875 37.93661880493164
v -7.068638801574707 5.616716384887695 37.24846267700195
v -4.8147873878479 4.770279884338379 37.79209899902344
v -5.96329402923584 5.556015968322754 40.98714828491211
v -5.737809181213379 5.4017534255981445 40.87312698364258
v -6.876128673553467 6.1805195808410645 44.672813415527344
v -5.754701614379883 5.4133100509643555 40.92951202392578
v -8.790523529052734 3.099844217300415 37.24846267700195
v -9.0159330368042 2.558548927307129 37.93661880493164
v -7.184911251068115 1.3058794736862183 37.79209899902344
v -9.24625301361084 2.716118812561035 44.672813415527344
v -5.110455513000488 4.277050971984863 37.093910217285156
v -6.832340240478516 1.760178804397583 37.093910217285156
v -4.851037979125977 0.4046967923641205 37.50770950317383
v -5.947319984436035 0.4591975510120392 42.810665130615234
v -10.470669746398926 8.639677047729492 44.41796112060547
v -9.027802467346191 6.957052230834961 45.527000427246094
v -8.672704696655273 7.409623146057129 44.82810592651367
v -10.749687194824219 4.44018030166626 45.527000427246094
v -7.096139907836914 5.635530948638916 45.36003494262695
v -8.818025588989258 3.1186587810516357 45.36003494262695
v -5.2492828369140625 4.372028350830078 44.62614440917969
v -6.971168041229248 1.8551558256149292 44.62614440917969
v -7.523579120635986 1.5375744104385376 43.98827362060547
v -3.129152774810791 2.9215691089630127 37.50770950317383
v -2.958796262741089 3.50052809715271 38.179725646972656
v -2.346872568130493 3.0818886756896973 38.68796157836914
v -2.3322417736053467 3.0718791484832764 39.151031494140625
v -5.328920364379883 0.03612752631306648 38.179725646972656
v -3.5240941047668457 -1.1986204385757446 39.12099075317383
v -3.936671495437622 -0.2208549976348877 38.011932373046875
v -3.7693517208099365 0.6345027685165405 37.8549690246582
v -2.8944790363311768 2.7610201835632324 37.63711929321289
v -3.7370622158050537 0.7129876017570496 37.846927642822266
v -4.030393123626709 3.0777043782438673e-15 37.91997146606445
v -4.557683944702148 4.594386100769043 40.276371002197266
v -4.241577625274658 4.37812614440918 40.11652374267578
v -3.577195882797241 3.923598051071167 42.810665130615234
v -4.150404453277588 4.315751075744629 40.48624038696289
v -2.279064416885376 3.03549861907959 40.83409118652344
v -3.827303171157837 0.2496429681777954 41.916900634765625
v -3.787066698074341 0.34558406472206116 41.93773651123047
v -5.285439968109131 0.701887309551239 43.366756439208984
v -3.932000160217285 3.2889942058376108e-15 41.86268615722656
v -3.8364644050598145 -0.2894103229045868 41.621910095214844
v -2.8624651432037354 2.8330249786376953 37.72553253173828
v -2.352947473526001 3.0860447883605957 38.49569320678711
v -2.82694673538208 2.9124643802642822 37.83103942871094
v -2.306155204772949 3.054032325744629 39.97666931152344
v -2.266482353210449 3.026890754699707 41.23231506347656
v -2.5058655738830566 2.9095261096954346 41.75199890136719
v -2.7695436477661133 2.780250072479248 42.324424743652344
v -2.644237756729126 2.8416850566864014 42.05239486694336
v -5.1534552574157715 5.001975059509277 43.98827362060547
v -3.5635550022125244 3.218759775161743 43.366756439208984
v -2.800910234451294 2.6970064640045166 42.44838333129883
v -4.589987754821777 -0.46940353512763977 41.176177978515625
v -3.7386505603790283 -0.6673967242240906 38.539554595947266
v -3.5040721893310547 -1.1993306875228882 39.115570068359375
v -3.812657594680786 -0.30569735169410706 41.573917388916016
v -3.825086832046509 -0.27277979254722595 41.621910095214844
v -3.833500623703003 -0.25131258368492126 41.6408576965332
v -5.96329402923584 5.556015968322754 40.98714828491211
v -2.0668632984161377 3.168976306915283 39.52560806274414
v -5.737809181213379 5.4017534255981445 40.87312698364258
v -5.754701614379883 5.4133100509643555 40.92951202392578
v -4.557683944702148 4.594386100769043 40.276371002197266
v -4.150404453277588 4.315751075744629 40.48624038696289
v -2.253873586654663 3.100552558898926 39.26164627075195
v -4.241577625274658 4.37812614440918 40.11652374267578
v -2.3322417736053467 3.0718791484832764 39.151031494140625
v -2.069155216217041 3.168137550354004 39.52237319946289
v -2.306155204772949 3.054032325744629 39.97666931152344
v 4.107653617858887 0.18959112465381622 38.24911880493164
v 4.181736946105957 0.08642557263374329 38.1952018737793
v 4.154224872589111 0.09101275354623795 38.1513557434082
v 4.126810073852539 -0.25730597972869873 37.43935012817383
v 4.450232982635498 -0.6352417469024658 37.911128997802734
v 3.9135653972625732 -0.7886508107185364 37.31861114501953
v 4.197221755981445 2.078630075748604e-15 38.06109619140625
v 4.527638912200928 -0.3952627182006836 37.94346618652344
v 4.398810863494873 -0.7946649193763733 37.889644622802734
v 3.9103593826293945 -0.7966388463973999 37.316795349121094
v 4.20064640045166 -1.4090255498886108 37.80685043334961
v 3.714402675628662 -1.2849068641662598 37.205848693847656
v 3.551112174987793 -1.6019436120986938 37.75196838378906
v 3.7525627613067627 -1.6151559352874756 37.92129135131836
v 3.479642152786255 -1.7407065629959106 37.990997314453125
v 3.720573902130127 1.0563030242919922 38.724998474121094
v 6.125546455383301 0.004663671832531691 38.20561599731445
v 3.7938835620880127 0.9043342471122742 38.548301696777344
v 5.649502754211426 -0.3651631474494934 37.53302764892578
v 4.107653617858887 0.18959112465381622 38.24911880493164
v 4.380344867706299 1.1986204385757446 39.10435104370117
v 3.6402482986450195 1.2248731851577759 38.90398406982422
v 3.707170009613037 0.9636579751968384 39.61334991455078
v 4.663908958435059 0.30911755561828613 41.52971267700195
v 4.028639793395996 2.262989761333818e-15 40.95148849487305
v 5.416171073913574 0.4899735152721405 41.08220672607422
v 6.728216171264648 -0.4076448082923889 42.65481185913086
v 6.067067623138428 -0.6508349180221558 43.211524963378906
v 2.9341068267822266 -2.8978445529937744 38.77320861816406
v 3.0988080501556396 -3.0105226039886475 39.08903884887695
v 3.0002927780151367 -2.943124771118164 39.488529205322266
v 2.901777505874634 -2.8757269382476807 39.88801956176758
v 2.8624942302703857 -2.8488516807556152 40.39316177368164
v 3.0460474491119385 -2.9744269847869873 41.08220672607422
v 2.8486928939819336 -2.839409351348877 40.70536804199219
v 2.866978883743286 -2.8293378353118896 40.757144927978516
v 2.8817877769470215 -2.7837910652160645 40.82699203491211
v 2.9781885147094727 -2.4742932319641113 41.3741340637207
v 3.0224409103393555 -2.341181993484497 41.56159210205078
v 3.035207986831665 -2.3686065673828125 41.56151580810547
v 3.479642152786255 -1.7407065629959106 37.990997314453125
v 3.7525627613067627 -1.6151559352874756 37.92129135131836
v 3.9276175498962402 -2.882035493850708 37.53302764892578
v 3.2130486965179443 -2.3931725025177 37.92399215698242
v 4.20064640045166 -1.4090255498886108 37.80685043334961
v 4.527638912200928 -0.3952627182006836 37.94346618652344
v 4.450232982635498 -0.6352417469024658 37.911128997802734
v 4.398810863494873 -0.7946649193763733 37.889644622802734
v 4.181736946105957 0.08642557263374329 38.1952018737793
v 7.56461763381958 -1.6753637790679932 37.13880157470703
v 3.103590488433838 -2.6171915531158447 38.20832443237305
v 2.9669642448425293 -2.8932042121887207 38.58888626098633
v 3.755422830581665 -3.4597368240356445 38.20561599731445
v 2.9406497478485107 -2.902320623397827 38.62520217895508
v 5.8427324295043945 -4.192235946655273 37.13880157470703
v 5.546180248260498 -4.6848602294921875 37.83698654174805
v 3.2912395000457764 -1.6973083019256592 41.52971267700195
v 3.2900407314300537 -1.7533761262893677 41.56005096435547
v 3.871739625930786 -0.3611447513103485 41.074520111083984
v 3.2288811206817627 -1.8434028625488281 41.560401916503906
v 3.059264898300171 -2.287963628768921 41.67023468017578
v 4.3451828956604 -3.1677072048187256 43.211524963378906
v 4.906102657318115 -4.246959686279297 40.43257141113281
v 4.998169422149658 -4.309945583343506 40.05923080444336
v 4.358092308044434 -3.8720452785491943 42.65481185913086
v 3.046546220779419 -2.3305985927581787 41.61275863647461
v 5.317241668701172 -4.528234958648682 40.22221374511719
v 6.435746669769287 -5.293445587158203 40.793540954589844
v 6.453641414642334 -5.30568790435791 40.8530158996582
v 5.97339391708374 -4.2816267013549805 44.425621032714844
v 5.87733793258667 -4.911417007446289 43.787654876708984
v 7.534766674041748 -6.04532527923584 44.44623565673828
v 7.916304111480713 -1.2204594612121582 37.83698654174805
v 9.680122375488281 -2.427152156829834 37.978065490722656
v 9.45494270324707 -2.968604803085327 37.28999710083008
v 7.733057498931885 -5.485476970672607 37.28999710083008
v 9.904891014099121 -2.5809245109558105 44.44623565673828
v 11.344505310058594 -3.5658180713653564 38.60844421386719
v 11.243735313415527 -4.192383766174316 37.96749496459961
v 14.08498477935791 -5.440680980682373 41.2554817199707
v 12.836957931518555 -4.586859703063965 39.70771789550781
v 7.309998035430908 -5.891552925109863 37.978065490722656
v 8.974381446838379 -7.030218601226807 38.60844421386719
v 9.5218505859375 -6.709256172180176 37.96749496459961
v 6.66414737701416 -5.449702739715576 40.91020965576172
v 11.714860916137695 -8.905081748962402 41.2554817199707
v 11.131019592285156 -7.810147762298584 39.15273666381836
v 12.852904319763184 -5.293275356292725 39.15273666381836
v 10.46683406829834 -8.051259994506836 39.70771789550781
v 12.47920036315918 -8.732487678527832 40.82470703125
v 7.695279121398926 -1.7647541761398315 44.425621032714844
v 8.247462272644043 -1.447016716003418 43.787654876708984
v 9.476597785949707 -2.98341965675354 45.133426666259766
v 7.7547125816345215 -5.50029182434082 45.133426666259766
v 11.338217735290527 -4.257022380828857 45.294952392578125
v 9.616332054138184 -6.773894786834717 45.294952392578125
v 11.63148307800293 -3.762150287628174 44.596046447753906
v 13.358222961425781 -4.943476676940918 44.20257568359375
v 13.203527450561523 -5.533149719238281 44.869911193847656
v 9.261359214782715 -7.226551055908203 44.596046447753906
v 10.988099098205566 -8.407876968383789 44.20257568359375
v 11.481642723083496 -8.05002212524414 44.869911193847656
v 12.645967483520508 -9.542085647583008 43.231327056884766
v 14.201085090637207 -6.215615272521973 40.82470703125
v 15.016091346740723 -6.077685356140137 43.231327056884766
v 15.440064430236816 -7.063247203826904 43.5216064453125
v 13.718179702758789 -9.580119132995605 43.5216064453125
v 2.868619203567505 -3.135591506958008 39.488529205322266
v 3.0002927780151367 -2.943124771118164 39.488529205322266
v 3.0988080501556396 -3.0105226039886475 39.08903884887695
v 2.901777505874634 -2.8757269382476807 39.88801956176758
v 4.998169422149658 -4.309945583343506 40.05923080444336
v 4.906102657318115 -4.246959686279297 40.43257141113281
v 5.317241668701172 -4.528234958648682 40.22221374511719
v 6.453641414642334 -5.30568790435791 40.8530158996582
v 6.435746669769287 -5.293445587158203 40.793540954589844
v 6.66414737701416 -5.449702739715576 40.91020965576172
v -5.691679000854492 0.9550081491470337 46.045841217041016
v -5.01824426651001 1.7926156520843506 46.30882263183594
v -3.346773386001587 1.2776710987091064 44.11918258666992
v -5.971776485443115 0.6066269278526306 45.93646240234375
v -3.873695135116577 0.011441190727055073 44.009239196777344
v -3.8782155513763428 3.404491171602234e-15 44.01788330078125
v -3.6676292419433594 0.5329801440238953 43.61516571044922
v -5.76277494430542 -0.5111414194107056 46.11821365356445
v -5.022236347198486 1.8647865056991577 46.391788482666016
v -2.8124661445617676 1.9336609840393066 44.31843948364258
v -2.9568960666656494 1.6300050020217896 44.12614059448242
v -2.682494878768921 1.9342682361602783 45.66073226928711
v -4.561072826385498 1.877379298210144 46.716285705566406
v -3.639350175857544 1.9025484323501587 47.36485290527344
v -3.56024169921875 1.851232886314392 47.357059478759766
v -2.6013216972351074 1.934647560119629 46.49905776977539
v -3.3833694458007812 1.5946729183197021 47.49312973022461
v -2.7796497344970703 1.3145731687545776 47.31294250488281
v -3.3398752212524414 1.5389549732208252 47.518611907958984
v -3.475706100463867 1.4440441131591797 47.73008346557617
v -2.9711532592773438 0.6486857533454895 48.18695831298828
v -4.55543327331543 0.6895922422409058 49.41107177734375
v -4.554792881011963 0.5402951240539551 49.37068176269531
v -3.202716827392578 0.08379954844713211 48.21330642700195
v -3.2370688915252686 3.566474152545121e-15 48.21721649169922
v -3.845000743865967 -0.08056046813726425 44.01249313354492
v -5.6837663650512695 -0.9336878061294556 46.186920166015625
v -3.3600234985351562 -1.2456772327423096 44.11894607543945
v -4.988930702209473 -1.2959600687026978 46.547401428222656
v -3.0702972412109375 -1.356850504875183 44.12411880493164
v -3.027841329574585 -1.4196501970291138 44.29412078857422
v -3.3896963596343994 -1.1848716735839844 43.938575744628906
v -4.830771446228027 -1.4128422737121582 46.75471878051758
v -2.718895673751831 -1.876636028289795 45.53122329711914
v -4.079389572143555 -1.086337924003601 48.11521530151367
v -2.7960622310638428 -1.4546241760253906 46.542510986328125
v -2.883233070373535 -0.9779002070426941 47.684906005859375
v -4.718337535858154 -1.495932936668396 46.902095794677734
v -4.532233238220215 -1.6287254095077515 47.1287841796875
v -3.9855823516845703 -1.4999178647994995 47.11381530761719
v -3.8484411239624023 -1.4683282375335693 47.1083984375
v -3.6051347255706787 -1.3604737520217896 47.217567443847656
v -4.548978328704834 -0.8148991465568542 49.00403594970703
v -3.0046026706695557 -0.6424696445465088 47.867496490478516
v -19.92268180847168 0.9610556364059448 47.70695114135742
v -21.87938117980957 0.6762369871139526 50.62845230102539
v -22.32135772705078 1.3235799074172974 50.19826889038086
v -18.972753524780273 4.482178211212158 48.26106643676758
v -21.865642547607422 4.338850975036621 50.19826889038086
v -21.252105712890625 4.826668739318848 50.62845230102539
v -19.466968536376953 3.9763267040252686 47.70695114135742
v -16.617801666259766 3.545717477798462 45.94609451293945
v -16.26374626159668 4.072751998901367 46.58683395385742
v -19.60002899169922 0.3317466378211975 48.26106643676758
v -17.073516845703125 0.5304463505744934 45.94609451293945
v -16.891023635864258 -0.07767965644598007 46.58683395385742
v -13.267589569091797 3.619927167892456 45.64007568359375
v -13.469447135925293 3.069890022277832 44.95124053955078
v -13.92516040802002 0.054618969559669495 44.95124053955078
v -10.126784324645996 3.1452407836914062 45.455108642578125
v -10.170021057128906 2.57123064994812 44.756935119628906
v -11.701025009155273 3.3831639289855957 49.9929313659668
v -24.39702796936035 1.6372870206832886 53.944950103759766
v -23.941314697265625 4.652557849884033 53.944950103759766
v -22.95930290222168 5.084686279296875 53.65467071533203
v -19.918346405029297 4.625090599060059 55.143001556396484
v -23.586578369140625 0.9342545866966248 53.65467071533203
v -20.545623779296875 0.4746590852737427 55.143001556396484
v -20.207717895507812 4.088280200958252 55.81006622314453
v -20.66343116760254 1.0730090141296387 55.81006622314453
v -16.8845157623291 3.586027145385742 56.448116302490234
v -14.249032020568848 -0.47697755694389343 55.5295295715332
v -17.340229034423828 0.5707560777664185 56.448116302490234
v -17.387733459472656 -0.002609085990116 55.74931335449219
v -13.621755599975586 3.6734540462493896 55.5295295715332
v -11.933148384094238 3.418246030807495 50.083396911621094
v -16.76045799255371 4.147822380065918 55.74931335449219
v -13.58342170715332 3.08711576461792 56.21696090698242
v -14.039135932922363 0.07184460014104843 56.21696090698242
v -11.712482452392578 3.3848955631256104 50.02595901489258
v -10.448478698730469 2.6133153438568115 55.17671203613281
v -10.904191970825195 -0.401955783367157 55.17671203613281
v -10.625734329223633 -0.44404053688049316 44.756935119628906
v -6.867759704589844 2.0721426010131836 45.39906311035156
v -9.421773910522461 3.038688898086548 49.10462951660156
v -9.087118148803711 2.9881107807159424 48.97420120239258
v -6.9838337898254395 2.6702303886413574 46.066261291503906
v -7.3234734535217285 -0.9431284666061401 45.39906311035156
v -5.691679000854492 0.9550081491470337 46.045841217041016
v -5.971776485443115 0.6066269278526306 45.93646240234375
v -5.285393714904785 2.413536310195923 47.49253463745117
v -8.986063003540039 2.9728376865386963 49.31625747680664
v -7.061838150024414 2.6820197105407715 49.849273681640625
v -6.834695339202881 2.6476902961730957 49.836952209472656
v -3.9812417030334473 2.216433048248291 47.507850646972656
v -5.82472038269043 2.4950475692749023 49.984710693359375
v -5.049346446990967 2.377861261367798 48.2915153503418
v -5.022236347198486 1.8647865056991577 46.391788482666016
v -5.01824426651001 1.7926156520843506 46.30882263183594
v -4.561072826385498 1.877379298210144 46.716285705566406
v -5.167370319366455 2.3956987857818604 47.892024993896484
v -5.434732437133789 2.4361066818237305 50.04176330566406
v -5.364092826843262 2.3519394397735596 50.060726165771484
v -4.55543327331543 0.6895922422409058 49.41107177734375
v -4.997282028198242 1.012414574623108 50.26512145996094
v -4.554792881011963 0.5402951240539551 49.37068176269531
v -3.639350175857544 1.9025484323501587 47.36485290527344
v -3.56024169921875 1.851232886314392 47.357059478759766
v -3.3833694458007812 1.5946729183197021 47.49312973022461
v -4.843845844268799 1.766257882118225 50.19635772705078
v -3.3398752212524414 1.5389549732208252 47.518611907958984
v -3.475706100463867 1.4440441131591797 47.73008346557617
v -8.082003593444824 2.836202621459961 52.376346588134766
v -10.638361930847168 3.2225582599639893 54.53956604003906
v -8.082003593444824 2.836202621459961 52.899723052978516
v -7.620560646057129 2.185917377471924 53.38642883300781
v -8.076273918151855 -0.8293537497520447 53.38642883300781
v -8.082003593444824 2.836202621459961 50.722633361816406
v -8.082003593444824 2.836202621459961 50.600521087646484
v -8.082003593444824 2.836202621459961 50.998931884765625
v -8.082003593444824 2.836202621459961 52.921199798583984
v -7.981333255767822 2.74428129196167 52.95753479003906
v -6.88533353805542 1.7435357570648193 52.568267822265625
v -5.697081565856934 -1.1889336109161377 50.90412521362305
v -5.707331657409668 0.6679142117500305 51.20083999633789
v -7.320087909698486 2.140505313873291 53.072933197021484
v -7.8450727462768555 2.619863271713257 53.006717681884766
v -5.044656753540039 0.8401520848274231 50.30226516723633
v -5.435870170593262 0.5393965244293213 50.90412521362305
v -5.0283331871032715 0.8995076417922974 50.289466857910156
v -10.754060745239258 -1.0051908493041992 45.455108642578125
v -13.894865989685059 -0.5305045247077942 45.64007568359375
v -11.26563835144043 -0.927873432636261 54.53956604003906
v -7.611110210418701 -1.480201244354248 46.066261291503906
v -5.76277494430542 -0.5111414194107056 46.11821365356445
v -4.988930702209473 -1.2959600687026978 46.547401428222656
v -5.6837663650512695 -0.9336878061294556 46.186920166015625
v -4.608518123626709 -1.933998703956604 47.507850646972656
v -8.573673248291016 -1.3347240686416626 52.835350036621094
v -4.830771446228027 -1.4128422737121582 46.75471878051758
v -4.718337535858154 -1.495932936668396 46.902095794677734
v -4.532233238220215 -1.6287254095077515 47.1287841796875
v -4.548978328704834 -0.8148991465568542 49.00403594970703
v -4.079389572143555 -1.086337924003601 48.11521530151367
v -6.30925989151001 -1.6769567728042603 50.47280502319336
v -3.626504898071289 -1.5018706321716309 47.217567443847656
v -3.9855823516845703 -1.4999178647994995 47.11381530761719
v -3.8484411239624023 -1.4683282375335693 47.1083984375
v -3.6051347255706787 -1.3604737520217896 47.217567443847656
v -5.502649307250977 0.5176495313644409 50.96889114379883
v -5.530436992645264 0.506393551826477 50.99549865722656
v -5.132521629333496 2.6262784004211426 47.892024993896484
v -11.701025009155273 3.3831639289855957 49.9929313659668
v -11.933148384094238 3.418246030807495 50.083396911621094
v -11.712482452392578 3.3848955631256104 50.02595901489258
v -9.421773910522461 3.038688898086548 49.10462951660156
v -8.986063003540039 2.9728376865386963 49.31625747680664
v -9.087118148803711 2.9881107807159424 48.97420120239258
v -5.285393714904785 2.413536310195923 47.49253463745117
v -5.049346446990967 2.377861261367798 48.2915153503418
v -5.167370319366455 2.3956987857818604 47.892024993896484
v 3.0710525512695312 1.7281420230865479 44.233741760253906
v 3.015839099884033 1.6577200889587402 45.216915130615234
v 3.1220500469207764 1.7248647212982178 44.234649658203125
v 3.6316399574279785 0.6775081753730774 42.94234848022461
v 6.11838960647583 1.01742684841156 46.152381896972656
v 3.751521348953247 0.41544657945632935 42.749717712402344
v 2.9747629165649414 1.6053293943405151 45.9483528137207
v 4.387941837310791 1.4366443157196045 47.00956726074219
v 4.90009880065918 1.4228867292404175 46.76383590698242
v 3.135875940322876 1.7612513303756714 43.73896026611328
v 5.9443583488464355 1.383466362953186 46.414066314697266
v 4.924793720245361 1.4222233295440674 46.75198745727539
v 6.727598667144775 0.18904203176498413 45.80144119262695
v 3.9072563648223877 2.39573422372867e-15 43.032657623291016
v 5.932723522186279 1.2698895931243896 46.25933837890625
v 6.727047443389893 0.1868821531534195 45.80154800415039
v 3.1702098846435547 0.9788293242454529 46.693302154541016
v 4.532996654510498 1.408083200454712 47.26812744140625
v 4.432647228240967 1.4278419017791748 47.089256286621094
v 5.368673324584961 0.20933350920677185 49.028297424316406
v 3.296168088912964 0.5750735998153687 47.17339324951172
v 3.413282632827759 0.19966651499271393 47.61977767944336
v 5.4686503410339355 0.0659199208021164 49.2388801574707
v 3.507033348083496 -0.9797019958496094 42.93072509765625
v 6.348566055297852 -1.2966687679290771 45.87526321411133
v 3.3731987476348877 -1.3073140382766724 42.89664077758789
v 3.056410312652588 -1.8833568096160889 44.23347854614258
v 5.213120937347412 -1.9918551445007324 46.72689437866211
v 2.998645305633545 -1.9033056497573853 44.23244857788086
v 2.891319990158081 -2.0797982215881348 44.631656646728516
v 4.523462772369385 -1.7408117055892944 46.89039611816406
v 2.9655673503875732 -1.6151520013809204 46.00812530517578
v 5.463902950286865 -1.7434005737304688 46.265743255615234
v 6.622218132019043 -0.22402186691761017 45.821964263916016
v 3.8500959873199463 -0.13992223143577576 43.018096923828125
v 5.8968987464904785 -1.5247491598129272 46.07462692260742
v 3.007453203201294 -1.3530254364013672 46.784645080566406
v 4.569240093231201 -1.3443355560302734 48.050941467285156
v 3.2908527851104736 -0.56784588098526 47.270206451416016
v 5.241437911987305 -0.2903439700603485 48.938777923583984
v 3.4958088397979736 2.7081820198394425e-15 47.62136459350586
v 4.795526027679443 -0.9895244240760803 48.34981918334961
v 3.987251043319702 -1.5202264785766602 47.089534759521484
v 3.9734368324279785 -1.5405960083007812 47.02079772949219
v 3.982193946838379 -1.5289342403411865 47.06082534790039
v 4.397799968719482 1.5018706321716309 47.00956726074219
v 4.90009880065918 1.4228867292404175 46.76383590698242
v 4.387941837310791 1.4366443157196045 47.00956726074219
v 4.432647228240967 1.4278419017791748 47.089256286621094
v 4.924793720245361 1.4222233295440674 46.75198745727539
v 8.277359008789062 1.4960774183273315 45.920799255371094
v 5.379813194274902 1.933998703956604 47.29985046386719
v 6.416489124298096 1.1967755556106567 50.583740234375
v 4.532996654510498 1.408083200454712 47.26812744140625
v 5.368673324584961 0.20933350920677185 49.028297424316406
v 5.4686503410339355 0.0659199208021164 49.2388801574707
v 5.932723522186279 1.2698895931243896 46.25933837890625
v 7.99133825302124 0.9587604403495789 45.253143310546875
v 6.11838960647583 1.01742684841156 46.152381896972656
v 6.727598667144775 0.18904203176498413 45.80144119262695
v 6.727047443389893 0.1868821531534195 45.80154800415039
v 5.9443583488464355 1.383466362953186 46.414066314697266
v 7.02758264541626 1.6849627494812012 50.151084899902344
v 11.305380821228027 1.038436770439148 45.337589263916016
v 9.21220874786377 1.3547887802124023 52.42262268066406
v 11.177826881408691 0.4771697521209717 44.63941192626953
v 6.105857849121094 -0.7301654815673828 50.55015563964844
v 8.715444564819336 0.8493223786354065 52.974159240722656
v 11.44247817993164 0.4371716380119324 54.69822311401367
v 14.672172546386719 0.5295959711074829 55.012794494628906
v 11.803727149963379 0.9631190299987793 54.061012268066406
v 14.32778549194336 0.5816448926925659 45.51749801635742
v 14.35827922821045 -0.003508566878736019 44.82872772216797
v 17.20848274230957 0.1462700366973877 46.42781066894531
v 22.000391006469727 -0.577955961227417 50.30876159667969
v 14.462221145629883 -0.019217904657125473 55.70021057128906
v 17.639970779418945 -0.49948781728744507 55.92333221435547
v 17.687578201293945 0.07386182993650436 55.22452163696289
v 20.719982147216797 -0.38444119691848755 54.642730712890625
v 5.213120937347412 -1.9918551445007324 46.72689437866211
v 5.463902950286865 -1.7434005737304688 46.265743255615234
v 7.5356245040893555 -2.0565106868743896 45.253143310546875
v 3.9734368324279785 -1.5405960083007812 47.02079772949219
v 4.752536773681641 -2.216433048248291 47.29985046386719
v 3.982193946838379 -1.5289342403411865 47.06082534790039
v 4.523462772369385 -1.7408117055892944 46.89039611816406
v 5.7442097663879395 -1.7857648134231567 50.20030212402344
v 3.987251043319702 -1.5202264785766602 47.089534759521484
v 6.0566887855529785 -2.413536310195923 47.2845344543457
v 5.820641994476318 -2.377861261367798 48.08351516723633
v 4.795526027679443 -0.9895244240760803 48.34981918334961
v 5.804847717285156 -1.487244963645935 50.227169036865234
v 5.241437911987305 -0.2903439700603485 48.938777923583984
v 5.929924011230469 -0.8714951872825623 50.28258514404297
v 4.569240093231201 -1.3443355560302734 48.050941467285156
v 6.322606563568115 -2.435375928878784 50.051788330078125
v 6.762250900268555 -2.520171642303467 49.98624038696289
v 6.340224742889404 -2.456388473510742 50.047122955322266
v 6.622218132019043 -0.22402186691761017 45.821964263916016
v 6.348566055297852 -1.2966687679290771 45.87526321411133
v 5.8968987464904785 -1.5247491598129272 46.07462692260742
v 10.722113609313965 -2.5381014347076416 44.63941192626953
v 7.650082588195801 -2.6543540954589844 45.920799255371094
v 10.678104400634766 -3.111994981765747 45.337589263916016
v 9.5806303024292 -2.9461278915405273 49.05235290527344
v 9.682406425476074 -2.961509943008423 48.70785903930664
v 7.491913318634033 -2.6304492950439453 49.880977630615234
v 7.928576946258545 -2.696444511413574 49.90497589111328
v 13.902565002441406 -3.0187795162200928 44.82872772216797
v 10.02271842956543 -3.0129430294036865 48.841453552246094
v 12.193989753723145 -3.3410985469818115 49.69381332397461
v 5.9372382164001465 -0.8656196594238281 50.29370880126953
v 6.12779426574707 -0.7134009003639221 50.583740234375
v 6.145084857940674 -0.707811176776886 50.600460052490234
v 6.497949123382568 -0.6128336191177368 50.944576263427734
v 6.670919895172119 -0.7707716226577759 51.144676208496094
v 7.6859941482543945 -1.6976252794265747 52.318965911865234
v 8.25973129272461 -2.1659486293792725 52.974159240722656
v 8.186826705932617 -2.1549301147460938 52.898353576660156
v 8.314020156860352 -2.271069049835205 52.88208770751953
v 8.948741912841797 -2.8506274223327637 50.6569938659668
v 8.948741912841797 -2.8506274223327637 50.79988479614258
v 8.948741912841797 -2.8506274223327637 51.12373352050781
v 8.948741912841797 -2.8506274223327637 51.19118881225586
v 12.206192970275879 -3.342942953109741 49.7288818359375
v 11.176450729370117 -3.187312602996826 54.061012268066406
v 8.654869079589844 -2.5822949409484863 52.75886535644531
v 8.948741912841797 -2.8506274223327637 52.652626037597656
v 8.948741912841797 -2.8506274223327637 52.595211029052734
v 14.044896125793457 -3.620835781097412 55.012794494628906
v 10.986764907836914 -2.578099489212036 54.69822311401367
v 14.006507873535156 -3.0344889163970947 55.70021057128906
v 17.390920639038086 -0.4618476331233978 45.787052154541016
v 13.700510025024414 -3.568786859512329 45.51749801635742
v 16.581207275390625 -4.004161834716797 46.42781066894531
v 16.93520736694336 -3.477118730545044 45.787052154541016
v 21.37311553955078 -4.728387832641602 50.30876159667969
v 19.811382293701172 -0.24711963534355164 48.035804748535156
v 20.133955001831055 -0.8764165639877319 47.48161697387695
v 19.678241729736328 -3.8916876316070557 47.48161697387695
v 22.442337036132812 -1.225294589996338 49.8785285949707
v 19.184104919433594 -4.3975510597229 48.035804748535156
v 21.986623764038086 -4.240565776824951 49.8785285949707
v 12.430659294128418 -3.3768677711486816 49.786720275878906
v 17.18425750732422 -3.514758825302124 55.92333221435547
v 17.060302734375 -4.0765700340271 55.22452163696289
v 20.09270668029785 -4.534873008728027 54.642730712890625
v 20.837743759155273 -0.9827837944030762 55.309814453125
v 20.382028579711914 -3.9980547428131104 55.309814453125
v 23.01214027404785 -4.976102352142334 53.213966369628906
v 23.63941764831543 -0.8256705403327942 53.213966369628906
v 24.44986915588379 -1.528703212738037 53.504249572753906
v 23.994155883789062 -4.54397439956665 53.504249572753906
v 6.0566887855529785 -2.413536310195923 47.2845344543457
v 5.9038166999816895 -2.6262784004211426 47.684024810791016
v 5.820641994476318 -2.377861261367798 48.08351516723633
v 9.682406425476074 -2.961509943008423 48.70785903930664
v 9.5806303024292 -2.9461278915405273 49.05235290527344
v 10.02271842956543 -3.0129430294036865 48.841453552246094
v 12.206192970275879 -3.342942953109741 49.7288818359375
v 12.193989753723145 -3.3410985469818115 49.69381332397461
v 12.430659294128418 -3.3768677711486816 49.786720275878906
v -3.8160510063171387 1.1079877614974976 50.63481903076172
v -2.9342424869537354 0.3607627749443054 49.803646087646484
v -3.799438714981079 0.9740103483200073 50.6817741394043
v -2.8027091026306152 0.7705211043357849 49.407474517822266
v -3.5017521381378174 1.4314230680465698 50.641231536865234
v -3.731827735900879 0.42873141169548035 50.87288284301758
v -3.0500481128692627 3.652525500206106e-15 50.152442932128906
v -3.6835596561431885 0.039449404925107956 51.009315490722656
v -2.9803614616394043 1.9679691791534424 50.6518669128418
v -2.197408676147461 1.9337639808654785 50.68239974975586
v -2.3265631198883057 1.8028126955032349 49.907535552978516
v -2.4973981380462646 1.432439923286438 49.728118896484375
v -2.515047311782837 1.3941763639450073 49.7095832824707
v -2.416806936264038 1.9729679822921753 50.84077453613281
v -2.1564650535583496 1.9752771854400635 50.928043365478516
v -2.9417736530303955 -0.26407095789909363 50.14037322998047
v -2.831270694732666 -0.3616792559623718 50.865230560302734
v -3.0968310832977295 -0.26061585545539856 51.30018997192383
v -2.73783016204834 -0.4442163407802582 51.47816467285156
v -12.35181999206543 11.641757011413574 56.60111999511719
v -11.183218955993652 10.57472038269043 53.761539459228516
v -14.408069610595703 9.389786720275879 56.60111999511719
v -13.239469528198242 8.322750091552734 53.761539459228516
v -11.953661918640137 7.148692607879639 51.97819900512695
v -13.232589721679688 7.539148807525635 54.19219970703125
v -12.036298751831055 6.4468278884887695 52.533016204833984
v -14.125773429870605 8.354705810546875 56.31084060668945
v -12.299924850463867 7.464861869812012 58.0196647644043
v -12.53530216217041 6.902462959289551 57.352386474609375
v -10.4022216796875 10.63891887664795 54.19219970703125
v -11.295405387878418 11.454476356506348 56.31084060668945
v -10.243674278259277 9.716832160949707 58.0196647644043
v -9.205930709838867 9.546598434448242 52.533016204833984
v -9.704935073852539 10.002233505249023 57.352386474609375
v -9.897411346435547 9.400662422180176 51.97819900512695
v -8.364048957824707 8.000565528869629 50.71467208862305
v -10.42029857635498 5.748595237731934 50.71467208862305
v -10.607416152954102 5.142130374908447 51.3555793762207
v -8.71757698059082 4.193857669830322 49.99397659301758
v -8.082003593444824 2.836202621459961 50.998931884765625
v -9.665214538574219 4.281816005706787 57.24034118652344
v -9.223959922790527 3.8789103031158447 56.6651496887207
v -7.777048110961914 8.241900444030762 51.3555793762207
v -6.186089038848877 6.789212703704834 50.68218994140625
v -4.503569602966309 5.2529215812683105 50.5351448059082
v -6.661326885223389 6.445827484130859 49.99397659301758
v -4.864624977111816 4.8052778244018555 49.836952209472656
v -5.351423263549805 6.027087688446045 53.70759963989258
v -6.395819664001465 6.980715274810791 57.6154670715332
v -5.551290512084961 6.2095842361450195 53.81977081298828
v -9.016457557678223 3.6894423961639404 50.68218994140625
v -8.082003593444824 2.836202621459961 50.722633361816406
v -8.082003593444824 2.836202621459961 52.376346588134766
v -8.082003593444824 2.836202621459961 52.899723052978516
v -8.082003593444824 2.836202621459961 52.921199798583984
v -7.981333255767822 2.74428129196167 52.95753479003906
v -8.906645774841309 3.5891740322113037 56.41981887817383
v -8.082003593444824 2.836202621459961 50.600521087646484
v -7.061838150024414 2.6820197105407715 49.849273681640625
v -6.834695339202881 2.6476902961730957 49.836952209472656
v -7.8450727462768555 2.619863271713257 53.006717681884766
v -7.975998878479004 2.739410638809204 55.70029830932617
v -7.320087909698486 2.140505313873291 53.072933197021484
v -6.583720684051514 1.4681363105773926 55.14449691772461
v -6.88533353805542 1.7435357570648193 52.568267822265625
v -6.322159767150879 1.229307770729065 55.12063980102539
v -5.828068256378174 0.7781580090522766 55.07556915283203
v -10.520451545715332 5.840043067932129 58.47367477416992
v -8.464200973510742 8.092013359069824 58.47367477416992
v -10.879714012145996 5.390762805938721 57.77478790283203
v -9.911211967468262 4.506433486938477 57.561004638671875
v -10.112824440002441 5.800736427307129 58.45037078857422
v -9.24769401550293 5.999551773071289 58.414451599121094
v -10.163446426391602 5.073790073394775 58.02381896972656
v -10.189865112304688 5.339641571044922 58.25446701049805
v -10.211564064025879 5.558001518249512 58.443912506103516
v -10.197107315063477 5.4125189781188965 58.31769561767578
v -8.049345970153809 8.490532875061035 57.77478790283203
v -6.689767360687256 6.47179651260376 58.302703857421875
v -9.139284133911133 6.012352466583252 58.40937042236328
v -9.126446723937988 6.006924629211426 58.4084358215332
v -9.079362869262695 5.98701810836792 58.405006408691406
v -7.674685955047607 5.393130302429199 58.302703857421875
v -5.43144416809082 4.444703102111816 57.549644470214844
v -10.011001586914062 4.597550392150879 57.69108581542969
v -4.2549967765808105 5.025952339172363 53.09224319458008
v -5.365928649902344 6.040332794189453 53.76187515258789
v -3.3636667728424072 4.212088108062744 55.701316833496094
v -4.811532974243164 5.534119606018066 56.911834716796875
v -3.0483474731445312 3.1468541622161865 50.26512145996094
v -5.82472038269043 2.4950475692749023 49.984710693359375
v -5.434732437133789 2.4361066818237305 50.04176330566406
v -5.364092826843262 2.3519394397735596 50.060726165771484
v -2.8000051975250244 3.6974146366119385 50.93674087524414
v -3.974133014678955 4.769498348236084 52.93461227416992
v -2.1199235916137695 3.076439380645752 51.89396286010742
v -5.707331657409668 0.6679142117500305 51.20083999633789
v -5.530436992645264 0.506393551826477 50.99549865722656
v -3.976278781890869 -0.9126918315887451 51.909278869628906
v -5.502649307250977 0.5176495313644409 50.96889114379883
v -4.843845844268799 1.766257882118225 50.19635772705078
v -4.997282028198242 1.012414574623108 50.26512145996094
v -5.0283331871032715 0.8995076417922974 50.289466857910156
v -3.5017521381378174 1.4314230680465698 50.641231536865234
v -2.9803614616394043 1.9679691791534424 50.6518669128418
v -3.8160510063171387 1.1079877614974976 50.63481903076172
v -3.799438714981079 0.9740103483200073 50.6817741394043
v -3.731827735900879 0.42873141169548035 50.87288284301758
v -5.435870170593262 0.5393965244293213 50.90412521362305
v -5.044656753540039 0.8401520848274231 50.30226516723633
v -2.9198646545410156 -1.0999729633331299 51.618995666503906
v -3.6835596561431885 0.039449404925107956 51.009315490722656
v -4.1777215003967285 0.04856303334236145 54.46582794189453
v -2.8025190830230713 3.766417550293919e-15 52.71378707885742
v -2.5194835662841797 0.605324387550354 53.046634674072266
v -3.8931033611297607 4.695511341094971 53.301849365234375
v -1.9436306953430176 2.9154679775238037 52.69294357299805
v -4.994186878204346 4.923579692840576 57.549644470214844
v -3.6404216289520264 3.6874709129333496 56.41780090332031
v -3.4372470378875732 3.6015701293945312 56.18576431274414
v -3.9366557598114014 3.812716484069824 56.60500717163086
v -3.537003517150879 3.6437463760375977 56.29969024658203
v -3.481618881225586 3.6203300952911377 56.2364387512207
v -3.2181150913238525 3.508922576904297 55.82884216308594
v -3.1889333724975586 3.49658465385437 55.78131103515625
v -2.905306816101074 3.064969539642334 55.496463775634766
v -4.949767589569092 -0.02380945347249508 54.021324157714844
v -5.723517894744873 0.6826938390731812 55.06603240966797
v -5.199461936950684 0.5541865229606628 55.0279655456543
v -4.946616172790527 0.4921844005584717 55.00960159301758
v -4.810862064361572 0.4747089743614197 55.029991149902344
v -4.617114543914795 0.4497680366039276 55.05908966064453
v -3.915994882583618 1.2908267974853516 55.108306884765625
v -4.301145553588867 0.8288026452064514 55.081268310546875
v -2.121471405029297 2.3005330562591553 54.46582794189453
v -1.3717716932296753 2.3933095932006836 51.81684494018555
v -2.0221431255340576 2.2098376750946045 50.901058197021484
v -2.0708179473876953 2.1906867027282715 50.89051818847656
v -1.34168541431427 2.365838050842285 52.24402618408203
v -1.4934396743774414 2.362406015396118 51.60893249511719
v -1.37473726272583 2.396017551422119 51.77473831176758
v -2.1193995475769043 3.075960874557495 54.021324157714844
v -1.3361868858337402 2.3608174324035645 52.32209396362305
v -1.5555419921875 2.212085723876953 52.94266128540039
v -2.416806936264038 1.9729679822921753 50.84077453613281
v -2.1564650535583496 1.9752771854400635 50.928043365478516
v -2.751087188720703 2.6882436275482178 55.19007873535156
v -2.825258731842041 2.9431538581848145 55.416072845458984
v -1.8192503452301025 2.024578094482422 53.781829833984375
v -1.8664331436157227 2.0019960403442383 53.814613342285156
v -2.4025697708129883 0.855366587638855 53.18412399291992
v -3.0968310832977295 -0.26061585545539856 51.30018997192383
v -2.72676420211792 -0.27752184867858887 52.307533264160156
v -2.73783016204834 -0.4442163407802582 51.47816467285156
v -2.5983712673187256 -0.7478788495063782 51.618995666503906
v -5.551290512084961 6.2095842361450195 53.81977081298828
v -1.8745343685150146 3.168163299560547 52.293453216552734
v -5.351423263549805 6.027087688446045 53.70759963989258
v -5.365928649902344 6.040332794189453 53.76187515258789
v -4.2549967765808105 5.025952339172363 53.09224319458008
v -3.8931033611297607 4.695511341094971 53.301849365234375
v -3.974133014678955 4.769498348236084 52.93461227416992
v -2.1199235916137695 3.076439380645752 51.89396286010742
v -1.9436306953430176 2.9154679775238037 52.69294357299805
v 2.983806848526001 0.6140726804733276 50.62529754638672
v 3.0134997367858887 0.3142893612384796 51.7255859375
v 3.0767040252685547 0.33980467915534973 51.59968185424805
v 2.9653093814849854 0.8008251190185547 49.93986511230469
v 4.104313373565674 0.3001289963722229 51.24293518066406
v 3.2609810829162598 0.20829153060913086 49.352989196777344
v 4.347383975982666 -0.03833233192563057 51.05778884887695
v 3.488931894302368 0.3238886892795563 51.456573486328125
v 3.278947114944458 0.20618827641010284 51.997337341308594
v 3.116617441177368 3.003429117890322e-15 52.040218353271484
v 3.0745229721069336 -0.09306978434324265 52.08174514770508
v 4.711557388305664 -0.54542076587677 50.78040313720703
v 3.364917755126953 2.8100966005366063e-15 49.14668273925781
v 3.3620786666870117 -0.013747829012572765 49.113441467285156
v 3.028888463973999 -0.859160840511322 48.91751480102539
v 2.92030668258667 -1.1346684694290161 48.85366439819336
v 4.570164203643799 -0.9434769749641418 50.7059326171875
v 4.347829341888428 -1.5694063901901245 50.588836669921875
v 2.729509115219116 -1.481842279434204 49.40214920043945
v 2.6428704261779785 -1.6394896507263184 49.651206970214844
v 3.2584781646728516 -2.0401532649993896 50.80999755859375
v 2.5228514671325684 -1.8578752279281616 49.9962272644043
v 2.4983866214752197 -1.7309664487838745 50.89359664916992
v 2.730811595916748 -1.8003686666488647 51.06036376953125
v 2.490734577178955 -1.6912717819213867 51.174278259277344
v 4.575592041015625 -0.9281964898109436 50.70879364013672
v 3.8873729705810547 -1.7683860063552856 50.68231964111328
v 3.0767040252685547 0.33980467915534973 51.59968185424805
v 3.770805835723877 1.0999729633331299 51.59968185424805
v 3.488931894302368 0.3238886892795563 51.456573486328125
v 4.104313373565674 0.3001289963722229 51.24293518066406
v 5.9022297859191895 -0.846207857131958 50.289024353027344
v 3.278947114944458 0.20618827641010284 51.997337341308594
v 5.002070426940918 -0.024281974881887436 54.368648529052734
v 4.8272199630737305 0.9126918315887451 51.88996505737305
v 6.426395893096924 -0.5474992990493774 50.96120834350586
v 5.773015022277832 0.04909631237387657 53.92240524291992
v 6.647812366485596 -0.7496724128723145 54.98203659057617
v 2.490734577178955 -1.6912717819213867 51.174278259277344
v 2.730811595916748 -1.8003686666488647 51.06036376953125
v 2.441159963607788 -1.815451979637146 51.15287780761719
v 2.2700753211975098 -2.146606683731079 51.54892349243164
v 3.8459792137145996 -3.098177909851074 50.289024353027344
v 2.048020362854004 -2.2122902870178223 51.845664978027344
v 3.0745229721069336 -0.09306978434324265 52.08174514770508
v 2.6767873764038086 -0.9548549652099609 52.558998107910156
v 2.9458200931549072 -2.276252031326294 54.368648529052734
v 2.029742956161499 -2.217111110687256 51.876670837402344
v 2.970864772796631 -3.076439380645752 51.87464904785156
v 2.0255813598632812 -2.213310956954956 51.938758850097656
v 2.327498435974121 -1.7116689682006836 52.978118896484375
v 2.024822950363159 -2.212618589401245 51.9500732421875
v 2.9426469802856445 -3.0506739616394043 53.92240524291992
v 2.2149910926818848 -2.0865230560302734 52.480712890625
v 2.2488181591033936 -1.9779877662658691 52.61014938354492
v 2.0301480293273926 -2.2174806594848633 51.870628356933594
v 3.5960280895233154 -3.6472697257995605 50.96120834350586
v 2.882718086242676 -2.9959537982940674 52.274139404296875
v 2.7945716381073 -2.9154679775238037 52.67362976074219
v 4.145201206207275 -4.148714065551758 55.538692474365234
v 3.2584781646728516 -2.0401532649993896 50.80999755859375
v 3.8873729705810547 -1.7683860063552856 50.68231964111328
v 4.347829341888428 -1.5694063901901245 50.588836669921875
v 4.347383975982666 -0.03833233192563057 51.05778884887695
v 4.711557388305664 -0.54542076587677 50.78040313720703
v 4.570164203643799 -0.9434769749641418 50.7059326171875
v 4.575592041015625 -0.9281964898109436 50.70879364013672
v 6.145084857940674 -0.707811176776886 50.600460052490234
v 6.12779426574707 -0.7134009003639221 50.583740234375
v 6.105857849121094 -0.7301654815673828 50.55015563964844
v 5.9372382164001465 -0.8656196594238281 50.29370880126953
v 5.929924011230469 -0.8714951872825623 50.28258514404297
v 5.804847717285156 -1.487244963645935 50.227169036865234
v 6.670919895172119 -0.7707716226577759 51.144676208496094
v 5.7442097663879395 -1.7857648134231567 50.20030212402344
v 6.322606563568115 -2.435375928878784 50.051788330078125
v 5.239508152008057 -5.147913932800293 50.57917022705078
v 5.60133695602417 -4.700976371765137 49.880977630615234
v 4.73325777053833 -4.685661792755127 52.87355422973633
v 6.340224742889404 -2.456388473510742 50.047122955322266
v 6.762250900268555 -2.520171642303467 49.98624038696289
v 7.491913318634033 -2.6304492950439453 49.880977630615234
v 5.016876220703125 -4.944631099700928 53.034305572509766
v 4.717087745666504 -1.2887992858886719 55.00605010986328
v 3.5753631591796875 -2.6567654609680176 55.08473587036133
v 5.17073392868042 -0.7452594637870789 54.974788665771484
v 5.439282417297363 -0.42349568009376526 54.95627975463867
v 5.591854572296143 -0.4434884190559387 54.93378829956055
v 5.733888149261475 -0.46210023760795593 54.9128532409668
v 6.011951446533203 -0.5307881832122803 54.933372497558594
v 6.555009841918945 -0.6649349331855774 54.97344207763672
v 3.653862237930298 -2.922757863998413 55.32028579711914
v 3.7259089946746826 -3.031939744949341 55.3924446105957
v 4.65145206451416 -4.610966205596924 53.24430465698242
v 4.011180877685547 -3.4642488956451416 55.67816162109375
v 4.038164138793945 -3.4756574630737305 55.72195053100586
v 4.217772483825684 -3.5515944957733154 56.013423919677734
v 6.071951389312744 -5.9080095291137695 53.680870056152344
v 5.540555000305176 -5.422796726226807 56.70313262939453
v 4.4501543045043945 -3.64984393119812 56.27848434448242
v 5.723408222198486 -4.812438488006592 57.341033935546875
v 4.707022666931152 -3.758446216583252 56.44050979614258
v 4.286852836608887 -3.580801248550415 56.092220306396484
v 4.329749584197998 -3.598937749862671 56.14114761352539
v 6.134660720825195 -4.36204195022583 57.341033935546875
v 7.335566997528076 -6.284483909606934 50.0345458984375
v 6.056581497192383 -5.893974781036377 53.623600006103516
v 7.064745903015137 -6.81451940536499 57.38003921508789
v 6.497949123382568 -0.6128336191177368 50.944576263427734
v 7.6859941482543945 -1.6976252794265747 52.318965911865234
v 7.089372158050537 -1.1528561115264893 55.02292251586914
v 8.186826705932617 -2.1549301147460938 52.898353576660156
v 9.391817092895508 -4.0325140953063965 50.0345458984375
v 7.928576946258545 -2.696444511413574 49.90497589111328
v 8.948741912841797 -2.8506274223327637 50.6569938659668
v 7.330018043518066 -1.3725873231887817 55.04520797729492
v 8.674381256103516 -2.6001107692718506 55.58191680908203
v 9.605607032775879 -3.450403928756714 56.301334381103516
v 8.314020156860352 -2.271069049835205 52.88208770751953
v 8.654869079589844 -2.5822949409484863 52.75886535644531
v 8.948741912841797 -2.8506274223327637 52.652626037597656
v 9.690496444702148 -3.5279152393341064 50.72267532348633
v 8.948741912841797 -2.8506274223327637 50.79988479614258
v 8.948741912841797 -2.8506274223327637 51.12373352050781
v 11.22109317779541 -4.925487041473389 51.370548248291016
v 11.033918380737305 -5.531899452209473 50.7296142578125
v 8.948741912841797 -2.8506274223327637 51.19118881225586
v 13.743561744689941 -7.228726863861084 54.094703674316406
v 8.948741912841797 -2.8506274223327637 52.595211029052734
v 9.878591537475586 -3.699662685394287 56.51222610473633
v 10.28753662109375 -4.073066234588623 57.04503631591797
v 10.507469177246094 -4.273883819580078 57.33158493041992
v 13.074166297912598 -6.617508888244629 57.12847900390625
v 6.860128879547119 -6.627685546875 50.72267532348633
v 8.390725135803223 -8.02525806427002 51.370548248291016
v 10.91319465637207 -10.328497886657715 54.094703674316406
v 8.977667808532715 -7.78386926651001 50.7296142578125
v 6.259101867675781 -6.078894138336182 53.73838806152344
v 12.594503402709961 -6.179533004760742 52.501617431640625
v 12.511780738830566 -6.881319522857666 51.94670486450195
v 10.455530166625977 -9.133289337158203 51.94670486450195
v 9.764135360717773 -9.279303550720215 52.501617431640625
v 11.694161415100098 -10.264270782470703 53.663978576660156
v 13.750411987304688 -8.012300491333008 53.663978576660156
v 10.243799209594727 -9.717279434204102 57.12847900390625
v 10.596739768981934 -4.355396270751953 57.44789505004883
v 11.484182357788086 -5.16571044921875 57.53371810913086
v 10.768256187438965 -4.890628814697266 57.821834564208984
v 7.358636856079102 -6.305548667907715 58.0672492980957
v 8.298057556152344 -5.276711463928223 58.0672492980957
v 8.653814315795898 -8.265480995178223 57.53371810913086
v 9.068558692932129 -7.866860866546631 58.23261642456055
v 9.577366828918457 -5.817594528198242 58.1607666015625
v 9.664416313171387 -5.854398727416992 58.16712951660156
v 9.688157081604004 -5.864436149597168 58.16886520385742
v 9.888195991516113 -5.8408589363098145 58.178279876708984
v 10.677350044250488 -5.65943717956543 58.21116256713867
v 11.124809265136719 -5.6148905754089355 58.23261642456055
v 10.788557052612305 -5.095308780670166 57.99948501586914
v 10.80391788482666 -5.250184535980225 58.133907318115234
v 10.811738014221191 -5.329028606414795 58.20233917236328
v 12.838737487792969 -7.179860591888428 57.79579162597656
v 10.782486915588379 -9.431830406188965 57.79579162597656
v 12.827153205871582 -11.29879379272461 56.418914794921875
v 11.770739555358887 -11.111513137817383 56.12863540649414
v 14.601106643676758 -8.01174259185791 56.12863540649414
v 14.883403778076172 -9.046823501586914 56.418914794921875
v 2.970864772796631 -3.076439380645752 51.87464904785156
v 2.725475311279297 -3.168163299560547 52.274139404296875
v 2.882718086242676 -2.9959537982940674 52.274139404296875
v 2.7945716381073 -2.9154679775238037 52.67362976074219
v 4.73325777053833 -4.685661792755127 52.87355422973633
v 4.65145206451416 -4.610966205596924 53.24430465698242
v 5.016876220703125 -4.944631099700928 53.034305572509766
v 6.056581497192383 -5.893974781036377 53.623600006103516
v 6.071951389312744 -5.9080095291137695 53.680870056152344
v 6.259101867675781 -6.078894138336182 53.73838806152344
v -2.386324644088745 0.5891773104667664 55.287845611572266
v -2.4854323863983154 0.6156742572784424 55.433284759521484
v -2.4450888633728027 0.6653001308441162 55.44097137451172
v -2.456819772720337 0.4554528594017029 55.47153854370117
v -9.223959922790527 3.8789103031158447 56.6651496887207
v -9.856972694396973 2.3816933631896973 56.6651496887207
v -11.08256721496582 2.8998661041259766 58.02381896972656
v -8.906645774841309 3.5891740322113037 56.41981887817383
v -8.389547348022461 1.7612760066986084 55.70029830932617
v -9.701699256896973 1.692821979522705 57.22075271606445
v -7.975998878479004 2.739410638809204 55.70029830932617
v -8.364299774169922 1.1273785829544067 56.34139633178711
v -6.583720684051514 1.4681363105773926 55.14449691772461
v -6.752425670623779 1.069111943244934 55.14449691772461
v -5.261728286743164 -0.18436746299266815 55.707740783691406
v -10.81507396697998 2.1635494232177734 58.455020904541016
v -6.322159767150879 1.229307770729065 55.12063980102539
v -5.828068256378174 0.7781580090522766 55.07556915283203
v -5.723517894744873 0.6826938390731812 55.06603240966797
v -5.0135297775268555 0.3339184522628784 55.00960159301758
v -6.863950729370117 0.49304136633872986 55.83203125
v -12.254672050476074 3.3954243659973145 60.31939697265625
v -11.06713581085205 6.204212665557861 60.31939697265625
v -10.211564064025879 5.558001518249512 58.443912506103516
v -9.24769401550293 5.999551773071289 58.414451599121094
v -9.180464744567871 6.029763221740723 58.455020904541016
v -9.139284133911133 6.012352466583252 58.40937042236328
v -9.126446723937988 6.006924629211426 58.4084358215332
v -10.112824440002441 5.800736427307129 58.45037078857422
v -10.008740425109863 6.379952907562256 60.02911376953125
v -8.94659423828125 5.307662010192871 61.470115661621094
v -8.534403800964355 5.756613254547119 60.80258560180664
v -9.079362869262695 5.98701810836792 58.405006408691406
v -5.449934005737305 4.452520370483398 60.991600036621094
v -7.674685955047607 5.393130302429199 58.302703857421875
v -7.252552509307861 4.591432571411133 61.81362533569336
v -6.995474338531494 5.105964183807373 61.11464309692383
v -10.197107315063477 5.4125189781188965 58.31769561767578
v -10.189865112304688 5.339641571044922 58.25446701049805
v -10.163446426391602 5.073790073394775 58.02381896972656
v -11.643349647521973 2.5137388706207275 60.02911376953125
v -10.134130477905273 2.498873710632324 61.470115661621094
v -10.169013023376465 1.8903993368148804 60.80258560180664
v -10.011001586914062 4.597550392150879 57.69108581542969
v -9.911211967468262 4.506433486938477 57.561004638671875
v -9.665214538574219 4.281816005706787 57.24034118652344
v -7.084543228149414 0.5863062739372253 60.991600036621094
v -8.440089225769043 1.7826443910598755 61.81362533569336
v -8.630083084106445 1.2397501468658447 61.11464309692383
v -5.43144416809082 4.444703102111816 57.549644470214844
v -5.556750297546387 3.8744590282440186 61.678619384765625
v -6.744287014007568 1.0656708478927612 61.678619384765625
v -5.590376853942871 -0.04541708901524544 60.45976638793945
v -3.9366557598114014 3.812716484069824 56.60500717163086
v -3.1536121368408203 3.4816510677337646 57.42830276489258
v -3.6404216289520264 3.6874709129333496 56.41780090332031
v -3.537003517150879 3.6437463760375977 56.29969024658203
v -3.481618881225586 3.6203300952911377 56.2364387512207
v -5.199461936950684 0.5541865229606628 55.0279655456543
v -4.946616172790527 0.4921844005584717 55.00960159301758
v -4.810862064361572 0.4747089743614197 55.029991149902344
v -3.915994882583618 1.2908267974853516 55.108306884765625
v -2.050729513168335 2.392137289047241 55.30767059326172
v -4.301145553588867 0.8288026452064514 55.081268310546875
v -2.3857643604278564 1.9531519412994385 55.28638458251953
v -2.393933057785034 1.5803847312927246 55.30767059326172
v -4.617114543914795 0.4497680366039276 55.05908966064453
v -3.2382662296295166 -0.4166509807109833 55.30767059326172
v -2.751087188720703 2.6882436275482178 55.19007873535156
v -2.825258731842041 2.9431538581848145 55.416072845458984
v -3.1889333724975586 3.49658465385437 55.78131103515625
v -1.9840973615646362 2.9871881008148193 55.983604431152344
v -2.905306816101074 3.064969539642334 55.496463775634766
v -3.2181150913238525 3.508922576904297 55.82884216308594
v -3.4372470378875732 3.6015701293945312 56.18576431274414
v -1.1474266052246094 2.6334495544433594 56.44195556640625
v -1.5761971473693848 2.8147308826446533 56.659393310546875
v -1.6281362771987915 2.3693652153015137 55.64963150024414
v -1.1474266052246094 2.6334495544433594 56.339927673339844
v -1.466255784034729 2.7682483196258545 57.05888366699219
v -1.3563144207000732 2.7217657566070557 57.4583740234375
v -1.1474264860153198 2.6334495544433594 56.96324920654297
v -2.191120147705078 2.06008243560791 55.30767059326172
v -1.7884987592697144 2.2812678813934326 55.430397033691406
v -2.4450888633728027 0.6653001308441162 55.44097137451172
v -2.4854323863983154 0.6156742572784424 55.433284759521484
v -2.456819772720337 0.4554528594017029 55.47153854370117
v -2.4746017456054688 0.1373663991689682 55.51787567138672
v -4.436386585235596 4.023999214172363 58.053592681884766
v -4.708358287811279 4.138987064361572 58.18616485595703
v -4.463803768157959 4.035591125488281 58.1330680847168
v -3.5250983238220215 3.6387128829956055 57.6093864440918
v -2.5709595680236816 3.235309600830078 59.545467376708984
v -3.044466495513916 3.4355051517486572 57.82490158081055
v -3.9557676315307617 3.8207969665527344 60.45976638793945
v -3.9263744354248047 3.185147285461426 61.098304748535156
v -2.423438549041748 2.549715995788574 60.10601043701172
v -2.763366460800171 1.745711088180542 60.10601043701172
v -2.986257791519165 1.218523621559143 60.10601043701172
v -2.9546852111816406 1.640607476234436 60.18828201293945
v -3.6109752655029297 -0.25907212495803833 60.10601043701172
v -5.113911151885986 0.3763589859008789 61.098304748535156
v -3.1648972034454346 -0.4476708471775055 59.6405143737793
v -1.1474264860153198 2.6334495544433594 57.695987701416016
v -1.3534928560256958 2.7205729484558105 58.27500915527344
v -1.2964292764663696 2.5515928268432617 58.381526947021484
v -1.58115553855896 2.395174741744995 58.99597930908203
v -1.7884987592697144 2.2812678813934326 59.44343185424805
v -1.1474264860153198 2.6334495544433594 57.942626953125
v -1.2062820196151733 2.601116418838501 58.101436614990234
v -3.618706464767456 -0.879025936126709 55.983604431152344
v -3.6108081340789795 -0.882365345954895 58.478572845458984
v -2.7057111263275146 -1.0528113842010498 56.120094299316406
v -2.7889461517333984 -1.2298429012298584 56.33698654174805
v -2.5314857959747314 3.891124940568749e-15 55.518348693847656
v -2.5153112411499023 -0.03611649572849274 55.53083419799805
v -2.487741470336914 -0.09767772257328033 55.5521125793457
v -2.5224905014038086 -0.7192761301994324 55.642662048339844
v -4.205568790435791 -0.6309046149253845 59.545467376708984
v -3.488525390625 -0.9340656995773315 58.79721450805664
v -1.5761971473693848 2.8147308826446533 56.659393310546875
v -3.1536121368408203 3.4816510677337646 57.42830276489258
v -1.3754441738128662 2.9830379486083984 57.05888366699219
v -1.466255784034729 2.7682483196258545 57.05888366699219
v -4.436386585235596 4.023999214172363 58.053592681884766
v -4.708358287811279 4.138987064361572 58.18616485595703
v -4.463803768157959 4.035591125488281 58.1330680847168
v -3.5250983238220215 3.6387128829956055 57.6093864440918
v -3.044466495513916 3.4355051517486572 57.82490158081055
v -1.3563144207000732 2.7217657566070557 57.4583740234375
v 2.6399147510528564 0.5137611627578735 55.11675262451172
v 2.7658097743988037 0.5395816564559937 55.44480514526367
v 2.8004279136657715 0.19104859232902527 54.80316925048828
v 3.2751822471618652 -0.0019051358103752136 55.44282531738281
v 2.8954529762268066 3.1756328218912524e-15 54.61752700805664
v 3.1700756549835205 0.14131055772304535 55.50802230834961
v 2.8587892055511475 0.48121944069862366 55.68708801269531
v 2.921037435531616 0.48064500093460083 55.66249465942383
v 3.401043653488159 -0.17340120673179626 55.3647575378418
v 2.894080638885498 -0.006863746792078018 54.60040283203125
v 2.6600658893585205 -0.602628767490387 54.453182220458984
v 3.2946300506591797 -0.5793569087982178 55.339088439941406
v 2.645308017730713 -0.6401998400688171 54.44389724731445
v 2.484463691711426 -0.9820963144302368 54.668785095214844
v 2.7920291423797607 -1.1831835508346558 55.43641662597656
v 2.4771971702575684 -0.9946815967559814 54.692745208740234
v 2.765721321105957 -1.196382761001587 55.444576263427734
v 2.5675089359283447 -0.8382643461227417 54.39495086669922
v 3.188491106033325 -0.9842687249183655 55.31348419189453
v 2.884582757949829 0.9461624026298523 55.754302978515625
v 2.921037435531616 0.48064500093460083 55.66249465942383
v 2.8587892055511475 0.48121944069862366 55.68708801269531
v 2.9343767166137695 1.0369324684143066 55.88405227661133
v 4.088606357574463 0.4371093511581421 55.19574737548828
v 3.0082335472106934 1.1715670824050903 56.076507568359375
v 3.142726182937622 1.460243582725525 56.426963806152344
v 4.466551780700684 0.9005391001701355 55.87230682373047
v 3.1700756549835205 0.14131055772304535 55.50802230834961
v 3.2751822471618652 -0.0019051358103752136 55.44282531738281
v 3.401043653488159 -0.17340120673179626 55.3647575378418
v 3.6366610527038574 1.2514113187789917 57.714046478271484
v 6.053903102874756 0.22941769659519196 55.6109733581543
v 5.806913375854492 -0.2893792986869812 54.9128532409668
v 3.7917943000793457 1.1232352256774902 58.118289947509766
v 3.8611714839935303 1.1564898490905762 58.07205581665039
v 3.9300575256347656 0.9499906897544861 58.478572845458984
v 5.039989948272705 0.6580933332443237 59.295188903808594
v 4.446402072906494 0.2858356535434723 59.85648727416992
v 3.698909282684326 0.601870596408844 59.080894470214844
v 5.899993419647217 -0.32873281836509705 60.81391525268555
v 6.376142978668213 0.09317684173583984 60.175262451171875
v 7.814629077911377 -0.5150052309036255 60.68724060058594
v 2.9010696411132812 -2.3716788291931152 55.19574737548828
v 2.7920291423797607 -1.1831835508346558 55.43641662597656
v 3.188491106033325 -0.9842687249183655 55.31348419189453
v 2.7243270874023438 -1.9425419569015503 55.33671188354492
v 2.35976505279541 -2.1428189277648926 55.446861267089844
v 2.765721321105957 -1.196382761001587 55.444576263427734
v 2.0533409118652344 -2.3111572265625 55.863319396972656
v 2.012721061706543 -2.33347225189209 55.91852569580078
v 1.7186928987503052 -2.4950006008148193 56.33873748779297
v 2.8319427967071533 -2.965675115585327 55.87230682373047
v 1.7186928987503052 -2.4950006008148193 56.39734649658203
v 1.7186928987503052 -2.4950006008148193 56.73533630371094
v 2.4749257564544678 -2.814730644226074 56.51557540893555
v 1.7186928987503052 -2.4950006008148193 57.121826171875
v 2.3649842739105225 -2.7682480812072754 56.91506576538086
v 2.255042791366577 -2.7217657566070557 57.31455612182617
v 4.038164138793945 -3.4756574630737305 55.72195053100586
v 3.2946300506591797 -0.5793569087982178 55.339088439941406
v 5.17073392868042 -0.7452594637870789 54.974788665771484
v 4.717087745666504 -1.2887992858886719 55.00605010986328
v 3.5753631591796875 -2.6567654609680176 55.08473587036133
v 5.439282417297363 -0.42349568009376526 54.95627975463867
v 5.591854572296143 -0.4434884190559387 54.93378829956055
v 5.733888149261475 -0.46210023760795593 54.9128532409668
v 6.011951446533203 -0.5307881832122803 54.933372497558594
v 6.555009841918945 -0.6649349331855774 54.97344207763672
v 3.653862237930298 -2.922757863998413 55.32028579711914
v 3.7259089946746826 -3.031939744949341 55.3924446105957
v 4.011180877685547 -3.4642488956451416 55.67816162109375
v 3.96756911277771 -3.445810317993164 57.25238800048828
v 4.217772483825684 -3.5515944957733154 56.013423919677734
v 4.286852836608887 -3.580801248550415 56.092220306396484
v 4.329749584197998 -3.598937749862671 56.14114761352539
v 4.4501543045043945 -3.64984393119812 56.27848434448242
v 4.707022666931152 -3.758446216583252 56.44050979614258
v 4.341310977935791 -3.603825807571411 57.4368782043457
v 1.8654251098632812 -2.414391279220581 57.652862548828125
v 2.226562261581421 -2.7097244262695312 58.07205581665039
v 2.0866477489471436 -2.2928595542907715 58.3363037109375
v 2.2426598072052 -2.2071521282196045 58.671775817871094
v 2.35976505279541 -2.1428189277648926 58.923583984375
v 3.2588655948638916 -2.5229525566101074 59.85648727416992
v 2.7632997035980225 -1.9211316108703613 59.196292877197266
v 1.7186928987503052 -2.4950006008148193 57.26219940185547
v 3.405380964279175 -3.208120822906494 59.295188903808594
v 3.471067428588867 -1.532309889793396 59.674598693847656
v 4.712456703186035 -3.1375210285186768 60.81391525268555
v 3.857105255126953 -3.399106740951538 57.653778076171875
v 5.228573799133301 -3.978954553604126 57.94417190551758
v 4.741534233093262 -3.7730371952056885 60.175262451171875
v 5.199564456939697 -3.9666895866394043 57.86053466796875
v 5.474471569061279 -4.082918167114258 57.996238708496094
v 6.134660720825195 -4.36204195022583 57.341033935546875
v 6.180019855499268 -4.381219387054443 60.68724060058594
v 6.286742210388184 -3.8031182289123535 61.37422561645508
v 7.48756742477417 -0.9999483227729797 55.04520797729492
v 7.598773956298828 -0.42374324798583984 55.732635498046875
v 6.647812366485596 -0.7496724128723145 54.98203659057617
v 7.089372158050537 -1.1528561115264893 55.02292251586914
v 7.330018043518066 -1.3725873231887817 55.04520797729492
v 9.043194770812988 -1.0344346761703491 56.22304916381836
v 9.068347930908203 -1.668291687965393 55.58191680908203
v 11.398810386657715 -2.0303728580474854 58.25312423706055
v 8.674381256103516 -2.6001107692718506 55.58191680908203
v 10.484329223632812 -2.266958713531494 56.51222610473633
v 10.32919692993164 -1.578147530555725 57.06795883178711
v 9.605607032775879 -3.450403928756714 56.301334381103516
v 9.878591537475586 -3.699662685394287 56.51222610473633
v 11.666252136230469 -2.7666680812835693 57.821834564208984
v 10.28753662109375 -4.073066234588623 57.04503631591797
v 7.474278926849365 -0.9943299889564514 61.37422561645508
v 8.298057556152344 -5.276711463928223 58.0672492980957
v 9.143982887268066 -5.634362697601318 60.50678634643555
v 7.665836811065674 -5.00941276550293 60.80609130859375
v 9.110270500183105 -1.6860162019729614 61.505088806152344
v 9.300446510314941 -1.1431986093521118 60.80609130859375
v 7.922733783721924 -4.494804382324219 61.505088806152344
v 9.556086540222168 -5.185374736785889 61.174354553222656
v 10.778592109680176 -1.7681487798690796 60.50678634643555
v 10.743623733520508 -2.376586675643921 61.174354553222656
v 12.19406509399414 -2.3666012287139893 59.7642936706543
v 12.805387496948242 -3.248286724090576 60.05457305908203
v 11.617851257324219 -6.057075023651123 60.05457305908203
v 10.507469177246094 -4.273883819580078 57.33158493041992
v 10.768256187438965 -4.890628814697266 57.821834564208984
v 10.596739768981934 -4.355396270751953 57.44789505004883
v 10.788557052612305 -5.095308780670166 57.99948501586914
v 10.80391788482666 -5.250184535980225 58.133907318115234
v 10.811738014221191 -5.329028606414795 58.20233917236328
v 9.577366828918457 -5.817594528198242 58.1607666015625
v 9.764201164245605 -5.896586894989014 58.25312423706055
v 9.664416313171387 -5.854398727416992 58.16712951660156
v 9.688157081604004 -5.864436149597168 58.16886520385742
v 9.888195991516113 -5.8408589363098145 58.178279876708984
v 10.677350044250488 -5.65943717956543 58.21116256713867
v 10.559455871582031 -6.232815265655518 59.7642936706543
v 2.27417254447937 -2.9830379486083984 56.91506576538086
v 2.255042791366577 -2.7217657566070557 57.31455612182617
v 2.3649842739105225 -2.7682480812072754 56.91506576538086
v 2.4749257564544678 -2.814730644226074 56.51557540893555
v 3.96756911277771 -3.445810317993164 57.25238800048828
v 3.857105255126953 -3.399106740951538 57.653778076171875
v 4.341310977935791 -3.603825807571411 57.4368782043457
v 5.228573799133301 -3.978954553604126 57.94417190551758
v 5.199564456939697 -3.9666895866394043 57.86053466796875
v 5.474471569061279 -4.082918167114258 57.996238708496094
v -2.170630931854248 2.071338415145874 54.72579574584961
v -1.7884987592697144 2.2812678813934326 55.430397033691406
v 0.15962469577789307 3.3514957427978516 56.15922927856445
v -1.6281362771987915 2.3693652153015137 55.64963150024414
v -1.1474266052246094 2.6334495544433594 56.339927673339844
v 0.1441672444343567 2.6844496726989746 55.412315368652344
v -1.1474266052246094 2.6334495544433594 56.44195556640625
v -1.1474264860153198 2.6334495544433594 56.96324920654297
v -1.1474264860153198 2.6334495544433594 57.695987701416016
v -2.3857643604278564 1.9531519412994385 55.28638458251953
v -2.393933057785034 1.5803847312927246 55.30767059326172
v -2.4450888633728027 0.6653001308441162 55.44097137451172
v -1.9806760549545288 1.6292864084243774 54.23081588745117
v -1.8120976686477661 1.9518327713012695 54.59197998046875
v -2.191120147705078 2.06008243560791 55.30767059326172
v -1.4929885864257812 2.071338415145874 54.72579574584961
v -1.207481026649475 2.178260326385498 54.84552001953125
v -2.170630931854248 1.0555208921432495 54.72579574584961
v -2.386324644088745 0.5891773104667664 55.287845611572266
v -2.347614288330078 0.5209367275238037 55.186973571777344
v -2.456819772720337 0.4554528594017029 55.47153854370117
v -2.4746017456054688 0.1373663991689682 55.51787567138672
v -1.1474264860153198 2.6334495544433594 57.942626953125
v -2.170630931854248 2.071338415145874 62.23134994506836
v 0.15962469577789307 3.3514957427978516 60.797916412353516
v -2.9546852111816406 1.640607476234436 60.18828201293945
v -2.986257791519165 1.218523621559143 60.10601043701172
v -2.763366460800171 1.745711088180542 60.10601043701172
v -1.2062820196151733 2.601116418838501 58.101436614990234
v -1.2964292764663696 2.5515928268432617 58.381526947021484
v -1.58115553855896 2.395174741744995 58.99597930908203
v -1.7884987592697144 2.2812678813934326 59.44343185424805
v -2.170630931854248 -2.071338415145874 62.23134994506836
v -1.2805525064468384 3.952589886386257e-15 64.55068969726562
v 2.489880323410034 2.071338415145874 62.23134994506836
v -2.170630931854248 -1.055521011352539 54.72579574584961
v -2.170630931854248 -2.071338415145874 54.72579574584961
v -2.487741470336914 -0.09767772257328033 55.5521125793457
v -2.5224905014038086 -0.7192761301994324 55.642662048339844
v -2.082386016845703 -1.3220678567886353 54.495849609375
v -1.9806760549545288 -1.6292864084243774 54.23081588745117
v -1.8120976686477661 -1.9518327713012695 54.59197998046875
v -1.4929885864257812 -2.071338415145874 54.72579574584961
v -2.7057111263275146 -1.0528113842010498 56.120094299316406
v -2.7889461517333984 -1.2298429012298584 56.33698654174805
v -3.6108081340789795 -1.280157446861267 58.478572845458984
v 0.15962469577789307 -3.3514957427978516 56.15922927856445
v -1.1546458005905151 -2.198046922683716 54.86767578125
v 0.1441672444343567 -2.6844496726989746 55.412315368652344
v -3.6108081340789795 -0.882365345954895 58.478572845458984
v -3.488525390625 -0.9340656995773315 58.79721450805664
v -3.1648972034454346 -0.4476708471775055 59.6405143737793
v 0.15962469577789307 -3.3514957427978516 60.797916412353516
v 1.5998018980026245 3.952589886386257e-15 64.55068969726562
v 1.7698218822479248 2.071338415145874 54.72579574584961
v 1.438686490058899 2.196225166320801 54.86563491821289
v 2.489880323410034 2.071338415145874 54.72579574584961
v 2.0704469680786133 1.9579585790634155 54.598838806152344
v 2.0902695655822754 1.9504824876785278 54.59046936035156
v 2.2789762020111084 1.5805344581604004 54.17622756958008
v 2.368530035018921 1.3158529996871948 54.409584045410156
v 2.6399147510528564 0.5137611627578735 55.11675262451172
v 2.7658097743988037 0.5395816564559937 55.44480514526367
v 2.884582757949829 0.9461624026298523 55.754302978515625
v 3.9300575256347656 1.280157446861267 58.478572845458984
v 3.0082335472106934 1.1715670824050903 56.076507568359375
v 2.9343767166137695 1.0369324684143066 55.88405227661133
v 3.142726182937622 1.460243582725525 56.426963806152344
v 2.8587892055511475 0.48121944069862366 55.68708801269531
v 2.489880323410034 -2.071338415145874 62.23134994506836
v 3.6366610527038574 1.2514113187789917 57.714046478271484
v 3.7917943000793457 1.1232352256774902 58.118289947509766
v 3.9300575256347656 0.9499906897544861 58.478572845458984
v 3.698909282684326 0.601870596408844 59.080894470214844
v 1.7698218822479248 -2.071338415145874 54.72579574584961
v 2.489880323410034 -2.071338415145874 54.72579574584961
v 2.2789762020111084 -1.58053457736969 54.17622756958008
v 2.0902695655822754 -1.9504824876785278 54.59046936035156
v 2.4771971702575684 -0.9946815967559814 54.692745208740234
v 2.7243270874023438 -1.9425419569015503 55.33671188354492
v 2.765721321105957 -1.196382761001587 55.444576263427734
v 2.35976505279541 -2.1428189277648926 55.446861267089844
v 2.0533409118652344 -2.3111572265625 55.863319396972656
v 1.5005028247833252 -2.1729114055633545 54.83953094482422
v 2.012721061706543 -2.33347225189209 55.91852569580078
v 1.7186928987503052 -2.4950006008148193 56.33873748779297
v 1.7186928987503052 -2.4950006008148193 56.39734649658203
v 1.7186928987503052 -2.4950006008148193 56.73533630371094
v 2.35976505279541 -2.1428189277648926 58.923583984375
v 2.7632997035980225 -1.9211316108703613 59.196292877197266
v 3.471067428588867 -1.532309889793396 59.674598693847656
v 1.7186928987503052 -2.4950006008148193 57.121826171875
v 1.7186928987503052 -2.4950006008148193 57.26219940185547
v 1.8654251098632812 -2.414391279220581 57.652862548828125
v 2.0866477489471436 -2.2928595542907715 58.3363037109375
v 2.2426598072052 -2.2071521282196045 58.671775817871094
vn 0.7512829154638377 -0.2602520533409295 -0.606500494364173
vn 0.9449111735978332 0.3273268611189213 0
vn 0.7559289418453835 -0.6546536755266245 0
vn 0.15025659303273806 -0.780756136582005 -0.6065004628520373
vn -0.1889822197882842 -0.9819805092790246 0
vn 0 0 -1
vn 0.6010263536171685 0.5205041147576931 -0.6065004441696318
vn -0.1502565714755565 0.780756161600952 -0.6065004359854651
vn 0.18898223415726123 0.9819805065137139 0
vn -0.6010263536171685 -0.5205041147576931 -0.6065004441696318
vn -0.9449111735978332 -0.3273268611189213 0
vn -0.7512829154638377 0.2602520533409295 -0.606500494364173
vn -0.7559289418453835 0.6546536755266245 0
vn -0.6403852167275891 0.3050549357926005 -0.7048746415819843
vn -0.4375985211675181 0.31459176158614954 0.8423417108360028
vn -0.3447080611537971 0.5010162677629671 -0.7938255803464996
vn -0.5930532122874109 0.05932569037071165 0.8029746881799087
vn -0.6145210254047531 -0.048673223608532705 -0.7873975023068366
vn 0 0 -1
vn -0.22157836065588252 0.49102828139736976 0.8424928824369955
vn -0.054887061833797074 0.6929735167227138 -0.718870722428037
vn 0.059276500646158865 0.5925614416923656 0.8033412937790583
vn 0 0 -1
vn 0 0 1
vn 0 0 1
vn 0 0 1
vn -0.49124375558816646 -0.22167562206922792 0.8423416712806359
vn 0 0 -1
vn -0.5051719648912821 -0.3475672971263752 -0.7899356048793771
vn -0.3144537781620473 -0.4374066556640083 0.8424928717683264
vn 0 0 -1
vn 0 0 1
vn 0 0 1
vn -0.2952211004181225 -0.6197415802338396 -0.7271622072118271
vn 0.04726889640708871 -0.5967907793476106 -0.8010033814648522
vn -0.059058926656469946 -0.5903865064655127 0.8049570275273288
vn 0.2546017131751306 0.5344715038214743 -0.8059269068911278
vn 0.314150517905372 0.4369848449657062 0.8428248319609978
vn 0 0 -1
vn 0 0 1
vn 0.5612487722962534 0.3861491631979738 -0.7320441512350555
vn 0.4903658832142994 0.22127943805302613 0.8429571227971189
vn 0 0 1
vn 0.6608815233528013 0.052345194242126115 -0.7486625359470279
vn 0.5921049176446848 -0.05923082737935031 0.8036812027097178
vn 0 0 -1
vn 0 0 1
vn 0 0 1
vn 0.22206577608677933 -0.4921084035289059 0.8417339902054615
vn 0.5289667723538021 -0.25197943467553147 -0.8103706054924503
vn 0.3801555655642277 -0.5525375040700493 -0.7417439265451268
vn 0.43681652236356266 -0.31402955093638496 0.842957156045843
vn -0.6741105435289728 0.7380076179089617 0.03032706730649038
vn -0.9931513933610513 0.11417541214239987 0.024784776115904465
vn -0.9237143222687216 0.3823878394786004 0.02305192084240223
vn -0.3830236972224609 0.9231821013315042 0.03205706080078412
vn -0.06024023386625947 0.9973611018166365 0.04052094281779894
vn -0.9237143640185211 0.3823877375523737 0.02305193864810373
vn -0.9237143326367637 0.3823878139683122 0.023051928551724332
vn -0.9237143536504807 0.38238776306266464 0.023051930938781315
vn -0.9582683940922802 -0.28486802879281525 0.02391424377851809
vn -0.48282626269187234 0.8751342892273295 0.031918268649407965
vn -0.3830238920013259 0.9231820206016511 0.032057058411674014
vn -0.38293802491649354 0.9232177078890628 0.03205515423641203
vn -0.38302359559350574 0.9231821437044744 0.03205705482158471
vn -0.38302293093276485 0.9231824200121885 0.03205703916636313
vn -0.3830237438660331 0.9231820823184465 0.03205705103443672
vn -0.30546284404089513 0.9510823104586615 0.04620486601064652
vn -0.7679296033780149 -0.6398937021036962 0.02863868474128397
vn -0.3667943844808821 -0.92973067129185 0.03259997503828302
vn -0.5475918690728062 -0.8360168399044654 0.03491401325402276
vn -0.9237144053768809 -0.3823876405920366 0.02305188976398071
vn -0.9237143223083836 -0.38238783949501914 0.02305191898074691
vn -0.9237143433617636 -0.3823877886057922 0.023051919506148322
vn -0.3104435594131841 -0.9494108834927569 0.04736845706137593
vn -0.3830239177058783 0.9231820107250149 0.03205703571697071
vn -0.3830240406397637 0.9231819600975604 0.032057024852828186
vn -0.3830237184816663 0.9231820929668153 0.032057047678905784
vn -0.3830236717466112 0.923182111759375 0.032057064888177216
vn -0.9147728750510001 0.37779760645460686 0.1430369030288934
vn -0.9237143230222996 0.38238783979055724 0.02305188547095109
vn -0.9237143221893976 0.38238783944576277 0.023051924565712874
vn -0.9237145478030474 0.382387292575185 0.023051955535955067
vn -0.923714393263713 0.38238766537990226 0.023051963967494257
vn -0.9237143013291292 0.38238788528700457 0.023052000038413078
vn -0.9428740711804381 -0.3323173513074231 0.02353006408077019
vn -0.9767626062475177 0.21293339426580604 0.024375820868220613
vn -0.6349401060277052 0.7719461543496821 0.030825258186484773
vn -0.5559812047909664 0.8135968241512632 0.1701326178313965
vn -0.38302396833737645 0.9231819890975241 0.032057053592417915
vn -0.017848428826499257 -3.678756671007037e-7 0.9998407041065541
vn -0.017850827148654682 0.000007028860072794889 0.9998406612659361
vn -0.017853561701970725 0.000017186181055969172 0.999840612317378
vn -0.017848877580714146 0.000005505405730966558 0.9998406960805303
vn -0.01784120832233342 -0.000004145212548643603 0.9998408329671361
vn -0.017838519518593887 -0.000005864149591964111 0.9998408809340597
vn -0.9237143649307478 -0.3823877379300059 0.023051895830029385
vn -0.9237143721706766 -0.38238771625271545 0.023051965303747302
vn -0.923714352301969 -0.3823877625044246 0.023051994235064207
vn -0.9237143060885663 -0.38238788725725775 0.023051776639764297
vn -0.9237142568263393 -0.38238801587589516 0.023051617085565808
vn -0.3834310401473035 -0.1520648421684485 0.9109648298523064
vn -0.017847891491919645 -1.8576821436987617e-8 0.9998407136985832
vn -0.01785244447359461 -0.0000037508060020700015 0.9998406324071096
vn -0.017848732340839623 -0.000003441116480521857 0.999840698682537
vn -0.0178489297181118 0.000006012174818718327 0.9998406951468678
vn 0.38166535131867657 0.923214560379262 0.04479324844791988
vn 0.7062362837231967 0.7059624003878723 0.053361041888646064
vn 0.9391086250431495 0.33922687710747795 0.054773316655768706
vn 0.9224208736904292 0.3824203073881312 0.05380000257762493
vn 0.3816654996262287 0.9232144990715574 0.04479324836528951
vn 0.40384123820990603 0.9134707697801889 0.049833794540240506
vn 0.9224208927229469 0.38242026076528324 0.053800007661844666
vn 0.9224208214555217 0.38242042965279427 0.05380002908449608
vn 0.9224208836486555 0.3824202817143225 0.05380001433430756
vn 0.9224208725811959 0.38242030692826157 0.05380002486467124
vn 0.9224202070778011 0.38242188236675473 0.05380023663158549
vn 0.9224209353289261 0.38242015921971734 0.053799998970958496
vn 0.922420124253239 0.3824221111586912 0.05380003038631976
vn 0.9224208628078415 0.38242033267871434 0.053800009393480924
vn 0.3816653511913012 -0.9232145600711523 0.04479325588355142
vn 0.3816653258576114 -0.9232145708803787 0.0447932489574213
vn 0.7266612899478745 -0.6848953006349242 0.05368237009938852
vn 0.4311086340772776 -0.9011050678729084 0.046422002087210965
vn 0.9224208729509403 -0.38242030708155145 0.05380001743565581
vn 0.922420873320685 -0.3824203072348414 0.05380001000664038
vn 0.38166347010208135 -0.9232153263615326 0.04479349016103337
vn 0.3816656741590803 -0.9232144291113622 0.04479320315936746
vn 0.38166513057725066 -0.923214650258829 0.04479327682719916
vn 0.3816653769071162 -0.9232145501862545 0.04479324050278699
vn 0.4125350376054697 -0.9093943746895873 0.05307272398123475
vn 0.3816653259212991 -0.9232145710344335 0.04479324523960549
vn 0.9224208020936786 -0.382420481230339 0.05379999442760728
vn 0.9224207308666412 -0.38242065522581864 0.05379997884857266
vn 0.9224208120519087 -0.38242045555653453 0.05380000618428995
vn 0.9224209133788847 -0.38242020972424484 0.05380001631717852
vn 0.9224209131940125 -0.38242020964759993 0.05380002003168616
vn 0.9224209030509161 -0.3824202352447645 0.053800011989511565
vn 0.922420975202237 -0.3824200616324724 0.05380000899600364
vn 0.9224209146729899 0.3824202102607591 0.05379999031562498
vn 0.9555079146003154 0.289652937701983 0.055729712153997094
vn 0.9945329849118613 -0.08683007058013407 0.058005868369956685
vn 0.381665105179869 0.9232146609139953 0.04479327361888492
vn 0.38166564767901956 0.92321443714761 0.04479326315392098
vn -0.017849661504415932 -0.000006273752693726642 0.9998406820813093
vn 0.9224197462699966 0.38242302150056834 0.053800040126109505
vn 0.9224206537236629 0.38242082676863876 0.05380008213377858
vn 0.9224208598498849 0.3824203314523948 0.05380006882560351
vn -0.017827892256019443 0.000008490868622242376 0.9998410704635077
vn 0.9224208602196297 0.38242033160568484 0.053800061396588224
vn 0.9001933974364421 0.37446057971438745 0.22233110770155534
vn -0.017798582476352826 0.000021680764361803082 0.9998415924494125
vn 0.9224208973447475 0.38242026268140444 0.053799914799154955
vn 0.9224208557826892 0.38242032976620316 0.053800150544771136
vn 0.9224208450600527 0.3824203253207766 0.05380036598620786
vn 0.9746763006452123 0.21627400585364384 0.056847720733393996
vn 0.9224215078375424 0.38241880835683434 0.053799785256574535
vn 0.9224210854029575 -0.3824198194790975 0.05379984083251965
vn 0.9224209030509161 -0.3824202352447645 0.053800011989511565
vn 0.6353580189407063 -0.770465413438854 0.051992638538901334
vn 0.9224208787068031 -0.38242033927015917 0.05379968994581223
vn 0.9224209300173335 -0.38242021662226616 0.05379968201148185
vn 0.92242087542868 -0.3824203975157497 0.053799332126742615
vn 0.9224209056142401 -0.3824202065051536 0.053800172326497434
vn 0.9224210351864607 -0.3824197041619719 0.05380152148599882
vn 0.9224208998332347 -0.38242014450380246 0.05380071215640256
vn 0.9224207752708479 -0.3824202316914621 0.05380222803729126
vn 0.9224208921683302 -0.38242026053534844 0.05380001880536733
vn 0.9224208537739748 -0.3824203587357458 0.053799979064260275
vn 0.9185064772956424 -0.38117851735954544 0.10511322024145295
vn -0.01782457487691715 -0.00000841915314384879 0.999841129609887
vn -0.01782981495746175 -0.000007224559807682801 0.9998410361884477
vn -0.017857791480687186 0.000026898034210307356 0.9998405365656705
vn 0.3816516737029422 -0.9232202268127058 0.04479299904716066
vn 0.3816655510578511 -0.9232144793017543 0.044793217603760746
vn -0.01785243888644155 0.000011221625926235996 0.9998406324509327
vn 0.922420786774152 -0.3824205046814374 0.05380009039164559
vn -0.01786106976123373 0.0000013176783992064113 0.9998404783690484
vn 0.9224208725811959 -0.38242030692826157 0.05380002486467124
vn 0.9224208502614029 -0.38242035727949186 0.05380004963990532
vn 0.9224208746147899 -0.3824203077713557 0.053799984005086274
vn 0.9224207223873819 -0.38242068151277725 0.0537999373758293
vn -0.9201466793674553 0.38134341422757145 0.08892293784116888
vn -0.920146699766417 0.38134333327470216 0.08892307392297388
vn -0.9201467053468183 0.3813433057851075 0.08892313406690934
vn -0.9835559964215603 -0.15356722846407958 0.0950510822929065
vn -0.993340910479184 0.06370609260046302 0.09599671522488185
vn -0.9201468472849321 0.3813429575769053 0.08892315861516885
vn -0.9201469413439866 0.381342887549071 0.08892248563239243
vn -0.9201467778399506 0.38134313231264255 0.08892312786187415
vn -0.920146778543348 0.3813431028018338 0.08892324713914211
vn -0.9201468681007279 0.38134291169904705 0.08892313996544657
vn -0.920146750828936 0.381343180722915 0.08892319975733046
vn -0.9201468251509181 0.3813430080083944 0.08892317137729494
vn -0.4663852729181386 0.8800536948513459 0.08938831793678394
vn -0.4341623259112573 0.896506682014305 0.08819775429697178
vn -0.3808474176423815 0.920627220348335 0.0860277026824962
vn -0.042491319544014375 0.9949447283947485 0.09099162160830387
vn 0.3430301264402724 0.9356048745129826 0.08350958712577197
vn -0.3808473916745165 0.9206272296174162 0.08602771844980346
vn -0.38084754094768875 0.9206271706450473 0.08602768870656406
vn -0.38084726788098944 0.9206272781405188 0.08602774721661421
vn -0.38084726812509606 0.920627278730601 0.08602773982117382
vn -0.3808463467620322 0.9206276424233093 0.086027926652414
vn -0.38084736717129 0.9206272424269883 0.08602768984446728
vn -0.9201466556910958 0.3813433993152826 0.08892324678708531
vn -0.9201468048457744 0.38134305919783257 0.08892316196442139
vn -0.9201466783357966 0.3813433541953701 0.08892320596236351
vn -0.9201467618959472 0.38134315550717546 0.08892319337626846
vn -0.920147059788081 0.3813424401971109 0.08892317846243875
vn -0.9201467207749806 0.3813432525744707 0.08892320261311618
vn -0.38084751546803947 0.9206271810942954 0.08602768968299045
vn -0.38084716645057665 0.9206273211176471 0.08602773633143782
vn -0.38084763608817096 0.9206271249000925 0.08602775705690399
vn -0.8398601651515224 0.5347399267569801 0.09321005162318745
vn -0.38084748998838935 0.9206271915435431 0.0860276906594168
vn -0.7196184194542362 0.6878833577467591 0.09468799563424717
vn -0.92014676677294 0.3813431575283832 0.08892313424293716
vn -0.9201467643344441 0.3813431565177795 0.08892316380960293
vn -0.9201467569251768 0.38134318324942484 0.08892312584066715
vn -0.9201467458581655 0.38134320846516384 0.08892313222172991
vn -0.9201467661633161 0.38134315727573237 0.08892314163460363
vn -0.9915405374533742 0.08755217371325975 0.09582264588685047
vn -0.9324669331110824 0.3498355779736683 0.0901137450017557
vn -0.9201467464677894 0.38134320871781474 0.08892312483006361
vn -0.9201467201653563 -0.38134325232181954 0.08892321000478266
vn -0.9201467779337233 -0.38134310254918263 0.08892325453080853
vn -0.9201465396369017 -0.38134328141358226 0.08892495327497887
vn -0.9201468454560595 -0.3813429568189527 0.0889231807901686
vn -0.9201467539708272 -0.3813431522227099 0.08892328946792982
vn -0.9201466924509321 -0.3813433302428906 0.08892316262297072
vn -0.4711983390468559 -0.8774688036336779 0.08955793615959644
vn -0.9201467219942293 -0.381343253079773 0.08892318782978317
vn -0.9201468688041181 -0.38134288218823603 0.08892325924271008
vn -0.9201467103175913 -0.38134327804285967 0.08892320160251153
vn -0.920146691231684 -0.3813433297375884 0.08892317740630333
vn -0.34256085684077386 -0.9354425649775113 0.08717377466193367
vn -0.4496044450502559 -0.8888047802985464 0.08878009635894721
vn -0.9201468589563623 -0.3813429079092836 0.08892325084043971
vn -0.9201468909381271 -0.3813428317567424 0.08892324648058578
vn -0.9201467815914709 -0.3813431040650895 0.08892321018080986
vn -0.9201467397619243 -0.3813432059386536 0.08892320613839223
vn -0.9201468122550372 -0.3813430324661847 0.08892319993335651
vn -0.38084751620035917 -0.9206271828645404 0.08602766749666844
vn -0.3808474642646317 -0.9206272014027083 0.08602769903128389
vn 0.04537051510493446 -0.9948612975019903 0.0905125134540478
vn -0.920146753267433 -0.3813431817335192 0.08892317019066531
vn -0.9201464749764883 -0.3813438753647361 0.08892307524004833
vn 0.381665532063132 0.9232149822815342 0.044783011576636715
vn -0.01890379969282327 0.03339010536731033 -0.9992636024697055
vn 0.3798414717888811 0.9214094162577061 0.0820069749526816
vn 0.3818044729519296 0.9206046623714413 0.08192923808911955
vn 0.3827184206993379 0.9237309854339086 0.015737757359431843
vn 0.38249743096197997 0.923704746076182 -0.02156982577170171
vn 0.9199186371972381 0.38850375201108467 0.053052197037310476
vn -0.005756801923083808 -0.0000036786398124899567 -0.9999834294717519
vn -0.005767791042257937 -0.000006679626921470604 -0.9999833661325951
vn 0.3818049772911593 0.920604120383267 0.08193297778702341
vn 0.8826277399217312 0.4628610686060597 0.08202380075022993
vn 0.9210579448280064 0.3813204489232894 0.0790378232376757
vn 0.9798949454624248 0.1923458147575214 0.05299984341917168
vn -0.005825103384217558 -0.000008939920197587711 -0.9999830339013962
vn 0.9210579973628242 0.3813203267870729 0.07903780027925797
vn 0.9815007826534933 -0.17193720853422342 0.08422475866417915
vn 0.9005522043912028 0.42717665016418793 0.08078265111178438
vn 0.9210578615958885 0.3813206179553827 0.07903797767234433
vn 0.9210578980404567 0.38132051383424737 0.07903805530553938
vn 0.381804011556621 0.9206045085362466 0.08193311675999908
vn 0.3818039858656395 0.9206045184494968 0.0819331250928515
vn 0.9002220356843841 0.4278672803442953 0.08080765359196918
vn 0.9210578709782277 0.3813205920373761 0.07903799337862429
vn 0.9210578310800605 0.3813206896028827 0.07903798761909968
vn 0.9210579816334835 0.3813203202750863 0.07903801499632548
vn 0.9210579642967578 0.3813203675764349 0.0790379888211057
vn 0.9210579012948078 0.3813205151815578 0.07903801088131798
vn 0.9210578814453493 0.381320566568472 0.07903799427683093
vn 0.921057927471486 0.38132044173764357 0.07903806016685397
vn 0.9291140538282081 0.3610959688399789 0.0797293939926224
vn 0.9497990232520982 -0.30205769047556286 0.08150439898514084
vn 0.921057892454862 0.3813205413241186 0.07903798777100064
vn 0.38180410911388585 0.9206044685835709 0.08193311105842911
vn 0.381804083655978 0.9206044790588059 0.08193311199071722
vn 0.921057991558207 0.3813202945816246 0.0790380232985684
vn 0.921057844801533 0.38132066548129007 0.07903794409308448
vn 0.92432841312934 0.3732633697087915 0.07931860762415358
vn 0.9741669073890415 0.20978714044762287 0.08359540807293103
vn 0.9210578675621915 0.3813206204254494 0.07903789622794029
vn 0.9210578570950688 0.38132064589435194 0.07903789532973467
vn -0.005867880352256197 0.00005020899012335827 -0.9999827825813948
vn 0.923383615676253 -0.38239167056465156 0.033753645483487506
vn -0.00581175821956784 0.00002547527348945763 -0.9999831112660892
vn 0.9210579968204338 -0.38132032656252185 0.07903780768329496
vn 0.9218637435222554 -0.3816829658227323 0.06697277043617085
vn 0.9210579542103442 -0.3813204230052794 0.07903783894395429
vn 0.9210581332339532 -0.38131991645259533 0.07903819658982109
vn 0.3816655353049425 -0.9232146324953099 0.044790194316853264
vn 0.1443717917883369 -0.9855024158098227 0.08911663239165027
vn -0.018903317050172355 -0.0333889389671698 -0.9992636505743352
vn 0.38180428909715336 -0.92060387535661 0.08193893766341374
vn 0.38252645989466205 -0.9228667083160847 0.04461553722966831
vn 0.38235232325505764 -0.9222760818618858 0.05668800337768164
vn 0.9067154655147353 -0.41759133930449105 0.05902997487953277
vn 0.8349628655271809 -0.5437917844025133 0.08442457229367203
vn -0.005806115992467262 0.000023377466562842065 -0.9999831440932273
vn 0.9210579415736628 -0.38132044757598244 0.07903786766189765
vn -0.005736035293081906 -0.000001473846736649569 -0.9999835488131513
vn 0.9210580065261224 -0.3813202411737334 0.07903810653938555
vn 0.9210578577991471 -0.38132061638352077 0.07903802950060061
vn 0.921057892454862 -0.3813205413241186 0.07903798777100064
vn 0.9210579554568149 -0.3813203937189987 0.07903796571078879
vn 0.9210577041529295 -0.38132095462857585 0.07903818812249164
vn 0.9210578902852955 -0.38132054042591196 0.07903801738714812
vn 0.9210577061608203 -0.3813209852621719 0.07903801693143893
vn 0.8883571625810615 -0.45183464890122677 0.0816517099835067
vn 0.381804011789693 -0.9206045090982289 0.08193310935943462
vn 0.45980880234205357 -0.8840184917322901 0.08418534055364581
vn 0.9210580664927263 -0.3813201519166173 0.07903783834954231
vn 0.921057904006766 -0.38132051630431596 0.07903797386113313
vn 0.9210580363378534 -0.3813201990370741 0.07903796242175931
vn 0.9210579738783258 -0.38132034686675303 0.07903797707793635
vn 0.3818040377137455 -0.9206044997469601 0.08193309362601799
vn 0.3818039354159617 -0.9206045405239252 0.08193311215629798
vn 0.3818071532624825 -0.9206032868869527 0.08193220301284711
vn 0.38180054176867156 -0.9206058610309984 0.08193408900160551
vn 0.38179468179244685 -0.9206081404711698 0.08193578371639033
vn 0.3818042073703668 -0.9206044303168299 0.08193308315516365
vn 0.9210578935396451 -0.3813205417732218 0.07903797296292682
vn 0.9210579966014006 -0.381320266867197 0.07903809823714178
vn 0.9210581186467928 -0.38131999982044884 0.07903796437006345
vn 0.9210577389034647 -0.38132100394353574 0.07903754523978437
vn 0.921057988846247 -0.3813202934588664 0.0790380603187517
vn 0.9210580059837298 -0.38132024094918165 0.07903811394342226
vn 0.9210579373962121 -0.3813204160441844 0.07903806846909771
vn 0.9210578567143634 -0.3813206159344172 0.07903804430867373
vn 0.9210578776486069 -0.38132056499660993 0.0790380461050882
vn 0.9210578792757825 -0.38132056567026523 0.07903802389297802
vn 0.9210576487443791 -0.3813211053773862 0.07903810652618147
vn 0.7863073231493629 -0.6118299273612064 0.08593563607063269
vn 0.4727122677086475 -0.8771555822025635 0.08450560081219521
vn 0.38180440536080806 -0.920604345091273 0.0819331181278251
vn 0.3818041095800299 -0.9206044697075355 0.08193309625729989
vn 0.92105769802494 -0.38132098189389013 0.07903812799198946
vn 0.9210578024948632 -0.38132064796620396 0.07903852160793395
vn 0.9210578487599578 -0.38132063731776633 0.0790380338397353
vn 0.9210568844164436 -0.38132236143542675 0.07904095355183952
vn -0.7455003424622904 0.28976283111151635 -0.6002222430857145
vn -0.9328069603658483 0.35815521755129787 0.03995015436527538
vn -0.5786328211372272 0.6011976491260901 -0.5511310597199512
vn -0.5965403867057071 -0.8019242222970063 -0.03251320842899131
vn -0.7855443743163121 -0.6179623437594267 -0.03228897141982469
vn -0.4212201797017312 0.5094811871952059 -0.7503349119601226
vn -0.5912447604993399 0.18091283840319766 -0.7859390422182733
vn -0.7386066349495759 -0.5070313237179854 -0.44427409960209396
vn -0.6205729928375702 -0.7541373476818067 -0.2148627966681778
vn -0.5558888827494891 0.6628199714749986 0.5016544980854921
vn 0.35049846974421195 0.9170498901870585 0.19018496684772368
vn 0.5245677866392946 0.8507815660430692 -0.031612720567109426
vn -0.3935636461623789 0.060072759222281225 0.917332502432349
vn -0.14081960599905688 0.3205532955576935 0.9367045549549614
vn -0.6085994626927583 -0.7773173775752739 0.15932478943838335
vn -0.51975703553427 -0.6598288456722857 0.5426587495207337
vn 0.4629188419239981 0.8618660459804112 -0.20710640882849538
vn -0.2509134365933478 0.3956715690268504 -0.8834514456384949
vn -0.41776255370648563 0.0617156633620944 -0.9064577351517346
vn 0.1722215593747116 0.8932247917075943 -0.415318198452063
vn 0.36948352371517046 0.7579937437618282 -0.5375196834730326
vn -0.06468801772770615 0.2701347100150896 -0.9606470209226298
vn 0.5636357052519805 0.8219959711813337 -0.08147033280132465
vn 0.5646425085452961 0.8253355908620886 4.434900245467615e-8
vn 0.5646424807683643 0.8253356098653079 -8.679383841228861e-8
vn 0.5764909909494925 0.8144502536374892 0.06579454159656031
vn 0.5646425491467186 0.8253355630851583 8.8334522010981e-9
vn -0.230337141276361 -0.06677223693655426 -0.9708173204692644
vn -0.5353377518675776 -0.6445487806575675 -0.545866614456509
vn -0.5612457341468154 -0.826783053200574 -0.0378551032535811
vn -0.5586637367142069 -0.8282669943665775 0.04322748342750461
vn 0.1274240613433095 0.13974502687614293 -0.9819543961173363
vn -0.03822022322512798 -0.19780108428759627 -0.9794967818177213
vn 0.034033887307675856 -0.3615928315582178 -0.9317147195791418
vn -0.5246745488756194 -0.8489199508519146 0.06365166775307632
vn 0.5221964213830484 0.839154198803893 0.1520892110721014
vn 0.08236433416506031 0.1698805063010466 0.9820166648466034
vn 0.4675269391944299 0.6960496257332442 0.5449160299019459
vn -0.17624758358576698 -0.10372999413265878 0.978865096730605
vn 0.284090343110526 0.03046806561049562 0.9583132963333537
vn 0.028747869961929618 -0.24488556646077567 0.9691256984064746
vn 0.46644765576983105 -0.09604173988954764 0.8793193780565838
vn 0.21714355029681742 -0.37359946928602467 0.9018160095683013
vn -0.2952229583792626 -0.8077805974866168 0.5102292731409678
vn 0.23100383140707276 -0.03891408369494555 -0.9721743279707787
vn 0.5662876957212216 0.6246542923539856 -0.5377036923050562
vn 0.5646423717885827 0.8253356844223834 1.2958345554590782e-8
vn 0.5646424807683663 0.8253356098653107 -2.4229773391580608e-8
vn -0.33439602692666776 -0.7921015441332196 -0.5106412056987062
vn -0.5135761929128227 -0.8580394109366647 0.0028041670122085816
vn -0.17985448333027854 -0.7631726899950825 -0.6206607850280765
vn 0.3418873149365112 -0.23389831983660433 -0.9101673691487275
vn 0.36335619799555047 -0.20197677342974235 -0.9094930765943899
vn 0.34188628337358967 -0.23389738894360462 -0.9101679958592027
vn 0.34188831717489876 -0.23389921184075713 -0.9101667634448032
vn 0.5646425491467179 0.8253355630851571 -5.676316667038977e-8
vn 0.5646424807683658 0.8253356098653098 -5.3657983944008e-8
vn 0.6216341858549064 0.778253436765525 0.08883989610055076
vn 0.5646424807683661 0.8253356098653104 -3.669292016975559e-8
vn 0.5646424123900124 0.8253356566454564 -2.487739539578289e-8
vn 0.5818004569546315 -0.3980335268787045 0.7092795920988292
vn 0.5818016518388816 -0.39803156183511207 0.7092797147110935
vn 0.38055936252022615 -0.485500166447202 0.7870604550972806
vn 0.5818011007275553 -0.3980325054734411 0.7092796372226827
vn 0.04056651125210804 -0.8946587399223659 0.4449045934190352
vn 0.6434276098686627 0.4889346655166141 -0.5890193576741403
vn 0.6519070364730808 0.5861359325886315 -0.48110485793155355
vn 0.6428327205753371 0.49216832578463904 -0.5869722586733173
vn 0.5646424401669381 0.8253356376422365 -9.33634272234782e-8
vn 0.7424806605936435 0.6140401569717487 0.2677258939111738
vn 0.8065863940148393 0.37567738128993006 0.4563823990660451
vn 0.8065863907359216 0.3756769923325405 0.4563827250363178
vn 0.8065863894653932 0.37567714075238995 0.4563826051081372
vn 0.680012649146666 0.5435839937872642 0.49203581038255795
vn 0.6140967036264148 -0.17805333507477444 0.768883767850461
vn 0.7037491103880549 -0.18071070060589636 0.6870813869655816
vn -0.12363550881189785 -0.923846309586303 0.3622461279635601
vn -0.20435609311381084 -0.770653679695714 -0.6035987849380707
vn -0.0032000008492442723 -0.9929744597403461 0.11828559632487974
vn 0.06853976141669642 -0.9338899906691484 0.3509298882012193
vn 0.6711475928351561 -0.45915738289982794 0.5820097991959897
vn 0.5818290052391067 -0.3980117695826571 0.7092683835729274
vn 0.5166304580286613 0.855959215540498 -0.02065892466685962
vn 0.5696746256436157 0.7889955841383435 0.23012342146769948
vn 0.3363239769800239 0.8259761344843741 -0.45238214793533954
vn 0.5822659040911855 0.6585608018469268 0.47672223275572884
vn 0.33632410517280953 0.8259759777329432 -0.4523823388327817
vn 0.5822659912472472 0.6585630383803573 0.4767190366621542
vn 0.3363239116859519 0.8259758224885206 -0.45238276613137246
vn 0.3363255564587082 0.8259763727939015 -0.45238053855020144
vn 0.33632254519266436 0.8259749392580346 -0.45238539467230193
vn 0.33632296256233707 0.8259753568273988 -0.45238432197319134
vn 0.5822659640416834 0.6585631864238524 0.4767188653765146
vn 0.6654931293800203 0.6600384103240876 -0.34852287104986246
vn 0.6654943123125562 0.6600367323088021 -0.34852379012451473
vn 0.665494740814272 0.6600365646716531 -0.3485232893867894
vn 0.7935073844202507 0.15702903018317985 -0.5879523063567847
vn 0.7518609227799601 -0.1561924678974437 -0.6405537180975324
vn 0.7518621540173391 -0.15619003475780238 -0.6405528662013492
vn 0.6654968376803314 0.6600366348919687 -0.34851915246936527
vn 0.7534298299177111 0.45519080748633717 -0.47449427833231583
vn 0.7518622240862529 -0.15619161645470303 -0.6405523982792821
vn 0.7518613810825517 -0.15619301539000788 -0.6405530466557902
vn 0.6370165386347073 -0.46850657744715324 -0.6121368445001583
vn 0.5756699428136856 -0.5723655209204359 -0.583953617509444
vn 0.2911557817458882 -0.8625982297801221 -0.4137059399333543
vn 0.29115515288341676 -0.8625973863864725 -0.41370814102294495
vn 0.2911540039669974 -0.86259837968413 -0.4137068785266917
vn 0.2001903047497002 0.7619813048056744 -0.6158801287676556
vn 0.3111159474724143 0.7877105401716268 -0.5317132423880996
vn 0.0694400361848092 0.6830011524845402 -0.7271090063253529
vn -0.04728761711311665 0.3824783880593657 -0.922753577037376
vn -0.33966970876872277 0.23238274751404892 -0.9113850709786686
vn 0.464415367051655 0.8854721701341278 0.016043776495415933
vn 0.007169284727204642 0.9945691642775853 0.10383052934799926
vn -0.3180544048763505 0.8372744243936848 0.44476165953797564
vn -0.47629287632143397 0.5974261734773171 0.6451566191319018
vn -0.7061873754103917 0.4831290597612785 0.517576759935341
vn 0.12102035654385437 0.9227810074771247 0.3658268518595942
vn 0.5231956925609313 0.8496468206907118 0.06607985605199826
vn -0.38052451593251135 0.4845436809242446 0.7876664992563235
vn -0.564642549146705 -0.8253355630851383 -2.205374587460823e-7
vn -0.5646424807683623 -0.8253356098653049 1.2162017350041094e-7
vn -0.5646420170722295 -0.8253359270967207 -2.8372902498766547e-8
vn -0.5646425491467111 -0.8253355630851471 1.6445274314949869e-7
vn -0.5646426175250623 -0.8253355163049887 1.5426293742753971e-7
vn -0.7827172827814212 -0.5261061755617401 0.33251458204275525
vn -0.6265161577213042 -0.7778400112852459 0.049420855495452345
vn -0.888796818666856 -0.27418819450278464 0.3672343245435791
vn -0.8878423527453511 -0.3110969647202232 0.3390496058299785
vn -0.8693096018436239 -0.3317902079294051 0.3663551201561706
vn -0.805700172621719 -0.37631624456304374 0.457420283672794
vn -0.8057041732082643 -0.3763129994145867 0.4574159067483165
vn -0.3396710417248111 0.23238041735825296 -0.9113851683245595
vn -0.33967149988752426 0.23237939679105812 -0.9113852577868394
vn -0.2541778336348266 0.020208794231718383 -0.9669463446977843
vn -0.4846631956606769 -0.008931035308654856 -0.8746552597339684
vn -0.33966938244857003 0.23238087099761498 -0.9113856710643398
vn -0.33966913992340175 0.2323789310371753 -0.9113862560921775
vn -0.3396701820348569 0.23237554781008332 -0.9113867303271269
vn -0.3396715908933287 0.23238438977399967 -0.9113839507745136
vn -0.33966785389042525 0.23238576756884602 -0.9113849922315548
vn 0.039558816048247465 0.19669600996569628 -0.9796661572885099
vn -0.6419796869189096 -0.486577684002933 -0.5925404956742116
vn -0.6406226123649583 -0.49372288318878094 -0.5880819527433686
vn -0.5735576194221618 -0.6159768745083128 -0.5400038400546358
vn -0.603912966960198 -0.7867926585843689 -0.1274615264896501
vn -0.1262289015283478 -0.14049040088798542 -0.982002399018088
vn -0.5634320360473697 -0.8218354556779542 -0.08444420966605688
vn -0.6978914013476796 0.4774530740307732 0.5338409444989557
vn -0.5804352874054555 0.39709658208782256 0.7109213610721764
vn -0.7061875434932631 0.4831286947918923 0.5175768712796518
vn -0.5804366642106791 0.3970907150654122 0.7109235140637978
vn -0.7908817612252436 -0.09759656441782065 0.6041365328922716
vn -0.6200524661171272 0.20659458945815545 0.7568709367314121
vn -0.5646425491467144 -0.8253355630851521 1.232072720681574e-7
vn -0.5646425491467174 -0.8253355630851565 6.747711729708352e-8
vn -0.6316413257051741 -0.7684412566618358 0.10260248886546934
vn -0.8057041841916687 -0.37631300454450656 0.45741588318151305
vn -0.5646426581264826 -0.8253354885280643 -3.8570777912280835e-8
vn -0.5646424807683663 -0.8253356098653107 -2.5316269602146222e-8
vn -0.5646424401669388 -0.8253356376422374 8.171702759997032e-8
vn -0.4660231151275584 0.09595561727774427 0.87955385035804
vn -0.6798279947673672 -0.5411543302777286 0.49496049170842243
vn -0.576915556233937 -0.8139365231930646 0.0683796547788366
vn 0.5611467323013486 0.8267768564813202 -0.03942555534656509
vn 0.5347348480281328 0.6424177323448884 -0.5489609270915199
vn 0.23062390285346318 0.06636589822040573 -0.9707771026275985
vn 0.06497148430851135 -0.2702477875060429 -0.9605960855504448
vn 0.5583977800916814 0.8283549101922386 0.044945099277790904
vn 0.6216452706997219 0.7515099035577857 -0.2208846356613277
vn 0.4175562219559867 -0.061785920818523875 -0.9065480138936106
vn 0.5977352996298181 0.8009815997984019 -0.033778519222192285
vn 0.7388351783223028 0.5043053183579052 -0.44698850673074686
vn -0.3675922158923206 -0.7567552931450009 -0.5405528550589639
vn -0.4596713170196897 -0.8621999593043149 -0.2128697030697926
vn 0.2508310029396238 -0.39551498694748044 -0.883544963804467
vn -0.5646424807683649 -0.8253356098653085 7.529284464408131e-8
vn -0.5228333412210144 -0.8517989416884632 -0.03292203283645052
vn 0.4211457272434498 -0.5093062996014168 -0.7504954161158465
vn 0.5909763052118865 -0.1809322409502613 -0.7861364581692062
vn -0.16935984735423906 -0.8926237196596414 -0.4177800105380043
vn 0.5792075938823753 -0.6010429804363826 -0.5506958315233007
vn -0.2169555383268182 0.373393856146434 0.901946407821117
vn 0.29316648434215437 0.8066496141112905 0.5131956863736944
vn -0.028947510313603774 0.24492004926945735 0.9691110416832999
vn -0.2841222268077706 -0.030232220695047045 0.9583113132305386
vn 0.1759972121265724 0.10377383953435526 0.9789054967421382
vn -0.08251075564912871 -0.1695729667420504 0.9820575258876177
vn 0.5187753548199087 0.6579806943221898 0.5458328838855049
vn 0.6098733598337908 0.7751694986299694 0.1648233398484736
vn 0.39378985750045586 -0.0607836209043851 0.9171885845122162
vn -0.46647637947388937 -0.6942278722681845 0.5481308682777511
vn -0.520588876035348 -0.8392291684719613 0.15710386670643603
vn 0.1412344709233319 -0.3206805553422798 0.9365985295997286
vn -0.34554386337995824 -0.91794795326759 0.19486147277564916
vn 0.7456506862311063 -0.2900215002023916 -0.5999104796079449
vn 0.7897166373599235 0.6125488694113628 -0.033638003207626624
vn 0.9326010808421981 -0.3587291189134167 0.03960610124169756
vn 0.5561719539280632 -0.6622959974404138 0.5020326378217334
vn -0.5646423717885592 -0.8253356844223491 -2.884394244998393e-7
vn -0.7907909657466691 0.5410091813036199 -0.28628432412312993
vn -0.4000251857825976 -0.783356898833999 -0.4757434390391298
vn -0.6452527804055025 -0.6148149525319465 0.4534880632630903
vn -0.33489015287028084 -0.826859821652215 -0.4518311862275409
vn -0.5808274649006502 -0.6594868192283107 0.47719659604947906
vn -0.33488723862657815 -0.8268578704611064 -0.45183691688660127
vn -0.580827240270995 -0.6594860600242328 0.4771979186803875
vn -0.33488947773276034 -0.8268590126576414 -0.4518331670989965
vn -0.5145264944007278 -0.857201470358187 -0.021636214443846453
vn -0.5482134803083245 0.6177647095829288 -0.5637630207828053
vn -0.5482132572900633 0.6177653825881837 -0.5637625001781279
vn -0.5482135404210651 0.6177647101554864 -0.5637629617006682
vn -0.7095821050309333 -0.05226566377924258 -0.70268167516279
vn -0.6927597423321125 -0.24010645998666483 -0.6800241372750067
vn -0.69275951589697 -0.240106911174891 -0.680024208642787
vn -0.6434474028383428 0.40198460452376505 -0.6514474787014404
vn -0.692759467547294 -0.24010701938393644 -0.6800242196908517
vn -0.062149916624867095 0.9975177174935034 -0.033102736292840496
vn -0.20522021094894696 0.9607221642274143 -0.186808961723636
vn -0.5482133555647736 0.6177654782069123 -0.5637622998358405
vn -0.028949279309105853 0.9995781173224131 0.0023508716816734443
vn -0.028949273725663294 0.9995781174775461 0.0023508744760060173
vn -0.014412919463779927 0.9997003954993675 0.01978350299969182
vn 0.4774014136801557 0.6453808059618861 0.5962981682951703
vn 0.2654974745486753 0.8977149680536445 0.3515948337799057
vn 0.4774006133049326 0.6453775931070957 0.5963022863710706
vn 0.47740188483606427 0.6453800234212315 0.5962986380361638
vn 0.47740081396171297 0.6453824103232871 0.5962969120111205
vn 0.4774016254457239 0.6453800949635595 0.596298768275273
vn 0.5570088716367979 0.4369074475942912 0.7062952634377092
vn 0.5822668107337177 0.3311032372900769 0.7425200383653063
vn 0.5947377692439666 -0.20757079161821135 0.7766603841459273
vn 0.5947378406935471 -0.2075711980836 0.7766602208001361
vn 0.5947392579050694 -0.20756831751763646 0.7766599054086833
vn -0.6927595568452267 -0.24010633846457086 -0.680024369143299
vn -0.614610917606659 -0.5497704212616233 -0.5656906432534641
vn -0.3431000998771201 -0.9057238078766491 -0.24889095063849406
vn -0.34309983184046655 -0.9057239871769638 -0.24889066765008833
vn -0.34309888057990534 -0.90572327829313 -0.24889455860416343
vn -0.34310018314150553 -0.905723851265964 -0.2488906779616607
vn -0.6767224741011917 -0.3412879145469809 -0.6523566911058203
vn -0.34310016193734943 -0.905723873963604 -0.24889062459427108
vn -0.17193092399180668 -0.9841950531987346 -0.04242469368732769
vn 0.2212980714411956 -0.8938708413584445 0.38990009303096346
vn 0.22129807037436178 -0.8938707774446264 0.389900240162946
vn 0.3257605821647047 -0.7962631207546699 0.5097500226912663
vn -0.3431008423484306 -0.9057233838155977 -0.2488914703026619
vn -0.03759652297750918 -0.9930609257499051 0.11142934626364293
vn 0.221298520602262 -0.8938706115281269 0.3899003649980115
vn 0.22129761927076944 -0.8938711782425275 0.3898995773431987
vn 0.22129857364956193 -0.893870525437009 0.3899005322587223
vn 0.549334946430557 -0.38557726364908196 0.741324011743194
vn 0.5947372311729375 -0.20757256428777163 0.7766603224136965
vn -0.6128964039459955 -0.09534222216400698 -0.7843901189477697
vn -0.1765878251558464 -0.9840261624489063 -0.022566604148763495
vn -0.7952915377698834 -0.06470698820658194 -0.6027639468555227
vn -0.20761478037542178 0.8978842535927596 -0.38820094039020353
vn -0.7787868936123746 0.292866913942533 -0.554725107648252
vn 0.11761072574607835 0.9928266656425516 -0.021515789053016595
vn -0.6020048978784692 0.27652779782162545 -0.7490810903782421
vn -0.3991612873032699 0.2479778429533863 -0.8827101767412575
vn 0.06859199581703071 0.9852472369860839 -0.15678973219290882
vn -0.42828380209606615 -0.8029296238443105 -0.41458051572085697
vn -0.4042634690122469 -0.12737971620380462 -0.905729239630709
vn -0.2119596298995259 -0.9636963589903752 -0.1623651531627095
vn 0.015194779577494016 0.8637686551180614 -0.5036594376253928
vn -0.17336152000828234 0.21530508382622546 -0.9610356415133623
vn -0.17497642335069283 -0.16227424141771027 -0.9711077807554144
vn 0.15050275214844 0.9871147602793193 -0.0543449320033339
vn 0.06509673717975852 0.1801194135480285 -0.981488365530465
vn 0.14943814209799677 0.9887710764814568 1.510007778620957e-9
vn -0.9951669307832082 -0.08835614981559721 0.04284822826317354
vn -0.7886098427589996 0.3600525468651351 0.4984542901807102
vn -0.037437581195740394 0.9882231531534799 0.14836922553415918
vn 0.11745966464833792 0.9869162045041306 0.11045194641952344
vn -0.3813714779698611 -0.9241670008247155 -0.02170599865783917
vn -0.1928022506029723 -0.9745748650110415 0.11415395153536706
vn -0.2627274915430259 0.22791939326219807 0.9375644059809976
vn -0.3762616597527957 -0.12156736371806522 0.9185034237708158
vn -0.0017848820860462422 0.1904823379436629 0.9816890002070183
vn -0.14491303607608702 -0.9889950986015471 0.029814542044565625
vn -0.11547380481041103 -0.1706141799236318 0.9785482113884802
vn -0.18136030724331134 -0.8423788681642739 0.5074507674906884
vn 0.1599837235433288 0.9860909531112446 0.04505375004779064
vn 0.14943814209799677 0.9887710764814568 -9.740339157645155e-9
vn 0.12054242058995762 0.852128615393754 0.5092605891539592
vn 0.24149835185802682 0.15260526585978504 0.9583267599737164
vn 0.13086619957190307 -0.20844894622124976 0.9692383992748417
vn 0.14943808382442797 0.9887710852886439 -2.7149914435298904e-8
vn 0.46506030379374347 0.1173303078312983 0.8774693799213075
vn 0.36003186771100326 -0.24280215443949785 0.9007908569873836
vn 0.0650009656563107 -0.19809493259469052 -0.9780251899332922
vn 0.28496059804878526 0.1466394664376453 -0.9472562084476203
vn 0.149438054687643 0.9887710896922365 1.16735147023749e-8
vn 0.14943808382442794 0.9887710852886437 -3.459437906813402e-8
vn 0.2651440524371522 0.830806202992433 -0.4893461806599706
vn 0.23144212814662035 -0.30968052750286756 -0.9222431958027716
vn 0.4324675086486188 -0.06536029104093333 -0.8992774245572392
vn 0.43246717113914596 -0.06536112854653954 -0.8992775259963007
vn 0.14943812752960464 0.9887710786832534 -3.534127293742325e-8
vn 0.1494380838244279 0.9887710852886434 -3.749716642463833e-8
vn 0.14943809839281724 0.9887710830868272 -2.0365877206060844e-7
vn 0.1494382586451049 0.9887710588669087 -5.752021805727494e-7
vn 0.3431226679911518 0.9296902008433515 -0.13395135373142927
vn 0.14943811296121257 0.988771080885051 -3.4632303688493124e-9
vn 0.14943809839282032 0.9887710830868475 -1.6534951221418012e-8
vn 0.3969952751988791 0.7018565517621926 -0.591432271877559
vn 0.4431307851258874 0.014766366950350357 -0.8963353511274685
vn 0.39699505486392705 0.7018565906490881 -0.5914323736286555
vn 0.149438083824428 0.9887710852886441 8.311765534389207e-9
vn 0.28369653813364804 0.9555803735567298 0.07989007400274703
vn 0.6770816981015195 0.6587514222525676 0.32803496425866285
vn 0.859748025505158 -0.12993826268882025 0.493912320690012
vn 0.8597479576725507 -0.1299382763464463 0.4939124351724628
vn 0.859747815670199 -0.12993801958187254 0.493912749903728
vn 0.3969946207986349 0.7018579248804259 -0.5914310816481415
vn 0.6842575767597584 0.6793609955164649 0.26506641887976107
vn 0.6765595643202901 0.659614261912295 0.32737773505331325
vn 0.8600355953021201 0.20944556521421867 0.4652647956007677
vn 0.8606408355174348 0.20540167669969267 0.46594796216831635
vn 0.8597480683488159 -0.12993790252777385 0.4939123408633993
vn 0.14943808382442797 0.9887710852886439 -2.8265153896508682e-8
vn 0.36456584593746005 0.8098171278554125 0.4596607046593331
vn 0.14943812752960456 0.988771078683253 4.401313081579559e-8
vn 0.6362438724768383 0.056591700111578415 0.769409588070072
vn 0.5629702944930782 -0.2727660007804203 0.7801686717221042
vn 0.1494379818456789 0.9887711007012141 0
vn 0.1494380546876427 0.9887710896922345 -6.580388203536412e-8
vn 0.1494379818456789 0.9887711007012141 0
vn 0.42215520174493865 0.7666203981304259 0.48381623661266004
vn 0.4508465864522632 0.7084165871265886 0.5430315778739375
vn 0.709963641088141 -0.10730008359010815 0.696016034581406
vn 0.7224735799809952 -0.3407058205683122 0.6016240271634083
vn 0.7099632665078301 -0.10730073667910422 0.6960163159852313
vn 0.6766434321136146 0.4491196280909906 0.5834768422490465
vn 0.4631361027756467 0.7071319758127811 0.5342932893916018
vn 0.8597478987269999 -0.1299352664114554 0.4939133296207871
vn 0.8545853332022846 -0.12915731719277285 0.5029933356328944
vn 0.8597457603901995 -0.12994350787676145 0.49391488361028346
vn -0.14658273854417317 -0.9888632959615679 -0.02574650774212714
vn -0.19823278892192558 -0.83622820895672 -0.5112984881077505
vn 0.07000773942752674 -0.8758603081239067 0.4774595659041117
vn 0.04878704161305227 -0.8785431225575435 -0.47516503067617183
vn 0.43246723054734176 -0.06536074108665046 -0.8992775255877999
vn 0.22457552376090664 -0.704662097755321 -0.6730654961551552
vn 0.4324670196556376 -0.06536138149269248 -0.8992775804608591
vn -0.06743752355061676 -0.9975747082653637 0.017230259621802687
vn -0.11653809405240316 -0.9921926988720781 0.04441307171965446
vn 0.1619183157119256 -0.8016294409316915 -0.5754760624635545
vn 0.1658489605510973 -0.7910201193822158 -0.5888813912976583
vn 0.16837482123006306 -0.7839982495009563 -0.5974919784860554
vn 0.8597478625615542 -0.12993920975331139 0.49391235516994686
vn 0.8597481112113895 -0.12993810861371677 0.493912212036044
vn 0.2655411372728664 -0.906927648649392 0.3270629060763658
vn 0.626268031207363 -0.6918633602240885 0.35932359213818205
vn 0.16813810181881497 -0.7846621876680885 -0.5966865424665581
vn 0.3666024876137793 -0.3627540242412824 -0.8567450810901363
vn 0.9512796826748664 -0.1437727038008387 0.27275698885968386
vn 0.7099615522486982 -0.10730077608956162 0.6960180585151485
vn 0.7099628955151805 -0.10730018331625188 0.696016779720144
vn 0.14943814209799652 0.9887710764814552 5.862936065551928e-8
vn -0.04362640224387568 0.888631476707444 -0.4565422605104623
vn 0.11138274443997405 0.9936864307696358 -0.013459626492634597
vn 0.2507760847161236 0.8446186863069683 0.4730017231211132
vn -0.04362481861584031 0.8886338531601554 -0.4565377861891283
vn 0.250776317728655 0.8446176548203557 0.47300344145917067
vn -0.043623369711277574 0.8886359440766942 -0.4565338547248774
vn 0.003280406407551482 0.8821197301162358 -0.47101382216816157
vn 0.2976146260057025 0.8372778070526031 0.4586844320496063
vn 0.9473856918454825 -0.14318330934941384 -0.2862846325079409
vn 0.06262573767571143 0.9952299265425278 0.07480247519118302
vn 0.06262408340186297 0.9952300418596532 0.07480232588702852
vn 0.0626240758757966 0.9952300406600262 0.07480234814860581
vn 0.5738451382094741 0.6390142330808198 -0.5122134001307282
vn 0.5738453412301565 0.6390140812226792 -0.5122133621329888
vn 0.6459804759192155 0.4789073456772824 -0.5944383727414675
vn -0.23987379930874167 0.8779040670451327 0.4144212946637814
vn 0.06262412820924407 0.9952300435107885 0.07480226640648299
vn 0.0626240313127272 0.9952300428915236 0.07480235576690786
vn 0.5173980568356141 0.7342603170694524 -0.43950089597155295
vn 0.12910110071772865 0.9916212203418144 0.004501239971561605
vn 0.06262416545565694 0.9952300434076324 0.07480223659640658
vn 0.6596133129294669 0.4380365024958696 -0.6107653394614
vn 0.6919661774977083 -0.2108394508056294 -0.6904560342144824
vn 0.5738447940858598 0.6390154402115991 -0.5122122796963515
vn 0.6919660471117628 -0.21083913447576386 -0.6904562614807925
vn -0.46297117399049176 0.6147922188653073 0.6385046747491655
vn -0.451704117330714 0.6336784400041644 0.628024700995406
vn 0.0626237848023231 0.9952300327008294 0.07480269772767857
vn -0.4629706800421212 0.6147931297878751 0.6385041558102537
vn -0.46297079524531354 0.6147934820959239 0.6385037330527449
vn -0.604673494599312 0.15796848864327107 0.7806509601126593
vn -0.5757114866070621 0.3103328931842692 0.75647192915307
vn 0.6919657419770376 -0.21084230625617434 -0.6904555987337239
vn 0.5409790361582354 -0.6463856201523985 -0.5380774224008158
vn 0.41869331258084347 -0.8075770304008074 -0.4153495515455549
vn 0.3151421507953834 -0.8964344748236796 -0.3115937373241853
vn 0.10723971832504633 -0.9912290214627313 -0.0772312749059678
vn 0.3151424551038485 -0.896434313888358 -0.3115938925502673
vn -0.13275657515625972 -0.9731635393715753 0.18795855232090067
vn -0.2556447305863 -0.9117276380104189 0.3215563493563774
vn -0.2556445913132234 -0.9117276727417927 0.32155636160575246
vn 0.3151423338217004 -0.8964343675966808 -0.31159386069842726
vn 0.6919660025532888 -0.210840793089174 -0.6904557996569729
vn 0.6919661633574651 -0.2108405193807376 -0.6904557220818804
vn 0.3151423381887799 -0.8964344992282961 -0.31159347758613704
vn -0.4782426059042845 -0.6466201543533218 0.5942780375228127
vn -0.5613531499598482 -0.4486295604280083 0.695423725896901
vn -0.6096208151912923 -0.24597491551363584 0.7535640667014079
vn -0.6096208789283379 -0.245975289710047 0.7535638929956101
vn -0.609621161707983 -0.24597446399557413 0.7535639337573816
vn -0.6096206335632901 -0.24597537631419164 0.7535640632228853
vn -0.25564598963070256 -0.9117268297471499 0.3215576400973085
vn -0.25564401872481185 -0.9117280673480785 0.3215556979746521
vn -0.25564745345588574 -0.9117260078049412 0.3215588068045798
vn -0.39897939430962803 0.9096475213510942 -0.11557175180870623
vn -0.43024613782217513 0.0650275786508834 -0.9003664114702997
vn -0.5686169692432789 0.08593924831235393 -0.818100964360815
vn -0.8585748807676631 0.12975001539448536 0.495998092355126
vn -0.16116903122725537 0.8004929125542944 -0.5772656583615647
vn -0.058810480551483676 0.8698903412817243 -0.4897265783292435
vn 0.06115948394178643 0.9980888938815738 0.00883614362892922
vn -0.7193862177843235 0.3462330986430667 0.6021678429358265
vn -0.8585737420916713 0.12975904456314025 0.49599770135028365
vn -0.8585736546047055 0.12976105200590712 0.4959973276148172
vn -0.8585735549423089 0.12976075693691513 0.4959975773256207
vn -0.21720846053289566 0.7143088001533037 -0.6652694361658872
vn -0.22079450277399312 0.3140495772336925 -0.9233756822572945
vn -0.4302463790076078 0.06502590268844818 -0.9003664172604364
vn -0.4302466511000838 0.06502481548881718 -0.9003663657577442
vn -0.43024621187221535 0.06502584484885597 -0.9003665013044972
vn -0.16050675849162527 0.8013999630790238 -0.5761906625896069
vn -0.26878848231940566 0.9045687169781805 0.33092021400464344
vn 0.14649655081314442 0.9888475046853522 -0.02682113117309905
vn 0.11530505956506779 0.9922570664251612 0.0461590442711883
vn -0.06378518773708858 0.1977823669625257 -0.9781684850495058
vn -0.8585732692631044 0.12976034157001368 0.4959981805032134
vn -0.5622018025517311 0.2726011894545402 0.7807802025637907
vn -0.35985329015630885 0.24272323651392408 0.9008834774930023
vn 0.14472412009693836 0.9889857471430452 0.031018075537978265
vn -0.07188290368228313 0.8735734833294697 0.48135456514072894
vn 0.19859193389951688 0.833599989872367 -0.5154340895544643
vn 0.175279055704417 0.1620918406232313 -0.9710836667531489
vn 0.21383468992889382 0.9624013984535076 -0.1675060406007696
vn 0.1776538033321269 0.98381327979531 -0.023463943829312658
vn -0.13100549321507518 0.208408366523069 0.9692283082487122
vn 0.11530464678666427 0.17056448448555192 0.9785768212366265
vn 0.1813599032854475 0.8398391066779561 0.5116432940776864
vn 0.19439887830425198 0.9737545762707236 0.11836849794549344
vn -0.39582690843052104 -0.7011699720173787 -0.593027595397958
vn -0.4475715655091629 -0.43547730652087707 -0.7810500683394114
vn -0.2891075606931727 -0.14030118266311037 -0.9469595537790282
vn -0.44821987558194526 -0.7298344536881242 -0.5161788579001108
vn -0.34230891326273827 -0.9318774466723998 -0.1201209069405146
vn -0.6758847889933924 -0.6594939287738265 0.32900989334337705
vn -0.3958281649950735 -0.7011698614294981 -0.593026887433927
vn -0.8321298571454446 -0.3358557309285949 0.4413171522267416
vn -0.8639519638265853 0.08934168339298823 0.49558558071103476
vn -0.1494381275296047 -0.9887710786832539 1.7668046540445777e-8
vn -0.1494380838244277 -0.9887710852886421 -6.597063191225622e-8
vn -0.8585735040405854 0.1297605049324911 0.4959977313649082
vn -0.8585732729553659 0.1297608785698554 0.49599803362462
vn -0.8585733301256714 0.12976050567290495 0.49599803221830097
vn -0.8585730985595228 0.12976065572016338 0.49599839380483174
vn -0.8585732455853762 0.12976191751454763 0.49599780919671516
vn -0.675989052052378 -0.6593200165948893 0.3291442194884216
vn -0.14943812752960461 -0.9887710786832532 -3.886434276513724e-8
vn -0.18620136548782185 -0.9822694152121239 0.021813927415821107
vn -0.4302451077925924 0.06502576268183273 -0.9003670348297891
vn -0.4302470083465304 0.06502328806215071 -0.9003663053549079
vn -0.4302474617191833 0.06502588182206812 -0.9003659013853548
vn -0.06408184197847143 -0.180217911786177 -0.9815370710269051
vn -0.2648448336376589 -0.828054424452273 -0.4941488482638158
vn -0.15048125501038698 -0.9869911745981355 -0.056602236315286984
vn -0.14943811296121232 -0.9887710808850492 -5.962785820139886e-8
vn -0.14943811296121257 -0.988771080885051 4.512744399995542e-9
vn -0.14943808382442786 -0.9887710852886432 4.190220455592892e-8
vn -0.14943811296121243 -0.9887710808850498 -4.9543604769976616e-8
vn 0.17357595489826866 -0.21528378407964568 -0.9610017066548336
vn -0.14943811296121254 -0.9887710808850507 1.9506664726250853e-8
vn -0.14943814209799677 -0.9887710764814568 2.4034678582595638e-9
vn -0.85857498847124 0.12975639135271874 0.49599623796429154
vn -0.808271172951268 0.12215821494693477 0.5759992026877816
vn -0.7087896997375374 0.1071236272774357 0.6972386177091002
vn -0.7087874261078501 0.1071235961672989 0.6972409337779837
vn -0.7087888196964481 0.10712276513030229 0.6972396447880415
vn -0.7087891834479664 0.10712264684650688 0.6972392931840284
vn -0.632268543743275 -0.015126090394660821 0.7746016330876992
vn -0.7240792457727616 -0.12734147809284635 0.6778594203802717
vn -0.4517935033859143 -0.7083466234026523 0.5423354049039605
vn -0.14943812752960434 -0.9887710786832514 -7.106849137173628e-8
vn -0.1494379527088926 -0.9887711051048038 0
vn -0.1494379527088926 -0.9887711051048038 0
vn -0.1494381275296047 -0.9887710786832539 -1.5810483552429795e-8
vn -0.14943814209799677 -0.9887710764814568 -1.6153405650798557e-8
vn -0.3637444956546909 -0.8089712225579713 0.4617959538085796
vn -0.45051403211480046 -0.7084740741237289 0.5432325405958206
vn -0.4241321949232379 -0.7624902072146653 0.48859038583596115
vn -0.14943812752960464 -0.9887710786832534 3.68921532468968e-8
vn -0.16024216736882746 -0.985998554141682 0.04614432822626695
vn -0.4647670293834465 -0.11724126100859164 0.8776366532427882
vn -0.24159553954668475 -0.1524580438476275 0.9583256962730892
vn 0.4041490263938344 0.12726603470912512 -0.9057962910469063
vn -0.013796736129564289 -0.8614179269291382 -0.507709370838551
vn -0.06599299662582266 -0.9846270759386855 -0.1617233617161668
vn 0.39905955538668475 -0.24790150889936785 -0.8827776125049832
vn -0.11625987956966058 -0.9929659298768821 -0.022412106241649576
vn 0.43028002465276644 0.800038506999855 -0.418087894709064
vn 0.6127330119954605 0.09524496730510328 -0.7845295738300886
vn 0.601905400638273 -0.2764400519355435 -0.7491934238688659
vn 0.7954805641221115 0.064582043596539 -0.6025278680267513
vn 0.21069781285566863 -0.8957670247395705 -0.39141776792457394
vn 0.7791396950513011 -0.2925671925692374 -0.5543877464622755
vn -0.14943814209799677 -0.9887710764814568 -1.6467156452489945e-8
vn 0.0016007050946437577 -0.1903288820314046 0.981719081207998
vn -0.12022872856565321 -0.8496214039978374 0.513506107749684
vn -0.11630863845038494 -0.9866056568399255 0.11437472847301919
vn 0.3766621887281448 0.12114749655839288 0.9183947297650165
vn 0.26305324167425154 -0.2278713016333535 0.9374847529088615
vn 0.04221529528627644 -0.9873920714247097 0.1525606965489919
vn 0.38729679910658693 0.9216767031085784 -0.022654896792818992
vn 0.9952220267861395 0.08786809397774906 0.042571298552029534
vn 0.7886339667451147 -0.3595754614274241 0.4987604174702723
vn -0.05345566102963184 -0.8727531277566791 -0.4852262052845241
vn -0.1494381566663879 -0.988771074279654 1.0437571447563848e-7
vn -0.34682544385919384 -0.8271709518388203 0.4421541902164144
vn 0.04475267339229074 -0.8887657141124047 -0.45617179180930356
vn -0.24963824231673923 -0.8447705433069216 0.4733323115253571
vn 0.04475365636871116 -0.8887642140619273 -0.4561746179310246
vn -0.24963821437167522 -0.8447705495918446 0.47333231504685436
vn 0.04475469761297259 -0.8887626874649547 -0.4561774900317228
vn -0.10975898324881785 -0.9938585404526177 -0.01407718599643783
vn -0.7610841498126825 0.0626888507284195 -0.6456167786684731
vn -0.7753584021134701 -0.29233155530198357 -0.5597871113617834
vn -0.7753580423161075 -0.29233194191422956 -0.5597874078187083
vn -0.6897638245158014 0.3094409914762547 -0.6545778327926537
vn -0.5594965233781426 0.5558806671982571 -0.6147847787339826
vn -0.7753585975178132 -0.29233052580549423 -0.559787378329927
vn -0.7753591053160478 -0.29232845131603225 -0.5597877583108333
vn -0.6302534839307395 -0.7218364364285805 -0.2858893230557115
vn -0.27447954366443494 0.8592199258127905 -0.4317430939760663
vn 0.04976682075654092 0.9834007189253549 -0.17448865169082434
vn -0.3996821689654901 0.7557422012939856 -0.5187560977900525
vn -0.5594957952057958 0.5558828001322771 -0.6147835128434507
vn -0.559496886175567 0.5558804935204631 -0.6147846056004419
vn 0.049766873417125615 0.9834008481435501 -0.1744879084086635
vn 0.049767088619671176 0.9834008906696208 -0.1744876073551315
vn -0.5792853298114067 -0.7847628081276027 -0.22039927777778556
vn -0.43281508441634325 -0.8997921545026806 -0.0551831622607649
vn -0.43281510561066827 -0.8997921366072587 -0.05518328782313077
vn -0.43281512894039886 -0.8997921231511967 -0.05518332425078741
vn -0.45771157824689646 0.7342398776040362 0.5013899812269338
vn -0.48866736585479414 0.6761103230459395 -0.5514336194132998
vn -0.8739003574241088 0.4844408352789871 0.0401900784797977
vn -0.6976935878196631 0.39076510154096245 -0.6004384172694212
vn -0.560400025861309 0.2616583782951173 -0.7858032222399024
vn -0.703971073623034 -0.7094085668367863 -0.0341205627241077
vn -0.8022317179772899 -0.40099247737565985 -0.44230001555430326
vn -0.8616728379178177 -0.5064943546001731 -0.0313590362225726
vn -0.3812437421306181 0.11389283287364577 0.9174320856097516
vn -0.7110128238631814 -0.6849831184625789 0.15893046191144564
vn 0.6392341249343695 0.7683985821181759 -0.030714044314742426
vn 0.4784220694830915 0.8580122481976704 0.18688848379259473
vn -0.09443795859192518 0.33693975845953517 0.9367780266136798
vn 0.29730388518979095 0.8605857490575906 -0.41352456803682347
vn 0.6352766086306688 0.7578535592627302 0.1485988332374369
vn -0.34603792311426296 0.5634015183384349 -0.7502242897298872
vn -0.19328701545878493 0.4269278358481815 -0.8833870910495714
vn -0.405211544092104 0.11937982766235733 -0.9063950911615742
vn -0.7200727596974296 -0.658960175874862 -0.21740907835851556
vn -0.250419496049092 -0.05263173922416015 -0.9667057339360094
vn -0.6742878993168305 -0.73846856997092 -7.091854935804182e-9
vn -0.6742879289963865 -0.7384685428708159 1.349884853700527e-7
vn -0.6742880858690888 -0.7384683996318703 3.7997454677226525e-7
vn 0.5808664079835894 0.788264945930924 -0.2030580978261146
vn 0.4731208628074075 0.6997177521018251 -0.5353052555037574
vn 0.6730678189134909 0.7355415342640895 -0.07719043020650677
vn -0.02617781767930958 0.27641474908900804 -0.9606818455386829
vn 0.14886884523777658 0.12365950008995685 -0.9810944882910478
vn 0.6742879289963909 0.7384685428708208 6.937406169056038e-8
vn 0.6842591082052503 0.7264238506315239 0.06401454578316458
vn 0.6742878668122805 0.7384685996504812 -4.3588678279453074e-8
vn -0.6648993970580774 -0.5702068108803044 -0.48246552686955557
vn -0.6742878371326557 -0.7384686267505043 4.3516051789812535e-7
vn -0.6742878993168305 -0.73846856997092 0
vn -0.674287866812281 -0.7384685996504818 0
vn -0.6742882724189875 -0.7384682292902277 -0.0000026782538480658248
vn -0.6742879615009278 -0.7384685131912501 -1.6754520639300229e-7
vn -0.6742878668122788 -0.7384685996504794 -8.057984635564888e-8
vn -0.5615496734302482 -0.5563786127770736 -0.6124580014291926
vn -0.5080809540540557 -0.4885474690823317 -0.7093483732135915
vn 0.04527393741656982 -0.041339706749700215 -0.9981188803126857
vn -0.6742877424440447 -0.7384687132097828 3.171075874702883e-8
vn -0.6742877424440449 -0.738468713209783 2.8135696690870522e-8
vn -0.6742878046281651 -0.7384686564301352 1.6973160871414768e-8
vn -0.6742878371327196 -0.7384686267505741 2.0031924014190117e-8
vn -0.6742879289963908 -0.7384685428708206 7.265006877865838e-8
vn -0.6742878668122809 -0.7384685996504816 1.4436104995553543e-8
vn -0.6742879615009373 -0.7384685131912604 -7.897008224395942e-9
vn -0.201988895654684 0.020398879917335407 0.9791753529017768
vn 0.1162166915999604 0.20123146864254518 0.9726250956157383
vn -0.6177092022256241 -0.5741885144289499 0.5373480170091435
vn -0.6742879289963921 -0.7384685428708221 -3.569860213712522e-8
vn 0.05241163182469074 -0.04785651811765762 0.9974782075429655
vn 0.052410901183437754 -0.04785626808095326 0.9974782579297174
vn -0.48633051646839315 -0.5996808499490631 0.6355041360651836
vn -0.4863307436475416 -0.5996813129271854 0.6355035253318083
vn -0.16979338414807693 -0.28548795297731805 0.9432215197949867
vn -0.48633158623100564 -0.5996804288681231 0.6355037147543495
vn 0.5610256196328707 0.62519234432914 0.5425723792341328
vn 0.37952175547130423 0.1454210423130409 0.9136826350416037
vn 0.05240051940655086 -0.04785248746584055 0.9974789847456713
vn 0.05241219759724272 -0.047856085553383304 0.9974781985680364
vn 0.0524130875467158 -0.0478565098758963 0.9974781314476617
vn 0.11362257803403925 -0.10374716855200958 0.9880923209793403
vn 0.26062070610441984 -0.23797004763973015 0.9356533032998806
vn -0.5538759166018211 -0.6601361554222428 0.507387155250143
vn 0.6742879289963926 0.7384685428708225 -2.544251528111132e-9
vn 0.6742878993168302 0.7384685699709197 2.8986458770856518e-8
vn 0.7229464170134862 0.6859424820362099 0.08265221996635354
vn 0.7494704864317857 0.4456055546169455 0.4896219762860192
vn 0.31315913331930617 -0.0277257855594443 -0.9492958643298792
vn 0.1266520339996553 -0.11564365199418232 -0.985183134263472
vn 0.12665258250051015 -0.1156432396171786 -0.9851831121557025
vn 0.12665310499120064 -0.1156471743911982 -0.9851825831039746
vn 0.6650579012331971 0.5280165105357281 -0.5281065731544801
vn 0.6742879289963912 0.7384685428708211 6.313786955600301e-8
vn 0.6742879289963922 0.7384685428708223 2.4334748047199903e-8
vn -0.6742879289963815 -0.7384685428708104 1.8129368954278895e-7
vn -0.6464918440426211 -0.7588303901889326 -0.07889698671105003
vn -0.5546578638814676 -0.8318354298302357 0.02011148213320484
vn -0.3016044760960468 -0.7286708867517745 -0.6148767996917851
vn 0.12665225660066806 -0.11564499226194552 -0.9851829483211193
vn 0.15020234526777945 -0.1371482131156789 -0.9790963298446353
vn 0.30729522879566334 -0.28058674546607565 -0.9093078250120673
vn 0.3072944269301153 -0.28058740367120416 -0.9093078928936803
vn 0.30729329012679163 -0.28058656526612447 -0.9093085357760645
vn 0.30729487838552216 -0.2805853215449909 -0.9093083828116405
vn 0.3072945100824978 -0.2805889178786126 -0.9093073975487425
vn 0.30729546230663146 -0.2805880820894825 -0.9093073336529842
vn -0.3212989546942739 -0.7469438263833389 -0.5821012815139502
vn -0.28547241741342577 -0.7322698096359755 -0.6182931544112606
vn 0.0900504052364279 -0.9614130692582941 -0.2599535242617457
vn 0.3072965510342549 -0.28058577197526086 -0.9093076785596272
vn 0.42667214018020955 -0.7197819510000746 0.5475991488384234
vn 0.6336994178780055 -0.578624487620588 0.513438165806642
vn 0.6336992576157027 -0.5786243853506057 0.5134384788608474
vn 0.6742879615009364 0.7384685131912594 4.8307731969721344e-8
vn 0.6742879911804992 0.738468486091157 4.107406070470521e-8
vn 0.6236447000345987 0.19959994844834617 0.7557957056626964
vn 0.7539377456894267 0.28271917425037324 0.5929989410917462
vn 0.7791877959435719 0.3292866934462937 0.533326028027702
vn 0.387953046261509 -0.3542358309154719 0.8508874249817308
vn 0.7662978376011098 0.34015403102086594 0.5450530793125739
vn 0.7662942865157673 0.34014888974655466 0.5450612802772524
vn 0.8516604452686232 0.2589283034611314 0.45566503007317855
vn 0.8516591267306703 0.2589282416566164 0.45566752959692514
vn 0.8516594277884584 0.25892913664889056 0.45566645833690217
vn -0.27788373791300985 -0.906047283408681 0.31915348726160403
vn -0.28398722346244337 -0.8786359409571388 0.38386213692998616
vn -0.18064044294304346 -0.8716288150264481 0.45566680720558433
vn -0.18064317323523416 -0.8716287121247381 0.45566592166111736
vn -0.18064059253777437 -0.8716292350726363 0.45566594440916114
vn 0.03206437478082006 -0.8167542281453084 0.5760940953322439
vn 0.5214091723410037 -0.4760933984466224 0.7081437360834418
vn 0.5214079021582013 -0.47609305374237165 0.7081449030708664
vn 0.7177151506932342 -0.3491426440085302 0.6024818475274758
vn 0.6742879289963909 0.7384685428708208 6.98772609608719e-8
vn 0.6960317016794874 0.329226082295841 -0.6380831113525018
vn 0.30729592527825067 -0.28058607008320646 -0.9093077980434598
vn 0.674287866812278 0.7384685996504785 -9.45842317950407e-8
vn 0.706956137583368 0.3852772357111395 -0.5931057841363456
vn 0.7262738300769109 0.47615804964838776 -0.4957820443505973
vn 0.8813371820645179 0.3471975390483078 0.32046628588569775
vn 0.9176957100271982 0.22166525042574495 0.3296954663797613
vn 0.9228052622791034 0.17164680595893145 0.3449171232544015
vn 0.3072958572166408 -0.28058603255898984 -0.9093078326234165
vn 0.30729618101904443 -0.28058590967625263 -0.9093077611140579
vn 0.5214089105223928 -0.47609346648725615 0.7081438831169831
vn 0.6672378788726975 -0.2861407701604714 0.6876896630380855
vn 0.9248247240196344 0.1724746393730009 0.33904531941196325
vn 0.6336995329267678 -0.5786243646123647 0.5134381624356856
vn 0.6336998254729118 -0.578623942378797 0.5134382772073188
vn 0.30729573527399173 -0.280585612830702 -0.9093080033491601
vn 0.6336998451700268 -0.5786234835268372 0.5134387700035439
vn 0.30729284038415927 -0.2805868906191874 -0.9093085873680573
vn 0.7327053300025942 -0.6690254582049109 0.12469096061663222
vn 0.6323218445894074 0.7744475725889062 -0.02000105412722798
vn 0.6742878371327012 0.7384686267505541 -2.335447042765984e-7
vn 0.44918097117484396 0.770225662149998 -0.4527569817242146
vn 0.6693542528634215 0.5701080500174159 0.4763839790326604
vn 0.44918235218325425 0.7702261648103168 -0.45275475649484875
vn 0.6693538317346878 0.5701054836992052 0.4763876419452824
vn 0.449180702595055 0.7702253635113814 -0.4527577562228757
vn 0.5534952280110159 0.6705638166855638 -0.49395060514298705
vn 0.7707254729277804 0.46977408761341755 0.4304585368966801
vn 0.12641102269882742 0.9579496530913112 0.25759020843672065
vn -0.16605494525987083 0.8498089113687939 0.5002505065593905
vn 0.1264095875703342 0.9579497969169926 0.2575903778424006
vn 0.5808117435957062 0.7878095570393111 -0.2049727307200643
vn 0.3512666899011547 0.9348214475018619 0.052159120548660384
vn 0.6709315222672388 0.6632380526948162 -0.3316114863597969
vn 0.6709317461954671 0.6632376211381207 -0.33161189643037253
vn 0.1264114206626128 0.9579497392029962 0.25758969289738926
vn -0.32306447759349816 0.7277025610632389 0.6050440694191153
vn -0.4912584358075837 0.5304418135012186 0.6908665802725042
vn -0.4912696960752541 0.5304480069746048 0.6908538178332642
vn 0.7914651144009077 0.21499134892842234 -0.5721553045915904
vn 0.6709302504880882 0.6632407150524007 -0.33160873462074447
vn 0.7521884085912699 -0.12143718094613748 -0.6476616470540679
vn 0.7463111967469472 -0.14350502366085252 -0.6499430019580469
vn 0.6306855077655461 -0.4506621953355041 -0.6317747826479776
vn 0.7463109607412793 -0.14350462179346332 -0.6499433616872657
vn 0.5251035083689709 -0.6166676866514295 -0.5865042793864103
vn 0.2784681100807758 -0.8523597361948643 -0.44264928756506833
vn 0.27846810124698707 -0.8523599475742033 -0.4426488860928029
vn 0.026576110875655208 -0.9700830499408991 -0.24131428997903911
vn -0.14521603187261958 -0.9853491715963644 -0.089438884840593
vn -0.3626068602608802 -0.9240797936854481 0.12080066139722097
vn -0.36260659264828937 -0.9240798548403484 0.12080099687601241
vn -0.3626060699953294 -0.9240801716588445 0.12080014217501081
vn 0.7463116154411263 -0.1435017605875617 -0.6499432416495508
vn 0.27846843085296497 -0.8523597146053242 -0.44264912734152967
vn -0.7313368878326507 0.6677761639060952 -0.1386410884770918
vn -0.4277306592951174 0.8898355564211061 0.1588683909017295
vn -0.30533323220635616 0.2787949491139887 -0.9105190792393907
vn -0.3053311363892653 0.2787975331005791 -0.9105189908443817
vn -0.20137432618311402 0.33678270056453175 -0.9197966043396539
vn -0.6326309534587816 0.5776500189924071 0.5158473924368567
vn -0.42952567464281743 0.7155971547981179 0.5508433596472512
vn 0.5561586688279659 0.8308252796578237 0.020417878660718036
vn 0.3865304626344485 0.7604819013102058 -0.5217868139721561
vn 0.27356353411282514 0.9052808883832167 0.32500693212883164
vn 0.6742879911804996 0.7384684860911574 -1.6667466033945662e-8
vn -0.30533486621507905 0.27880683556654146 -0.9105148916491105
vn -0.30533221429164853 0.2787957197415476 -0.9105191846246575
vn -0.6329855091808727 -0.18737407834907213 -0.7511459910895266
vn -0.7056723095543538 -0.3630896137867493 -0.6084344861103894
vn -0.33188435029334346 0.006698144517863674 -0.9432963017474324
vn -0.7049500447563125 -0.3913368937027175 -0.5915241922569024
vn -0.6326312411159141 0.5776497115039931 0.5158473839843445
vn -0.6326315412331036 0.5776495942066835 0.5158471472731838
vn -0.7012192654449053 0.42745632222908325 0.5705897250698556
vn -0.6742878668122626 -0.7384685996504616 2.3346007470425147e-7
vn -0.6742878668122764 -0.7384685996504767 1.1728908528047199e-7
vn -0.6742880236850383 -0.7384684564115934 6.169074042027345e-8
vn -0.8936068786392205 0.09938511746891715 0.437709201267644
vn -0.9192066142033091 -0.16163760334693658 0.35907169978870124
vn -0.8889242886201677 -0.32041796607527256 0.3273315385313706
vn -0.9192221351462803 -0.14842188659857364 0.36469385768838203
vn -0.9225475792674827 -0.17765715727047512 0.3425549568438346
vn -0.724030003264049 -0.47454642293331506 -0.5005859035716613
vn -0.663458651925345 -0.5263485960722516 -0.5317704134287403
vn -0.6742880236850384 -0.7384684564115935 -5.789855258372037e-8
vn -0.6742879289963911 -0.738468542870821 -6.442252374305804e-8
vn -0.7243108180919196 -0.6841824676812691 0.08525367858681193
vn -0.3053302516162942 0.2787972435661708 -0.910519376195716
vn -0.3053320862230691 0.27879672493115176 -0.9105189197871356
vn -0.3053328107438183 0.27879545189110394 -0.9105190666252491
vn -0.3053329574169718 0.27879258873295104 -0.910519894116864
vn -0.305334119572081 0.2787922905860445 -0.9105195956896966
vn -0.3053312871119227 0.278795210081808 -0.9105196515979307
vn -0.30533260876966034 0.27880144822287445 -0.9105172982929766
vn 0.3260241164351136 0.7430617840053214 -0.5844377303473249
vn 0.322521834859415 0.7457836850050071 -0.5829119669549326
vn 0.3237588093138601 0.7448230948590042 -0.5834541890811362
vn 0.43990113164948064 0.6417447158423554 -0.6282123160699105
vn -0.11118013529055601 0.12915435569645867 -0.9853720768934984
vn -0.12494083373570335 0.11408176908250402 -0.9855836534908813
vn 0.6742879289963902 0.73846854287082 -8.348892237033704e-8
vn -0.12493981073175575 0.11408098469480828 -0.9855838739677998
vn -0.12493957591648656 0.1140804813454648 -0.9855839619970466
vn -0.6728322663630883 -0.7353702955920497 -0.0807915199855253
vn -0.15017579216884427 -0.1280899620099255 -0.9803265747080183
vn -0.6742879289963916 -0.7384685428708214 5.591863442102389e-8
vn -0.12494012562849131 0.11408308010886288 -0.9855835915034358
vn -0.12494043167973225 0.11408425037726838 -0.9855834172445977
vn -0.041209735383958675 0.03762867711455672 -0.9984417060440697
vn -0.674287866812281 -0.7384685996504818 -1.252572200092533e-8
vn -0.5202156358267894 0.4750035155488238 0.709751613212388
vn -0.5202162391784284 0.47500364142839757 0.7097510867373256
vn -0.5202167117374072 0.47500357791738707 0.7097507828772014
vn -0.01310507037918749 0.8225417238036972 0.5685537527203551
vn 0.18144230153131533 0.8709319642049796 0.45667954294130086
vn 0.18143936983010103 0.870932757437739 0.45667919494712295
vn 0.18144168066014757 0.8709325245395394 0.4566787210046092
vn 0.2720544921665626 0.8779201466885104 0.3940083366255313
vn -0.6514813776882504 0.30743824854667856 0.693580375916137
vn -0.8508925006725419 -0.25966218616946496 0.4566809623500006
vn -0.6742879615009347 -0.7384685131912576 -8.509714009489545e-8
vn -0.8508927782060776 -0.2596622395213844 0.45668041491121775
vn -0.8508937244358254 -0.2596620286333166 0.4566787717879606
vn -0.7767652912226217 -0.3313834387527949 0.5355564385498585
vn -0.6742878371327197 -0.7384686267505743 -4.699668969440154e-9
vn -0.7489164110686821 -0.4433357258736424 0.49252171870496747
vn -0.7556304737557186 -0.29144652929360915 0.5865846125619198
vn -0.6273125475460913 -0.21042397837605828 0.7498004514640043
vn -0.3874289430574364 0.353760245854257 0.8513239703746941
vn -0.7659622881109537 -0.3404681319783171 0.5453285471154318
vn -0.7659606420985503 -0.340465221537532 0.5453326761522509
vn -0.26001763949883444 0.2374194617775005 0.9359609106788253
vn 0.026435207740520262 -0.27656167918169877 -0.960632509027211
vn -0.6742879289963917 -0.7384685428708216 5.009429418080369e-8
vn -0.6846017150846968 -0.7258744143712245 0.06653439910545145
vn 0.5453577026472199 0.7104855160044522 -0.4447418438951226
vn 0.6742879289963924 0.7384685428708224 9.936830228356187e-9
vn 0.6742878668122807 0.7384685996504815 2.5120892449996063e-8
vn 0.6742878993168296 0.7384685699709191 -5.224020914689898e-8
vn 0.24623010735907733 0.045510284017289536 -0.9681423181942843
vn 0.4726314489649364 0.44378163893897193 -0.7613654644058558
vn 0.5629151936853501 0.5573037145252874 -0.6103597746366496
vn 0.6742877749486043 0.7384686835302225 -2.1866115345616305e-8
vn 0.6742879615009338 0.7384685131912566 -1.0010604769240444e-7
vn 0.6742880533646006 0.7384684293114849 -7.718653666371217e-8
vn 0.6742881155487007 0.7384683725318102 -4.341760867192179e-8
vn 0.674288272421399 0.7384682292928687 -1.4361222601822733e-7
vn 0.6742878668122768 0.7384685996504772 -1.1099396075428933e-7
vn 0.6677963693261046 0.5645129050425302 -0.4851527482714243
vn 0.6742877749485613 0.7384686835301755 3.576788744430659e-7
vn 0.6742878046281523 0.7384686564301213 1.9544247003814417e-7
vn 0.72105236987671 0.6549851491479491 -0.22600427936395165
vn 0.4050015888758724 -0.11941882463517159 -0.9064837876822581
vn 0.6742878993168305 0.73846856997092 0
vn 0.7065475586269794 0.7066865566586584 -0.03721099348557935
vn 0.674287866812281 0.7384685996504818 0
vn 0.6742878993168279 0.7384685699709171 -8.930891726331774e-8
vn 0.6742879615009355 0.7384685131912584 -7.24468790621017e-8
vn 0.6742879289961596 0.7384685428705674 -8.311133853173129e-7
vn 0.7119098405781032 0.6828440523772965 0.16403773657610463
vn -0.47104396050918096 -0.6987364685680882 -0.5384096347213916
vn -0.5777454411931612 -0.7890662599699025 -0.20876935253439285
vn -0.6377065165442617 -0.7696149925600065 -0.03198690331752178
vn 0.19322815341079314 -0.42676576538295397 -0.8834782749035521
vn -0.6742878993168296 -0.7384685699709191 -5.4653777102055816e-8
vn 0.8020899343126301 0.3982029282696906 -0.44506871962855826
vn 0.5601384074784505 -0.2616418018558602 -0.7859952493425925
vn 0.34599029995543645 -0.5632227655593854 -0.7503804559637628
vn -0.2943248152347363 -0.8603975771730777 -0.41603955621038735
vn 0.48924829339217574 -0.6760387252532067 -0.5510061246219162
vn 0.6978043388246132 -0.3910368720433626 -0.6001327098401543
vn -0.6337325387954112 -0.7581631319912149 0.1535308912277733
vn 0.5432251067916097 0.6510757770530833 0.530100760125816
vn 0.6155849175328036 0.5734105181118845 0.5406066842213398
vn 0.4862066178651626 0.5997931323369995 0.6354929764721953
vn -0.38555062527033634 -0.15409453496929187 0.909728305400162
vn -0.11480020305909203 0.10482279502813506 0.9878426468927531
vn -0.5597020858291757 -0.6235155919563156 0.5458588477856116
vn -0.11734267825252552 -0.20513432791424396 0.971674124062021
vn -0.0526056038313939 0.04803351026281094 0.9974594890707927
vn -0.05260451256258513 0.04803337264737032 0.9974595532502416
vn -0.05260710649338539 0.04803402965289103 0.9974593848080728
vn -0.05260520355854348 0.04803336717985309 0.9974595170712091
vn -0.05260547360937459 0.048033588642873465 0.9974594921641782
vn 0.20279545675968869 -0.018658281861675893 0.9790433449217657
vn 0.48620668386531557 0.599793259435902 0.6354928060174636
vn 0.48620473595506103 0.5997927693258506 0.6354947589078108
vn 0.05805770155850956 0.16781615771787614 0.9841072301830488
vn 0.3813664993190363 -0.11461542787218838 0.917291064434195
vn 0.09482328387283555 -0.33712025742888513 0.9366741572535532
vn 0.45806016587149145 -0.7337673753391465 0.5017632144046451
vn -0.4736526819508115 -0.8596318206279436 0.19153660184072005
vn 0.8650733038274641 0.5005801803733754 -0.032675097894194725
vn 0.8736207220705402 -0.48497290931123754 0.03985111294734721
vn -0.5043179362717393 -0.720933611858879 -0.47530847504197205
vn -0.6742878371326548 -0.7384686267505033 -4.3830384518808327e-7
vn -0.707559526019452 0.6460654736047368 -0.28628468515625416
vn -0.7236596418821676 -0.5198270134854571 0.45397863249470555
vn -0.44792232076068056 -0.7712701586390789 -0.4522255377101298
vn -0.6680970026704696 -0.5711858131272178 0.47685759080141904
vn -0.44792335452055404 -0.7712705598212317 -0.45222382956683976
vn -0.4479257373340698 -0.7712715707373616 -0.4522197452633543
vn -0.668096849418439 -0.5711842852604422 0.47685963560430783
vn -0.6304711770162823 -0.7759299365242531 -0.020948235180369448
vn -0.8288235575371217 -0.035007729750478965 -0.5584137975813519
vn -0.8288235575371217 -0.035007729750478965 -0.5584137975813519
vn -0.6175608619033486 0.5837025031305895 -0.5271716700319522
vn -0.8182261473581369 -0.26760318507025466 -0.5088167716572591
vn -0.6353316446523434 0.26861411922693224 -0.7240166823045501
vn -0.6595271898243998 -0.06770968511578566 -0.748624929069191
vn -0.812518151052717 0.07928525379687328 -0.5775189198114983
vn -0.4771282898216214 0.20172543516396266 -0.8553686011654886
vn -0.5116955483271705 -0.2522033972805573 -0.8213166942308562
vn -0.6274201939957882 -0.6277175019672445 -0.46077612556456315
vn -0.4153803840272448 0.17561942149910667 -0.89253400795583
vn -0.46861126446321516 -0.8455996410040911 -0.2556652693502555
vn -0.2648633116943736 0.11198241240372617 -0.9577616433280939
vn -0.40385403696510686 -0.5304320384637432 -0.745348086063273
vn -0.38480144012436435 -0.9214532201315171 -0.05340238559721188
vn -0.43512665233358433 -0.8994030151346141 -0.041701472344908334
vn -0.06564048833222161 0.027756095590254375 -0.9974572298846163
vn -0.06564158378254142 0.02775767147898162 -0.997457113941539
vn -0.06564316141361663 0.027757115610659917 -0.9974570255868682
vn -0.2647537939186176 -0.6602253447730941 -0.7028569717410131
vn -0.3958626442063938 -0.7243902779438602 -0.564403660638677
vn -0.9851034636252219 0.15948028468379255 0.06432110657294261
vn -0.6570764812054226 0.5161766435019657 0.5493743446410146
vn -0.8055631676125758 0.3405864007416364 -0.48483903165468295
vn -0.21374498661187097 0.9193200621050186 -0.33039931009237244
vn 0.25500919715754095 0.9637075398388756 -0.0789815612834319
vn -0.07570657155198739 0.9070206309853462 -0.4142246853952431
vn 0.3894189314863801 0.9210607449002106 -0.000001968627893155373
vn -0.3793448782096423 0.8453331536857573 -0.37617724898749955
vn 0.12856678494842794 0.9666403404331417 0.22153337007169946
vn -0.20475624521413238 0.2864748242274571 0.9359524855085636
vn 0.33379902791219757 0.9238813937144545 0.18713999923348504
vn 0.3894182683690199 0.9210610252640546 4.871338104787891e-8
vn 0.40582951094007313 0.9105396089165262 0.0788671582110117
vn 0.3894182936519214 0.9210610145746185 1.9238912175597242e-8
vn 0.048464653131415084 0.18088595935105534 0.9823092420956345
vn 0.3160862726843713 0.762693012578598 0.5642595473576709
vn -0.8055631727124836 0.34058714795592027 -0.4848384982823142
vn -0.8055632494825413 0.34058713001287577 -0.4848383833327569
vn -0.7897471006529012 0.33389972866857587 -0.5145974040017961
vn -0.6804686851719632 -0.7315695953848561 -0.04205110710524997
vn -0.40018405875889557 -0.014735274714562359 0.9163163159053445
vn -0.4536085432425061 -0.8689380894931786 0.19795425260740523
vn -0.6580432106162561 0.2782168707014623 -0.6996960095776845
vn -0.6580425628073917 0.2782153839009682 -0.6996972100092418
vn -0.6580420339751404 0.2782157149437921 -0.6996975757283818
vn -0.3809086669874238 -0.9229301188684754 0.055754668856390736
vn -0.15027828279215483 -0.13663251484028158 0.9791567768286453
vn -0.37448979435656476 -0.7376769384329956 0.5617740902061079
vn 0.38941836559659815 0.9210609841568974 4.270652831380888e-8
vn 0.27294438631967444 0.08469909291332224 0.9582940183660946
vn 0.07829012552801637 -0.23425775260768944 0.9690170078940834
vn -0.11818451173940167 -0.840893130845831 0.5281393411602807
vn 0.3894183403136971 0.9210609948463345 7.85098577132883e-8
vn 0.38941824308611817 0.9210610359534919 3.837009986049286e-8
vn 0.3894181925203053 0.9210610573323491 1.8379344990402042e-7
vn 0.3894186864662214 0.9210608484953152 -1.1255502698360141e-7
vn 0.3894182936519205 0.9210610145746164 6.802108562762688e-8
vn -0.0656475571006857 0.027744660036861622 -0.997457082829207
vn 0.004797644561982254 -0.002028406180399883 -0.999986433995494
vn 0.1407656492406208 -0.05951591834409949 -0.9882524411594059
vn 0.14076547476994558 -0.05951384519371779 -0.9882525908607831
vn 0.2858851278386801 0.23576820097927367 -0.92880732613802
vn 0.1407664828278406 -0.05951503880448334 -0.9882523753922274
vn 0.1407672637764339 -0.05951545116046872 -0.98825223932054
vn 0.17642923759766754 -0.07459329632001413 -0.9814828395162191
vn 0.14076435646185198 -0.059518553655853276 -0.9882524665896847
vn 0.04924921981980436 -0.4160081972980325 -0.9080262629065208
vn 0.18902909416806823 0.05780480698424085 -0.9802686396327867
vn 0.38979472985071695 0.6718204492546833 -0.6298550250207123
vn 0.39830181265533154 0.7128273891772177 -0.577263180251667
vn 0.4481109898977455 0.7302183978155198 -0.5157301932450709
vn 0.3897953718195035 0.6718199405960738 -0.6298551702777256
vn 0.38941839087947033 0.9210609734673936 -3.760372895631226e-7
vn 0.3894183150307886 0.9210610055357557 2.1040471296870997e-7
vn 0.38941829365191954 0.9210610145746142 -9.74792061230018e-8
vn 0.3894182683690202 0.9210610252640555 -2.396109230897851e-8
vn 0.5155944808632592 0.6154028754704485 -0.5961892586805384
vn 0.5119632102467776 0.6723062083633623 -0.5346943365605186
vn 0.38941826836901766 0.9210610252640493 1.184793614460225e-7
vn 0.38941809529269844 0.9210610984394331 -3.898269084735492e-7
vn 0.3894179474993261 0.921061160925489 5.409373587419593e-8
vn 0.297260938775205 -0.12567999904040866 -0.9464884955030815
vn 0.46364013692317957 0.12576161686211532 -0.8770529283675426
vn 0.36458843527036233 -0.15415362836406807 -0.9183201684212874
vn 0.36460631828120404 -0.15415249655974433 -0.9183132583567676
vn 0.3646044118931068 -0.15415202012869106 -0.9183140952410158
vn 0.36460808232787995 -0.1541546298398013 -0.9183121998536987
vn 0.389418390879497 0.9210609734674566 6.723671887269859e-8
vn 0.3894184881070738 0.9210609323602867 9.29203926523138e-9
vn 0.3894182683690202 0.9210610252640555 -2.0287636157757318e-8
vn 0.38941821780321545 0.9210610466429284 -2.3343416283444653e-8
vn 0.47142854020089814 0.8744181932598177 0.114664531483306
vn 0.3894182936519214 0.9210610145746185 -1.9945692568850856e-8
vn 0.5598539056021312 0.6532157591885214 0.5097771830219586
vn 0.4730186470091253 -0.0005290618873419299 0.881052257062642
vn 0.6504212546859011 0.2966705528292736 0.6992415709443992
vn 0.5260444740549424 -0.2224074692378005 0.8208606026259854
vn 0.5175554145228781 -0.21881930483248413 0.8271967750968813
vn 0.4785711359875271 -0.20233666442778925 0.8544176625209968
vn 0.43461714109674215 -0.350405998453131 0.8296526845089811
vn 0.28539493348287537 -0.3218359611774571 0.9027576341606242
vn 0.3594214715074789 -0.6928355284498884 0.6251360942522536
vn 0.38941826836902 0.9210610252640549 -4.1098807300858954e-8
vn 0.581095698202497 0.7835735119127188 0.21986436946290483
vn 0.7128789471852648 0.5301296149840516 0.4590927988728309
vn 0.7087148897858282 0.531657865120675 0.46374898323466723
vn 0.7475811115701478 0.2644031598824529 0.6092728868641017
vn 0.5778836998418346 0.8026073289521418 0.14789153109431433
vn 0.806147094486453 0.46875399115343314 0.361104635568109
vn -0.3369046981132028 -0.9224596442795026 -0.18858268495539382
vn -0.38941829365192127 -0.9210610145746183 -2.6372441309450323e-8
vn -0.06276137454521931 -0.7992063853372006 -0.5977709958683517
vn -0.36228803526502523 -0.9292909093243181 -0.07187339807599118
vn 0.3646061763725343 -0.15415308070810335 -0.9183132166419045
vn 0.36460382048326784 -0.15414518245597206 -0.9183154778259048
vn 0.3646048342250318 -0.15415236501139323 -0.9183138696661022
vn 0.1641396760235805 -0.5315898155035306 -0.8309455065212136
vn -0.3110155986794132 -0.9435289878334795 0.11411549630096673
vn -0.30423140992475334 -0.9480883028498198 0.09258411966717055
vn 0.2503725870741846 0.8407617754992556 -0.48003458677591043
vn 0.15379025040851957 0.8805702327991943 -0.4482684731132202
vn 0.38941826836902 0.9210610252640549 -4.223810926999042e-8
vn 0.8825096842198926 -0.3731191652090057 -0.28628437926621214
vn 0.15378767449554706 0.8805679792052259 -0.4482737837211502
vn 0.31905129832698464 0.9473205888202642 -0.02810642334224554
vn 0.42797672872464243 0.7656371615640414 0.4802454127863293
vn 0.15378943100563353 0.8805699356977096 -0.44826933784979667
vn 0.4279764815083189 0.7656373246390717 0.4802453731117921
vn 0.5238649744628291 0.7241516570410946 0.4485196385173076
vn 0.6904326096431412 0.6506429924941852 -0.31617480585836266
vn 0.6811123661598201 0.6653822827755506 -0.30553618841729424
vn 0.6904339911691074 0.6506419296176935 -0.31617397625620813
vn 0.6904342187900878 0.6506415022098826 -0.31617435874180005
vn 0.690433972404649 0.6506418523300505 -0.31617417627955824
vn 0.6904342207788001 0.6506418617118471 -0.31617361459443877
vn 0.08843941289545315 0.9755780749864794 0.20106190552260914
vn 0.6397714593527707 0.7230957722385883 -0.26043230208310497
vn 0.8390792147241476 0.1315955391841294 -0.527852901370018
vn 0.8047831262584281 -0.16587795737817002 -0.5699198390526137
vn 0.8026745759959183 -0.17434331437061487 -0.5703664907618975
vn 0.802675196909415 -0.17434059285928052 -0.5703664488273364
vn 0.8026754861629216 -0.17433674645491226 -0.5703672174561167
vn 0.3268550680706044 -0.8738725905285928 -0.35987839612764594
vn 0.3268536020397332 -0.8738733501039141 -0.35987788319347114
vn 0.32684114011177123 -0.8738795964068263 -0.35987403367606297
vn 0.3268297906881135 -0.8738852133102603 -0.3598707016088484
vn 0.7231626670546007 -0.4119443686510017 -0.5543803695254768
vn 0.5777643895786111 -0.6498139474519248 -0.49389284650802745
vn -0.265965992064615 0.354525587761402 -0.8964227232101591
vn -0.3619026837423422 0.15301243951091972 -0.9195725315900903
vn -0.3618979470694816 0.15301609109723566 -0.9195737881063254
vn 0.06716580770147956 0.8052569129060277 -0.5891095471072101
vn -0.0779332070625433 0.38308685972899165 -0.9204188574447651
vn 0.0623521467513836 0.7925429318506508 -0.6066200713536182
vn 0.32278565241385043 0.9312112524406269 -0.16927795463002226
vn 0.2989096081401273 0.9144694318951527 -0.2727612587793072
vn -0.36190390746171247 0.15301095016604305 -0.9195722978065559
vn -0.36190261613677943 0.15301128873874556 -0.9195727496788185
vn -0.3619028611552609 0.15300917556428398 -0.9195730048673536
vn 0.387912460128882 0.9216955492042236 0.0011125888203771183
vn 0.3849253342104314 0.9214094246840643 -0.05326499025034626
vn 0.2626354973704277 0.6528952671330336 -0.7104578563688859
vn -0.15478134617982853 0.8973889023113616 0.4132020000958
vn -0.07291030745932142 0.8986770936800433 0.43250846045017177
vn -0.11112386786976058 0.8783146185389855 0.46498915777723293
vn 0.32070112530003203 0.9418346374396688 0.10049031769369993
vn -0.44419787164704827 0.3853869510240224 0.8088047655674641
vn -0.548456122856809 0.44308774891432806 0.7091326590017628
vn -0.28510672347445637 0.3216359670990592 0.9029199637276345
vn 0.11678258242304922 0.8395683702632077 0.5305532773399719
vn 0.3805394173482811 0.9229481222220469 0.05793544278788608
vn -0.26651982298128457 -0.07355498005192096 -0.9610186516751827
vn -0.3619080144246534 0.15300884666809955 -0.9195710314796256
vn -0.3618996474351023 0.1530084623931896 -0.9195743883027736
vn -0.36191009449204925 0.15301082594556745 -0.919569883504354
vn -0.49720387584345516 -0.27198054803119653 -0.823902231662772
vn -0.3619745463033331 0.1530099548897618 -0.9195446598904967
vn -0.5316152089273866 -0.5737359049343705 -0.6230669153680285
vn -0.5119323114311586 -0.6181247210062111 -0.5965292430331852
vn -0.5094404720289312 -0.6707089416507582 -0.5390917556860424
vn -0.45401088468373324 -0.7217958142808175 -0.5223838809490442
vn -0.38941839087949565 -0.9210609734674535 -1.0603989085511496e-7
vn -0.389418293651913 -0.9210610145745987 2.080744197339724e-7
vn -0.38941836559659576 -0.9210609841568916 1.1935517880607336e-7
vn -0.3894182683690197 -0.9210610252640543 -5.706011222978507e-8
vn -0.3894182178032128 -0.9210610466429221 -1.195660398434766e-7
vn -0.38941831503079727 -0.9210610055357761 3.4354997601401452e-9
vn -0.3894183908794978 -0.9210609734674586 -9.79693653256416e-9
vn -0.3619012568857291 0.15301002706806452 -0.9195734945512293
vn -0.1380905647949687 0.05838388534583286 -0.9886972832199608
vn -0.1380915472333381 0.05838471564658903 -0.9886970969723587
vn -0.1889827691191868 -0.06545799945420452 -0.9797962866246727
vn -0.1380935582221255 0.05837903057130449 -0.9886971517947785
vn -0.13808958592580267 0.058385641905632654 -0.9886973162086097
vn -0.0009098377676706541 0.0003846734719676937 -0.9999995121106591
vn 0.06663322498707493 -0.028180981266268338 -0.9973794892731112
vn 0.0666288795355811 -0.028185860650809438 -0.9973796416967844
vn -0.3880913231129261 -0.672548825922093 -0.6301295118269518
vn -0.3880916518744172 -0.6725501984508793 -0.6301278444165668
vn -0.39616546729108665 -0.7105938320716646 -0.5814716917853713
vn -0.38941836559659854 -0.9210609841568982 3.333160431679066e-9
vn -0.38941799806514377 -0.9210611395466296 -3.434597259282469e-10
vn -0.38941883425956253 -0.9210607860091985 -2.0226248090107628e-7
vn -0.38941809529272664 -0.9210610984394997 8.528702010029912e-8
vn -0.38941821780321484 -0.921061046642927 -6.074372344647997e-8
vn -0.3894183403136981 -0.9210609948463367 3.57639968100469e-8
vn -0.3894183403136983 -0.9210609948463373 -8.311736327897788e-9
vn -0.8052535747396308 -0.4680908675163278 0.363947276561946
vn -0.6814072769651206 -0.6429280081799291 0.3497537693817871
vn -0.7710363399007248 -0.5048266138417171 0.3881405061438445
vn -0.7074851920310137 -0.5322111792782747 0.4649902834555448
vn -0.7395770307379638 -0.3709368584175879 0.561633032034359
vn -0.6175712784529316 -0.06891079070084614 0.7834902800641472
vn -0.6363689753467391 0.2690502641472194 0.7229429317577237
vn -0.7310477524402383 -0.6150841141480805 0.2953653943419016
vn -0.47595963373259353 -0.8711726755406803 0.12050143753676855
vn -0.6363672631357192 0.2690517015601835 0.7229439039764595
vn -0.47254188935192487 0.001394312452572819 0.8813071080505919
vn -0.38941834031369815 -0.921060994846337 -3.003480181748214e-8
vn -0.3894182936519215 -0.9210610145746188 -6.668086794854073e-9
vn -0.5599474281431668 -0.6512476767628215 0.5121868225822299
vn -0.38941807000981893 -0.9210611091289295 -1.1876627462126285e-7
vn -0.3894183150307972 -0.9210610055357759 9.926983961568735e-9
vn -0.38941844144529325 -0.9210609520885769 5.6072776759831266e-8
vn -0.40629485020577133 -0.9101272770141825 0.08119627042555222
vn -0.27304146405179697 -0.08442914705908809 0.9582901846702419
vn 0.4060848610429668 0.5381741466905829 -0.7385551255428244
vn 0.3958247897937591 0.7224825020823658 -0.5668701526536132
vn 0.06663344968057436 -0.02816927690125029 -0.9973798049000827
vn 0.06663611530534243 -0.028168084096830935 -0.9973796604981109
vn 0.2655028367607922 -0.11225280761918105 -0.9575528971569055
vn 0.47012843886297173 0.8427876687503972 -0.26208433065434483
vn 0.5143752138268333 0.2626810690420574 -0.816343552291265
vn 0.4368057189902839 0.89851354296381 -0.04329176559118835
vn 0.4160982687816318 -0.17592395924167226 -0.8921395581867578
vn 0.6615397288924802 0.07671462692088932 -0.7459759065232954
vn 0.6279183662427787 0.6255606449004311 -0.46302527456582354
vn 0.4768582337442211 -0.20161341354779813 -0.8555455898945109
vn 0.6370973708792698 -0.26936057724747314 -0.7221854467127058
vn 0.8143909065552666 -0.07438100954837583 -0.5755301180117821
vn 0.6578833429798978 -0.2781492458584597 -0.6998732057008357
vn -0.07854163610671437 0.23425288390951296 0.9689978316682432
vn -0.3894183403136974 -0.9210609948463351 6.913676147868724e-8
vn -0.331913524658825 -0.9233768410758653 0.19289536415712963
vn -0.3156185457253461 -0.7609623096432656 0.5668520943743653
vn 0.14995598753087946 0.13662600480881648 0.979207095875852
vn 0.3739272994531336 0.7360024535767037 0.5643392269307166
vn -0.04872594367891491 -0.18054562683514658 0.982358925771687
vn 0.20526811588302 -0.2865203336024355 0.9358264256977273
vn 0.4554746916953568 0.8664816970344026 0.20433373174637923
vn 0.4005995333834405 0.013977835680438101 0.9161466225242879
vn 0.685380751760906 0.7268707102156536 -0.04372866046709827
vn 0.9849793166429525 -0.15748598934198588 0.07080896091991648
vn 0.665268783662051 -0.5181801356985485 0.5375005046065062
vn 0.657883644664289 -0.2781500222667625 -0.6998726135492309
vn 0.7871010185794001 -0.332780892640925 -0.519354276043223
vn 0.6578817875624812 -0.27814814076402583 -0.6998751069891755
vn 0.8057100913583701 -0.3406486868751693 -0.4845510507815555
vn 0.8057100666039964 -0.34064796115346246 -0.48455160213848514
vn 0.8057101809898145 -0.34064858496289524 -0.48455097338890724
vn -0.3894182936519203 -0.9210610145746161 7.544735125543195e-8
vn -0.25198018236248104 -0.9643518208256859 -0.08081802624881823
vn -0.3894204560770902 -0.9210601002999829 0.000004908835387976221
vn 0.07552055416629645 -0.9070241031948337 -0.41425103756300147
vn 0.20464132591950296 -0.9166017114592826 -0.3434577561736259
vn 0.4183076632941467 -0.820157649650266 -0.3903333556712035
vn -0.12369974837544344 -0.9661457644004408 0.2264083350562433
vn -0.3894184161623947 -0.9210609627780149 9.142638481494783e-8
vn -0.5269874423222598 -0.7226032736589851 0.44735751310552585
vn -0.8825096103926209 0.37311921419854227 -0.2862845429996646
vn -0.253580813522496 -0.8392428321318924 -0.4810075256464389
vn -0.151696977138751 -0.8813083601688592 -0.44753055920623086
vn -0.42585936675610647 -0.766430088700077 0.4808624739790786
vn -0.15169569596542204 -0.8813069911589788 -0.4475336894132933
vn -0.4258591551476221 -0.7664306197566948 0.48086181494928676
vn -0.151697877806664 -0.8813088157348155 -0.4475293567767945
vn -0.31595929802743494 -0.9483147663171382 -0.029475854099280885
vn -0.5005194513054279 0.6893445209660913 -0.5237216916253741
vn -0.48149035329670176 0.8764513903704033 -6.61005414550318e-8
vn 0.09793412456420846 0.99282310071933 -0.06863816667057171
vn -0.48149035329670126 0.8764513903704023 -7.936674407530056e-8
vn -0.4814903052502087 0.8764514167653904 -2.4504977156987842e-8
vn -4.154205063378025e-8 0.7458587119602949 -0.6661041823866055
vn -0.4814903532967008 0.8764513903704015 9.208429400591383e-8
vn -0.48149037618986407 0.8764513777937378 4.577085757159418e-8
vn -0.4814903761898645 0.8764513777937386 0
vn -0.8889118913336301 0.37582584726359664 -0.2618980373623829
vn -0.933611880793228 -1.7077904802463964e-7 -0.3582859975518193
vn -0.9336118033596499 -2.896543641455286e-7 -0.35828619932598355
vn -0.8113929557744493 0.24536211572194996 -0.5305081559109637
vn -0.00000196953077555194 0.7458594999511744 -0.6661033000433978
vn -0.4814904219761837 0.8764513526404025 -7.235811070157488e-8
vn 0 0.7458608781450816 -0.6661017568304768
vn 4.967258908865907e-7 0.745857561165775 -0.6661054709665697
vn -0.9336121483340573 2.532823320352688e-7 -0.358285300400396
vn -0.9336120632492759 3.19497137754597e-7 -0.35828552211236214
vn -0.9336124657174163 0.000001601892790616981 -0.35828447336506253
vn -0.9336120333426956 2.2050334885639448e-7 -0.3582856000422967
vn -0.9336118907610502 -0.0000015139305900003 -0.3582859715747808
vn -0.4814903761898645 0.8764513777937386 -1.6800649850253257e-8
vn -0.5669540584696681 0.6950226803711951 0.4421612481373867
vn 0.20371590671047665 0.9708237107403406 0.12649566007371163
vn -0.8889118498595474 0.37582600394068705 0.2618979532971804
vn -0.9336120157224758 -1.3632784535907296e-7 0.3582856459566825
vn -0.4814904700226796 0.8764513262454104 2.1152679915603172e-9
vn -0.48149103075926536 0.8764510181968742 -2.0689476862765806e-7
vn -0.4814898841325533 0.8764516481118628 1.4087254015363718e-7
vn -0.481490188524222 0.8764514808903601 6.369390265495596e-8
vn -0.4814904471295203 0.8764513388220788 -1.4971015082811308e-8
vn -0.5758847556945941 -0.6019107064346164 0.5532271230136485
vn -0.32997021308190394 0.3712164487389484 0.8679389417835373
vn 0.5525741583453703 0.6216457493246069 0.5551741725580843
vn -0.9336117358949838 0 -0.3582863751235249
vn -0.6720153244047679 -0.7166178387183405 -0.18669300200009953
vn -0.9336119382889636 -2.935125592711113e-7 -0.35828584773088373
vn -0.9336121207449198 -4.37905817037873e-7 -0.35828537229139196
vn -0.9336119858158631 1.2159709641852433e-7 -0.35828572388660124
vn -0.6887990905585761 -0.3890048008806387 -0.6117442911360049
vn -0.00000196953077555194 -0.7458594999511744 -0.6661033000433978
vn 3.087759321287149e-7 -0.7458586294549561 -0.666104274770459
vn -0.9336120632492608 -3.6654640786091343e-7 -0.35828552211235637
vn -0.9336119482578543 2.2953566266843713e-7 -0.35828582175425355
vn -0.5892659443777384 -0.8078430319724755 0.01246123951018492
vn -0.21679404895358903 -0.9721700781153159 -0.08880134883868362
vn -4.553340133007511e-7 -0.7458586855139473 -0.6661042119992935
vn 6.198135325884305e-8 -0.7458589658090998 -0.6661038981436574
vn -0.9618684465157925 0 -0.27351250720450804
vn -0.93361158334422 -0.0000014253899002122526 0.35828677263257536
vn -0.933612015722483 5.394779888337007e-8 0.3582856459566853
vn -0.06382822298552039 -0.9924715244033291 0.10452861425964999
vn 0.329970186524468 -0.37121645238944584 0.8679389503187434
vn 3.887913306505242e-7 0.745859077927035 -0.6661037726012982
vn 8.188132349965376e-7 0.7458591339858277 -0.6661037098299638
vn 0.644511981243728 0.743107717137281 -0.17998674052358135
vn 0.000001647893512901447 0.7458607364136979 -0.6661019155307245
vn 0.0000013968388767926523 0.7458567435574741 -0.6661063864638208
vn 0.6175785749173236 0.4538674121518132 -0.6423403116648555
vn 0.9336120433115873 5.070969393284318e-9 -0.3582855740656646
vn 0.9336118508865563 -3.150178933799365e-7 -0.35828607548170094
vn 0.9336120233737757 3.9625006203620037e-7 -0.35828562601891734
vn 0.9336120057536076 -1.1121729869874006e-7 -0.3582856719333237
vn 0.7035492229689065 0.703170673860946 0.1028080458028025
vn 0.9336119482578714 -1.2838424627147852e-7 -0.35828582175426005
vn 0.9336116209029113 -8.735599310125215e-7 -0.3582866747651601
vn 0.9336119758467019 7.95845767381171e-7 -0.35828574986312806
vn 0.9336118508843637 0.000002190061605853109 -0.3582860754808595
vn 0.6831629166158466 -0.5143564856591181 0.5183877265342336
vn 0.9336121483327015 0.000001722928082406432 -0.3582853003998757
vn 0.9336120908382396 -6.128308768415449e-7 -0.3582854502212935
vn 0.9953767683358496 0 0.09604732717405738
vn 0.9336118232974064 3.221190683833073e-7 0.35828614737272263
vn -4.5780777915768734e-7 -0.7458582634878328 -0.6661046845554421
vn 0.3944555552294744 -0.8669402072043366 -0.3046629155002439
vn 0.8784215073500582 -0.13563268225187322 -0.4582351262507209
vn 3.559900004367735e-7 -0.7458582899341721 -0.6661046549427094
vn 0.9336120632492211 -4.689960990862776e-7 -0.35828552211234105
vn 0.9351222889220996 -0.11877626643816318 -0.33382406038526297
vn 0.9336123131696267 1.3183873029171456e-8 -0.3582848708752001
vn 0.48149039908302355 -0.8764513652170687 8.394441333151012e-8
vn 0.48149039908302504 -0.8764513652170715 3.4350904034259806e-8
vn 3.8384981797688427e-7 -0.7458585998421792 -0.6661043079288081
vn 0.4814903990830246 -0.8764513652170707 5.453854563314971e-8
vn 0.4814903761898644 -0.8764513777937384 -2.1388764651816203e-8
vn 0.48149039908302527 -0.8764513652170719 0
vn 0.48149039908302527 -0.8764513652170719 0
vn 0.4814903761898642 -0.876451377793738 -3.6457809411251334e-8
vn 0.48149039908302516 -0.8764513652170717 -2.5742504784983865e-8
vn 0.9044474383565375 -0.32263347578717144 0.2790743118808787
vn 0.4814903761898645 -0.8764513777937386 0
vn 0.48149039908302527 -0.8764513652170719 2.7138835379120156e-9
vn 0.4814904219761846 -0.8764513526404041 4.349353842135458e-8
vn 0.4814905158089929 -0.8764513010920689 9.677427078182609e-8
vn 0.48149037618986323 -0.8764513777937363 -7.263017959316444e-8
f 4071//4071 4072//4072 4073//4073
f 4071//4071 4073//4073 4074//4074
f 4074//4074 4073//4073 4075//4075
f 4071//4071 4074//4074 4076//4076
f 4071//4071 4077//4077 4072//4072
f 4071//4071 4076//4076 4077//4077
f 4077//4077 4076//4076 4078//4078
f 4077//4077 4079//4079 4072//4072
f 4077//4077 4078//4078 4079//4079
f 4074//4074 4075//4075 4080//4080
f 4080//4080 4075//4075 4081//4081
f 4074//4074 4080//4080 4076//4076
f 4080//4080 4081//4081 4082//4082
f 4076//4076 4082//4082 4078//4078
f 4080//4080 4082//4082 4076//4076
f 4078//4078 4083//4083 4079//4079
f 4078//4078 4082//4082 4083//4083
f 4082//4082 4081//4081 4083//4083
f 4084//4084 4085//4085 4086//4086
f 4084//4084 4087//4087 4085//4085
f 4088//4088 4087//4087 4084//4084
f 4088//4088 4084//4084 4089//4089
f 4085//4085 4090//4090 4086//4086
f 4086//4086 4090//4090 4091//4091
f 4090//4090 4092//4092 4091//4091
f 4086//4086 4091//4091 4093//4093
f 4090//4090 4094//4094 4092//4092
f 4084//4084 4086//4086 4089//4089
f 4085//4085 4095//4095 4090//4090
f 4085//4085 4087//4087 4096//4096
f 4085//4085 4096//4096 4095//4095
f 4086//4086 4093//4093 4089//4089
f 4090//4090 4095//4095 4094//4094
f 4088//4088 4097//4097 4087//4087
f 4088//4088 4098//4098 4099//4099
f 4088//4088 4099//4099 4097//4097
f 4097//4097 4099//4099 4100//4100
f 4088//4088 4089//4089 4098//4098
f 4099//4099 4098//4098 4101//4101
f 4087//4087 4097//4097 4096//4096
f 4097//4097 4102//4102 4096//4096
f 4097//4097 4100//4100 4102//4102
f 4102//4102 4100//4100 4103//4103
f 4099//4099 4104//4104 4100//4100
f 4099//4099 4101//4101 4104//4104
f 4104//4104 4101//4101 4105//4105
f 4104//4104 4106//4106 4100//4100
f 4104//4104 4105//4105 4106//4106
f 4100//4100 4106//4106 4103//4103
f 4091//4091 4092//4092 4107//4107
f 4091//4091 4107//4107 4093//4093
f 4092//4092 4094//4094 4108//4108
f 4092//4092 4108//4108 4107//4107
f 4107//4107 4109//4109 4093//4093
f 4108//4108 4094//4094 4110//4110
f 4107//4107 4111//4111 4109//4109
f 4108//4108 4110//4110 4112//4112
f 4110//4110 4113//4113 4112//4112
f 4107//4107 4108//4108 4111//4111
f 4108//4108 4112//4112 4111//4111
f 4111//4111 4112//4112 4114//4114
f 4111//4111 4114//4114 4109//4109
f 4112//4112 4115//4115 4114//4114
f 4112//4112 4113//4113 4115//4115
f 4105//4105 4101//4101 4116//4116
f 4103//4103 4106//4106 4117//4117
f 4118//4118 4117//4117 4119//4119
f 4120//4120 4116//4116 4109//4109
f 4121//4121 4116//4116 4120//4120
f 4113//4113 4118//4118 4122//4122
f 4118//4118 4119//4119 4122//4122
f 4105//4105 4116//4116 4121//4121
f 4105//4105 4119//4119 4106//4106
f 4117//4117 4106//4106 4119//4119
f 4121//4121 4122//4122 4119//4119
f 4105//4105 4121//4121 4119//4119
f 4114//4114 4120//4120 4109//4109
f 4115//4115 4122//4122 4120//4120
f 4113//4113 4122//4122 4115//4115
f 4115//4115 4120//4120 4114//4114
f 4121//4121 4120//4120 4122//4122
f 4123//4123 4124//4124 4125//4125
f 4123//4123 4126//4126 4127//4127
f 4124//4124 4128//4128 4125//4125
f 4124//4124 4129//4129 4130//4130
f 4124//4124 4131//4131 4129//4129
f 4124//4124 4130//4130 4128//4128
f 4123//4123 4132//4132 4133//4133
f 4123//4123 4133//4133 4134//4134
f 4123//4123 4134//4134 4135//4135
f 4123//4123 4125//4125 4132//4132
f 4123//4123 4135//4135 4136//4136
f 4123//4123 4136//4136 4126//4126
f 4126//4126 4137//4137 4127//4127
f 4137//4137 4138//4138 4127//4127
f 4124//4124 4139//4139 4131//4131
f 4139//4139 4140//4140 4141//4141
f 4139//4139 4142//4142 4131//4131
f 4139//4139 4143//4143 4142//4142
f 4139//4139 4144//4144 4143//4143
f 4139//4139 4141//4141 4144//4144
f 4141//4141 4140//4140 4145//4145
f 4146//4146 4147//4147 4137//4137
f 4137//4137 4147//4147 4148//4148
f 4148//4148 4149//4149 4138//4138
f 4137//4137 4148//4148 4138//4138
f 4150//4150 4151//4151 4152//4152
f 4153//4153 4154//4154 4155//4155
f 4153//4153 4156//4156 4157//4157
f 4153//4153 4157//4157 4154//4154
f 4155//4155 4152//4152 4151//4151
f 4155//4155 4154//4154 4152//4152
f 4158//4158 4159//4159 4160//4160
f 4158//4158 4151//4151 4159//4159
f 4149//4149 4160//4160 4159//4159
f 4159//4159 4161//4161 4162//4162
f 4149//4149 4159//4159 4138//4138
f 4159//4159 4162//4162 4163//4163
f 4159//4159 4163//4163 4164//4164
f 4159//4159 4164//4164 4138//4138
f 4150//4150 4159//4159 4151//4151
f 4150//4150 4161//4161 4159//4159
f 4150//4150 4165//4165 4161//4161
f 4150//4150 4166//4166 4165//4165
f 4144//4144 4141//4141 4167//4167
f 4156//4156 4168//4168 4157//4157
f 4156//4156 4169//4169 4168//4168
f 4170//4170 4141//4141 4156//4156
f 4171//4171 4141//4141 4170//4170
f 4167//4167 4141//4141 4171//4171
f 4156//4156 4141//4141 4169//4169
f 4169//4169 4141//4141 4172//4172
f 4172//4172 4173//4173 4174//4174
f 4172//4172 4141//4141 4173//4173
f 4141//4141 4175//4175 4173//4173
f 4141//4141 4145//4145 4175//4175
f 4175//4175 4145//4145 4176//4176
f 4127//4127 4177//4177 4178//4178
f 4178//4178 4179//4179 4180//4180
f 4127//4127 4181//4181 4177//4177
f 4138//4138 4181//4181 4127//4127
f 4178//4178 4177//4177 4182//4182
f 4178//4178 4183//4183 4184//4184
f 4178//4178 4185//4185 4183//4183
f 4178//4178 4186//4186 4187//4187
f 4178//4178 4184//4184 4188//4188
f 4178//4178 4188//4188 4186//4186
f 4178//4178 4187//4187 4179//4179
f 4178//4178 4189//4189 4190//4190
f 4178//4178 4190//4190 4185//4185
f 4178//4178 4182//4182 4189//4189
f 4140//4140 4191//4191 4192//4192
f 4193//4193 4194//4194 4191//4191
f 4195//4195 4196//4196 4193//4193
f 4191//4191 4194//4194 4197//4197
f 4191//4191 4197//4197 4198//4198
f 4191//4191 4198//4198 4199//4199
f 4191//4191 4200//4200 4192//4192
f 4145//4145 4140//4140 4192//4192
f 4191//4191 4201//4201 4200//4200
f 4191//4191 4199//4199 4202//4202
f 4191//4191 4202//4202 4201//4201
f 4195//4195 4203//4203 4204//4204
f 4195//4195 4204//4204 4205//4205
f 4195//4195 4205//4205 4206//4206
f 4195//4195 4206//4206 4207//4207
f 4195//4195 4207//4207 4208//4208
f 4195//4195 4208//4208 4196//4196
f 4195//4195 4179//4179 4203//4203
f 4193//4193 4209//4209 4194//4194
f 4193//4193 4196//4196 4209//4209
f 4185//4185 4210//4210 4183//4183
f 4185//4185 4211//4211 4210//4210
f 4210//4210 4211//4211 4212//4212
f 4138//4138 4213//4213 4181//4181
f 4138//4138 4214//4214 4213//4213
f 4138//4138 4177//4177 4214//4214
f 4138//4138 4182//4182 4177//4177
f 4138//4138 4164//4164 4215//4215
f 4138//4138 4215//4215 4182//4182
f 4189//4189 4182//4182 4216//4216
f 4216//4216 4182//4182 4217//4217
f 4217//4217 4182//4182 4218//4218
f 4215//4215 4219//4219 4182//4182
f 4218//4218 4182//4182 4220//4220
f 4182//4182 4219//4219 4221//4221
f 4182//4182 4221//4221 4220//4220
f 4219//4219 4222//4222 4221//4221
f 4218//4218 4220//4220 4223//4223
f 4218//4218 4223//4223 4224//4224
f 4225//4225 4218//4218 4224//4224
f 4225//4225 4226//4226 4227//4227
f 4225//4225 4224//4224 4226//4226
f 4228//4228 4229//4229 4230//4230
f 4228//4228 4231//4231 4229//4229
f 4232//4232 4231//4231 4228//4228
f 4232//4232 4233//4233 4231//4231
f 4202//4202 4230//4230 4201//4201
f 4230//4230 4229//4229 4201//4201
f 4212//4212 4234//4234 4235//4235
f 4212//4212 4211//4211 4234//4234
f 4235//4235 4234//4234 4236//4236
f 4234//4234 4237//4237 4236//4236
f 4238//4238 4239//4239 4201//4201
f 4240//4240 4201//4201 4239//4239
f 4240//4240 4241//4241 4242//4242
f 4240//4240 4242//4242 4201//4201
f 4145//4145 4200//4200 4201//4201
f 4145//4145 4201//4201 4176//4176
f 4176//4176 4201//4201 4243//4243
f 4145//4145 4192//4192 4244//4244
f 4145//4145 4244//4244 4245//4245
f 4145//4145 4245//4245 4200//4200
f 4243//4243 4201//4201 4246//4246
f 4229//4229 4247//4247 4201//4201
f 4238//4238 4201//4201 4247//4247
f 4246//4246 4201//4201 4248//4248
f 4242//4242 4248//4248 4201//4201
f 4249//4249 4250//4250 4251//4251
f 4249//4249 4251//4251 4239//4239
f 4252//4252 4250//4250 4249//4249
f 4252//4252 4226//4226 4250//4250
f 4249//4249 4239//4239 4238//4238
f 4253//4253 4254//4254 4255//4255
f 4253//4253 4256//4256 4254//4254
f 4254//4254 4256//4256 4257//4257
f 4258//4258 4259//4259 4260//4260
f 4258//4258 4260//4260 4261//4261
f 4258//4258 4261//4261 4262//4262
f 4263//4263 4258//4258 4264//4264
f 4265//4265 4266//4266 4267//4267
f 4267//4267 4268//4268 4269//4269
f 4267//4267 4266//4266 4270//4270
f 4267//4267 4270//4270 4271//4271
f 4267//4267 4271//4271 4272//4272
f 4267//4267 4272//4272 4273//4273
f 4267//4267 4273//4273 4274//4274
f 4267//4267 4274//4274 4275//4275
f 4263//4263 4276//4276 4265//4265
f 4258//4258 4262//4262 4277//4277
f 4263//4263 4264//4264 4278//4278
f 4258//4258 4277//4277 4264//4264
f 4262//4262 4279//4279 4277//4277
f 4263//4263 4278//4278 4276//4276
f 4265//4265 4276//4276 4280//4280
f 4265//4265 4280//4280 4266//4266
f 4279//4279 4255//4255 4281//4281
f 4279//4279 4281//4281 4277//4277
f 4255//4255 4254//4254 4281//4281
f 4267//4267 4275//4275 4282//4282
f 4267//4267 4282//4282 4268//4268
f 4283//4283 4282//4282 4275//4275
f 4283//4283 4284//4284 4282//4282
f 4285//4285 4286//4286 4284//4284
f 4285//4285 4287//4287 4286//4286
f 4288//4288 4289//4289 4285//4285
f 4285//4285 4289//4289 4287//4287
f 4284//4284 4286//4286 4282//4282
f 4288//4288 4290//4290 4291//4291
f 4288//4288 4291//4291 4292//4292
f 4290//4290 4293//4293 4294//4294
f 4290//4290 4295//4295 4291//4291
f 4290//4290 4294//4294 4295//4295
f 4288//4288 4292//4292 4289//4289
f 4256//4256 4296//4296 4297//4297
f 4256//4256 4297//4297 4257//4257
f 4298//4298 4299//4299 4300//4300
f 4300//4300 4299//4299 4301//4301
f 4299//4299 4302//4302 4303//4303
f 4296//4296 4304//4304 4297//4297
f 4301//4301 4303//4303 4305//4305
f 4301//4301 4299//4299 4303//4303
f 4306//4306 4305//4305 4303//4303
f 4302//4302 4307//4307 4308//4308
f 4296//4296 4309//4309 4304//4304
f 4296//4296 4306//4306 4303//4303
f 4304//4304 4309//4309 4310//4310
f 4296//4296 4311//4311 4309//4309
f 4302//4302 4308//4308 4303//4303
f 4296//4296 4303//4303 4312//4312
f 4296//4296 4312//4312 4311//4311
f 4309//4309 4311//4311 4313//4313
f 4308//4308 4307//4307 4314//4314
f 4314//4314 4307//4307 4315//4315
f 4315//4315 4307//4307 4316//4316
f 4313//4313 4317//4317 4293//4293
f 4313//4313 4311//4311 4317//4317
f 4293//4293 4318//4318 4294//4294
f 4293//4293 4317//4317 4318//4318
f 4319//4319 4320//4320 4321//4321
f 4319//4319 4321//4321 4322//4322
f 4319//4319 4323//4323 4320//4320
f 4319//4319 4322//4322 4323//4323
f 4324//4324 4325//4325 4326//4326
f 4325//4325 4327//4327 4326//4326
f 4324//4324 4328//4328 4325//4325
f 4325//4325 4328//4328 4329//4329
f 4325//4325 4329//4329 4330//4330
f 4325//4325 4330//4330 4331//4331
f 4325//4325 4331//4331 4327//4327
f 4327//4327 4331//4331 4332//4332
f 4333//4333 4331//4331 4330//4330
f 4333//4333 4334//4334 4331//4331
f 4335//4335 4336//4336 4337//4337
f 4269//4269 4338//4338 4339//4339
f 4339//4339 4340//4340 4335//4335
f 4335//4335 4340//4340 4336//4336
f 4336//4336 4341//4341 4342//4342
f 4342//4342 4341//4341 4343//4343
f 4343//4343 4344//4344 4345//4345
f 4345//4345 4346//4346 4347//4347
f 4347//4347 4348//4348 4349//4349
f 4345//4345 4350//4350 4346//4346
f 4347//4347 4346//4346 4348//4348
f 4269//4269 4268//4268 4351//4351
f 4269//4269 4351//4351 4352//4352
f 4269//4269 4352//4352 4338//4338
f 4339//4339 4338//4338 4340//4340
f 4336//4336 4340//4340 4341//4341
f 4345//4345 4344//4344 4350//4350
f 4343//4343 4341//4341 4344//4344
f 4350//4350 4344//4344 4353//4353
f 4353//4353 4344//4344 4354//4354
f 4354//4354 4355//4355 4356//4356
f 4354//4354 4344//4344 4357//4357
f 4354//4354 4357//4357 4358//4358
f 4354//4354 4358//4358 4355//4355
f 4359//4359 4360//4360 4361//4361
f 4362//4362 4363//4363 4364//4364
f 4365//4365 4362//4362 4364//4364
f 4365//4365 4364//4364 4360//4360
f 4366//4366 4367//4367 4368//4368
f 4366//4366 4369//4369 4367//4367
f 4370//4370 4366//4366 4368//4368
f 4370//4370 4369//4369 4366//4366
f 4371//4371 4361//4361 4372//4372
f 4371//4371 4372//4372 4373//4373
f 4360//4360 4372//4372 4361//4361
f 4360//4360 4364//4364 4372//4372
f 4372//4372 4364//4364 4373//4373
f 4331//4331 4374//4374 4332//4332
f 4331//4331 4375//4375 4363//4363
f 4331//4331 4363//4363 4374//4374
f 4331//4331 4334//4334 4375//4375
f 4374//4374 4363//4363 4376//4376
f 4375//4375 4364//4364 4363//4363
f 4377//4377 4378//4378 4379//4379
f 4379//4379 4378//4378 4380//4380
f 4378//4378 4381//4381 4382//4382
f 4379//4379 4383//4383 4384//4384
f 4385//4385 4384//4384 4386//4386
f 4381//4381 4387//4387 4382//4382
f 4378//4378 4382//4382 4388//4388
f 4378//4378 4388//4388 4380//4380
f 4379//4379 4380//4380 4389//4389
f 4379//4379 4389//4389 4390//4390
f 4379//4379 4390//4390 4383//4383
f 4384//4384 4383//4383 4386//4386
f 4307//4307 4391//4391 4316//4316
f 4391//4391 4392//4392 4393//4393
f 4391//4391 4394//4394 4395//4395
f 4391//4391 4393//4393 4394//4394
f 4391//4391 4395//4395 4396//4396
f 4391//4391 4385//4385 4386//4386
f 4391//4391 4386//4386 4392//4392
f 4382//4382 4397//4397 4349//4349
f 4387//4387 4397//4397 4382//4382
f 4349//4349 4348//4348 4398//4398
f 4382//4382 4349//4349 4398//4398
f 4390//4390 4399//4399 4383//4383
f 4399//4399 4400//4400 4383//4383
f 4401//4401 4356//4356 4402//4402
f 4401//4401 4403//4403 4404//4404
f 4404//4404 4405//4405 4406//4406
f 4407//4407 4406//4406 4408//4408
f 4396//4396 4409//4409 4410//4410
f 4409//4409 4407//4407 4408//4408
f 4391//4391 4411//4411 4316//4316
f 4391//4391 4396//4396 4411//4411
f 4401//4401 4402//4402 4403//4403
f 4355//4355 4402//4402 4356//4356
f 4404//4404 4403//4403 4412//4412
f 4404//4404 4412//4412 4405//4405
f 4405//4405 4413//4413 4414//4414
f 4413//4413 4415//4415 4414//4414
f 4406//4406 4414//4414 4408//4408
f 4396//4396 4410//4410 4411//4411
f 4409//4409 4408//4408 4410//4410
f 4406//4406 4405//4405 4414//4414
f 4416//4416 4417//4417 4418//4418
f 4416//4416 4419//4419 4420//4420
f 4416//4416 4421//4421 4422//4422
f 4416//4416 4422//4422 4419//4419
f 4422//4422 4423//4423 4419//4419
f 4419//4419 4423//4423 4424//4424
f 4425//4425 4426//4426 4427//4427
f 4425//4425 4418//4418 4417//4417
f 4425//4425 4417//4417 4428//4428
f 4425//4425 4428//4428 4429//4429
f 4416//4416 4420//4420 4417//4417
f 4417//4417 4420//4420 4430//4430
f 4419//4419 4430//4430 4420//4420
f 4417//4417 4430//4430 4428//4428
f 4428//4428 4430//4430 4431//4431
f 4421//4421 4432//4432 4433//4433
f 4422//4422 4433//4433 4434//4434
f 4416//4416 4418//4418 4421//4421
f 4418//4418 4435//4435 4421//4421
f 4425//4425 4427//4427 4418//4418
f 4418//4418 4427//4427 4435//4435
f 4421//4421 4435//4435 4432//4432
f 4427//4427 4432//4432 4435//4435
f 4422//4422 4421//4421 4433//4433
f 4432//4432 4436//4436 4433//4433
f 4433//4433 4437//4437 4434//4434
f 4433//4433 4436//4436 4437//4437
f 4437//4437 4436//4436 4438//4438
f 4432//4432 4438//4438 4436//4436
f 4427//4427 4438//4438 4432//4432
f 4427//4427 4439//4439 4440//4440
f 4427//4427 4441//4441 4439//4439
f 4427//4427 4440//4440 4438//4438
f 4441//4441 4442//4442 4439//4439
f 4424//4424 4434//4434 4443//4443
f 4424//4424 4443//4443 4444//4444
f 4422//4422 4434//4434 4423//4423
f 4423//4423 4434//4434 4424//4424
f 4419//4419 4424//4424 4445//4445
f 4419//4419 4445//4445 4446//4446
f 4437//4437 4443//4443 4434//4434
f 4424//4424 4444//4444 4445//4445
f 4437//4437 4447//4447 4443//4443
f 4443//4443 4447//4447 4448//4448
f 4443//4443 4448//4448 4444//4444
f 4444//4444 4448//4448 4445//4445
f 4445//4445 4448//4448 4449//4449
f 4445//4445 4450//4450 4446//4446
f 4425//4425 4429//4429 4426//4426
f 4426//4426 4451//4451 4427//4427
f 4426//4426 4429//4429 4451//4451
f 4427//4427 4451//4451 4441//4441
f 4429//4429 4452//4452 4451//4451
f 4451//4451 4452//4452 4453//4453
f 4428//4428 4454//4454 4429//4429
f 4429//4429 4454//4454 4452//4452
f 4451//4451 4453//4453 4441//4441
f 4453//4453 4452//4452 4455//4455
f 4452//4452 4456//4456 4455//4455
f 4453//4453 4455//4455 4441//4441
f 4441//4441 4455//4455 4457//4457
f 4419//4419 4446//4446 4430//4430
f 4428//4428 4431//4431 4454//4454
f 4430//4430 4446//4446 4431//4431
f 4452//4452 4454//4454 4456//4456
f 4431//4431 4446//4446 4454//4454
f 4454//4454 4446//4446 4456//4456
f 4455//4455 4456//4456 4458//4458
f 4455//4455 4458//4458 4457//4457
f 4446//4446 4459//4459 4456//4456
f 4456//4456 4459//4459 4458//4458
f 4446//4446 4450//4450 4459//4459
f 4459//4459 4450//4450 4458//4458
f 4437//4437 4438//4438 4447//4447
f 4448//4448 4447//4447 4460//4460
f 4438//4438 4461//4461 4447//4447
f 4438//4438 4462//4462 4461//4461
f 4447//4447 4461//4461 4460//4460
f 4438//4438 4463//4463 4462//4462
f 4448//4448 4460//4460 4449//4449
f 4445//4445 4449//4449 4464//4464
f 4445//4445 4464//4464 4465//4465
f 4464//4464 4449//4449 4466//4466
f 4460//4460 4467//4467 4449//4449
f 4460//4460 4468//4468 4469//4469
f 4460//4460 4469//4469 4467//4467
f 4449//4449 4467//4467 4470//4470
f 4449//4449 4470//4470 4466//4466
f 4440//4440 4471//4471 4438//4438
f 4438//4438 4471//4471 4472//4472
f 4438//4438 4472//4472 4463//4463
f 4442//4442 4473//4473 4474//4474
f 4474//4474 4473//4473 4475//4475
f 4445//4445 4465//4465 4450//4450
f 4476//4476 4477//4477 4478//4478
f 4476//4476 4478//4478 4479//4479
f 4478//4478 4480//4480 4479//4479
f 4460//4460 4461//4461 4481//4481
f 4460//4460 4481//4481 4468//4468
f 4461//4461 4482//4482 4483//4483
f 4461//4461 4462//4462 4482//4482
f 4481//4481 4461//4461 4483//4483
f 4474//4474 4475//4475 4484//4484
f 4475//4475 4473//4473 4485//4485
f 4485//4485 4473//4473 4486//4486
f 4487//4487 4488//4488 4473//4473
f 4486//4486 4473//4473 4488//4488
f 4441//4441 4473//4473 4442//4442
f 4441//4441 4489//4489 4473//4473
f 4441//4441 4457//4457 4489//4489
f 4489//4489 4457//4457 4490//4490
f 4457//4457 4478//4478 4490//4490
f 4489//4489 4490//4490 4473//4473
f 4473//4473 4490//4490 4491//4491
f 4487//4487 4473//4473 4491//4491
f 4458//4458 4478//4478 4457//4457
f 4458//4458 4450//4450 4478//4478
f 4450//4450 4492//4492 4478//4478
f 4477//4477 4490//4490 4478//4478
f 4477//4477 4491//4491 4490//4490
f 4464//4464 4466//4466 4493//4493
f 4464//4464 4493//4493 4465//4465
f 4450//4450 4465//4465 4492//4492
f 4478//4478 4492//4492 4480//4480
f 4493//4493 4494//4494 4465//4465
f 4465//4465 4494//4494 4495//4495
f 4492//4492 4465//4465 4480//4480
f 4495//4495 4496//4496 4480//4480
f 4497//4497 4479//4479 4480//4480
f 4496//4496 4497//4497 4480//4480
f 4465//4465 4495//4495 4480//4480
f 4498//4498 4499//4499 4500//4500
f 4498//4498 4501//4501 4499//4499
f 4500//4500 4499//4499 4502//4502
f 4501//4501 4503//4503 4499//4499
f 4502//4502 4504//4504 4505//4505
f 4505//4505 4504//4504 4506//4506
f 4502//4502 4507//4507 4504//4504
f 4502//4502 4499//4499 4507//4507
f 4503//4503 4508//4508 4499//4499
f 4509//4509 4510//4510 4511//4511
f 4512//4512 4513//4513 4514//4514
f 4512//4512 4515//4515 4516//4516
f 4512//4512 4516//4516 4513//4513
f 4514//4514 4517//4517 4518//4518
f 4518//4518 4519//4519 4520//4520
f 4518//4518 4517//4517 4519//4519
f 4514//4514 4513//4513 4517//4517
f 4511//4511 4510//4510 4516//4516
f 4511//4511 4516//4516 4515//4515
f 4520//4520 4519//4519 4521//4521
f 4521//4521 4519//4519 4522//4522
f 4521//4521 4522//4522 4523//4523
f 4524//4524 4525//4525 4526//4526
f 4526//4526 4527//4527 4528//4528
f 4524//4524 4529//4529 4525//4525
f 4526//4526 4525//4525 4527//4527
f 4524//4524 4530//4530 4529//4529
f 4530//4530 4531//4531 4529//4529
f 4531//4531 4532//4532 4529//4529
f 4531//4531 4533//4533 4532//4532
f 4529//4529 4532//4532 4534//4534
f 4529//4529 4534//4534 4535//4535
f 4532//4532 4536//4536 4534//4534
f 4537//4537 4538//4538 4539//4539
f 4537//4537 4539//4539 4540//4540
f 4537//4537 4540//4540 4541//4541
f 4541//4541 4542//4542 4543//4543
f 4543//4543 4542//4542 4544//4544
f 4545//4545 4544//4544 4542//4542
f 4546//4546 4545//4545 4542//4542
f 4546//4546 4542//4542 4547//4547
f 4547//4547 4542//4542 4548//4548
f 4549//4549 4550//4550 4551//4551
f 4549//4549 4551//4551 4552//4552
f 4553//4553 4527//4527 4551//4551
f 4550//4550 4553//4553 4551//4551
f 4554//4554 4527//4527 4555//4555
f 4556//4556 4555//4555 4527//4527
f 4556//4556 4527//4527 4553//4553
f 4528//4528 4527//4527 4557//4557
f 4557//4557 4527//4527 4554//4554
f 4527//4527 4558//4558 4551//4551
f 4552//4552 4551//4551 4559//4559
f 4560//4560 4561//4561 4562//4562
f 4562//4562 4561//4561 4537//4537
f 4560//4560 4559//4559 4561//4561
f 4559//4559 4551//4551 4561//4561
f 4561//4561 4551//4551 4563//4563
f 4537//4537 4561//4561 4564//4564
f 4537//4537 4564//4564 4538//4538
f 4551//4551 4558//4558 4563//4563
f 4561//4561 4563//4563 4564//4564
f 4532//4532 4565//4565 4566//4566
f 4532//4532 4533//4533 4567//4567
f 4532//4532 4567//4567 4565//4565
f 4568//4568 4566//4566 4565//4565
f 4569//4569 4570//4570 4566//4566
f 4532//4532 4566//4566 4570//4570
f 4534//4534 4536//4536 4535//4535
f 4540//4540 4571//4571 4541//4541
f 4564//4564 4572//4572 4538//4538
f 4541//4541 4573//4573 4542//4542
f 4574//4574 4548//4548 4573//4573
f 4548//4548 4542//4542 4573//4573
f 4574//4574 4573//4573 4569//4569
f 4541//4541 4571//4571 4573//4573
f 4564//4564 4575//4575 4572//4572
f 4564//4564 4576//4576 4575//4575
f 4571//4571 4577//4577 4573//4573
f 4532//4532 4570//4570 4536//4536
f 4569//4569 4573//4573 4570//4570
f 4536//4536 4570//4570 4578//4578
f 4570//4570 4573//4573 4579//4579
f 4570//4570 4579//4579 4578//4578
f 4573//4573 4580//4580 4579//4579
f 4573//4573 4577//4577 4580//4580
f 4525//4525 4529//4529 4581//4581
f 4525//4525 4581//4581 4527//4527
f 4527//4527 4581//4581 4558//4558
f 4558//4558 4581//4581 4582//4582
f 4558//4558 4582//4582 4583//4583
f 4563//4563 4558//4558 4583//4583
f 4563//4563 4584//4584 4564//4564
f 4563//4563 4583//4583 4584//4584
f 4529//4529 4535//4535 4581//4581
f 4581//4581 4535//4535 4585//4585
f 4581//4581 4586//4586 4582//4582
f 4582//4582 4586//4586 4583//4583
f 4583//4583 4586//4586 4587//4587
f 4583//4583 4587//4587 4584//4584
f 4581//4581 4585//4585 4588//4588
f 4581//4581 4588//4588 4586//4586
f 4586//4586 4589//4589 4587//4587
f 4564//4564 4584//4584 4590//4590
f 4564//4564 4590//4590 4591//4591
f 4590//4590 4584//4584 4592//4592
f 4590//4590 4592//4592 4591//4591
f 4577//4577 4593//4593 4580//4580
f 4564//4564 4594//4594 4576//4576
f 4564//4564 4591//4591 4594//4594
f 4576//4576 4594//4594 4593//4593
f 4593//4593 4594//4594 4580//4580
f 4587//4587 4592//4592 4584//4584
f 4591//4591 4592//4592 4595//4595
f 4587//4587 4596//4596 4592//4592
f 4592//4592 4596//4596 4595//4595
f 4591//4591 4595//4595 4597//4597
f 4591//4591 4597//4597 4594//4594
f 4597//4597 4595//4595 4598//4598
f 4597//4597 4598//4598 4594//4594
f 4536//4536 4599//4599 4535//4535
f 4535//4535 4599//4599 4600//4600
f 4536//4536 4578//4578 4599//4599
f 4535//4535 4600//4600 4585//4585
f 4600//4600 4599//4599 4601//4601
f 4578//4578 4602//4602 4599//4599
f 4599//4599 4602//4602 4601//4601
f 4600//4600 4601//4601 4585//4585
f 4601//4601 4603//4603 4585//4585
f 4601//4601 4604//4604 4603//4603
f 4585//4585 4603//4603 4605//4605
f 4585//4585 4605//4605 4606//4606
f 4605//4605 4603//4603 4607//4607
f 4579//4579 4580//4580 4578//4578
f 4578//4578 4580//4580 4602//4602
f 4580//4580 4608//4608 4602//4602
f 4601//4601 4602//4602 4604//4604
f 4602//4602 4608//4608 4604//4604
f 4580//4580 4609//4609 4608//4608
f 4608//4608 4609//4609 4604//4604
f 4603//4603 4610//4610 4607//4607
f 4603//4603 4604//4604 4610//4610
f 4594//4594 4609//4609 4580//4580
f 4604//4604 4609//4609 4610//4610
f 4609//4609 4611//4611 4610//4610
f 4594//4594 4611//4611 4609//4609
f 4587//4587 4589//4589 4596//4596
f 4586//4586 4588//4588 4589//4589
f 4589//4589 4588//4588 4596//4596
f 4596//4596 4588//4588 4612//4612
f 4595//4595 4596//4596 4612//4612
f 4588//4588 4613//4613 4612//4612
f 4612//4612 4614//4614 4598//4598
f 4595//4595 4612//4612 4598//4598
f 4594//4594 4598//4598 4615//4615
f 4585//4585 4606//4606 4588//4588
f 4605//4605 4607//4607 4606//4606
f 4588//4588 4606//4606 4613//4613
f 4606//4606 4607//4607 4614//4614
f 4606//4606 4614//4614 4613//4613
f 4607//4607 4615//4615 4614//4614
f 4612//4612 4613//4613 4614//4614
f 4594//4594 4615//4615 4611//4611
f 4610//4610 4611//4611 4615//4615
f 4610//4610 4615//4615 4607//4607
f 4598//4598 4614//4614 4615//4615
f 4616//4616 4617//4617 4618//4618
f 4616//4616 4619//4619 4617//4617
f 4616//4616 4618//4618 4620//4620
f 4616//4616 4621//4621 4619//4619
f 4616//4616 4620//4620 4622//4622
f 4616//4616 4623//4623 4621//4621
f 4616//4616 4622//4622 4624//4624
f 4616//4616 4624//4624 4625//4625
f 4616//4616 4625//4625 4623//4623
f 4626//4626 4627//4627 4628//4628
f 4629//4629 4630//4630 4631//4631
f 4626//4626 4632//4632 4629//4629
f 4629//4629 4631//4631 4633//4633
f 4627//4627 4634//4634 4635//4635
f 4627//4627 4635//4635 4636//4636
f 4628//4628 4627//4627 4636//4636
f 4634//4634 4637//4637 4635//4635
f 4626//4626 4628//4628 4632//4632
f 4629//4629 4632//4632 4630//4630
f 4634//4634 4638//4638 4637//4637
f 4638//4638 4639//4639 4637//4637
f 4639//4639 4640//4640 4641//4641
f 4640//4640 4642//4642 4643//4643
f 4642//4642 4644//4644 4643//4643
f 4645//4645 4643//4643 4644//4644
f 4645//4645 4646//4646 4643//4643
f 4647//4647 4648//4648 4649//4649
f 4647//4647 4646//4646 4645//4645
f 4647//4647 4649//4649 4646//4646
f 4648//4648 4650//4650 4649//4649
f 4639//4639 4641//4641 4637//4637
f 4640//4640 4643//4643 4641//4641
f 4651//4651 4652//4652 4633//4633
f 4653//4653 4654//4654 4652//4652
f 4653//4653 4655//4655 4656//4656
f 4631//4631 4651//4651 4633//4633
f 4651//4651 4657//4657 4652//4652
f 4657//4657 4653//4653 4652//4652
f 4653//4653 4656//4656 4654//4654
f 4656//4656 4658//4658 4654//4654
f 4656//4656 4659//4659 4658//4658
f 4660//4660 4661//4661 4662//4662
f 4658//4658 4659//4659 4663//4663
f 4663//4663 4659//4659 4664//4664
f 4665//4665 4661//4661 4666//4666
f 4666//4666 4661//4661 4667//4667
f 4664//4664 4659//4659 4665//4665
f 4665//4665 4659//4659 4661//4661
f 4667//4667 4661//4661 4660//4660
f 4648//4648 4668//4668 4669//4669
f 4660//4660 4662//4662 4668//4668
f 4648//4648 4669//4669 4650//4650
f 4668//4668 4662//4662 4669//4669
f 4670//4670 4671//4671 4672//4672
f 4673//4673 4674//4674 4675//4675
f 4676//4676 4674//4674 4673//4673
f 4676//4676 4672//4672 4674//4674
f 4676//4676 4677//4677 4670//4670
f 4673//4673 4675//4675 4678//4678
f 4676//4676 4670//4670 4672//4672
f 4670//4670 4679//4679 4671//4671
f 4670//4670 4680//4680 4679//4679
f 4679//4679 4681//4681 4671//4671
f 4677//4677 4678//4678 4682//4682
f 4677//4677 4683//4683 4680//4680
f 4680//4680 4684//4684 4681//4681
f 4676//4676 4673//4673 4678//4678
f 4676//4676 4678//4678 4677//4677
f 4678//4678 4675//4675 4685//4685
f 4670//4670 4677//4677 4680//4680
f 4679//4679 4680//4680 4681//4681
f 4677//4677 4682//4682 4683//4683
f 4678//4678 4685//4685 4682//4682
f 4683//4683 4682//4682 4685//4685
f 4680//4680 4683//4683 4684//4684
f 4683//4683 4686//4686 4684//4684
f 4675//4675 4687//4687 4685//4685
f 4674//4674 4688//4688 4689//4689
f 4674//4674 4689//4689 4675//4675
f 4690//4690 4675//4675 4689//4689
f 4690//4690 4691//4691 4675//4675
f 4672//4672 4692//4692 4688//4688
f 4674//4674 4672//4672 4688//4688
f 4672//4672 4671//4671 4692//4692
f 4671//4671 4693//4693 4692//4692
f 4690//4690 4689//4689 4694//4694
f 4689//4689 4695//4695 4694//4694
f 4689//4689 4688//4688 4695//4695
f 4688//4688 4692//4692 4693//4693
f 4688//4688 4693//4693 4695//4695
f 4690//4690 4694//4694 4691//4691
f 4691//4691 4694//4694 4696//4696
f 4671//4671 4697//4697 4693//4693
f 4694//4694 4695//4695 4698//4698
f 4693//4693 4699//4699 4695//4695
f 4695//4695 4699//4699 4698//4698
f 4675//4675 4700//4700 4701//4701
f 4675//4675 4691//4691 4700//4700
f 4691//4691 4696//4696 4702//4702
f 4691//4691 4702//4702 4700//4700
f 4694//4694 4698//4698 4696//4696
f 4696//4696 4703//4703 4702//4702
f 4696//4696 4698//4698 4704//4704
f 4698//4698 4699//4699 4697//4697
f 4675//4675 4701//4701 4687//4687
f 4700//4700 4705//4705 4701//4701
f 4702//4702 4703//4703 4700//4700
f 4700//4700 4703//4703 4706//4706
f 4696//4696 4704//4704 4703//4703
f 4698//4698 4697//4697 4704//4704
f 4703//4703 4704//4704 4707//4707
f 4683//4683 4685//4685 4686//4686
f 4684//4684 4686//4686 4708//4708
f 4686//4686 4709//4709 4708//4708
f 4685//4685 4710//4710 4711//4711
f 4685//4685 4687//4687 4710//4710
f 4686//4686 4685//4685 4712//4712
f 4686//4686 4712//4712 4709//4709
f 4709//4709 4713//4713 4708//4708
f 4709//4709 4714//4714 4715//4715
f 4709//4709 4715//4715 4713//4713
f 4685//4685 4711//4711 4716//4716
f 4717//4717 4718//4718 4719//4719
f 4685//4685 4720//4720 4712//4712
f 4685//4685 4716//4716 4720//4720
f 4717//4717 4719//4719 4721//4721
f 4717//4717 4721//4721 4722//4722
f 4709//4709 4723//4723 4724//4724
f 4709//4709 4724//4724 4714//4714
f 4712//4712 4720//4720 4709//4709
f 4709//4709 4725//4725 4723//4723
f 4709//4709 4720//4720 4725//4725
f 4716//4716 4726//4726 4720//4720
f 4726//4726 4722//4722 4720//4720
f 4722//4722 4721//4721 4720//4720
f 4720//4720 4721//4721 4727//4727
f 4720//4720 4727//4727 4728//4728
f 4729//4729 4730//4730 4731//4731
f 4725//4725 4720//4720 4732//4732
f 4720//4720 4733//4733 4732//4732
f 4720//4720 4734//4734 4733//4733
f 4720//4720 4728//4728 4734//4734
f 4734//4734 4735//4735 4736//4736
f 4737//4737 4736//4736 4735//4735
f 4734//4734 4728//4728 4735//4735
f 4729//4729 4737//4737 4735//4735
f 4700//4700 4738//4738 4705//4705
f 4717//4717 4705//4705 4738//4738
f 4700//4700 4706//4706 4739//4739
f 4700//4700 4739//4739 4740//4740
f 4700//4700 4740//4740 4738//4738
f 4739//4739 4706//4706 4741//4741
f 4703//4703 4707//4707 4706//4706
f 4706//4706 4707//4707 4742//4742
f 4717//4717 4743//4743 4744//4744
f 4717//4717 4745//4745 4743//4743
f 4717//4717 4738//4738 4745//4745
f 4717//4717 4744//4744 4718//4718
f 4739//4739 4746//4746 4740//4740
f 4739//4739 4747//4747 4746//4746
f 4748//4748 4749//4749 4750//4750
f 4741//4741 4748//4748 4751//4751
f 4752//4752 4741//4741 4751//4751
f 4741//4741 4742//4742 4749//4749
f 4741//4741 4749//4749 4748//4748
f 4739//4739 4752//4752 4747//4747
f 4739//4739 4741//4741 4752//4752
f 4706//4706 4742//4742 4741//4741
f 4731//4731 4753//4753 4754//4754
f 4729//4729 4735//4735 4730//4730
f 4731//4731 4730//4730 4755//4755
f 4731//4731 4755//4755 4753//4753
f 4671//4671 4681//4681 4756//4756
f 4684//4684 4757//4757 4681//4681
f 4681//4681 4757//4757 4756//4756
f 4684//4684 4708//4708 4757//4757
f 4671//4671 4756//4756 4697//4697
f 4693//4693 4697//4697 4699//4699
f 4704//4704 4697//4697 4758//4758
f 4757//4757 4708//4708 4756//4756
f 4756//4756 4708//4708 4713//4713
f 4756//4756 4713//4713 4759//4759
f 4715//4715 4760//4760 4713//4713
f 4759//4759 4713//4713 4761//4761
f 4713//4713 4760//4760 4762//4762
f 4756//4756 4759//4759 4763//4763
f 4756//4756 4763//4763 4764//4764
f 4713//4713 4762//4762 4761//4761
f 4759//4759 4761//4761 4765//4765
f 4759//4759 4765//4765 4766//4766
f 4759//4759 4766//4766 4767//4767
f 4759//4759 4767//4767 4763//4763
f 4731//4731 4749//4749 4768//4768
f 4769//4769 4768//4768 4749//4749
f 4763//4763 4749//4749 4770//4770
f 4763//4763 4771//4771 4749//4749
f 4763//4763 4767//4767 4772//4772
f 4772//4772 4773//4773 4771//4771
f 4763//4763 4772//4772 4771//4771
f 4773//4773 4774//4774 4771//4771
f 4774//4774 4769//4769 4771//4771
f 4771//4771 4769//4769 4749//4749
f 4697//4697 4756//4756 4764//4764
f 4704//4704 4758//4758 4707//4707
f 4697//4697 4764//4764 4758//4758
f 4707//4707 4758//4758 4764//4764
f 4707//4707 4764//4764 4742//4742
f 4742//4742 4764//4764 4770//4770
f 4742//4742 4770//4770 4749//4749
f 4763//4763 4770//4770 4764//4764
f 4754//4754 4775//4775 4749//4749
f 4750//4750 4749//4749 4776//4776
f 4776//4776 4749//4749 4775//4775
f 4731//4731 4754//4754 4749//4749
f 4777//4777 4778//4778 4779//4779
f 4777//4777 4779//4779 4780//4780
f 4781//4781 4778//4778 4777//4777
f 4782//4782 4777//4777 4780//4780
f 4781//4781 4777//4777 4783//4783
f 4783//4783 4777//4777 4784//4784
f 4782//4782 4785//4785 4777//4777
f 4777//4777 4786//4786 4784//4784
f 4777//4777 4785//4785 4786//4786
f 4787//4787 4788//4788 4789//4789
f 4790//4790 4791//4791 4792//4792
f 4788//4788 4793//4793 4794//4794
f 4788//4788 4795//4795 4789//4789
f 4796//4796 4789//4789 4797//4797
f 4789//4789 4795//4795 4798//4798
f 4796//4796 4791//4791 4790//4790
f 4792//4792 4799//4799 4800//4800
f 4789//4789 4798//4798 4797//4797
f 4796//4796 4801//4801 4791//4791
f 4796//4796 4797//4797 4801//4801
f 4792//4792 4791//4791 4799//4799
f 4799//4799 4802//4802 4800//4800
f 4793//4793 4803//4803 4804//4804
f 4788//4788 4794//4794 4795//4795
f 4793//4793 4805//4805 4794//4794
f 4793//4793 4804//4804 4805//4805
f 4804//4804 4803//4803 4806//4806
f 4803//4803 4807//4807 4806//4806
f 4807//4807 4808//4808 4809//4809
f 4807//4807 4809//4809 4806//4806
f 4810//4810 4811//4811 4812//4812
f 4813//4813 4814//4814 4815//4815
f 4816//4816 4817//4817 4818//4818
f 4815//4815 4814//4814 4816//4816
f 4813//4813 4812//4812 4811//4811
f 4813//4813 4819//4819 4814//4814
f 4816//4816 4814//4814 4817//4817
f 4800//4800 4820//4820 4821//4821
f 4810//4810 4821//4821 4820//4820
f 4802//4802 4820//4820 4800//4800
f 4810//4810 4820//4820 4811//4811
f 4813//4813 4822//4822 4819//4819
f 4813//4813 4811//4811 4822//4822
f 4823//4823 4824//4824 4825//4825
f 4825//4825 4826//4826 4827//4827
f 4825//4825 4824//4824 4828//4828
f 4818//4818 4829//4829 4823//4823
f 4818//4818 4830//4830 4831//4831
f 4818//4818 4831//4831 4829//4829
f 4818//4818 4817//4817 4830//4830
f 4823//4823 4829//4829 4824//4824
f 4808//4808 4827//4827 4826//4826
f 4825//4825 4828//4828 4826//4826
f 4808//4808 4826//4826 4809//4809
f 4832//4832 4833//4833 4834//4834
f 4832//4832 4834//4834 4835//4835
f 4832//4832 4836//4836 4833//4833
f 4832//4832 4837//4837 4836//4836
f 4832//4832 4838//4838 4837//4837
f 4832//4832 4835//4835 4839//4839
f 4835//4835 4840//4840 4839//4839
f 4832//4832 4839//4839 4838//4838
f 4840//4840 4841//4841 4839//4839
f 4841//4841 4842//4842 4839//4839
f 4843//4843 4844//4844 4845//4845
f 4845//4845 4844//4844 4846//4846
f 4843//4843 4837//4837 4844//4844
f 4846//4846 4844//4844 4847//4847
f 4836//4836 4837//4837 4848//4848
f 4843//4843 4848//4848 4837//4837
f 4838//4838 4839//4839 4849//4849
f 4838//4838 4850//4850 4837//4837
f 4838//4838 4851//4851 4850//4850
f 4837//4837 4850//4850 4844//4844
f 4844//4844 4850//4850 4852//4852
f 4842//4842 4853//4853 4839//4839
f 4838//4838 4849//4849 4851//4851
f 4849//4849 4839//4839 4854//4854
f 4849//4849 4854//4854 4851//4851
f 4854//4854 4855//4855 4851//4851
f 4850//4850 4851//4851 4856//4856
f 4851//4851 4855//4855 4857//4857
f 4851//4851 4857//4857 4856//4856
f 4852//4852 4850//4850 4858//4858
f 4852//4852 4858//4858 4859//4859
f 4850//4850 4860//4860 4858//4858
f 4858//4858 4860//4860 4859//4859
f 4850//4850 4861//4861 4860//4860
f 4855//4855 4862//4862 4857//4857
f 4857//4857 4862//4862 4856//4856
f 4850//4850 4856//4856 4861//4861
f 4856//4856 4862//4862 4863//4863
f 4856//4856 4863//4863 4864//4864
f 4856//4856 4864//4864 4865//4865
f 4866//4866 4867//4867 4868//4868
f 4869//4869 4870//4870 4871//4871
f 4869//4869 4872//4872 4870//4870
f 4871//4871 4873//4873 4874//4874
f 4872//4872 4866//4866 4870//4870
f 4866//4866 4868//4868 4870//4870
f 4870//4870 4875//4875 4876//4876
f 4877//4877 4878//4878 4879//4879
f 4842//4842 4879//4879 4880//4880
f 4874//4874 4873//4873 4881//4881
f 4881//4881 4873//4873 4877//4877
f 4871//4871 4870//4870 4882//4882
f 4871//4871 4882//4882 4873//4873
f 4870//4870 4876//4876 4883//4883
f 4877//4877 4873//4873 4878//4878
f 4870//4870 4884//4884 4882//4882
f 4870//4870 4883//4883 4884//4884
f 4885//4885 4868//4868 4886//4886
f 4847//4847 4844//4844 4868//4868
f 4847//4847 4868//4868 4885//4885
f 4887//4887 4868//4868 4867//4867
f 4887//4887 4886//4886 4868//4868
f 4844//4844 4852//4852 4868//4868
f 4868//4868 4888//4888 4889//4889
f 4870//4870 4868//4868 4889//4889
f 4870//4870 4890//4890 4875//4875
f 4876//4876 4891//4891 4883//4883
f 4870//4870 4889//4889 4890//4890
f 4875//4875 4890//4890 4892//4892
f 4891//4891 4893//4893 4883//4883
f 4891//4891 4894//4894 4893//4893
f 4852//4852 4888//4888 4868//4868
f 4852//4852 4859//4859 4888//4888
f 4889//4889 4888//4888 4890//4890
f 4890//4890 4888//4888 4895//4895
f 4890//4890 4896//4896 4892//4892
f 4890//4890 4897//4897 4896//4896
f 4842//4842 4898//4898 4853//4853
f 4842//4842 4880//4880 4898//4898
f 4879//4879 4878//4878 4880//4880
f 4839//4839 4853//4853 4899//4899
f 4839//4839 4899//4899 4900//4900
f 4839//4839 4900//4900 4901//4901
f 4839//4839 4901//4901 4902//4902
f 4839//4839 4902//4902 4903//4903
f 4839//4839 4903//4903 4904//4904
f 4839//4839 4904//4904 4854//4854
f 4903//4903 4905//4905 4904//4904
f 4905//4905 4906//4906 4904//4904
f 4891//4891 4907//4907 4894//4894
f 4891//4891 4908//4908 4907//4907
f 4891//4891 4909//4909 4908//4908
f 4891//4891 4910//4910 4909//4909
f 4891//4891 4911//4911 4910//4910
f 4904//4904 4906//4906 4912//4912
f 4906//4906 4913//4913 4912//4912
f 4913//4913 4914//4914 4912//4912
f 4915//4915 4912//4912 4914//4914
f 4910//4910 4916//4916 4915//4915
f 4911//4911 4916//4916 4910//4910
f 4854//4854 4917//4917 4855//4855
f 4854//4854 4904//4904 4917//4917
f 4855//4855 4917//4917 4918//4918
f 4904//4904 4912//4912 4917//4917
f 4915//4915 4916//4916 4912//4912
f 4912//4912 4916//4916 4917//4917
f 4888//4888 4859//4859 4895//4895
f 4859//4859 4919//4919 4895//4895
f 4890//4890 4895//4895 4920//4920
f 4890//4890 4920//4920 4921//4921
f 4920//4920 4895//4895 4922//4922
f 4890//4890 4923//4923 4897//4897
f 4860//4860 4919//4919 4859//4859
f 4895//4895 4919//4919 4922//4922
f 4920//4920 4922//4922 4921//4921
f 4860//4860 4924//4924 4919//4919
f 4919//4919 4925//4925 4922//4922
f 4890//4890 4921//4921 4923//4923
f 4922//4922 4926//4926 4921//4921
f 4919//4919 4924//4924 4925//4925
f 4860//4860 4861//4861 4924//4924
f 4924//4924 4861//4861 4925//4925
f 4925//4925 4927//4927 4926//4926
f 4922//4922 4925//4925 4926//4926
f 4921//4921 4926//4926 4928//4928
f 4921//4921 4928//4928 4923//4923
f 4926//4926 4927//4927 4929//4929
f 4926//4926 4929//4929 4928//4928
f 4928//4928 4929//4929 4923//4923
f 4925//4925 4861//4861 4927//4927
f 4911//4911 4930//4930 4916//4916
f 4855//4855 4918//4918 4862//4862
f 4862//4862 4918//4918 4931//4931
f 4917//4917 4916//4916 4918//4918
f 4916//4916 4932//4932 4918//4918
f 4897//4897 4923//4923 4930//4930
f 4930//4930 4923//4923 4916//4916
f 4862//4862 4931//4931 4863//4863
f 4918//4918 4932//4932 4931//4931
f 4916//4916 4933//4933 4932//4932
f 4932//4932 4933//4933 4931//4931
f 4856//4856 4865//4865 4861//4861
f 4916//4916 4923//4923 4933//4933
f 4864//4864 4934//4934 4865//4865
f 4864//4864 4863//4863 4934//4934
f 4863//4863 4935//4935 4934//4934
f 4931//4931 4933//4933 4935//4935
f 4863//4863 4931//4931 4935//4935
f 4935//4935 4933//4933 4936//4936
f 4861//4861 4937//4937 4927//4927
f 4865//4865 4937//4937 4861//4861
f 4927//4927 4938//4938 4929//4929
f 4927//4927 4937//4937 4938//4938
f 4923//4923 4929//4929 4939//4939
f 4923//4923 4936//4936 4933//4933
f 4923//4923 4939//4939 4936//4936
f 4929//4929 4938//4938 4939//4939
f 4865//4865 4934//4934 4938//4938
f 4865//4865 4938//4938 4937//4937
f 4934//4934 4939//4939 4938//4938
f 4934//4934 4935//4935 4939//4939
f 4935//4935 4936//4936 4939//4939
f 4940//4940 4941//4941 4942//4942
f 4940//4940 4943//4943 4941//4941
f 4942//4942 4941//4941 4944//4944
f 4941//4941 4943//4943 4945//4945
f 4941//4941 4946//4946 4944//4944
f 4941//4941 4945//4945 4947//4947
f 4941//4941 4947//4947 4948//4948
f 4941//4941 4948//4948 4946//4946
f 4949//4949 4950//4950 4951//4951
f 4952//4952 4949//4949 4953//4953
f 4952//4952 4950//4950 4949//4949
f 4951//4951 4950//4950 4954//4954
f 4954//4954 4955//4955 4956//4956
f 4954//4954 4950//4950 4955//4955
f 4957//4957 4958//4958 4959//4959
f 4960//4960 4961//4961 4953//4953
f 4960//4960 4953//4953 4959//4959
f 4953//4953 4957//4957 4959//4959
f 4957//4957 4962//4962 4958//4958
f 4962//4962 4963//4963 4958//4958
f 4961//4961 4952//4952 4953//4953
f 4956//4956 4955//4955 4964//4964
f 4956//4956 4964//4964 4965//4965
f 4956//4956 4965//4965 4966//4966
f 4966//4966 4965//4965 4967//4967
f 4968//4968 4969//4969 4970//4970
f 4971//4971 4972//4972 4973//4973
f 4973//4973 4972//4972 4974//4974
f 4970//4970 4971//4971 4975//4975
f 4970//4970 4969//4969 4971//4971
f 4975//4975 4971//4971 4973//4973
f 4968//4968 4970//4970 4976//4976
f 4975//4975 4973//4973 4977//4977
f 4970//4970 4975//4975 4977//4977
f 4970//4970 4977//4977 4976//4976
f 4968//4968 4978//4978 4969//4969
f 4968//4968 4979//4979 4978//4978
f 4968//4968 4980//4980 4979//4979
f 4969//4969 4978//4978 4981//4981
f 4979//4979 4982//4982 4978//4978
f 4979//4979 4980//4980 4982//4982
f 4971//4971 4969//4969 4983//4983
f 4971//4971 4983//4983 4972//4972
f 4983//4983 4984//4984 4972//4972
f 4969//4969 4981//4981 4983//4983
f 4974//4974 4985//4985 4986//4986
f 4972//4972 4985//4985 4974//4974
f 4973//4973 4974//4974 4986//4986
f 4972//4972 4984//4984 4985//4985
f 4985//4985 4987//4987 4986//4986
f 4973//4973 4986//4986 4988//4988
f 4973//4973 4989//4989 4977//4977
f 4973//4973 4990//4990 4989//4989
f 4983//4983 4991//4991 4984//4984
f 4983//4983 4981//4981 4991//4991
f 4978//4978 4991//4991 4981//4981
f 4984//4984 4991//4991 4992//4992
f 4978//4978 4993//4993 4991//4991
f 4985//4985 4984//4984 4994//4994
f 4985//4985 4994//4994 4987//4987
f 4984//4984 4992//4992 4994//4994
f 4991//4991 4993//4993 4992//4992
f 4994//4994 4995//4995 4987//4987
f 4978//4978 4996//4996 4993//4993
f 4978//4978 4982//4982 4997//4997
f 4978//4978 4998//4998 4996//4996
f 4978//4978 4997//4997 4998//4998
f 4986//4986 4987//4987 4999//4999
f 4986//4986 4999//4999 5000//5000
f 4973//4973 4988//4988 5001//5001
f 4973//4973 5001//5001 5002//5002
f 4973//4973 5002//5002 5003//5003
f 4973//4973 5003//5003 5004//5004
f 4973//4973 5004//5004 5005//5005
f 4973//4973 5005//5005 4990//4990
f 4987//4987 5006//5006 4999//4999
f 4999//4999 5006//5006 5000//5000
f 4986//4986 5000//5000 4988//4988
f 4987//4987 5007//5007 5006//5006
f 4987//4987 4995//4995 5008//5008
f 4987//4987 5008//5008 5007//5007
f 5004//5004 5009//5009 5005//5005
f 5009//5009 5010//5010 5005//5005
f 5009//5009 5011//5011 5010//5010
f 5011//5011 5012//5012 5010//5010
f 5011//5011 5013//5013 5014//5014
f 5011//5011 5014//5014 5012//5012
f 5013//5013 5015//5015 5014//5014
f 4968//4968 4976//4976 4980//4980
f 4976//4976 5016//5016 4980//4980
f 4980//4980 5017//5017 4982//4982
f 4980//4980 5016//5016 5017//5017
f 4976//4976 4977//4977 5018//5018
f 4976//4976 5018//5018 5016//5016
f 4977//4977 5019//5019 5018//5018
f 4977//4977 4989//4989 5019//5019
f 5016//5016 5020//5020 5017//5017
f 5020//5020 5021//5021 5017//5017
f 5018//5018 5022//5022 5023//5023
f 5016//5016 5024//5024 5020//5020
f 5018//5018 5023//5023 5016//5016
f 5016//5016 5025//5025 5024//5024
f 5016//5016 5023//5023 5025//5025
f 4982//4982 5017//5017 5026//5026
f 4982//4982 5026//5026 4997//4997
f 5017//5017 5027//5027 5026//5026
f 5021//5021 5028//5028 5017//5017
f 5028//5028 5029//5029 5017//5017
f 5017//5017 5029//5029 5030//5030
f 5017//5017 5030//5030 5031//5031
f 5017//5017 5031//5031 5027//5027
f 5026//5026 5027//5027 4997//4997
f 5031//5031 5032//5032 5027//5027
f 5018//5018 5033//5033 5022//5022
f 5018//5018 5019//5019 5033//5033
f 4994//4994 4992//4992 4993//4993
f 4994//4994 4993//4993 4995//4995
f 4993//4993 4996//4996 5034//5034
f 4997//4997 5035//5035 4998//4998
f 4997//4997 5036//5036 5035//5035
f 4997//4997 5037//5037 5036//5036
f 5008//5008 4995//4995 5038//5038
f 5008//5008 5038//5038 5039//5039
f 5038//5038 5040//5040 5039//5039
f 5038//5038 5041//5041 5040//5040
f 4993//4993 5042//5042 4995//4995
f 4995//4995 5042//5042 5038//5038
f 4993//4993 5034//5034 5043//5043
f 4993//4993 5043//5043 5044//5044
f 5045//5045 5046//5046 5047//5047
f 5046//5046 5048//5048 5047//5047
f 5013//5013 5045//5045 5047//5047
f 5013//5013 5047//5047 5015//5015
f 5038//5038 5049//5049 5041//5041
f 5038//5038 5050//5050 5049//5049
f 5038//5038 5051//5051 5050//5050
f 5038//5038 5052//5052 5051//5051
f 5038//5038 5053//5053 5052//5052
f 5051//5051 5054//5054 5055//5055
f 5051//5051 5055//5055 5056//5056
f 5051//5051 5052//5052 5054//5054
f 5057//5057 5058//5058 5059//5059
f 5058//5058 5051//5051 5059//5059
f 5051//5051 5056//5056 5060//5060
f 5061//5061 5062//5062 5063//5063
f 5035//5035 5036//5036 5064//5064
f 5064//5064 5036//5036 5065//5065
f 5037//5037 5066//5066 5067//5067
f 5037//5037 5068//5068 5036//5036
f 5069//5069 5067//5067 5066//5066
f 5037//5037 5067//5067 5070//5070
f 5037//5037 5070//5070 5071//5071
f 5037//5037 5071//5071 5068//5068
f 5036//5036 5068//5068 5072//5072
f 5036//5036 5072//5072 5073//5073
f 5036//5036 5073//5073 5074//5074
f 5015//5015 5075//5075 5076//5076
f 5076//5076 5075//5075 5077//5077
f 5077//5077 5075//5075 5078//5078
f 5078//5078 5075//5075 5079//5079
f 5079//5079 5075//5075 5080//5080
f 5080//5080 5075//5075 5061//5061
f 5081//5081 5082//5082 5061//5061
f 5080//5080 5061//5061 5082//5082
f 5081//5081 5061//5061 5083//5083
f 4993//4993 5084//5084 5042//5042
f 5038//5038 5085//5085 5086//5086
f 4993//4993 5044//5044 5087//5087
f 4993//4993 5087//5087 5084//5084
f 5038//5038 5042//5042 5088//5088
f 5038//5038 5088//5088 5085//5085
f 5042//5042 5089//5089 5088//5088
f 5042//5042 5084//5084 5089//5089
f 5044//5044 5065//5065 5087//5087
f 5087//5087 5090//5090 5091//5091
f 5092//5092 5091//5091 5090//5090
f 5038//5038 5093//5093 5053//5053
f 5038//5038 5094//5094 5093//5093
f 5038//5038 5086//5086 5094//5094
f 5036//5036 5090//5090 5087//5087
f 5036//5036 5074//5074 5083//5083
f 5036//5036 5083//5083 5090//5090
f 5095//5095 5083//5083 5096//5096
f 5074//5074 5096//5096 5083//5083
f 5036//5036 5087//5087 5065//5065
f 5081//5081 5083//5083 5095//5095
f 5090//5090 5083//5083 5097//5097
f 5098//5098 5097//5097 5083//5083
f 5092//5092 5090//5090 5097//5097
f 5099//5099 5098//5098 5083//5083
f 5061//5061 5063//5063 5083//5083
f 5099//5099 5083//5083 5063//5063
f 4997//4997 5027//5027 5066//5066
f 4997//4997 5066//5066 5037//5037
f 5027//5027 5032//5032 5066//5066
f 5069//5069 5066//5066 5032//5032
f 5057//5057 5059//5059 5048//5048
f 5051//5051 5060//5060 5059//5059
f 5048//5048 5059//5059 5047//5047
f 5060//5060 5100//5100 5059//5059
f 5061//5061 5075//5075 5047//5047
f 5061//5061 5059//5059 5101//5101
f 5061//5061 5101//5101 5062//5062
f 5061//5061 5047//5047 5059//5059
f 5015//5015 5047//5047 5075//5075
f 5100//5100 5102//5102 5059//5059
f 5102//5102 5103//5103 5059//5059
f 5059//5059 5103//5103 5101//5101
f 5104//5104 5105//5105 5106//5106
f 5104//5104 5107//5107 5105//5105
f 5108//5108 5106//5106 5105//5105
f 5107//5107 5109//5109 5105//5105
f 5108//5108 5105//5105 5110//5110
f 5110//5110 5105//5105 5111//5111
f 5109//5109 5112//5112 5105//5105
f 5105//5105 5112//5112 5111//5111
f 5113//5113 5114//5114 5115//5115
f 5116//5116 5113//5113 5117//5117
f 5118//5118 5116//5116 5119//5119
f 5113//5113 5115//5115 5120//5120
f 5113//5113 5120//5120 5117//5117
f 5116//5116 5117//5117 5119//5119
f 5115//5115 5114//5114 5121//5121
f 5114//5114 5122//5122 5121//5121
f 5121//5121 5122//5122 5123//5123
f 5118//5118 5124//5124 5125//5125
f 5125//5125 5124//5124 5126//5126
f 5127//5127 5126//5126 5124//5124
f 5128//5128 5127//5127 5129//5129
f 5128//5128 5130//5130 5131//5131
f 5132//5132 5133//5133 5134//5134
f 5134//5134 5133//5133 5135//5135
f 5135//5135 5136//5136 5137//5137
f 5135//5135 5133//5133 5136//5136
f 5118//5118 5119//5119 5124//5124
f 5127//5127 5124//5124 5138//5138
f 5127//5127 5138//5138 5129//5129
f 5128//5128 5129//5129 5130//5130
f 5132//5132 5131//5131 5139//5139
f 5132//5132 5139//5139 5133//5133
f 5131//5131 5130//5130 5139//5139
f 5140//5140 5141//5141 5142//5142
f 5141//5141 5143//5143 5142//5142
f 5141//5141 5144//5144 5143//5143
f 5140//5140 5145//5145 5141//5141
f 5141//5141 5146//5146 5147//5147
f 5141//5141 5147//5147 5148//5148
f 5147//5147 5146//5146 5149//5149
f 5147//5147 5149//5149 5150//5150
f 5151//5151 5152//5152 5153//5153
f 5154//5154 5153//5153 5155//5155
f 5153//5153 5152//5152 5155//5155
f 5154//5154 5155//5155 5156//5156
f 5157//5157 5158//5158 5159//5159
f 5160//5160 5161//5161 5162//5162
f 5158//5158 5163//5163 5159//5159
f 5164//5164 5162//5162 5165//5165
f 5164//5164 5165//5165 5166//5166
f 5166//5166 5165//5165 5167//5167
f 5167//5167 5165//5165 5163//5163
f 5168//5168 5169//5169 5160//5160
f 5156//5156 5169//5169 5168//5168
f 5162//5162 5161//5161 5170//5170
f 5162//5162 5170//5170 5171//5171
f 5162//5162 5171//5171 5172//5172
f 5163//5163 5165//5165 5159//5159
f 5162//5162 5172//5172 5165//5165
f 5152//5152 5173//5173 5155//5155
f 5173//5173 5174//5174 5155//5155
f 5174//5174 5175//5175 5155//5155
f 5141//5141 5145//5145 5159//5159
f 5145//5145 5157//5157 5159//5159
f 5141//5141 5159//5159 5146//5146
f 5176//5176 5144//5144 5177//5177
f 5178//5178 5144//5144 5175//5175
f 5179//5179 5177//5177 5144//5144
f 5179//5179 5144//5144 5178//5178
f 5143//5143 5144//5144 5176//5176
f 5141//5141 5180//5180 5181//5181
f 5141//5141 5181//5181 5182//5182
f 5141//5141 5182//5182 5144//5144
f 5144//5144 5183//5183 5184//5184
f 5144//5144 5182//5182 5183//5183
f 5144//5144 5184//5184 5185//5185
f 5141//5141 5148//5148 5180//5180
f 5147//5147 5186//5186 5148//5148
f 5175//5175 5144//5144 5155//5155
f 5144//5144 5185//5185 5155//5155
f 5187//5187 5155//5155 5185//5185
f 5187//5187 5188//5188 5155//5155
f 5156//5156 5155//5155 5169//5169
f 5160//5160 5189//5189 5161//5161
f 5160//5160 5169//5169 5189//5189
f 5169//5169 5155//5155 5190//5190
f 5161//5161 5189//5189 5191//5191
f 5155//5155 5188//5188 5192//5192
f 5155//5155 5192//5192 5193//5193
f 5155//5155 5193//5193 5194//5194
f 5155//5155 5194//5194 5190//5190
f 5169//5169 5190//5190 5189//5189
f 5191//5191 5189//5189 5195//5195
f 5159//5159 5196//5196 5146//5146
f 5159//5159 5197//5197 5196//5196
f 5146//5146 5198//5198 5199//5199
f 5146//5146 5196//5196 5198//5198
f 5149//5149 5146//5146 5199//5199
f 5149//5149 5199//5199 5200//5200
f 5149//5149 5200//5200 5201//5201
f 5149//5149 5201//5201 5202//5202
f 5149//5149 5202//5202 5203//5203
f 5159//5159 5204//5204 5197//5197
f 5159//5159 5205//5205 5204//5204
f 5159//5159 5165//5165 5172//5172
f 5159//5159 5172//5172 5205//5205
f 5171//5171 5206//5206 5172//5172
f 5205//5205 5172//5172 5207//5207
f 5207//5207 5172//5172 5208//5208
f 5208//5208 5172//5172 5209//5209
f 5206//5206 5210//5210 5172//5172
f 5209//5209 5172//5172 5211//5211
f 5212//5212 5213//5213 5214//5214
f 5209//5209 5211//5211 5215//5215
f 5215//5215 5211//5211 5216//5216
f 5216//5216 5211//5211 5212//5212
f 5212//5212 5211//5211 5213//5213
f 5214//5214 5213//5213 5217//5217
f 5190//5190 5218//5218 5189//5189
f 5195//5195 5189//5189 5219//5219
f 5172//5172 5210//5210 5220//5220
f 5172//5172 5220//5220 5211//5211
f 5211//5211 5220//5220 5213//5213
f 5180//5180 5148//5148 5221//5221
f 5221//5221 5148//5148 5186//5186
f 5147//5147 5222//5222 5186//5186
f 5147//5147 5150//5150 5222//5222
f 5222//5222 5223//5223 5224//5224
f 5190//5190 5194//5194 5225//5225
f 5190//5190 5225//5225 5218//5218
f 5194//5194 5226//5226 5225//5225
f 5226//5226 5227//5227 5225//5225
f 5149//5149 5203//5203 5150//5150
f 5222//5222 5150//5150 5223//5223
f 5224//5224 5223//5223 5228//5228
f 5224//5224 5228//5228 5229//5229
f 5224//5224 5230//5230 5231//5231
f 5232//5232 5230//5230 5233//5233
f 5231//5231 5230//5230 5232//5232
f 5224//5224 5229//5229 5230//5230
f 5227//5227 5234//5234 5225//5225
f 5227//5227 5235//5235 5234//5234
f 5235//5235 5236//5236 5237//5237
f 5234//5234 5237//5237 5225//5225
f 5225//5225 5237//5237 5238//5238
f 5235//5235 5237//5237 5234//5234
f 5236//5236 5239//5239 5240//5240
f 5239//5239 5241//5241 5240//5240
f 5241//5241 5233//5233 5240//5240
f 5236//5236 5240//5240 5237//5237
f 5233//5233 5230//5230 5242//5242
f 5233//5233 5242//5242 5240//5240
f 5242//5242 5243//5243 5240//5240
f 5243//5243 5244//5244 5245//5245
f 5189//5189 5218//5218 5246//5246
f 5189//5189 5246//5246 5247//5247
f 5189//5189 5248//5248 5219//5219
f 5246//5246 5218//5218 5249//5249
f 5246//5246 5249//5249 5247//5247
f 5218//5218 5238//5238 5249//5249
f 5189//5189 5247//5247 5248//5248
f 5210//5210 5250//5250 5220//5220
f 5219//5219 5248//5248 5250//5250
f 5250//5250 5248//5248 5220//5220
f 5225//5225 5238//5238 5218//5218
f 5237//5237 5251//5251 5238//5238
f 5249//5249 5238//5238 5252//5252
f 5238//5238 5251//5251 5252//5252
f 5247//5247 5249//5249 5253//5253
f 5249//5249 5252//5252 5253//5253
f 5247//5247 5253//5253 5254//5254
f 5247//5247 5254//5254 5248//5248
f 5254//5254 5253//5253 5255//5255
f 5254//5254 5255//5255 5248//5248
f 5253//5253 5256//5256 5255//5255
f 5257//5257 5220//5220 5248//5248
f 5244//5244 5258//5258 5259//5259
f 5258//5258 5260//5260 5259//5259
f 5213//5213 5261//5261 5217//5217
f 5213//5213 5220//5220 5261//5261
f 5217//5217 5261//5261 5262//5262
f 5220//5220 5263//5263 5261//5261
f 5261//5261 5263//5263 5264//5264
f 5261//5261 5264//5264 5262//5262
f 5262//5262 5264//5264 5265//5265
f 5257//5257 5263//5263 5220//5220
f 5264//5264 5266//5266 5265//5265
f 5264//5264 5267//5267 5266//5266
f 5264//5264 5268//5268 5267//5267
f 5264//5264 5269//5269 5268//5268
f 5264//5264 5270//5270 5269//5269
f 5260//5260 5271//5271 5259//5259
f 5271//5271 5270//5270 5259//5259
f 5271//5271 5272//5272 5270//5270
f 5269//5269 5270//5270 5273//5273
f 5272//5272 5273//5273 5270//5270
f 5244//5244 5259//5259 5245//5245
f 5270//5270 5274//5274 5259//5259
f 5270//5270 5275//5275 5274//5274
f 5257//5257 5264//5264 5263//5263
f 5264//5264 5275//5275 5270//5270
f 5257//5257 5275//5275 5264//5264
f 5275//5275 5276//5276 5274//5274
f 5248//5248 5255//5255 5276//5276
f 5257//5257 5248//5248 5277//5277
f 5257//5257 5277//5277 5275//5275
f 5248//5248 5276//5276 5277//5277
f 5275//5275 5277//5277 5276//5276
f 5237//5237 5240//5240 5251//5251
f 5251//5251 5240//5240 5252//5252
f 5252//5252 5240//5240 5256//5256
f 5253//5253 5252//5252 5256//5256
f 5243//5243 5245//5245 5240//5240
f 5240//5240 5245//5245 5278//5278
f 5255//5255 5256//5256 5279//5279
f 5245//5245 5274//5274 5279//5279
f 5279//5279 5274//5274 5276//5276
f 5240//5240 5278//5278 5256//5256
f 5256//5256 5278//5278 5279//5279
f 5245//5245 5279//5279 5278//5278
f 5259//5259 5274//5274 5245//5245
f 5255//5255 5279//5279 5276//5276
f 5280//5280 5281//5281 5282//5282
f 5282//5282 5281//5281 5283//5283
f 5280//5280 5284//5284 5281//5281
f 5281//5281 5285//5285 5283//5283
f 5281//5281 5284//5284 5286//5286
f 5281//5281 5286//5286 5287//5287
f 5281//5281 5288//5288 5285//5285
f 5281//5281 5289//5289 5288//5288
f 5281//5281 5287//5287 5289//5289
f 5290//5290 5291//5291 5292//5292
f 5290//5290 5293//5293 5291//5291
f 5294//5294 5295//5295 5296//5296
f 5294//5294 5297//5297 5295//5295
f 5295//5295 5298//5298 5299//5299
f 5295//5295 5297//5297 5300//5300
f 5295//5295 5300//5300 5298//5298
f 5298//5298 5301//5301 5299//5299
f 5300//5300 5302//5302 5298//5298
f 5298//5298 5303//5303 5301//5301
f 5301//5301 5304//5304 5305//5305
f 5298//5298 5302//5302 5303//5303
f 5302//5302 5306//5306 5303//5303
f 5303//5303 5306//5306 5307//5307
f 5303//5303 5307//5307 5308//5308
f 5303//5303 5309//5309 5310//5310
f 5301//5301 5303//5303 5310//5310
f 5301//5301 5310//5310 5304//5304
f 5311//5311 5312//5312 5313//5313
f 5314//5314 5315//5315 5316//5316
f 5316//5316 5315//5315 5317//5317
f 5318//5318 5315//5315 5314//5314
f 5312//5312 5318//5318 5313//5313
f 5312//5312 5315//5315 5318//5318
f 5312//5312 5319//5319 5315//5315
f 5312//5312 5320//5320 5319//5319
f 5315//5315 5319//5319 5321//5321
f 5319//5319 5320//5320 5321//5321
f 5315//5315 5322//5322 5317//5317
f 5315//5315 5323//5323 5322//5322
f 5315//5315 5321//5321 5323//5323
f 5322//5322 5323//5323 5324//5324
f 5321//5321 5320//5320 5325//5325
f 5321//5321 5325//5325 5326//5326
f 5321//5321 5326//5326 5323//5323
f 5311//5311 5327//5327 5328//5328
f 5311//5311 5328//5328 5329//5329
f 5311//5311 5329//5329 5296//5296
f 5296//5296 5305//5305 5330//5330
f 5311//5311 5313//5313 5327//5327
f 5311//5311 5331//5331 5312//5312
f 5311//5311 5296//5296 5330//5330
f 5311//5311 5330//5330 5332//5332
f 5329//5329 5333//5333 5296//5296
f 5296//5296 5333//5333 5334//5334
f 5296//5296 5334//5334 5335//5335
f 5294//5294 5296//5296 5335//5335
f 5330//5330 5305//5305 5332//5332
f 5295//5295 5305//5305 5296//5296
f 5295//5295 5299//5299 5305//5305
f 5301//5301 5305//5305 5299//5299
f 5305//5305 5336//5336 5332//5332
f 5311//5311 5332//5332 5331//5331
f 5312//5312 5331//5331 5320//5320
f 5320//5320 5331//5331 5337//5337
f 5332//5332 5338//5338 5331//5331
f 5324//5324 5323//5323 5339//5339
f 5305//5305 5304//5304 5336//5336
f 5320//5320 5337//5337 5325//5325
f 5326//5326 5325//5325 5340//5340
f 5325//5325 5341//5341 5340//5340
f 5331//5331 5338//5338 5337//5337
f 5332//5332 5336//5336 5338//5338
f 5337//5337 5338//5338 5336//5336
f 5325//5325 5337//5337 5341//5341
f 5337//5337 5336//5336 5341//5341
f 5336//5336 5342//5342 5341//5341
f 5343//5343 5344//5344 5345//5345
f 5345//5345 5344//5344 5346//5346
f 5347//5347 5346//5346 5344//5344
f 5303//5303 5308//5308 5309//5309
f 5308//5308 5348//5348 5309//5309
f 5348//5348 5349//5349 5309//5309
f 5349//5349 5350//5350 5309//5309
f 5310//5310 5309//5309 5304//5304
f 5351//5351 5352//5352 5353//5353
f 5353//5353 5354//5354 5355//5355
f 5350//5350 5356//5356 5357//5357
f 5309//5309 5350//5350 5357//5357
f 5356//5356 5353//5353 5357//5357
f 5353//5353 5355//5355 5357//5357
f 5358//5358 5359//5359 5352//5352
f 5360//5360 5361//5361 5362//5362
f 5360//5360 5363//5363 5361//5361
f 5364//5364 5365//5365 5363//5363
f 5362//5362 5361//5361 5359//5359
f 5359//5359 5361//5361 5352//5352
f 5347//5347 5365//5365 5364//5364
f 5347//5347 5344//5344 5366//5366
f 5361//5361 5367//5367 5352//5352
f 5363//5363 5365//5365 5361//5361
f 5361//5361 5368//5368 5367//5367
f 5347//5347 5366//5366 5365//5365
f 5361//5361 5365//5365 5368//5368
f 5366//5366 5369//5369 5365//5365
f 5369//5369 5370//5370 5371//5371
f 5365//5365 5369//5369 5371//5371
f 5351//5351 5358//5358 5352//5352
f 5353//5353 5352//5352 5354//5354
f 5354//5354 5352//5352 5372//5372
f 5352//5352 5373//5373 5372//5372
f 5352//5352 5367//5367 5373//5373
f 5355//5355 5374//5374 5375//5375
f 5355//5355 5375//5375 5357//5357
f 5375//5375 5376//5376 5357//5357
f 5376//5376 5377//5377 5357//5357
f 5343//5343 5339//5339 5378//5378
f 5339//5339 5379//5379 5378//5378
f 5339//5339 5323//5323 5379//5379
f 5379//5379 5323//5323 5380//5380
f 5343//5343 5378//5378 5381//5381
f 5343//5343 5381//5381 5344//5344
f 5380//5380 5382//5382 5383//5383
f 5380//5380 5323//5323 5382//5382
f 5384//5384 5323//5323 5385//5385
f 5384//5384 5382//5382 5323//5323
f 5384//5384 5385//5385 5386//5386
f 5385//5385 5387//5387 5386//5386
f 5385//5385 5388//5388 5389//5389
f 5385//5385 5389//5389 5387//5387
f 5385//5385 5390//5390 5388//5388
f 5385//5385 5391//5391 5390//5390
f 5388//5388 5390//5390 5392//5392
f 5326//5326 5340//5340 5323//5323
f 5323//5323 5340//5340 5385//5385
f 5341//5341 5391//5391 5340//5340
f 5340//5340 5391//5391 5385//5385
f 5341//5341 5342//5342 5391//5391
f 5383//5383 5393//5393 5370//5370
f 5383//5383 5382//5382 5393//5393
f 5382//5382 5394//5394 5393//5393
f 5382//5382 5395//5395 5394//5394
f 5382//5382 5396//5396 5395//5395
f 5384//5384 5386//5386 5382//5382
f 5382//5382 5397//5397 5396//5396
f 5382//5382 5386//5386 5397//5397
f 5371//5371 5370//5370 5393//5393
f 5393//5393 5394//5394 5398//5398
f 5398//5398 5394//5394 5399//5399
f 5394//5394 5395//5395 5399//5399
f 5386//5386 5387//5387 5397//5397
f 5309//5309 5357//5357 5304//5304
f 5304//5304 5357//5357 5400//5400
f 5304//5304 5400//5400 5401//5401
f 5357//5357 5402//5402 5400//5400
f 5400//5400 5402//5402 5403//5403
f 5400//5400 5403//5403 5401//5401
f 5377//5377 5404//5404 5357//5357
f 5357//5357 5404//5404 5405//5405
f 5357//5357 5405//5405 5406//5406
f 5357//5357 5406//5406 5407//5407
f 5357//5357 5407//5407 5402//5402
f 5336//5336 5304//5304 5408//5408
f 5336//5336 5408//5408 5342//5342
f 5391//5391 5342//5342 5408//5408
f 5304//5304 5409//5409 5408//5408
f 5304//5304 5401//5401 5409//5409
f 5391//5391 5408//5408 5390//5390
f 5408//5408 5392//5392 5390//5390
f 5409//5409 5392//5392 5408//5408
f 5410//5410 5411//5411 5412//5412
f 5410//5410 5412//5412 5413//5413
f 5412//5412 5414//5414 5415//5415
f 5412//5412 5415//5415 5416//5416
f 5412//5412 5417//5417 5414//5414
f 5412//5412 5411//5411 5417//5417
f 5412//5412 5416//5416 5418//5418
f 5412//5412 5418//5418 5419//5419
f 5412//5412 5419//5419 5413//5413
f 5420//5420 5421//5421 5422//5422
f 5422//5422 5423//5423 5424//5424
f 5422//5422 5421//5421 5425//5425
f 5421//5421 5426//5426 5427//5427
f 5421//5421 5427//5427 5425//5425
f 5422//5422 5425//5425 5423//5423
f 5424//5424 5428//5428 5429//5429
f 5430//5430 5431//5431 5432//5432
f 5430//5430 5429//5429 5431//5431
f 5433//5433 5434//5434 5435//5435
f 5435//5435 5434//5434 5436//5436
f 5437//5437 5432//5432 5431//5431
f 5437//5437 5438//5438 5433//5433
f 5437//5437 5431//5431 5438//5438
f 5433//5433 5438//5438 5434//5434
f 5424//5424 5423//5423 5428//5428
f 5429//5429 5428//5428 5431//5431
f 5439//5439 5440//5440 5441//5441
f 5439//5439 5442//5442 5443//5443
f 5442//5442 5444//5444 5443//5443
f 5444//5444 5445//5445 5446//5446
f 5439//5439 5443//5443 5440//5440
f 5440//5440 5443//5443 5447//5447
f 5443//5443 5448//5448 5447//5447
f 5443//5443 5449//5449 5448//5448
f 5445//5445 5450//5450 5446//5446
f 5444//5444 5446//5446 5443//5443
f 5443//5443 5451//5451 5452//5452
f 5443//5443 5446//5446 5451//5451
f 5446//5446 5450//5450 5451//5451
f 5450//5450 5453//5453 5454//5454
f 5453//5453 5455//5455 5454//5454
f 5450//5450 5454//5454 5456//5456
f 5454//5454 5455//5455 5457//5457
f 5454//5454 5457//5457 5456//5456
f 5455//5455 5458//5458 5457//5457
f 5451//5451 5450//5450 5456//5456
f 5457//5457 5459//5459 5456//5456
f 5456//5456 5459//5459 5460//5460
f 5451//5451 5456//5456 5461//5461
f 5456//5456 5460//5460 5461//5461
f 5462//5462 5463//5463 5464//5464
f 5462//5462 5465//5465 5463//5463
f 5462//5462 5466//5466 5465//5465
f 5467//5467 5463//5463 5465//5465
f 5462//5462 5468//5468 5466//5466
f 5462//5462 5469//5469 5468//5468
f 5470//5470 5471//5471 5472//5472
f 5469//5469 5471//5471 5470//5470
f 5473//5473 5474//5474 5475//5475
f 5475//5475 5476//5476 5477//5477
f 5475//5475 5474//5474 5476//5476
f 5462//5462 5471//5471 5469//5469
f 5472//5472 5471//5471 5478//5478
f 5472//5472 5478//5478 5473//5473
f 5473//5473 5478//5478 5474//5474
f 5443//5443 5479//5479 5449//5449
f 5443//5443 5462//5462 5479//5479
f 5443//5443 5480//5480 5462//5462
f 5462//5462 5464//5464 5479//5479
f 5462//5462 5481//5481 5482//5482
f 5462//5462 5480//5480 5481//5481
f 5443//5443 5483//5483 5480//5480
f 5443//5443 5484//5484 5483//5483
f 5443//5443 5452//5452 5484//5484
f 5484//5484 5452//5452 5485//5485
f 5485//5485 5452//5452 5486//5486
f 5452//5452 5487//5487 5486//5486
f 5462//5462 5482//5482 5488//5488
f 5462//5462 5488//5488 5471//5471
f 5471//5471 5488//5488 5489//5489
f 5471//5471 5489//5489 5490//5490
f 5471//5471 5490//5490 5478//5478
f 5474//5474 5478//5478 5491//5491
f 5478//5478 5492//5492 5491//5491
f 5492//5492 5493//5493 5491//5491
f 5493//5493 5494//5494 5491//5491
f 5494//5494 5495//5495 5491//5491
f 5495//5495 5496//5496 5491//5491
f 5496//5496 5497//5497 5491//5491
f 5498//5498 5499//5499 5500//5500
f 5500//5500 5499//5499 5501//5501
f 5502//5502 5503//5503 5504//5504
f 5475//5475 5499//5499 5505//5505
f 5505//5505 5499//5499 5498//5498
f 5475//5475 5477//5477 5506//5506
f 5475//5475 5506//5506 5499//5499
f 5501//5501 5499//5499 5506//5506
f 5501//5501 5506//5506 5502//5502
f 5502//5502 5506//5506 5503//5503
f 5458//5458 5507//5507 5457//5457
f 5457//5457 5507//5507 5503//5503
f 5504//5504 5503//5503 5507//5507
f 5457//5457 5503//5503 5508//5508
f 5457//5457 5508//5508 5459//5459
f 5477//5477 5509//5509 5506//5506
f 5509//5509 5510//5510 5506//5506
f 5503//5503 5506//5506 5511//5511
f 5503//5503 5511//5511 5508//5508
f 5496//5496 5512//5512 5497//5497
f 5496//5496 5513//5513 5512//5512
f 5496//5496 5514//5514 5513//5513
f 5510//5510 5513//5513 5515//5515
f 5513//5513 5514//5514 5515//5515
f 5508//5508 5511//5511 5515//5515
f 5506//5506 5510//5510 5515//5515
f 5506//5506 5515//5515 5511//5511
f 5459//5459 5508//5508 5516//5516
f 5508//5508 5515//5515 5516//5516
f 5452//5452 5517//5517 5487//5487
f 5452//5452 5518//5518 5517//5517
f 5487//5487 5517//5517 5519//5519
f 5519//5519 5517//5517 5520//5520
f 5520//5520 5517//5517 5521//5521
f 5451//5451 5518//5518 5452//5452
f 5451//5451 5522//5522 5518//5518
f 5517//5517 5523//5523 5521//5521
f 5517//5517 5518//5518 5522//5522
f 5517//5517 5522//5522 5523//5523
f 5451//5451 5524//5524 5522//5522
f 5521//5521 5523//5523 5525//5525
f 5523//5523 5526//5526 5525//5525
f 5522//5522 5527//5527 5523//5523
f 5523//5523 5527//5527 5526//5526
f 5525//5525 5526//5526 5528//5528
f 5526//5526 5529//5529 5528//5528
f 5526//5526 5530//5530 5529//5529
f 5529//5529 5530//5530 5531//5531
f 5460//5460 5459//5459 5532//5532
f 5460//5460 5532//5532 5461//5461
f 5451//5451 5461//5461 5524//5524
f 5514//5514 5533//5533 5515//5515
f 5515//5515 5534//5534 5535//5535
f 5459//5459 5516//5516 5532//5532
f 5461//5461 5532//5532 5536//5536
f 5461//5461 5536//5536 5537//5537
f 5532//5532 5538//5538 5536//5536
f 5532//5532 5516//5516 5538//5538
f 5515//5515 5535//5535 5516//5516
f 5535//5535 5538//5538 5516//5516
f 5536//5536 5538//5538 5539//5539
f 5522//5522 5524//5524 5527//5527
f 5461//5461 5537//5537 5540//5540
f 5461//5461 5540//5540 5524//5524
f 5537//5537 5541//5541 5540//5540
f 5527//5527 5524//5524 5526//5526
f 5526//5526 5524//5524 5530//5530
f 5524//5524 5542//5542 5530//5530
f 5524//5524 5540//5540 5542//5542
f 5540//5540 5541//5541 5543//5543
f 5540//5540 5543//5543 5542//5542
f 5541//5541 5539//5539 5544//5544
f 5531//5531 5530//5530 5545//5545
f 5530//5530 5543//5543 5546//5546
f 5545//5545 5530//5530 5547//5547
f 5547//5547 5530//5530 5546//5546
f 5546//5546 5543//5543 5548//5548
f 5548//5548 5543//5543 5549//5549
f 5549//5549 5543//5543 5550//5550
f 5542//5542 5543//5543 5530//5530
f 5550//5550 5543//5543 5544//5544
f 5541//5541 5544//5544 5543//5543
f 5536//5536 5541//5541 5537//5537
f 5536//5536 5539//5539 5541//5541
f 5515//5515 5533//5533 5551//5551
f 5515//5515 5552//5552 5534//5534
f 5515//5515 5551//5551 5552//5552
f 5535//5535 5534//5534 5538//5538
f 5538//5538 5534//5534 5539//5539
f 5551//5551 5553//5553 5552//5552
f 5553//5553 5554//5554 5552//5552
f 5554//5554 5555//5555 5552//5552
f 5552//5552 5555//5555 5556//5556
f 5552//5552 5556//5556 5544//5544
f 5534//5534 5552//5552 5557//5557
f 5534//5534 5557//5557 5539//5539
f 5552//5552 5544//5544 5557//5557
f 5557//5557 5544//5544 5539//5539
f 5556//5556 5550//5550 5544//5544
f 5558//5558 5559//5559 5560//5560
f 5558//5558 5560//5560 5561//5561
f 5558//5558 5561//5561 5562//5562
f 5558//5558 5563//5563 5559//5559
f 5558//5558 5562//5562 5564//5564
f 5558//5558 5565//5565 5563//5563
f 5558//5558 5564//5564 5566//5566
f 5558//5558 5566//5566 5567//5567
f 5558//5558 5567//5567 5565//5565
f 5568//5568 5569//5569 5570//5570
f 5569//5569 5571//5571 5570//5570
f 5572//5572 5570//5570 5571//5571
f 5568//5568 5570//5570 5573//5573
f 5572//5572 5574//5574 5570//5570
f 5574//5574 5575//5575 5570//5570
f 5575//5575 5576//5576 5570//5570
f 5577//5577 5568//5568 5578//5578
f 5578//5578 5568//5568 5579//5579
f 5580//5580 5568//5568 5581//5581
f 5577//5577 5582//5582 5568//5568
f 5568//5568 5582//5582 5569//5569
f 5568//5568 5583//5583 5581//5581
f 5568//5568 5584//5584 5583//5583
f 5580//5580 5585//5585 5568//5568
f 5568//5568 5586//5586 5579//5579
f 5586//5586 5585//5585 5587//5587
f 5586//5586 5587//5587 5588//5588
f 5568//5568 5585//5585 5586//5586
f 5587//5587 5589//5589 5588//5588
f 5568//5568 5573//5573 5584//5584
f 5590//5590 5591//5591 5570//5570
f 5576//5576 5590//5590 5570//5570
f 5591//5591 5592//5592 5570//5570
f 5593//5593 5594//5594 5591//5591
f 5593//5593 5591//5591 5595//5595
f 5590//5590 5596//5596 5591//5591
f 5596//5596 5597//5597 5591//5591
f 5597//5597 5598//5598 5591//5591
f 5595//5595 5591//5591 5599//5599
f 5598//5598 5599//5599 5591//5591
f 5594//5594 5600//5600 5591//5591
f 5591//5591 5601//5601 5602//5602
f 5603//5603 5604//5604 5605//5605
f 5604//5604 5606//5606 5605//5605
f 5603//5603 5607//5607 5604//5604
f 5608//5608 5604//5604 5607//5607
f 5608//5608 5609//5609 5604//5604
f 5604//5604 5609//5609 5610//5610
f 5604//5604 5611//5611 5606//5606
f 5604//5604 5612//5612 5611//5611
f 5604//5604 5613//5613 5612//5612
f 5604//5604 5614//5614 5613//5613
f 5604//5604 5610//5610 5614//5614
f 5610//5610 5615//5615 5614//5614
f 5615//5615 5616//5616 5614//5614
f 5612//5612 5613//5613 5617//5617
f 5618//5618 5613//5613 5619//5619
f 5617//5617 5613//5613 5618//5618
f 5594//5594 5619//5619 5600//5600
f 5613//5613 5600//5600 5619//5619
f 5613//5613 5620//5620 5600//5600
f 5613//5613 5614//5614 5620//5620
f 5591//5591 5600//5600 5601//5601
f 5600//5600 5621//5621 5601//5601
f 5570//5570 5622//5622 5623//5623
f 5570//5570 5623//5623 5573//5573
f 5570//5570 5624//5624 5622//5622
f 5622//5622 5624//5624 5625//5625
f 5625//5625 5624//5624 5626//5626
f 5627//5627 5626//5626 5624//5624
f 5627//5627 5624//5624 5628//5628
f 5628//5628 5624//5624 5629//5629
f 5624//5624 5630//5630 5629//5629
f 5624//5624 5631//5631 5630//5630
f 5570//5570 5632//5632 5624//5624
f 5624//5624 5633//5633 5634//5634
f 5624//5624 5634//5634 5631//5631
f 5624//5624 5635//5635 5633//5633
f 5631//5631 5636//5636 5630//5630
f 5624//5624 5632//5632 5635//5635
f 5570//5570 5592//5592 5632//5632
f 5592//5592 5602//5602 5632//5632
f 5591//5591 5602//5602 5592//5592
f 5601//5601 5621//5621 5602//5602
f 5602//5602 5637//5637 5632//5632
f 5635//5635 5632//5632 5638//5638
f 5632//5632 5639//5639 5638//5638
f 5632//5632 5640//5640 5639//5639
f 5632//5632 5641//5641 5640//5640
f 5642//5642 5643//5643 5614//5614
f 5644//5644 5643//5643 5645//5645
f 5642//5642 5645//5645 5643//5643
f 5646//5646 5647//5647 5644//5644
f 5644//5644 5647//5647 5643//5643
f 5646//5646 5648//5648 5647//5647
f 5643//5643 5647//5647 5649//5649
f 5643//5643 5649//5649 5650//5650
f 5651//5651 5642//5642 5614//5614
f 5651//5651 5614//5614 5616//5616
f 5652//5652 5653//5653 5614//5614
f 5652//5652 5614//5614 5650//5650
f 5653//5653 5654//5654 5614//5614
f 5654//5654 5655//5655 5614//5614
f 5643//5643 5650//5650 5614//5614
f 5656//5656 5657//5657 5620//5620
f 5657//5657 5637//5637 5620//5620
f 5657//5657 5658//5658 5637//5637
f 5655//5655 5620//5620 5614//5614
f 5655//5655 5659//5659 5620//5620
f 5659//5659 5660//5660 5620//5620
f 5660//5660 5661//5661 5620//5620
f 5661//5661 5662//5662 5620//5620
f 5662//5662 5663//5663 5620//5620
f 5663//5663 5656//5656 5620//5620
f 5600//5600 5620//5620 5637//5637
f 5600//5600 5637//5637 5621//5621
f 5602//5602 5621//5621 5637//5637
f 5632//5632 5637//5637 5641//5641
f 5641//5641 5637//5637 5658//5658
